[
 {
  "fields": {
   "end": "2011-08-08",
   "name": "1114",
   "start": "2011-05-09"
  },
  "model": "coredata.semester",
  "pk": 1
 },
 {
  "fields": {
   "end": "2011-12-05",
   "name": "1117",
   "start": "2011-09-06"
  },
  "model": "coredata.semester",
  "pk": 2
 },
 {
  "fields": {
   "end": "2012-04-11",
   "name": "1121",
   "start": "2012-01-05"
  },
  "model": "coredata.semester",
  "pk": 3
 },
 {
  "fields": {
   "end": "2012-08-03",
   "name": "1124",
   "start": "2012-05-07"
  },
  "model": "coredata.semester",
  "pk": 4
 },
 {
  "fields": {
   "end": "2012-12-03",
   "name": "1127",
   "start": "2012-09-04"
  },
  "model": "coredata.semester",
  "pk": 5
 },
 {
  "fields": {
   "end": "2013-04-12",
   "name": "1131",
   "start": "2013-01-07"
  },
  "model": "coredata.semester",
  "pk": 6
 },
 {
  "fields": {
   "end": "2013-08-02",
   "name": "1134",
   "start": "2013-05-06"
  },
  "model": "coredata.semester",
  "pk": 7
 },
 {
  "fields": {
   "monday": "2011-05-09",
   "semester": 1,
   "week": 1
  },
  "model": "coredata.semesterweek",
  "pk": 1
 },
 {
  "fields": {
   "monday": "2011-09-05",
   "semester": 2,
   "week": 1
  },
  "model": "coredata.semesterweek",
  "pk": 2
 },
 {
  "fields": {
   "monday": "2012-01-09",
   "semester": 3,
   "week": 1
  },
  "model": "coredata.semesterweek",
  "pk": 3
 },
 {
  "fields": {
   "monday": "2012-02-20",
   "semester": 3,
   "week": 6
  },
  "model": "coredata.semesterweek",
  "pk": 4
 },
 {
  "fields": {
   "monday": "2012-05-07",
   "semester": 4,
   "week": 1
  },
  "model": "coredata.semesterweek",
  "pk": 5
 },
 {
  "fields": {
   "monday": "2012-09-03",
   "semester": 5,
   "week": 1
  },
  "model": "coredata.semesterweek",
  "pk": 6
 },
 {
  "fields": {
   "monday": "2013-01-07",
   "semester": 6,
   "week": 1
  },
  "model": "coredata.semesterweek",
  "pk": 7
 },
 {
  "fields": {
   "monday": "2013-02-25",
   "semester": 6,
   "week": 7
  },
  "model": "coredata.semesterweek",
  "pk": 8
 },
 {
  "fields": {
   "monday": "2013-05-06",
   "semester": 7,
   "week": 1
  },
  "model": "coredata.semesterweek",
  "pk": 9
 },
 {
  "fields": {
   "campus": "BRNBY",
   "class_nbr": 6617,
   "component": "LEC",
   "config": "{\"url\": \"http://www.cs.sfu.ca/CC/165/common/\", \"taemail\": \"cmpt-165-contact@sfu.ca\", \"labtut\": true}",
   "course": 1,
   "crse_id": 11459,
   "enrl_cap": 100,
   "enrl_tot": 100,
   "graded": true,
   "number": "383",
   "owner": 2,
   "section": "D100",
   "semester": 4,
   "slug": "2012su-cmpt-383-d1",
   "subject": "CMPT",
   "title": "Programming Langs.",
   "wait_tot": 24
  },
  "model": "coredata.courseoffering",
  "pk": 17
 },
 {
  "fields": {
   "campus": "VANCR",
   "class_nbr": 6734,
   "component": "LEC",
   "config": "{}",
   "course": 8,
   "crse_id": 11374,
   "enrl_cap": 65,
   "enrl_tot": 65,
   "graded": true,
   "number": "470",
   "owner": 2,
   "section": "E100",
   "semester": 4,
   "slug": "2012su-cmpt-470-e1",
   "subject": "CMPT",
   "title": "Web-Based Info Syst",
   "wait_tot": 2
  },
  "model": "coredata.courseoffering",
  "pk": 20
 },
 {
  "fields": {
   "campus": "BRNBY",
   "class_nbr": 6622,
   "component": "LEC",
   "config": "{}",
   "course": 2,
   "crse_id": 11373,
   "enrl_cap": 55,
   "enrl_tot": 37,
   "graded": true,
   "number": "471",
   "owner": 2,
   "section": "D100",
   "semester": 4,
   "slug": "2012su-cmpt-471-d1",
   "subject": "CMPT",
   "title": "Networking II",
   "wait_tot": 0
  },
  "model": "coredata.courseoffering",
  "pk": 18
 },
 {
  "fields": {
   "campus": "BRNBY",
   "class_nbr": 6623,
   "component": "CAN",
   "config": "{}",
   "course": 7,
   "crse_id": 15074,
   "enrl_cap": 25,
   "enrl_tot": 0,
   "graded": true,
   "number": "477",
   "owner": 2,
   "section": "D100",
   "semester": 4,
   "slug": "2012su-cmpt-477-d1",
   "subject": "CMPT",
   "title": "Intro to Formal Verification",
   "wait_tot": 0
  },
  "model": "coredata.courseoffering",
  "pk": 19
 },
 {
  "fields": {
   "campus": "BRNBY",
   "class_nbr": 8198,
   "component": "LEC",
   "config": "{}",
   "course": 7,
   "crse_id": 15074,
   "enrl_cap": 40,
   "enrl_tot": 33,
   "graded": true,
   "number": "477",
   "owner": 2,
   "section": "D200",
   "semester": 4,
   "slug": "2012su-cmpt-477-d2",
   "subject": "CMPT",
   "title": "Intro to Formal Verification",
   "wait_tot": 1
  },
  "model": "coredata.courseoffering",
  "pk": 15
 },
 {
  "fields": {
   "campus": "BRNBY",
   "class_nbr": 3407,
   "component": "CAN",
   "config": "{}",
   "course": 6,
   "crse_id": 15800,
   "enrl_cap": 88,
   "enrl_tot": 0,
   "graded": true,
   "number": "215",
   "owner": 3,
   "section": "D100",
   "semester": 4,
   "slug": "2012su-ensc-215-d1",
   "subject": "ENSC",
   "title": "Microcontrollers/Assembly Prog",
   "wait_tot": 0
  },
  "model": "coredata.courseoffering",
  "pk": 10
 },
 {
  "fields": {
   "campus": "BRNBY",
   "class_nbr": 8279,
   "component": "LEC",
   "config": "{}",
   "course": 6,
   "crse_id": 15800,
   "enrl_cap": 88,
   "enrl_tot": 78,
   "graded": true,
   "number": "215",
   "owner": 3,
   "section": "D200",
   "semester": 4,
   "slug": "2012su-ensc-215-d2",
   "subject": "ENSC",
   "title": "Microcontrollers/Assembly Prog",
   "wait_tot": 2
  },
  "model": "coredata.courseoffering",
  "pk": 16
 },
 {
  "fields": {
   "campus": "BRNBY",
   "class_nbr": 3373,
   "component": "LEC",
   "config": "{}",
   "course": 5,
   "crse_id": 8150,
   "enrl_cap": 80,
   "enrl_tot": 79,
   "graded": true,
   "number": "225",
   "owner": 3,
   "section": "D100",
   "semester": 4,
   "slug": "2012su-ensc-225-d1",
   "subject": "ENSC",
   "title": "Microelectronics I",
   "wait_tot": 0
  },
  "model": "coredata.courseoffering",
  "pk": 8
 },
 {
  "fields": {
   "campus": "BRNBY",
   "class_nbr": 3377,
   "component": "SEC",
   "config": "{}",
   "course": 4,
   "crse_id": 8126,
   "enrl_cap": 50,
   "enrl_tot": 34,
   "graded": true,
   "number": "295",
   "owner": 3,
   "section": "D100",
   "semester": 4,
   "slug": "2012su-ensc-295-d1",
   "subject": "ENSC",
   "title": "Industrial Internship II",
   "wait_tot": 0
  },
  "model": "coredata.courseoffering",
  "pk": 9
 },
 {
  "fields": {
   "campus": "OFFST",
   "class_nbr": 3439,
   "component": "SEC",
   "config": "{}",
   "course": 4,
   "crse_id": 8126,
   "enrl_cap": 20,
   "enrl_tot": 18,
   "graded": true,
   "number": "295",
   "owner": 3,
   "section": "D200",
   "semester": 4,
   "slug": "2012su-ensc-295-d2",
   "subject": "ENSC",
   "title": "Industrial Internship II",
   "wait_tot": 0
  },
  "model": "coredata.courseoffering",
  "pk": 11
 },
 {
  "fields": {
   "campus": "SURRY",
   "class_nbr": 3487,
   "component": "SEC",
   "config": "{}",
   "course": 4,
   "crse_id": 8126,
   "enrl_cap": 50,
   "enrl_tot": 8,
   "graded": true,
   "number": "295",
   "owner": 3,
   "section": "D300",
   "semester": 4,
   "slug": "2012su-ensc-295-d3",
   "subject": "ENSC",
   "title": "Industrial Internship II",
   "wait_tot": 0
  },
  "model": "coredata.courseoffering",
  "pk": 12
 },
 {
  "fields": {
   "campus": "OFFST",
   "class_nbr": 3531,
   "component": "SEC",
   "config": "{}",
   "course": 4,
   "crse_id": 8126,
   "enrl_cap": 10,
   "enrl_tot": 3,
   "graded": true,
   "number": "295",
   "owner": 3,
   "section": "D400",
   "semester": 4,
   "slug": "2012su-ensc-295-d4",
   "subject": "ENSC",
   "title": "Industrial Internship II",
   "wait_tot": 0
  },
  "model": "coredata.courseoffering",
  "pk": 13
 },
 {
  "fields": {
   "campus": "SURRY",
   "class_nbr": 15636,
   "component": "LEC",
   "config": "{}",
   "course": 1,
   "crse_id": 11459,
   "enrl_cap": 24,
   "enrl_tot": 23,
   "graded": true,
   "number": "383",
   "owner": 2,
   "section": "D100",
   "semester": 3,
   "slug": "2012sp-cmpt-383-d1",
   "subject": "CMPT",
   "title": "Programming Langs.",
   "wait_tot": 0
  },
  "model": "coredata.courseoffering",
  "pk": 1
 },
 {
  "fields": {
   "campus": "VANCR",
   "class_nbr": 13809,
   "component": "CAN",
   "config": "{}",
   "course": 1,
   "crse_id": 11459,
   "enrl_cap": 75,
   "enrl_tot": 0,
   "graded": true,
   "number": "383",
   "owner": 2,
   "section": "E100",
   "semester": 3,
   "slug": "2012sp-cmpt-383-e1",
   "subject": "CMPT",
   "title": "Programming Langs.",
   "wait_tot": 0
  },
  "model": "coredata.courseoffering",
  "pk": 25
 },
 {
  "fields": {
   "campus": "VANCR",
   "class_nbr": 16977,
   "component": "LEC",
   "config": "{}",
   "course": 1,
   "crse_id": 11459,
   "enrl_cap": 70,
   "enrl_tot": 66,
   "graded": true,
   "number": "383",
   "owner": 2,
   "section": "E200",
   "semester": 3,
   "slug": "2012sp-cmpt-383-e2",
   "subject": "CMPT",
   "title": "Programming Langs.",
   "wait_tot": 0
  },
  "model": "coredata.courseoffering",
  "pk": 21
 },
 {
  "fields": {
   "campus": "BRNBY",
   "class_nbr": 13762,
   "component": "LEC",
   "config": "{}",
   "course": 8,
   "crse_id": 11374,
   "enrl_cap": 65,
   "enrl_tot": 59,
   "graded": true,
   "number": "470",
   "owner": 2,
   "section": "E100",
   "semester": 3,
   "slug": "2012sp-cmpt-470-e1",
   "subject": "CMPT",
   "title": "Web-Based Info Syst",
   "wait_tot": 0
  },
  "model": "coredata.courseoffering",
  "pk": 22
 },
 {
  "fields": {
   "campus": "SURRY",
   "class_nbr": 15637,
   "component": "LEC",
   "config": "{}",
   "course": 2,
   "crse_id": 11373,
   "enrl_cap": 8,
   "enrl_tot": 8,
   "graded": true,
   "number": "471",
   "owner": 2,
   "section": "D100",
   "semester": 3,
   "slug": "2012sp-cmpt-471-d1",
   "subject": "CMPT",
   "title": "Networking II",
   "wait_tot": 0
  },
  "model": "coredata.courseoffering",
  "pk": 2
 },
 {
  "fields": {
   "campus": "VANCR",
   "class_nbr": 13810,
   "component": "LEC",
   "config": "{}",
   "course": 2,
   "crse_id": 11373,
   "enrl_cap": 40,
   "enrl_tot": 26,
   "graded": true,
   "number": "471",
   "owner": 2,
   "section": "E100",
   "semester": 3,
   "slug": "2012sp-cmpt-471-e1",
   "subject": "CMPT",
   "title": "Networking II",
   "wait_tot": 0
  },
  "model": "coredata.courseoffering",
  "pk": 26
 },
 {
  "fields": {
   "campus": "SURRY",
   "class_nbr": 15638,
   "component": "LEC",
   "config": "{}",
   "course": 3,
   "crse_id": 16027,
   "enrl_cap": 30,
   "enrl_tot": 22,
   "graded": true,
   "number": "473",
   "owner": 2,
   "section": "D100",
   "semester": 3,
   "slug": "2012sp-cmpt-473-d1",
   "subject": "CMPT",
   "title": "Software Quality Assurance",
   "wait_tot": 0
  },
  "model": "coredata.courseoffering",
  "pk": 3
 },
 {
  "fields": {
   "campus": "BRNBY",
   "class_nbr": 13764,
   "component": "LEC",
   "config": "{}",
   "course": 9,
   "crse_id": 11372,
   "enrl_cap": 35,
   "enrl_tot": 26,
   "graded": true,
   "number": "475",
   "owner": 2,
   "section": "D100",
   "semester": 3,
   "slug": "2012sp-cmpt-475-d1",
   "subject": "CMPT",
   "title": "Software Engineering II",
   "wait_tot": 0
  },
  "model": "coredata.courseoffering",
  "pk": 23
 },
 {
  "fields": {
   "campus": "BRNBY",
   "class_nbr": 6768,
   "component": "CAN",
   "config": "{}",
   "course": 5,
   "crse_id": 8150,
   "enrl_cap": 90,
   "enrl_tot": 0,
   "graded": true,
   "number": "225",
   "owner": 3,
   "section": "D100",
   "semester": 3,
   "slug": "2012sp-ensc-225-d1",
   "subject": "ENSC",
   "title": "Microelectronics I",
   "wait_tot": 0
  },
  "model": "coredata.courseoffering",
  "pk": 5
 },
 {
  "fields": {
   "campus": "BRNBY",
   "class_nbr": 17044,
   "component": "LEC",
   "config": "{}",
   "course": 5,
   "crse_id": 8150,
   "enrl_cap": 90,
   "enrl_tot": 65,
   "graded": true,
   "number": "225",
   "owner": 3,
   "section": "D200",
   "semester": 3,
   "slug": "2012sp-ensc-225-d2",
   "subject": "ENSC",
   "title": "Microelectronics I",
   "wait_tot": 0
  },
  "model": "coredata.courseoffering",
  "pk": 24
 },
 {
  "fields": {
   "campus": "BRNBY",
   "class_nbr": 6680,
   "component": "SEC",
   "config": "{}",
   "course": 4,
   "crse_id": 8126,
   "enrl_cap": 25,
   "enrl_tot": 26,
   "graded": true,
   "number": "295",
   "owner": 3,
   "section": "D100",
   "semester": 3,
   "slug": "2012sp-ensc-295-d1",
   "subject": "ENSC",
   "title": "Industrial Internship II",
   "wait_tot": 0
  },
  "model": "coredata.courseoffering",
  "pk": 4
 },
 {
  "fields": {
   "campus": "OFFST",
   "class_nbr": 6922,
   "component": "SEC",
   "config": "{}",
   "course": 4,
   "crse_id": 8126,
   "enrl_cap": 10,
   "enrl_tot": 5,
   "graded": true,
   "number": "295",
   "owner": 3,
   "section": "D200",
   "semester": 3,
   "slug": "2012sp-ensc-295-d2",
   "subject": "ENSC",
   "title": "Industrial Internship II",
   "wait_tot": 0
  },
  "model": "coredata.courseoffering",
  "pk": 6
 },
 {
  "fields": {
   "campus": "SURRY",
   "class_nbr": 1713,
   "component": "SEC",
   "config": "{}",
   "course": 4,
   "crse_id": 8126,
   "enrl_cap": 25,
   "enrl_tot": 23,
   "graded": true,
   "number": "295",
   "owner": 3,
   "section": "D300",
   "semester": 3,
   "slug": "2012sp-ensc-295-d3",
   "subject": "ENSC",
   "title": "Industrial Internship II",
   "wait_tot": 0
  },
  "model": "coredata.courseoffering",
  "pk": 14
 },
 {
  "fields": {
   "campus": "OFFST",
   "class_nbr": 6992,
   "component": "SEC",
   "config": "{}",
   "course": 4,
   "crse_id": 8126,
   "enrl_cap": 10,
   "enrl_tot": 9,
   "graded": true,
   "number": "295",
   "owner": 3,
   "section": "D400",
   "semester": 3,
   "slug": "2012sp-ensc-295-d4",
   "subject": "ENSC",
   "title": "Industrial Internship II",
   "wait_tot": 0
  },
  "model": "coredata.courseoffering",
  "pk": 7
 },
 {
  "fields": {
   "end_day": "2012-08-03",
   "end_time": "13:20:00",
   "exam": false,
   "labtut_section": null,
   "meeting_type": "LEC",
   "offering": 17,
   "room": "AQ3154",
   "start_day": "2012-05-07",
   "start_time": "12:30:00",
   "weekday": 0
  },
  "model": "coredata.meetingtime",
  "pk": 1
 },
 {
  "fields": {
   "end_day": "2012-08-03",
   "end_time": "20:20:00",
   "exam": false,
   "labtut_section": null,
   "meeting_type": "LEC",
   "offering": 20,
   "room": "HCC1700",
   "start_day": "2012-05-07",
   "start_time": "17:30:00",
   "weekday": 0
  },
  "model": "coredata.meetingtime",
  "pk": 5
 },
 {
  "fields": {
   "end_day": "2012-08-13",
   "end_time": "22:00:00",
   "exam": false,
   "labtut_section": null,
   "meeting_type": "EXAM",
   "offering": 20,
   "room": "",
   "start_day": "2012-08-13",
   "start_time": "19:00:00",
   "weekday": 0
  },
  "model": "coredata.meetingtime",
  "pk": 6
 },
 {
  "fields": {
   "end_day": "2012-08-03",
   "end_time": "10:20:00",
   "exam": false,
   "labtut_section": null,
   "meeting_type": "LEC",
   "offering": 18,
   "room": "AQ3005",
   "start_day": "2012-05-07",
   "start_time": "09:30:00",
   "weekday": 0
  },
  "model": "coredata.meetingtime",
  "pk": 7
 },
 {
  "fields": {
   "end_day": "2012-04-11",
   "end_time": "20:20:00",
   "exam": false,
   "labtut_section": null,
   "meeting_type": "LEC",
   "offering": 22,
   "room": "RCB8100",
   "start_day": "2012-01-05",
   "start_time": "17:30:00",
   "weekday": 0
  },
  "model": "coredata.meetingtime",
  "pk": 27
 },
 {
  "fields": {
   "end_day": "2012-04-11",
   "end_time": "12:20:00",
   "exam": false,
   "labtut_section": null,
   "meeting_type": "LEC",
   "offering": 2,
   "room": "SUR5380",
   "start_day": "2012-01-05",
   "start_time": "11:30:00",
   "weekday": 0
  },
  "model": "coredata.meetingtime",
  "pk": 29
 },
 {
  "fields": {
   "end_day": "2012-04-16",
   "end_time": "11:30:00",
   "exam": false,
   "labtut_section": null,
   "meeting_type": "EXAM",
   "offering": 2,
   "room": "SUR5380",
   "start_day": "2012-04-16",
   "start_time": "08:30:00",
   "weekday": 0
  },
  "model": "coredata.meetingtime",
  "pk": 32
 },
 {
  "fields": {
   "end_day": "2012-04-11",
   "end_time": "18:20:00",
   "exam": false,
   "labtut_section": null,
   "meeting_type": "LEC",
   "offering": 24,
   "room": "AQ3154",
   "start_day": "2012-01-05",
   "start_time": "16:30:00",
   "weekday": 0
  },
  "model": "coredata.meetingtime",
  "pk": 41
 },
 {
  "fields": {
   "end_day": "2012-04-11",
   "end_time": "17:00:00",
   "exam": false,
   "labtut_section": null,
   "meeting_type": "LEC",
   "offering": 14,
   "room": "",
   "start_day": "2012-01-05",
   "start_time": "08:00:00",
   "weekday": 0
  },
  "model": "coredata.meetingtime",
  "pk": 45
 },
 {
  "fields": {
   "end_day": "2012-08-07",
   "end_time": "18:30:00",
   "exam": false,
   "labtut_section": null,
   "meeting_type": "EXAM",
   "offering": 17,
   "room": "",
   "start_day": "2012-08-07",
   "start_time": "15:30:00",
   "weekday": 1
  },
  "model": "coredata.meetingtime",
  "pk": 4
 },
 {
  "fields": {
   "end_day": "2012-08-03",
   "end_time": "17:20:00",
   "exam": false,
   "labtut_section": null,
   "meeting_type": "LEC",
   "offering": 15,
   "room": "WMC3210",
   "start_day": "2012-06-26",
   "start_time": "14:30:00",
   "weekday": 1
  },
  "model": "coredata.meetingtime",
  "pk": 11
 },
 {
  "fields": {
   "end_day": "2012-08-14",
   "end_time": "15:00:00",
   "exam": false,
   "labtut_section": null,
   "meeting_type": "EXAM",
   "offering": 15,
   "room": "",
   "start_day": "2012-08-14",
   "start_time": "12:00:00",
   "weekday": 1
  },
  "model": "coredata.meetingtime",
  "pk": 13
 },
 {
  "fields": {
   "end_day": "2012-08-03",
   "end_time": "10:20:00",
   "exam": false,
   "labtut_section": null,
   "meeting_type": "LEC",
   "offering": 16,
   "room": "AQ3005",
   "start_day": "2012-05-07",
   "start_time": "08:30:00",
   "weekday": 1
  },
  "model": "coredata.meetingtime",
  "pk": 14
 },
 {
  "fields": {
   "end_day": "2012-08-03",
   "end_time": "13:20:00",
   "exam": false,
   "labtut_section": "D201",
   "meeting_type": "LAB",
   "offering": 16,
   "room": "AQ3005",
   "start_day": "2012-05-07",
   "start_time": "12:30:00",
   "weekday": 1
  },
  "model": "coredata.meetingtime",
  "pk": 17
 },
 {
  "fields": {
   "end_day": "2012-08-03",
   "end_time": "14:20:00",
   "exam": false,
   "labtut_section": null,
   "meeting_type": "LEC",
   "offering": 8,
   "room": "AQ3182",
   "start_day": "2012-05-07",
   "start_time": "13:30:00",
   "weekday": 1
  },
  "model": "coredata.meetingtime",
  "pk": 18
 },
 {
  "fields": {
   "end_day": "2012-08-03",
   "end_time": "15:20:00",
   "exam": false,
   "labtut_section": "D101",
   "meeting_type": "LAB",
   "offering": 8,
   "room": "AQ3182",
   "start_day": "2012-05-07",
   "start_time": "14:30:00",
   "weekday": 1
  },
  "model": "coredata.meetingtime",
  "pk": 21
 },
 {
  "fields": {
   "end_day": "2012-04-11",
   "end_time": "16:20:00",
   "exam": false,
   "labtut_section": null,
   "meeting_type": "LEC",
   "offering": 1,
   "room": "SUR3120",
   "start_day": "2012-01-05",
   "start_time": "14:30:00",
   "weekday": 1
  },
  "model": "coredata.meetingtime",
  "pk": 22
 },
 {
  "fields": {
   "end_day": "2012-04-17",
   "end_time": "18:30:00",
   "exam": false,
   "labtut_section": null,
   "meeting_type": "EXAM",
   "offering": 1,
   "room": "SUR3280",
   "start_day": "2012-04-17",
   "start_time": "15:30:00",
   "weekday": 1
  },
  "model": "coredata.meetingtime",
  "pk": 24
 },
 {
  "fields": {
   "end_day": "2012-04-11",
   "end_time": "20:20:00",
   "exam": false,
   "labtut_section": null,
   "meeting_type": "LEC",
   "offering": 26,
   "room": "HCC1800",
   "start_day": "2012-01-05",
   "start_time": "17:30:00",
   "weekday": 1
  },
  "model": "coredata.meetingtime",
  "pk": 33
 },
 {
  "fields": {
   "end_day": "2012-04-11",
   "end_time": "17:20:00",
   "exam": false,
   "labtut_section": null,
   "meeting_type": "LEC",
   "offering": 3,
   "room": "SUR3170",
   "start_day": "2012-01-05",
   "start_time": "16:30:00",
   "weekday": 1
  },
  "model": "coredata.meetingtime",
  "pk": 35
 },
 {
  "fields": {
   "end_day": "2012-04-11",
   "end_time": "17:20:00",
   "exam": false,
   "labtut_section": null,
   "meeting_type": "LEC",
   "offering": 23,
   "room": "BLU10021",
   "start_day": "2012-01-05",
   "start_time": "16:30:00",
   "weekday": 1
  },
  "model": "coredata.meetingtime",
  "pk": 38
 },
 {
  "fields": {
   "end_day": "2012-04-11",
   "end_time": "17:00:00",
   "exam": false,
   "labtut_section": null,
   "meeting_type": "LEC",
   "offering": 14,
   "room": "",
   "start_day": "2012-01-05",
   "start_time": "08:00:00",
   "weekday": 1
  },
  "model": "coredata.meetingtime",
  "pk": 46
 },
 {
  "fields": {
   "end_day": "2012-08-03",
   "end_time": "13:20:00",
   "exam": false,
   "labtut_section": null,
   "meeting_type": "LEC",
   "offering": 17,
   "room": "AQ3154",
   "start_day": "2012-05-07",
   "start_time": "12:30:00",
   "weekday": 2
  },
  "model": "coredata.meetingtime",
  "pk": 2
 },
 {
  "fields": {
   "end_day": "2012-08-03",
   "end_time": "10:20:00",
   "exam": false,
   "labtut_section": null,
   "meeting_type": "LEC",
   "offering": 18,
   "room": "AQ3005",
   "start_day": "2012-05-07",
   "start_time": "09:30:00",
   "weekday": 2
  },
  "model": "coredata.meetingtime",
  "pk": 8
 },
 {
  "fields": {
   "end_day": "2012-04-11",
   "end_time": "12:20:00",
   "exam": false,
   "labtut_section": null,
   "meeting_type": "LEC",
   "offering": 2,
   "room": "SUR5380",
   "start_day": "2012-01-05",
   "start_time": "11:30:00",
   "weekday": 2
  },
  "model": "coredata.meetingtime",
  "pk": 30
 },
 {
  "fields": {
   "end_day": "2012-04-18",
   "end_time": "22:00:00",
   "exam": false,
   "labtut_section": null,
   "meeting_type": "EXAM",
   "offering": 3,
   "room": "SUR3170",
   "start_day": "2012-04-18",
   "start_time": "19:00:00",
   "weekday": 2
  },
  "model": "coredata.meetingtime",
  "pk": 37
 },
 {
  "fields": {
   "end_day": "2012-04-11",
   "end_time": "17:20:00",
   "exam": false,
   "labtut_section": null,
   "meeting_type": "LEC",
   "offering": 24,
   "room": "AQ3154",
   "start_day": "2012-01-05",
   "start_time": "16:30:00",
   "weekday": 2
  },
  "model": "coredata.meetingtime",
  "pk": 42
 },
 {
  "fields": {
   "end_day": "2012-04-11",
   "end_time": "18:20:00",
   "exam": false,
   "labtut_section": "D201",
   "meeting_type": "LAB",
   "offering": 24,
   "room": "AQ3154",
   "start_day": "2012-01-05",
   "start_time": "17:30:00",
   "weekday": 2
  },
  "model": "coredata.meetingtime",
  "pk": 44
 },
 {
  "fields": {
   "end_day": "2012-04-11",
   "end_time": "17:00:00",
   "exam": false,
   "labtut_section": null,
   "meeting_type": "LEC",
   "offering": 14,
   "room": "",
   "start_day": "2012-01-05",
   "start_time": "08:00:00",
   "weekday": 2
  },
  "model": "coredata.meetingtime",
  "pk": 47
 },
 {
  "fields": {
   "end_day": "2012-08-03",
   "end_time": "17:20:00",
   "exam": false,
   "labtut_section": null,
   "meeting_type": "LEC",
   "offering": 15,
   "room": "WMC3210",
   "start_day": "2012-06-26",
   "start_time": "14:30:00",
   "weekday": 3
  },
  "model": "coredata.meetingtime",
  "pk": 12
 },
 {
  "fields": {
   "end_day": "2012-08-03",
   "end_time": "09:20:00",
   "exam": false,
   "labtut_section": null,
   "meeting_type": "LEC",
   "offering": 16,
   "room": "AQ3003",
   "start_day": "2012-05-07",
   "start_time": "08:30:00",
   "weekday": 3
  },
  "model": "coredata.meetingtime",
  "pk": 15
 },
 {
  "fields": {
   "end_day": "2012-08-03",
   "end_time": "14:20:00",
   "exam": false,
   "labtut_section": null,
   "meeting_type": "LEC",
   "offering": 8,
   "room": "AQ3003",
   "start_day": "2012-05-07",
   "start_time": "12:30:00",
   "weekday": 3
  },
  "model": "coredata.meetingtime",
  "pk": 19
 },
 {
  "fields": {
   "end_day": "2012-04-11",
   "end_time": "15:20:00",
   "exam": false,
   "labtut_section": null,
   "meeting_type": "LEC",
   "offering": 1,
   "room": "SUR3120",
   "start_day": "2012-01-05",
   "start_time": "14:30:00",
   "weekday": 3
  },
  "model": "coredata.meetingtime",
  "pk": 23
 },
 {
  "fields": {
   "end_day": "2012-04-11",
   "end_time": "20:20:00",
   "exam": false,
   "labtut_section": null,
   "meeting_type": "LEC",
   "offering": 21,
   "room": "HCC1700",
   "start_day": "2012-01-05",
   "start_time": "17:30:00",
   "weekday": 3
  },
  "model": "coredata.meetingtime",
  "pk": 25
 },
 {
  "fields": {
   "end_day": "2012-04-11",
   "end_time": "17:20:00",
   "exam": false,
   "labtut_section": null,
   "meeting_type": "LEC",
   "offering": 3,
   "room": "SUR3170",
   "start_day": "2012-01-05",
   "start_time": "15:30:00",
   "weekday": 3
  },
  "model": "coredata.meetingtime",
  "pk": 36
 },
 {
  "fields": {
   "end_day": "2012-04-11",
   "end_time": "17:20:00",
   "exam": false,
   "labtut_section": null,
   "meeting_type": "LEC",
   "offering": 23,
   "room": "BLU10021",
   "start_day": "2012-01-05",
   "start_time": "15:30:00",
   "weekday": 3
  },
  "model": "coredata.meetingtime",
  "pk": 39
 },
 {
  "fields": {
   "end_day": "2012-04-19",
   "end_time": "22:00:00",
   "exam": false,
   "labtut_section": null,
   "meeting_type": "EXAM",
   "offering": 24,
   "room": "WMC3260",
   "start_day": "2012-04-19",
   "start_time": "19:00:00",
   "weekday": 3
  },
  "model": "coredata.meetingtime",
  "pk": 43
 },
 {
  "fields": {
   "end_day": "2012-04-11",
   "end_time": "17:00:00",
   "exam": false,
   "labtut_section": null,
   "meeting_type": "LEC",
   "offering": 14,
   "room": "",
   "start_day": "2012-01-05",
   "start_time": "08:00:00",
   "weekday": 3
  },
  "model": "coredata.meetingtime",
  "pk": 48
 },
 {
  "fields": {
   "end_day": "2012-08-03",
   "end_time": "13:20:00",
   "exam": false,
   "labtut_section": null,
   "meeting_type": "LEC",
   "offering": 17,
   "room": "AQ3154",
   "start_day": "2012-05-07",
   "start_time": "12:30:00",
   "weekday": 4
  },
  "model": "coredata.meetingtime",
  "pk": 3
 },
 {
  "fields": {
   "end_day": "2012-08-03",
   "end_time": "10:20:00",
   "exam": false,
   "labtut_section": null,
   "meeting_type": "LEC",
   "offering": 18,
   "room": "AQ3005",
   "start_day": "2012-05-07",
   "start_time": "09:30:00",
   "weekday": 4
  },
  "model": "coredata.meetingtime",
  "pk": 9
 },
 {
  "fields": {
   "end_day": "2012-08-10",
   "end_time": "11:30:00",
   "exam": false,
   "labtut_section": null,
   "meeting_type": "EXAM",
   "offering": 18,
   "room": "",
   "start_day": "2012-08-10",
   "start_time": "08:30:00",
   "weekday": 4
  },
  "model": "coredata.meetingtime",
  "pk": 10
 },
 {
  "fields": {
   "end_day": "2012-04-11",
   "end_time": "12:20:00",
   "exam": false,
   "labtut_section": null,
   "meeting_type": "LEC",
   "offering": 2,
   "room": "SUR5380",
   "start_day": "2012-01-05",
   "start_time": "11:30:00",
   "weekday": 4
  },
  "model": "coredata.meetingtime",
  "pk": 31
 },
 {
  "fields": {
   "end_day": "2012-04-11",
   "end_time": "17:00:00",
   "exam": false,
   "labtut_section": null,
   "meeting_type": "LEC",
   "offering": 14,
   "room": "",
   "start_day": "2012-01-05",
   "start_time": "08:00:00",
   "weekday": 4
  },
  "model": "coredata.meetingtime",
  "pk": 49
 },
 {
  "fields": {
   "end_day": "2012-08-11",
   "end_time": "15:00:00",
   "exam": false,
   "labtut_section": null,
   "meeting_type": "EXAM",
   "offering": 16,
   "room": "",
   "start_day": "2012-08-11",
   "start_time": "12:00:00",
   "weekday": 5
  },
  "model": "coredata.meetingtime",
  "pk": 16
 },
 {
  "fields": {
   "end_day": "2012-08-11",
   "end_time": "18:30:00",
   "exam": false,
   "labtut_section": null,
   "meeting_type": "EXAM",
   "offering": 8,
   "room": "",
   "start_day": "2012-08-11",
   "start_time": "15:30:00",
   "weekday": 5
  },
  "model": "coredata.meetingtime",
  "pk": 20
 },
 {
  "fields": {
   "end_day": "2012-04-14",
   "end_time": "22:00:00",
   "exam": false,
   "labtut_section": null,
   "meeting_type": "EXAM",
   "offering": 21,
   "room": "HCC1900",
   "start_day": "2012-04-14",
   "start_time": "19:00:00",
   "weekday": 5
  },
  "model": "coredata.meetingtime",
  "pk": 26
 },
 {
  "fields": {
   "end_day": "2012-04-21",
   "end_time": "22:00:00",
   "exam": false,
   "labtut_section": null,
   "meeting_type": "EXAM",
   "offering": 22,
   "room": "AQ3153",
   "start_day": "2012-04-21",
   "start_time": "19:00:00",
   "weekday": 5
  },
  "model": "coredata.meetingtime",
  "pk": 28
 },
 {
  "fields": {
   "end_day": "2012-04-15",
   "end_time": "22:00:00",
   "exam": false,
   "labtut_section": null,
   "meeting_type": "EXAM",
   "offering": 26,
   "room": "HCC1600",
   "start_day": "2012-04-15",
   "start_time": "19:00:00",
   "weekday": 6
  },
  "model": "coredata.meetingtime",
  "pk": 34
 },
 {
  "fields": {
   "end_day": "2012-04-15",
   "end_time": "18:30:00",
   "exam": false,
   "labtut_section": null,
   "meeting_type": "EXAM",
   "offering": 23,
   "room": "AQ3159",
   "start_day": "2012-04-15",
   "start_time": "15:30:00",
   "weekday": 6
  },
  "model": "coredata.meetingtime",
  "pk": 40
 },
 {
  "fields": {
   "config": "{}",
   "emplid": 200000101,
   "first_name": "Gregory",
   "last_name": "Baker",
   "middle_name": "Garnet",
   "pref_first_name": "Gregory",
   "title": "Mr",
   "userid": "ggbaker"
  },
  "model": "coredata.person",
  "pk": 1
 },
 {
  "fields": {
   "config": "{}",
   "emplid": 200000102,
   "first_name": "Robert",
   "last_name": "Cameron",
   "middle_name": "Douglas",
   "pref_first_name": "Rob",
   "title": "Dr",
   "userid": "cameron"
  },
  "model": "coredata.person",
  "pk": 9
 },
 {
  "fields": {
   "config": "{}",
   "emplid": 200000103,
   "first_name": "Uwe",
   "last_name": "Glaesser",
   "middle_name": "Peter",
   "pref_first_name": "Uwe",
   "title": "Dr",
   "userid": "glaesser"
  },
  "model": "coredata.person",
  "pk": 10
 },
 {
  "fields": {
   "config": "{}",
   "emplid": 200000154,
   "first_name": "Ayiykqtd",
   "last_name": "Grad",
   "middle_name": "",
   "pref_first_name": "Ayiy",
   "title": null,
   "userid": "0bbbgrad"
  },
  "model": "coredata.person",
  "pk": 54
 },
 {
  "fields": {
   "config": "{}",
   "emplid": 200000511,
   "first_name": "Byrmdkwa",
   "last_name": "Grad",
   "middle_name": "",
   "pref_first_name": "Byrm",
   "title": null,
   "userid": "0sssgrad"
  },
  "model": "coredata.person",
  "pk": 411
 },
 {
  "fields": {
   "config": "{}",
   "emplid": 200000259,
   "first_name": "Cmmdnmzy",
   "last_name": "Grad",
   "middle_name": "",
   "pref_first_name": "Cmmd",
   "title": null,
   "userid": "0ggggrad"
  },
  "model": "coredata.person",
  "pk": 159
 },
 {
  "fields": {
   "config": "{}",
   "emplid": 200000175,
   "first_name": "Dbwpbvbr",
   "last_name": "Grad",
   "middle_name": "",
   "pref_first_name": "Dbwp",
   "title": null,
   "userid": "0cccgrad"
  },
  "model": "coredata.person",
  "pk": 75
 },
 {
  "fields": {
   "config": "{}",
   "emplid": 200000133,
   "first_name": "Dwhzdmgq",
   "last_name": "Grad",
   "middle_name": "",
   "pref_first_name": "Dwhz",
   "title": null,
   "userid": "0aaagrad"
  },
  "model": "coredata.person",
  "pk": 33
 },
 {
  "fields": {
   "config": "{}",
   "emplid": 200000574,
   "first_name": "Dwqboagn",
   "last_name": "Grad",
   "middle_name": "",
   "pref_first_name": "Dwqb",
   "title": null,
   "userid": "0vvvgrad"
  },
  "model": "coredata.person",
  "pk": 474
 },
 {
  "fields": {
   "config": "{}",
   "emplid": 200000616,
   "first_name": "Ebxgfiiu",
   "last_name": "Grad",
   "middle_name": "",
   "pref_first_name": "Ebxg",
   "title": null,
   "userid": "0xxxgrad"
  },
  "model": "coredata.person",
  "pk": 516
 },
 {
  "fields": {
   "config": "{}",
   "emplid": 200000322,
   "first_name": "Fdperhiv",
   "last_name": "Grad",
   "middle_name": "",
   "pref_first_name": "Fdpe",
   "title": null,
   "userid": "0jjjgrad"
  },
  "model": "coredata.person",
  "pk": 222
 },
 {
  "fields": {
   "config": "{}",
   "emplid": 200000637,
   "first_name": "Gydcxpnp",
   "last_name": "Grad",
   "middle_name": "",
   "pref_first_name": "Gydc",
   "title": null,
   "userid": "0yyygrad"
  },
  "model": "coredata.person",
  "pk": 537
 },
 {
  "fields": {
   "config": "{}",
   "emplid": 200000658,
   "first_name": "Hnhguusy",
   "last_name": "Grad",
   "middle_name": "",
   "pref_first_name": "Hnhg",
   "title": null,
   "userid": "0zzzgrad"
  },
  "model": "coredata.person",
  "pk": 558
 },
 {
  "fields": {
   "config": "{}",
   "emplid": 200000238,
   "first_name": "Ifjihfiv",
   "last_name": "Grad",
   "middle_name": "",
   "pref_first_name": "Ifji",
   "title": null,
   "userid": "0fffgrad"
  },
  "model": "coredata.person",
  "pk": 138
 },
 {
  "fields": {
   "config": "{}",
   "emplid": 200000595,
   "first_name": "Knujmmwo",
   "last_name": "Grad",
   "middle_name": "",
   "pref_first_name": "Knuj",
   "title": null,
   "userid": "0wwwgrad"
  },
  "model": "coredata.person",
  "pk": 495
 },
 {
  "fields": {
   "config": "{}",
   "emplid": 200000427,
   "first_name": "Lggiekle",
   "last_name": "Grad",
   "middle_name": "",
   "pref_first_name": "Lggi",
   "title": null,
   "userid": "0ooograd"
  },
  "model": "coredata.person",
  "pk": 327
 },
 {
  "fields": {
   "config": "{}",
   "emplid": 200000406,
   "first_name": "Lisjdyrq",
   "last_name": "Grad",
   "middle_name": "",
   "pref_first_name": "Lisj",
   "title": null,
   "userid": "0nnngrad"
  },
  "model": "coredata.person",
  "pk": 306
 },
 {
  "fields": {
   "config": "{}",
   "emplid": 200000490,
   "first_name": "Mhpmgpht",
   "last_name": "Grad",
   "middle_name": "",
   "pref_first_name": "Mhpm",
   "title": null,
   "userid": "0rrrgrad"
  },
  "model": "coredata.person",
  "pk": 390
 },
 {
  "fields": {
   "config": "{}",
   "emplid": 200000343,
   "first_name": "Mjcmiirj",
   "last_name": "Grad",
   "middle_name": "",
   "pref_first_name": "Mjcm",
   "title": null,
   "userid": "0kkkgrad"
  },
  "model": "coredata.person",
  "pk": 243
 },
 {
  "fields": {
   "config": "{}",
   "emplid": 200000553,
   "first_name": "Nqrosang",
   "last_name": "Grad",
   "middle_name": "",
   "pref_first_name": "Nqro",
   "title": null,
   "userid": "0uuugrad"
  },
  "model": "coredata.person",
  "pk": 453
 },
 {
  "fields": {
   "config": "{}",
   "emplid": 200000217,
   "first_name": "Nuctxaqi",
   "last_name": "Grad",
   "middle_name": "",
   "pref_first_name": "Nuct",
   "title": null,
   "userid": "0eeegrad"
  },
  "model": "coredata.person",
  "pk": 117
 },
 {
  "fields": {
   "config": "{}",
   "emplid": 200000301,
   "first_name": "Rwrfldjw",
   "last_name": "Grad",
   "middle_name": "",
   "pref_first_name": "Rwrf",
   "title": null,
   "userid": "0iiigrad"
  },
  "model": "coredata.person",
  "pk": 201
 },
 {
  "fields": {
   "config": "{}",
   "emplid": 200000364,
   "first_name": "Sgkxhdkb",
   "last_name": "Grad",
   "middle_name": "",
   "pref_first_name": "Sgkx",
   "title": null,
   "userid": "0lllgrad"
  },
  "model": "coredata.person",
  "pk": 264
 },
 {
  "fields": {
   "config": "{}",
   "emplid": 200000469,
   "first_name": "Tqwahrnv",
   "last_name": "Grad",
   "middle_name": "",
   "pref_first_name": "Tqwa",
   "title": null,
   "userid": "0qqqgrad"
  },
  "model": "coredata.person",
  "pk": 369
 },
 {
  "fields": {
   "config": "{}",
   "emplid": 200000196,
   "first_name": "Unfurjau",
   "last_name": "Grad",
   "middle_name": "",
   "pref_first_name": "Unfu",
   "title": null,
   "userid": "0dddgrad"
  },
  "model": "coredata.person",
  "pk": 96
 },
 {
  "fields": {
   "config": "{}",
   "emplid": 200000280,
   "first_name": "Wywyyfyc",
   "last_name": "Grad",
   "middle_name": "",
   "pref_first_name": "Wywy",
   "title": null,
   "userid": "0hhhgrad"
  },
  "model": "coredata.person",
  "pk": 180
 },
 {
  "fields": {
   "config": "{}",
   "emplid": 200000532,
   "first_name": "Xumrcvle",
   "last_name": "Grad",
   "middle_name": "",
   "pref_first_name": "Xumr",
   "title": null,
   "userid": "0tttgrad"
  },
  "model": "coredata.person",
  "pk": 432
 },
 {
  "fields": {
   "config": "{}",
   "emplid": 200000448,
   "first_name": "Yngozpwn",
   "last_name": "Grad",
   "middle_name": "",
   "pref_first_name": "Yngo",
   "title": null,
   "userid": "0pppgrad"
  },
  "model": "coredata.person",
  "pk": 348
 },
 {
  "fields": {
   "config": "{}",
   "emplid": 200000385,
   "first_name": "Zyspwvpg",
   "last_name": "Grad",
   "middle_name": "",
   "pref_first_name": "Zysp",
   "title": null,
   "userid": "0mmmgrad"
  },
  "model": "coredata.person",
  "pk": 285
 },
 {
  "fields": {
   "config": "{}",
   "emplid": 200000659,
   "first_name": "Douglas",
   "last_name": "Gradstudent",
   "middle_name": "",
   "pref_first_name": "Doug",
   "title": null,
   "userid": "0grad1"
  },
  "model": "coredata.person",
  "pk": 559
 },
 {
  "fields": {
   "config": "{}",
   "emplid": 200000104,
   "first_name": "Louis",
   "last_name": "Hafer",
   "middle_name": "",
   "pref_first_name": "Louis",
   "title": "Dr",
   "userid": "lou"
  },
  "model": "coredata.person",
  "pk": 8
 },
 {
  "fields": {
   "config": "{}",
   "emplid": 200000660,
   "first_name": "Susan",
   "last_name": "Kindersley",
   "middle_name": null,
   "pref_first_name": "sumo",
   "title": null,
   "userid": "sumo"
  },
  "model": "coredata.person",
  "pk": 560
 },
 {
  "fields": {
   "config": "{}",
   "emplid": 200000105,
   "first_name": "Meenakshinathan",
   "last_name": "Parameswaran",
   "middle_name": "",
   "pref_first_name": "Ash",
   "title": "Dr",
   "userid": "paramesw"
  },
  "model": "coredata.person",
  "pk": 5
 },
 {
  "fields": {
   "config": "{}",
   "emplid": 200000106,
   "first_name": "Allen",
   "last_name": "Pike",
   "middle_name": "Jason",
   "pref_first_name": "Allen",
   "title": "Mr",
   "userid": "apike"
  },
  "model": "coredata.person",
  "pk": 7
 },
 {
  "fields": {
   "config": "{}",
   "emplid": 200000107,
   "first_name": "Fred",
   "last_name": "Popowich",
   "middle_name": "",
   "pref_first_name": "Fred",
   "title": "Dr",
   "userid": "popowich"
  },
  "model": "coredata.person",
  "pk": 6
 },
 {
  "fields": {
   "config": "{}",
   "emplid": 200000108,
   "first_name": "Janice",
   "last_name": "Regan",
   "middle_name": "",
   "pref_first_name": "Janice",
   "title": "Ms",
   "userid": "jregan"
  },
  "model": "coredata.person",
  "pk": 2
 },
 {
  "fields": {
   "config": "{}",
   "emplid": 200000109,
   "first_name": "Reza",
   "last_name": "Sabzehgar",
   "middle_name": "",
   "pref_first_name": "Reza",
   "title": "Mr",
   "userid": "rsa46"
  },
  "model": "coredata.person",
  "pk": 11
 },
 {
  "fields": {
   "config": "{}",
   "emplid": 200000110,
   "first_name": "William",
   "last_name": "Scratchley",
   "middle_name": "Craig",
   "pref_first_name": "Craig",
   "title": "Mr",
   "userid": "wcs"
  },
  "model": "coredata.person",
  "pk": 4
 },
 {
  "fields": {
   "config": "{}",
   "emplid": 200000111,
   "first_name": ".",
   "last_name": "Sessional",
   "middle_name": "",
   "pref_first_name": "Stan",
   "title": "",
   "userid": null
  },
  "model": "coredata.person",
  "pk": 12
 },
 {
  "fields": {
   "config": "{}",
   "emplid": 200000296,
   "first_name": "Aaawrbor",
   "last_name": "Student",
   "middle_name": "",
   "pref_first_name": "Aaaw",
   "title": null,
   "userid": "0iii15"
  },
  "model": "coredata.person",
  "pk": 196
 },
 {
  "fields": {
   "config": "{}",
   "emplid": 200000515,
   "first_name": "Aacipsuw",
   "last_name": "Student",
   "middle_name": "",
   "pref_first_name": "Aaci",
   "title": null,
   "userid": "0ttt3"
  },
  "model": "coredata.person",
  "pk": 415
 },
 {
  "fields": {
   "config": "{}",
   "emplid": 200000268,
   "first_name": "Abojeifu",
   "last_name": "Student",
   "middle_name": "",
   "pref_first_name": "Aboj",
   "title": null,
   "userid": "0hhh8"
  },
  "model": "coredata.person",
  "pk": 168
 },
 {
  "fields": {
   "config": "{}",
   "emplid": 200000239,
   "first_name": "Abxaxwmq",
   "last_name": "Student",
   "middle_name": "",
   "pref_first_name": "Abxa",
   "title": null,
   "userid": "0ggg0"
  },
  "model": "coredata.person",
  "pk": 139
 },
 {
  "fields": {
   "config": "{}",
   "emplid": 200000228,
   "first_name": "Actvydsg",
   "last_name": "Student",
   "middle_name": "",
   "pref_first_name": "Actv",
   "title": null,
   "userid": "0fff10"
  },
  "model": "coredata.person",
  "pk": 128
 },
 {
  "fields": {
   "config": "{}",
   "emplid": 200000358,
   "first_name": "Adxbaltz",
   "last_name": "Student",
   "middle_name": "",
   "pref_first_name": "Adxb",
   "title": null,
   "userid": "0lll14"
  },
  "model": "coredata.person",
  "pk": 258
 },
 {
  "fields": {
   "config": "{}",
   "emplid": 200000514,
   "first_name": "Agqeczac",
   "last_name": "Student",
   "middle_name": "",
   "pref_first_name": "Agqe",
   "title": null,
   "userid": "0ttt2"
  },
  "model": "coredata.person",
  "pk": 414
 },
 {
  "fields": {
   "config": "{}",
   "emplid": 200000190,
   "first_name": "Agxdiuup",
   "last_name": "Student",
   "middle_name": "",
   "pref_first_name": "Agxd",
   "title": null,
   "userid": "0ddd14"
  },
  "model": "coredata.person",
  "pk": 90
 },
 {
  "fields": {
   "config": "{}",
   "emplid": 200000621,
   "first_name": "Aihgfkkq",
   "last_name": "Student",
   "middle_name": "",
   "pref_first_name": "Aihg",
   "title": null,
   "userid": "0yyy4"
  },
  "model": "coredata.person",
  "pk": 521
 },
 {
  "fields": {
   "config": "{}",
   "emplid": 200000506,
   "first_name": "Ajdatybu",
   "last_name": "Student",
   "middle_name": "",
   "pref_first_name": "Ajda",
   "title": null,
   "userid": "0sss15"
  },
  "model": "coredata.person",
  "pk": 406
 },
 {
  "fields": {
   "config": "{}",
   "emplid": 200000243,
   "first_name": "Ajdftmtf",
   "last_name": "Student",
   "middle_name": "",
   "pref_first_name": "Ajdf",
   "title": null,
   "userid": "0ggg4"
  },
  "model": "coredata.person",
  "pk": 143
 },
 {
  "fields": {
   "config": "{}",
   "emplid": 200000292,
   "first_name": "Ajhznmea",
   "last_name": "Student",
   "middle_name": "",
   "pref_first_name": "Ajhz",
   "title": null,
   "userid": "0iii11"
  },
  "model": "coredata.person",
  "pk": 192
 },
 {
  "fields": {
   "config": "{}",
   "emplid": 200000334,
   "first_name": "Ajxfhyjb",
   "last_name": "Student",
   "middle_name": "",
   "pref_first_name": "Ajxf",
   "title": null,
   "userid": "0kkk11"
  },
  "model": "coredata.person",
  "pk": 234
 },
 {
  "fields": {
   "config": "{}",
   "emplid": 200000611,
   "first_name": "Aktauylj",
   "last_name": "Student",
   "middle_name": "",
   "pref_first_name": "Akta",
   "title": null,
   "userid": "0xxx15"
  },
  "model": "coredata.person",
  "pk": 511
 },
 {
  "fields": {
   "config": "{}",
   "emplid": 200000233,
   "first_name": "Amtaiopm",
   "last_name": "Student",
   "middle_name": "",
   "pref_first_name": "Amta",
   "title": null,
   "userid": "0fff15"
  },
  "model": "coredata.person",
  "pk": 133
 },
 {
  "fields": {
   "config": "{}",
   "emplid": 200000557,
   "first_name": "Amtykzpx",
   "last_name": "Student",
   "middle_name": "",
   "pref_first_name": "Amty",
   "title": null,
   "userid": "0vvv3"
  },
  "model": "coredata.person",
  "pk": 457
 },
 {
  "fields": {
   "config": "{}",
   "emplid": 200000352,
   "first_name": "Aniivbml",
   "last_name": "Student",
   "middle_name": "",
   "pref_first_name": "Anii",
   "title": null,
   "userid": "0lll8"
  },
  "model": "coredata.person",
  "pk": 252
 },
 {
  "fields": {
   "config": "{}",
   "emplid": 200000284,
   "first_name": "Aourxllz",
   "last_name": "Student",
   "middle_name": "",
   "pref_first_name": "Aour",
   "title": null,
   "userid": "0iii3"
  },
  "model": "coredata.person",
  "pk": 184
 },
 {
  "fields": {
   "config": "{}",
   "emplid": 200000274,
   "first_name": "Aozgtslz",
   "last_name": "Student",
   "middle_name": "",
   "pref_first_name": "Aozg",
   "title": null,
   "userid": "0hhh14"
  },
  "model": "coredata.person",
  "pk": 174
 },
 {
  "fields": {
   "config": "{}",
   "emplid": 200000411,
   "first_name": "Aqvdiqpt",
   "last_name": "Student",
   "middle_name": "",
   "pref_first_name": "Aqvd",
   "title": null,
   "userid": "0ooo4"
  },
  "model": "coredata.person",
  "pk": 311
 },
 {
  "fields": {
   "config": "{}",
   "emplid": 200000477,
   "first_name": "Atekgqoo",
   "last_name": "Student",
   "middle_name": "",
   "pref_first_name": "Atek",
   "title": null,
   "userid": "0rrr7"
  },
  "model": "coredata.person",
  "pk": 377
 },
 {
  "fields": {
   "config": "{}",
   "emplid": 200000331,
   "first_name": "Auhsbkcf",
   "last_name": "Student",
   "middle_name": "",
   "pref_first_name": "Auhs",
   "title": null,
   "userid": "0kkk8"
  },
  "model": "coredata.person",
  "pk": 231
 },
 {
  "fields": {
   "config": "{}",
   "emplid": 200000433,
   "first_name": "Auqouvup",
   "last_name": "Student",
   "middle_name": "",
   "pref_first_name": "Auqo",
   "title": null,
   "userid": "0ppp5"
  },
  "model": "coredata.person",
  "pk": 333
 },
 {
  "fields": {
   "config": "{}",
   "emplid": 200000321,
   "first_name": "Aykeyivt",
   "last_name": "Student",
   "middle_name": "",
   "pref_first_name": "Ayke",
   "title": null,
   "userid": "0jjj19"
  },
  "model": "coredata.person",
  "pk": 221
 },
 {
  "fields": {
   "config": "{}",
   "emplid": 200000505,
   "first_name": "Azzceevu",
   "last_name": "Student",
   "middle_name": "",
   "pref_first_name": "Azzc",
   "title": null,
   "userid": "0sss14"
  },
  "model": "coredata.person",
  "pk": 405
 },
 {
  "fields": {
   "config": "{}",
   "emplid": 200000538,
   "first_name": "Babvihxq",
   "last_name": "Student",
   "middle_name": "",
   "pref_first_name": "Babv",
   "title": null,
   "userid": "0uuu5"
  },
  "model": "coredata.person",
  "pk": 438
 },
 {
  "fields": {
   "config": "{}",
   "emplid": 200000304,
   "first_name": "Bahfntkr",
   "last_name": "Student",
   "middle_name": "",
   "pref_first_name": "Bahf",
   "title": null,
   "userid": "0jjj2"
  },
  "model": "coredata.person",
  "pk": 204
 },
 {
  "fields": {
   "config": "{}",
   "emplid": 200000646,
   "first_name": "Bajelygg",
   "last_name": "Student",
   "middle_name": "",
   "pref_first_name": "Baje",
   "title": null,
   "userid": "0zzz8"
  },
  "model": "coredata.person",
  "pk": 546
 },
 {
  "fields": {
   "config": "{}",
   "emplid": 200000189,
   "first_name": "Bckkrmlk",
   "last_name": "Student",
   "middle_name": "",
   "pref_first_name": "Bckk",
   "title": null,
   "userid": "0ddd13"
  },
  "model": "coredata.person",
  "pk": 89
 },
 {
  "fields": {
   "config": "{}",
   "emplid": 200000476,
   "first_name": "Bcoviras",
   "last_name": "Student",
   "middle_name": "",
   "pref_first_name": "Bcov",
   "title": null,
   "userid": "0rrr6"
  },
  "model": "coredata.person",
  "pk": 376
 },
 {
  "fields": {
   "config": "{}",
   "emplid": 200000604,
   "first_name": "Bgmgevkx",
   "last_name": "Student",
   "middle_name": "",
   "pref_first_name": "Bgmg",
   "title": null,
   "userid": "0xxx8"
  },
  "model": "coredata.person",
  "pk": 504
 },
 {
  "fields": {
   "config": "{}",
   "emplid": 200000327,
   "first_name": "Bgpjvwrq",
   "last_name": "Student",
   "middle_name": "",
   "pref_first_name": "Bgpj",
   "title": null,
   "userid": "0kkk4"
  },
  "model": "coredata.person",
  "pk": 227
 },
 {
  "fields": {
   "config": "{}",
   "emplid": 200000634,
   "first_name": "Bgpoxjgx",
   "last_name": "Student",
   "middle_name": "",
   "pref_first_name": "Bgpo",
   "title": null,
   "userid": "0yyy17"
  },
  "model": "coredata.person",
  "pk": 534
 },
 {
  "fields": {
   "config": "{}",
   "emplid": 200000166,
   "first_name": "Bgwyszae",
   "last_name": "Student",
   "middle_name": "",
   "pref_first_name": "Bgwy",
   "title": null,
   "userid": "0ccc11"
  },
  "model": "coredata.person",
  "pk": 66
 },
 {
  "fields": {
   "config": "{}",
   "emplid": 200000535,
   "first_name": "Bhjcgsas",
   "last_name": "Student",
   "middle_name": "",
   "pref_first_name": "Bhjc",
   "title": null,
   "userid": "0uuu2"
  },
  "model": "coredata.person",
  "pk": 435
 },
 {
  "fields": {
   "config": "{}",
   "emplid": 200000500,
   "first_name": "Bihjuktj",
   "last_name": "Student",
   "middle_name": "",
   "pref_first_name": "Bihj",
   "title": null,
   "userid": "0sss9"
  },
  "model": "coredata.person",
  "pk": 400
 },
 {
  "fields": {
   "config": "{}",
   "emplid": 200000434,
   "first_name": "Bipjlpby",
   "last_name": "Student",
   "middle_name": "",
   "pref_first_name": "Bipj",
   "title": null,
   "userid": "0ppp6"
  },
  "model": "coredata.person",
  "pk": 334
 },
 {
  "fields": {
   "config": "{}",
   "emplid": 200000489,
   "first_name": "Bjikhzyp",
   "last_name": "Student",
   "middle_name": "",
   "pref_first_name": "Bjik",
   "title": null,
   "userid": "0rrr19"
  },
  "model": "coredata.person",
  "pk": 389
 },
 {
  "fields": {
   "config": "{}",
   "emplid": 200000279,
   "first_name": "Bjmjsloo",
   "last_name": "Student",
   "middle_name": "",
   "pref_first_name": "Bjmj",
   "title": null,
   "userid": "0hhh19"
  },
  "model": "coredata.person",
  "pk": 179
 },
 {
  "fields": {
   "config": "{}",
   "emplid": 200000430,
   "first_name": "Bjpalmhh",
   "last_name": "Student",
   "middle_name": "",
   "pref_first_name": "Bjpa",
   "title": null,
   "userid": "0ppp2"
  },
  "model": "coredata.person",
  "pk": 330
 },
 {
  "fields": {
   "config": "{}",
   "emplid": 200000399,
   "first_name": "Bkelihxa",
   "last_name": "Student",
   "middle_name": "",
   "pref_first_name": "Bkel",
   "title": null,
   "userid": "0nnn13"
  },
  "model": "coredata.person",
  "pk": 299
 },
 {
  "fields": {
   "config": "{}",
   "emplid": 200000504,
   "first_name": "Bksmjgzq",
   "last_name": "Student",
   "middle_name": "",
   "pref_first_name": "Bksm",
   "title": null,
   "userid": "0sss13"
  },
  "model": "coredata.person",
  "pk": 404
 },
 {
  "fields": {
   "config": "{}",
   "emplid": 200000432,
   "first_name": "Blfbytfv",
   "last_name": "Student",
   "middle_name": "",
   "pref_first_name": "Blfb",
   "title": null,
   "userid": "0ppp4"
  },
  "model": "coredata.person",
  "pk": 332
 },
 {
  "fields": {
   "config": "{}",
   "emplid": 200000492,
   "first_name": "Botqyigc",
   "last_name": "Student",
   "middle_name": "",
   "pref_first_name": "Botq",
   "title": null,
   "userid": "0sss1"
  },
  "model": "coredata.person",
  "pk": 392
 },
 {
  "fields": {
   "config": "{}",
   "emplid": 200000237,
   "first_name": "Bptbsbuo",
   "last_name": "Student",
   "middle_name": "",
   "pref_first_name": "Bptb",
   "title": null,
   "userid": "0fff19"
  },
  "model": "coredata.person",
  "pk": 137
 },
 {
  "fields": {
   "config": "{}",
   "emplid": 200000472,
   "first_name": "Bqtbjilp",
   "last_name": "Student",
   "middle_name": "",
   "pref_first_name": "Bqtb",
   "title": null,
   "userid": "0rrr2"
  },
  "model": "coredata.person",
  "pk": 372
 },
 {
  "fields": {
   "config": "{}",
   "emplid": 200000114,
   "first_name": "Btbqrtlt",
   "last_name": "Student",
   "middle_name": "",
   "pref_first_name": "Btbq",
   "title": null,
   "userid": "0aaa1"
  },
  "model": "coredata.person",
  "pk": 14
 },
 {
  "fields": {
   "config": "{}",
   "emplid": 200000270,
   "first_name": "Btkpqjfr",
   "last_name": "Student",
   "middle_name": "",
   "pref_first_name": "Btkp",
   "title": null,
   "userid": "0hhh10"
  },
  "model": "coredata.person",
  "pk": 170
 },
 {
  "fields": {
   "config": "{}",
   "emplid": 200000152,
   "first_name": "Buppwzkv",
   "last_name": "Student",
   "middle_name": "",
   "pref_first_name": "Bupp",
   "title": null,
   "userid": "0bbb18"
  },
  "model": "coredata.person",
  "pk": 52
 },
 {
  "fields": {
   "config": "{}",
   "emplid": 200000180,
   "first_name": "Bvjqjeeh",
   "last_name": "Student",
   "middle_name": "",
   "pref_first_name": "Bvjq",
   "title": null,
   "userid": "0ddd4"
  },
  "model": "coredata.person",
  "pk": 80
 },
 {
  "fields": {
   "config": "{}",
   "emplid": 200000485,
   "first_name": "Bvpuszzc",
   "last_name": "Student",
   "middle_name": "",
   "pref_first_name": "Bvpu",
   "title": null,
   "userid": "0rrr15"
  },
  "model": "coredata.person",
  "pk": 385
 },
 {
  "fields": {
   "config": "{}",
   "emplid": 200000349,
   "first_name": "Bwaembsa",
   "last_name": "Student",
   "middle_name": "",
   "pref_first_name": "Bwae",
   "title": null,
   "userid": "0lll5"
  },
  "model": "coredata.person",
  "pk": 249
 },
 {
  "fields": {
   "config": "{}",
   "emplid": 200000601,
   "first_name": "Bwhznpip",
   "last_name": "Student",
   "middle_name": "",
   "pref_first_name": "Bwhz",
   "title": null,
   "userid": "0xxx5"
  },
  "model": "coredata.person",
  "pk": 501
 },
 {
  "fields": {
   "config": "{}",
   "emplid": 200000332,
   "first_name": "Caqzcwrb",
   "last_name": "Student",
   "middle_name": "",
   "pref_first_name": "Caqz",
   "title": null,
   "userid": "0kkk9"
  },
  "model": "coredata.person",
  "pk": 232
 },
 {
  "fields": {
   "config": "{}",
   "emplid": 200000429,
   "first_name": "Ccxwjitv",
   "last_name": "Student",
   "middle_name": "",
   "pref_first_name": "Ccxw",
   "title": null,
   "userid": "0ppp1"
  },
  "model": "coredata.person",
  "pk": 329
 },
 {
  "fields": {
   "config": "{}",
   "emplid": 200000182,
   "first_name": "Cdnbxwpa",
   "last_name": "Student",
   "middle_name": "",
   "pref_first_name": "Cdnb",
   "title": null,
   "userid": "0ddd6"
  },
  "model": "coredata.person",
  "pk": 82
 },
 {
  "fields": {
   "config": "{}",
   "emplid": 200000393,
   "first_name": "Cfidjaxd",
   "last_name": "Student",
   "middle_name": "",
   "pref_first_name": "Cfid",
   "title": null,
   "userid": "0nnn7"
  },
  "model": "coredata.person",
  "pk": 293
 },
 {
  "fields": {
   "config": "{}",
   "emplid": 200000184,
   "first_name": "Cfurakod",
   "last_name": "Student",
   "middle_name": "",
   "pref_first_name": "Cfur",
   "title": null,
   "userid": "0ddd8"
  },
  "model": "coredata.person",
  "pk": 84
 },
 {
  "fields": {
   "config": "{}",
   "emplid": 200000625,
   "first_name": "Cfviybsv",
   "last_name": "Student",
   "middle_name": "",
   "pref_first_name": "Cfvi",
   "title": null,
   "userid": "0yyy8"
  },
  "model": "coredata.person",
  "pk": 525
 },
 {
  "fields": {
   "config": "{}",
   "emplid": 200000502,
   "first_name": "Cienmlnx",
   "last_name": "Student",
   "middle_name": "",
   "pref_first_name": "Cien",
   "title": null,
   "userid": "0sss11"
  },
  "model": "coredata.person",
  "pk": 402
 },
 {
  "fields": {
   "config": "{}",
   "emplid": 200000165,
   "first_name": "Civsqrmd",
   "last_name": "Student",
   "middle_name": "",
   "pref_first_name": "Civs",
   "title": null,
   "userid": "0ccc10"
  },
  "model": "coredata.person",
  "pk": 65
 },
 {
  "fields": {
   "config": "{}",
   "emplid": 200000370,
   "first_name": "Cjyapjbs",
   "last_name": "Student",
   "middle_name": "",
   "pref_first_name": "Cjya",
   "title": null,
   "userid": "0mmm5"
  },
  "model": "coredata.person",
  "pk": 270
 },
 {
  "fields": {
   "config": "{}",
   "emplid": 200000273,
   "first_name": "Codzerbc",
   "last_name": "Student",
   "middle_name": "",
   "pref_first_name": "Codz",
   "title": null,
   "userid": "0hhh13"
  },
  "model": "coredata.person",
  "pk": 173
 },
 {
  "fields": {
   "config": "{}",
   "emplid": 200000531,
   "first_name": "Cpwkhltz",
   "last_name": "Student",
   "middle_name": "",
   "pref_first_name": "Cpwk",
   "title": null,
   "userid": "0ttt19"
  },
  "model": "coredata.person",
  "pk": 431
 },
 {
  "fields": {
   "config": "{}",
   "emplid": 200000396,
   "first_name": "Cqcoocqk",
   "last_name": "Student",
   "middle_name": "",
   "pref_first_name": "Cqco",
   "title": null,
   "userid": "0nnn10"
  },
  "model": "coredata.person",
  "pk": 296
 },
 {
  "fields": {
   "config": "{}",
   "emplid": 200000563,
   "first_name": "Cqmermyn",
   "last_name": "Student",
   "middle_name": "",
   "pref_first_name": "Cqme",
   "title": null,
   "userid": "0vvv9"
  },
  "model": "coredata.person",
  "pk": 463
 },
 {
  "fields": {
   "config": "{}",
   "emplid": 200000584,
   "first_name": "Csuibtts",
   "last_name": "Student",
   "middle_name": "",
   "pref_first_name": "Csui",
   "title": null,
   "userid": "0www9"
  },
  "model": "coredata.person",
  "pk": 484
 },
 {
  "fields": {
   "config": "{}",
   "emplid": 200000356,
   "first_name": "Cuildgwi",
   "last_name": "Student",
   "middle_name": "",
   "pref_first_name": "Cuil",
   "title": null,
   "userid": "0lll12"
  },
  "model": "coredata.person",
  "pk": 256
 },
 {
  "fields": {
   "config": "{}",
   "emplid": 200000654,
   "first_name": "Cwklyaqw",
   "last_name": "Student",
   "middle_name": "",
   "pref_first_name": "Cwkl",
   "title": null,
   "userid": "0zzz16"
  },
  "model": "coredata.person",
  "pk": 554
 },
 {
  "fields": {
   "config": "{}",
   "emplid": 200000554,
   "first_name": "Cxnlbcgf",
   "last_name": "Student",
   "middle_name": "",
   "pref_first_name": "Cxnl",
   "title": null,
   "userid": "0vvv0"
  },
  "model": "coredata.person",
  "pk": 454
 },
 {
  "fields": {
   "config": "{}",
   "emplid": 200000183,
   "first_name": "Cyfgcdeh",
   "last_name": "Student",
   "middle_name": "",
   "pref_first_name": "Cyfg",
   "title": null,
   "userid": "0ddd7"
  },
  "model": "coredata.person",
  "pk": 83
 },
 {
  "fields": {
   "config": "{}",
   "emplid": 200000316,
   "first_name": "Dczxyhkp",
   "last_name": "Student",
   "middle_name": "",
   "pref_first_name": "Dczx",
   "title": null,
   "userid": "0jjj14"
  },
  "model": "coredata.person",
  "pk": 216
 },
 {
  "fields": {
   "config": "{}",
   "emplid": 200000581,
   "first_name": "Ddoaeenn",
   "last_name": "Student",
   "middle_name": "",
   "pref_first_name": "Ddoa",
   "title": null,
   "userid": "0www6"
  },
  "model": "coredata.person",
  "pk": 481
 },
 {
  "fields": {
   "config": "{}",
   "emplid": 200000315,
   "first_name": "Ddvmwsiv",
   "last_name": "Student",
   "middle_name": "",
   "pref_first_name": "Ddvm",
   "title": null,
   "userid": "0jjj13"
  },
  "model": "coredata.person",
  "pk": 215
 },
 {
  "fields": {
   "config": "{}",
   "emplid": 200000202,
   "first_name": "Dfjkotrv",
   "last_name": "Student",
   "middle_name": "",
   "pref_first_name": "Dfjk",
   "title": null,
   "userid": "0eee5"
  },
  "model": "coredata.person",
  "pk": 102
 },
 {
  "fields": {
   "config": "{}",
   "emplid": 200000413,
   "first_name": "Dfmbubbd",
   "last_name": "Student",
   "middle_name": "",
   "pref_first_name": "Dfmb",
   "title": null,
   "userid": "0ooo6"
  },
  "model": "coredata.person",
  "pk": 313
 },
 {
  "fields": {
   "config": "{}",
   "emplid": 200000140,
   "first_name": "Dfneatab",
   "last_name": "Student",
   "middle_name": "",
   "pref_first_name": "Dfne",
   "title": null,
   "userid": "0bbb6"
  },
  "model": "coredata.person",
  "pk": 40
 },
 {
  "fields": {
   "config": "{}",
   "emplid": 200000288,
   "first_name": "Dhzsxvfl",
   "last_name": "Student",
   "middle_name": "",
   "pref_first_name": "Dhzs",
   "title": null,
   "userid": "0iii7"
  },
  "model": "coredata.person",
  "pk": 188
 },
 {
  "fields": {
   "config": "{}",
   "emplid": 200000272,
   "first_name": "Dijxrjjj",
   "last_name": "Student",
   "middle_name": "",
   "pref_first_name": "Dijx",
   "title": null,
   "userid": "0hhh12"
  },
  "model": "coredata.person",
  "pk": 172
 },
 {
  "fields": {
   "config": "{}",
   "emplid": 200000163,
   "first_name": "Dkppnxtk",
   "last_name": "Student",
   "middle_name": "",
   "pref_first_name": "Dkpp",
   "title": null,
   "userid": "0ccc8"
  },
  "model": "coredata.person",
  "pk": 63
 },
 {
  "fields": {
   "config": "{}",
   "emplid": 200000132,
   "first_name": "Dkwtibtd",
   "last_name": "Student",
   "middle_name": "",
   "pref_first_name": "Dkwt",
   "title": null,
   "userid": "0aaa19"
  },
  "model": "coredata.person",
  "pk": 32
 },
 {
  "fields": {
   "config": "{}",
   "emplid": 200000148,
   "first_name": "Dludjlek",
   "last_name": "Student",
   "middle_name": "",
   "pref_first_name": "Dlud",
   "title": null,
   "userid": "0bbb14"
  },
  "model": "coredata.person",
  "pk": 48
 },
 {
  "fields": {
   "config": "{}",
   "emplid": 200000444,
   "first_name": "Dmqzdxtj",
   "last_name": "Student",
   "middle_name": "",
   "pref_first_name": "Dmqz",
   "title": null,
   "userid": "0ppp16"
  },
  "model": "coredata.person",
  "pk": 344
 },
 {
  "fields": {
   "config": "{}",
   "emplid": 200000345,
   "first_name": "Dnleanmi",
   "last_name": "Student",
   "middle_name": "",
   "pref_first_name": "Dnle",
   "title": null,
   "userid": "0lll1"
  },
  "model": "coredata.person",
  "pk": 245
 },
 {
  "fields": {
   "config": "{}",
   "emplid": 200000310,
   "first_name": "Doiyrjwo",
   "last_name": "Student",
   "middle_name": "",
   "pref_first_name": "Doiy",
   "title": null,
   "userid": "0jjj8"
  },
  "model": "coredata.person",
  "pk": 210
 },
 {
  "fields": {
   "config": "{}",
   "emplid": 200000336,
   "first_name": "Dtboqagw",
   "last_name": "Student",
   "middle_name": "",
   "pref_first_name": "Dtbo",
   "title": null,
   "userid": "0kkk13"
  },
  "model": "coredata.person",
  "pk": 236
 },
 {
  "fields": {
   "config": "{}",
   "emplid": 200000389,
   "first_name": "Dttcnyhx",
   "last_name": "Student",
   "middle_name": "",
   "pref_first_name": "Dttc",
   "title": null,
   "userid": "0nnn3"
  },
  "model": "coredata.person",
  "pk": 289
 },
 {
  "fields": {
   "config": "{}",
   "emplid": 200000540,
   "first_name": "Dxedowop",
   "last_name": "Student",
   "middle_name": "",
   "pref_first_name": "Dxed",
   "title": null,
   "userid": "0uuu7"
  },
  "model": "coredata.person",
  "pk": 440
 },
 {
  "fields": {
   "config": "{}",
   "emplid": 200000441,
   "first_name": "Eagnkgrg",
   "last_name": "Student",
   "middle_name": "",
   "pref_first_name": "Eagn",
   "title": null,
   "userid": "0ppp13"
  },
  "model": "coredata.person",
  "pk": 341
 },
 {
  "fields": {
   "config": "{}",
   "emplid": 200000149,
   "first_name": "Eawcxgve",
   "last_name": "Student",
   "middle_name": "",
   "pref_first_name": "Eawc",
   "title": null,
   "userid": "0bbb15"
  },
  "model": "coredata.person",
  "pk": 49
 },
 {
  "fields": {
   "config": "{}",
   "emplid": 200000460,
   "first_name": "Eenjrxww",
   "last_name": "Student",
   "middle_name": "",
   "pref_first_name": "Eenj",
   "title": null,
   "userid": "0qqq11"
  },
  "model": "coredata.person",
  "pk": 360
 },
 {
  "fields": {
   "config": "{}",
   "emplid": 200000277,
   "first_name": "Eezlnyzx",
   "last_name": "Student",
   "middle_name": "",
   "pref_first_name": "Eezl",
   "title": null,
   "userid": "0hhh17"
  },
  "model": "coredata.person",
  "pk": 177
 },
 {
  "fields": {
   "config": "{}",
   "emplid": 200000537,
   "first_name": "Efcqyopf",
   "last_name": "Student",
   "middle_name": "",
   "pref_first_name": "Efcq",
   "title": null,
   "userid": "0uuu4"
  },
  "model": "coredata.person",
  "pk": 437
 },
 {
  "fields": {
   "config": "{}",
   "emplid": 200000494,
   "first_name": "Efrxjuri",
   "last_name": "Student",
   "middle_name": "",
   "pref_first_name": "Efrx",
   "title": null,
   "userid": "0sss3"
  },
  "model": "coredata.person",
  "pk": 394
 },
 {
  "fields": {
   "config": "{}",
   "emplid": 200000361,
   "first_name": "Eglmibne",
   "last_name": "Student",
   "middle_name": "",
   "pref_first_name": "Eglm",
   "title": null,
   "userid": "0lll17"
  },
  "model": "coredata.person",
  "pk": 261
 },
 {
  "fields": {
   "config": "{}",
   "emplid": 200000342,
   "first_name": "Egqfefch",
   "last_name": "Student",
   "middle_name": "",
   "pref_first_name": "Egqf",
   "title": null,
   "userid": "0kkk19"
  },
  "model": "coredata.person",
  "pk": 242
 },
 {
  "fields": {
   "config": "{}",
   "emplid": 200000631,
   "first_name": "Egzwfjys",
   "last_name": "Student",
   "middle_name": "",
   "pref_first_name": "Egzw",
   "title": null,
   "userid": "0yyy14"
  },
  "model": "coredata.person",
  "pk": 531
 },
 {
  "fields": {
   "config": "{}",
   "emplid": 200000630,
   "first_name": "Eklbzlao",
   "last_name": "Student",
   "middle_name": "",
   "pref_first_name": "Eklb",
   "title": null,
   "userid": "0yyy13"
  },
  "model": "coredata.person",
  "pk": 530
 },
 {
  "fields": {
   "config": "{}",
   "emplid": 200000231,
   "first_name": "Elnezbee",
   "last_name": "Student",
   "middle_name": "",
   "pref_first_name": "Elne",
   "title": null,
   "userid": "0fff13"
  },
  "model": "coredata.person",
  "pk": 131
 },
 {
  "fields": {
   "config": "{}",
   "emplid": 200000276,
   "first_name": "Epwnwgzm",
   "last_name": "Student",
   "middle_name": "",
   "pref_first_name": "Epwn",
   "title": null,
   "userid": "0hhh16"
  },
  "model": "coredata.person",
  "pk": 176
 },
 {
  "fields": {
   "config": "{}",
   "emplid": 200000282,
   "first_name": "Eqfcmaba",
   "last_name": "Student",
   "middle_name": "",
   "pref_first_name": "Eqfc",
   "title": null,
   "userid": "0iii1"
  },
  "model": "coredata.person",
  "pk": 182
 },
 {
  "fields": {
   "config": "{}",
   "emplid": 200000289,
   "first_name": "Etrwigzt",
   "last_name": "Student",
   "middle_name": "",
   "pref_first_name": "Etrw",
   "title": null,
   "userid": "0iii8"
  },
  "model": "coredata.person",
  "pk": 189
 },
 {
  "fields": {
   "config": "{}",
   "emplid": 200000401,
   "first_name": "Euzsaubu",
   "last_name": "Student",
   "middle_name": "",
   "pref_first_name": "Euzs",
   "title": null,
   "userid": "0nnn15"
  },
  "model": "coredata.person",
  "pk": 301
 },
 {
  "fields": {
   "config": "{}",
   "emplid": 200000330,
   "first_name": "Evovkihg",
   "last_name": "Student",
   "middle_name": "",
   "pref_first_name": "Evov",
   "title": null,
   "userid": "0kkk7"
  },
  "model": "coredata.person",
  "pk": 230
 },
 {
  "fields": {
   "config": "{}",
   "emplid": 200000295,
   "first_name": "Exgcsdil",
   "last_name": "Student",
   "middle_name": "",
   "pref_first_name": "Exgc",
   "title": null,
   "userid": "0iii14"
  },
  "model": "coredata.person",
  "pk": 195
 },
 {
  "fields": {
   "config": "{}",
   "emplid": 200000333,
   "first_name": "Ezoagqus",
   "last_name": "Student",
   "middle_name": "",
   "pref_first_name": "Ezoa",
   "title": null,
   "userid": "0kkk10"
  },
  "model": "coredata.person",
  "pk": 233
 },
 {
  "fields": {
   "config": "{}",
   "emplid": 200000362,
   "first_name": "Fbajetaz",
   "last_name": "Student",
   "middle_name": "",
   "pref_first_name": "Fbaj",
   "title": null,
   "userid": "0lll18"
  },
  "model": "coredata.person",
  "pk": 262
 },
 {
  "fields": {
   "config": "{}",
   "emplid": 200000261,
   "first_name": "Fblpnofw",
   "last_name": "Student",
   "middle_name": "",
   "pref_first_name": "Fblp",
   "title": null,
   "userid": "0hhh1"
  },
  "model": "coredata.person",
  "pk": 161
 },
 {
  "fields": {
   "config": "{}",
   "emplid": 200000615,
   "first_name": "Fcnjrtjh",
   "last_name": "Student",
   "middle_name": "",
   "pref_first_name": "Fcnj",
   "title": null,
   "userid": "0xxx19"
  },
  "model": "coredata.person",
  "pk": 515
 },
 {
  "fields": {
   "config": "{}",
   "emplid": 200000386,
   "first_name": "Fcyxjqpd",
   "last_name": "Student",
   "middle_name": "",
   "pref_first_name": "Fcyx",
   "title": null,
   "userid": "0nnn0"
  },
  "model": "coredata.person",
  "pk": 286
 },
 {
  "fields": {
   "config": "{}",
   "emplid": 200000230,
   "first_name": "Femjlpcx",
   "last_name": "Student",
   "middle_name": "",
   "pref_first_name": "Femj",
   "title": null,
   "userid": "0fff12"
  },
  "model": "coredata.person",
  "pk": 130
 },
 {
  "fields": {
   "config": "{}",
   "emplid": 200000245,
   "first_name": "Femryahf",
   "last_name": "Student",
   "middle_name": "",
   "pref_first_name": "Femr",
   "title": null,
   "userid": "0ggg6"
  },
  "model": "coredata.person",
  "pk": 145
 },
 {
  "fields": {
   "config": "{}",
   "emplid": 200000644,
   "first_name": "Fgsxndoq",
   "last_name": "Student",
   "middle_name": "",
   "pref_first_name": "Fgsx",
   "title": null,
   "userid": "0zzz6"
  },
  "model": "coredata.person",
  "pk": 544
 },
 {
  "fields": {
   "config": "{}",
   "emplid": 200000206,
   "first_name": "Fhknpbpz",
   "last_name": "Student",
   "middle_name": "",
   "pref_first_name": "Fhkn",
   "title": null,
   "userid": "0eee9"
  },
  "model": "coredata.person",
  "pk": 106
 },
 {
  "fields": {
   "config": "{}",
   "emplid": 200000395,
   "first_name": "Fhtlmcpg",
   "last_name": "Student",
   "middle_name": "",
   "pref_first_name": "Fhtl",
   "title": null,
   "userid": "0nnn9"
  },
  "model": "coredata.person",
  "pk": 295
 },
 {
  "fields": {
   "config": "{}",
   "emplid": 200000635,
   "first_name": "Fiijciin",
   "last_name": "Student",
   "middle_name": "",
   "pref_first_name": "Fiij",
   "title": null,
   "userid": "0yyy18"
  },
  "model": "coredata.person",
  "pk": 535
 },
 {
  "fields": {
   "config": "{}",
   "emplid": 200000375,
   "first_name": "Fkuxtyvq",
   "last_name": "Student",
   "middle_name": "",
   "pref_first_name": "Fkux",
   "title": null,
   "userid": "0mmm10"
  },
  "model": "coredata.person",
  "pk": 275
 },
 {
  "fields": {
   "config": "{}",
   "emplid": 200000436,
   "first_name": "Fltujwbc",
   "last_name": "Student",
   "middle_name": "",
   "pref_first_name": "Fltu",
   "title": null,
   "userid": "0ppp8"
  },
  "model": "coredata.person",
  "pk": 336
 },
 {
  "fields": {
   "config": "{}",
   "emplid": 200000201,
   "first_name": "Fmeknumm",
   "last_name": "Student",
   "middle_name": "",
   "pref_first_name": "Fmek",
   "title": null,
   "userid": "0eee4"
  },
  "model": "coredata.person",
  "pk": 101
 },
 {
  "fields": {
   "config": "{}",
   "emplid": 200000391,
   "first_name": "Fnepylwm",
   "last_name": "Student",
   "middle_name": "",
   "pref_first_name": "Fnep",
   "title": null,
   "userid": "0nnn5"
  },
  "model": "coredata.person",
  "pk": 291
 },
 {
  "fields": {
   "config": "{}",
   "emplid": 200000618,
   "first_name": "Foaxpgam",
   "last_name": "Student",
   "middle_name": "",
   "pref_first_name": "Foax",
   "title": null,
   "userid": "0yyy1"
  },
  "model": "coredata.person",
  "pk": 518
 },
 {
  "fields": {
   "config": "{}",
   "emplid": 200000533,
   "first_name": "Frzoqjfv",
   "last_name": "Student",
   "middle_name": "",
   "pref_first_name": "Frzo",
   "title": null,
   "userid": "0uuu0"
  },
  "model": "coredata.person",
  "pk": 433
 },
 {
  "fields": {
   "config": "{}",
   "emplid": 200000223,
   "first_name": "Fsxxipqk",
   "last_name": "Student",
   "middle_name": "",
   "pref_first_name": "Fsxx",
   "title": null,
   "userid": "0fff5"
  },
  "model": "coredata.person",
  "pk": 123
 },
 {
  "fields": {
   "config": "{}",
   "emplid": 200000250,
   "first_name": "Fthbyxtb",
   "last_name": "Student",
   "middle_name": "",
   "pref_first_name": "Fthb",
   "title": null,
   "userid": "0ggg11"
  },
  "model": "coredata.person",
  "pk": 150
 },
 {
  "fields": {
   "config": "{}",
   "emplid": 200000214,
   "first_name": "Fuvqwqdh",
   "last_name": "Student",
   "middle_name": "",
   "pref_first_name": "Fuvq",
   "title": null,
   "userid": "0eee17"
  },
  "model": "coredata.person",
  "pk": 114
 },
 {
  "fields": {
   "config": "{}",
   "emplid": 200000449,
   "first_name": "Fvjawfmk",
   "last_name": "Student",
   "middle_name": "",
   "pref_first_name": "Fvja",
   "title": null,
   "userid": "0qqq0"
  },
  "model": "coredata.person",
  "pk": 349
 },
 {
  "fields": {
   "config": "{}",
   "emplid": 200000126,
   "first_name": "Fwyhugyn",
   "last_name": "Student",
   "middle_name": "",
   "pref_first_name": "Fwyh",
   "title": null,
   "userid": "0aaa13"
  },
  "model": "coredata.person",
  "pk": 26
 },
 {
  "fields": {
   "config": "{}",
   "emplid": 200000442,
   "first_name": "Fxcofsxb",
   "last_name": "Student",
   "middle_name": "",
   "pref_first_name": "Fxco",
   "title": null,
   "userid": "0ppp14"
  },
  "model": "coredata.person",
  "pk": 342
 },
 {
  "fields": {
   "config": "{}",
   "emplid": 200000278,
   "first_name": "Fytlzjmh",
   "last_name": "Student",
   "middle_name": "",
   "pref_first_name": "Fytl",
   "title": null,
   "userid": "0hhh18"
  },
  "model": "coredata.person",
  "pk": 178
 },
 {
  "fields": {
   "config": "{}",
   "emplid": 200000263,
   "first_name": "Fyzehkmr",
   "last_name": "Student",
   "middle_name": "",
   "pref_first_name": "Fyze",
   "title": null,
   "userid": "0hhh3"
  },
  "model": "coredata.person",
  "pk": 163
 },
 {
  "fields": {
   "config": "{}",
   "emplid": 200000209,
   "first_name": "Gabjpfym",
   "last_name": "Student",
   "middle_name": "",
   "pref_first_name": "Gabj",
   "title": null,
   "userid": "0eee12"
  },
  "model": "coredata.person",
  "pk": 109
 },
 {
  "fields": {
   "config": "{}",
   "emplid": 200000530,
   "first_name": "Gfnyibny",
   "last_name": "Student",
   "middle_name": "",
   "pref_first_name": "Gfny",
   "title": null,
   "userid": "0ttt18"
  },
  "model": "coredata.person",
  "pk": 430
 },
 {
  "fields": {
   "config": "{}",
   "emplid": 200000632,
   "first_name": "Gfpsmwxc",
   "last_name": "Student",
   "middle_name": "",
   "pref_first_name": "Gfps",
   "title": null,
   "userid": "0yyy15"
  },
  "model": "coredata.person",
  "pk": 532
 },
 {
  "fields": {
   "config": "{}",
   "emplid": 200000496,
   "first_name": "Gfxibsfs",
   "last_name": "Student",
   "middle_name": "",
   "pref_first_name": "Gfxi",
   "title": null,
   "userid": "0sss5"
  },
  "model": "coredata.person",
  "pk": 396
 },
 {
  "fields": {
   "config": "{}",
   "emplid": 200000323,
   "first_name": "Gimxldzz",
   "last_name": "Student",
   "middle_name": "",
   "pref_first_name": "Gimx",
   "title": null,
   "userid": "0kkk0"
  },
  "model": "coredata.person",
  "pk": 223
 },
 {
  "fields": {
   "config": "{}",
   "emplid": 200000291,
   "first_name": "Girmmlon",
   "last_name": "Student",
   "middle_name": "",
   "pref_first_name": "Girm",
   "title": null,
   "userid": "0iii10"
  },
  "model": "coredata.person",
  "pk": 191
 },
 {
  "fields": {
   "config": "{}",
   "emplid": 200000397,
   "first_name": "Giynytbp",
   "last_name": "Student",
   "middle_name": "",
   "pref_first_name": "Giyn",
   "title": null,
   "userid": "0nnn11"
  },
  "model": "coredata.person",
  "pk": 297
 },
 {
  "fields": {
   "config": "{}",
   "emplid": 200000232,
   "first_name": "Gklpepnw",
   "last_name": "Student",
   "middle_name": "",
   "pref_first_name": "Gklp",
   "title": null,
   "userid": "0fff14"
  },
  "model": "coredata.person",
  "pk": 132
 },
 {
  "fields": {
   "config": "{}",
   "emplid": 200000174,
   "first_name": "Gkzmirfq",
   "last_name": "Student",
   "middle_name": "",
   "pref_first_name": "Gkzm",
   "title": null,
   "userid": "0ccc19"
  },
  "model": "coredata.person",
  "pk": 74
 },
 {
  "fields": {
   "config": "{}",
   "emplid": 200000458,
   "first_name": "Gnnwwned",
   "last_name": "Student",
   "middle_name": "",
   "pref_first_name": "Gnnw",
   "title": null,
   "userid": "0qqq9"
  },
  "model": "coredata.person",
  "pk": 358
 },
 {
  "fields": {
   "config": "{}",
   "emplid": 200000193,
   "first_name": "Gnxipwcv",
   "last_name": "Student",
   "middle_name": "",
   "pref_first_name": "Gnxi",
   "title": null,
   "userid": "0ddd17"
  },
  "model": "coredata.person",
  "pk": 93
 },
 {
  "fields": {
   "config": "{}",
   "emplid": 200000371,
   "first_name": "Goabbsqs",
   "last_name": "Student",
   "middle_name": "",
   "pref_first_name": "Goab",
   "title": null,
   "userid": "0mmm6"
  },
  "model": "coredata.person",
  "pk": 271
 },
 {
  "fields": {
   "config": "{}",
   "emplid": 200000377,
   "first_name": "Gpddmwhx",
   "last_name": "Student",
   "middle_name": "",
   "pref_first_name": "Gpdd",
   "title": null,
   "userid": "0mmm12"
  },
  "model": "coredata.person",
  "pk": 277
 },
 {
  "fields": {
   "config": "{}",
   "emplid": 200000648,
   "first_name": "Gpgpcyvk",
   "last_name": "Student",
   "middle_name": "",
   "pref_first_name": "Gpgp",
   "title": null,
   "userid": "0zzz10"
  },
  "model": "coredata.person",
  "pk": 548
 },
 {
  "fields": {
   "config": "{}",
   "emplid": 200000550,
   "first_name": "Gpkeytlg",
   "last_name": "Student",
   "middle_name": "",
   "pref_first_name": "Gpke",
   "title": null,
   "userid": "0uuu17"
  },
  "model": "coredata.person",
  "pk": 450
 },
 {
  "fields": {
   "config": "{}",
   "emplid": 200000123,
   "first_name": "Gqdkljnf",
   "last_name": "Student",
   "middle_name": "",
   "pref_first_name": "Gqdk",
   "title": null,
   "userid": "0aaa10"
  },
  "model": "coredata.person",
  "pk": 23
 },
 {
  "fields": {
   "config": "{}",
   "emplid": 200000178,
   "first_name": "Gsmbkzqt",
   "last_name": "Student",
   "middle_name": "",
   "pref_first_name": "Gsmb",
   "title": null,
   "userid": "0ddd2"
  },
  "model": "coredata.person",
  "pk": 78
 },
 {
  "fields": {
   "config": "{}",
   "emplid": 200000229,
   "first_name": "Gtdzucyp",
   "last_name": "Student",
   "middle_name": "",
   "pref_first_name": "Gtdz",
   "title": null,
   "userid": "0fff11"
  },
  "model": "coredata.person",
  "pk": 129
 },
 {
  "fields": {
   "config": "{}",
   "emplid": 200000468,
   "first_name": "Gtxcqaih",
   "last_name": "Student",
   "middle_name": "",
   "pref_first_name": "Gtxc",
   "title": null,
   "userid": "0qqq19"
  },
  "model": "coredata.person",
  "pk": 368
 },
 {
  "fields": {
   "config": "{}",
   "emplid": 200000617,
   "first_name": "Gvbptvuk",
   "last_name": "Student",
   "middle_name": "",
   "pref_first_name": "Gvbp",
   "title": null,
   "userid": "0yyy0"
  },
  "model": "coredata.person",
  "pk": 517
 },
 {
  "fields": {
   "config": "{}",
   "emplid": 200000408,
   "first_name": "Gwaqlaap",
   "last_name": "Student",
   "middle_name": "",
   "pref_first_name": "Gwaq",
   "title": null,
   "userid": "0ooo1"
  },
  "model": "coredata.person",
  "pk": 308
 },
 {
  "fields": {
   "config": "{}",
   "emplid": 200000536,
   "first_name": "Gxhquscx",
   "last_name": "Student",
   "middle_name": "",
   "pref_first_name": "Gxhq",
   "title": null,
   "userid": "0uuu3"
  },
  "model": "coredata.person",
  "pk": 436
 },
 {
  "fields": {
   "config": "{}",
   "emplid": 200000587,
   "first_name": "Gxofbnnb",
   "last_name": "Student",
   "middle_name": "",
   "pref_first_name": "Gxof",
   "title": null,
   "userid": "0www12"
  },
  "model": "coredata.person",
  "pk": 487
 },
 {
  "fields": {
   "config": "{}",
   "emplid": 200000651,
   "first_name": "Gxpvcsxo",
   "last_name": "Student",
   "middle_name": "",
   "pref_first_name": "Gxpv",
   "title": null,
   "userid": "0zzz13"
  },
  "model": "coredata.person",
  "pk": 551
 },
 {
  "fields": {
   "config": "{}",
   "emplid": 200000607,
   "first_name": "Gxxbbcba",
   "last_name": "Student",
   "middle_name": "",
   "pref_first_name": "Gxxb",
   "title": null,
   "userid": "0xxx11"
  },
  "model": "coredata.person",
  "pk": 507
 },
 {
  "fields": {
   "config": "{}",
   "emplid": 200000598,
   "first_name": "Gxxyyysm",
   "last_name": "Student",
   "middle_name": "",
   "pref_first_name": "Gxxy",
   "title": null,
   "userid": "0xxx2"
  },
  "model": "coredata.person",
  "pk": 498
 },
 {
  "fields": {
   "config": "{}",
   "emplid": 200000171,
   "first_name": "Gyhsdlby",
   "last_name": "Student",
   "middle_name": "",
   "pref_first_name": "Gyhs",
   "title": null,
   "userid": "0ccc16"
  },
  "model": "coredata.person",
  "pk": 71
 },
 {
  "fields": {
   "config": "{}",
   "emplid": 200000414,
   "first_name": "Gyuinwgl",
   "last_name": "Student",
   "middle_name": "",
   "pref_first_name": "Gyui",
   "title": null,
   "userid": "0ooo7"
  },
  "model": "coredata.person",
  "pk": 314
 },
 {
  "fields": {
   "config": "{}",
   "emplid": 200000571,
   "first_name": "Hbtpcexx",
   "last_name": "Student",
   "middle_name": "",
   "pref_first_name": "Hbtp",
   "title": null,
   "userid": "0vvv17"
  },
  "model": "coredata.person",
  "pk": 471
 },
 {
  "fields": {
   "config": "{}",
   "emplid": 200000383,
   "first_name": "Hbypibjs",
   "last_name": "Student",
   "middle_name": "",
   "pref_first_name": "Hbyp",
   "title": null,
   "userid": "0mmm18"
  },
  "model": "coredata.person",
  "pk": 283
 },
 {
  "fields": {
   "config": "{}",
   "emplid": 200000146,
   "first_name": "Hdzlqkvy",
   "last_name": "Student",
   "middle_name": "",
   "pref_first_name": "Hdzl",
   "title": null,
   "userid": "0bbb12"
  },
  "model": "coredata.person",
  "pk": 46
 },
 {
  "fields": {
   "config": "{}",
   "emplid": 200000418,
   "first_name": "Heayjwcb",
   "last_name": "Student",
   "middle_name": "",
   "pref_first_name": "Heay",
   "title": null,
   "userid": "0ooo11"
  },
  "model": "coredata.person",
  "pk": 318
 },
 {
  "fields": {
   "config": "{}",
   "emplid": 200000622,
   "first_name": "Hezwpzsy",
   "last_name": "Student",
   "middle_name": "",
   "pref_first_name": "Hezw",
   "title": null,
   "userid": "0yyy5"
  },
  "model": "coredata.person",
  "pk": 522
 },
 {
  "fields": {
   "config": "{}",
   "emplid": 200000507,
   "first_name": "Hikifgfp",
   "last_name": "Student",
   "middle_name": "",
   "pref_first_name": "Hiki",
   "title": null,
   "userid": "0sss16"
  },
  "model": "coredata.person",
  "pk": 407
 },
 {
  "fields": {
   "config": "{}",
   "emplid": 200000308,
   "first_name": "Hkfqirhy",
   "last_name": "Student",
   "middle_name": "",
   "pref_first_name": "Hkfq",
   "title": null,
   "userid": "0jjj6"
  },
  "model": "coredata.person",
  "pk": 208
 },
 {
  "fields": {
   "config": "{}",
   "emplid": 200000161,
   "first_name": "Hlsjbqmk",
   "last_name": "Student",
   "middle_name": "",
   "pref_first_name": "Hlsj",
   "title": null,
   "userid": "0ccc6"
  },
  "model": "coredata.person",
  "pk": 61
 },
 {
  "fields": {
   "config": "{}",
   "emplid": 200000463,
   "first_name": "Hmcbmlsy",
   "last_name": "Student",
   "middle_name": "",
   "pref_first_name": "Hmcb",
   "title": null,
   "userid": "0qqq14"
  },
  "model": "coredata.person",
  "pk": 363
 },
 {
  "fields": {
   "config": "{}",
   "emplid": 200000136,
   "first_name": "Housgncb",
   "last_name": "Student",
   "middle_name": "",
   "pref_first_name": "Hous",
   "title": null,
   "userid": "0bbb2"
  },
  "model": "coredata.person",
  "pk": 36
 },
 {
  "fields": {
   "config": "{}",
   "emplid": 200000640,
   "first_name": "Hpbbvraf",
   "last_name": "Student",
   "middle_name": "",
   "pref_first_name": "Hpbb",
   "title": null,
   "userid": "0zzz2"
  },
  "model": "coredata.person",
  "pk": 540
 },
 {
  "fields": {
   "config": "{}",
   "emplid": 200000254,
   "first_name": "Hqfjgewh",
   "last_name": "Student",
   "middle_name": "",
   "pref_first_name": "Hqfj",
   "title": null,
   "userid": "0ggg15"
  },
  "model": "coredata.person",
  "pk": 154
 },
 {
  "fields": {
   "config": "{}",
   "emplid": 200000167,
   "first_name": "Hxxckibz",
   "last_name": "Student",
   "middle_name": "",
   "pref_first_name": "Hxxc",
   "title": null,
   "userid": "0ccc12"
  },
  "model": "coredata.person",
  "pk": 67
 },
 {
  "fields": {
   "config": "{}",
   "emplid": 200000312,
   "first_name": "Hykbfhbl",
   "last_name": "Student",
   "middle_name": "",
   "pref_first_name": "Hykb",
   "title": null,
   "userid": "0jjj10"
  },
  "model": "coredata.person",
  "pk": 212
 },
 {
  "fields": {
   "config": "{}",
   "emplid": 200000176,
   "first_name": "Hzrzdoxm",
   "last_name": "Student",
   "middle_name": "",
   "pref_first_name": "Hzrz",
   "title": null,
   "userid": "0ddd0"
  },
  "model": "coredata.person",
  "pk": 76
 },
 {
  "fields": {
   "config": "{}",
   "emplid": 200000548,
   "first_name": "Ibxukrxc",
   "last_name": "Student",
   "middle_name": "",
   "pref_first_name": "Ibxu",
   "title": null,
   "userid": "0uuu15"
  },
  "model": "coredata.person",
  "pk": 448
 },
 {
  "fields": {
   "config": "{}",
   "emplid": 200000382,
   "first_name": "Icpdlksz",
   "last_name": "Student",
   "middle_name": "",
   "pref_first_name": "Icpd",
   "title": null,
   "userid": "0mmm17"
  },
  "model": "coredata.person",
  "pk": 282
 },
 {
  "fields": {
   "config": "{}",
   "emplid": 200000325,
   "first_name": "Ictucsku",
   "last_name": "Student",
   "middle_name": "",
   "pref_first_name": "Ictu",
   "title": null,
   "userid": "0kkk2"
  },
  "model": "coredata.person",
  "pk": 225
 },
 {
  "fields": {
   "config": "{}",
   "emplid": 200000491,
   "first_name": "Idlznppk",
   "last_name": "Student",
   "middle_name": "",
   "pref_first_name": "Idlz",
   "title": null,
   "userid": "0sss0"
  },
  "model": "coredata.person",
  "pk": 391
 },
 {
  "fields": {
   "config": "{}",
   "emplid": 200000118,
   "first_name": "Iinlzmkj",
   "last_name": "Student",
   "middle_name": "",
   "pref_first_name": "Iinl",
   "title": null,
   "userid": "0aaa5"
  },
  "model": "coredata.person",
  "pk": 18
 },
 {
  "fields": {
   "config": "{}",
   "emplid": 200000215,
   "first_name": "Iiumgnyy",
   "last_name": "Student",
   "middle_name": "",
   "pref_first_name": "Iium",
   "title": null,
   "userid": "0eee18"
  },
  "model": "coredata.person",
  "pk": 115
 },
 {
  "fields": {
   "config": "{}",
   "emplid": 200000650,
   "first_name": "Ijmnddbg",
   "last_name": "Student",
   "middle_name": "",
   "pref_first_name": "Ijmn",
   "title": null,
   "userid": "0zzz12"
  },
  "model": "coredata.person",
  "pk": 550
 },
 {
  "fields": {
   "config": "{}",
   "emplid": 200000475,
   "first_name": "Ijrzzqww",
   "last_name": "Student",
   "middle_name": "",
   "pref_first_name": "Ijrz",
   "title": null,
   "userid": "0rrr5"
  },
  "model": "coredata.person",
  "pk": 375
 },
 {
  "fields": {
   "config": "{}",
   "emplid": 200000465,
   "first_name": "Ijsofnaj",
   "last_name": "Student",
   "middle_name": "",
   "pref_first_name": "Ijso",
   "title": null,
   "userid": "0qqq16"
  },
  "model": "coredata.person",
  "pk": 365
 },
 {
  "fields": {
   "config": "{}",
   "emplid": 200000366,
   "first_name": "Ijvdjiim",
   "last_name": "Student",
   "middle_name": "",
   "pref_first_name": "Ijvd",
   "title": null,
   "userid": "0mmm1"
  },
  "model": "coredata.person",
  "pk": 266
 },
 {
  "fields": {
   "config": "{}",
   "emplid": 200000541,
   "first_name": "Ilfbpjnq",
   "last_name": "Student",
   "middle_name": "",
   "pref_first_name": "Ilfb",
   "title": null,
   "userid": "0uuu8"
  },
  "model": "coredata.person",
  "pk": 441
 },
 {
  "fields": {
   "config": "{}",
   "emplid": 200000319,
   "first_name": "Ilxjypva",
   "last_name": "Student",
   "middle_name": "",
   "pref_first_name": "Ilxj",
   "title": null,
   "userid": "0jjj17"
  },
  "model": "coredata.person",
  "pk": 219
 },
 {
  "fields": {
   "config": "{}",
   "emplid": 200000657,
   "first_name": "Iniwvixz",
   "last_name": "Student",
   "middle_name": "",
   "pref_first_name": "Iniw",
   "title": null,
   "userid": "0zzz19"
  },
  "model": "coredata.person",
  "pk": 557
 },
 {
  "fields": {
   "config": "{}",
   "emplid": 200000297,
   "first_name": "Inwvmfox",
   "last_name": "Student",
   "middle_name": "",
   "pref_first_name": "Inwv",
   "title": null,
   "userid": "0iii16"
  },
  "model": "coredata.person",
  "pk": 197
 },
 {
  "fields": {
   "config": "{}",
   "emplid": 200000518,
   "first_name": "Iokwvjbg",
   "last_name": "Student",
   "middle_name": "",
   "pref_first_name": "Iokw",
   "title": null,
   "userid": "0ttt6"
  },
  "model": "coredata.person",
  "pk": 418
 },
 {
  "fields": {
   "config": "{}",
   "emplid": 200000344,
   "first_name": "Iooiruan",
   "last_name": "Student",
   "middle_name": "",
   "pref_first_name": "Iooi",
   "title": null,
   "userid": "0lll0"
  },
  "model": "coredata.person",
  "pk": 244
 },
 {
  "fields": {
   "config": "{}",
   "emplid": 200000265,
   "first_name": "Ioxitbtl",
   "last_name": "Student",
   "middle_name": "",
   "pref_first_name": "Ioxi",
   "title": null,
   "userid": "0hhh5"
  },
  "model": "coredata.person",
  "pk": 165
 },
 {
  "fields": {
   "config": "{}",
   "emplid": 200000519,
   "first_name": "Ioyygbkq",
   "last_name": "Student",
   "middle_name": "",
   "pref_first_name": "Ioyy",
   "title": null,
   "userid": "0ttt7"
  },
  "model": "coredata.person",
  "pk": 419
 },
 {
  "fields": {
   "config": "{}",
   "emplid": 200000129,
   "first_name": "Ispebtuk",
   "last_name": "Student",
   "middle_name": "",
   "pref_first_name": "Ispe",
   "title": null,
   "userid": "0aaa16"
  },
  "model": "coredata.person",
  "pk": 29
 },
 {
  "fields": {
   "config": "{}",
   "emplid": 200000246,
   "first_name": "Iuabpnhu",
   "last_name": "Student",
   "middle_name": "",
   "pref_first_name": "Iuab",
   "title": null,
   "userid": "0ggg7"
  },
  "model": "coredata.person",
  "pk": 146
 },
 {
  "fields": {
   "config": "{}",
   "emplid": 200000329,
   "first_name": "Ivyiqjpw",
   "last_name": "Student",
   "middle_name": "",
   "pref_first_name": "Ivyi",
   "title": null,
   "userid": "0kkk6"
  },
  "model": "coredata.person",
  "pk": 229
 },
 {
  "fields": {
   "config": "{}",
   "emplid": 200000204,
   "first_name": "Ixejkkzx",
   "last_name": "Student",
   "middle_name": "",
   "pref_first_name": "Ixej",
   "title": null,
   "userid": "0eee7"
  },
  "model": "coredata.person",
  "pk": 104
 },
 {
  "fields": {
   "config": "{}",
   "emplid": 200000400,
   "first_name": "Jclctamd",
   "last_name": "Student",
   "middle_name": "",
   "pref_first_name": "Jclc",
   "title": null,
   "userid": "0nnn14"
  },
  "model": "coredata.person",
  "pk": 300
 },
 {
  "fields": {
   "config": "{}",
   "emplid": 200000305,
   "first_name": "Jdpxgoqd",
   "last_name": "Student",
   "middle_name": "",
   "pref_first_name": "Jdpx",
   "title": null,
   "userid": "0jjj3"
  },
  "model": "coredata.person",
  "pk": 205
 },
 {
  "fields": {
   "config": "{}",
   "emplid": 200000528,
   "first_name": "Jguocsjf",
   "last_name": "Student",
   "middle_name": "",
   "pref_first_name": "Jguo",
   "title": null,
   "userid": "0ttt16"
  },
  "model": "coredata.person",
  "pk": 428
 },
 {
  "fields": {
   "config": "{}",
   "emplid": 200000294,
   "first_name": "Jhlsisas",
   "last_name": "Student",
   "middle_name": "",
   "pref_first_name": "Jhls",
   "title": null,
   "userid": "0iii13"
  },
  "model": "coredata.person",
  "pk": 194
 },
 {
  "fields": {
   "config": "{}",
   "emplid": 200000583,
   "first_name": "Jhxdatub",
   "last_name": "Student",
   "middle_name": "",
   "pref_first_name": "Jhxd",
   "title": null,
   "userid": "0www8"
  },
  "model": "coredata.person",
  "pk": 483
 },
 {
  "fields": {
   "config": "{}",
   "emplid": 200000210,
   "first_name": "Jhzzznar",
   "last_name": "Student",
   "middle_name": "",
   "pref_first_name": "Jhzz",
   "title": null,
   "userid": "0eee13"
  },
  "model": "coredata.person",
  "pk": 110
 },
 {
  "fields": {
   "config": "{}",
   "emplid": 200000564,
   "first_name": "Jjrtdllt",
   "last_name": "Student",
   "middle_name": "",
   "pref_first_name": "Jjrt",
   "title": null,
   "userid": "0vvv10"
  },
  "model": "coredata.person",
  "pk": 464
 },
 {
  "fields": {
   "config": "{}",
   "emplid": 200000547,
   "first_name": "Jkxqerqj",
   "last_name": "Student",
   "middle_name": "",
   "pref_first_name": "Jkxq",
   "title": null,
   "userid": "0uuu14"
  },
  "model": "coredata.person",
  "pk": 447
 },
 {
  "fields": {
   "config": "{}",
   "emplid": 200000509,
   "first_name": "Jlrqpshw",
   "last_name": "Student",
   "middle_name": "",
   "pref_first_name": "Jlrq",
   "title": null,
   "userid": "0sss18"
  },
  "model": "coredata.person",
  "pk": 409
 },
 {
  "fields": {
   "config": "{}",
   "emplid": 200000512,
   "first_name": "Jmxcfanr",
   "last_name": "Student",
   "middle_name": "",
   "pref_first_name": "Jmxc",
   "title": null,
   "userid": "0ttt0"
  },
  "model": "coredata.person",
  "pk": 412
 },
 {
  "fields": {
   "config": "{}",
   "emplid": 200000480,
   "first_name": "Jqrxnced",
   "last_name": "Student",
   "middle_name": "",
   "pref_first_name": "Jqrx",
   "title": null,
   "userid": "0rrr10"
  },
  "model": "coredata.person",
  "pk": 380
 },
 {
  "fields": {
   "config": "{}",
   "emplid": 200000482,
   "first_name": "Jxenyhxh",
   "last_name": "Student",
   "middle_name": "",
   "pref_first_name": "Jxen",
   "title": null,
   "userid": "0rrr12"
  },
  "model": "coredata.person",
  "pk": 382
 },
 {
  "fields": {
   "config": "{}",
   "emplid": 200000324,
   "first_name": "Kcndzegi",
   "last_name": "Student",
   "middle_name": "",
   "pref_first_name": "Kcnd",
   "title": null,
   "userid": "0kkk1"
  },
  "model": "coredata.person",
  "pk": 224
 },
 {
  "fields": {
   "config": "{}",
   "emplid": 200000398,
   "first_name": "Kczbapok",
   "last_name": "Student",
   "middle_name": "",
   "pref_first_name": "Kczb",
   "title": null,
   "userid": "0nnn12"
  },
  "model": "coredata.person",
  "pk": 298
 },
 {
  "fields": {
   "config": "{}",
   "emplid": 200000402,
   "first_name": "Kdndwxav",
   "last_name": "Student",
   "middle_name": "",
   "pref_first_name": "Kdnd",
   "title": null,
   "userid": "0nnn16"
  },
  "model": "coredata.person",
  "pk": 302
 },
 {
  "fields": {
   "config": "{}",
   "emplid": 200000643,
   "first_name": "Khepmtjg",
   "last_name": "Student",
   "middle_name": "",
   "pref_first_name": "Khep",
   "title": null,
   "userid": "0zzz5"
  },
  "model": "coredata.person",
  "pk": 543
 },
 {
  "fields": {
   "config": "{}",
   "emplid": 200000117,
   "first_name": "Khvjdigr",
   "last_name": "Student",
   "middle_name": "",
   "pref_first_name": "Khvj",
   "title": null,
   "userid": "0aaa4"
  },
  "model": "coredata.person",
  "pk": 17
 },
 {
  "fields": {
   "config": "{}",
   "emplid": 200000655,
   "first_name": "Kilieatl",
   "last_name": "Student",
   "middle_name": "",
   "pref_first_name": "Kili",
   "title": null,
   "userid": "0zzz17"
  },
  "model": "coredata.person",
  "pk": 555
 },
 {
  "fields": {
   "config": "{}",
   "emplid": 200000221,
   "first_name": "Kjfndzsg",
   "last_name": "Student",
   "middle_name": "",
   "pref_first_name": "Kjfn",
   "title": null,
   "userid": "0fff3"
  },
  "model": "coredata.person",
  "pk": 121
 },
 {
  "fields": {
   "config": "{}",
   "emplid": 200000610,
   "first_name": "Klhoacoy",
   "last_name": "Student",
   "middle_name": "",
   "pref_first_name": "Klho",
   "title": null,
   "userid": "0xxx14"
  },
  "model": "coredata.person",
  "pk": 510
 },
 {
  "fields": {
   "config": "{}",
   "emplid": 200000142,
   "first_name": "Knsauqfs",
   "last_name": "Student",
   "middle_name": "",
   "pref_first_name": "Knsa",
   "title": null,
   "userid": "0bbb8"
  },
  "model": "coredata.person",
  "pk": 42
 },
 {
  "fields": {
   "config": "{}",
   "emplid": 200000286,
   "first_name": "Kofxfeuo",
   "last_name": "Student",
   "middle_name": "",
   "pref_first_name": "Kofx",
   "title": null,
   "userid": "0iii5"
  },
  "model": "coredata.person",
  "pk": 186
 },
 {
  "fields": {
   "config": "{}",
   "emplid": 200000471,
   "first_name": "Kogqxcee",
   "last_name": "Student",
   "middle_name": "",
   "pref_first_name": "Kogq",
   "title": null,
   "userid": "0rrr1"
  },
  "model": "coredata.person",
  "pk": 371
 },
 {
  "fields": {
   "config": "{}",
   "emplid": 200000431,
   "first_name": "Kqptklzp",
   "last_name": "Student",
   "middle_name": "",
   "pref_first_name": "Kqpt",
   "title": null,
   "userid": "0ppp3"
  },
  "model": "coredata.person",
  "pk": 331
 },
 {
  "fields": {
   "config": "{}",
   "emplid": 200000145,
   "first_name": "Kqwbzzyy",
   "last_name": "Student",
   "middle_name": "",
   "pref_first_name": "Kqwb",
   "title": null,
   "userid": "0bbb11"
  },
  "model": "coredata.person",
  "pk": 45
 },
 {
  "fields": {
   "config": "{}",
   "emplid": 200000459,
   "first_name": "Ksmuetzo",
   "last_name": "Student",
   "middle_name": "",
   "pref_first_name": "Ksmu",
   "title": null,
   "userid": "0qqq10"
  },
  "model": "coredata.person",
  "pk": 359
 },
 {
  "fields": {
   "config": "{}",
   "emplid": 200000390,
   "first_name": "Ksqulkrk",
   "last_name": "Student",
   "middle_name": "",
   "pref_first_name": "Ksqu",
   "title": null,
   "userid": "0nnn4"
  },
  "model": "coredata.person",
  "pk": 290
 },
 {
  "fields": {
   "config": "{}",
   "emplid": 200000147,
   "first_name": "Ktyhrrfu",
   "last_name": "Student",
   "middle_name": "",
   "pref_first_name": "Ktyh",
   "title": null,
   "userid": "0bbb13"
  },
  "model": "coredata.person",
  "pk": 47
 },
 {
  "fields": {
   "config": "{}",
   "emplid": 200000416,
   "first_name": "Kuwnudqn",
   "last_name": "Student",
   "middle_name": "",
   "pref_first_name": "Kuwn",
   "title": null,
   "userid": "0ooo9"
  },
  "model": "coredata.person",
  "pk": 316
 },
 {
  "fields": {
   "config": "{}",
   "emplid": 200000626,
   "first_name": "Kvnoijbp",
   "last_name": "Student",
   "middle_name": "",
   "pref_first_name": "Kvno",
   "title": null,
   "userid": "0yyy9"
  },
  "model": "coredata.person",
  "pk": 526
 },
 {
  "fields": {
   "config": "{}",
   "emplid": 200000135,
   "first_name": "Kxedijvn",
   "last_name": "Student",
   "middle_name": "",
   "pref_first_name": "Kxed",
   "title": null,
   "userid": "0bbb1"
  },
  "model": "coredata.person",
  "pk": 35
 },
 {
  "fields": {
   "config": "{}",
   "emplid": 200000452,
   "first_name": "Kxjemfja",
   "last_name": "Student",
   "middle_name": "",
   "pref_first_name": "Kxje",
   "title": null,
   "userid": "0qqq3"
  },
  "model": "coredata.person",
  "pk": 352
 },
 {
  "fields": {
   "config": "{}",
   "emplid": 200000115,
   "first_name": "Kzqorzpb",
   "last_name": "Student",
   "middle_name": "",
   "pref_first_name": "Kzqo",
   "title": null,
   "userid": "0aaa2"
  },
  "model": "coredata.person",
  "pk": 15
 },
 {
  "fields": {
   "config": "{}",
   "emplid": 200000487,
   "first_name": "Lcsbjoiz",
   "last_name": "Student",
   "middle_name": "",
   "pref_first_name": "Lcsb",
   "title": null,
   "userid": "0rrr17"
  },
  "model": "coredata.person",
  "pk": 387
 },
 {
  "fields": {
   "config": "{}",
   "emplid": 200000160,
   "first_name": "Ldclovfg",
   "last_name": "Student",
   "middle_name": "",
   "pref_first_name": "Ldcl",
   "title": null,
   "userid": "0ccc5"
  },
  "model": "coredata.person",
  "pk": 60
 },
 {
  "fields": {
   "config": "{}",
   "emplid": 200000567,
   "first_name": "Lggfjebk",
   "last_name": "Student",
   "middle_name": "",
   "pref_first_name": "Lggf",
   "title": null,
   "userid": "0vvv13"
  },
  "model": "coredata.person",
  "pk": 467
 },
 {
  "fields": {
   "config": "{}",
   "emplid": 200000125,
   "first_name": "Lgssuabk",
   "last_name": "Student",
   "middle_name": "",
   "pref_first_name": "Lgss",
   "title": null,
   "userid": "0aaa12"
  },
  "model": "coredata.person",
  "pk": 25
 },
 {
  "fields": {
   "config": "{}",
   "emplid": 200000572,
   "first_name": "Liziqglp",
   "last_name": "Student",
   "middle_name": "",
   "pref_first_name": "Lizi",
   "title": null,
   "userid": "0vvv18"
  },
  "model": "coredata.person",
  "pk": 472
 },
 {
  "fields": {
   "config": "{}",
   "emplid": 200000407,
   "first_name": "Llwnepds",
   "last_name": "Student",
   "middle_name": "",
   "pref_first_name": "Llwn",
   "title": null,
   "userid": "0ooo0"
  },
  "model": "coredata.person",
  "pk": 307
 },
 {
  "fields": {
   "config": "{}",
   "emplid": 200000236,
   "first_name": "Llzdrkhr",
   "last_name": "Student",
   "middle_name": "",
   "pref_first_name": "Llzd",
   "title": null,
   "userid": "0fff18"
  },
  "model": "coredata.person",
  "pk": 136
 },
 {
  "fields": {
   "config": "{}",
   "emplid": 200000447,
   "first_name": "Lmyktdtg",
   "last_name": "Student",
   "middle_name": "",
   "pref_first_name": "Lmyk",
   "title": null,
   "userid": "0ppp19"
  },
  "model": "coredata.person",
  "pk": 347
 },
 {
  "fields": {
   "config": "{}",
   "emplid": 200000499,
   "first_name": "Lnsxrvjt",
   "last_name": "Student",
   "middle_name": "",
   "pref_first_name": "Lnsx",
   "title": null,
   "userid": "0sss8"
  },
  "model": "coredata.person",
  "pk": 399
 },
 {
  "fields": {
   "config": "{}",
   "emplid": 200000602,
   "first_name": "Lnwsxomh",
   "last_name": "Student",
   "middle_name": "",
   "pref_first_name": "Lnws",
   "title": null,
   "userid": "0xxx6"
  },
  "model": "coredata.person",
  "pk": 502
 },
 {
  "fields": {
   "config": "{}",
   "emplid": 200000559,
   "first_name": "Lodhkwmz",
   "last_name": "Student",
   "middle_name": "",
   "pref_first_name": "Lodh",
   "title": null,
   "userid": "0vvv5"
  },
  "model": "coredata.person",
  "pk": 459
 },
 {
  "fields": {
   "config": "{}",
   "emplid": 200000450,
   "first_name": "Lpofnftq",
   "last_name": "Student",
   "middle_name": "",
   "pref_first_name": "Lpof",
   "title": null,
   "userid": "0qqq1"
  },
  "model": "coredata.person",
  "pk": 350
 },
 {
  "fields": {
   "config": "{}",
   "emplid": 200000456,
   "first_name": "Lqqhmxpf",
   "last_name": "Student",
   "middle_name": "",
   "pref_first_name": "Lqqh",
   "title": null,
   "userid": "0qqq7"
  },
  "model": "coredata.person",
  "pk": 356
 },
 {
  "fields": {
   "config": "{}",
   "emplid": 200000608,
   "first_name": "Lsgxnzfy",
   "last_name": "Student",
   "middle_name": "",
   "pref_first_name": "Lsgx",
   "title": null,
   "userid": "0xxx12"
  },
  "model": "coredata.person",
  "pk": 508
 },
 {
  "fields": {
   "config": "{}",
   "emplid": 200000443,
   "first_name": "Lvmxlvgz",
   "last_name": "Student",
   "middle_name": "",
   "pref_first_name": "Lvmx",
   "title": null,
   "userid": "0ppp15"
  },
  "model": "coredata.person",
  "pk": 343
 },
 {
  "fields": {
   "config": "{}",
   "emplid": 200000526,
   "first_name": "Lydpmawg",
   "last_name": "Student",
   "middle_name": "",
   "pref_first_name": "Lydp",
   "title": null,
   "userid": "0ttt14"
  },
  "model": "coredata.person",
  "pk": 426
 },
 {
  "fields": {
   "config": "{}",
   "emplid": 200000256,
   "first_name": "Mavisgrf",
   "last_name": "Student",
   "middle_name": "",
   "pref_first_name": "Mavi",
   "title": null,
   "userid": "0ggg17"
  },
  "model": "coredata.person",
  "pk": 156
 },
 {
  "fields": {
   "config": "{}",
   "emplid": 200000213,
   "first_name": "Mczeehal",
   "last_name": "Student",
   "middle_name": "",
   "pref_first_name": "Mcze",
   "title": null,
   "userid": "0eee16"
  },
  "model": "coredata.person",
  "pk": 113
 },
 {
  "fields": {
   "config": "{}",
   "emplid": 200000508,
   "first_name": "Mdfahtpw",
   "last_name": "Student",
   "middle_name": "",
   "pref_first_name": "Mdfa",
   "title": null,
   "userid": "0sss17"
  },
  "model": "coredata.person",
  "pk": 408
 },
 {
  "fields": {
   "config": "{}",
   "emplid": 200000251,
   "first_name": "Mehrlpkd",
   "last_name": "Student",
   "middle_name": "",
   "pref_first_name": "Mehr",
   "title": null,
   "userid": "0ggg12"
  },
  "model": "coredata.person",
  "pk": 151
 },
 {
  "fields": {
   "config": "{}",
   "emplid": 200000177,
   "first_name": "Mezunnqi",
   "last_name": "Student",
   "middle_name": "",
   "pref_first_name": "Mezu",
   "title": null,
   "userid": "0ddd1"
  },
  "model": "coredata.person",
  "pk": 77
 },
 {
  "fields": {
   "config": "{}",
   "emplid": 200000638,
   "first_name": "Mgoxuczf",
   "last_name": "Student",
   "middle_name": "",
   "pref_first_name": "Mgox",
   "title": null,
   "userid": "0zzz0"
  },
  "model": "coredata.person",
  "pk": 538
 },
 {
  "fields": {
   "config": "{}",
   "emplid": 200000556,
   "first_name": "Mhtdxnpr",
   "last_name": "Student",
   "middle_name": "",
   "pref_first_name": "Mhtd",
   "title": null,
   "userid": "0vvv2"
  },
  "model": "coredata.person",
  "pk": 456
 },
 {
  "fields": {
   "config": "{}",
   "emplid": 200000258,
   "first_name": "Mhyudlxi",
   "last_name": "Student",
   "middle_name": "",
   "pref_first_name": "Mhyu",
   "title": null,
   "userid": "0ggg19"
  },
  "model": "coredata.person",
  "pk": 158
 },
 {
  "fields": {
   "config": "{}",
   "emplid": 200000593,
   "first_name": "Migmtgex",
   "last_name": "Student",
   "middle_name": "",
   "pref_first_name": "Migm",
   "title": null,
   "userid": "0www18"
  },
  "model": "coredata.person",
  "pk": 493
 },
 {
  "fields": {
   "config": "{}",
   "emplid": 200000435,
   "first_name": "Mkchpxnn",
   "last_name": "Student",
   "middle_name": "",
   "pref_first_name": "Mkch",
   "title": null,
   "userid": "0ppp7"
  },
  "model": "coredata.person",
  "pk": 335
 },
 {
  "fields": {
   "config": "{}",
   "emplid": 200000363,
   "first_name": "Mlgyjvya",
   "last_name": "Student",
   "middle_name": "",
   "pref_first_name": "Mlgy",
   "title": null,
   "userid": "0lll19"
  },
  "model": "coredata.person",
  "pk": 263
 },
 {
  "fields": {
   "config": "{}",
   "emplid": 200000290,
   "first_name": "Mmqdifea",
   "last_name": "Student",
   "middle_name": "",
   "pref_first_name": "Mmqd",
   "title": null,
   "userid": "0iii9"
  },
  "model": "coredata.person",
  "pk": 190
 },
 {
  "fields": {
   "config": "{}",
   "emplid": 200000124,
   "first_name": "Mpnzebyw",
   "last_name": "Student",
   "middle_name": "",
   "pref_first_name": "Mpnz",
   "title": null,
   "userid": "0aaa11"
  },
  "model": "coredata.person",
  "pk": 24
 },
 {
  "fields": {
   "config": "{}",
   "emplid": 200000423,
   "first_name": "Msapeyko",
   "last_name": "Student",
   "middle_name": "",
   "pref_first_name": "Msap",
   "title": null,
   "userid": "0ooo16"
  },
  "model": "coredata.person",
  "pk": 323
 },
 {
  "fields": {
   "config": "{}",
   "emplid": 200000354,
   "first_name": "Muzuuqut",
   "last_name": "Student",
   "middle_name": "",
   "pref_first_name": "Muzu",
   "title": null,
   "userid": "0lll10"
  },
  "model": "coredata.person",
  "pk": 254
 },
 {
  "fields": {
   "config": "{}",
   "emplid": 200000473,
   "first_name": "Mwotxvgb",
   "last_name": "Student",
   "middle_name": "",
   "pref_first_name": "Mwot",
   "title": null,
   "userid": "0rrr3"
  },
  "model": "coredata.person",
  "pk": 373
 },
 {
  "fields": {
   "config": "{}",
   "emplid": 200000143,
   "first_name": "Mzaivdwy",
   "last_name": "Student",
   "middle_name": "",
   "pref_first_name": "Mzai",
   "title": null,
   "userid": "0bbb9"
  },
  "model": "coredata.person",
  "pk": 43
 },
 {
  "fields": {
   "config": "{}",
   "emplid": 200000387,
   "first_name": "Nbbcdpvd",
   "last_name": "Student",
   "middle_name": "",
   "pref_first_name": "Nbbc",
   "title": null,
   "userid": "0nnn1"
  },
  "model": "coredata.person",
  "pk": 287
 },
 {
  "fields": {
   "config": "{}",
   "emplid": 200000318,
   "first_name": "Nbmnznah",
   "last_name": "Student",
   "middle_name": "",
   "pref_first_name": "Nbmn",
   "title": null,
   "userid": "0jjj16"
  },
  "model": "coredata.person",
  "pk": 218
 },
 {
  "fields": {
   "config": "{}",
   "emplid": 200000470,
   "first_name": "Nceuopxv",
   "last_name": "Student",
   "middle_name": "",
   "pref_first_name": "Nceu",
   "title": null,
   "userid": "0rrr0"
  },
  "model": "coredata.person",
  "pk": 370
 },
 {
  "fields": {
   "config": "{}",
   "emplid": 200000287,
   "first_name": "Nedstvhw",
   "last_name": "Student",
   "middle_name": "",
   "pref_first_name": "Neds",
   "title": null,
   "userid": "0iii6"
  },
  "model": "coredata.person",
  "pk": 187
 },
 {
  "fields": {
   "config": "{}",
   "emplid": 200000542,
   "first_name": "Nerujvxz",
   "last_name": "Student",
   "middle_name": "",
   "pref_first_name": "Neru",
   "title": null,
   "userid": "0uuu9"
  },
  "model": "coredata.person",
  "pk": 442
 },
 {
  "fields": {
   "config": "{}",
   "emplid": 200000478,
   "first_name": "Nezjjrtg",
   "last_name": "Student",
   "middle_name": "",
   "pref_first_name": "Nezj",
   "title": null,
   "userid": "0rrr8"
  },
  "model": "coredata.person",
  "pk": 378
 },
 {
  "fields": {
   "config": "{}",
   "emplid": 200000326,
   "first_name": "Nfquvwxe",
   "last_name": "Student",
   "middle_name": "",
   "pref_first_name": "Nfqu",
   "title": null,
   "userid": "0kkk3"
  },
  "model": "coredata.person",
  "pk": 226
 },
 {
  "fields": {
   "config": "{}",
   "emplid": 200000568,
   "first_name": "Nhaccydd",
   "last_name": "Student",
   "middle_name": "",
   "pref_first_name": "Nhac",
   "title": null,
   "userid": "0vvv14"
  },
  "model": "coredata.person",
  "pk": 468
 },
 {
  "fields": {
   "config": "{}",
   "emplid": 200000453,
   "first_name": "Niautxjx",
   "last_name": "Student",
   "middle_name": "",
   "pref_first_name": "Niau",
   "title": null,
   "userid": "0qqq4"
  },
  "model": "coredata.person",
  "pk": 353
 },
 {
  "fields": {
   "config": "{}",
   "emplid": 200000156,
   "first_name": "Njnivmfm",
   "last_name": "Student",
   "middle_name": "",
   "pref_first_name": "Njni",
   "title": null,
   "userid": "0ccc1"
  },
  "model": "coredata.person",
  "pk": 56
 },
 {
  "fields": {
   "config": "{}",
   "emplid": 200000150,
   "first_name": "Nksetchh",
   "last_name": "Student",
   "middle_name": "",
   "pref_first_name": "Nkse",
   "title": null,
   "userid": "0bbb16"
  },
  "model": "coredata.person",
  "pk": 50
 },
 {
  "fields": {
   "config": "{}",
   "emplid": 200000410,
   "first_name": "Nkwaeexs",
   "last_name": "Student",
   "middle_name": "",
   "pref_first_name": "Nkwa",
   "title": null,
   "userid": "0ooo3"
  },
  "model": "coredata.person",
  "pk": 310
 },
 {
  "fields": {
   "config": "{}",
   "emplid": 200000510,
   "first_name": "Nlqkoqrz",
   "last_name": "Student",
   "middle_name": "",
   "pref_first_name": "Nlqk",
   "title": null,
   "userid": "0sss19"
  },
  "model": "coredata.person",
  "pk": 410
 },
 {
  "fields": {
   "config": "{}",
   "emplid": 200000420,
   "first_name": "Nmbvddig",
   "last_name": "Student",
   "middle_name": "",
   "pref_first_name": "Nmbv",
   "title": null,
   "userid": "0ooo13"
  },
  "model": "coredata.person",
  "pk": 320
 },
 {
  "fields": {
   "config": "{}",
   "emplid": 200000439,
   "first_name": "Nowwawiu",
   "last_name": "Student",
   "middle_name": "",
   "pref_first_name": "Noww",
   "title": null,
   "userid": "0ppp11"
  },
  "model": "coredata.person",
  "pk": 339
 },
 {
  "fields": {
   "config": "{}",
   "emplid": 200000486,
   "first_name": "Npnnyydz",
   "last_name": "Student",
   "middle_name": "",
   "pref_first_name": "Npnn",
   "title": null,
   "userid": "0rrr16"
  },
  "model": "coredata.person",
  "pk": 386
 },
 {
  "fields": {
   "config": "{}",
   "emplid": 200000300,
   "first_name": "Nqudxrpi",
   "last_name": "Student",
   "middle_name": "",
   "pref_first_name": "Nqud",
   "title": null,
   "userid": "0iii19"
  },
  "model": "coredata.person",
  "pk": 200
 },
 {
  "fields": {
   "config": "{}",
   "emplid": 200000522,
   "first_name": "Nsviajjw",
   "last_name": "Student",
   "middle_name": "",
   "pref_first_name": "Nsvi",
   "title": null,
   "userid": "0ttt10"
  },
  "model": "coredata.person",
  "pk": 422
 },
 {
  "fields": {
   "config": "{}",
   "emplid": 200000267,
   "first_name": "Nvovowzl",
   "last_name": "Student",
   "middle_name": "",
   "pref_first_name": "Nvov",
   "title": null,
   "userid": "0hhh7"
  },
  "model": "coredata.person",
  "pk": 167
 },
 {
  "fields": {
   "config": "{}",
   "emplid": 200000211,
   "first_name": "Nwuwenpx",
   "last_name": "Student",
   "middle_name": "",
   "pref_first_name": "Nwuw",
   "title": null,
   "userid": "0eee14"
  },
  "model": "coredata.person",
  "pk": 111
 },
 {
  "fields": {
   "config": "{}",
   "emplid": 200000642,
   "first_name": "Nxeiepvm",
   "last_name": "Student",
   "middle_name": "",
   "pref_first_name": "Nxei",
   "title": null,
   "userid": "0zzz4"
  },
  "model": "coredata.person",
  "pk": 542
 },
 {
  "fields": {
   "config": "{}",
   "emplid": 200000636,
   "first_name": "Nykulesw",
   "last_name": "Student",
   "middle_name": "",
   "pref_first_name": "Nyku",
   "title": null,
   "userid": "0yyy19"
  },
  "model": "coredata.person",
  "pk": 536
 },
 {
  "fields": {
   "config": "{}",
   "emplid": 200000560,
   "first_name": "Nyyybcgn",
   "last_name": "Student",
   "middle_name": "",
   "pref_first_name": "Nyyy",
   "title": null,
   "userid": "0vvv6"
  },
  "model": "coredata.person",
  "pk": 460
 },
 {
  "fields": {
   "config": "{}",
   "emplid": 200000340,
   "first_name": "Nzdpmeox",
   "last_name": "Student",
   "middle_name": "",
   "pref_first_name": "Nzdp",
   "title": null,
   "userid": "0kkk17"
  },
  "model": "coredata.person",
  "pk": 240
 },
 {
  "fields": {
   "config": "{}",
   "emplid": 200000159,
   "first_name": "Nzhnyaxl",
   "last_name": "Student",
   "middle_name": "",
   "pref_first_name": "Nzhn",
   "title": null,
   "userid": "0ccc4"
  },
  "model": "coredata.person",
  "pk": 59
 },
 {
  "fields": {
   "config": "{}",
   "emplid": 200000351,
   "first_name": "Oacnosip",
   "last_name": "Student",
   "middle_name": "",
   "pref_first_name": "Oacn",
   "title": null,
   "userid": "0lll7"
  },
  "model": "coredata.person",
  "pk": 251
 },
 {
  "fields": {
   "config": "{}",
   "emplid": 200000561,
   "first_name": "Oepbpypd",
   "last_name": "Student",
   "middle_name": "",
   "pref_first_name": "Oepb",
   "title": null,
   "userid": "0vvv7"
  },
  "model": "coredata.person",
  "pk": 461
 },
 {
  "fields": {
   "config": "{}",
   "emplid": 200000481,
   "first_name": "Ogzuslsb",
   "last_name": "Student",
   "middle_name": "",
   "pref_first_name": "Ogzu",
   "title": null,
   "userid": "0rrr11"
  },
  "model": "coredata.person",
  "pk": 381
 },
 {
  "fields": {
   "config": "{}",
   "emplid": 200000639,
   "first_name": "Oibxnlbl",
   "last_name": "Student",
   "middle_name": "",
   "pref_first_name": "Oibx",
   "title": null,
   "userid": "0zzz1"
  },
  "model": "coredata.person",
  "pk": 539
 },
 {
  "fields": {
   "config": "{}",
   "emplid": 200000562,
   "first_name": "Oifrteva",
   "last_name": "Student",
   "middle_name": "",
   "pref_first_name": "Oifr",
   "title": null,
   "userid": "0vvv8"
  },
  "model": "coredata.person",
  "pk": 462
 },
 {
  "fields": {
   "config": "{}",
   "emplid": 200000380,
   "first_name": "Okbdylaf",
   "last_name": "Student",
   "middle_name": "",
   "pref_first_name": "Okbd",
   "title": null,
   "userid": "0mmm15"
  },
  "model": "coredata.person",
  "pk": 280
 },
 {
  "fields": {
   "config": "{}",
   "emplid": 200000144,
   "first_name": "Okbqrhjz",
   "last_name": "Student",
   "middle_name": "",
   "pref_first_name": "Okbq",
   "title": null,
   "userid": "0bbb10"
  },
  "model": "coredata.person",
  "pk": 44
 },
 {
  "fields": {
   "config": "{}",
   "emplid": 200000419,
   "first_name": "Okduepbg",
   "last_name": "Student",
   "middle_name": "",
   "pref_first_name": "Okdu",
   "title": null,
   "userid": "0ooo12"
  },
  "model": "coredata.person",
  "pk": 319
 },
 {
  "fields": {
   "config": "{}",
   "emplid": 200000565,
   "first_name": "Olejxzud",
   "last_name": "Student",
   "middle_name": "",
   "pref_first_name": "Olej",
   "title": null,
   "userid": "0vvv11"
  },
  "model": "coredata.person",
  "pk": 465
 },
 {
  "fields": {
   "config": "{}",
   "emplid": 200000281,
   "first_name": "Olonrkwv",
   "last_name": "Student",
   "middle_name": "",
   "pref_first_name": "Olon",
   "title": null,
   "userid": "0iii0"
  },
  "model": "coredata.person",
  "pk": 181
 },
 {
  "fields": {
   "config": "{}",
   "emplid": 200000199,
   "first_name": "Omdrgsde",
   "last_name": "Student",
   "middle_name": "",
   "pref_first_name": "Omdr",
   "title": null,
   "userid": "0eee2"
  },
  "model": "coredata.person",
  "pk": 99
 },
 {
  "fields": {
   "config": "{}",
   "emplid": 200000466,
   "first_name": "Onskeumu",
   "last_name": "Student",
   "middle_name": "",
   "pref_first_name": "Onsk",
   "title": null,
   "userid": "0qqq17"
  },
  "model": "coredata.person",
  "pk": 366
 },
 {
  "fields": {
   "config": "{}",
   "emplid": 200000438,
   "first_name": "Oopzxogy",
   "last_name": "Student",
   "middle_name": "",
   "pref_first_name": "Oopz",
   "title": null,
   "userid": "0ppp10"
  },
  "model": "coredata.person",
  "pk": 338
 },
 {
  "fields": {
   "config": "{}",
   "emplid": 200000596,
   "first_name": "Opqwvogw",
   "last_name": "Student",
   "middle_name": "",
   "pref_first_name": "Opqw",
   "title": null,
   "userid": "0xxx0"
  },
  "model": "coredata.person",
  "pk": 496
 },
 {
  "fields": {
   "config": "{}",
   "emplid": 200000306,
   "first_name": "Oqkpqcqo",
   "last_name": "Student",
   "middle_name": "",
   "pref_first_name": "Oqkp",
   "title": null,
   "userid": "0jjj4"
  },
  "model": "coredata.person",
  "pk": 206
 },
 {
  "fields": {
   "config": "{}",
   "emplid": 200000337,
   "first_name": "Ordwzroj",
   "last_name": "Student",
   "middle_name": "",
   "pref_first_name": "Ordw",
   "title": null,
   "userid": "0kkk14"
  },
  "model": "coredata.person",
  "pk": 237
 },
 {
  "fields": {
   "config": "{}",
   "emplid": 200000424,
   "first_name": "Otyzofay",
   "last_name": "Student",
   "middle_name": "",
   "pref_first_name": "Otyz",
   "title": null,
   "userid": "0ooo17"
  },
  "model": "coredata.person",
  "pk": 324
 },
 {
  "fields": {
   "config": "{}",
   "emplid": 200000524,
   "first_name": "Oxqovhxz",
   "last_name": "Student",
   "middle_name": "",
   "pref_first_name": "Oxqo",
   "title": null,
   "userid": "0ttt12"
  },
  "model": "coredata.person",
  "pk": 424
 },
 {
  "fields": {
   "config": "{}",
   "emplid": 200000128,
   "first_name": "Oxzccjzu",
   "last_name": "Student",
   "middle_name": "",
   "pref_first_name": "Oxzc",
   "title": null,
   "userid": "0aaa15"
  },
  "model": "coredata.person",
  "pk": 28
 },
 {
  "fields": {
   "config": "{}",
   "emplid": 200000208,
   "first_name": "Ozgzmkvo",
   "last_name": "Student",
   "middle_name": "",
   "pref_first_name": "Ozgz",
   "title": null,
   "userid": "0eee11"
  },
  "model": "coredata.person",
  "pk": 108
 },
 {
  "fields": {
   "config": "{}",
   "emplid": 200000119,
   "first_name": "Pdbwmbis",
   "last_name": "Student",
   "middle_name": "",
   "pref_first_name": "Pdbw",
   "title": null,
   "userid": "0aaa6"
  },
  "model": "coredata.person",
  "pk": 19
 },
 {
  "fields": {
   "config": "{}",
   "emplid": 200000624,
   "first_name": "Pehbfzay",
   "last_name": "Student",
   "middle_name": "",
   "pref_first_name": "Pehb",
   "title": null,
   "userid": "0yyy7"
  },
  "model": "coredata.person",
  "pk": 524
 },
 {
  "fields": {
   "config": "{}",
   "emplid": 200000589,
   "first_name": "Pfnvqimf",
   "last_name": "Student",
   "middle_name": "",
   "pref_first_name": "Pfnv",
   "title": null,
   "userid": "0www14"
  },
  "model": "coredata.person",
  "pk": 489
 },
 {
  "fields": {
   "config": "{}",
   "emplid": 200000293,
   "first_name": "Pgemtala",
   "last_name": "Student",
   "middle_name": "",
   "pref_first_name": "Pgem",
   "title": null,
   "userid": "0iii12"
  },
  "model": "coredata.person",
  "pk": 193
 },
 {
  "fields": {
   "config": "{}",
   "emplid": 200000599,
   "first_name": "Pjfjrada",
   "last_name": "Student",
   "middle_name": "",
   "pref_first_name": "Pjfj",
   "title": null,
   "userid": "0xxx3"
  },
  "model": "coredata.person",
  "pk": 499
 },
 {
  "fields": {
   "config": "{}",
   "emplid": 200000218,
   "first_name": "Plsdugbs",
   "last_name": "Student",
   "middle_name": "",
   "pref_first_name": "Plsd",
   "title": null,
   "userid": "0fff0"
  },
  "model": "coredata.person",
  "pk": 118
 },
 {
  "fields": {
   "config": "{}",
   "emplid": 200000235,
   "first_name": "Pmjxsszx",
   "last_name": "Student",
   "middle_name": "",
   "pref_first_name": "Pmjx",
   "title": null,
   "userid": "0fff17"
  },
  "model": "coredata.person",
  "pk": 135
 },
 {
  "fields": {
   "config": "{}",
   "emplid": 200000464,
   "first_name": "Pmyjoxzp",
   "last_name": "Student",
   "middle_name": "",
   "pref_first_name": "Pmyj",
   "title": null,
   "userid": "0qqq15"
  },
  "model": "coredata.person",
  "pk": 364
 },
 {
  "fields": {
   "config": "{}",
   "emplid": 200000627,
   "first_name": "Pnmijddk",
   "last_name": "Student",
   "middle_name": "",
   "pref_first_name": "Pnmi",
   "title": null,
   "userid": "0yyy10"
  },
  "model": "coredata.person",
  "pk": 527
 },
 {
  "fields": {
   "config": "{}",
   "emplid": 200000612,
   "first_name": "Pnqcpmvp",
   "last_name": "Student",
   "middle_name": "",
   "pref_first_name": "Pnqc",
   "title": null,
   "userid": "0xxx16"
  },
  "model": "coredata.person",
  "pk": 512
 },
 {
  "fields": {
   "config": "{}",
   "emplid": 200000266,
   "first_name": "Ppwoxykd",
   "last_name": "Student",
   "middle_name": "",
   "pref_first_name": "Ppwo",
   "title": null,
   "userid": "0hhh6"
  },
  "model": "coredata.person",
  "pk": 166
 },
 {
  "fields": {
   "config": "{}",
   "emplid": 200000394,
   "first_name": "Pqtrivxj",
   "last_name": "Student",
   "middle_name": "",
   "pref_first_name": "Pqtr",
   "title": null,
   "userid": "0nnn8"
  },
  "model": "coredata.person",
  "pk": 294
 },
 {
  "fields": {
   "config": "{}",
   "emplid": 200000421,
   "first_name": "Ptniufin",
   "last_name": "Student",
   "middle_name": "",
   "pref_first_name": "Ptni",
   "title": null,
   "userid": "0ooo14"
  },
  "model": "coredata.person",
  "pk": 321
 },
 {
  "fields": {
   "config": "{}",
   "emplid": 200000328,
   "first_name": "Puumbafq",
   "last_name": "Student",
   "middle_name": "",
   "pref_first_name": "Puum",
   "title": null,
   "userid": "0kkk5"
  },
  "model": "coredata.person",
  "pk": 228
 },
 {
  "fields": {
   "config": "{}",
   "emplid": 200000194,
   "first_name": "Pzdlnauw",
   "last_name": "Student",
   "middle_name": "",
   "pref_first_name": "Pzdl",
   "title": null,
   "userid": "0ddd18"
  },
  "model": "coredata.person",
  "pk": 94
 },
 {
  "fields": {
   "config": "{}",
   "emplid": 200000224,
   "first_name": "Qapufwvk",
   "last_name": "Student",
   "middle_name": "",
   "pref_first_name": "Qapu",
   "title": null,
   "userid": "0fff6"
  },
  "model": "coredata.person",
  "pk": 124
 },
 {
  "fields": {
   "config": "{}",
   "emplid": 200000253,
   "first_name": "Qbgjxghb",
   "last_name": "Student",
   "middle_name": "",
   "pref_first_name": "Qbgj",
   "title": null,
   "userid": "0ggg14"
  },
  "model": "coredata.person",
  "pk": 153
 },
 {
  "fields": {
   "config": "{}",
   "emplid": 200000633,
   "first_name": "Qbstyfei",
   "last_name": "Student",
   "middle_name": "",
   "pref_first_name": "Qbst",
   "title": null,
   "userid": "0yyy16"
  },
  "model": "coredata.person",
  "pk": 533
 },
 {
  "fields": {
   "config": "{}",
   "emplid": 200000222,
   "first_name": "Qbumbfiv",
   "last_name": "Student",
   "middle_name": "",
   "pref_first_name": "Qbum",
   "title": null,
   "userid": "0fff4"
  },
  "model": "coredata.person",
  "pk": 122
 },
 {
  "fields": {
   "config": "{}",
   "emplid": 200000317,
   "first_name": "Qcrpopty",
   "last_name": "Student",
   "middle_name": "",
   "pref_first_name": "Qcrp",
   "title": null,
   "userid": "0jjj15"
  },
  "model": "coredata.person",
  "pk": 217
 },
 {
  "fields": {
   "config": "{}",
   "emplid": 200000372,
   "first_name": "Qfxhsnuv",
   "last_name": "Student",
   "middle_name": "",
   "pref_first_name": "Qfxh",
   "title": null,
   "userid": "0mmm7"
  },
  "model": "coredata.person",
  "pk": 272
 },
 {
  "fields": {
   "config": "{}",
   "emplid": 200000573,
   "first_name": "Qgexflax",
   "last_name": "Student",
   "middle_name": "",
   "pref_first_name": "Qgex",
   "title": null,
   "userid": "0vvv19"
  },
  "model": "coredata.person",
  "pk": 473
 },
 {
  "fields": {
   "config": "{}",
   "emplid": 200000241,
   "first_name": "Qifwmihm",
   "last_name": "Student",
   "middle_name": "",
   "pref_first_name": "Qifw",
   "title": null,
   "userid": "0ggg2"
  },
  "model": "coredata.person",
  "pk": 141
 },
 {
  "fields": {
   "config": "{}",
   "emplid": 200000130,
   "first_name": "Qjvkvzpv",
   "last_name": "Student",
   "middle_name": "",
   "pref_first_name": "Qjvk",
   "title": null,
   "userid": "0aaa17"
  },
  "model": "coredata.person",
  "pk": 30
 },
 {
  "fields": {
   "config": "{}",
   "emplid": 200000298,
   "first_name": "Qkfpeisf",
   "last_name": "Student",
   "middle_name": "",
   "pref_first_name": "Qkfp",
   "title": null,
   "userid": "0iii17"
  },
  "model": "coredata.person",
  "pk": 198
 },
 {
  "fields": {
   "config": "{}",
   "emplid": 200000546,
   "first_name": "Qkjbrvvs",
   "last_name": "Student",
   "middle_name": "",
   "pref_first_name": "Qkjb",
   "title": null,
   "userid": "0uuu13"
  },
  "model": "coredata.person",
  "pk": 446
 },
 {
  "fields": {
   "config": "{}",
   "emplid": 200000303,
   "first_name": "Qkzechig",
   "last_name": "Student",
   "middle_name": "",
   "pref_first_name": "Qkze",
   "title": null,
   "userid": "0jjj1"
  },
  "model": "coredata.person",
  "pk": 203
 },
 {
  "fields": {
   "config": "{}",
   "emplid": 200000138,
   "first_name": "Qmarrduh",
   "last_name": "Student",
   "middle_name": "",
   "pref_first_name": "Qmar",
   "title": null,
   "userid": "0bbb4"
  },
  "model": "coredata.person",
  "pk": 38
 },
 {
  "fields": {
   "config": "{}",
   "emplid": 200000645,
   "first_name": "Qmlwdihu",
   "last_name": "Student",
   "middle_name": "",
   "pref_first_name": "Qmlw",
   "title": null,
   "userid": "0zzz7"
  },
  "model": "coredata.person",
  "pk": 545
 },
 {
  "fields": {
   "config": "{}",
   "emplid": 200000549,
   "first_name": "Qofrfmyk",
   "last_name": "Student",
   "middle_name": "",
   "pref_first_name": "Qofr",
   "title": null,
   "userid": "0uuu16"
  },
  "model": "coredata.person",
  "pk": 449
 },
 {
  "fields": {
   "config": "{}",
   "emplid": 200000186,
   "first_name": "Qolxnfcb",
   "last_name": "Student",
   "middle_name": "",
   "pref_first_name": "Qolx",
   "title": null,
   "userid": "0ddd10"
  },
  "model": "coredata.person",
  "pk": 86
 },
 {
  "fields": {
   "config": "{}",
   "emplid": 200000338,
   "first_name": "Qpynlknr",
   "last_name": "Student",
   "middle_name": "",
   "pref_first_name": "Qpyn",
   "title": null,
   "userid": "0kkk15"
  },
  "model": "coredata.person",
  "pk": 238
 },
 {
  "fields": {
   "config": "{}",
   "emplid": 200000240,
   "first_name": "Qrouvote",
   "last_name": "Student",
   "middle_name": "",
   "pref_first_name": "Qrou",
   "title": null,
   "userid": "0ggg1"
  },
  "model": "coredata.person",
  "pk": 140
 },
 {
  "fields": {
   "config": "{}",
   "emplid": 200000461,
   "first_name": "Qsaieevg",
   "last_name": "Student",
   "middle_name": "",
   "pref_first_name": "Qsai",
   "title": null,
   "userid": "0qqq12"
  },
  "model": "coredata.person",
  "pk": 361
 },
 {
  "fields": {
   "config": "{}",
   "emplid": 200000484,
   "first_name": "Qthutjao",
   "last_name": "Student",
   "middle_name": "",
   "pref_first_name": "Qthu",
   "title": null,
   "userid": "0rrr14"
  },
  "model": "coredata.person",
  "pk": 384
 },
 {
  "fields": {
   "config": "{}",
   "emplid": 200000121,
   "first_name": "Qtisoqnl",
   "last_name": "Student",
   "middle_name": "",
   "pref_first_name": "Qtis",
   "title": null,
   "userid": "0aaa8"
  },
  "model": "coredata.person",
  "pk": 21
 },
 {
  "fields": {
   "config": "{}",
   "emplid": 200000309,
   "first_name": "Qvnfqywg",
   "last_name": "Student",
   "middle_name": "",
   "pref_first_name": "Qvnf",
   "title": null,
   "userid": "0jjj7"
  },
  "model": "coredata.person",
  "pk": 209
 },
 {
  "fields": {
   "config": "{}",
   "emplid": 200000172,
   "first_name": "Rdjyuydd",
   "last_name": "Student",
   "middle_name": "",
   "pref_first_name": "Rdjy",
   "title": null,
   "userid": "0ccc17"
  },
  "model": "coredata.person",
  "pk": 72
 },
 {
  "fields": {
   "config": "{}",
   "emplid": 200000195,
   "first_name": "Rgryhoze",
   "last_name": "Student",
   "middle_name": "",
   "pref_first_name": "Rgry",
   "title": null,
   "userid": "0ddd19"
  },
  "model": "coredata.person",
  "pk": 95
 },
 {
  "fields": {
   "config": "{}",
   "emplid": 200000594,
   "first_name": "Rhcubgcn",
   "last_name": "Student",
   "middle_name": "",
   "pref_first_name": "Rhcu",
   "title": null,
   "userid": "0www19"
  },
  "model": "coredata.person",
  "pk": 494
 },
 {
  "fields": {
   "config": "{}",
   "emplid": 200000576,
   "first_name": "Rkcujpgr",
   "last_name": "Student",
   "middle_name": "",
   "pref_first_name": "Rkcu",
   "title": null,
   "userid": "0www1"
  },
  "model": "coredata.person",
  "pk": 476
 },
 {
  "fields": {
   "config": "{}",
   "emplid": 200000244,
   "first_name": "Rldddqeh",
   "last_name": "Student",
   "middle_name": "",
   "pref_first_name": "Rldd",
   "title": null,
   "userid": "0ggg5"
  },
  "model": "coredata.person",
  "pk": 144
 },
 {
  "fields": {
   "config": "{}",
   "emplid": 200000168,
   "first_name": "Rlpndjka",
   "last_name": "Student",
   "middle_name": "",
   "pref_first_name": "Rlpn",
   "title": null,
   "userid": "0ccc13"
  },
  "model": "coredata.person",
  "pk": 68
 },
 {
  "fields": {
   "config": "{}",
   "emplid": 200000404,
   "first_name": "Rmsldezt",
   "last_name": "Student",
   "middle_name": "",
   "pref_first_name": "Rmsl",
   "title": null,
   "userid": "0nnn18"
  },
  "model": "coredata.person",
  "pk": 304
 },
 {
  "fields": {
   "config": "{}",
   "emplid": 200000501,
   "first_name": "Rntxubzy",
   "last_name": "Student",
   "middle_name": "",
   "pref_first_name": "Rntx",
   "title": null,
   "userid": "0sss10"
  },
  "model": "coredata.person",
  "pk": 401
 },
 {
  "fields": {
   "config": "{}",
   "emplid": 200000157,
   "first_name": "Rqduknpb",
   "last_name": "Student",
   "middle_name": "",
   "pref_first_name": "Rqdu",
   "title": null,
   "userid": "0ccc2"
  },
  "model": "coredata.person",
  "pk": 57
 },
 {
  "fields": {
   "config": "{}",
   "emplid": 200000120,
   "first_name": "Rrdvdosh",
   "last_name": "Student",
   "middle_name": "",
   "pref_first_name": "Rrdv",
   "title": null,
   "userid": "0aaa7"
  },
  "model": "coredata.person",
  "pk": 20
 },
 {
  "fields": {
   "config": "{}",
   "emplid": 200000170,
   "first_name": "Rrjfiuit",
   "last_name": "Student",
   "middle_name": "",
   "pref_first_name": "Rrjf",
   "title": null,
   "userid": "0ccc15"
  },
  "model": "coredata.person",
  "pk": 70
 },
 {
  "fields": {
   "config": "{}",
   "emplid": 200000493,
   "first_name": "Rtmplghh",
   "last_name": "Student",
   "middle_name": "",
   "pref_first_name": "Rtmp",
   "title": null,
   "userid": "0sss2"
  },
  "model": "coredata.person",
  "pk": 393
 },
 {
  "fields": {
   "config": "{}",
   "emplid": 200000641,
   "first_name": "Rtrwfrli",
   "last_name": "Student",
   "middle_name": "",
   "pref_first_name": "Rtrw",
   "title": null,
   "userid": "0zzz3"
  },
  "model": "coredata.person",
  "pk": 541
 },
 {
  "fields": {
   "config": "{}",
   "emplid": 200000570,
   "first_name": "Rtxlppxb",
   "last_name": "Student",
   "middle_name": "",
   "pref_first_name": "Rtxl",
   "title": null,
   "userid": "0vvv16"
  },
  "model": "coredata.person",
  "pk": 470
 },
 {
  "fields": {
   "config": "{}",
   "emplid": 200000652,
   "first_name": "Ruvmuxik",
   "last_name": "Student",
   "middle_name": "",
   "pref_first_name": "Ruvm",
   "title": null,
   "userid": "0zzz14"
  },
  "model": "coredata.person",
  "pk": 552
 },
 {
  "fields": {
   "config": "{}",
   "emplid": 200000169,
   "first_name": "Rzvrpeoj",
   "last_name": "Student",
   "middle_name": "",
   "pref_first_name": "Rzvr",
   "title": null,
   "userid": "0ccc14"
  },
  "model": "coredata.person",
  "pk": 69
 },
 {
  "fields": {
   "config": "{}",
   "emplid": 200000405,
   "first_name": "Sarshfik",
   "last_name": "Student",
   "middle_name": "",
   "pref_first_name": "Sars",
   "title": null,
   "userid": "0nnn19"
  },
  "model": "coredata.person",
  "pk": 305
 },
 {
  "fields": {
   "config": "{}",
   "emplid": 200000359,
   "first_name": "Savjxqgl",
   "last_name": "Student",
   "middle_name": "",
   "pref_first_name": "Savj",
   "title": null,
   "userid": "0lll15"
  },
  "model": "coredata.person",
  "pk": 259
 },
 {
  "fields": {
   "config": "{}",
   "emplid": 200000409,
   "first_name": "Sdlmxcox",
   "last_name": "Student",
   "middle_name": "",
   "pref_first_name": "Sdlm",
   "title": null,
   "userid": "0ooo2"
  },
  "model": "coredata.person",
  "pk": 309
 },
 {
  "fields": {
   "config": "{}",
   "emplid": 200000495,
   "first_name": "Sdurapqc",
   "last_name": "Student",
   "middle_name": "",
   "pref_first_name": "Sdur",
   "title": null,
   "userid": "0sss4"
  },
  "model": "coredata.person",
  "pk": 395
 },
 {
  "fields": {
   "config": "{}",
   "emplid": 200000269,
   "first_name": "Sggbmskg",
   "last_name": "Student",
   "middle_name": "",
   "pref_first_name": "Sggb",
   "title": null,
   "userid": "0hhh9"
  },
  "model": "coredata.person",
  "pk": 169
 },
 {
  "fields": {
   "config": "{}",
   "emplid": 200000588,
   "first_name": "Sinwibll",
   "last_name": "Student",
   "middle_name": "",
   "pref_first_name": "Sinw",
   "title": null,
   "userid": "0www13"
  },
  "model": "coredata.person",
  "pk": 488
 },
 {
  "fields": {
   "config": "{}",
   "emplid": 200000513,
   "first_name": "Skazvzuk",
   "last_name": "Student",
   "middle_name": "",
   "pref_first_name": "Skaz",
   "title": null,
   "userid": "0ttt1"
  },
  "model": "coredata.person",
  "pk": 413
 },
 {
  "fields": {
   "config": "{}",
   "emplid": 200000555,
   "first_name": "Skzruhey",
   "last_name": "Student",
   "middle_name": "",
   "pref_first_name": "Skzr",
   "title": null,
   "userid": "0vvv1"
  },
  "model": "coredata.person",
  "pk": 455
 },
 {
  "fields": {
   "config": "{}",
   "emplid": 200000181,
   "first_name": "Snshhjuu",
   "last_name": "Student",
   "middle_name": "",
   "pref_first_name": "Snsh",
   "title": null,
   "userid": "0ddd5"
  },
  "model": "coredata.person",
  "pk": 81
 },
 {
  "fields": {
   "config": "{}",
   "emplid": 200000264,
   "first_name": "Sqcxpqwp",
   "last_name": "Student",
   "middle_name": "",
   "pref_first_name": "Sqcx",
   "title": null,
   "userid": "0hhh4"
  },
  "model": "coredata.person",
  "pk": 164
 },
 {
  "fields": {
   "config": "{}",
   "emplid": 200000249,
   "first_name": "Sqvjknwb",
   "last_name": "Student",
   "middle_name": "",
   "pref_first_name": "Sqvj",
   "title": null,
   "userid": "0ggg10"
  },
  "model": "coredata.person",
  "pk": 149
 },
 {
  "fields": {
   "config": "{}",
   "emplid": 200000451,
   "first_name": "Srjskxav",
   "last_name": "Student",
   "middle_name": "",
   "pref_first_name": "Srjs",
   "title": null,
   "userid": "0qqq2"
  },
  "model": "coredata.person",
  "pk": 351
 },
 {
  "fields": {
   "config": "{}",
   "emplid": 200000577,
   "first_name": "Srxomtkc",
   "last_name": "Student",
   "middle_name": "",
   "pref_first_name": "Srxo",
   "title": null,
   "userid": "0www2"
  },
  "model": "coredata.person",
  "pk": 477
 },
 {
  "fields": {
   "config": "{}",
   "emplid": 200000543,
   "first_name": "Sscybxwb",
   "last_name": "Student",
   "middle_name": "",
   "pref_first_name": "Sscy",
   "title": null,
   "userid": "0uuu10"
  },
  "model": "coredata.person",
  "pk": 443
 },
 {
  "fields": {
   "config": "{}",
   "emplid": 200000605,
   "first_name": "Stghdcrr",
   "last_name": "Student",
   "middle_name": "",
   "pref_first_name": "Stgh",
   "title": null,
   "userid": "0xxx9"
  },
  "model": "coredata.person",
  "pk": 505
 },
 {
  "fields": {
   "config": "{}",
   "emplid": 200000275,
   "first_name": "Swqtvsiz",
   "last_name": "Student",
   "middle_name": "",
   "pref_first_name": "Swqt",
   "title": null,
   "userid": "0hhh15"
  },
  "model": "coredata.person",
  "pk": 175
 },
 {
  "fields": {
   "config": "{}",
   "emplid": 200000545,
   "first_name": "Sxnegejd",
   "last_name": "Student",
   "middle_name": "",
   "pref_first_name": "Sxne",
   "title": null,
   "userid": "0uuu12"
  },
  "model": "coredata.person",
  "pk": 445
 },
 {
  "fields": {
   "config": "{}",
   "emplid": 200000203,
   "first_name": "Syjvcaqw",
   "last_name": "Student",
   "middle_name": "",
   "pref_first_name": "Syjv",
   "title": null,
   "userid": "0eee6"
  },
  "model": "coredata.person",
  "pk": 103
 },
 {
  "fields": {
   "config": "{}",
   "emplid": 200000415,
   "first_name": "Tefzqbpg",
   "last_name": "Student",
   "middle_name": "",
   "pref_first_name": "Tefz",
   "title": null,
   "userid": "0ooo8"
  },
  "model": "coredata.person",
  "pk": 315
 },
 {
  "fields": {
   "config": "{}",
   "emplid": 200000623,
   "first_name": "Tegjsjgr",
   "last_name": "Student",
   "middle_name": "",
   "pref_first_name": "Tegj",
   "title": null,
   "userid": "0yyy6"
  },
  "model": "coredata.person",
  "pk": 523
 },
 {
  "fields": {
   "config": "{}",
   "emplid": 200000341,
   "first_name": "Tfehdlqc",
   "last_name": "Student",
   "middle_name": "",
   "pref_first_name": "Tfeh",
   "title": null,
   "userid": "0kkk18"
  },
  "model": "coredata.person",
  "pk": 241
 },
 {
  "fields": {
   "config": "{}",
   "emplid": 200000600,
   "first_name": "Tfrzfokr",
   "last_name": "Student",
   "middle_name": "",
   "pref_first_name": "Tfrz",
   "title": null,
   "userid": "0xxx4"
  },
  "model": "coredata.person",
  "pk": 500
 },
 {
  "fields": {
   "config": "{}",
   "emplid": 200000357,
   "first_name": "Thqcqzda",
   "last_name": "Student",
   "middle_name": "",
   "pref_first_name": "Thqc",
   "title": null,
   "userid": "0lll13"
  },
  "model": "coredata.person",
  "pk": 257
 },
 {
  "fields": {
   "config": "{}",
   "emplid": 200000155,
   "first_name": "Tizxccsq",
   "last_name": "Student",
   "middle_name": "",
   "pref_first_name": "Tizx",
   "title": null,
   "userid": "0ccc0"
  },
  "model": "coredata.person",
  "pk": 55
 },
 {
  "fields": {
   "config": "{}",
   "emplid": 200000582,
   "first_name": "Tmuqfgjn",
   "last_name": "Student",
   "middle_name": "",
   "pref_first_name": "Tmuq",
   "title": null,
   "userid": "0www7"
  },
  "model": "coredata.person",
  "pk": 482
 },
 {
  "fields": {
   "config": "{}",
   "emplid": 200000353,
   "first_name": "Tnawwrrw",
   "last_name": "Student",
   "middle_name": "",
   "pref_first_name": "Tnaw",
   "title": null,
   "userid": "0lll9"
  },
  "model": "coredata.person",
  "pk": 253
 },
 {
  "fields": {
   "config": "{}",
   "emplid": 200000445,
   "first_name": "Toedpint",
   "last_name": "Student",
   "middle_name": "",
   "pref_first_name": "Toed",
   "title": null,
   "userid": "0ppp17"
  },
  "model": "coredata.person",
  "pk": 345
 },
 {
  "fields": {
   "config": "{}",
   "emplid": 200000225,
   "first_name": "Tqjhqraj",
   "last_name": "Student",
   "middle_name": "",
   "pref_first_name": "Tqjh",
   "title": null,
   "userid": "0fff7"
  },
  "model": "coredata.person",
  "pk": 125
 },
 {
  "fields": {
   "config": "{}",
   "emplid": 200000255,
   "first_name": "Tqtysozp",
   "last_name": "Student",
   "middle_name": "",
   "pref_first_name": "Tqty",
   "title": null,
   "userid": "0ggg16"
  },
  "model": "coredata.person",
  "pk": 155
 },
 {
  "fields": {
   "config": "{}",
   "emplid": 200000164,
   "first_name": "Tsdetlcb",
   "last_name": "Student",
   "middle_name": "",
   "pref_first_name": "Tsde",
   "title": null,
   "userid": "0ccc9"
  },
  "model": "coredata.person",
  "pk": 64
 },
 {
  "fields": {
   "config": "{}",
   "emplid": 200000498,
   "first_name": "Tsxrzwcl",
   "last_name": "Student",
   "middle_name": "",
   "pref_first_name": "Tsxr",
   "title": null,
   "userid": "0sss7"
  },
  "model": "coredata.person",
  "pk": 398
 },
 {
  "fields": {
   "config": "{}",
   "emplid": 200000131,
   "first_name": "Tszaoryt",
   "last_name": "Student",
   "middle_name": "",
   "pref_first_name": "Tsza",
   "title": null,
   "userid": "0aaa18"
  },
  "model": "coredata.person",
  "pk": 31
 },
 {
  "fields": {
   "config": "{}",
   "emplid": 200000403,
   "first_name": "Tuagenha",
   "last_name": "Student",
   "middle_name": "",
   "pref_first_name": "Tuag",
   "title": null,
   "userid": "0nnn17"
  },
  "model": "coredata.person",
  "pk": 303
 },
 {
  "fields": {
   "config": "{}",
   "emplid": 200000653,
   "first_name": "Tvrmumgg",
   "last_name": "Student",
   "middle_name": "",
   "pref_first_name": "Tvrm",
   "title": null,
   "userid": "0zzz15"
  },
  "model": "coredata.person",
  "pk": 553
 },
 {
  "fields": {
   "config": "{}",
   "emplid": 200000446,
   "first_name": "Tyejpbes",
   "last_name": "Student",
   "middle_name": "",
   "pref_first_name": "Tyej",
   "title": null,
   "userid": "0ppp18"
  },
  "model": "coredata.person",
  "pk": 346
 },
 {
  "fields": {
   "config": "{}",
   "emplid": 200000307,
   "first_name": "Tytwkjyo",
   "last_name": "Student",
   "middle_name": "",
   "pref_first_name": "Tytw",
   "title": null,
   "userid": "0jjj5"
  },
  "model": "coredata.person",
  "pk": 207
 },
 {
  "fields": {
   "config": "{}",
   "emplid": 200000347,
   "first_name": "Tyyalhch",
   "last_name": "Student",
   "middle_name": "",
   "pref_first_name": "Tyya",
   "title": null,
   "userid": "0lll3"
  },
  "model": "coredata.person",
  "pk": 247
 },
 {
  "fields": {
   "config": "{}",
   "emplid": 200000579,
   "first_name": "Tzppxkzi",
   "last_name": "Student",
   "middle_name": "",
   "pref_first_name": "Tzpp",
   "title": null,
   "userid": "0www4"
  },
  "model": "coredata.person",
  "pk": 479
 },
 {
  "fields": {
   "config": "{}",
   "emplid": 200000355,
   "first_name": "Udfgnjhy",
   "last_name": "Student",
   "middle_name": "",
   "pref_first_name": "Udfg",
   "title": null,
   "userid": "0lll11"
  },
  "model": "coredata.person",
  "pk": 255
 },
 {
  "fields": {
   "config": "{}",
   "emplid": 200000205,
   "first_name": "Udsffhuy",
   "last_name": "Student",
   "middle_name": "",
   "pref_first_name": "Udsf",
   "title": null,
   "userid": "0eee8"
  },
  "model": "coredata.person",
  "pk": 105
 },
 {
  "fields": {
   "config": "{}",
   "emplid": 200000346,
   "first_name": "Ufbulqxc",
   "last_name": "Student",
   "middle_name": "",
   "pref_first_name": "Ufbu",
   "title": null,
   "userid": "0lll2"
  },
  "model": "coredata.person",
  "pk": 246
 },
 {
  "fields": {
   "config": "{}",
   "emplid": 200000575,
   "first_name": "Ufwyglcp",
   "last_name": "Student",
   "middle_name": "",
   "pref_first_name": "Ufwy",
   "title": null,
   "userid": "0www0"
  },
  "model": "coredata.person",
  "pk": 475
 },
 {
  "fields": {
   "config": "{}",
   "emplid": 200000311,
   "first_name": "Ugudrrdt",
   "last_name": "Student",
   "middle_name": "",
   "pref_first_name": "Ugud",
   "title": null,
   "userid": "0jjj9"
  },
  "model": "coredata.person",
  "pk": 211
 },
 {
  "fields": {
   "config": "{}",
   "emplid": 200000158,
   "first_name": "Ujewocfa",
   "last_name": "Student",
   "middle_name": "",
   "pref_first_name": "Ujew",
   "title": null,
   "userid": "0ccc3"
  },
  "model": "coredata.person",
  "pk": 58
 },
 {
  "fields": {
   "config": "{}",
   "emplid": 200000339,
   "first_name": "Ukzkynhw",
   "last_name": "Student",
   "middle_name": "",
   "pref_first_name": "Ukzk",
   "title": null,
   "userid": "0kkk16"
  },
  "model": "coredata.person",
  "pk": 239
 },
 {
  "fields": {
   "config": "{}",
   "emplid": 200000248,
   "first_name": "Umitpzqa",
   "last_name": "Student",
   "middle_name": "",
   "pref_first_name": "Umit",
   "title": null,
   "userid": "0ggg9"
  },
  "model": "coredata.person",
  "pk": 148
 },
 {
  "fields": {
   "config": "{}",
   "emplid": 200000374,
   "first_name": "Unnoxlln",
   "last_name": "Student",
   "middle_name": "",
   "pref_first_name": "Unno",
   "title": null,
   "userid": "0mmm9"
  },
  "model": "coredata.person",
  "pk": 274
 },
 {
  "fields": {
   "config": "{}",
   "emplid": 200000516,
   "first_name": "Upkertoc",
   "last_name": "Student",
   "middle_name": "",
   "pref_first_name": "Upke",
   "title": null,
   "userid": "0ttt4"
  },
  "model": "coredata.person",
  "pk": 416
 },
 {
  "fields": {
   "config": "{}",
   "emplid": 200000348,
   "first_name": "Upltdidn",
   "last_name": "Student",
   "middle_name": "",
   "pref_first_name": "Uplt",
   "title": null,
   "userid": "0lll4"
  },
  "model": "coredata.person",
  "pk": 248
 },
 {
  "fields": {
   "config": "{}",
   "emplid": 200000283,
   "first_name": "Uqyuxfha",
   "last_name": "Student",
   "middle_name": "",
   "pref_first_name": "Uqyu",
   "title": null,
   "userid": "0iii2"
  },
  "model": "coredata.person",
  "pk": 183
 },
 {
  "fields": {
   "config": "{}",
   "emplid": 200000185,
   "first_name": "Urlzyddp",
   "last_name": "Student",
   "middle_name": "",
   "pref_first_name": "Urlz",
   "title": null,
   "userid": "0ddd9"
  },
  "model": "coredata.person",
  "pk": 85
 },
 {
  "fields": {
   "config": "{}",
   "emplid": 200000151,
   "first_name": "Utfplpia",
   "last_name": "Student",
   "middle_name": "",
   "pref_first_name": "Utfp",
   "title": null,
   "userid": "0bbb17"
  },
  "model": "coredata.person",
  "pk": 51
 },
 {
  "fields": {
   "config": "{}",
   "emplid": 200000457,
   "first_name": "Utuiuusl",
   "last_name": "Student",
   "middle_name": "",
   "pref_first_name": "Utui",
   "title": null,
   "userid": "0qqq8"
  },
  "model": "coredata.person",
  "pk": 357
 },
 {
  "fields": {
   "config": "{}",
   "emplid": 200000379,
   "first_name": "Uucgqaho",
   "last_name": "Student",
   "middle_name": "",
   "pref_first_name": "Uucg",
   "title": null,
   "userid": "0mmm14"
  },
  "model": "coredata.person",
  "pk": 279
 },
 {
  "fields": {
   "config": "{}",
   "emplid": 200000479,
   "first_name": "Uuibwgcc",
   "last_name": "Student",
   "middle_name": "",
   "pref_first_name": "Uuib",
   "title": null,
   "userid": "0rrr9"
  },
  "model": "coredata.person",
  "pk": 379
 },
 {
  "fields": {
   "config": "{}",
   "emplid": 200000440,
   "first_name": "Uytpseaa",
   "last_name": "Student",
   "middle_name": "",
   "pref_first_name": "Uytp",
   "title": null,
   "userid": "0ppp12"
  },
  "model": "coredata.person",
  "pk": 340
 },
 {
  "fields": {
   "config": "{}",
   "emplid": 200000392,
   "first_name": "Vcxdlnbx",
   "last_name": "Student",
   "middle_name": "",
   "pref_first_name": "Vcxd",
   "title": null,
   "userid": "0nnn6"
  },
  "model": "coredata.person",
  "pk": 292
 },
 {
  "fields": {
   "config": "{}",
   "emplid": 200000590,
   "first_name": "Vdhsoshb",
   "last_name": "Student",
   "middle_name": "",
   "pref_first_name": "Vdhs",
   "title": null,
   "userid": "0www15"
  },
  "model": "coredata.person",
  "pk": 490
 },
 {
  "fields": {
   "config": "{}",
   "emplid": 200000606,
   "first_name": "Vdsdovgm",
   "last_name": "Student",
   "middle_name": "",
   "pref_first_name": "Vdsd",
   "title": null,
   "userid": "0xxx10"
  },
  "model": "coredata.person",
  "pk": 506
 },
 {
  "fields": {
   "config": "{}",
   "emplid": 200000369,
   "first_name": "Vexconue",
   "last_name": "Student",
   "middle_name": "",
   "pref_first_name": "Vexc",
   "title": null,
   "userid": "0mmm4"
  },
  "model": "coredata.person",
  "pk": 269
 },
 {
  "fields": {
   "config": "{}",
   "emplid": 200000629,
   "first_name": "Vfbxkexj",
   "last_name": "Student",
   "middle_name": "",
   "pref_first_name": "Vfbx",
   "title": null,
   "userid": "0yyy12"
  },
  "model": "coredata.person",
  "pk": 529
 },
 {
  "fields": {
   "config": "{}",
   "emplid": 200000226,
   "first_name": "Vfegbkoa",
   "last_name": "Student",
   "middle_name": "",
   "pref_first_name": "Vfeg",
   "title": null,
   "userid": "0fff8"
  },
  "model": "coredata.person",
  "pk": 126
 },
 {
  "fields": {
   "config": "{}",
   "emplid": 200000474,
   "first_name": "Vfyxyicq",
   "last_name": "Student",
   "middle_name": "",
   "pref_first_name": "Vfyx",
   "title": null,
   "userid": "0rrr4"
  },
  "model": "coredata.person",
  "pk": 374
 },
 {
  "fields": {
   "config": "{}",
   "emplid": 200000520,
   "first_name": "Vgjnxgov",
   "last_name": "Student",
   "middle_name": "",
   "pref_first_name": "Vgjn",
   "title": null,
   "userid": "0ttt8"
  },
  "model": "coredata.person",
  "pk": 420
 },
 {
  "fields": {
   "config": "{}",
   "emplid": 200000425,
   "first_name": "Vgqznaya",
   "last_name": "Student",
   "middle_name": "",
   "pref_first_name": "Vgqz",
   "title": null,
   "userid": "0ooo18"
  },
  "model": "coredata.person",
  "pk": 325
 },
 {
  "fields": {
   "config": "{}",
   "emplid": 200000566,
   "first_name": "Visnlspz",
   "last_name": "Student",
   "middle_name": "",
   "pref_first_name": "Visn",
   "title": null,
   "userid": "0vvv12"
  },
  "model": "coredata.person",
  "pk": 466
 },
 {
  "fields": {
   "config": "{}",
   "emplid": 200000558,
   "first_name": "Vjdchknl",
   "last_name": "Student",
   "middle_name": "",
   "pref_first_name": "Vjdc",
   "title": null,
   "userid": "0vvv4"
  },
  "model": "coredata.person",
  "pk": 458
 },
 {
  "fields": {
   "config": "{}",
   "emplid": 200000350,
   "first_name": "Vjvxdxlp",
   "last_name": "Student",
   "middle_name": "",
   "pref_first_name": "Vjvx",
   "title": null,
   "userid": "0lll6"
  },
  "model": "coredata.person",
  "pk": 250
 },
 {
  "fields": {
   "config": "{}",
   "emplid": 200000503,
   "first_name": "Vkuktxum",
   "last_name": "Student",
   "middle_name": "",
   "pref_first_name": "Vkuk",
   "title": null,
   "userid": "0sss12"
  },
  "model": "coredata.person",
  "pk": 403
 },
 {
  "fields": {
   "config": "{}",
   "emplid": 200000368,
   "first_name": "Vlqouhfv",
   "last_name": "Student",
   "middle_name": "",
   "pref_first_name": "Vlqo",
   "title": null,
   "userid": "0mmm3"
  },
  "model": "coredata.person",
  "pk": 268
 },
 {
  "fields": {
   "config": "{}",
   "emplid": 200000603,
   "first_name": "Vlsooahx",
   "last_name": "Student",
   "middle_name": "",
   "pref_first_name": "Vlso",
   "title": null,
   "userid": "0xxx7"
  },
  "model": "coredata.person",
  "pk": 503
 },
 {
  "fields": {
   "config": "{}",
   "emplid": 200000257,
   "first_name": "Vqbbfluj",
   "last_name": "Student",
   "middle_name": "",
   "pref_first_name": "Vqbb",
   "title": null,
   "userid": "0ggg18"
  },
  "model": "coredata.person",
  "pk": 157
 },
 {
  "fields": {
   "config": "{}",
   "emplid": 200000212,
   "first_name": "Vqemzcdz",
   "last_name": "Student",
   "middle_name": "",
   "pref_first_name": "Vqem",
   "title": null,
   "userid": "0eee15"
  },
  "model": "coredata.person",
  "pk": 112
 },
 {
  "fields": {
   "config": "{}",
   "emplid": 200000656,
   "first_name": "Vqrhpxjd",
   "last_name": "Student",
   "middle_name": "",
   "pref_first_name": "Vqrh",
   "title": null,
   "userid": "0zzz18"
  },
  "model": "coredata.person",
  "pk": 556
 },
 {
  "fields": {
   "config": "{}",
   "emplid": 200000529,
   "first_name": "Vrolupfq",
   "last_name": "Student",
   "middle_name": "",
   "pref_first_name": "Vrol",
   "title": null,
   "userid": "0ttt17"
  },
  "model": "coredata.person",
  "pk": 429
 },
 {
  "fields": {
   "config": "{}",
   "emplid": 200000220,
   "first_name": "Vrxcgbrd",
   "last_name": "Student",
   "middle_name": "",
   "pref_first_name": "Vrxc",
   "title": null,
   "userid": "0fff2"
  },
  "model": "coredata.person",
  "pk": 120
 },
 {
  "fields": {
   "config": "{}",
   "emplid": 200000179,
   "first_name": "Vtiogqlp",
   "last_name": "Student",
   "middle_name": "",
   "pref_first_name": "Vtio",
   "title": null,
   "userid": "0ddd3"
  },
  "model": "coredata.person",
  "pk": 79
 },
 {
  "fields": {
   "config": "{}",
   "emplid": 200000271,
   "first_name": "Vtjsfrfz",
   "last_name": "Student",
   "middle_name": "",
   "pref_first_name": "Vtjs",
   "title": null,
   "userid": "0hhh11"
  },
  "model": "coredata.person",
  "pk": 171
 },
 {
  "fields": {
   "config": "{}",
   "emplid": 200000198,
   "first_name": "Vuiffbhc",
   "last_name": "Student",
   "middle_name": "",
   "pref_first_name": "Vuif",
   "title": null,
   "userid": "0eee1"
  },
  "model": "coredata.person",
  "pk": 98
 },
 {
  "fields": {
   "config": "{}",
   "emplid": 200000197,
   "first_name": "Vuskakil",
   "last_name": "Student",
   "middle_name": "",
   "pref_first_name": "Vusk",
   "title": null,
   "userid": "0eee0"
  },
  "model": "coredata.person",
  "pk": 97
 },
 {
  "fields": {
   "config": "{}",
   "emplid": 200000527,
   "first_name": "Vviqorlk",
   "last_name": "Student",
   "middle_name": "",
   "pref_first_name": "Vviq",
   "title": null,
   "userid": "0ttt15"
  },
  "model": "coredata.person",
  "pk": 427
 },
 {
  "fields": {
   "config": "{}",
   "emplid": 200000252,
   "first_name": "Vvyeusnx",
   "last_name": "Student",
   "middle_name": "",
   "pref_first_name": "Vvye",
   "title": null,
   "userid": "0ggg13"
  },
  "model": "coredata.person",
  "pk": 152
 },
 {
  "fields": {
   "config": "{}",
   "emplid": 200000113,
   "first_name": "Vxhzgxcm",
   "last_name": "Student",
   "middle_name": "",
   "pref_first_name": "Vxhz",
   "title": null,
   "userid": "0aaa0"
  },
  "model": "coredata.person",
  "pk": 13
 },
 {
  "fields": {
   "config": "{}",
   "emplid": 200000534,
   "first_name": "Vxjpftjp",
   "last_name": "Student",
   "middle_name": "",
   "pref_first_name": "Vxjp",
   "title": null,
   "userid": "0uuu1"
  },
  "model": "coredata.person",
  "pk": 434
 },
 {
  "fields": {
   "config": "{}",
   "emplid": 200000234,
   "first_name": "Vxvgaswi",
   "last_name": "Student",
   "middle_name": "",
   "pref_first_name": "Vxvg",
   "title": null,
   "userid": "0fff16"
  },
  "model": "coredata.person",
  "pk": 134
 },
 {
  "fields": {
   "config": "{}",
   "emplid": 200000188,
   "first_name": "Wezgzkeg",
   "last_name": "Student",
   "middle_name": "",
   "pref_first_name": "Wezg",
   "title": null,
   "userid": "0ddd12"
  },
  "model": "coredata.person",
  "pk": 88
 },
 {
  "fields": {
   "config": "{}",
   "emplid": 200000192,
   "first_name": "Wftvcphm",
   "last_name": "Student",
   "middle_name": "",
   "pref_first_name": "Wftv",
   "title": null,
   "userid": "0ddd16"
  },
  "model": "coredata.person",
  "pk": 92
 },
 {
  "fields": {
   "config": "{}",
   "emplid": 200000137,
   "first_name": "Whphenlb",
   "last_name": "Student",
   "middle_name": "",
   "pref_first_name": "Whph",
   "title": null,
   "userid": "0bbb3"
  },
  "model": "coredata.person",
  "pk": 37
 },
 {
  "fields": {
   "config": "{}",
   "emplid": 200000569,
   "first_name": "Whsdrooz",
   "last_name": "Student",
   "middle_name": "",
   "pref_first_name": "Whsd",
   "title": null,
   "userid": "0vvv15"
  },
  "model": "coredata.person",
  "pk": 469
 },
 {
  "fields": {
   "config": "{}",
   "emplid": 200000335,
   "first_name": "Wicaztbd",
   "last_name": "Student",
   "middle_name": "",
   "pref_first_name": "Wica",
   "title": null,
   "userid": "0kkk12"
  },
  "model": "coredata.person",
  "pk": 235
 },
 {
  "fields": {
   "config": "{}",
   "emplid": 200000437,
   "first_name": "Wjptpnko",
   "last_name": "Student",
   "middle_name": "",
   "pref_first_name": "Wjpt",
   "title": null,
   "userid": "0ppp9"
  },
  "model": "coredata.person",
  "pk": 337
 },
 {
  "fields": {
   "config": "{}",
   "emplid": 200000219,
   "first_name": "Wlkoluzk",
   "last_name": "Student",
   "middle_name": "",
   "pref_first_name": "Wlko",
   "title": null,
   "userid": "0fff1"
  },
  "model": "coredata.person",
  "pk": 119
 },
 {
  "fields": {
   "config": "{}",
   "emplid": 200000388,
   "first_name": "Wltsnear",
   "last_name": "Student",
   "middle_name": "",
   "pref_first_name": "Wlts",
   "title": null,
   "userid": "0nnn2"
  },
  "model": "coredata.person",
  "pk": 288
 },
 {
  "fields": {
   "config": "{}",
   "emplid": 200000578,
   "first_name": "Wmhmuclw",
   "last_name": "Student",
   "middle_name": "",
   "pref_first_name": "Wmhm",
   "title": null,
   "userid": "0www3"
  },
  "model": "coredata.person",
  "pk": 478
 },
 {
  "fields": {
   "config": "{}",
   "emplid": 200000313,
   "first_name": "Wmsxxicq",
   "last_name": "Student",
   "middle_name": "",
   "pref_first_name": "Wmsx",
   "title": null,
   "userid": "0jjj11"
  },
  "model": "coredata.person",
  "pk": 213
 },
 {
  "fields": {
   "config": "{}",
   "emplid": 200000378,
   "first_name": "Wpsqkasf",
   "last_name": "Student",
   "middle_name": "",
   "pref_first_name": "Wpsq",
   "title": null,
   "userid": "0mmm13"
  },
  "model": "coredata.person",
  "pk": 278
 },
 {
  "fields": {
   "config": "{}",
   "emplid": 200000242,
   "first_name": "Wsulbset",
   "last_name": "Student",
   "middle_name": "",
   "pref_first_name": "Wsul",
   "title": null,
   "userid": "0ggg3"
  },
  "model": "coredata.person",
  "pk": 142
 },
 {
  "fields": {
   "config": "{}",
   "emplid": 200000314,
   "first_name": "Wumsiglr",
   "last_name": "Student",
   "middle_name": "",
   "pref_first_name": "Wums",
   "title": null,
   "userid": "0jjj12"
  },
  "model": "coredata.person",
  "pk": 214
 },
 {
  "fields": {
   "config": "{}",
   "emplid": 200000207,
   "first_name": "Wysstrva",
   "last_name": "Student",
   "middle_name": "",
   "pref_first_name": "Wyss",
   "title": null,
   "userid": "0eee10"
  },
  "model": "coredata.person",
  "pk": 107
 },
 {
  "fields": {
   "config": "{}",
   "emplid": 200000455,
   "first_name": "Xauyuyao",
   "last_name": "Student",
   "middle_name": "",
   "pref_first_name": "Xauy",
   "title": null,
   "userid": "0qqq6"
  },
  "model": "coredata.person",
  "pk": 355
 },
 {
  "fields": {
   "config": "{}",
   "emplid": 200000649,
   "first_name": "Xbliixve",
   "last_name": "Student",
   "middle_name": "",
   "pref_first_name": "Xbli",
   "title": null,
   "userid": "0zzz11"
  },
  "model": "coredata.person",
  "pk": 549
 },
 {
  "fields": {
   "config": "{}",
   "emplid": 200000523,
   "first_name": "Xcqmwqmj",
   "last_name": "Student",
   "middle_name": "",
   "pref_first_name": "Xcqm",
   "title": null,
   "userid": "0ttt11"
  },
  "model": "coredata.person",
  "pk": 423
 },
 {
  "fields": {
   "config": "{}",
   "emplid": 200000376,
   "first_name": "Xcwnmsjs",
   "last_name": "Student",
   "middle_name": "",
   "pref_first_name": "Xcwn",
   "title": null,
   "userid": "0mmm11"
  },
  "model": "coredata.person",
  "pk": 276
 },
 {
  "fields": {
   "config": "{}",
   "emplid": 200000454,
   "first_name": "Xfaftxkw",
   "last_name": "Student",
   "middle_name": "",
   "pref_first_name": "Xfaf",
   "title": null,
   "userid": "0qqq5"
  },
  "model": "coredata.person",
  "pk": 354
 },
 {
  "fields": {
   "config": "{}",
   "emplid": 200000141,
   "first_name": "Xfmyrqnt",
   "last_name": "Student",
   "middle_name": "",
   "pref_first_name": "Xfmy",
   "title": null,
   "userid": "0bbb7"
  },
  "model": "coredata.person",
  "pk": 41
 },
 {
  "fields": {
   "config": "{}",
   "emplid": 200000360,
   "first_name": "Xhtwsgwh",
   "last_name": "Student",
   "middle_name": "",
   "pref_first_name": "Xhtw",
   "title": null,
   "userid": "0lll16"
  },
  "model": "coredata.person",
  "pk": 260
 },
 {
  "fields": {
   "config": "{}",
   "emplid": 200000216,
   "first_name": "Xiabmihx",
   "last_name": "Student",
   "middle_name": "",
   "pref_first_name": "Xiab",
   "title": null,
   "userid": "0eee19"
  },
  "model": "coredata.person",
  "pk": 116
 },
 {
  "fields": {
   "config": "{}",
   "emplid": 200000139,
   "first_name": "Xjfqelsh",
   "last_name": "Student",
   "middle_name": "",
   "pref_first_name": "Xjfq",
   "title": null,
   "userid": "0bbb5"
  },
  "model": "coredata.person",
  "pk": 39
 },
 {
  "fields": {
   "config": "{}",
   "emplid": 200000262,
   "first_name": "Xljzhogm",
   "last_name": "Student",
   "middle_name": "",
   "pref_first_name": "Xljz",
   "title": null,
   "userid": "0hhh2"
  },
  "model": "coredata.person",
  "pk": 162
 },
 {
  "fields": {
   "config": "{}",
   "emplid": 200000586,
   "first_name": "Xmdwjado",
   "last_name": "Student",
   "middle_name": "",
   "pref_first_name": "Xmdw",
   "title": null,
   "userid": "0www11"
  },
  "model": "coredata.person",
  "pk": 486
 },
 {
  "fields": {
   "config": "{}",
   "emplid": 200000619,
   "first_name": "Xoiphmka",
   "last_name": "Student",
   "middle_name": "",
   "pref_first_name": "Xoip",
   "title": null,
   "userid": "0yyy2"
  },
  "model": "coredata.person",
  "pk": 519
 },
 {
  "fields": {
   "config": "{}",
   "emplid": 200000412,
   "first_name": "Xovreoxy",
   "last_name": "Student",
   "middle_name": "",
   "pref_first_name": "Xovr",
   "title": null,
   "userid": "0ooo5"
  },
  "model": "coredata.person",
  "pk": 312
 },
 {
  "fields": {
   "config": "{}",
   "emplid": 200000580,
   "first_name": "Xpurpwvm",
   "last_name": "Student",
   "middle_name": "",
   "pref_first_name": "Xpur",
   "title": null,
   "userid": "0www5"
  },
  "model": "coredata.person",
  "pk": 480
 },
 {
  "fields": {
   "config": "{}",
   "emplid": 200000428,
   "first_name": "Xrngjljz",
   "last_name": "Student",
   "middle_name": "",
   "pref_first_name": "Xrng",
   "title": null,
   "userid": "0ppp0"
  },
  "model": "coredata.person",
  "pk": 328
 },
 {
  "fields": {
   "config": "{}",
   "emplid": 200000552,
   "first_name": "Xrrmiqeg",
   "last_name": "Student",
   "middle_name": "",
   "pref_first_name": "Xrrm",
   "title": null,
   "userid": "0uuu19"
  },
  "model": "coredata.person",
  "pk": 452
 },
 {
  "fields": {
   "config": "{}",
   "emplid": 200000200,
   "first_name": "Xslidsru",
   "last_name": "Student",
   "middle_name": "",
   "pref_first_name": "Xsli",
   "title": null,
   "userid": "0eee3"
  },
  "model": "coredata.person",
  "pk": 100
 },
 {
  "fields": {
   "config": "{}",
   "emplid": 200000162,
   "first_name": "Xsxcbxnu",
   "last_name": "Student",
   "middle_name": "",
   "pref_first_name": "Xsxc",
   "title": null,
   "userid": "0ccc7"
  },
  "model": "coredata.person",
  "pk": 62
 },
 {
  "fields": {
   "config": "{}",
   "emplid": 200000116,
   "first_name": "Xtulsyfb",
   "last_name": "Student",
   "middle_name": "",
   "pref_first_name": "Xtul",
   "title": null,
   "userid": "0aaa3"
  },
  "model": "coredata.person",
  "pk": 16
 },
 {
  "fields": {
   "config": "{}",
   "emplid": 200000187,
   "first_name": "Xvqxykpy",
   "last_name": "Student",
   "middle_name": "",
   "pref_first_name": "Xvqx",
   "title": null,
   "userid": "0ddd11"
  },
  "model": "coredata.person",
  "pk": 87
 },
 {
  "fields": {
   "config": "{}",
   "emplid": 200000422,
   "first_name": "Xvutfklp",
   "last_name": "Student",
   "middle_name": "",
   "pref_first_name": "Xvut",
   "title": null,
   "userid": "0ooo15"
  },
  "model": "coredata.person",
  "pk": 322
 },
 {
  "fields": {
   "config": "{}",
   "emplid": 200000173,
   "first_name": "Xxwbaiay",
   "last_name": "Student",
   "middle_name": "",
   "pref_first_name": "Xxwb",
   "title": null,
   "userid": "0ccc18"
  },
  "model": "coredata.person",
  "pk": 73
 },
 {
  "fields": {
   "config": "{}",
   "emplid": 200000591,
   "first_name": "Yaelyyxq",
   "last_name": "Student",
   "middle_name": "",
   "pref_first_name": "Yael",
   "title": null,
   "userid": "0www16"
  },
  "model": "coredata.person",
  "pk": 491
 },
 {
  "fields": {
   "config": "{}",
   "emplid": 200000597,
   "first_name": "Yaxywdob",
   "last_name": "Student",
   "middle_name": "",
   "pref_first_name": "Yaxy",
   "title": null,
   "userid": "0xxx1"
  },
  "model": "coredata.person",
  "pk": 497
 },
 {
  "fields": {
   "config": "{}",
   "emplid": 200000299,
   "first_name": "Ybhcpiqt",
   "last_name": "Student",
   "middle_name": "",
   "pref_first_name": "Ybhc",
   "title": null,
   "userid": "0iii18"
  },
  "model": "coredata.person",
  "pk": 199
 },
 {
  "fields": {
   "config": "{}",
   "emplid": 200000127,
   "first_name": "Ycfvlprr",
   "last_name": "Student",
   "middle_name": "",
   "pref_first_name": "Ycfv",
   "title": null,
   "userid": "0aaa14"
  },
  "model": "coredata.person",
  "pk": 27
 },
 {
  "fields": {
   "config": "{}",
   "emplid": 200000462,
   "first_name": "Yeajpyog",
   "last_name": "Student",
   "middle_name": "",
   "pref_first_name": "Yeaj",
   "title": null,
   "userid": "0qqq13"
  },
  "model": "coredata.person",
  "pk": 362
 },
 {
  "fields": {
   "config": "{}",
   "emplid": 200000647,
   "first_name": "Yepvakmf",
   "last_name": "Student",
   "middle_name": "",
   "pref_first_name": "Yepv",
   "title": null,
   "userid": "0zzz9"
  },
  "model": "coredata.person",
  "pk": 547
 },
 {
  "fields": {
   "config": "{}",
   "emplid": 200000525,
   "first_name": "Ygstnnhg",
   "last_name": "Student",
   "middle_name": "",
   "pref_first_name": "Ygst",
   "title": null,
   "userid": "0ttt13"
  },
  "model": "coredata.person",
  "pk": 425
 },
 {
  "fields": {
   "config": "{}",
   "emplid": 200000122,
   "first_name": "Yiujdmxh",
   "last_name": "Student",
   "middle_name": "",
   "pref_first_name": "Yiuj",
   "title": null,
   "userid": "0aaa9"
  },
  "model": "coredata.person",
  "pk": 22
 },
 {
  "fields": {
   "config": "{}",
   "emplid": 200000488,
   "first_name": "Yjjrpazx",
   "last_name": "Student",
   "middle_name": "",
   "pref_first_name": "Yjjr",
   "title": null,
   "userid": "0rrr18"
  },
  "model": "coredata.person",
  "pk": 388
 },
 {
  "fields": {
   "config": "{}",
   "emplid": 200000417,
   "first_name": "Yjvrvoxg",
   "last_name": "Student",
   "middle_name": "",
   "pref_first_name": "Yjvr",
   "title": null,
   "userid": "0ooo10"
  },
  "model": "coredata.person",
  "pk": 317
 },
 {
  "fields": {
   "config": "{}",
   "emplid": 200000614,
   "first_name": "Yloppuwh",
   "last_name": "Student",
   "middle_name": "",
   "pref_first_name": "Ylop",
   "title": null,
   "userid": "0xxx18"
  },
  "model": "coredata.person",
  "pk": 514
 },
 {
  "fields": {
   "config": "{}",
   "emplid": 200000381,
   "first_name": "Ylxjtufg",
   "last_name": "Student",
   "middle_name": "",
   "pref_first_name": "Ylxj",
   "title": null,
   "userid": "0mmm16"
  },
  "model": "coredata.person",
  "pk": 281
 },
 {
  "fields": {
   "config": "{}",
   "emplid": 200000620,
   "first_name": "Yneanpmx",
   "last_name": "Student",
   "middle_name": "",
   "pref_first_name": "Ynea",
   "title": null,
   "userid": "0yyy3"
  },
  "model": "coredata.person",
  "pk": 520
 },
 {
  "fields": {
   "config": "{}",
   "emplid": 200000483,
   "first_name": "Yobfzbdc",
   "last_name": "Student",
   "middle_name": "",
   "pref_first_name": "Yobf",
   "title": null,
   "userid": "0rrr13"
  },
  "model": "coredata.person",
  "pk": 383
 },
 {
  "fields": {
   "config": "{}",
   "emplid": 200000517,
   "first_name": "Yovbbslu",
   "last_name": "Student",
   "middle_name": "",
   "pref_first_name": "Yovb",
   "title": null,
   "userid": "0ttt5"
  },
  "model": "coredata.person",
  "pk": 417
 },
 {
  "fields": {
   "config": "{}",
   "emplid": 200000134,
   "first_name": "Yqmspuus",
   "last_name": "Student",
   "middle_name": "",
   "pref_first_name": "Yqms",
   "title": null,
   "userid": "0bbb0"
  },
  "model": "coredata.person",
  "pk": 34
 },
 {
  "fields": {
   "config": "{}",
   "emplid": 200000613,
   "first_name": "Yqorhkxn",
   "last_name": "Student",
   "middle_name": "",
   "pref_first_name": "Yqor",
   "title": null,
   "userid": "0xxx17"
  },
  "model": "coredata.person",
  "pk": 513
 },
 {
  "fields": {
   "config": "{}",
   "emplid": 200000260,
   "first_name": "Yqwwgilo",
   "last_name": "Student",
   "middle_name": "",
   "pref_first_name": "Yqww",
   "title": null,
   "userid": "0hhh0"
  },
  "model": "coredata.person",
  "pk": 160
 },
 {
  "fields": {
   "config": "{}",
   "emplid": 200000521,
   "first_name": "Yrbjxbhy",
   "last_name": "Student",
   "middle_name": "",
   "pref_first_name": "Yrbj",
   "title": null,
   "userid": "0ttt9"
  },
  "model": "coredata.person",
  "pk": 421
 },
 {
  "fields": {
   "config": "{}",
   "emplid": 200000285,
   "first_name": "Ytxhjiiy",
   "last_name": "Student",
   "middle_name": "",
   "pref_first_name": "Ytxh",
   "title": null,
   "userid": "0iii4"
  },
  "model": "coredata.person",
  "pk": 185
 },
 {
  "fields": {
   "config": "{}",
   "emplid": 200000302,
   "first_name": "Yxritwqk",
   "last_name": "Student",
   "middle_name": "",
   "pref_first_name": "Yxri",
   "title": null,
   "userid": "0jjj0"
  },
  "model": "coredata.person",
  "pk": 202
 },
 {
  "fields": {
   "config": "{}",
   "emplid": 200000191,
   "first_name": "Zaaegfju",
   "last_name": "Student",
   "middle_name": "",
   "pref_first_name": "Zaae",
   "title": null,
   "userid": "0ddd15"
  },
  "model": "coredata.person",
  "pk": 91
 },
 {
  "fields": {
   "config": "{}",
   "emplid": 200000585,
   "first_name": "Zaaocyhq",
   "last_name": "Student",
   "middle_name": "",
   "pref_first_name": "Zaao",
   "title": null,
   "userid": "0www10"
  },
  "model": "coredata.person",
  "pk": 485
 },
 {
  "fields": {
   "config": "{}",
   "emplid": 200000227,
   "first_name": "Zdiprshj",
   "last_name": "Student",
   "middle_name": "",
   "pref_first_name": "Zdip",
   "title": null,
   "userid": "0fff9"
  },
  "model": "coredata.person",
  "pk": 127
 },
 {
  "fields": {
   "config": "{}",
   "emplid": 200000467,
   "first_name": "Zgzdrdnz",
   "last_name": "Student",
   "middle_name": "",
   "pref_first_name": "Zgzd",
   "title": null,
   "userid": "0qqq18"
  },
  "model": "coredata.person",
  "pk": 367
 },
 {
  "fields": {
   "config": "{}",
   "emplid": 200000609,
   "first_name": "Zhahyasr",
   "last_name": "Student",
   "middle_name": "",
   "pref_first_name": "Zhah",
   "title": null,
   "userid": "0xxx13"
  },
  "model": "coredata.person",
  "pk": 509
 },
 {
  "fields": {
   "config": "{}",
   "emplid": 200000320,
   "first_name": "Zhpjdzhp",
   "last_name": "Student",
   "middle_name": "",
   "pref_first_name": "Zhpj",
   "title": null,
   "userid": "0jjj18"
  },
  "model": "coredata.person",
  "pk": 220
 },
 {
  "fields": {
   "config": "{}",
   "emplid": 200000365,
   "first_name": "Ziawzbbe",
   "last_name": "Student",
   "middle_name": "",
   "pref_first_name": "Ziaw",
   "title": null,
   "userid": "0mmm0"
  },
  "model": "coredata.person",
  "pk": 265
 },
 {
  "fields": {
   "config": "{}",
   "emplid": 200000539,
   "first_name": "Zivdvyye",
   "last_name": "Student",
   "middle_name": "",
   "pref_first_name": "Zivd",
   "title": null,
   "userid": "0uuu6"
  },
  "model": "coredata.person",
  "pk": 439
 },
 {
  "fields": {
   "config": "{}",
   "emplid": 200000153,
   "first_name": "Zkqqfgcj",
   "last_name": "Student",
   "middle_name": "",
   "pref_first_name": "Zkqq",
   "title": null,
   "userid": "0bbb19"
  },
  "model": "coredata.person",
  "pk": 53
 },
 {
  "fields": {
   "config": "{}",
   "emplid": 200000592,
   "first_name": "Zldjrfki",
   "last_name": "Student",
   "middle_name": "",
   "pref_first_name": "Zldj",
   "title": null,
   "userid": "0www17"
  },
  "model": "coredata.person",
  "pk": 492
 },
 {
  "fields": {
   "config": "{}",
   "emplid": 200000373,
   "first_name": "Zlrrcvur",
   "last_name": "Student",
   "middle_name": "",
   "pref_first_name": "Zlrr",
   "title": null,
   "userid": "0mmm8"
  },
  "model": "coredata.person",
  "pk": 273
 },
 {
  "fields": {
   "config": "{}",
   "emplid": 200000367,
   "first_name": "Zpozmczj",
   "last_name": "Student",
   "middle_name": "",
   "pref_first_name": "Zpoz",
   "title": null,
   "userid": "0mmm2"
  },
  "model": "coredata.person",
  "pk": 267
 },
 {
  "fields": {
   "config": "{}",
   "emplid": 200000426,
   "first_name": "Zrcogsol",
   "last_name": "Student",
   "middle_name": "",
   "pref_first_name": "Zrco",
   "title": null,
   "userid": "0ooo19"
  },
  "model": "coredata.person",
  "pk": 326
 },
 {
  "fields": {
   "config": "{}",
   "emplid": 200000247,
   "first_name": "Ztrsbaum",
   "last_name": "Student",
   "middle_name": "",
   "pref_first_name": "Ztrs",
   "title": null,
   "userid": "0ggg8"
  },
  "model": "coredata.person",
  "pk": 147
 },
 {
  "fields": {
   "config": "{}",
   "emplid": 200000544,
   "first_name": "Zxdyglpv",
   "last_name": "Student",
   "middle_name": "",
   "pref_first_name": "Zxdy",
   "title": null,
   "userid": "0uuu11"
  },
  "model": "coredata.person",
  "pk": 444
 },
 {
  "fields": {
   "config": "{}",
   "emplid": 200000497,
   "first_name": "Zxijskwz",
   "last_name": "Student",
   "middle_name": "",
   "pref_first_name": "Zxij",
   "title": null,
   "userid": "0sss6"
  },
  "model": "coredata.person",
  "pk": 397
 },
 {
  "fields": {
   "config": "{}",
   "emplid": 200000628,
   "first_name": "Zykwceaf",
   "last_name": "Student",
   "middle_name": "",
   "pref_first_name": "Zykw",
   "title": null,
   "userid": "0yyy11"
  },
  "model": "coredata.person",
  "pk": 528
 },
 {
  "fields": {
   "config": "{}",
   "emplid": 200000384,
   "first_name": "Zyzocdif",
   "last_name": "Student",
   "middle_name": "",
   "pref_first_name": "Zyzo",
   "title": null,
   "userid": "0mmm19"
  },
  "model": "coredata.person",
  "pk": 284
 },
 {
  "fields": {
   "config": "{}",
   "emplid": 200000551,
   "first_name": "Zzzdatil",
   "last_name": "Student",
   "middle_name": "",
   "pref_first_name": "Zzzd",
   "title": null,
   "userid": "0uuu18"
  },
  "model": "coredata.person",
  "pk": 451
 },
 {
  "fields": {
   "config": "{}",
   "emplid": 200000112,
   "first_name": "Evgenia",
   "last_name": "Ternovska",
   "middle_name": "",
   "pref_first_name": "Evgenia",
   "title": "Ms",
   "userid": "ter"
  },
  "model": "coredata.person",
  "pk": 3
 },
 {
  "fields": {
   "config": "{}",
   "emplid": 200000661,
   "first_name": "Danyu",
   "last_name": "Zhao",
   "middle_name": null,
   "pref_first_name": "Danyu",
   "title": null,
   "userid": "dzhao"
  },
  "model": "coredata.person",
  "pk": 561
 },
 {
  "fields": {
   "added_reason": "AUTO",
   "career": "NONS",
   "config": "{}",
   "credits": 0,
   "labtut_section": null,
   "offering": 17,
   "official_grade": null,
   "person": 1,
   "role": "INST"
  },
  "model": "coredata.member",
  "pk": 1
 },
 {
  "fields": {
   "added_reason": "AUTO",
   "career": "NONS",
   "config": "{}",
   "credits": 0,
   "labtut_section": null,
   "offering": 17,
   "official_grade": null,
   "person": 411,
   "role": "TA"
  },
  "model": "coredata.member",
  "pk": 36
 },
 {
  "fields": {
   "added_reason": "AUTO",
   "career": "NONS",
   "config": "{}",
   "credits": 0,
   "labtut_section": null,
   "offering": 17,
   "official_grade": null,
   "person": 559,
   "role": "TA"
  },
  "model": "coredata.member",
  "pk": 498
 },
 {
  "fields": {
   "added_reason": "AUTO",
   "career": "UGRD",
   "config": "{}",
   "credits": 3,
   "labtut_section": null,
   "offering": 17,
   "official_grade": null,
   "person": 406,
   "role": "STUD"
  },
  "model": "coredata.member",
  "pk": 31
 },
 {
  "fields": {
   "added_reason": "AUTO",
   "career": "UGRD",
   "config": "{}",
   "credits": 3,
   "labtut_section": null,
   "offering": 17,
   "official_grade": null,
   "person": 405,
   "role": "STUD"
  },
  "model": "coredata.member",
  "pk": 30
 },
 {
  "fields": {
   "added_reason": "AUTO",
   "career": "UGRD",
   "config": "{}",
   "credits": 3,
   "labtut_section": null,
   "offering": 17,
   "official_grade": null,
   "person": 400,
   "role": "STUD"
  },
  "model": "coredata.member",
  "pk": 25
 },
 {
  "fields": {
   "added_reason": "AUTO",
   "career": "UGRD",
   "config": "{}",
   "credits": 3,
   "labtut_section": null,
   "offering": 17,
   "official_grade": null,
   "person": 404,
   "role": "STUD"
  },
  "model": "coredata.member",
  "pk": 29
 },
 {
  "fields": {
   "added_reason": "AUTO",
   "career": "UGRD",
   "config": "{}",
   "credits": 3,
   "labtut_section": null,
   "offering": 17,
   "official_grade": null,
   "person": 392,
   "role": "STUD"
  },
  "model": "coredata.member",
  "pk": 17
 },
 {
  "fields": {
   "added_reason": "AUTO",
   "career": "UGRD",
   "config": "{}",
   "credits": 3,
   "labtut_section": "D101",
   "offering": 17,
   "official_grade": null,
   "person": 14,
   "role": "STUD"
  },
  "model": "coredata.member",
  "pk": 479
 },
 {
  "fields": {
   "added_reason": "AUTO",
   "career": "UGRD",
   "config": "{}",
   "credits": 3,
   "labtut_section": null,
   "offering": 17,
   "official_grade": null,
   "person": 402,
   "role": "STUD"
  },
  "model": "coredata.member",
  "pk": 27
 },
 {
  "fields": {
   "added_reason": "AUTO",
   "career": "UGRD",
   "config": "{}",
   "credits": 3,
   "labtut_section": "D104",
   "offering": 17,
   "official_grade": null,
   "person": 32,
   "role": "STUD"
  },
  "model": "coredata.member",
  "pk": 497
 },
 {
  "fields": {
   "added_reason": "AUTO",
   "career": "UGRD",
   "config": "{}",
   "credits": 3,
   "labtut_section": null,
   "offering": 17,
   "official_grade": null,
   "person": 394,
   "role": "STUD"
  },
  "model": "coredata.member",
  "pk": 19
 },
 {
  "fields": {
   "added_reason": "AUTO",
   "career": "UGRD",
   "config": "{}",
   "credits": 3,
   "labtut_section": "D102",
   "offering": 17,
   "official_grade": null,
   "person": 26,
   "role": "STUD"
  },
  "model": "coredata.member",
  "pk": 491
 },
 {
  "fields": {
   "added_reason": "AUTO",
   "career": "UGRD",
   "config": "{}",
   "credits": 3,
   "labtut_section": null,
   "offering": 17,
   "official_grade": null,
   "person": 396,
   "role": "STUD"
  },
  "model": "coredata.member",
  "pk": 21
 },
 {
  "fields": {
   "added_reason": "AUTO",
   "career": "UGRD",
   "config": "{}",
   "credits": 3,
   "labtut_section": "D102",
   "offering": 17,
   "official_grade": null,
   "person": 23,
   "role": "STUD"
  },
  "model": "coredata.member",
  "pk": 488
 },
 {
  "fields": {
   "added_reason": "AUTO",
   "career": "UGRD",
   "config": "{}",
   "credits": 3,
   "labtut_section": null,
   "offering": 17,
   "official_grade": null,
   "person": 407,
   "role": "STUD"
  },
  "model": "coredata.member",
  "pk": 32
 },
 {
  "fields": {
   "added_reason": "AUTO",
   "career": "UGRD",
   "config": "{}",
   "credits": 3,
   "labtut_section": null,
   "offering": 17,
   "official_grade": null,
   "person": 391,
   "role": "STUD"
  },
  "model": "coredata.member",
  "pk": 16
 },
 {
  "fields": {
   "added_reason": "AUTO",
   "career": "UGRD",
   "config": "{}",
   "credits": 3,
   "labtut_section": "D103",
   "offering": 17,
   "official_grade": null,
   "person": 18,
   "role": "STUD"
  },
  "model": "coredata.member",
  "pk": 483
 },
 {
  "fields": {
   "added_reason": "AUTO",
   "career": "UGRD",
   "config": "{}",
   "credits": 3,
   "labtut_section": "D101",
   "offering": 17,
   "official_grade": null,
   "person": 29,
   "role": "STUD"
  },
  "model": "coredata.member",
  "pk": 494
 },
 {
  "fields": {
   "added_reason": "AUTO",
   "career": "UGRD",
   "config": "{}",
   "credits": 3,
   "labtut_section": null,
   "offering": 17,
   "official_grade": null,
   "person": 409,
   "role": "STUD"
  },
  "model": "coredata.member",
  "pk": 34
 },
 {
  "fields": {
   "added_reason": "AUTO",
   "career": "UGRD",
   "config": "{}",
   "credits": 3,
   "labtut_section": "D103",
   "offering": 17,
   "official_grade": null,
   "person": 17,
   "role": "STUD"
  },
  "model": "coredata.member",
  "pk": 482
 },
 {
  "fields": {
   "added_reason": "AUTO",
   "career": "UGRD",
   "config": "{}",
   "credits": 3,
   "labtut_section": "D102",
   "offering": 17,
   "official_grade": null,
   "person": 15,
   "role": "STUD"
  },
  "model": "coredata.member",
  "pk": 480
 },
 {
  "fields": {
   "added_reason": "AUTO",
   "career": "UGRD",
   "config": "{}",
   "credits": 3,
   "labtut_section": "D103",
   "offering": 17,
   "official_grade": null,
   "person": 25,
   "role": "STUD"
  },
  "model": "coredata.member",
  "pk": 490
 },
 {
  "fields": {
   "added_reason": "AUTO",
   "career": "UGRD",
   "config": "{}",
   "credits": 3,
   "labtut_section": null,
   "offering": 17,
   "official_grade": null,
   "person": 399,
   "role": "STUD"
  },
  "model": "coredata.member",
  "pk": 24
 },
 {
  "fields": {
   "added_reason": "AUTO",
   "career": "UGRD",
   "config": "{}",
   "credits": 3,
   "labtut_section": null,
   "offering": 17,
   "official_grade": null,
   "person": 408,
   "role": "STUD"
  },
  "model": "coredata.member",
  "pk": 33
 },
 {
  "fields": {
   "added_reason": "AUTO",
   "career": "UGRD",
   "config": "{}",
   "credits": 3,
   "labtut_section": "D104",
   "offering": 17,
   "official_grade": null,
   "person": 24,
   "role": "STUD"
  },
  "model": "coredata.member",
  "pk": 489
 },
 {
  "fields": {
   "added_reason": "AUTO",
   "career": "UGRD",
   "config": "{}",
   "credits": 3,
   "labtut_section": null,
   "offering": 17,
   "official_grade": null,
   "person": 410,
   "role": "STUD"
  },
  "model": "coredata.member",
  "pk": 35
 },
 {
  "fields": {
   "added_reason": "AUTO",
   "career": "UGRD",
   "config": "{}",
   "credits": 3,
   "labtut_section": "D103",
   "offering": 17,
   "official_grade": null,
   "person": 28,
   "role": "STUD"
  },
  "model": "coredata.member",
  "pk": 493
 },
 {
  "fields": {
   "added_reason": "AUTO",
   "career": "UGRD",
   "config": "{}",
   "credits": 3,
   "labtut_section": "D103",
   "offering": 17,
   "official_grade": null,
   "person": 19,
   "role": "STUD"
  },
  "model": "coredata.member",
  "pk": 484
 },
 {
  "fields": {
   "added_reason": "AUTO",
   "career": "UGRD",
   "config": "{}",
   "credits": 3,
   "labtut_section": "D102",
   "offering": 17,
   "official_grade": null,
   "person": 30,
   "role": "STUD"
  },
  "model": "coredata.member",
  "pk": 495
 },
 {
  "fields": {
   "added_reason": "AUTO",
   "career": "UGRD",
   "config": "{}",
   "credits": 3,
   "labtut_section": "D102",
   "offering": 17,
   "official_grade": null,
   "person": 21,
   "role": "STUD"
  },
  "model": "coredata.member",
  "pk": 486
 },
 {
  "fields": {
   "added_reason": "AUTO",
   "career": "UGRD",
   "config": "{}",
   "credits": 3,
   "labtut_section": null,
   "offering": 17,
   "official_grade": null,
   "person": 401,
   "role": "STUD"
  },
  "model": "coredata.member",
  "pk": 26
 },
 {
  "fields": {
   "added_reason": "AUTO",
   "career": "UGRD",
   "config": "{}",
   "credits": 3,
   "labtut_section": "D102",
   "offering": 17,
   "official_grade": null,
   "person": 20,
   "role": "STUD"
  },
  "model": "coredata.member",
  "pk": 485
 },
 {
  "fields": {
   "added_reason": "AUTO",
   "career": "UGRD",
   "config": "{}",
   "credits": 3,
   "labtut_section": null,
   "offering": 17,
   "official_grade": null,
   "person": 393,
   "role": "STUD"
  },
  "model": "coredata.member",
  "pk": 18
 },
 {
  "fields": {
   "added_reason": "AUTO",
   "career": "UGRD",
   "config": "{}",
   "credits": 3,
   "labtut_section": null,
   "offering": 17,
   "official_grade": null,
   "person": 395,
   "role": "STUD"
  },
  "model": "coredata.member",
  "pk": 20
 },
 {
  "fields": {
   "added_reason": "AUTO",
   "career": "UGRD",
   "config": "{}",
   "credits": 3,
   "labtut_section": null,
   "offering": 17,
   "official_grade": null,
   "person": 398,
   "role": "STUD"
  },
  "model": "coredata.member",
  "pk": 23
 },
 {
  "fields": {
   "added_reason": "AUTO",
   "career": "UGRD",
   "config": "{}",
   "credits": 3,
   "labtut_section": "D102",
   "offering": 17,
   "official_grade": null,
   "person": 31,
   "role": "STUD"
  },
  "model": "coredata.member",
  "pk": 496
 },
 {
  "fields": {
   "added_reason": "AUTO",
   "career": "UGRD",
   "config": "{}",
   "credits": 3,
   "labtut_section": null,
   "offering": 17,
   "official_grade": null,
   "person": 403,
   "role": "STUD"
  },
  "model": "coredata.member",
  "pk": 28
 },
 {
  "fields": {
   "added_reason": "AUTO",
   "career": "UGRD",
   "config": "{}",
   "credits": 3,
   "labtut_section": "D102",
   "offering": 17,
   "official_grade": null,
   "person": 13,
   "role": "STUD"
  },
  "model": "coredata.member",
  "pk": 478
 },
 {
  "fields": {
   "added_reason": "AUTO",
   "career": "UGRD",
   "config": "{}",
   "credits": 3,
   "labtut_section": "D103",
   "offering": 17,
   "official_grade": null,
   "person": 16,
   "role": "STUD"
  },
  "model": "coredata.member",
  "pk": 481
 },
 {
  "fields": {
   "added_reason": "AUTO",
   "career": "UGRD",
   "config": "{}",
   "credits": 3,
   "labtut_section": "D102",
   "offering": 17,
   "official_grade": null,
   "person": 27,
   "role": "STUD"
  },
  "model": "coredata.member",
  "pk": 492
 },
 {
  "fields": {
   "added_reason": "AUTO",
   "career": "UGRD",
   "config": "{}",
   "credits": 3,
   "labtut_section": "D102",
   "offering": 17,
   "official_grade": null,
   "person": 22,
   "role": "STUD"
  },
  "model": "coredata.member",
  "pk": 487
 },
 {
  "fields": {
   "added_reason": "AUTO",
   "career": "UGRD",
   "config": "{}",
   "credits": 3,
   "labtut_section": null,
   "offering": 17,
   "official_grade": null,
   "person": 397,
   "role": "STUD"
  },
  "model": "coredata.member",
  "pk": 22
 },
 {
  "fields": {
   "added_reason": "AUTO",
   "career": "NONS",
   "config": "{}",
   "credits": 0,
   "labtut_section": null,
   "offering": 20,
   "official_grade": null,
   "person": 1,
   "role": "INST"
  },
  "model": "coredata.member",
  "pk": 2
 },
 {
  "fields": {
   "added_reason": "AUTO",
   "career": "NONS",
   "config": "{}",
   "credits": 0,
   "labtut_section": null,
   "offering": 20,
   "official_grade": null,
   "person": 96,
   "role": "TA"
  },
  "model": "coredata.member",
  "pk": 57
 },
 {
  "fields": {
   "added_reason": "AUTO",
   "career": "UGRD",
   "config": "{}",
   "credits": 3,
   "labtut_section": null,
   "offering": 20,
   "official_grade": null,
   "person": 90,
   "role": "STUD"
  },
  "model": "coredata.member",
  "pk": 51
 },
 {
  "fields": {
   "added_reason": "AUTO",
   "career": "UGRD",
   "config": "{}",
   "credits": 3,
   "labtut_section": null,
   "offering": 20,
   "official_grade": null,
   "person": 89,
   "role": "STUD"
  },
  "model": "coredata.member",
  "pk": 50
 },
 {
  "fields": {
   "added_reason": "AUTO",
   "career": "UGRD",
   "config": "{}",
   "credits": 3,
   "labtut_section": null,
   "offering": 20,
   "official_grade": null,
   "person": 80,
   "role": "STUD"
  },
  "model": "coredata.member",
  "pk": 41
 },
 {
  "fields": {
   "added_reason": "AUTO",
   "career": "UGRD",
   "config": "{}",
   "credits": 3,
   "labtut_section": null,
   "offering": 20,
   "official_grade": null,
   "person": 82,
   "role": "STUD"
  },
  "model": "coredata.member",
  "pk": 43
 },
 {
  "fields": {
   "added_reason": "AUTO",
   "career": "UGRD",
   "config": "{}",
   "credits": 3,
   "labtut_section": null,
   "offering": 20,
   "official_grade": null,
   "person": 84,
   "role": "STUD"
  },
  "model": "coredata.member",
  "pk": 45
 },
 {
  "fields": {
   "added_reason": "AUTO",
   "career": "UGRD",
   "config": "{}",
   "credits": 3,
   "labtut_section": null,
   "offering": 20,
   "official_grade": null,
   "person": 83,
   "role": "STUD"
  },
  "model": "coredata.member",
  "pk": 44
 },
 {
  "fields": {
   "added_reason": "AUTO",
   "career": "UGRD",
   "config": "{}",
   "credits": 3,
   "labtut_section": null,
   "offering": 20,
   "official_grade": null,
   "person": 93,
   "role": "STUD"
  },
  "model": "coredata.member",
  "pk": 54
 },
 {
  "fields": {
   "added_reason": "AUTO",
   "career": "UGRD",
   "config": "{}",
   "credits": 3,
   "labtut_section": null,
   "offering": 20,
   "official_grade": null,
   "person": 78,
   "role": "STUD"
  },
  "model": "coredata.member",
  "pk": 39
 },
 {
  "fields": {
   "added_reason": "AUTO",
   "career": "UGRD",
   "config": "{}",
   "credits": 3,
   "labtut_section": null,
   "offering": 20,
   "official_grade": null,
   "person": 76,
   "role": "STUD"
  },
  "model": "coredata.member",
  "pk": 37
 },
 {
  "fields": {
   "added_reason": "AUTO",
   "career": "UGRD",
   "config": "{}",
   "credits": 3,
   "labtut_section": null,
   "offering": 20,
   "official_grade": null,
   "person": 77,
   "role": "STUD"
  },
  "model": "coredata.member",
  "pk": 38
 },
 {
  "fields": {
   "added_reason": "AUTO",
   "career": "UGRD",
   "config": "{}",
   "credits": 3,
   "labtut_section": null,
   "offering": 20,
   "official_grade": null,
   "person": 94,
   "role": "STUD"
  },
  "model": "coredata.member",
  "pk": 55
 },
 {
  "fields": {
   "added_reason": "AUTO",
   "career": "UGRD",
   "config": "{}",
   "credits": 3,
   "labtut_section": null,
   "offering": 20,
   "official_grade": null,
   "person": 86,
   "role": "STUD"
  },
  "model": "coredata.member",
  "pk": 47
 },
 {
  "fields": {
   "added_reason": "AUTO",
   "career": "UGRD",
   "config": "{}",
   "credits": 3,
   "labtut_section": null,
   "offering": 20,
   "official_grade": null,
   "person": 95,
   "role": "STUD"
  },
  "model": "coredata.member",
  "pk": 56
 },
 {
  "fields": {
   "added_reason": "AUTO",
   "career": "UGRD",
   "config": "{}",
   "credits": 3,
   "labtut_section": null,
   "offering": 20,
   "official_grade": null,
   "person": 81,
   "role": "STUD"
  },
  "model": "coredata.member",
  "pk": 42
 },
 {
  "fields": {
   "added_reason": "AUTO",
   "career": "UGRD",
   "config": "{}",
   "credits": 3,
   "labtut_section": null,
   "offering": 20,
   "official_grade": null,
   "person": 85,
   "role": "STUD"
  },
  "model": "coredata.member",
  "pk": 46
 },
 {
  "fields": {
   "added_reason": "AUTO",
   "career": "UGRD",
   "config": "{}",
   "credits": 3,
   "labtut_section": null,
   "offering": 20,
   "official_grade": null,
   "person": 79,
   "role": "STUD"
  },
  "model": "coredata.member",
  "pk": 40
 },
 {
  "fields": {
   "added_reason": "AUTO",
   "career": "UGRD",
   "config": "{}",
   "credits": 3,
   "labtut_section": null,
   "offering": 20,
   "official_grade": null,
   "person": 88,
   "role": "STUD"
  },
  "model": "coredata.member",
  "pk": 49
 },
 {
  "fields": {
   "added_reason": "AUTO",
   "career": "UGRD",
   "config": "{}",
   "credits": 3,
   "labtut_section": null,
   "offering": 20,
   "official_grade": null,
   "person": 92,
   "role": "STUD"
  },
  "model": "coredata.member",
  "pk": 53
 },
 {
  "fields": {
   "added_reason": "AUTO",
   "career": "UGRD",
   "config": "{}",
   "credits": 3,
   "labtut_section": null,
   "offering": 20,
   "official_grade": null,
   "person": 87,
   "role": "STUD"
  },
  "model": "coredata.member",
  "pk": 48
 },
 {
  "fields": {
   "added_reason": "AUTO",
   "career": "UGRD",
   "config": "{}",
   "credits": 3,
   "labtut_section": null,
   "offering": 20,
   "official_grade": null,
   "person": 91,
   "role": "STUD"
  },
  "model": "coredata.member",
  "pk": 52
 },
 {
  "fields": {
   "added_reason": "AUTO",
   "career": "NONS",
   "config": "{}",
   "credits": 0,
   "labtut_section": null,
   "offering": 18,
   "official_grade": null,
   "person": 369,
   "role": "TA"
  },
  "model": "coredata.member",
  "pk": 78
 },
 {
  "fields": {
   "added_reason": "AUTO",
   "career": "NONS",
   "config": "{}",
   "credits": 0,
   "labtut_section": null,
   "offering": 18,
   "official_grade": null,
   "person": 2,
   "role": "INST"
  },
  "model": "coredata.member",
  "pk": 3
 },
 {
  "fields": {
   "added_reason": "AUTO",
   "career": "UGRD",
   "config": "{}",
   "credits": 3,
   "labtut_section": null,
   "offering": 18,
   "official_grade": null,
   "person": 360,
   "role": "STUD"
  },
  "model": "coredata.member",
  "pk": 69
 },
 {
  "fields": {
   "added_reason": "AUTO",
   "career": "UGRD",
   "config": "{}",
   "credits": 3,
   "labtut_section": null,
   "offering": 18,
   "official_grade": null,
   "person": 349,
   "role": "STUD"
  },
  "model": "coredata.member",
  "pk": 58
 },
 {
  "fields": {
   "added_reason": "AUTO",
   "career": "UGRD",
   "config": "{}",
   "credits": 3,
   "labtut_section": null,
   "offering": 18,
   "official_grade": null,
   "person": 358,
   "role": "STUD"
  },
  "model": "coredata.member",
  "pk": 67
 },
 {
  "fields": {
   "added_reason": "AUTO",
   "career": "UGRD",
   "config": "{}",
   "credits": 3,
   "labtut_section": null,
   "offering": 18,
   "official_grade": null,
   "person": 368,
   "role": "STUD"
  },
  "model": "coredata.member",
  "pk": 77
 },
 {
  "fields": {
   "added_reason": "AUTO",
   "career": "UGRD",
   "config": "{}",
   "credits": 3,
   "labtut_section": null,
   "offering": 18,
   "official_grade": null,
   "person": 363,
   "role": "STUD"
  },
  "model": "coredata.member",
  "pk": 72
 },
 {
  "fields": {
   "added_reason": "AUTO",
   "career": "UGRD",
   "config": "{}",
   "credits": 3,
   "labtut_section": null,
   "offering": 18,
   "official_grade": null,
   "person": 365,
   "role": "STUD"
  },
  "model": "coredata.member",
  "pk": 74
 },
 {
  "fields": {
   "added_reason": "AUTO",
   "career": "UGRD",
   "config": "{}",
   "credits": 3,
   "labtut_section": null,
   "offering": 18,
   "official_grade": null,
   "person": 359,
   "role": "STUD"
  },
  "model": "coredata.member",
  "pk": 68
 },
 {
  "fields": {
   "added_reason": "AUTO",
   "career": "UGRD",
   "config": "{}",
   "credits": 3,
   "labtut_section": null,
   "offering": 18,
   "official_grade": null,
   "person": 352,
   "role": "STUD"
  },
  "model": "coredata.member",
  "pk": 61
 },
 {
  "fields": {
   "added_reason": "AUTO",
   "career": "UGRD",
   "config": "{}",
   "credits": 3,
   "labtut_section": null,
   "offering": 18,
   "official_grade": null,
   "person": 350,
   "role": "STUD"
  },
  "model": "coredata.member",
  "pk": 59
 },
 {
  "fields": {
   "added_reason": "AUTO",
   "career": "UGRD",
   "config": "{}",
   "credits": 3,
   "labtut_section": null,
   "offering": 18,
   "official_grade": null,
   "person": 356,
   "role": "STUD"
  },
  "model": "coredata.member",
  "pk": 65
 },
 {
  "fields": {
   "added_reason": "AUTO",
   "career": "UGRD",
   "config": "{}",
   "credits": 3,
   "labtut_section": null,
   "offering": 18,
   "official_grade": null,
   "person": 353,
   "role": "STUD"
  },
  "model": "coredata.member",
  "pk": 62
 },
 {
  "fields": {
   "added_reason": "AUTO",
   "career": "UGRD",
   "config": "{}",
   "credits": 3,
   "labtut_section": null,
   "offering": 18,
   "official_grade": null,
   "person": 366,
   "role": "STUD"
  },
  "model": "coredata.member",
  "pk": 75
 },
 {
  "fields": {
   "added_reason": "AUTO",
   "career": "UGRD",
   "config": "{}",
   "credits": 3,
   "labtut_section": null,
   "offering": 18,
   "official_grade": null,
   "person": 364,
   "role": "STUD"
  },
  "model": "coredata.member",
  "pk": 73
 },
 {
  "fields": {
   "added_reason": "AUTO",
   "career": "UGRD",
   "config": "{}",
   "credits": 3,
   "labtut_section": null,
   "offering": 18,
   "official_grade": null,
   "person": 361,
   "role": "STUD"
  },
  "model": "coredata.member",
  "pk": 70
 },
 {
  "fields": {
   "added_reason": "AUTO",
   "career": "UGRD",
   "config": "{}",
   "credits": 3,
   "labtut_section": null,
   "offering": 18,
   "official_grade": null,
   "person": 351,
   "role": "STUD"
  },
  "model": "coredata.member",
  "pk": 60
 },
 {
  "fields": {
   "added_reason": "AUTO",
   "career": "UGRD",
   "config": "{}",
   "credits": 3,
   "labtut_section": null,
   "offering": 18,
   "official_grade": null,
   "person": 357,
   "role": "STUD"
  },
  "model": "coredata.member",
  "pk": 66
 },
 {
  "fields": {
   "added_reason": "AUTO",
   "career": "UGRD",
   "config": "{}",
   "credits": 3,
   "labtut_section": null,
   "offering": 18,
   "official_grade": null,
   "person": 355,
   "role": "STUD"
  },
  "model": "coredata.member",
  "pk": 64
 },
 {
  "fields": {
   "added_reason": "AUTO",
   "career": "UGRD",
   "config": "{}",
   "credits": 3,
   "labtut_section": null,
   "offering": 18,
   "official_grade": null,
   "person": 354,
   "role": "STUD"
  },
  "model": "coredata.member",
  "pk": 63
 },
 {
  "fields": {
   "added_reason": "AUTO",
   "career": "UGRD",
   "config": "{}",
   "credits": 3,
   "labtut_section": null,
   "offering": 18,
   "official_grade": null,
   "person": 362,
   "role": "STUD"
  },
  "model": "coredata.member",
  "pk": 71
 },
 {
  "fields": {
   "added_reason": "AUTO",
   "career": "UGRD",
   "config": "{}",
   "credits": 3,
   "labtut_section": null,
   "offering": 18,
   "official_grade": null,
   "person": 367,
   "role": "STUD"
  },
  "model": "coredata.member",
  "pk": 76
 },
 {
  "fields": {
   "added_reason": "AUTO",
   "career": "NONS",
   "config": "{}",
   "credits": 0,
   "labtut_section": null,
   "offering": 15,
   "official_grade": null,
   "person": 54,
   "role": "TA"
  },
  "model": "coredata.member",
  "pk": 99
 },
 {
  "fields": {
   "added_reason": "AUTO",
   "career": "UGRD",
   "config": "{}",
   "credits": 3,
   "labtut_section": null,
   "offering": 15,
   "official_grade": null,
   "person": 52,
   "role": "STUD"
  },
  "model": "coredata.member",
  "pk": 97
 },
 {
  "fields": {
   "added_reason": "AUTO",
   "career": "UGRD",
   "config": "{}",
   "credits": 3,
   "labtut_section": null,
   "offering": 15,
   "official_grade": null,
   "person": 40,
   "role": "STUD"
  },
  "model": "coredata.member",
  "pk": 85
 },
 {
  "fields": {
   "added_reason": "AUTO",
   "career": "UGRD",
   "config": "{}",
   "credits": 3,
   "labtut_section": null,
   "offering": 15,
   "official_grade": null,
   "person": 48,
   "role": "STUD"
  },
  "model": "coredata.member",
  "pk": 93
 },
 {
  "fields": {
   "added_reason": "AUTO",
   "career": "UGRD",
   "config": "{}",
   "credits": 3,
   "labtut_section": null,
   "offering": 15,
   "official_grade": null,
   "person": 49,
   "role": "STUD"
  },
  "model": "coredata.member",
  "pk": 94
 },
 {
  "fields": {
   "added_reason": "AUTO",
   "career": "UGRD",
   "config": "{}",
   "credits": 3,
   "labtut_section": null,
   "offering": 15,
   "official_grade": null,
   "person": 46,
   "role": "STUD"
  },
  "model": "coredata.member",
  "pk": 91
 },
 {
  "fields": {
   "added_reason": "AUTO",
   "career": "UGRD",
   "config": "{}",
   "credits": 3,
   "labtut_section": null,
   "offering": 15,
   "official_grade": null,
   "person": 36,
   "role": "STUD"
  },
  "model": "coredata.member",
  "pk": 81
 },
 {
  "fields": {
   "added_reason": "AUTO",
   "career": "UGRD",
   "config": "{}",
   "credits": 3,
   "labtut_section": null,
   "offering": 15,
   "official_grade": null,
   "person": 42,
   "role": "STUD"
  },
  "model": "coredata.member",
  "pk": 87
 },
 {
  "fields": {
   "added_reason": "AUTO",
   "career": "UGRD",
   "config": "{}",
   "credits": 3,
   "labtut_section": null,
   "offering": 15,
   "official_grade": null,
   "person": 45,
   "role": "STUD"
  },
  "model": "coredata.member",
  "pk": 90
 },
 {
  "fields": {
   "added_reason": "AUTO",
   "career": "UGRD",
   "config": "{}",
   "credits": 3,
   "labtut_section": null,
   "offering": 15,
   "official_grade": null,
   "person": 47,
   "role": "STUD"
  },
  "model": "coredata.member",
  "pk": 92
 },
 {
  "fields": {
   "added_reason": "AUTO",
   "career": "UGRD",
   "config": "{}",
   "credits": 3,
   "labtut_section": null,
   "offering": 15,
   "official_grade": null,
   "person": 35,
   "role": "STUD"
  },
  "model": "coredata.member",
  "pk": 80
 },
 {
  "fields": {
   "added_reason": "AUTO",
   "career": "UGRD",
   "config": "{}",
   "credits": 3,
   "labtut_section": null,
   "offering": 15,
   "official_grade": null,
   "person": 43,
   "role": "STUD"
  },
  "model": "coredata.member",
  "pk": 88
 },
 {
  "fields": {
   "added_reason": "AUTO",
   "career": "UGRD",
   "config": "{}",
   "credits": 3,
   "labtut_section": null,
   "offering": 15,
   "official_grade": null,
   "person": 50,
   "role": "STUD"
  },
  "model": "coredata.member",
  "pk": 95
 },
 {
  "fields": {
   "added_reason": "AUTO",
   "career": "UGRD",
   "config": "{}",
   "credits": 3,
   "labtut_section": null,
   "offering": 15,
   "official_grade": null,
   "person": 44,
   "role": "STUD"
  },
  "model": "coredata.member",
  "pk": 89
 },
 {
  "fields": {
   "added_reason": "AUTO",
   "career": "UGRD",
   "config": "{}",
   "credits": 3,
   "labtut_section": null,
   "offering": 15,
   "official_grade": null,
   "person": 38,
   "role": "STUD"
  },
  "model": "coredata.member",
  "pk": 83
 },
 {
  "fields": {
   "added_reason": "AUTO",
   "career": "UGRD",
   "config": "{}",
   "credits": 3,
   "labtut_section": null,
   "offering": 15,
   "official_grade": null,
   "person": 51,
   "role": "STUD"
  },
  "model": "coredata.member",
  "pk": 96
 },
 {
  "fields": {
   "added_reason": "AUTO",
   "career": "UGRD",
   "config": "{}",
   "credits": 3,
   "labtut_section": null,
   "offering": 15,
   "official_grade": null,
   "person": 37,
   "role": "STUD"
  },
  "model": "coredata.member",
  "pk": 82
 },
 {
  "fields": {
   "added_reason": "AUTO",
   "career": "UGRD",
   "config": "{}",
   "credits": 3,
   "labtut_section": null,
   "offering": 15,
   "official_grade": null,
   "person": 41,
   "role": "STUD"
  },
  "model": "coredata.member",
  "pk": 86
 },
 {
  "fields": {
   "added_reason": "AUTO",
   "career": "UGRD",
   "config": "{}",
   "credits": 3,
   "labtut_section": null,
   "offering": 15,
   "official_grade": null,
   "person": 39,
   "role": "STUD"
  },
  "model": "coredata.member",
  "pk": 84
 },
 {
  "fields": {
   "added_reason": "AUTO",
   "career": "UGRD",
   "config": "{}",
   "credits": 3,
   "labtut_section": null,
   "offering": 15,
   "official_grade": null,
   "person": 34,
   "role": "STUD"
  },
  "model": "coredata.member",
  "pk": 79
 },
 {
  "fields": {
   "added_reason": "AUTO",
   "career": "UGRD",
   "config": "{}",
   "credits": 3,
   "labtut_section": null,
   "offering": 15,
   "official_grade": null,
   "person": 53,
   "role": "STUD"
  },
  "model": "coredata.member",
  "pk": 98
 },
 {
  "fields": {
   "added_reason": "AUTO",
   "career": "NONS",
   "config": "{}",
   "credits": 0,
   "labtut_section": null,
   "offering": 15,
   "official_grade": null,
   "person": 3,
   "role": "INST"
  },
  "model": "coredata.member",
  "pk": 4
 },
 {
  "fields": {
   "added_reason": "AUTO",
   "career": "NONS",
   "config": "{}",
   "credits": 0,
   "labtut_section": null,
   "offering": 16,
   "official_grade": null,
   "person": 96,
   "role": "TA"
  },
  "model": "coredata.member",
  "pk": 120
 },
 {
  "fields": {
   "added_reason": "AUTO",
   "career": "NONS",
   "config": "{}",
   "credits": 0,
   "labtut_section": null,
   "offering": 16,
   "official_grade": null,
   "person": 4,
   "role": "INST"
  },
  "model": "coredata.member",
  "pk": 5
 },
 {
  "fields": {
   "added_reason": "AUTO",
   "career": "UGRD",
   "config": "{}",
   "credits": 3,
   "labtut_section": null,
   "offering": 16,
   "official_grade": null,
   "person": 90,
   "role": "STUD"
  },
  "model": "coredata.member",
  "pk": 114
 },
 {
  "fields": {
   "added_reason": "AUTO",
   "career": "UGRD",
   "config": "{}",
   "credits": 3,
   "labtut_section": null,
   "offering": 16,
   "official_grade": null,
   "person": 89,
   "role": "STUD"
  },
  "model": "coredata.member",
  "pk": 113
 },
 {
  "fields": {
   "added_reason": "AUTO",
   "career": "UGRD",
   "config": "{}",
   "credits": 3,
   "labtut_section": null,
   "offering": 16,
   "official_grade": null,
   "person": 80,
   "role": "STUD"
  },
  "model": "coredata.member",
  "pk": 104
 },
 {
  "fields": {
   "added_reason": "AUTO",
   "career": "UGRD",
   "config": "{}",
   "credits": 3,
   "labtut_section": null,
   "offering": 16,
   "official_grade": null,
   "person": 82,
   "role": "STUD"
  },
  "model": "coredata.member",
  "pk": 106
 },
 {
  "fields": {
   "added_reason": "AUTO",
   "career": "UGRD",
   "config": "{}",
   "credits": 3,
   "labtut_section": null,
   "offering": 16,
   "official_grade": null,
   "person": 84,
   "role": "STUD"
  },
  "model": "coredata.member",
  "pk": 108
 },
 {
  "fields": {
   "added_reason": "AUTO",
   "career": "UGRD",
   "config": "{}",
   "credits": 3,
   "labtut_section": null,
   "offering": 16,
   "official_grade": null,
   "person": 83,
   "role": "STUD"
  },
  "model": "coredata.member",
  "pk": 107
 },
 {
  "fields": {
   "added_reason": "AUTO",
   "career": "UGRD",
   "config": "{}",
   "credits": 3,
   "labtut_section": null,
   "offering": 16,
   "official_grade": null,
   "person": 93,
   "role": "STUD"
  },
  "model": "coredata.member",
  "pk": 117
 },
 {
  "fields": {
   "added_reason": "AUTO",
   "career": "UGRD",
   "config": "{}",
   "credits": 3,
   "labtut_section": null,
   "offering": 16,
   "official_grade": null,
   "person": 78,
   "role": "STUD"
  },
  "model": "coredata.member",
  "pk": 102
 },
 {
  "fields": {
   "added_reason": "AUTO",
   "career": "UGRD",
   "config": "{}",
   "credits": 3,
   "labtut_section": null,
   "offering": 16,
   "official_grade": null,
   "person": 76,
   "role": "STUD"
  },
  "model": "coredata.member",
  "pk": 100
 },
 {
  "fields": {
   "added_reason": "AUTO",
   "career": "UGRD",
   "config": "{}",
   "credits": 3,
   "labtut_section": null,
   "offering": 16,
   "official_grade": null,
   "person": 77,
   "role": "STUD"
  },
  "model": "coredata.member",
  "pk": 101
 },
 {
  "fields": {
   "added_reason": "AUTO",
   "career": "UGRD",
   "config": "{}",
   "credits": 3,
   "labtut_section": null,
   "offering": 16,
   "official_grade": null,
   "person": 94,
   "role": "STUD"
  },
  "model": "coredata.member",
  "pk": 118
 },
 {
  "fields": {
   "added_reason": "AUTO",
   "career": "UGRD",
   "config": "{}",
   "credits": 3,
   "labtut_section": null,
   "offering": 16,
   "official_grade": null,
   "person": 86,
   "role": "STUD"
  },
  "model": "coredata.member",
  "pk": 110
 },
 {
  "fields": {
   "added_reason": "AUTO",
   "career": "UGRD",
   "config": "{}",
   "credits": 3,
   "labtut_section": null,
   "offering": 16,
   "official_grade": null,
   "person": 95,
   "role": "STUD"
  },
  "model": "coredata.member",
  "pk": 119
 },
 {
  "fields": {
   "added_reason": "AUTO",
   "career": "UGRD",
   "config": "{}",
   "credits": 3,
   "labtut_section": null,
   "offering": 16,
   "official_grade": null,
   "person": 81,
   "role": "STUD"
  },
  "model": "coredata.member",
  "pk": 105
 },
 {
  "fields": {
   "added_reason": "AUTO",
   "career": "UGRD",
   "config": "{}",
   "credits": 3,
   "labtut_section": null,
   "offering": 16,
   "official_grade": null,
   "person": 85,
   "role": "STUD"
  },
  "model": "coredata.member",
  "pk": 109
 },
 {
  "fields": {
   "added_reason": "AUTO",
   "career": "UGRD",
   "config": "{}",
   "credits": 3,
   "labtut_section": null,
   "offering": 16,
   "official_grade": null,
   "person": 79,
   "role": "STUD"
  },
  "model": "coredata.member",
  "pk": 103
 },
 {
  "fields": {
   "added_reason": "AUTO",
   "career": "UGRD",
   "config": "{}",
   "credits": 3,
   "labtut_section": null,
   "offering": 16,
   "official_grade": null,
   "person": 88,
   "role": "STUD"
  },
  "model": "coredata.member",
  "pk": 112
 },
 {
  "fields": {
   "added_reason": "AUTO",
   "career": "UGRD",
   "config": "{}",
   "credits": 3,
   "labtut_section": null,
   "offering": 16,
   "official_grade": null,
   "person": 92,
   "role": "STUD"
  },
  "model": "coredata.member",
  "pk": 116
 },
 {
  "fields": {
   "added_reason": "AUTO",
   "career": "UGRD",
   "config": "{}",
   "credits": 3,
   "labtut_section": null,
   "offering": 16,
   "official_grade": null,
   "person": 87,
   "role": "STUD"
  },
  "model": "coredata.member",
  "pk": 111
 },
 {
  "fields": {
   "added_reason": "AUTO",
   "career": "UGRD",
   "config": "{}",
   "credits": 3,
   "labtut_section": null,
   "offering": 16,
   "official_grade": null,
   "person": 91,
   "role": "STUD"
  },
  "model": "coredata.member",
  "pk": 115
 },
 {
  "fields": {
   "added_reason": "AUTO",
   "career": "NONS",
   "config": "{}",
   "credits": 0,
   "labtut_section": null,
   "offering": 8,
   "official_grade": null,
   "person": 201,
   "role": "TA"
  },
  "model": "coredata.member",
  "pk": 141
 },
 {
  "fields": {
   "added_reason": "AUTO",
   "career": "NONS",
   "config": "{}",
   "credits": 0,
   "labtut_section": null,
   "offering": 8,
   "official_grade": null,
   "person": 5,
   "role": "INST"
  },
  "model": "coredata.member",
  "pk": 6
 },
 {
  "fields": {
   "added_reason": "AUTO",
   "career": "UGRD",
   "config": "{}",
   "credits": 3,
   "labtut_section": null,
   "offering": 8,
   "official_grade": null,
   "person": 196,
   "role": "STUD"
  },
  "model": "coredata.member",
  "pk": 136
 },
 {
  "fields": {
   "added_reason": "AUTO",
   "career": "UGRD",
   "config": "{}",
   "credits": 3,
   "labtut_section": null,
   "offering": 8,
   "official_grade": null,
   "person": 192,
   "role": "STUD"
  },
  "model": "coredata.member",
  "pk": 132
 },
 {
  "fields": {
   "added_reason": "AUTO",
   "career": "UGRD",
   "config": "{}",
   "credits": 3,
   "labtut_section": null,
   "offering": 8,
   "official_grade": null,
   "person": 184,
   "role": "STUD"
  },
  "model": "coredata.member",
  "pk": 124
 },
 {
  "fields": {
   "added_reason": "AUTO",
   "career": "UGRD",
   "config": "{}",
   "credits": 3,
   "labtut_section": null,
   "offering": 8,
   "official_grade": null,
   "person": 188,
   "role": "STUD"
  },
  "model": "coredata.member",
  "pk": 128
 },
 {
  "fields": {
   "added_reason": "AUTO",
   "career": "UGRD",
   "config": "{}",
   "credits": 3,
   "labtut_section": null,
   "offering": 8,
   "official_grade": null,
   "person": 182,
   "role": "STUD"
  },
  "model": "coredata.member",
  "pk": 122
 },
 {
  "fields": {
   "added_reason": "AUTO",
   "career": "UGRD",
   "config": "{}",
   "credits": 3,
   "labtut_section": null,
   "offering": 8,
   "official_grade": null,
   "person": 189,
   "role": "STUD"
  },
  "model": "coredata.member",
  "pk": 129
 },
 {
  "fields": {
   "added_reason": "AUTO",
   "career": "UGRD",
   "config": "{}",
   "credits": 3,
   "labtut_section": null,
   "offering": 8,
   "official_grade": null,
   "person": 195,
   "role": "STUD"
  },
  "model": "coredata.member",
  "pk": 135
 },
 {
  "fields": {
   "added_reason": "AUTO",
   "career": "UGRD",
   "config": "{}",
   "credits": 3,
   "labtut_section": null,
   "offering": 8,
   "official_grade": null,
   "person": 191,
   "role": "STUD"
  },
  "model": "coredata.member",
  "pk": 131
 },
 {
  "fields": {
   "added_reason": "AUTO",
   "career": "UGRD",
   "config": "{}",
   "credits": 3,
   "labtut_section": null,
   "offering": 8,
   "official_grade": null,
   "person": 197,
   "role": "STUD"
  },
  "model": "coredata.member",
  "pk": 137
 },
 {
  "fields": {
   "added_reason": "AUTO",
   "career": "UGRD",
   "config": "{}",
   "credits": 3,
   "labtut_section": null,
   "offering": 8,
   "official_grade": null,
   "person": 194,
   "role": "STUD"
  },
  "model": "coredata.member",
  "pk": 134
 },
 {
  "fields": {
   "added_reason": "AUTO",
   "career": "UGRD",
   "config": "{}",
   "credits": 3,
   "labtut_section": null,
   "offering": 8,
   "official_grade": null,
   "person": 186,
   "role": "STUD"
  },
  "model": "coredata.member",
  "pk": 126
 },
 {
  "fields": {
   "added_reason": "AUTO",
   "career": "UGRD",
   "config": "{}",
   "credits": 3,
   "labtut_section": null,
   "offering": 8,
   "official_grade": null,
   "person": 190,
   "role": "STUD"
  },
  "model": "coredata.member",
  "pk": 130
 },
 {
  "fields": {
   "added_reason": "AUTO",
   "career": "UGRD",
   "config": "{}",
   "credits": 3,
   "labtut_section": null,
   "offering": 8,
   "official_grade": null,
   "person": 187,
   "role": "STUD"
  },
  "model": "coredata.member",
  "pk": 127
 },
 {
  "fields": {
   "added_reason": "AUTO",
   "career": "UGRD",
   "config": "{}",
   "credits": 3,
   "labtut_section": null,
   "offering": 8,
   "official_grade": null,
   "person": 200,
   "role": "STUD"
  },
  "model": "coredata.member",
  "pk": 140
 },
 {
  "fields": {
   "added_reason": "AUTO",
   "career": "UGRD",
   "config": "{}",
   "credits": 3,
   "labtut_section": null,
   "offering": 8,
   "official_grade": null,
   "person": 181,
   "role": "STUD"
  },
  "model": "coredata.member",
  "pk": 121
 },
 {
  "fields": {
   "added_reason": "AUTO",
   "career": "UGRD",
   "config": "{}",
   "credits": 3,
   "labtut_section": null,
   "offering": 8,
   "official_grade": null,
   "person": 193,
   "role": "STUD"
  },
  "model": "coredata.member",
  "pk": 133
 },
 {
  "fields": {
   "added_reason": "AUTO",
   "career": "UGRD",
   "config": "{}",
   "credits": 3,
   "labtut_section": null,
   "offering": 8,
   "official_grade": null,
   "person": 198,
   "role": "STUD"
  },
  "model": "coredata.member",
  "pk": 138
 },
 {
  "fields": {
   "added_reason": "AUTO",
   "career": "UGRD",
   "config": "{}",
   "credits": 3,
   "labtut_section": null,
   "offering": 8,
   "official_grade": null,
   "person": 183,
   "role": "STUD"
  },
  "model": "coredata.member",
  "pk": 123
 },
 {
  "fields": {
   "added_reason": "AUTO",
   "career": "UGRD",
   "config": "{}",
   "credits": 3,
   "labtut_section": null,
   "offering": 8,
   "official_grade": null,
   "person": 199,
   "role": "STUD"
  },
  "model": "coredata.member",
  "pk": 139
 },
 {
  "fields": {
   "added_reason": "AUTO",
   "career": "UGRD",
   "config": "{}",
   "credits": 3,
   "labtut_section": null,
   "offering": 8,
   "official_grade": null,
   "person": 185,
   "role": "STUD"
  },
  "model": "coredata.member",
  "pk": 125
 },
 {
  "fields": {
   "added_reason": "AUTO",
   "career": "NONS",
   "config": "{}",
   "credits": 0,
   "labtut_section": null,
   "offering": 9,
   "official_grade": null,
   "person": 348,
   "role": "TA"
  },
  "model": "coredata.member",
  "pk": 162
 },
 {
  "fields": {
   "added_reason": "AUTO",
   "career": "UGRD",
   "config": "{}",
   "credits": 3,
   "labtut_section": null,
   "offering": 9,
   "official_grade": null,
   "person": 333,
   "role": "STUD"
  },
  "model": "coredata.member",
  "pk": 147
 },
 {
  "fields": {
   "added_reason": "AUTO",
   "career": "UGRD",
   "config": "{}",
   "credits": 3,
   "labtut_section": null,
   "offering": 9,
   "official_grade": null,
   "person": 334,
   "role": "STUD"
  },
  "model": "coredata.member",
  "pk": 148
 },
 {
  "fields": {
   "added_reason": "AUTO",
   "career": "UGRD",
   "config": "{}",
   "credits": 3,
   "labtut_section": null,
   "offering": 9,
   "official_grade": null,
   "person": 330,
   "role": "STUD"
  },
  "model": "coredata.member",
  "pk": 144
 },
 {
  "fields": {
   "added_reason": "AUTO",
   "career": "UGRD",
   "config": "{}",
   "credits": 3,
   "labtut_section": null,
   "offering": 9,
   "official_grade": null,
   "person": 332,
   "role": "STUD"
  },
  "model": "coredata.member",
  "pk": 146
 },
 {
  "fields": {
   "added_reason": "AUTO",
   "career": "UGRD",
   "config": "{}",
   "credits": 3,
   "labtut_section": null,
   "offering": 9,
   "official_grade": null,
   "person": 329,
   "role": "STUD"
  },
  "model": "coredata.member",
  "pk": 143
 },
 {
  "fields": {
   "added_reason": "AUTO",
   "career": "UGRD",
   "config": "{}",
   "credits": 3,
   "labtut_section": null,
   "offering": 9,
   "official_grade": null,
   "person": 344,
   "role": "STUD"
  },
  "model": "coredata.member",
  "pk": 158
 },
 {
  "fields": {
   "added_reason": "AUTO",
   "career": "UGRD",
   "config": "{}",
   "credits": 3,
   "labtut_section": null,
   "offering": 9,
   "official_grade": null,
   "person": 341,
   "role": "STUD"
  },
  "model": "coredata.member",
  "pk": 155
 },
 {
  "fields": {
   "added_reason": "AUTO",
   "career": "UGRD",
   "config": "{}",
   "credits": 3,
   "labtut_section": null,
   "offering": 9,
   "official_grade": null,
   "person": 336,
   "role": "STUD"
  },
  "model": "coredata.member",
  "pk": 150
 },
 {
  "fields": {
   "added_reason": "AUTO",
   "career": "UGRD",
   "config": "{}",
   "credits": 3,
   "labtut_section": null,
   "offering": 9,
   "official_grade": null,
   "person": 342,
   "role": "STUD"
  },
  "model": "coredata.member",
  "pk": 156
 },
 {
  "fields": {
   "added_reason": "AUTO",
   "career": "UGRD",
   "config": "{}",
   "credits": 3,
   "labtut_section": null,
   "offering": 9,
   "official_grade": null,
   "person": 331,
   "role": "STUD"
  },
  "model": "coredata.member",
  "pk": 145
 },
 {
  "fields": {
   "added_reason": "AUTO",
   "career": "UGRD",
   "config": "{}",
   "credits": 3,
   "labtut_section": null,
   "offering": 9,
   "official_grade": null,
   "person": 347,
   "role": "STUD"
  },
  "model": "coredata.member",
  "pk": 161
 },
 {
  "fields": {
   "added_reason": "AUTO",
   "career": "UGRD",
   "config": "{}",
   "credits": 3,
   "labtut_section": null,
   "offering": 9,
   "official_grade": null,
   "person": 343,
   "role": "STUD"
  },
  "model": "coredata.member",
  "pk": 157
 },
 {
  "fields": {
   "added_reason": "AUTO",
   "career": "UGRD",
   "config": "{}",
   "credits": 3,
   "labtut_section": null,
   "offering": 9,
   "official_grade": null,
   "person": 335,
   "role": "STUD"
  },
  "model": "coredata.member",
  "pk": 149
 },
 {
  "fields": {
   "added_reason": "AUTO",
   "career": "UGRD",
   "config": "{}",
   "credits": 3,
   "labtut_section": null,
   "offering": 9,
   "official_grade": null,
   "person": 339,
   "role": "STUD"
  },
  "model": "coredata.member",
  "pk": 153
 },
 {
  "fields": {
   "added_reason": "AUTO",
   "career": "UGRD",
   "config": "{}",
   "credits": 3,
   "labtut_section": null,
   "offering": 9,
   "official_grade": null,
   "person": 338,
   "role": "STUD"
  },
  "model": "coredata.member",
  "pk": 152
 },
 {
  "fields": {
   "added_reason": "AUTO",
   "career": "UGRD",
   "config": "{}",
   "credits": 3,
   "labtut_section": null,
   "offering": 9,
   "official_grade": null,
   "person": 345,
   "role": "STUD"
  },
  "model": "coredata.member",
  "pk": 159
 },
 {
  "fields": {
   "added_reason": "AUTO",
   "career": "UGRD",
   "config": "{}",
   "credits": 3,
   "labtut_section": null,
   "offering": 9,
   "official_grade": null,
   "person": 346,
   "role": "STUD"
  },
  "model": "coredata.member",
  "pk": 160
 },
 {
  "fields": {
   "added_reason": "AUTO",
   "career": "UGRD",
   "config": "{}",
   "credits": 3,
   "labtut_section": null,
   "offering": 9,
   "official_grade": null,
   "person": 340,
   "role": "STUD"
  },
  "model": "coredata.member",
  "pk": 154
 },
 {
  "fields": {
   "added_reason": "AUTO",
   "career": "UGRD",
   "config": "{}",
   "credits": 3,
   "labtut_section": null,
   "offering": 9,
   "official_grade": null,
   "person": 337,
   "role": "STUD"
  },
  "model": "coredata.member",
  "pk": 151
 },
 {
  "fields": {
   "added_reason": "AUTO",
   "career": "UGRD",
   "config": "{}",
   "credits": 3,
   "labtut_section": null,
   "offering": 9,
   "official_grade": null,
   "person": 328,
   "role": "STUD"
  },
  "model": "coredata.member",
  "pk": 142
 },
 {
  "fields": {
   "added_reason": "AUTO",
   "career": "NONS",
   "config": "{}",
   "credits": 0,
   "labtut_section": null,
   "offering": 11,
   "official_grade": null,
   "person": 201,
   "role": "TA"
  },
  "model": "coredata.member",
  "pk": 183
 },
 {
  "fields": {
   "added_reason": "AUTO",
   "career": "UGRD",
   "config": "{}",
   "credits": 3,
   "labtut_section": null,
   "offering": 11,
   "official_grade": null,
   "person": 196,
   "role": "STUD"
  },
  "model": "coredata.member",
  "pk": 178
 },
 {
  "fields": {
   "added_reason": "AUTO",
   "career": "UGRD",
   "config": "{}",
   "credits": 3,
   "labtut_section": null,
   "offering": 11,
   "official_grade": null,
   "person": 192,
   "role": "STUD"
  },
  "model": "coredata.member",
  "pk": 174
 },
 {
  "fields": {
   "added_reason": "AUTO",
   "career": "UGRD",
   "config": "{}",
   "credits": 3,
   "labtut_section": null,
   "offering": 11,
   "official_grade": null,
   "person": 184,
   "role": "STUD"
  },
  "model": "coredata.member",
  "pk": 166
 },
 {
  "fields": {
   "added_reason": "AUTO",
   "career": "UGRD",
   "config": "{}",
   "credits": 3,
   "labtut_section": null,
   "offering": 11,
   "official_grade": null,
   "person": 188,
   "role": "STUD"
  },
  "model": "coredata.member",
  "pk": 170
 },
 {
  "fields": {
   "added_reason": "AUTO",
   "career": "UGRD",
   "config": "{}",
   "credits": 3,
   "labtut_section": null,
   "offering": 11,
   "official_grade": null,
   "person": 182,
   "role": "STUD"
  },
  "model": "coredata.member",
  "pk": 164
 },
 {
  "fields": {
   "added_reason": "AUTO",
   "career": "UGRD",
   "config": "{}",
   "credits": 3,
   "labtut_section": null,
   "offering": 11,
   "official_grade": null,
   "person": 189,
   "role": "STUD"
  },
  "model": "coredata.member",
  "pk": 171
 },
 {
  "fields": {
   "added_reason": "AUTO",
   "career": "UGRD",
   "config": "{}",
   "credits": 3,
   "labtut_section": null,
   "offering": 11,
   "official_grade": null,
   "person": 195,
   "role": "STUD"
  },
  "model": "coredata.member",
  "pk": 177
 },
 {
  "fields": {
   "added_reason": "AUTO",
   "career": "UGRD",
   "config": "{}",
   "credits": 3,
   "labtut_section": null,
   "offering": 11,
   "official_grade": null,
   "person": 191,
   "role": "STUD"
  },
  "model": "coredata.member",
  "pk": 173
 },
 {
  "fields": {
   "added_reason": "AUTO",
   "career": "UGRD",
   "config": "{}",
   "credits": 3,
   "labtut_section": null,
   "offering": 11,
   "official_grade": null,
   "person": 197,
   "role": "STUD"
  },
  "model": "coredata.member",
  "pk": 179
 },
 {
  "fields": {
   "added_reason": "AUTO",
   "career": "UGRD",
   "config": "{}",
   "credits": 3,
   "labtut_section": null,
   "offering": 11,
   "official_grade": null,
   "person": 194,
   "role": "STUD"
  },
  "model": "coredata.member",
  "pk": 176
 },
 {
  "fields": {
   "added_reason": "AUTO",
   "career": "UGRD",
   "config": "{}",
   "credits": 3,
   "labtut_section": null,
   "offering": 11,
   "official_grade": null,
   "person": 186,
   "role": "STUD"
  },
  "model": "coredata.member",
  "pk": 168
 },
 {
  "fields": {
   "added_reason": "AUTO",
   "career": "UGRD",
   "config": "{}",
   "credits": 3,
   "labtut_section": null,
   "offering": 11,
   "official_grade": null,
   "person": 190,
   "role": "STUD"
  },
  "model": "coredata.member",
  "pk": 172
 },
 {
  "fields": {
   "added_reason": "AUTO",
   "career": "UGRD",
   "config": "{}",
   "credits": 3,
   "labtut_section": null,
   "offering": 11,
   "official_grade": null,
   "person": 187,
   "role": "STUD"
  },
  "model": "coredata.member",
  "pk": 169
 },
 {
  "fields": {
   "added_reason": "AUTO",
   "career": "UGRD",
   "config": "{}",
   "credits": 3,
   "labtut_section": null,
   "offering": 11,
   "official_grade": null,
   "person": 200,
   "role": "STUD"
  },
  "model": "coredata.member",
  "pk": 182
 },
 {
  "fields": {
   "added_reason": "AUTO",
   "career": "UGRD",
   "config": "{}",
   "credits": 3,
   "labtut_section": null,
   "offering": 11,
   "official_grade": null,
   "person": 181,
   "role": "STUD"
  },
  "model": "coredata.member",
  "pk": 163
 },
 {
  "fields": {
   "added_reason": "AUTO",
   "career": "UGRD",
   "config": "{}",
   "credits": 3,
   "labtut_section": null,
   "offering": 11,
   "official_grade": null,
   "person": 193,
   "role": "STUD"
  },
  "model": "coredata.member",
  "pk": 175
 },
 {
  "fields": {
   "added_reason": "AUTO",
   "career": "UGRD",
   "config": "{}",
   "credits": 3,
   "labtut_section": null,
   "offering": 11,
   "official_grade": null,
   "person": 198,
   "role": "STUD"
  },
  "model": "coredata.member",
  "pk": 180
 },
 {
  "fields": {
   "added_reason": "AUTO",
   "career": "UGRD",
   "config": "{}",
   "credits": 3,
   "labtut_section": null,
   "offering": 11,
   "official_grade": null,
   "person": 183,
   "role": "STUD"
  },
  "model": "coredata.member",
  "pk": 165
 },
 {
  "fields": {
   "added_reason": "AUTO",
   "career": "UGRD",
   "config": "{}",
   "credits": 3,
   "labtut_section": null,
   "offering": 11,
   "official_grade": null,
   "person": 199,
   "role": "STUD"
  },
  "model": "coredata.member",
  "pk": 181
 },
 {
  "fields": {
   "added_reason": "AUTO",
   "career": "UGRD",
   "config": "{}",
   "credits": 3,
   "labtut_section": null,
   "offering": 11,
   "official_grade": null,
   "person": 185,
   "role": "STUD"
  },
  "model": "coredata.member",
  "pk": 167
 },
 {
  "fields": {
   "added_reason": "AUTO",
   "career": "NONS",
   "config": "{}",
   "credits": 0,
   "labtut_section": null,
   "offering": 12,
   "official_grade": null,
   "person": 96,
   "role": "TA"
  },
  "model": "coredata.member",
  "pk": 204
 },
 {
  "fields": {
   "added_reason": "AUTO",
   "career": "UGRD",
   "config": "{}",
   "credits": 3,
   "labtut_section": null,
   "offering": 12,
   "official_grade": null,
   "person": 90,
   "role": "STUD"
  },
  "model": "coredata.member",
  "pk": 198
 },
 {
  "fields": {
   "added_reason": "AUTO",
   "career": "UGRD",
   "config": "{}",
   "credits": 3,
   "labtut_section": null,
   "offering": 12,
   "official_grade": null,
   "person": 89,
   "role": "STUD"
  },
  "model": "coredata.member",
  "pk": 197
 },
 {
  "fields": {
   "added_reason": "AUTO",
   "career": "UGRD",
   "config": "{}",
   "credits": 3,
   "labtut_section": null,
   "offering": 12,
   "official_grade": null,
   "person": 80,
   "role": "STUD"
  },
  "model": "coredata.member",
  "pk": 188
 },
 {
  "fields": {
   "added_reason": "AUTO",
   "career": "UGRD",
   "config": "{}",
   "credits": 3,
   "labtut_section": null,
   "offering": 12,
   "official_grade": null,
   "person": 82,
   "role": "STUD"
  },
  "model": "coredata.member",
  "pk": 190
 },
 {
  "fields": {
   "added_reason": "AUTO",
   "career": "UGRD",
   "config": "{}",
   "credits": 3,
   "labtut_section": null,
   "offering": 12,
   "official_grade": null,
   "person": 84,
   "role": "STUD"
  },
  "model": "coredata.member",
  "pk": 192
 },
 {
  "fields": {
   "added_reason": "AUTO",
   "career": "UGRD",
   "config": "{}",
   "credits": 3,
   "labtut_section": null,
   "offering": 12,
   "official_grade": null,
   "person": 83,
   "role": "STUD"
  },
  "model": "coredata.member",
  "pk": 191
 },
 {
  "fields": {
   "added_reason": "AUTO",
   "career": "UGRD",
   "config": "{}",
   "credits": 3,
   "labtut_section": null,
   "offering": 12,
   "official_grade": null,
   "person": 93,
   "role": "STUD"
  },
  "model": "coredata.member",
  "pk": 201
 },
 {
  "fields": {
   "added_reason": "AUTO",
   "career": "UGRD",
   "config": "{}",
   "credits": 3,
   "labtut_section": null,
   "offering": 12,
   "official_grade": null,
   "person": 78,
   "role": "STUD"
  },
  "model": "coredata.member",
  "pk": 186
 },
 {
  "fields": {
   "added_reason": "AUTO",
   "career": "UGRD",
   "config": "{}",
   "credits": 3,
   "labtut_section": null,
   "offering": 12,
   "official_grade": null,
   "person": 76,
   "role": "STUD"
  },
  "model": "coredata.member",
  "pk": 184
 },
 {
  "fields": {
   "added_reason": "AUTO",
   "career": "UGRD",
   "config": "{}",
   "credits": 3,
   "labtut_section": null,
   "offering": 12,
   "official_grade": null,
   "person": 77,
   "role": "STUD"
  },
  "model": "coredata.member",
  "pk": 185
 },
 {
  "fields": {
   "added_reason": "AUTO",
   "career": "UGRD",
   "config": "{}",
   "credits": 3,
   "labtut_section": null,
   "offering": 12,
   "official_grade": null,
   "person": 94,
   "role": "STUD"
  },
  "model": "coredata.member",
  "pk": 202
 },
 {
  "fields": {
   "added_reason": "AUTO",
   "career": "UGRD",
   "config": "{}",
   "credits": 3,
   "labtut_section": null,
   "offering": 12,
   "official_grade": null,
   "person": 86,
   "role": "STUD"
  },
  "model": "coredata.member",
  "pk": 194
 },
 {
  "fields": {
   "added_reason": "AUTO",
   "career": "UGRD",
   "config": "{}",
   "credits": 3,
   "labtut_section": null,
   "offering": 12,
   "official_grade": null,
   "person": 95,
   "role": "STUD"
  },
  "model": "coredata.member",
  "pk": 203
 },
 {
  "fields": {
   "added_reason": "AUTO",
   "career": "UGRD",
   "config": "{}",
   "credits": 3,
   "labtut_section": null,
   "offering": 12,
   "official_grade": null,
   "person": 81,
   "role": "STUD"
  },
  "model": "coredata.member",
  "pk": 189
 },
 {
  "fields": {
   "added_reason": "AUTO",
   "career": "UGRD",
   "config": "{}",
   "credits": 3,
   "labtut_section": null,
   "offering": 12,
   "official_grade": null,
   "person": 85,
   "role": "STUD"
  },
  "model": "coredata.member",
  "pk": 193
 },
 {
  "fields": {
   "added_reason": "AUTO",
   "career": "UGRD",
   "config": "{}",
   "credits": 3,
   "labtut_section": null,
   "offering": 12,
   "official_grade": null,
   "person": 79,
   "role": "STUD"
  },
  "model": "coredata.member",
  "pk": 187
 },
 {
  "fields": {
   "added_reason": "AUTO",
   "career": "UGRD",
   "config": "{}",
   "credits": 3,
   "labtut_section": null,
   "offering": 12,
   "official_grade": null,
   "person": 88,
   "role": "STUD"
  },
  "model": "coredata.member",
  "pk": 196
 },
 {
  "fields": {
   "added_reason": "AUTO",
   "career": "UGRD",
   "config": "{}",
   "credits": 3,
   "labtut_section": null,
   "offering": 12,
   "official_grade": null,
   "person": 92,
   "role": "STUD"
  },
  "model": "coredata.member",
  "pk": 200
 },
 {
  "fields": {
   "added_reason": "AUTO",
   "career": "UGRD",
   "config": "{}",
   "credits": 3,
   "labtut_section": null,
   "offering": 12,
   "official_grade": null,
   "person": 87,
   "role": "STUD"
  },
  "model": "coredata.member",
  "pk": 195
 },
 {
  "fields": {
   "added_reason": "AUTO",
   "career": "UGRD",
   "config": "{}",
   "credits": 3,
   "labtut_section": null,
   "offering": 12,
   "official_grade": null,
   "person": 91,
   "role": "STUD"
  },
  "model": "coredata.member",
  "pk": 199
 },
 {
  "fields": {
   "added_reason": "AUTO",
   "career": "NONS",
   "config": "{}",
   "credits": 0,
   "labtut_section": null,
   "offering": 13,
   "official_grade": null,
   "person": 138,
   "role": "TA"
  },
  "model": "coredata.member",
  "pk": 225
 },
 {
  "fields": {
   "added_reason": "AUTO",
   "career": "UGRD",
   "config": "{}",
   "credits": 3,
   "labtut_section": null,
   "offering": 13,
   "official_grade": null,
   "person": 128,
   "role": "STUD"
  },
  "model": "coredata.member",
  "pk": 215
 },
 {
  "fields": {
   "added_reason": "AUTO",
   "career": "UGRD",
   "config": "{}",
   "credits": 3,
   "labtut_section": null,
   "offering": 13,
   "official_grade": null,
   "person": 133,
   "role": "STUD"
  },
  "model": "coredata.member",
  "pk": 220
 },
 {
  "fields": {
   "added_reason": "AUTO",
   "career": "UGRD",
   "config": "{}",
   "credits": 3,
   "labtut_section": null,
   "offering": 13,
   "official_grade": null,
   "person": 137,
   "role": "STUD"
  },
  "model": "coredata.member",
  "pk": 224
 },
 {
  "fields": {
   "added_reason": "AUTO",
   "career": "UGRD",
   "config": "{}",
   "credits": 3,
   "labtut_section": null,
   "offering": 13,
   "official_grade": null,
   "person": 131,
   "role": "STUD"
  },
  "model": "coredata.member",
  "pk": 218
 },
 {
  "fields": {
   "added_reason": "AUTO",
   "career": "UGRD",
   "config": "{}",
   "credits": 3,
   "labtut_section": null,
   "offering": 13,
   "official_grade": null,
   "person": 130,
   "role": "STUD"
  },
  "model": "coredata.member",
  "pk": 217
 },
 {
  "fields": {
   "added_reason": "AUTO",
   "career": "UGRD",
   "config": "{}",
   "credits": 3,
   "labtut_section": null,
   "offering": 13,
   "official_grade": null,
   "person": 123,
   "role": "STUD"
  },
  "model": "coredata.member",
  "pk": 210
 },
 {
  "fields": {
   "added_reason": "AUTO",
   "career": "UGRD",
   "config": "{}",
   "credits": 3,
   "labtut_section": null,
   "offering": 13,
   "official_grade": null,
   "person": 132,
   "role": "STUD"
  },
  "model": "coredata.member",
  "pk": 219
 },
 {
  "fields": {
   "added_reason": "AUTO",
   "career": "UGRD",
   "config": "{}",
   "credits": 3,
   "labtut_section": null,
   "offering": 13,
   "official_grade": null,
   "person": 129,
   "role": "STUD"
  },
  "model": "coredata.member",
  "pk": 216
 },
 {
  "fields": {
   "added_reason": "AUTO",
   "career": "UGRD",
   "config": "{}",
   "credits": 3,
   "labtut_section": null,
   "offering": 13,
   "official_grade": null,
   "person": 121,
   "role": "STUD"
  },
  "model": "coredata.member",
  "pk": 208
 },
 {
  "fields": {
   "added_reason": "AUTO",
   "career": "UGRD",
   "config": "{}",
   "credits": 3,
   "labtut_section": null,
   "offering": 13,
   "official_grade": null,
   "person": 136,
   "role": "STUD"
  },
  "model": "coredata.member",
  "pk": 223
 },
 {
  "fields": {
   "added_reason": "AUTO",
   "career": "UGRD",
   "config": "{}",
   "credits": 3,
   "labtut_section": null,
   "offering": 13,
   "official_grade": null,
   "person": 118,
   "role": "STUD"
  },
  "model": "coredata.member",
  "pk": 205
 },
 {
  "fields": {
   "added_reason": "AUTO",
   "career": "UGRD",
   "config": "{}",
   "credits": 3,
   "labtut_section": null,
   "offering": 13,
   "official_grade": null,
   "person": 135,
   "role": "STUD"
  },
  "model": "coredata.member",
  "pk": 222
 },
 {
  "fields": {
   "added_reason": "AUTO",
   "career": "UGRD",
   "config": "{}",
   "credits": 3,
   "labtut_section": null,
   "offering": 13,
   "official_grade": null,
   "person": 124,
   "role": "STUD"
  },
  "model": "coredata.member",
  "pk": 211
 },
 {
  "fields": {
   "added_reason": "AUTO",
   "career": "UGRD",
   "config": "{}",
   "credits": 3,
   "labtut_section": null,
   "offering": 13,
   "official_grade": null,
   "person": 122,
   "role": "STUD"
  },
  "model": "coredata.member",
  "pk": 209
 },
 {
  "fields": {
   "added_reason": "AUTO",
   "career": "UGRD",
   "config": "{}",
   "credits": 3,
   "labtut_section": null,
   "offering": 13,
   "official_grade": null,
   "person": 125,
   "role": "STUD"
  },
  "model": "coredata.member",
  "pk": 212
 },
 {
  "fields": {
   "added_reason": "AUTO",
   "career": "UGRD",
   "config": "{}",
   "credits": 3,
   "labtut_section": null,
   "offering": 13,
   "official_grade": null,
   "person": 126,
   "role": "STUD"
  },
  "model": "coredata.member",
  "pk": 213
 },
 {
  "fields": {
   "added_reason": "AUTO",
   "career": "UGRD",
   "config": "{}",
   "credits": 3,
   "labtut_section": null,
   "offering": 13,
   "official_grade": null,
   "person": 120,
   "role": "STUD"
  },
  "model": "coredata.member",
  "pk": 207
 },
 {
  "fields": {
   "added_reason": "AUTO",
   "career": "UGRD",
   "config": "{}",
   "credits": 3,
   "labtut_section": null,
   "offering": 13,
   "official_grade": null,
   "person": 134,
   "role": "STUD"
  },
  "model": "coredata.member",
  "pk": 221
 },
 {
  "fields": {
   "added_reason": "AUTO",
   "career": "UGRD",
   "config": "{}",
   "credits": 3,
   "labtut_section": null,
   "offering": 13,
   "official_grade": null,
   "person": 119,
   "role": "STUD"
  },
  "model": "coredata.member",
  "pk": 206
 },
 {
  "fields": {
   "added_reason": "AUTO",
   "career": "UGRD",
   "config": "{}",
   "credits": 3,
   "labtut_section": null,
   "offering": 13,
   "official_grade": null,
   "person": 127,
   "role": "STUD"
  },
  "model": "coredata.member",
  "pk": 214
 },
 {
  "fields": {
   "added_reason": "AUTO",
   "career": "NONS",
   "config": "{}",
   "credits": 0,
   "labtut_section": null,
   "offering": 1,
   "official_grade": null,
   "person": 180,
   "role": "TA"
  },
  "model": "coredata.member",
  "pk": 246
 },
 {
  "fields": {
   "added_reason": "AUTO",
   "career": "NONS",
   "config": "{}",
   "credits": 0,
   "labtut_section": null,
   "offering": 1,
   "official_grade": null,
   "person": 6,
   "role": "INST"
  },
  "model": "coredata.member",
  "pk": 7
 },
 {
  "fields": {
   "added_reason": "AUTO",
   "career": "UGRD",
   "config": "{}",
   "credits": 3,
   "labtut_section": null,
   "offering": 1,
   "official_grade": null,
   "person": 168,
   "role": "STUD"
  },
  "model": "coredata.member",
  "pk": 234
 },
 {
  "fields": {
   "added_reason": "AUTO",
   "career": "UGRD",
   "config": "{}",
   "credits": 3,
   "labtut_section": null,
   "offering": 1,
   "official_grade": null,
   "person": 174,
   "role": "STUD"
  },
  "model": "coredata.member",
  "pk": 240
 },
 {
  "fields": {
   "added_reason": "AUTO",
   "career": "UGRD",
   "config": "{}",
   "credits": 3,
   "labtut_section": null,
   "offering": 1,
   "official_grade": null,
   "person": 179,
   "role": "STUD"
  },
  "model": "coredata.member",
  "pk": 245
 },
 {
  "fields": {
   "added_reason": "AUTO",
   "career": "UGRD",
   "config": "{}",
   "credits": 3,
   "labtut_section": null,
   "offering": 1,
   "official_grade": null,
   "person": 170,
   "role": "STUD"
  },
  "model": "coredata.member",
  "pk": 236
 },
 {
  "fields": {
   "added_reason": "AUTO",
   "career": "UGRD",
   "config": "{}",
   "credits": 3,
   "labtut_section": null,
   "offering": 1,
   "official_grade": null,
   "person": 173,
   "role": "STUD"
  },
  "model": "coredata.member",
  "pk": 239
 },
 {
  "fields": {
   "added_reason": "AUTO",
   "career": "UGRD",
   "config": "{}",
   "credits": 3,
   "labtut_section": null,
   "offering": 1,
   "official_grade": null,
   "person": 172,
   "role": "STUD"
  },
  "model": "coredata.member",
  "pk": 238
 },
 {
  "fields": {
   "added_reason": "AUTO",
   "career": "UGRD",
   "config": "{}",
   "credits": 3,
   "labtut_section": null,
   "offering": 1,
   "official_grade": null,
   "person": 177,
   "role": "STUD"
  },
  "model": "coredata.member",
  "pk": 243
 },
 {
  "fields": {
   "added_reason": "AUTO",
   "career": "UGRD",
   "config": "{}",
   "credits": 3,
   "labtut_section": null,
   "offering": 1,
   "official_grade": null,
   "person": 176,
   "role": "STUD"
  },
  "model": "coredata.member",
  "pk": 242
 },
 {
  "fields": {
   "added_reason": "AUTO",
   "career": "UGRD",
   "config": "{}",
   "credits": 3,
   "labtut_section": null,
   "offering": 1,
   "official_grade": null,
   "person": 161,
   "role": "STUD"
  },
  "model": "coredata.member",
  "pk": 227
 },
 {
  "fields": {
   "added_reason": "AUTO",
   "career": "UGRD",
   "config": "{}",
   "credits": 3,
   "labtut_section": null,
   "offering": 1,
   "official_grade": null,
   "person": 178,
   "role": "STUD"
  },
  "model": "coredata.member",
  "pk": 244
 },
 {
  "fields": {
   "added_reason": "AUTO",
   "career": "UGRD",
   "config": "{}",
   "credits": 3,
   "labtut_section": null,
   "offering": 1,
   "official_grade": null,
   "person": 163,
   "role": "STUD"
  },
  "model": "coredata.member",
  "pk": 229
 },
 {
  "fields": {
   "added_reason": "AUTO",
   "career": "UGRD",
   "config": "{}",
   "credits": 3,
   "labtut_section": null,
   "offering": 1,
   "official_grade": null,
   "person": 165,
   "role": "STUD"
  },
  "model": "coredata.member",
  "pk": 231
 },
 {
  "fields": {
   "added_reason": "AUTO",
   "career": "UGRD",
   "config": "{}",
   "credits": 3,
   "labtut_section": null,
   "offering": 1,
   "official_grade": null,
   "person": 167,
   "role": "STUD"
  },
  "model": "coredata.member",
  "pk": 233
 },
 {
  "fields": {
   "added_reason": "AUTO",
   "career": "UGRD",
   "config": "{}",
   "credits": 3,
   "labtut_section": null,
   "offering": 1,
   "official_grade": null,
   "person": 166,
   "role": "STUD"
  },
  "model": "coredata.member",
  "pk": 232
 },
 {
  "fields": {
   "added_reason": "AUTO",
   "career": "UGRD",
   "config": "{}",
   "credits": 3,
   "labtut_section": null,
   "offering": 1,
   "official_grade": null,
   "person": 169,
   "role": "STUD"
  },
  "model": "coredata.member",
  "pk": 235
 },
 {
  "fields": {
   "added_reason": "AUTO",
   "career": "UGRD",
   "config": "{}",
   "credits": 3,
   "labtut_section": null,
   "offering": 1,
   "official_grade": null,
   "person": 164,
   "role": "STUD"
  },
  "model": "coredata.member",
  "pk": 230
 },
 {
  "fields": {
   "added_reason": "AUTO",
   "career": "UGRD",
   "config": "{}",
   "credits": 3,
   "labtut_section": null,
   "offering": 1,
   "official_grade": null,
   "person": 175,
   "role": "STUD"
  },
  "model": "coredata.member",
  "pk": 241
 },
 {
  "fields": {
   "added_reason": "AUTO",
   "career": "UGRD",
   "config": "{}",
   "credits": 3,
   "labtut_section": null,
   "offering": 1,
   "official_grade": null,
   "person": 171,
   "role": "STUD"
  },
  "model": "coredata.member",
  "pk": 237
 },
 {
  "fields": {
   "added_reason": "AUTO",
   "career": "UGRD",
   "config": "{}",
   "credits": 3,
   "labtut_section": null,
   "offering": 1,
   "official_grade": null,
   "person": 162,
   "role": "STUD"
  },
  "model": "coredata.member",
  "pk": 228
 },
 {
  "fields": {
   "added_reason": "AUTO",
   "career": "UGRD",
   "config": "{}",
   "credits": 3,
   "labtut_section": null,
   "offering": 1,
   "official_grade": null,
   "person": 160,
   "role": "STUD"
  },
  "model": "coredata.member",
  "pk": 226
 },
 {
  "fields": {
   "added_reason": "AUTO",
   "career": "NONS",
   "config": "{}",
   "credits": 0,
   "labtut_section": null,
   "offering": 21,
   "official_grade": null,
   "person": 1,
   "role": "INST"
  },
  "model": "coredata.member",
  "pk": 8
 },
 {
  "fields": {
   "added_reason": "AUTO",
   "career": "NONS",
   "config": "{}",
   "credits": 0,
   "labtut_section": null,
   "offering": 21,
   "official_grade": null,
   "person": 285,
   "role": "TA"
  },
  "model": "coredata.member",
  "pk": 267
 },
 {
  "fields": {
   "added_reason": "AUTO",
   "career": "UGRD",
   "config": "{}",
   "credits": 3,
   "labtut_section": null,
   "offering": 21,
   "official_grade": null,
   "person": 270,
   "role": "STUD"
  },
  "model": "coredata.member",
  "pk": 252
 },
 {
  "fields": {
   "added_reason": "AUTO",
   "career": "UGRD",
   "config": "{}",
   "credits": 3,
   "labtut_section": null,
   "offering": 21,
   "official_grade": null,
   "person": 275,
   "role": "STUD"
  },
  "model": "coredata.member",
  "pk": 257
 },
 {
  "fields": {
   "added_reason": "AUTO",
   "career": "UGRD",
   "config": "{}",
   "credits": 3,
   "labtut_section": null,
   "offering": 21,
   "official_grade": null,
   "person": 271,
   "role": "STUD"
  },
  "model": "coredata.member",
  "pk": 253
 },
 {
  "fields": {
   "added_reason": "AUTO",
   "career": "UGRD",
   "config": "{}",
   "credits": 3,
   "labtut_section": null,
   "offering": 21,
   "official_grade": null,
   "person": 277,
   "role": "STUD"
  },
  "model": "coredata.member",
  "pk": 259
 },
 {
  "fields": {
   "added_reason": "AUTO",
   "career": "UGRD",
   "config": "{}",
   "credits": 3,
   "labtut_section": null,
   "offering": 21,
   "official_grade": null,
   "person": 283,
   "role": "STUD"
  },
  "model": "coredata.member",
  "pk": 265
 },
 {
  "fields": {
   "added_reason": "AUTO",
   "career": "UGRD",
   "config": "{}",
   "credits": 3,
   "labtut_section": null,
   "offering": 21,
   "official_grade": null,
   "person": 282,
   "role": "STUD"
  },
  "model": "coredata.member",
  "pk": 264
 },
 {
  "fields": {
   "added_reason": "AUTO",
   "career": "UGRD",
   "config": "{}",
   "credits": 3,
   "labtut_section": null,
   "offering": 21,
   "official_grade": null,
   "person": 266,
   "role": "STUD"
  },
  "model": "coredata.member",
  "pk": 248
 },
 {
  "fields": {
   "added_reason": "AUTO",
   "career": "UGRD",
   "config": "{}",
   "credits": 3,
   "labtut_section": null,
   "offering": 21,
   "official_grade": null,
   "person": 280,
   "role": "STUD"
  },
  "model": "coredata.member",
  "pk": 262
 },
 {
  "fields": {
   "added_reason": "AUTO",
   "career": "UGRD",
   "config": "{}",
   "credits": 3,
   "labtut_section": null,
   "offering": 21,
   "official_grade": null,
   "person": 272,
   "role": "STUD"
  },
  "model": "coredata.member",
  "pk": 254
 },
 {
  "fields": {
   "added_reason": "AUTO",
   "career": "UGRD",
   "config": "{}",
   "credits": 3,
   "labtut_section": null,
   "offering": 21,
   "official_grade": null,
   "person": 274,
   "role": "STUD"
  },
  "model": "coredata.member",
  "pk": 256
 },
 {
  "fields": {
   "added_reason": "AUTO",
   "career": "UGRD",
   "config": "{}",
   "credits": 3,
   "labtut_section": null,
   "offering": 21,
   "official_grade": null,
   "person": 279,
   "role": "STUD"
  },
  "model": "coredata.member",
  "pk": 261
 },
 {
  "fields": {
   "added_reason": "AUTO",
   "career": "UGRD",
   "config": "{}",
   "credits": 3,
   "labtut_section": null,
   "offering": 21,
   "official_grade": null,
   "person": 269,
   "role": "STUD"
  },
  "model": "coredata.member",
  "pk": 251
 },
 {
  "fields": {
   "added_reason": "AUTO",
   "career": "UGRD",
   "config": "{}",
   "credits": 3,
   "labtut_section": null,
   "offering": 21,
   "official_grade": null,
   "person": 268,
   "role": "STUD"
  },
  "model": "coredata.member",
  "pk": 250
 },
 {
  "fields": {
   "added_reason": "AUTO",
   "career": "UGRD",
   "config": "{}",
   "credits": 3,
   "labtut_section": null,
   "offering": 21,
   "official_grade": null,
   "person": 278,
   "role": "STUD"
  },
  "model": "coredata.member",
  "pk": 260
 },
 {
  "fields": {
   "added_reason": "AUTO",
   "career": "UGRD",
   "config": "{}",
   "credits": 3,
   "labtut_section": null,
   "offering": 21,
   "official_grade": null,
   "person": 276,
   "role": "STUD"
  },
  "model": "coredata.member",
  "pk": 258
 },
 {
  "fields": {
   "added_reason": "AUTO",
   "career": "UGRD",
   "config": "{}",
   "credits": 3,
   "labtut_section": null,
   "offering": 21,
   "official_grade": null,
   "person": 281,
   "role": "STUD"
  },
  "model": "coredata.member",
  "pk": 263
 },
 {
  "fields": {
   "added_reason": "AUTO",
   "career": "UGRD",
   "config": "{}",
   "credits": 3,
   "labtut_section": null,
   "offering": 21,
   "official_grade": null,
   "person": 265,
   "role": "STUD"
  },
  "model": "coredata.member",
  "pk": 247
 },
 {
  "fields": {
   "added_reason": "AUTO",
   "career": "UGRD",
   "config": "{}",
   "credits": 3,
   "labtut_section": null,
   "offering": 21,
   "official_grade": null,
   "person": 273,
   "role": "STUD"
  },
  "model": "coredata.member",
  "pk": 255
 },
 {
  "fields": {
   "added_reason": "AUTO",
   "career": "UGRD",
   "config": "{}",
   "credits": 3,
   "labtut_section": null,
   "offering": 21,
   "official_grade": null,
   "person": 267,
   "role": "STUD"
  },
  "model": "coredata.member",
  "pk": 249
 },
 {
  "fields": {
   "added_reason": "AUTO",
   "career": "UGRD",
   "config": "{}",
   "credits": 3,
   "labtut_section": null,
   "offering": 21,
   "official_grade": null,
   "person": 284,
   "role": "STUD"
  },
  "model": "coredata.member",
  "pk": 266
 },
 {
  "fields": {
   "added_reason": "AUTO",
   "career": "NONS",
   "config": "{}",
   "credits": 0,
   "labtut_section": null,
   "offering": 22,
   "official_grade": null,
   "person": 54,
   "role": "TA"
  },
  "model": "coredata.member",
  "pk": 288
 },
 {
  "fields": {
   "added_reason": "AUTO",
   "career": "NONS",
   "config": "{}",
   "credits": 0,
   "labtut_section": null,
   "offering": 22,
   "official_grade": null,
   "person": 7,
   "role": "INST"
  },
  "model": "coredata.member",
  "pk": 9
 },
 {
  "fields": {
   "added_reason": "AUTO",
   "career": "UGRD",
   "config": "{}",
   "credits": 3,
   "labtut_section": null,
   "offering": 22,
   "official_grade": null,
   "person": 52,
   "role": "STUD"
  },
  "model": "coredata.member",
  "pk": 286
 },
 {
  "fields": {
   "added_reason": "AUTO",
   "career": "UGRD",
   "config": "{}",
   "credits": 3,
   "labtut_section": null,
   "offering": 22,
   "official_grade": null,
   "person": 40,
   "role": "STUD"
  },
  "model": "coredata.member",
  "pk": 274
 },
 {
  "fields": {
   "added_reason": "AUTO",
   "career": "UGRD",
   "config": "{}",
   "credits": 3,
   "labtut_section": null,
   "offering": 22,
   "official_grade": null,
   "person": 48,
   "role": "STUD"
  },
  "model": "coredata.member",
  "pk": 282
 },
 {
  "fields": {
   "added_reason": "AUTO",
   "career": "UGRD",
   "config": "{}",
   "credits": 3,
   "labtut_section": null,
   "offering": 22,
   "official_grade": null,
   "person": 49,
   "role": "STUD"
  },
  "model": "coredata.member",
  "pk": 283
 },
 {
  "fields": {
   "added_reason": "AUTO",
   "career": "UGRD",
   "config": "{}",
   "credits": 3,
   "labtut_section": null,
   "offering": 22,
   "official_grade": null,
   "person": 46,
   "role": "STUD"
  },
  "model": "coredata.member",
  "pk": 280
 },
 {
  "fields": {
   "added_reason": "AUTO",
   "career": "UGRD",
   "config": "{}",
   "credits": 3,
   "labtut_section": null,
   "offering": 22,
   "official_grade": null,
   "person": 36,
   "role": "STUD"
  },
  "model": "coredata.member",
  "pk": 270
 },
 {
  "fields": {
   "added_reason": "AUTO",
   "career": "UGRD",
   "config": "{}",
   "credits": 3,
   "labtut_section": null,
   "offering": 22,
   "official_grade": null,
   "person": 42,
   "role": "STUD"
  },
  "model": "coredata.member",
  "pk": 276
 },
 {
  "fields": {
   "added_reason": "AUTO",
   "career": "UGRD",
   "config": "{}",
   "credits": 3,
   "labtut_section": null,
   "offering": 22,
   "official_grade": null,
   "person": 45,
   "role": "STUD"
  },
  "model": "coredata.member",
  "pk": 279
 },
 {
  "fields": {
   "added_reason": "AUTO",
   "career": "UGRD",
   "config": "{}",
   "credits": 3,
   "labtut_section": null,
   "offering": 22,
   "official_grade": null,
   "person": 47,
   "role": "STUD"
  },
  "model": "coredata.member",
  "pk": 281
 },
 {
  "fields": {
   "added_reason": "AUTO",
   "career": "UGRD",
   "config": "{}",
   "credits": 3,
   "labtut_section": null,
   "offering": 22,
   "official_grade": null,
   "person": 35,
   "role": "STUD"
  },
  "model": "coredata.member",
  "pk": 269
 },
 {
  "fields": {
   "added_reason": "AUTO",
   "career": "UGRD",
   "config": "{}",
   "credits": 3,
   "labtut_section": null,
   "offering": 22,
   "official_grade": null,
   "person": 43,
   "role": "STUD"
  },
  "model": "coredata.member",
  "pk": 277
 },
 {
  "fields": {
   "added_reason": "AUTO",
   "career": "UGRD",
   "config": "{}",
   "credits": 3,
   "labtut_section": null,
   "offering": 22,
   "official_grade": null,
   "person": 50,
   "role": "STUD"
  },
  "model": "coredata.member",
  "pk": 284
 },
 {
  "fields": {
   "added_reason": "AUTO",
   "career": "UGRD",
   "config": "{}",
   "credits": 3,
   "labtut_section": null,
   "offering": 22,
   "official_grade": null,
   "person": 44,
   "role": "STUD"
  },
  "model": "coredata.member",
  "pk": 278
 },
 {
  "fields": {
   "added_reason": "AUTO",
   "career": "UGRD",
   "config": "{}",
   "credits": 3,
   "labtut_section": null,
   "offering": 22,
   "official_grade": null,
   "person": 38,
   "role": "STUD"
  },
  "model": "coredata.member",
  "pk": 272
 },
 {
  "fields": {
   "added_reason": "AUTO",
   "career": "UGRD",
   "config": "{}",
   "credits": 3,
   "labtut_section": null,
   "offering": 22,
   "official_grade": null,
   "person": 51,
   "role": "STUD"
  },
  "model": "coredata.member",
  "pk": 285
 },
 {
  "fields": {
   "added_reason": "AUTO",
   "career": "UGRD",
   "config": "{}",
   "credits": 3,
   "labtut_section": null,
   "offering": 22,
   "official_grade": null,
   "person": 37,
   "role": "STUD"
  },
  "model": "coredata.member",
  "pk": 271
 },
 {
  "fields": {
   "added_reason": "AUTO",
   "career": "UGRD",
   "config": "{}",
   "credits": 3,
   "labtut_section": null,
   "offering": 22,
   "official_grade": null,
   "person": 41,
   "role": "STUD"
  },
  "model": "coredata.member",
  "pk": 275
 },
 {
  "fields": {
   "added_reason": "AUTO",
   "career": "UGRD",
   "config": "{}",
   "credits": 3,
   "labtut_section": null,
   "offering": 22,
   "official_grade": null,
   "person": 39,
   "role": "STUD"
  },
  "model": "coredata.member",
  "pk": 273
 },
 {
  "fields": {
   "added_reason": "AUTO",
   "career": "UGRD",
   "config": "{}",
   "credits": 3,
   "labtut_section": null,
   "offering": 22,
   "official_grade": null,
   "person": 34,
   "role": "STUD"
  },
  "model": "coredata.member",
  "pk": 268
 },
 {
  "fields": {
   "added_reason": "AUTO",
   "career": "UGRD",
   "config": "{}",
   "credits": 3,
   "labtut_section": null,
   "offering": 22,
   "official_grade": null,
   "person": 53,
   "role": "STUD"
  },
  "model": "coredata.member",
  "pk": 287
 },
 {
  "fields": {
   "added_reason": "AUTO",
   "career": "NONS",
   "config": "{}",
   "credits": 0,
   "labtut_section": null,
   "offering": 2,
   "official_grade": null,
   "person": 138,
   "role": "TA"
  },
  "model": "coredata.member",
  "pk": 309
 },
 {
  "fields": {
   "added_reason": "AUTO",
   "career": "NONS",
   "config": "{}",
   "credits": 0,
   "labtut_section": null,
   "offering": 2,
   "official_grade": null,
   "person": 8,
   "role": "INST"
  },
  "model": "coredata.member",
  "pk": 10
 },
 {
  "fields": {
   "added_reason": "AUTO",
   "career": "UGRD",
   "config": "{}",
   "credits": 3,
   "labtut_section": null,
   "offering": 2,
   "official_grade": null,
   "person": 128,
   "role": "STUD"
  },
  "model": "coredata.member",
  "pk": 299
 },
 {
  "fields": {
   "added_reason": "AUTO",
   "career": "UGRD",
   "config": "{}",
   "credits": 3,
   "labtut_section": null,
   "offering": 2,
   "official_grade": null,
   "person": 133,
   "role": "STUD"
  },
  "model": "coredata.member",
  "pk": 304
 },
 {
  "fields": {
   "added_reason": "AUTO",
   "career": "UGRD",
   "config": "{}",
   "credits": 3,
   "labtut_section": null,
   "offering": 2,
   "official_grade": null,
   "person": 137,
   "role": "STUD"
  },
  "model": "coredata.member",
  "pk": 308
 },
 {
  "fields": {
   "added_reason": "AUTO",
   "career": "UGRD",
   "config": "{}",
   "credits": 3,
   "labtut_section": null,
   "offering": 2,
   "official_grade": null,
   "person": 131,
   "role": "STUD"
  },
  "model": "coredata.member",
  "pk": 302
 },
 {
  "fields": {
   "added_reason": "AUTO",
   "career": "UGRD",
   "config": "{}",
   "credits": 3,
   "labtut_section": null,
   "offering": 2,
   "official_grade": null,
   "person": 130,
   "role": "STUD"
  },
  "model": "coredata.member",
  "pk": 301
 },
 {
  "fields": {
   "added_reason": "AUTO",
   "career": "UGRD",
   "config": "{}",
   "credits": 3,
   "labtut_section": null,
   "offering": 2,
   "official_grade": null,
   "person": 123,
   "role": "STUD"
  },
  "model": "coredata.member",
  "pk": 294
 },
 {
  "fields": {
   "added_reason": "AUTO",
   "career": "UGRD",
   "config": "{}",
   "credits": 3,
   "labtut_section": null,
   "offering": 2,
   "official_grade": null,
   "person": 132,
   "role": "STUD"
  },
  "model": "coredata.member",
  "pk": 303
 },
 {
  "fields": {
   "added_reason": "AUTO",
   "career": "UGRD",
   "config": "{}",
   "credits": 3,
   "labtut_section": null,
   "offering": 2,
   "official_grade": null,
   "person": 129,
   "role": "STUD"
  },
  "model": "coredata.member",
  "pk": 300
 },
 {
  "fields": {
   "added_reason": "AUTO",
   "career": "UGRD",
   "config": "{}",
   "credits": 3,
   "labtut_section": null,
   "offering": 2,
   "official_grade": null,
   "person": 121,
   "role": "STUD"
  },
  "model": "coredata.member",
  "pk": 292
 },
 {
  "fields": {
   "added_reason": "AUTO",
   "career": "UGRD",
   "config": "{}",
   "credits": 3,
   "labtut_section": null,
   "offering": 2,
   "official_grade": null,
   "person": 136,
   "role": "STUD"
  },
  "model": "coredata.member",
  "pk": 307
 },
 {
  "fields": {
   "added_reason": "AUTO",
   "career": "UGRD",
   "config": "{}",
   "credits": 3,
   "labtut_section": null,
   "offering": 2,
   "official_grade": null,
   "person": 118,
   "role": "STUD"
  },
  "model": "coredata.member",
  "pk": 289
 },
 {
  "fields": {
   "added_reason": "AUTO",
   "career": "UGRD",
   "config": "{}",
   "credits": 3,
   "labtut_section": null,
   "offering": 2,
   "official_grade": null,
   "person": 135,
   "role": "STUD"
  },
  "model": "coredata.member",
  "pk": 306
 },
 {
  "fields": {
   "added_reason": "AUTO",
   "career": "UGRD",
   "config": "{}",
   "credits": 3,
   "labtut_section": null,
   "offering": 2,
   "official_grade": null,
   "person": 124,
   "role": "STUD"
  },
  "model": "coredata.member",
  "pk": 295
 },
 {
  "fields": {
   "added_reason": "AUTO",
   "career": "UGRD",
   "config": "{}",
   "credits": 3,
   "labtut_section": null,
   "offering": 2,
   "official_grade": null,
   "person": 122,
   "role": "STUD"
  },
  "model": "coredata.member",
  "pk": 293
 },
 {
  "fields": {
   "added_reason": "AUTO",
   "career": "UGRD",
   "config": "{}",
   "credits": 3,
   "labtut_section": null,
   "offering": 2,
   "official_grade": null,
   "person": 125,
   "role": "STUD"
  },
  "model": "coredata.member",
  "pk": 296
 },
 {
  "fields": {
   "added_reason": "AUTO",
   "career": "UGRD",
   "config": "{}",
   "credits": 3,
   "labtut_section": null,
   "offering": 2,
   "official_grade": null,
   "person": 126,
   "role": "STUD"
  },
  "model": "coredata.member",
  "pk": 297
 },
 {
  "fields": {
   "added_reason": "AUTO",
   "career": "UGRD",
   "config": "{}",
   "credits": 3,
   "labtut_section": null,
   "offering": 2,
   "official_grade": null,
   "person": 120,
   "role": "STUD"
  },
  "model": "coredata.member",
  "pk": 291
 },
 {
  "fields": {
   "added_reason": "AUTO",
   "career": "UGRD",
   "config": "{}",
   "credits": 3,
   "labtut_section": null,
   "offering": 2,
   "official_grade": null,
   "person": 134,
   "role": "STUD"
  },
  "model": "coredata.member",
  "pk": 305
 },
 {
  "fields": {
   "added_reason": "AUTO",
   "career": "UGRD",
   "config": "{}",
   "credits": 3,
   "labtut_section": null,
   "offering": 2,
   "official_grade": null,
   "person": 119,
   "role": "STUD"
  },
  "model": "coredata.member",
  "pk": 290
 },
 {
  "fields": {
   "added_reason": "AUTO",
   "career": "UGRD",
   "config": "{}",
   "credits": 3,
   "labtut_section": null,
   "offering": 2,
   "official_grade": null,
   "person": 127,
   "role": "STUD"
  },
  "model": "coredata.member",
  "pk": 298
 },
 {
  "fields": {
   "added_reason": "AUTO",
   "career": "NONS",
   "config": "{}",
   "credits": 0,
   "labtut_section": null,
   "offering": 26,
   "official_grade": null,
   "person": 537,
   "role": "TA"
  },
  "model": "coredata.member",
  "pk": 330
 },
 {
  "fields": {
   "added_reason": "AUTO",
   "career": "NONS",
   "config": "{}",
   "credits": 0,
   "labtut_section": null,
   "offering": 26,
   "official_grade": null,
   "person": 2,
   "role": "INST"
  },
  "model": "coredata.member",
  "pk": 11
 },
 {
  "fields": {
   "added_reason": "AUTO",
   "career": "UGRD",
   "config": "{}",
   "credits": 3,
   "labtut_section": null,
   "offering": 26,
   "official_grade": null,
   "person": 521,
   "role": "STUD"
  },
  "model": "coredata.member",
  "pk": 314
 },
 {
  "fields": {
   "added_reason": "AUTO",
   "career": "UGRD",
   "config": "{}",
   "credits": 3,
   "labtut_section": null,
   "offering": 26,
   "official_grade": null,
   "person": 534,
   "role": "STUD"
  },
  "model": "coredata.member",
  "pk": 327
 },
 {
  "fields": {
   "added_reason": "AUTO",
   "career": "UGRD",
   "config": "{}",
   "credits": 3,
   "labtut_section": null,
   "offering": 26,
   "official_grade": null,
   "person": 525,
   "role": "STUD"
  },
  "model": "coredata.member",
  "pk": 318
 },
 {
  "fields": {
   "added_reason": "AUTO",
   "career": "UGRD",
   "config": "{}",
   "credits": 3,
   "labtut_section": null,
   "offering": 26,
   "official_grade": null,
   "person": 531,
   "role": "STUD"
  },
  "model": "coredata.member",
  "pk": 324
 },
 {
  "fields": {
   "added_reason": "AUTO",
   "career": "UGRD",
   "config": "{}",
   "credits": 3,
   "labtut_section": null,
   "offering": 26,
   "official_grade": null,
   "person": 530,
   "role": "STUD"
  },
  "model": "coredata.member",
  "pk": 323
 },
 {
  "fields": {
   "added_reason": "AUTO",
   "career": "UGRD",
   "config": "{}",
   "credits": 3,
   "labtut_section": null,
   "offering": 26,
   "official_grade": null,
   "person": 535,
   "role": "STUD"
  },
  "model": "coredata.member",
  "pk": 328
 },
 {
  "fields": {
   "added_reason": "AUTO",
   "career": "UGRD",
   "config": "{}",
   "credits": 3,
   "labtut_section": null,
   "offering": 26,
   "official_grade": null,
   "person": 518,
   "role": "STUD"
  },
  "model": "coredata.member",
  "pk": 311
 },
 {
  "fields": {
   "added_reason": "AUTO",
   "career": "UGRD",
   "config": "{}",
   "credits": 3,
   "labtut_section": null,
   "offering": 26,
   "official_grade": null,
   "person": 532,
   "role": "STUD"
  },
  "model": "coredata.member",
  "pk": 325
 },
 {
  "fields": {
   "added_reason": "AUTO",
   "career": "UGRD",
   "config": "{}",
   "credits": 3,
   "labtut_section": null,
   "offering": 26,
   "official_grade": null,
   "person": 517,
   "role": "STUD"
  },
  "model": "coredata.member",
  "pk": 310
 },
 {
  "fields": {
   "added_reason": "AUTO",
   "career": "UGRD",
   "config": "{}",
   "credits": 3,
   "labtut_section": null,
   "offering": 26,
   "official_grade": null,
   "person": 522,
   "role": "STUD"
  },
  "model": "coredata.member",
  "pk": 315
 },
 {
  "fields": {
   "added_reason": "AUTO",
   "career": "UGRD",
   "config": "{}",
   "credits": 3,
   "labtut_section": null,
   "offering": 26,
   "official_grade": null,
   "person": 526,
   "role": "STUD"
  },
  "model": "coredata.member",
  "pk": 319
 },
 {
  "fields": {
   "added_reason": "AUTO",
   "career": "UGRD",
   "config": "{}",
   "credits": 3,
   "labtut_section": null,
   "offering": 26,
   "official_grade": null,
   "person": 536,
   "role": "STUD"
  },
  "model": "coredata.member",
  "pk": 329
 },
 {
  "fields": {
   "added_reason": "AUTO",
   "career": "UGRD",
   "config": "{}",
   "credits": 3,
   "labtut_section": null,
   "offering": 26,
   "official_grade": null,
   "person": 524,
   "role": "STUD"
  },
  "model": "coredata.member",
  "pk": 317
 },
 {
  "fields": {
   "added_reason": "AUTO",
   "career": "UGRD",
   "config": "{}",
   "credits": 3,
   "labtut_section": null,
   "offering": 26,
   "official_grade": null,
   "person": 527,
   "role": "STUD"
  },
  "model": "coredata.member",
  "pk": 320
 },
 {
  "fields": {
   "added_reason": "AUTO",
   "career": "UGRD",
   "config": "{}",
   "credits": 3,
   "labtut_section": null,
   "offering": 26,
   "official_grade": null,
   "person": 533,
   "role": "STUD"
  },
  "model": "coredata.member",
  "pk": 326
 },
 {
  "fields": {
   "added_reason": "AUTO",
   "career": "UGRD",
   "config": "{}",
   "credits": 3,
   "labtut_section": null,
   "offering": 26,
   "official_grade": null,
   "person": 523,
   "role": "STUD"
  },
  "model": "coredata.member",
  "pk": 316
 },
 {
  "fields": {
   "added_reason": "AUTO",
   "career": "UGRD",
   "config": "{}",
   "credits": 3,
   "labtut_section": null,
   "offering": 26,
   "official_grade": null,
   "person": 529,
   "role": "STUD"
  },
  "model": "coredata.member",
  "pk": 322
 },
 {
  "fields": {
   "added_reason": "AUTO",
   "career": "UGRD",
   "config": "{}",
   "credits": 3,
   "labtut_section": null,
   "offering": 26,
   "official_grade": null,
   "person": 519,
   "role": "STUD"
  },
  "model": "coredata.member",
  "pk": 312
 },
 {
  "fields": {
   "added_reason": "AUTO",
   "career": "UGRD",
   "config": "{}",
   "credits": 3,
   "labtut_section": null,
   "offering": 26,
   "official_grade": null,
   "person": 520,
   "role": "STUD"
  },
  "model": "coredata.member",
  "pk": 313
 },
 {
  "fields": {
   "added_reason": "AUTO",
   "career": "UGRD",
   "config": "{}",
   "credits": 3,
   "labtut_section": null,
   "offering": 26,
   "official_grade": null,
   "person": 528,
   "role": "STUD"
  },
  "model": "coredata.member",
  "pk": 321
 },
 {
  "fields": {
   "added_reason": "AUTO",
   "career": "NONS",
   "config": "{}",
   "credits": 0,
   "labtut_section": null,
   "offering": 3,
   "official_grade": null,
   "person": 9,
   "role": "INST"
  },
  "model": "coredata.member",
  "pk": 12
 },
 {
  "fields": {
   "added_reason": "AUTO",
   "career": "NONS",
   "config": "{}",
   "credits": 0,
   "labtut_section": null,
   "offering": 3,
   "official_grade": null,
   "person": 285,
   "role": "TA"
  },
  "model": "coredata.member",
  "pk": 351
 },
 {
  "fields": {
   "added_reason": "AUTO",
   "career": "UGRD",
   "config": "{}",
   "credits": 3,
   "labtut_section": null,
   "offering": 3,
   "official_grade": null,
   "person": 270,
   "role": "STUD"
  },
  "model": "coredata.member",
  "pk": 336
 },
 {
  "fields": {
   "added_reason": "AUTO",
   "career": "UGRD",
   "config": "{}",
   "credits": 3,
   "labtut_section": null,
   "offering": 3,
   "official_grade": null,
   "person": 275,
   "role": "STUD"
  },
  "model": "coredata.member",
  "pk": 341
 },
 {
  "fields": {
   "added_reason": "AUTO",
   "career": "UGRD",
   "config": "{}",
   "credits": 3,
   "labtut_section": null,
   "offering": 3,
   "official_grade": null,
   "person": 271,
   "role": "STUD"
  },
  "model": "coredata.member",
  "pk": 337
 },
 {
  "fields": {
   "added_reason": "AUTO",
   "career": "UGRD",
   "config": "{}",
   "credits": 3,
   "labtut_section": null,
   "offering": 3,
   "official_grade": null,
   "person": 277,
   "role": "STUD"
  },
  "model": "coredata.member",
  "pk": 343
 },
 {
  "fields": {
   "added_reason": "AUTO",
   "career": "UGRD",
   "config": "{}",
   "credits": 3,
   "labtut_section": null,
   "offering": 3,
   "official_grade": null,
   "person": 283,
   "role": "STUD"
  },
  "model": "coredata.member",
  "pk": 349
 },
 {
  "fields": {
   "added_reason": "AUTO",
   "career": "UGRD",
   "config": "{}",
   "credits": 3,
   "labtut_section": null,
   "offering": 3,
   "official_grade": null,
   "person": 282,
   "role": "STUD"
  },
  "model": "coredata.member",
  "pk": 348
 },
 {
  "fields": {
   "added_reason": "AUTO",
   "career": "UGRD",
   "config": "{}",
   "credits": 3,
   "labtut_section": null,
   "offering": 3,
   "official_grade": null,
   "person": 266,
   "role": "STUD"
  },
  "model": "coredata.member",
  "pk": 332
 },
 {
  "fields": {
   "added_reason": "AUTO",
   "career": "UGRD",
   "config": "{}",
   "credits": 3,
   "labtut_section": null,
   "offering": 3,
   "official_grade": null,
   "person": 280,
   "role": "STUD"
  },
  "model": "coredata.member",
  "pk": 346
 },
 {
  "fields": {
   "added_reason": "AUTO",
   "career": "UGRD",
   "config": "{}",
   "credits": 3,
   "labtut_section": null,
   "offering": 3,
   "official_grade": null,
   "person": 272,
   "role": "STUD"
  },
  "model": "coredata.member",
  "pk": 338
 },
 {
  "fields": {
   "added_reason": "AUTO",
   "career": "UGRD",
   "config": "{}",
   "credits": 3,
   "labtut_section": null,
   "offering": 3,
   "official_grade": null,
   "person": 274,
   "role": "STUD"
  },
  "model": "coredata.member",
  "pk": 340
 },
 {
  "fields": {
   "added_reason": "AUTO",
   "career": "UGRD",
   "config": "{}",
   "credits": 3,
   "labtut_section": null,
   "offering": 3,
   "official_grade": null,
   "person": 279,
   "role": "STUD"
  },
  "model": "coredata.member",
  "pk": 345
 },
 {
  "fields": {
   "added_reason": "AUTO",
   "career": "UGRD",
   "config": "{}",
   "credits": 3,
   "labtut_section": null,
   "offering": 3,
   "official_grade": null,
   "person": 269,
   "role": "STUD"
  },
  "model": "coredata.member",
  "pk": 335
 },
 {
  "fields": {
   "added_reason": "AUTO",
   "career": "UGRD",
   "config": "{}",
   "credits": 3,
   "labtut_section": null,
   "offering": 3,
   "official_grade": null,
   "person": 268,
   "role": "STUD"
  },
  "model": "coredata.member",
  "pk": 334
 },
 {
  "fields": {
   "added_reason": "AUTO",
   "career": "UGRD",
   "config": "{}",
   "credits": 3,
   "labtut_section": null,
   "offering": 3,
   "official_grade": null,
   "person": 278,
   "role": "STUD"
  },
  "model": "coredata.member",
  "pk": 344
 },
 {
  "fields": {
   "added_reason": "AUTO",
   "career": "UGRD",
   "config": "{}",
   "credits": 3,
   "labtut_section": null,
   "offering": 3,
   "official_grade": null,
   "person": 276,
   "role": "STUD"
  },
  "model": "coredata.member",
  "pk": 342
 },
 {
  "fields": {
   "added_reason": "AUTO",
   "career": "UGRD",
   "config": "{}",
   "credits": 3,
   "labtut_section": null,
   "offering": 3,
   "official_grade": null,
   "person": 281,
   "role": "STUD"
  },
  "model": "coredata.member",
  "pk": 347
 },
 {
  "fields": {
   "added_reason": "AUTO",
   "career": "UGRD",
   "config": "{}",
   "credits": 3,
   "labtut_section": null,
   "offering": 3,
   "official_grade": null,
   "person": 265,
   "role": "STUD"
  },
  "model": "coredata.member",
  "pk": 331
 },
 {
  "fields": {
   "added_reason": "AUTO",
   "career": "UGRD",
   "config": "{}",
   "credits": 3,
   "labtut_section": null,
   "offering": 3,
   "official_grade": null,
   "person": 273,
   "role": "STUD"
  },
  "model": "coredata.member",
  "pk": 339
 },
 {
  "fields": {
   "added_reason": "AUTO",
   "career": "UGRD",
   "config": "{}",
   "credits": 3,
   "labtut_section": null,
   "offering": 3,
   "official_grade": null,
   "person": 267,
   "role": "STUD"
  },
  "model": "coredata.member",
  "pk": 333
 },
 {
  "fields": {
   "added_reason": "AUTO",
   "career": "UGRD",
   "config": "{}",
   "credits": 3,
   "labtut_section": null,
   "offering": 3,
   "official_grade": null,
   "person": 284,
   "role": "STUD"
  },
  "model": "coredata.member",
  "pk": 350
 },
 {
  "fields": {
   "added_reason": "AUTO",
   "career": "NONS",
   "config": "{}",
   "credits": 0,
   "labtut_section": null,
   "offering": 23,
   "official_grade": null,
   "person": 10,
   "role": "INST"
  },
  "model": "coredata.member",
  "pk": 13
 },
 {
  "fields": {
   "added_reason": "AUTO",
   "career": "NONS",
   "config": "{}",
   "credits": 0,
   "labtut_section": null,
   "offering": 23,
   "official_grade": null,
   "person": 75,
   "role": "TA"
  },
  "model": "coredata.member",
  "pk": 372
 },
 {
  "fields": {
   "added_reason": "AUTO",
   "career": "UGRD",
   "config": "{}",
   "credits": 3,
   "labtut_section": null,
   "offering": 23,
   "official_grade": null,
   "person": 66,
   "role": "STUD"
  },
  "model": "coredata.member",
  "pk": 363
 },
 {
  "fields": {
   "added_reason": "AUTO",
   "career": "UGRD",
   "config": "{}",
   "credits": 3,
   "labtut_section": null,
   "offering": 23,
   "official_grade": null,
   "person": 65,
   "role": "STUD"
  },
  "model": "coredata.member",
  "pk": 362
 },
 {
  "fields": {
   "added_reason": "AUTO",
   "career": "UGRD",
   "config": "{}",
   "credits": 3,
   "labtut_section": null,
   "offering": 23,
   "official_grade": null,
   "person": 63,
   "role": "STUD"
  },
  "model": "coredata.member",
  "pk": 360
 },
 {
  "fields": {
   "added_reason": "AUTO",
   "career": "UGRD",
   "config": "{}",
   "credits": 3,
   "labtut_section": null,
   "offering": 23,
   "official_grade": null,
   "person": 74,
   "role": "STUD"
  },
  "model": "coredata.member",
  "pk": 371
 },
 {
  "fields": {
   "added_reason": "AUTO",
   "career": "UGRD",
   "config": "{}",
   "credits": 3,
   "labtut_section": null,
   "offering": 23,
   "official_grade": null,
   "person": 71,
   "role": "STUD"
  },
  "model": "coredata.member",
  "pk": 368
 },
 {
  "fields": {
   "added_reason": "AUTO",
   "career": "UGRD",
   "config": "{}",
   "credits": 3,
   "labtut_section": null,
   "offering": 23,
   "official_grade": null,
   "person": 61,
   "role": "STUD"
  },
  "model": "coredata.member",
  "pk": 358
 },
 {
  "fields": {
   "added_reason": "AUTO",
   "career": "UGRD",
   "config": "{}",
   "credits": 3,
   "labtut_section": null,
   "offering": 23,
   "official_grade": null,
   "person": 67,
   "role": "STUD"
  },
  "model": "coredata.member",
  "pk": 364
 },
 {
  "fields": {
   "added_reason": "AUTO",
   "career": "UGRD",
   "config": "{}",
   "credits": 3,
   "labtut_section": null,
   "offering": 23,
   "official_grade": null,
   "person": 60,
   "role": "STUD"
  },
  "model": "coredata.member",
  "pk": 357
 },
 {
  "fields": {
   "added_reason": "AUTO",
   "career": "UGRD",
   "config": "{}",
   "credits": 3,
   "labtut_section": null,
   "offering": 23,
   "official_grade": null,
   "person": 56,
   "role": "STUD"
  },
  "model": "coredata.member",
  "pk": 353
 },
 {
  "fields": {
   "added_reason": "AUTO",
   "career": "UGRD",
   "config": "{}",
   "credits": 3,
   "labtut_section": null,
   "offering": 23,
   "official_grade": null,
   "person": 59,
   "role": "STUD"
  },
  "model": "coredata.member",
  "pk": 356
 },
 {
  "fields": {
   "added_reason": "AUTO",
   "career": "UGRD",
   "config": "{}",
   "credits": 3,
   "labtut_section": null,
   "offering": 23,
   "official_grade": null,
   "person": 72,
   "role": "STUD"
  },
  "model": "coredata.member",
  "pk": 369
 },
 {
  "fields": {
   "added_reason": "AUTO",
   "career": "UGRD",
   "config": "{}",
   "credits": 3,
   "labtut_section": null,
   "offering": 23,
   "official_grade": null,
   "person": 68,
   "role": "STUD"
  },
  "model": "coredata.member",
  "pk": 365
 },
 {
  "fields": {
   "added_reason": "AUTO",
   "career": "UGRD",
   "config": "{}",
   "credits": 3,
   "labtut_section": null,
   "offering": 23,
   "official_grade": null,
   "person": 57,
   "role": "STUD"
  },
  "model": "coredata.member",
  "pk": 354
 },
 {
  "fields": {
   "added_reason": "AUTO",
   "career": "UGRD",
   "config": "{}",
   "credits": 3,
   "labtut_section": null,
   "offering": 23,
   "official_grade": null,
   "person": 70,
   "role": "STUD"
  },
  "model": "coredata.member",
  "pk": 367
 },
 {
  "fields": {
   "added_reason": "AUTO",
   "career": "UGRD",
   "config": "{}",
   "credits": 3,
   "labtut_section": null,
   "offering": 23,
   "official_grade": null,
   "person": 69,
   "role": "STUD"
  },
  "model": "coredata.member",
  "pk": 366
 },
 {
  "fields": {
   "added_reason": "AUTO",
   "career": "UGRD",
   "config": "{}",
   "credits": 3,
   "labtut_section": null,
   "offering": 23,
   "official_grade": null,
   "person": 55,
   "role": "STUD"
  },
  "model": "coredata.member",
  "pk": 352
 },
 {
  "fields": {
   "added_reason": "AUTO",
   "career": "UGRD",
   "config": "{}",
   "credits": 3,
   "labtut_section": null,
   "offering": 23,
   "official_grade": null,
   "person": 64,
   "role": "STUD"
  },
  "model": "coredata.member",
  "pk": 361
 },
 {
  "fields": {
   "added_reason": "AUTO",
   "career": "UGRD",
   "config": "{}",
   "credits": 3,
   "labtut_section": null,
   "offering": 23,
   "official_grade": null,
   "person": 58,
   "role": "STUD"
  },
  "model": "coredata.member",
  "pk": 355
 },
 {
  "fields": {
   "added_reason": "AUTO",
   "career": "UGRD",
   "config": "{}",
   "credits": 3,
   "labtut_section": null,
   "offering": 23,
   "official_grade": null,
   "person": 62,
   "role": "STUD"
  },
  "model": "coredata.member",
  "pk": 359
 },
 {
  "fields": {
   "added_reason": "AUTO",
   "career": "UGRD",
   "config": "{}",
   "credits": 3,
   "labtut_section": null,
   "offering": 23,
   "official_grade": null,
   "person": 73,
   "role": "STUD"
  },
  "model": "coredata.member",
  "pk": 370
 },
 {
  "fields": {
   "added_reason": "AUTO",
   "career": "NONS",
   "config": "{}",
   "credits": 0,
   "labtut_section": null,
   "offering": 24,
   "official_grade": null,
   "person": 159,
   "role": "TA"
  },
  "model": "coredata.member",
  "pk": 393
 },
 {
  "fields": {
   "added_reason": "AUTO",
   "career": "NONS",
   "config": "{}",
   "credits": 0,
   "labtut_section": null,
   "offering": 24,
   "official_grade": null,
   "person": 11,
   "role": "INST"
  },
  "model": "coredata.member",
  "pk": 14
 },
 {
  "fields": {
   "added_reason": "AUTO",
   "career": "NONS",
   "config": "{}",
   "credits": 0,
   "labtut_section": null,
   "offering": 24,
   "official_grade": null,
   "person": 12,
   "role": "INST"
  },
  "model": "coredata.member",
  "pk": 15
 },
 {
  "fields": {
   "added_reason": "AUTO",
   "career": "UGRD",
   "config": "{}",
   "credits": 3,
   "labtut_section": null,
   "offering": 24,
   "official_grade": null,
   "person": 139,
   "role": "STUD"
  },
  "model": "coredata.member",
  "pk": 373
 },
 {
  "fields": {
   "added_reason": "AUTO",
   "career": "UGRD",
   "config": "{}",
   "credits": 3,
   "labtut_section": null,
   "offering": 24,
   "official_grade": null,
   "person": 143,
   "role": "STUD"
  },
  "model": "coredata.member",
  "pk": 377
 },
 {
  "fields": {
   "added_reason": "AUTO",
   "career": "UGRD",
   "config": "{}",
   "credits": 3,
   "labtut_section": null,
   "offering": 24,
   "official_grade": null,
   "person": 145,
   "role": "STUD"
  },
  "model": "coredata.member",
  "pk": 379
 },
 {
  "fields": {
   "added_reason": "AUTO",
   "career": "UGRD",
   "config": "{}",
   "credits": 3,
   "labtut_section": null,
   "offering": 24,
   "official_grade": null,
   "person": 150,
   "role": "STUD"
  },
  "model": "coredata.member",
  "pk": 384
 },
 {
  "fields": {
   "added_reason": "AUTO",
   "career": "UGRD",
   "config": "{}",
   "credits": 3,
   "labtut_section": null,
   "offering": 24,
   "official_grade": null,
   "person": 154,
   "role": "STUD"
  },
  "model": "coredata.member",
  "pk": 388
 },
 {
  "fields": {
   "added_reason": "AUTO",
   "career": "UGRD",
   "config": "{}",
   "credits": 3,
   "labtut_section": null,
   "offering": 24,
   "official_grade": null,
   "person": 146,
   "role": "STUD"
  },
  "model": "coredata.member",
  "pk": 380
 },
 {
  "fields": {
   "added_reason": "AUTO",
   "career": "UGRD",
   "config": "{}",
   "credits": 3,
   "labtut_section": null,
   "offering": 24,
   "official_grade": null,
   "person": 156,
   "role": "STUD"
  },
  "model": "coredata.member",
  "pk": 390
 },
 {
  "fields": {
   "added_reason": "AUTO",
   "career": "UGRD",
   "config": "{}",
   "credits": 3,
   "labtut_section": null,
   "offering": 24,
   "official_grade": null,
   "person": 151,
   "role": "STUD"
  },
  "model": "coredata.member",
  "pk": 385
 },
 {
  "fields": {
   "added_reason": "AUTO",
   "career": "UGRD",
   "config": "{}",
   "credits": 3,
   "labtut_section": null,
   "offering": 24,
   "official_grade": null,
   "person": 158,
   "role": "STUD"
  },
  "model": "coredata.member",
  "pk": 392
 },
 {
  "fields": {
   "added_reason": "AUTO",
   "career": "UGRD",
   "config": "{}",
   "credits": 3,
   "labtut_section": null,
   "offering": 24,
   "official_grade": null,
   "person": 153,
   "role": "STUD"
  },
  "model": "coredata.member",
  "pk": 387
 },
 {
  "fields": {
   "added_reason": "AUTO",
   "career": "UGRD",
   "config": "{}",
   "credits": 3,
   "labtut_section": null,
   "offering": 24,
   "official_grade": null,
   "person": 141,
   "role": "STUD"
  },
  "model": "coredata.member",
  "pk": 375
 },
 {
  "fields": {
   "added_reason": "AUTO",
   "career": "UGRD",
   "config": "{}",
   "credits": 3,
   "labtut_section": null,
   "offering": 24,
   "official_grade": null,
   "person": 140,
   "role": "STUD"
  },
  "model": "coredata.member",
  "pk": 374
 },
 {
  "fields": {
   "added_reason": "AUTO",
   "career": "UGRD",
   "config": "{}",
   "credits": 3,
   "labtut_section": null,
   "offering": 24,
   "official_grade": null,
   "person": 144,
   "role": "STUD"
  },
  "model": "coredata.member",
  "pk": 378
 },
 {
  "fields": {
   "added_reason": "AUTO",
   "career": "UGRD",
   "config": "{}",
   "credits": 3,
   "labtut_section": null,
   "offering": 24,
   "official_grade": null,
   "person": 149,
   "role": "STUD"
  },
  "model": "coredata.member",
  "pk": 383
 },
 {
  "fields": {
   "added_reason": "AUTO",
   "career": "UGRD",
   "config": "{}",
   "credits": 3,
   "labtut_section": null,
   "offering": 24,
   "official_grade": null,
   "person": 155,
   "role": "STUD"
  },
  "model": "coredata.member",
  "pk": 389
 },
 {
  "fields": {
   "added_reason": "AUTO",
   "career": "UGRD",
   "config": "{}",
   "credits": 3,
   "labtut_section": null,
   "offering": 24,
   "official_grade": null,
   "person": 148,
   "role": "STUD"
  },
  "model": "coredata.member",
  "pk": 382
 },
 {
  "fields": {
   "added_reason": "AUTO",
   "career": "UGRD",
   "config": "{}",
   "credits": 3,
   "labtut_section": null,
   "offering": 24,
   "official_grade": null,
   "person": 157,
   "role": "STUD"
  },
  "model": "coredata.member",
  "pk": 391
 },
 {
  "fields": {
   "added_reason": "AUTO",
   "career": "UGRD",
   "config": "{}",
   "credits": 3,
   "labtut_section": null,
   "offering": 24,
   "official_grade": null,
   "person": 152,
   "role": "STUD"
  },
  "model": "coredata.member",
  "pk": 386
 },
 {
  "fields": {
   "added_reason": "AUTO",
   "career": "UGRD",
   "config": "{}",
   "credits": 3,
   "labtut_section": null,
   "offering": 24,
   "official_grade": null,
   "person": 142,
   "role": "STUD"
  },
  "model": "coredata.member",
  "pk": 376
 },
 {
  "fields": {
   "added_reason": "AUTO",
   "career": "UGRD",
   "config": "{}",
   "credits": 3,
   "labtut_section": null,
   "offering": 24,
   "official_grade": null,
   "person": 147,
   "role": "STUD"
  },
  "model": "coredata.member",
  "pk": 381
 },
 {
  "fields": {
   "added_reason": "AUTO",
   "career": "NONS",
   "config": "{}",
   "credits": 0,
   "labtut_section": null,
   "offering": 4,
   "official_grade": null,
   "person": 369,
   "role": "TA"
  },
  "model": "coredata.member",
  "pk": 414
 },
 {
  "fields": {
   "added_reason": "AUTO",
   "career": "UGRD",
   "config": "{}",
   "credits": 3,
   "labtut_section": null,
   "offering": 4,
   "official_grade": null,
   "person": 360,
   "role": "STUD"
  },
  "model": "coredata.member",
  "pk": 405
 },
 {
  "fields": {
   "added_reason": "AUTO",
   "career": "UGRD",
   "config": "{}",
   "credits": 3,
   "labtut_section": null,
   "offering": 4,
   "official_grade": null,
   "person": 349,
   "role": "STUD"
  },
  "model": "coredata.member",
  "pk": 394
 },
 {
  "fields": {
   "added_reason": "AUTO",
   "career": "UGRD",
   "config": "{}",
   "credits": 3,
   "labtut_section": null,
   "offering": 4,
   "official_grade": null,
   "person": 358,
   "role": "STUD"
  },
  "model": "coredata.member",
  "pk": 403
 },
 {
  "fields": {
   "added_reason": "AUTO",
   "career": "UGRD",
   "config": "{}",
   "credits": 3,
   "labtut_section": null,
   "offering": 4,
   "official_grade": null,
   "person": 368,
   "role": "STUD"
  },
  "model": "coredata.member",
  "pk": 413
 },
 {
  "fields": {
   "added_reason": "AUTO",
   "career": "UGRD",
   "config": "{}",
   "credits": 3,
   "labtut_section": null,
   "offering": 4,
   "official_grade": null,
   "person": 363,
   "role": "STUD"
  },
  "model": "coredata.member",
  "pk": 408
 },
 {
  "fields": {
   "added_reason": "AUTO",
   "career": "UGRD",
   "config": "{}",
   "credits": 3,
   "labtut_section": null,
   "offering": 4,
   "official_grade": null,
   "person": 365,
   "role": "STUD"
  },
  "model": "coredata.member",
  "pk": 410
 },
 {
  "fields": {
   "added_reason": "AUTO",
   "career": "UGRD",
   "config": "{}",
   "credits": 3,
   "labtut_section": null,
   "offering": 4,
   "official_grade": null,
   "person": 359,
   "role": "STUD"
  },
  "model": "coredata.member",
  "pk": 404
 },
 {
  "fields": {
   "added_reason": "AUTO",
   "career": "UGRD",
   "config": "{}",
   "credits": 3,
   "labtut_section": null,
   "offering": 4,
   "official_grade": null,
   "person": 352,
   "role": "STUD"
  },
  "model": "coredata.member",
  "pk": 397
 },
 {
  "fields": {
   "added_reason": "AUTO",
   "career": "UGRD",
   "config": "{}",
   "credits": 3,
   "labtut_section": null,
   "offering": 4,
   "official_grade": null,
   "person": 350,
   "role": "STUD"
  },
  "model": "coredata.member",
  "pk": 395
 },
 {
  "fields": {
   "added_reason": "AUTO",
   "career": "UGRD",
   "config": "{}",
   "credits": 3,
   "labtut_section": null,
   "offering": 4,
   "official_grade": null,
   "person": 356,
   "role": "STUD"
  },
  "model": "coredata.member",
  "pk": 401
 },
 {
  "fields": {
   "added_reason": "AUTO",
   "career": "UGRD",
   "config": "{}",
   "credits": 3,
   "labtut_section": null,
   "offering": 4,
   "official_grade": null,
   "person": 353,
   "role": "STUD"
  },
  "model": "coredata.member",
  "pk": 398
 },
 {
  "fields": {
   "added_reason": "AUTO",
   "career": "UGRD",
   "config": "{}",
   "credits": 3,
   "labtut_section": null,
   "offering": 4,
   "official_grade": null,
   "person": 366,
   "role": "STUD"
  },
  "model": "coredata.member",
  "pk": 411
 },
 {
  "fields": {
   "added_reason": "AUTO",
   "career": "UGRD",
   "config": "{}",
   "credits": 3,
   "labtut_section": null,
   "offering": 4,
   "official_grade": null,
   "person": 364,
   "role": "STUD"
  },
  "model": "coredata.member",
  "pk": 409
 },
 {
  "fields": {
   "added_reason": "AUTO",
   "career": "UGRD",
   "config": "{}",
   "credits": 3,
   "labtut_section": null,
   "offering": 4,
   "official_grade": null,
   "person": 361,
   "role": "STUD"
  },
  "model": "coredata.member",
  "pk": 406
 },
 {
  "fields": {
   "added_reason": "AUTO",
   "career": "UGRD",
   "config": "{}",
   "credits": 3,
   "labtut_section": null,
   "offering": 4,
   "official_grade": null,
   "person": 351,
   "role": "STUD"
  },
  "model": "coredata.member",
  "pk": 396
 },
 {
  "fields": {
   "added_reason": "AUTO",
   "career": "UGRD",
   "config": "{}",
   "credits": 3,
   "labtut_section": null,
   "offering": 4,
   "official_grade": null,
   "person": 357,
   "role": "STUD"
  },
  "model": "coredata.member",
  "pk": 402
 },
 {
  "fields": {
   "added_reason": "AUTO",
   "career": "UGRD",
   "config": "{}",
   "credits": 3,
   "labtut_section": null,
   "offering": 4,
   "official_grade": null,
   "person": 355,
   "role": "STUD"
  },
  "model": "coredata.member",
  "pk": 400
 },
 {
  "fields": {
   "added_reason": "AUTO",
   "career": "UGRD",
   "config": "{}",
   "credits": 3,
   "labtut_section": null,
   "offering": 4,
   "official_grade": null,
   "person": 354,
   "role": "STUD"
  },
  "model": "coredata.member",
  "pk": 399
 },
 {
  "fields": {
   "added_reason": "AUTO",
   "career": "UGRD",
   "config": "{}",
   "credits": 3,
   "labtut_section": null,
   "offering": 4,
   "official_grade": null,
   "person": 362,
   "role": "STUD"
  },
  "model": "coredata.member",
  "pk": 407
 },
 {
  "fields": {
   "added_reason": "AUTO",
   "career": "UGRD",
   "config": "{}",
   "credits": 3,
   "labtut_section": null,
   "offering": 4,
   "official_grade": null,
   "person": 367,
   "role": "STUD"
  },
  "model": "coredata.member",
  "pk": 412
 },
 {
  "fields": {
   "added_reason": "AUTO",
   "career": "NONS",
   "config": "{}",
   "credits": 0,
   "labtut_section": null,
   "offering": 6,
   "official_grade": null,
   "person": 453,
   "role": "TA"
  },
  "model": "coredata.member",
  "pk": 435
 },
 {
  "fields": {
   "added_reason": "AUTO",
   "career": "UGRD",
   "config": "{}",
   "credits": 3,
   "labtut_section": null,
   "offering": 6,
   "official_grade": null,
   "person": 438,
   "role": "STUD"
  },
  "model": "coredata.member",
  "pk": 420
 },
 {
  "fields": {
   "added_reason": "AUTO",
   "career": "UGRD",
   "config": "{}",
   "credits": 3,
   "labtut_section": null,
   "offering": 6,
   "official_grade": null,
   "person": 435,
   "role": "STUD"
  },
  "model": "coredata.member",
  "pk": 417
 },
 {
  "fields": {
   "added_reason": "AUTO",
   "career": "UGRD",
   "config": "{}",
   "credits": 3,
   "labtut_section": null,
   "offering": 6,
   "official_grade": null,
   "person": 440,
   "role": "STUD"
  },
  "model": "coredata.member",
  "pk": 422
 },
 {
  "fields": {
   "added_reason": "AUTO",
   "career": "UGRD",
   "config": "{}",
   "credits": 3,
   "labtut_section": null,
   "offering": 6,
   "official_grade": null,
   "person": 437,
   "role": "STUD"
  },
  "model": "coredata.member",
  "pk": 419
 },
 {
  "fields": {
   "added_reason": "AUTO",
   "career": "UGRD",
   "config": "{}",
   "credits": 3,
   "labtut_section": null,
   "offering": 6,
   "official_grade": null,
   "person": 433,
   "role": "STUD"
  },
  "model": "coredata.member",
  "pk": 415
 },
 {
  "fields": {
   "added_reason": "AUTO",
   "career": "UGRD",
   "config": "{}",
   "credits": 3,
   "labtut_section": null,
   "offering": 6,
   "official_grade": null,
   "person": 450,
   "role": "STUD"
  },
  "model": "coredata.member",
  "pk": 432
 },
 {
  "fields": {
   "added_reason": "AUTO",
   "career": "UGRD",
   "config": "{}",
   "credits": 3,
   "labtut_section": null,
   "offering": 6,
   "official_grade": null,
   "person": 436,
   "role": "STUD"
  },
  "model": "coredata.member",
  "pk": 418
 },
 {
  "fields": {
   "added_reason": "AUTO",
   "career": "UGRD",
   "config": "{}",
   "credits": 3,
   "labtut_section": null,
   "offering": 6,
   "official_grade": null,
   "person": 448,
   "role": "STUD"
  },
  "model": "coredata.member",
  "pk": 430
 },
 {
  "fields": {
   "added_reason": "AUTO",
   "career": "UGRD",
   "config": "{}",
   "credits": 3,
   "labtut_section": null,
   "offering": 6,
   "official_grade": null,
   "person": 441,
   "role": "STUD"
  },
  "model": "coredata.member",
  "pk": 423
 },
 {
  "fields": {
   "added_reason": "AUTO",
   "career": "UGRD",
   "config": "{}",
   "credits": 3,
   "labtut_section": null,
   "offering": 6,
   "official_grade": null,
   "person": 447,
   "role": "STUD"
  },
  "model": "coredata.member",
  "pk": 429
 },
 {
  "fields": {
   "added_reason": "AUTO",
   "career": "UGRD",
   "config": "{}",
   "credits": 3,
   "labtut_section": null,
   "offering": 6,
   "official_grade": null,
   "person": 442,
   "role": "STUD"
  },
  "model": "coredata.member",
  "pk": 424
 },
 {
  "fields": {
   "added_reason": "AUTO",
   "career": "UGRD",
   "config": "{}",
   "credits": 3,
   "labtut_section": null,
   "offering": 6,
   "official_grade": null,
   "person": 446,
   "role": "STUD"
  },
  "model": "coredata.member",
  "pk": 428
 },
 {
  "fields": {
   "added_reason": "AUTO",
   "career": "UGRD",
   "config": "{}",
   "credits": 3,
   "labtut_section": null,
   "offering": 6,
   "official_grade": null,
   "person": 449,
   "role": "STUD"
  },
  "model": "coredata.member",
  "pk": 431
 },
 {
  "fields": {
   "added_reason": "AUTO",
   "career": "UGRD",
   "config": "{}",
   "credits": 3,
   "labtut_section": null,
   "offering": 6,
   "official_grade": null,
   "person": 443,
   "role": "STUD"
  },
  "model": "coredata.member",
  "pk": 425
 },
 {
  "fields": {
   "added_reason": "AUTO",
   "career": "UGRD",
   "config": "{}",
   "credits": 3,
   "labtut_section": null,
   "offering": 6,
   "official_grade": null,
   "person": 445,
   "role": "STUD"
  },
  "model": "coredata.member",
  "pk": 427
 },
 {
  "fields": {
   "added_reason": "AUTO",
   "career": "UGRD",
   "config": "{}",
   "credits": 3,
   "labtut_section": null,
   "offering": 6,
   "official_grade": null,
   "person": 434,
   "role": "STUD"
  },
  "model": "coredata.member",
  "pk": 416
 },
 {
  "fields": {
   "added_reason": "AUTO",
   "career": "UGRD",
   "config": "{}",
   "credits": 3,
   "labtut_section": null,
   "offering": 6,
   "official_grade": null,
   "person": 452,
   "role": "STUD"
  },
  "model": "coredata.member",
  "pk": 434
 },
 {
  "fields": {
   "added_reason": "AUTO",
   "career": "UGRD",
   "config": "{}",
   "credits": 3,
   "labtut_section": null,
   "offering": 6,
   "official_grade": null,
   "person": 439,
   "role": "STUD"
  },
  "model": "coredata.member",
  "pk": 421
 },
 {
  "fields": {
   "added_reason": "AUTO",
   "career": "UGRD",
   "config": "{}",
   "credits": 3,
   "labtut_section": null,
   "offering": 6,
   "official_grade": null,
   "person": 444,
   "role": "STUD"
  },
  "model": "coredata.member",
  "pk": 426
 },
 {
  "fields": {
   "added_reason": "AUTO",
   "career": "UGRD",
   "config": "{}",
   "credits": 3,
   "labtut_section": null,
   "offering": 6,
   "official_grade": null,
   "person": 451,
   "role": "STUD"
  },
  "model": "coredata.member",
  "pk": 433
 },
 {
  "fields": {
   "added_reason": "AUTO",
   "career": "NONS",
   "config": "{}",
   "credits": 0,
   "labtut_section": null,
   "offering": 14,
   "official_grade": null,
   "person": 159,
   "role": "TA"
  },
  "model": "coredata.member",
  "pk": 456
 },
 {
  "fields": {
   "added_reason": "AUTO",
   "career": "UGRD",
   "config": "{}",
   "credits": 3,
   "labtut_section": null,
   "offering": 14,
   "official_grade": null,
   "person": 139,
   "role": "STUD"
  },
  "model": "coredata.member",
  "pk": 436
 },
 {
  "fields": {
   "added_reason": "AUTO",
   "career": "UGRD",
   "config": "{}",
   "credits": 3,
   "labtut_section": null,
   "offering": 14,
   "official_grade": null,
   "person": 143,
   "role": "STUD"
  },
  "model": "coredata.member",
  "pk": 440
 },
 {
  "fields": {
   "added_reason": "AUTO",
   "career": "UGRD",
   "config": "{}",
   "credits": 3,
   "labtut_section": null,
   "offering": 14,
   "official_grade": null,
   "person": 145,
   "role": "STUD"
  },
  "model": "coredata.member",
  "pk": 442
 },
 {
  "fields": {
   "added_reason": "AUTO",
   "career": "UGRD",
   "config": "{}",
   "credits": 3,
   "labtut_section": null,
   "offering": 14,
   "official_grade": null,
   "person": 150,
   "role": "STUD"
  },
  "model": "coredata.member",
  "pk": 447
 },
 {
  "fields": {
   "added_reason": "AUTO",
   "career": "UGRD",
   "config": "{}",
   "credits": 3,
   "labtut_section": null,
   "offering": 14,
   "official_grade": null,
   "person": 154,
   "role": "STUD"
  },
  "model": "coredata.member",
  "pk": 451
 },
 {
  "fields": {
   "added_reason": "AUTO",
   "career": "UGRD",
   "config": "{}",
   "credits": 3,
   "labtut_section": null,
   "offering": 14,
   "official_grade": null,
   "person": 146,
   "role": "STUD"
  },
  "model": "coredata.member",
  "pk": 443
 },
 {
  "fields": {
   "added_reason": "AUTO",
   "career": "UGRD",
   "config": "{}",
   "credits": 3,
   "labtut_section": null,
   "offering": 14,
   "official_grade": null,
   "person": 156,
   "role": "STUD"
  },
  "model": "coredata.member",
  "pk": 453
 },
 {
  "fields": {
   "added_reason": "AUTO",
   "career": "UGRD",
   "config": "{}",
   "credits": 3,
   "labtut_section": null,
   "offering": 14,
   "official_grade": null,
   "person": 151,
   "role": "STUD"
  },
  "model": "coredata.member",
  "pk": 448
 },
 {
  "fields": {
   "added_reason": "AUTO",
   "career": "UGRD",
   "config": "{}",
   "credits": 3,
   "labtut_section": null,
   "offering": 14,
   "official_grade": null,
   "person": 158,
   "role": "STUD"
  },
  "model": "coredata.member",
  "pk": 455
 },
 {
  "fields": {
   "added_reason": "AUTO",
   "career": "UGRD",
   "config": "{}",
   "credits": 3,
   "labtut_section": null,
   "offering": 14,
   "official_grade": null,
   "person": 153,
   "role": "STUD"
  },
  "model": "coredata.member",
  "pk": 450
 },
 {
  "fields": {
   "added_reason": "AUTO",
   "career": "UGRD",
   "config": "{}",
   "credits": 3,
   "labtut_section": null,
   "offering": 14,
   "official_grade": null,
   "person": 141,
   "role": "STUD"
  },
  "model": "coredata.member",
  "pk": 438
 },
 {
  "fields": {
   "added_reason": "AUTO",
   "career": "UGRD",
   "config": "{}",
   "credits": 3,
   "labtut_section": null,
   "offering": 14,
   "official_grade": null,
   "person": 140,
   "role": "STUD"
  },
  "model": "coredata.member",
  "pk": 437
 },
 {
  "fields": {
   "added_reason": "AUTO",
   "career": "UGRD",
   "config": "{}",
   "credits": 3,
   "labtut_section": null,
   "offering": 14,
   "official_grade": null,
   "person": 144,
   "role": "STUD"
  },
  "model": "coredata.member",
  "pk": 441
 },
 {
  "fields": {
   "added_reason": "AUTO",
   "career": "UGRD",
   "config": "{}",
   "credits": 3,
   "labtut_section": null,
   "offering": 14,
   "official_grade": null,
   "person": 149,
   "role": "STUD"
  },
  "model": "coredata.member",
  "pk": 446
 },
 {
  "fields": {
   "added_reason": "AUTO",
   "career": "UGRD",
   "config": "{}",
   "credits": 3,
   "labtut_section": null,
   "offering": 14,
   "official_grade": null,
   "person": 155,
   "role": "STUD"
  },
  "model": "coredata.member",
  "pk": 452
 },
 {
  "fields": {
   "added_reason": "AUTO",
   "career": "UGRD",
   "config": "{}",
   "credits": 3,
   "labtut_section": null,
   "offering": 14,
   "official_grade": null,
   "person": 148,
   "role": "STUD"
  },
  "model": "coredata.member",
  "pk": 445
 },
 {
  "fields": {
   "added_reason": "AUTO",
   "career": "UGRD",
   "config": "{}",
   "credits": 3,
   "labtut_section": null,
   "offering": 14,
   "official_grade": null,
   "person": 157,
   "role": "STUD"
  },
  "model": "coredata.member",
  "pk": 454
 },
 {
  "fields": {
   "added_reason": "AUTO",
   "career": "UGRD",
   "config": "{}",
   "credits": 3,
   "labtut_section": null,
   "offering": 14,
   "official_grade": null,
   "person": 152,
   "role": "STUD"
  },
  "model": "coredata.member",
  "pk": 449
 },
 {
  "fields": {
   "added_reason": "AUTO",
   "career": "UGRD",
   "config": "{}",
   "credits": 3,
   "labtut_section": null,
   "offering": 14,
   "official_grade": null,
   "person": 142,
   "role": "STUD"
  },
  "model": "coredata.member",
  "pk": 439
 },
 {
  "fields": {
   "added_reason": "AUTO",
   "career": "UGRD",
   "config": "{}",
   "credits": 3,
   "labtut_section": null,
   "offering": 14,
   "official_grade": null,
   "person": 147,
   "role": "STUD"
  },
  "model": "coredata.member",
  "pk": 444
 },
 {
  "fields": {
   "added_reason": "AUTO",
   "career": "NONS",
   "config": "{}",
   "credits": 0,
   "labtut_section": null,
   "offering": 7,
   "official_grade": null,
   "person": 432,
   "role": "TA"
  },
  "model": "coredata.member",
  "pk": 477
 },
 {
  "fields": {
   "added_reason": "AUTO",
   "career": "UGRD",
   "config": "{}",
   "credits": 3,
   "labtut_section": null,
   "offering": 7,
   "official_grade": null,
   "person": 415,
   "role": "STUD"
  },
  "model": "coredata.member",
  "pk": 460
 },
 {
  "fields": {
   "added_reason": "AUTO",
   "career": "UGRD",
   "config": "{}",
   "credits": 3,
   "labtut_section": null,
   "offering": 7,
   "official_grade": null,
   "person": 414,
   "role": "STUD"
  },
  "model": "coredata.member",
  "pk": 459
 },
 {
  "fields": {
   "added_reason": "AUTO",
   "career": "UGRD",
   "config": "{}",
   "credits": 3,
   "labtut_section": null,
   "offering": 7,
   "official_grade": null,
   "person": 431,
   "role": "STUD"
  },
  "model": "coredata.member",
  "pk": 476
 },
 {
  "fields": {
   "added_reason": "AUTO",
   "career": "UGRD",
   "config": "{}",
   "credits": 3,
   "labtut_section": null,
   "offering": 7,
   "official_grade": null,
   "person": 430,
   "role": "STUD"
  },
  "model": "coredata.member",
  "pk": 475
 },
 {
  "fields": {
   "added_reason": "AUTO",
   "career": "UGRD",
   "config": "{}",
   "credits": 3,
   "labtut_section": null,
   "offering": 7,
   "official_grade": null,
   "person": 418,
   "role": "STUD"
  },
  "model": "coredata.member",
  "pk": 463
 },
 {
  "fields": {
   "added_reason": "AUTO",
   "career": "UGRD",
   "config": "{}",
   "credits": 3,
   "labtut_section": null,
   "offering": 7,
   "official_grade": null,
   "person": 419,
   "role": "STUD"
  },
  "model": "coredata.member",
  "pk": 464
 },
 {
  "fields": {
   "added_reason": "AUTO",
   "career": "UGRD",
   "config": "{}",
   "credits": 3,
   "labtut_section": null,
   "offering": 7,
   "official_grade": null,
   "person": 428,
   "role": "STUD"
  },
  "model": "coredata.member",
  "pk": 473
 },
 {
  "fields": {
   "added_reason": "AUTO",
   "career": "UGRD",
   "config": "{}",
   "credits": 3,
   "labtut_section": null,
   "offering": 7,
   "official_grade": null,
   "person": 412,
   "role": "STUD"
  },
  "model": "coredata.member",
  "pk": 457
 },
 {
  "fields": {
   "added_reason": "AUTO",
   "career": "UGRD",
   "config": "{}",
   "credits": 3,
   "labtut_section": null,
   "offering": 7,
   "official_grade": null,
   "person": 426,
   "role": "STUD"
  },
  "model": "coredata.member",
  "pk": 471
 },
 {
  "fields": {
   "added_reason": "AUTO",
   "career": "UGRD",
   "config": "{}",
   "credits": 3,
   "labtut_section": null,
   "offering": 7,
   "official_grade": null,
   "person": 422,
   "role": "STUD"
  },
  "model": "coredata.member",
  "pk": 467
 },
 {
  "fields": {
   "added_reason": "AUTO",
   "career": "UGRD",
   "config": "{}",
   "credits": 3,
   "labtut_section": null,
   "offering": 7,
   "official_grade": null,
   "person": 424,
   "role": "STUD"
  },
  "model": "coredata.member",
  "pk": 469
 },
 {
  "fields": {
   "added_reason": "AUTO",
   "career": "UGRD",
   "config": "{}",
   "credits": 3,
   "labtut_section": null,
   "offering": 7,
   "official_grade": null,
   "person": 413,
   "role": "STUD"
  },
  "model": "coredata.member",
  "pk": 458
 },
 {
  "fields": {
   "added_reason": "AUTO",
   "career": "UGRD",
   "config": "{}",
   "credits": 3,
   "labtut_section": null,
   "offering": 7,
   "official_grade": null,
   "person": 416,
   "role": "STUD"
  },
  "model": "coredata.member",
  "pk": 461
 },
 {
  "fields": {
   "added_reason": "AUTO",
   "career": "UGRD",
   "config": "{}",
   "credits": 3,
   "labtut_section": null,
   "offering": 7,
   "official_grade": null,
   "person": 420,
   "role": "STUD"
  },
  "model": "coredata.member",
  "pk": 465
 },
 {
  "fields": {
   "added_reason": "AUTO",
   "career": "UGRD",
   "config": "{}",
   "credits": 3,
   "labtut_section": null,
   "offering": 7,
   "official_grade": null,
   "person": 429,
   "role": "STUD"
  },
  "model": "coredata.member",
  "pk": 474
 },
 {
  "fields": {
   "added_reason": "AUTO",
   "career": "UGRD",
   "config": "{}",
   "credits": 3,
   "labtut_section": null,
   "offering": 7,
   "official_grade": null,
   "person": 427,
   "role": "STUD"
  },
  "model": "coredata.member",
  "pk": 472
 },
 {
  "fields": {
   "added_reason": "AUTO",
   "career": "UGRD",
   "config": "{}",
   "credits": 3,
   "labtut_section": null,
   "offering": 7,
   "official_grade": null,
   "person": 423,
   "role": "STUD"
  },
  "model": "coredata.member",
  "pk": 468
 },
 {
  "fields": {
   "added_reason": "AUTO",
   "career": "UGRD",
   "config": "{}",
   "credits": 3,
   "labtut_section": null,
   "offering": 7,
   "official_grade": null,
   "person": 425,
   "role": "STUD"
  },
  "model": "coredata.member",
  "pk": 470
 },
 {
  "fields": {
   "added_reason": "AUTO",
   "career": "UGRD",
   "config": "{}",
   "credits": 3,
   "labtut_section": null,
   "offering": 7,
   "official_grade": null,
   "person": 417,
   "role": "STUD"
  },
  "model": "coredata.member",
  "pk": 462
 },
 {
  "fields": {
   "added_reason": "AUTO",
   "career": "UGRD",
   "config": "{}",
   "credits": 3,
   "labtut_section": null,
   "offering": 7,
   "official_grade": null,
   "person": 421,
   "role": "STUD"
  },
  "model": "coredata.member",
  "pk": 466
 },
 {
  "fields": {
   "config": "{\"url\": \"http://www.cs.sfu.ca/CC/165/common/a1\"}",
   "deleted": false,
   "due_date": "2012-07-06 00:00:00",
   "group": false,
   "name": "Assignment 1",
   "offering": 17,
   "percent": "10",
   "position": 1,
   "short_name": "A1",
   "slug": "a1",
   "status": "RLS"
  },
  "model": "grades.activity",
  "pk": 1
 },
 {
  "fields": {
   "config": "{}",
   "deleted": false,
   "due_date": "2012-07-16 00:00:00",
   "group": true,
   "name": "Assignment 2",
   "offering": 17,
   "percent": "10",
   "position": 2,
   "short_name": "A2",
   "slug": "a2",
   "status": "URLS"
  },
  "model": "grades.activity",
  "pk": 2
 },
 {
  "fields": {
   "config": "{}",
   "deleted": false,
   "due_date": "2012-07-26 00:00:00",
   "group": true,
   "name": "Project",
   "offering": 17,
   "percent": "40",
   "position": 3,
   "short_name": "Proj",
   "slug": "proj",
   "status": "URLS"
  },
  "model": "grades.activity",
  "pk": 3
 },
 {
  "fields": {
   "config": "{}",
   "deleted": false,
   "due_date": "2012-07-27 00:00:00",
   "group": false,
   "name": "Report",
   "offering": 17,
   "percent": "10",
   "position": 4,
   "short_name": "Rep",
   "slug": "rep",
   "status": "URLS"
  },
  "model": "grades.activity",
  "pk": 4
 },
 {
  "fields": {
   "config": "{}",
   "deleted": false,
   "due_date": null,
   "group": false,
   "name": "Final Exam",
   "offering": 17,
   "percent": "30",
   "position": 5,
   "short_name": "Exam",
   "slug": "exam",
   "status": "URLS"
  },
  "model": "grades.activity",
  "pk": 5
 },
 {
  "fields": {
   "config": "{}",
   "deleted": false,
   "due_date": null,
   "group": false,
   "name": "Final Percent",
   "offering": 17,
   "percent": "0",
   "position": 6,
   "short_name": "Perc",
   "slug": "perc",
   "status": "INVI"
  },
  "model": "grades.activity",
  "pk": 6
 },
 {
  "fields": {
   "config": "{}",
   "deleted": false,
   "due_date": null,
   "group": false,
   "name": "Letter Grade",
   "offering": 17,
   "percent": "0",
   "position": 6,
   "short_name": "Letter",
   "slug": "letter",
   "status": "INVI"
  },
  "model": "grades.activity",
  "pk": 7
 },
 {
  "fields": {
   "max_grade": "10"
  },
  "model": "grades.numericactivity",
  "pk": 1
 },
 {
  "fields": {
   "max_grade": "20"
  },
  "model": "grades.numericactivity",
  "pk": 2
 },
 {
  "fields": {
   "max_grade": "90"
  },
  "model": "grades.numericactivity",
  "pk": 5
 },
 {
  "fields": {
   "max_grade": "100"
  },
  "model": "grades.numericactivity",
  "pk": 6
 },
 {
  "fields": {},
  "model": "grades.letteractivity",
  "pk": 3
 },
 {
  "fields": {},
  "model": "grades.letteractivity",
  "pk": 4
 },
 {
  "fields": {},
  "model": "grades.letteractivity",
  "pk": 7
 },
 {
  "fields": {
   "formula": "[[activitytotal]]"
  },
  "model": "grades.calnumericactivity",
  "pk": 6
 },
 {
  "fields": {
   "exam_activity": null,
   "letter_cutoffs": "[95, 90, 85, 80, 75, 70, 65, 60, 55, 50]",
   "numeric_activity": 6
  },
  "model": "grades.calletteractivity",
  "pk": 7
 },
 {
  "fields": {
   "activity": 1,
   "deleted": false,
   "description": "The code you're submitting.",
   "position": 1,
   "slug": "Code-File",
   "specified_filename": "",
   "title": "Code File"
  },
  "model": "submission.submissioncomponent",
  "pk": 1
 },
 {
  "fields": {
   "activity": 1,
   "deleted": false,
   "description": "Report on what you did.",
   "position": 2,
   "slug": "Report",
   "specified_filename": "report.pdf",
   "title": "Report"
  },
  "model": "submission.submissioncomponent",
  "pk": 2
 },
 {
  "fields": {
   "allowed": ".py,.java",
   "max_size": 2000
  },
  "model": "submission.codecomponent",
  "pk": 1
 },
 {
  "fields": {
   "max_size": 5000
  },
  "model": "submission.pdfcomponent",
  "pk": 2
 },
 {
  "fields": {
   "deleted": false,
   "description": "Part 1 was done well and seems to work.",
   "max_mark": "5",
   "numeric_activity": 1,
   "position": 1,
   "slug": "part-1",
   "title": "Part 1"
  },
  "model": "marking.activitycomponent",
  "pk": 1
 },
 {
  "fields": {
   "deleted": false,
   "description": "Part 2 was done well and seems to work.",
   "max_mark": "5",
   "numeric_activity": 1,
   "position": 2,
   "slug": "part-2",
   "title": "Part 2"
  },
  "model": "marking.activitycomponent",
  "pk": 2
 },
 {
  "fields": {
   "courseoffering": 17,
   "groupForSemester": true,
   "manager": 482,
   "name": "AnotherGroup",
   "slug": "g-anothergroup",
   "svn_slug": "g-anothergroup"
  },
  "model": "groups.group",
  "pk": 2
 },
 {
  "fields": {
   "courseoffering": 17,
   "groupForSemester": true,
   "manager": 478,
   "name": "SomeGroup",
   "slug": "g-somegroup",
   "svn_slug": "g-somegroup"
  },
  "model": "groups.group",
  "pk": 1
 },
 {
  "fields": {
   "activity": 2,
   "confirmed": true,
   "group": 1,
   "student": 479
  },
  "model": "groups.groupmember",
  "pk": 2
 },
 {
  "fields": {
   "activity": 2,
   "confirmed": true,
   "group": 1,
   "student": 488
  },
  "model": "groups.groupmember",
  "pk": 4
 },
 {
  "fields": {
   "activity": 2,
   "confirmed": true,
   "group": 1,
   "student": 483
  },
  "model": "groups.groupmember",
  "pk": 3
 },
 {
  "fields": {
   "activity": 2,
   "confirmed": true,
   "group": 2,
   "student": 482
  },
  "model": "groups.groupmember",
  "pk": 5
 },
 {
  "fields": {
   "activity": 3,
   "confirmed": true,
   "group": 2,
   "student": 482
  },
  "model": "groups.groupmember",
  "pk": 6
 },
 {
  "fields": {
   "activity": 2,
   "confirmed": true,
   "group": 2,
   "student": 484
  },
  "model": "groups.groupmember",
  "pk": 7
 },
 {
  "fields": {
   "activity": 3,
   "confirmed": true,
   "group": 2,
   "student": 484
  },
  "model": "groups.groupmember",
  "pk": 8
 },
 {
  "fields": {
   "activity": 2,
   "confirmed": true,
   "group": 2,
   "student": 485
  },
  "model": "groups.groupmember",
  "pk": 9
 },
 {
  "fields": {
   "activity": 3,
   "confirmed": true,
   "group": 2,
   "student": 485
  },
  "model": "groups.groupmember",
  "pk": 10
 },
 {
  "fields": {
   "activity": 2,
   "confirmed": true,
   "group": 1,
   "student": 478
  },
  "model": "groups.groupmember",
  "pk": 1
 },
 {
  "fields": {
   "activity": 2,
   "confirmed": true,
   "group": 2,
   "student": 492
  },
  "model": "groups.groupmember",
  "pk": 11
 },
 {
  "fields": {
   "activity": 3,
   "confirmed": true,
   "group": 2,
   "student": 492
  },
  "model": "groups.groupmember",
  "pk": 12
 },
 {
  "fields": {
   "person": 560,
   "role": "GRAD",
   "unit": 2
  },
  "model": "coredata.role",
  "pk": 1
 },
 {
  "fields": {
   "person": 561,
   "role": "ADVS",
   "unit": 2
  },
  "model": "coredata.role",
  "pk": 2
 },
 {
  "fields": {
   "person": 1,
   "role": "GRAD",
   "unit": 2
  },
  "model": "coredata.role",
  "pk": 3
 },
 {
  "fields": {
   "person": 1,
   "role": "ADMN",
   "unit": 2
  },
  "model": "coredata.role",
  "pk": 4
 },
 {
  "fields": {
   "person": 1,
   "role": "TAAD",
   "unit": 2
  },
  "model": "coredata.role",
  "pk": 5
 },
 {
  "fields": {
   "person": 1,
   "role": "FUND",
   "unit": 2
  },
  "model": "coredata.role",
  "pk": 6
 },
 {
  "fields": {
   "person": 8,
   "role": "GRPD",
   "unit": 2
  },
  "model": "coredata.role",
  "pk": 7
 },
 {
  "fields": {
   "person": 1,
   "role": "SYSA",
   "unit": 1
  },
  "model": "coredata.role",
  "pk": 8
 },
 {
  "fields": {
   "person": 560,
   "role": "SYSA",
   "unit": 1
  },
  "model": "coredata.role",
  "pk": 9
 },
 {
  "fields": {
   "acad_org": "COMP SCI",
   "config": "{}",
   "label": "COMP",
   "name": "School of Computing Science",
   "parent": null,
   "slug": "comp"
  },
  "model": "coredata.unit",
  "pk": 2
 },
 {
  "fields": {
   "acad_org": "ENG SCI",
   "config": "{}",
   "label": "ENG",
   "name": "School of Engineering Science",
   "parent": null,
   "slug": "eng"
  },
  "model": "coredata.unit",
  "pk": 3
 },
 {
  "fields": {
   "acad_org": null,
   "config": "{}",
   "label": "UNIV",
   "name": "Simon Fraser University",
   "parent": null,
   "slug": "unit"
  },
  "model": "coredata.unit",
  "pk": 1
 },
 {
  "fields": {
   "created_at": "2012-05-08 10:07:10",
   "created_by": "",
   "description": "MSc Project option",
   "label": "MSc Project",
   "modified_by": null,
   "slug": "mscproject",
   "unit": 2,
   "updated_at": "2012-05-08 10:07:10"
  },
  "model": "grad.gradprogram",
  "pk": 1
 },
 {
  "fields": {
   "created_at": "2012-05-08 10:07:10",
   "created_by": "",
   "description": "MSc Thesis option",
   "label": "MSc Thesis",
   "modified_by": null,
   "slug": "mscthesis",
   "unit": 2,
   "updated_at": "2012-05-08 10:07:10"
  },
  "model": "grad.gradprogram",
  "pk": 2
 },
 {
  "fields": {
   "created_at": "2012-05-08 10:07:10",
   "created_by": "",
   "description": "PhD",
   "label": "PhD",
   "modified_by": null,
   "slug": "phd",
   "unit": 2,
   "updated_at": "2012-05-08 10:07:10"
  },
  "model": "grad.gradprogram",
  "pk": 3
 },
 {
  "fields": {
   "created_at": "2012-05-08 10:07:10",
   "created_by": "",
   "description": "Masters in Engineering",
   "label": "MEng",
   "modified_by": null,
   "slug": "meng",
   "unit": 3,
   "updated_at": "2012-05-08 10:07:10"
  },
  "model": "grad.gradprogram",
  "pk": 4
 },
 {
  "fields": {
   "created_at": "2012-05-08 10:07:10",
   "created_by": "",
   "description": "PhD",
   "label": "PhD",
   "modified_by": null,
   "slug": "phd",
   "unit": 3,
   "updated_at": "2012-05-08 10:07:10"
  },
  "model": "grad.gradprogram",
  "pk": 5
 },
 {
  "fields": {
   "application_status": "CONF",
   "campus": "VANCR",
   "comments": "",
   "config": "{}",
   "created_at": "2012-05-08 10:07:10",
   "created_by": "",
   "english_fluency": "",
   "is_canadian": null,
   "modified_by": null,
   "mother_tongue": "",
   "passport_issued_by": "",
   "person": 54,
   "program": 4,
   "research_area": "",
   "slug": "0bbbgrad-meng",
   "special_arrangements": null,
   "updated_at": "2012-05-08 10:07:10"
  },
  "model": "grad.gradstudent",
  "pk": 1
 },
 {
  "fields": {
   "application_status": "REJE",
   "campus": "OFFST",
   "comments": "",
   "config": "{}",
   "created_at": "2012-05-08 10:07:10",
   "created_by": "",
   "english_fluency": "",
   "is_canadian": null,
   "modified_by": null,
   "mother_tongue": "",
   "passport_issued_by": "",
   "person": 411,
   "program": 3,
   "research_area": "",
   "slug": "0sssgrad-phd",
   "special_arrangements": null,
   "updated_at": "2012-05-08 10:07:10"
  },
  "model": "grad.gradstudent",
  "pk": 2
 },
 {
  "fields": {
   "application_status": "CONF",
   "campus": "OFFST",
   "comments": "",
   "config": "{}",
   "created_at": "2012-05-08 10:07:10",
   "created_by": "",
   "english_fluency": "",
   "is_canadian": null,
   "modified_by": null,
   "mother_tongue": "",
   "passport_issued_by": "",
   "person": 159,
   "program": 5,
   "research_area": "",
   "slug": "0ggggrad-phd",
   "special_arrangements": null,
   "updated_at": "2012-05-08 10:07:10"
  },
  "model": "grad.gradstudent",
  "pk": 3
 },
 {
  "fields": {
   "application_status": "DECL",
   "campus": "SURRY",
   "comments": "",
   "config": "{}",
   "created_at": "2012-05-08 10:07:10",
   "created_by": "",
   "english_fluency": "",
   "is_canadian": null,
   "modified_by": null,
   "mother_tongue": "",
   "passport_issued_by": "",
   "person": 75,
   "program": 5,
   "research_area": "",
   "slug": "0cccgrad-phd",
   "special_arrangements": null,
   "updated_at": "2012-05-08 10:07:10"
  },
  "model": "grad.gradstudent",
  "pk": 4
 },
 {
  "fields": {
   "application_status": "CONF",
   "campus": "SURRY",
   "comments": "",
   "config": "{}",
   "created_at": "2012-05-08 10:07:10",
   "created_by": "",
   "english_fluency": "",
   "is_canadian": null,
   "modified_by": null,
   "mother_tongue": "",
   "passport_issued_by": "",
   "person": 33,
   "program": 2,
   "research_area": "",
   "slug": "0aaagrad-mscthesis",
   "special_arrangements": null,
   "updated_at": "2012-05-08 10:07:10"
  },
  "model": "grad.gradstudent",
  "pk": 5
 },
 {
  "fields": {
   "application_status": "REJE",
   "campus": "BRNBY",
   "comments": "",
   "config": "{}",
   "created_at": "2012-05-08 10:07:10",
   "created_by": "",
   "english_fluency": "",
   "is_canadian": null,
   "modified_by": null,
   "mother_tongue": "",
   "passport_issued_by": "",
   "person": 474,
   "program": 1,
   "research_area": "",
   "slug": "0vvvgrad-mscproject",
   "special_arrangements": null,
   "updated_at": "2012-05-08 10:07:10"
  },
  "model": "grad.gradstudent",
  "pk": 6
 },
 {
  "fields": {
   "application_status": "CONF",
   "campus": "SURRY",
   "comments": "",
   "config": "{}",
   "created_at": "2012-05-08 10:07:10",
   "created_by": "",
   "english_fluency": "",
   "is_canadian": null,
   "modified_by": null,
   "mother_tongue": "",
   "passport_issued_by": "",
   "person": 516,
   "program": 2,
   "research_area": "",
   "slug": "0xxxgrad-mscthesis",
   "special_arrangements": null,
   "updated_at": "2012-05-08 10:07:10"
  },
  "model": "grad.gradstudent",
  "pk": 7
 },
 {
  "fields": {
   "application_status": "CONF",
   "campus": "SURRY",
   "comments": "",
   "config": "{}",
   "created_at": "2012-05-08 10:07:10",
   "created_by": "",
   "english_fluency": "",
   "is_canadian": null,
   "modified_by": null,
   "mother_tongue": "",
   "passport_issued_by": "",
   "person": 222,
   "program": 5,
   "research_area": "",
   "slug": "0jjjgrad-phd",
   "special_arrangements": null,
   "updated_at": "2012-05-08 10:07:10"
  },
  "model": "grad.gradstudent",
  "pk": 8
 },
 {
  "fields": {
   "application_status": "CONF",
   "campus": "VANCR",
   "comments": "",
   "config": "{}",
   "created_at": "2012-05-08 10:07:10",
   "created_by": "",
   "english_fluency": "",
   "is_canadian": null,
   "modified_by": null,
   "mother_tongue": "",
   "passport_issued_by": "",
   "person": 537,
   "program": 3,
   "research_area": "",
   "slug": "0yyygrad-phd",
   "special_arrangements": null,
   "updated_at": "2012-05-08 10:07:10"
  },
  "model": "grad.gradstudent",
  "pk": 9
 },
 {
  "fields": {
   "application_status": "REJE",
   "campus": "SURRY",
   "comments": "",
   "config": "{}",
   "created_at": "2012-05-08 10:07:10",
   "created_by": "",
   "english_fluency": "",
   "is_canadian": null,
   "modified_by": null,
   "mother_tongue": "",
   "passport_issued_by": "",
   "person": 558,
   "program": 4,
   "research_area": "",
   "slug": "0zzzgrad-meng",
   "special_arrangements": null,
   "updated_at": "2012-05-08 10:07:10"
  },
  "model": "grad.gradstudent",
  "pk": 10
 },
 {
  "fields": {
   "application_status": "REJE",
   "campus": "SURRY",
   "comments": "",
   "config": "{}",
   "created_at": "2012-05-08 10:07:11",
   "created_by": "",
   "english_fluency": "",
   "is_canadian": null,
   "modified_by": null,
   "mother_tongue": "",
   "passport_issued_by": "",
   "person": 138,
   "program": 1,
   "research_area": "",
   "slug": "0fffgrad-mscproject",
   "special_arrangements": null,
   "updated_at": "2012-05-08 10:07:11"
  },
  "model": "grad.gradstudent",
  "pk": 11
 },
 {
  "fields": {
   "application_status": "DECL",
   "campus": "GNWC",
   "comments": "",
   "config": "{}",
   "created_at": "2012-05-08 10:07:11",
   "created_by": "",
   "english_fluency": "",
   "is_canadian": null,
   "modified_by": null,
   "mother_tongue": "",
   "passport_issued_by": "",
   "person": 495,
   "program": 2,
   "research_area": "",
   "slug": "0wwwgrad-mscthesis",
   "special_arrangements": null,
   "updated_at": "2012-05-08 10:07:11"
  },
  "model": "grad.gradstudent",
  "pk": 12
 },
 {
  "fields": {
   "application_status": "CONF",
   "campus": "SURRY",
   "comments": "",
   "config": "{}",
   "created_at": "2012-05-08 10:07:11",
   "created_by": "",
   "english_fluency": "",
   "is_canadian": null,
   "modified_by": null,
   "mother_tongue": "",
   "passport_issued_by": "",
   "person": 327,
   "program": 1,
   "research_area": "",
   "slug": "0ooograd-mscproject",
   "special_arrangements": null,
   "updated_at": "2012-05-08 10:07:11"
  },
  "model": "grad.gradstudent",
  "pk": 13
 },
 {
  "fields": {
   "application_status": "CONF",
   "campus": "OFFST",
   "comments": "",
   "config": "{}",
   "created_at": "2012-05-08 10:07:11",
   "created_by": "",
   "english_fluency": "",
   "is_canadian": null,
   "modified_by": null,
   "mother_tongue": "",
   "passport_issued_by": "",
   "person": 306,
   "program": 1,
   "research_area": "",
   "slug": "0nnngrad-mscproject",
   "special_arrangements": null,
   "updated_at": "2012-05-08 10:07:11"
  },
  "model": "grad.gradstudent",
  "pk": 14
 },
 {
  "fields": {
   "application_status": "CONF",
   "campus": "VANCR",
   "comments": "",
   "config": "{}",
   "created_at": "2012-05-08 10:07:11",
   "created_by": "",
   "english_fluency": "",
   "is_canadian": null,
   "modified_by": null,
   "mother_tongue": "",
   "passport_issued_by": "",
   "person": 390,
   "program": 4,
   "research_area": "",
   "slug": "0rrrgrad-meng",
   "special_arrangements": null,
   "updated_at": "2012-05-08 10:07:11"
  },
  "model": "grad.gradstudent",
  "pk": 15
 },
 {
  "fields": {
   "application_status": "CONF",
   "campus": "GNWC",
   "comments": "",
   "config": "{}",
   "created_at": "2012-05-08 10:07:11",
   "created_by": "",
   "english_fluency": "",
   "is_canadian": null,
   "modified_by": null,
   "mother_tongue": "",
   "passport_issued_by": "",
   "person": 243,
   "program": 3,
   "research_area": "",
   "slug": "0kkkgrad-phd",
   "special_arrangements": null,
   "updated_at": "2012-05-08 10:07:11"
  },
  "model": "grad.gradstudent",
  "pk": 16
 },
 {
  "fields": {
   "application_status": "CONF",
   "campus": "GNWC",
   "comments": "",
   "config": "{}",
   "created_at": "2012-05-08 10:07:11",
   "created_by": "",
   "english_fluency": "",
   "is_canadian": null,
   "modified_by": null,
   "mother_tongue": "",
   "passport_issued_by": "",
   "person": 453,
   "program": 4,
   "research_area": "",
   "slug": "0uuugrad-meng",
   "special_arrangements": null,
   "updated_at": "2012-05-08 10:07:11"
  },
  "model": "grad.gradstudent",
  "pk": 17
 },
 {
  "fields": {
   "application_status": "CONF",
   "campus": "OFFST",
   "comments": "",
   "config": "{}",
   "created_at": "2012-05-08 10:07:11",
   "created_by": "",
   "english_fluency": "",
   "is_canadian": null,
   "modified_by": null,
   "mother_tongue": "",
   "passport_issued_by": "",
   "person": 117,
   "program": 3,
   "research_area": "",
   "slug": "0eeegrad-phd",
   "special_arrangements": null,
   "updated_at": "2012-05-08 10:07:11"
  },
  "model": "grad.gradstudent",
  "pk": 18
 },
 {
  "fields": {
   "application_status": "DECL",
   "campus": "OFFST",
   "comments": "",
   "config": "{}",
   "created_at": "2012-05-08 10:07:11",
   "created_by": "",
   "english_fluency": "",
   "is_canadian": null,
   "modified_by": null,
   "mother_tongue": "",
   "passport_issued_by": "",
   "person": 201,
   "program": 5,
   "research_area": "",
   "slug": "0iiigrad-phd",
   "special_arrangements": null,
   "updated_at": "2012-05-08 10:07:11"
  },
  "model": "grad.gradstudent",
  "pk": 19
 },
 {
  "fields": {
   "application_status": "REJE",
   "campus": "GNWC",
   "comments": "",
   "config": "{}",
   "created_at": "2012-05-08 10:07:11",
   "created_by": "",
   "english_fluency": "",
   "is_canadian": null,
   "modified_by": null,
   "mother_tongue": "",
   "passport_issued_by": "",
   "person": 264,
   "program": 4,
   "research_area": "",
   "slug": "0lllgrad-meng",
   "special_arrangements": null,
   "updated_at": "2012-05-08 10:07:11"
  },
  "model": "grad.gradstudent",
  "pk": 20
 },
 {
  "fields": {
   "application_status": "REJE",
   "campus": "METRO",
   "comments": "",
   "config": "{}",
   "created_at": "2012-05-08 10:07:11",
   "created_by": "",
   "english_fluency": "",
   "is_canadian": null,
   "modified_by": null,
   "mother_tongue": "",
   "passport_issued_by": "",
   "person": 369,
   "program": 3,
   "research_area": "",
   "slug": "0qqqgrad-phd",
   "special_arrangements": null,
   "updated_at": "2012-05-08 10:07:11"
  },
  "model": "grad.gradstudent",
  "pk": 21
 },
 {
  "fields": {
   "application_status": "REJE",
   "campus": "GNWC",
   "comments": "",
   "config": "{}",
   "created_at": "2012-05-08 10:07:11",
   "created_by": "",
   "english_fluency": "",
   "is_canadian": null,
   "modified_by": null,
   "mother_tongue": "",
   "passport_issued_by": "",
   "person": 96,
   "program": 3,
   "research_area": "",
   "slug": "0dddgrad-phd",
   "special_arrangements": null,
   "updated_at": "2012-05-08 10:07:11"
  },
  "model": "grad.gradstudent",
  "pk": 22
 },
 {
  "fields": {
   "application_status": "CONF",
   "campus": "METRO",
   "comments": "",
   "config": "{}",
   "created_at": "2012-05-08 10:07:11",
   "created_by": "",
   "english_fluency": "",
   "is_canadian": null,
   "modified_by": null,
   "mother_tongue": "",
   "passport_issued_by": "",
   "person": 180,
   "program": 2,
   "research_area": "",
   "slug": "0hhhgrad-mscthesis",
   "special_arrangements": null,
   "updated_at": "2012-05-08 10:07:11"
  },
  "model": "grad.gradstudent",
  "pk": 23
 },
 {
  "fields": {
   "application_status": "CONF",
   "campus": "SURRY",
   "comments": "",
   "config": "{}",
   "created_at": "2012-05-08 10:07:11",
   "created_by": "",
   "english_fluency": "",
   "is_canadian": null,
   "modified_by": null,
   "mother_tongue": "",
   "passport_issued_by": "",
   "person": 432,
   "program": 1,
   "research_area": "",
   "slug": "0tttgrad-mscproject",
   "special_arrangements": null,
   "updated_at": "2012-05-08 10:07:11"
  },
  "model": "grad.gradstudent",
  "pk": 24
 },
 {
  "fields": {
   "application_status": "CONF",
   "campus": "GNWC",
   "comments": "",
   "config": "{}",
   "created_at": "2012-05-08 10:07:11",
   "created_by": "",
   "english_fluency": "",
   "is_canadian": null,
   "modified_by": null,
   "mother_tongue": "",
   "passport_issued_by": "",
   "person": 348,
   "program": 4,
   "research_area": "",
   "slug": "0pppgrad-meng",
   "special_arrangements": null,
   "updated_at": "2012-05-08 10:07:11"
  },
  "model": "grad.gradstudent",
  "pk": 25
 },
 {
  "fields": {
   "application_status": "CONF",
   "campus": "OFFST",
   "comments": "",
   "config": "{}",
   "created_at": "2012-05-08 10:07:11",
   "created_by": "",
   "english_fluency": "",
   "is_canadian": null,
   "modified_by": null,
   "mother_tongue": "",
   "passport_issued_by": "",
   "person": 285,
   "program": 3,
   "research_area": "",
   "slug": "0mmmgrad-phd",
   "special_arrangements": null,
   "updated_at": "2012-05-08 10:07:11"
  },
  "model": "grad.gradstudent",
  "pk": 26
 },
 {
  "fields": {
   "created_at": "2012-05-08 10:07:10",
   "end": 3,
   "hidden": false,
   "notes": "",
   "start": 2,
   "start_date": null,
   "status": "APPL",
   "student": 1,
   "updated_at": "2012-05-08 10:07:10"
  },
  "model": "grad.gradstatus",
  "pk": 1
 },
 {
  "fields": {
   "created_at": "2012-05-08 10:07:10",
   "end": null,
   "hidden": false,
   "notes": "",
   "start": 3,
   "start_date": null,
   "status": "ACTI",
   "student": 1,
   "updated_at": "2012-05-08 10:07:10"
  },
  "model": "grad.gradstatus",
  "pk": 2
 },
 {
  "fields": {
   "created_at": "2012-05-08 10:07:10",
   "end": 2,
   "hidden": false,
   "notes": "",
   "start": 1,
   "start_date": null,
   "status": "APPL",
   "student": 2,
   "updated_at": "2012-05-08 10:07:10"
  },
  "model": "grad.gradstatus",
  "pk": 3
 },
 {
  "fields": {
   "created_at": "2012-05-08 10:07:10",
   "end": null,
   "hidden": false,
   "notes": "",
   "start": 2,
   "start_date": null,
   "status": "LEAV",
   "student": 2,
   "updated_at": "2012-05-08 10:07:10"
  },
  "model": "grad.gradstatus",
  "pk": 4
 },
 {
  "fields": {
   "created_at": "2012-05-08 10:07:10",
   "end": 4,
   "hidden": false,
   "notes": "",
   "start": 3,
   "start_date": null,
   "status": "APPL",
   "student": 3,
   "updated_at": "2012-05-08 10:07:10"
  },
  "model": "grad.gradstatus",
  "pk": 5
 },
 {
  "fields": {
   "created_at": "2012-05-08 10:07:10",
   "end": null,
   "hidden": false,
   "notes": "",
   "start": 4,
   "start_date": null,
   "status": "ACTI",
   "student": 3,
   "updated_at": "2012-05-08 10:07:10"
  },
  "model": "grad.gradstatus",
  "pk": 6
 },
 {
  "fields": {
   "created_at": "2012-05-08 10:07:10",
   "end": 3,
   "hidden": false,
   "notes": "",
   "start": 2,
   "start_date": null,
   "status": "APPL",
   "student": 4,
   "updated_at": "2012-05-08 10:07:10"
  },
  "model": "grad.gradstatus",
  "pk": 7
 },
 {
  "fields": {
   "created_at": "2012-05-08 10:07:10",
   "end": null,
   "hidden": false,
   "notes": "",
   "start": 3,
   "start_date": null,
   "status": "LEAV",
   "student": 4,
   "updated_at": "2012-05-08 10:07:10"
  },
  "model": "grad.gradstatus",
  "pk": 8
 },
 {
  "fields": {
   "created_at": "2012-05-08 10:07:10",
   "end": 2,
   "hidden": false,
   "notes": "",
   "start": 1,
   "start_date": null,
   "status": "APPL",
   "student": 5,
   "updated_at": "2012-05-08 10:07:10"
  },
  "model": "grad.gradstatus",
  "pk": 9
 },
 {
  "fields": {
   "created_at": "2012-05-08 10:07:10",
   "end": null,
   "hidden": false,
   "notes": "",
   "start": 2,
   "start_date": null,
   "status": "ACTI",
   "student": 5,
   "updated_at": "2012-05-08 10:07:10"
  },
  "model": "grad.gradstatus",
  "pk": 10
 },
 {
  "fields": {
   "created_at": "2012-05-08 10:07:10",
   "end": 4,
   "hidden": false,
   "notes": "",
   "start": 3,
   "start_date": null,
   "status": "APPL",
   "student": 6,
   "updated_at": "2012-05-08 10:07:10"
  },
  "model": "grad.gradstatus",
  "pk": 11
 },
 {
  "fields": {
   "created_at": "2012-05-08 10:07:10",
   "end": 6,
   "hidden": false,
   "notes": "",
   "start": 4,
   "start_date": null,
   "status": "LEAV",
   "student": 6,
   "updated_at": "2012-05-08 10:07:10"
  },
  "model": "grad.gradstatus",
  "pk": 12
 },
 {
  "fields": {
   "created_at": "2012-05-08 10:07:10",
   "end": null,
   "hidden": false,
   "notes": "",
   "start": 6,
   "start_date": null,
   "status": "WIDR",
   "student": 6,
   "updated_at": "2012-05-08 10:07:10"
  },
  "model": "grad.gradstatus",
  "pk": 13
 },
 {
  "fields": {
   "created_at": "2012-05-08 10:07:10",
   "end": 2,
   "hidden": false,
   "notes": "",
   "start": 1,
   "start_date": null,
   "status": "APPL",
   "student": 7,
   "updated_at": "2012-05-08 10:07:10"
  },
  "model": "grad.gradstatus",
  "pk": 14
 },
 {
  "fields": {
   "created_at": "2012-05-08 10:07:10",
   "end": 4,
   "hidden": false,
   "notes": "",
   "start": 2,
   "start_date": null,
   "status": "LEAV",
   "student": 7,
   "updated_at": "2012-05-08 10:07:10"
  },
  "model": "grad.gradstatus",
  "pk": 15
 },
 {
  "fields": {
   "created_at": "2012-05-08 10:07:10",
   "end": null,
   "hidden": false,
   "notes": "",
   "start": 4,
   "start_date": null,
   "status": "GRAD",
   "student": 7,
   "updated_at": "2012-05-08 10:07:10"
  },
  "model": "grad.gradstatus",
  "pk": 16
 },
 {
  "fields": {
   "created_at": "2012-05-08 10:07:10",
   "end": 2,
   "hidden": false,
   "notes": "",
   "start": 1,
   "start_date": null,
   "status": "APPL",
   "student": 8,
   "updated_at": "2012-05-08 10:07:10"
  },
  "model": "grad.gradstatus",
  "pk": 17
 },
 {
  "fields": {
   "created_at": "2012-05-08 10:07:10",
   "end": 4,
   "hidden": false,
   "notes": "",
   "start": 2,
   "start_date": null,
   "status": "ACTI",
   "student": 8,
   "updated_at": "2012-05-08 10:07:10"
  },
  "model": "grad.gradstatus",
  "pk": 18
 },
 {
  "fields": {
   "created_at": "2012-05-08 10:07:10",
   "end": null,
   "hidden": false,
   "notes": "",
   "start": 4,
   "start_date": null,
   "status": "GRAD",
   "student": 8,
   "updated_at": "2012-05-08 10:07:10"
  },
  "model": "grad.gradstatus",
  "pk": 19
 },
 {
  "fields": {
   "created_at": "2012-05-08 10:07:10",
   "end": 4,
   "hidden": false,
   "notes": "",
   "start": 3,
   "start_date": null,
   "status": "APPL",
   "student": 9,
   "updated_at": "2012-05-08 10:07:10"
  },
  "model": "grad.gradstatus",
  "pk": 20
 },
 {
  "fields": {
   "created_at": "2012-05-08 10:07:10",
   "end": 6,
   "hidden": false,
   "notes": "",
   "start": 4,
   "start_date": null,
   "status": "LEAV",
   "student": 9,
   "updated_at": "2012-05-08 10:07:10"
  },
  "model": "grad.gradstatus",
  "pk": 21
 },
 {
  "fields": {
   "created_at": "2012-05-08 10:07:10",
   "end": null,
   "hidden": false,
   "notes": "",
   "start": 6,
   "start_date": null,
   "status": "GRAD",
   "student": 9,
   "updated_at": "2012-05-08 10:07:10"
  },
  "model": "grad.gradstatus",
  "pk": 22
 },
 {
  "fields": {
   "created_at": "2012-05-08 10:07:11",
   "end": 2,
   "hidden": false,
   "notes": "",
   "start": 1,
   "start_date": null,
   "status": "APPL",
   "student": 10,
   "updated_at": "2012-05-08 10:07:11"
  },
  "model": "grad.gradstatus",
  "pk": 23
 },
 {
  "fields": {
   "created_at": "2012-05-08 10:07:11",
   "end": null,
   "hidden": false,
   "notes": "",
   "start": 2,
   "start_date": null,
   "status": "ACTI",
   "student": 10,
   "updated_at": "2012-05-08 10:07:11"
  },
  "model": "grad.gradstatus",
  "pk": 24
 },
 {
  "fields": {
   "created_at": "2012-05-08 10:07:11",
   "end": 4,
   "hidden": false,
   "notes": "",
   "start": 3,
   "start_date": null,
   "status": "APPL",
   "student": 11,
   "updated_at": "2012-05-08 10:07:11"
  },
  "model": "grad.gradstatus",
  "pk": 25
 },
 {
  "fields": {
   "created_at": "2012-05-08 10:07:11",
   "end": null,
   "hidden": false,
   "notes": "",
   "start": 4,
   "start_date": null,
   "status": "LEAV",
   "student": 11,
   "updated_at": "2012-05-08 10:07:11"
  },
  "model": "grad.gradstatus",
  "pk": 26
 },
 {
  "fields": {
   "created_at": "2012-05-08 10:07:11",
   "end": 3,
   "hidden": false,
   "notes": "",
   "start": 2,
   "start_date": null,
   "status": "APPL",
   "student": 12,
   "updated_at": "2012-05-08 10:07:11"
  },
  "model": "grad.gradstatus",
  "pk": 27
 },
 {
  "fields": {
   "created_at": "2012-05-08 10:07:11",
   "end": null,
   "hidden": false,
   "notes": "",
   "start": 3,
   "start_date": null,
   "status": "LEAV",
   "student": 12,
   "updated_at": "2012-05-08 10:07:11"
  },
  "model": "grad.gradstatus",
  "pk": 28
 },
 {
  "fields": {
   "created_at": "2012-05-08 10:07:11",
   "end": 3,
   "hidden": false,
   "notes": "",
   "start": 2,
   "start_date": null,
   "status": "APPL",
   "student": 13,
   "updated_at": "2012-05-08 10:07:11"
  },
  "model": "grad.gradstatus",
  "pk": 29
 },
 {
  "fields": {
   "created_at": "2012-05-08 10:07:11",
   "end": null,
   "hidden": false,
   "notes": "",
   "start": 3,
   "start_date": null,
   "status": "ACTI",
   "student": 13,
   "updated_at": "2012-05-08 10:07:11"
  },
  "model": "grad.gradstatus",
  "pk": 30
 },
 {
  "fields": {
   "created_at": "2012-05-08 10:07:11",
   "end": 4,
   "hidden": false,
   "notes": "",
   "start": 3,
   "start_date": null,
   "status": "APPL",
   "student": 14,
   "updated_at": "2012-05-08 10:07:11"
  },
  "model": "grad.gradstatus",
  "pk": 31
 },
 {
  "fields": {
   "created_at": "2012-05-08 10:07:11",
   "end": 6,
   "hidden": false,
   "notes": "",
   "start": 4,
   "start_date": null,
   "status": "ACTI",
   "student": 14,
   "updated_at": "2012-05-08 10:07:11"
  },
  "model": "grad.gradstatus",
  "pk": 32
 },
 {
  "fields": {
   "created_at": "2012-05-08 10:07:11",
   "end": null,
   "hidden": false,
   "notes": "",
   "start": 6,
   "start_date": null,
   "status": "WIDR",
   "student": 14,
   "updated_at": "2012-05-08 10:07:11"
  },
  "model": "grad.gradstatus",
  "pk": 33
 },
 {
  "fields": {
   "created_at": "2012-05-08 10:07:11",
   "end": 4,
   "hidden": false,
   "notes": "",
   "start": 3,
   "start_date": null,
   "status": "APPL",
   "student": 15,
   "updated_at": "2012-05-08 10:07:11"
  },
  "model": "grad.gradstatus",
  "pk": 34
 },
 {
  "fields": {
   "created_at": "2012-05-08 10:07:11",
   "end": 6,
   "hidden": false,
   "notes": "",
   "start": 4,
   "start_date": null,
   "status": "ACTI",
   "student": 15,
   "updated_at": "2012-05-08 10:07:11"
  },
  "model": "grad.gradstatus",
  "pk": 35
 },
 {
  "fields": {
   "created_at": "2012-05-08 10:07:11",
   "end": null,
   "hidden": false,
   "notes": "",
   "start": 6,
   "start_date": null,
   "status": "GRAD",
   "student": 15,
   "updated_at": "2012-05-08 10:07:11"
  },
  "model": "grad.gradstatus",
  "pk": 36
 },
 {
  "fields": {
   "created_at": "2012-05-08 10:07:11",
   "end": 3,
   "hidden": false,
   "notes": "",
   "start": 2,
   "start_date": null,
   "status": "APPL",
   "student": 16,
   "updated_at": "2012-05-08 10:07:11"
  },
  "model": "grad.gradstatus",
  "pk": 37
 },
 {
  "fields": {
   "created_at": "2012-05-08 10:07:11",
   "end": 5,
   "hidden": false,
   "notes": "",
   "start": 3,
   "start_date": null,
   "status": "ACTI",
   "student": 16,
   "updated_at": "2012-05-08 10:07:11"
  },
  "model": "grad.gradstatus",
  "pk": 38
 },
 {
  "fields": {
   "created_at": "2012-05-08 10:07:11",
   "end": null,
   "hidden": false,
   "notes": "",
   "start": 5,
   "start_date": null,
   "status": "WIDR",
   "student": 16,
   "updated_at": "2012-05-08 10:07:11"
  },
  "model": "grad.gradstatus",
  "pk": 39
 },
 {
  "fields": {
   "created_at": "2012-05-08 10:07:11",
   "end": 3,
   "hidden": false,
   "notes": "",
   "start": 2,
   "start_date": null,
   "status": "APPL",
   "student": 17,
   "updated_at": "2012-05-08 10:07:11"
  },
  "model": "grad.gradstatus",
  "pk": 40
 },
 {
  "fields": {
   "created_at": "2012-05-08 10:07:11",
   "end": null,
   "hidden": false,
   "notes": "",
   "start": 3,
   "start_date": null,
   "status": "ACTI",
   "student": 17,
   "updated_at": "2012-05-08 10:07:11"
  },
  "model": "grad.gradstatus",
  "pk": 41
 },
 {
  "fields": {
   "created_at": "2012-05-08 10:07:11",
   "end": 4,
   "hidden": false,
   "notes": "",
   "start": 3,
   "start_date": null,
   "status": "APPL",
   "student": 18,
   "updated_at": "2012-05-08 10:07:11"
  },
  "model": "grad.gradstatus",
  "pk": 42
 },
 {
  "fields": {
   "created_at": "2012-05-08 10:07:11",
   "end": null,
   "hidden": false,
   "notes": "",
   "start": 4,
   "start_date": null,
   "status": "ACTI",
   "student": 18,
   "updated_at": "2012-05-08 10:07:11"
  },
  "model": "grad.gradstatus",
  "pk": 43
 },
 {
  "fields": {
   "created_at": "2012-05-08 10:07:11",
   "end": 4,
   "hidden": false,
   "notes": "",
   "start": 3,
   "start_date": null,
   "status": "APPL",
   "student": 19,
   "updated_at": "2012-05-08 10:07:11"
  },
  "model": "grad.gradstatus",
  "pk": 44
 },
 {
  "fields": {
   "created_at": "2012-05-08 10:07:11",
   "end": null,
   "hidden": false,
   "notes": "",
   "start": 4,
   "start_date": null,
   "status": "LEAV",
   "student": 19,
   "updated_at": "2012-05-08 10:07:11"
  },
  "model": "grad.gradstatus",
  "pk": 45
 },
 {
  "fields": {
   "created_at": "2012-05-08 10:07:11",
   "end": 2,
   "hidden": false,
   "notes": "",
   "start": 1,
   "start_date": null,
   "status": "APPL",
   "student": 20,
   "updated_at": "2012-05-08 10:07:11"
  },
  "model": "grad.gradstatus",
  "pk": 46
 },
 {
  "fields": {
   "created_at": "2012-05-08 10:07:11",
   "end": 4,
   "hidden": false,
   "notes": "",
   "start": 2,
   "start_date": null,
   "status": "LEAV",
   "student": 20,
   "updated_at": "2012-05-08 10:07:11"
  },
  "model": "grad.gradstatus",
  "pk": 47
 },
 {
  "fields": {
   "created_at": "2012-05-08 10:07:11",
   "end": null,
   "hidden": false,
   "notes": "",
   "start": 4,
   "start_date": null,
   "status": "GRAD",
   "student": 20,
   "updated_at": "2012-05-08 10:07:11"
  },
  "model": "grad.gradstatus",
  "pk": 48
 },
 {
  "fields": {
   "created_at": "2012-05-08 10:07:11",
   "end": 2,
   "hidden": false,
   "notes": "",
   "start": 1,
   "start_date": null,
   "status": "APPL",
   "student": 21,
   "updated_at": "2012-05-08 10:07:11"
  },
  "model": "grad.gradstatus",
  "pk": 49
 },
 {
  "fields": {
   "created_at": "2012-05-08 10:07:11",
   "end": 4,
   "hidden": false,
   "notes": "",
   "start": 2,
   "start_date": null,
   "status": "ACTI",
   "student": 21,
   "updated_at": "2012-05-08 10:07:11"
  },
  "model": "grad.gradstatus",
  "pk": 50
 },
 {
  "fields": {
   "created_at": "2012-05-08 10:07:11",
   "end": null,
   "hidden": false,
   "notes": "",
   "start": 4,
   "start_date": null,
   "status": "WIDR",
   "student": 21,
   "updated_at": "2012-05-08 10:07:11"
  },
  "model": "grad.gradstatus",
  "pk": 51
 },
 {
  "fields": {
   "created_at": "2012-05-08 10:07:11",
   "end": 2,
   "hidden": false,
   "notes": "",
   "start": 1,
   "start_date": null,
   "status": "APPL",
   "student": 22,
   "updated_at": "2012-05-08 10:07:11"
  },
  "model": "grad.gradstatus",
  "pk": 52
 },
 {
  "fields": {
   "created_at": "2012-05-08 10:07:11",
   "end": null,
   "hidden": false,
   "notes": "",
   "start": 2,
   "start_date": null,
   "status": "LEAV",
   "student": 22,
   "updated_at": "2012-05-08 10:07:11"
  },
  "model": "grad.gradstatus",
  "pk": 53
 },
 {
  "fields": {
   "created_at": "2012-05-08 10:07:11",
   "end": 3,
   "hidden": false,
   "notes": "",
   "start": 2,
   "start_date": null,
   "status": "APPL",
   "student": 23,
   "updated_at": "2012-05-08 10:07:11"
  },
  "model": "grad.gradstatus",
  "pk": 54
 },
 {
  "fields": {
   "created_at": "2012-05-08 10:07:11",
   "end": 5,
   "hidden": false,
   "notes": "",
   "start": 3,
   "start_date": null,
   "status": "LEAV",
   "student": 23,
   "updated_at": "2012-05-08 10:07:11"
  },
  "model": "grad.gradstatus",
  "pk": 55
 },
 {
  "fields": {
   "created_at": "2012-05-08 10:07:11",
   "end": null,
   "hidden": false,
   "notes": "",
   "start": 5,
   "start_date": null,
   "status": "WIDR",
   "student": 23,
   "updated_at": "2012-05-08 10:07:11"
  },
  "model": "grad.gradstatus",
  "pk": 56
 },
 {
  "fields": {
   "created_at": "2012-05-08 10:07:11",
   "end": 2,
   "hidden": false,
   "notes": "",
   "start": 1,
   "start_date": null,
   "status": "APPL",
   "student": 24,
   "updated_at": "2012-05-08 10:07:11"
  },
  "model": "grad.gradstatus",
  "pk": 57
 },
 {
  "fields": {
   "created_at": "2012-05-08 10:07:11",
   "end": null,
   "hidden": false,
   "notes": "",
   "start": 2,
   "start_date": null,
   "status": "LEAV",
   "student": 24,
   "updated_at": "2012-05-08 10:07:11"
  },
  "model": "grad.gradstatus",
  "pk": 58
 },
 {
  "fields": {
   "created_at": "2012-05-08 10:07:11",
   "end": 4,
   "hidden": false,
   "notes": "",
   "start": 3,
   "start_date": null,
   "status": "APPL",
   "student": 25,
   "updated_at": "2012-05-08 10:07:11"
  },
  "model": "grad.gradstatus",
  "pk": 59
 },
 {
  "fields": {
   "created_at": "2012-05-08 10:07:11",
   "end": 6,
   "hidden": false,
   "notes": "",
   "start": 4,
   "start_date": null,
   "status": "LEAV",
   "student": 25,
   "updated_at": "2012-05-08 10:07:11"
  },
  "model": "grad.gradstatus",
  "pk": 60
 },
 {
  "fields": {
   "created_at": "2012-05-08 10:07:11",
   "end": null,
   "hidden": false,
   "notes": "",
   "start": 6,
   "start_date": null,
   "status": "WIDR",
   "student": 25,
   "updated_at": "2012-05-08 10:07:11"
  },
  "model": "grad.gradstatus",
  "pk": 61
 },
 {
  "fields": {
   "created_at": "2012-05-08 10:07:11",
   "end": 2,
   "hidden": false,
   "notes": "",
   "start": 1,
   "start_date": null,
   "status": "APPL",
   "student": 26,
   "updated_at": "2012-05-08 10:07:11"
  },
  "model": "grad.gradstatus",
  "pk": 62
 },
 {
  "fields": {
   "created_at": "2012-05-08 10:07:11",
   "end": null,
   "hidden": false,
   "notes": "",
   "start": 2,
   "start_date": null,
   "status": "ACTI",
   "student": 26,
   "updated_at": "2012-05-08 10:07:11"
  },
  "model": "grad.gradstatus",
  "pk": 63
 },
 {
  "fields": {
   "field": "contact_email_text",
   "label": "generic",
   "text": "DESCRIPTION OF INCIDENT. This does not usually occur unless there is a violation of SFU's Code of Academic Integrity and Good Conduct, Policy S10.01. I take academic honesty very seriously and intend to pursue this apparent violation of SFU's standards for academic honesty.\r\n\r\nAs required by SFU Policy S10.02, Principles and Procedures for Academic Discipline, I am offering you the opportunity to meet with me to discuss this incident. You are not required to accept this offer. If you would like to meet, please contact me to make an appointment outside of my regular office hours.\r\n\r\nYou may wish to refer to SFU's policies and procedures on academic integrity,\r\n  http://www.sfu.ca/policies/Students/index.html .\r\nYou can also contact the Office of the Ombudsperson for assistance in navigating University procedures.\r\n"
  },
  "model": "discipline.disciplinetemplate",
  "pk": 1
 },
 {
  "fields": {
   "field": "contact_email_text",
   "label": "not your work",
   "text": "Your submission for {{ACTIVITIES}} contains work that does not appear to be your own. This indicates that there is a violation of SFU's Code of Academic Integrity and Good Conduct, Policy S10.01. I take academic honesty very seriously and intend to pursue this apparent violation of SFU's standards for academic honesty.\r\n\r\nAs required by SFU Policy S10.02, Principles and Procedures for Academic Discipline, I am offering you the opportunity to meet with me to discuss this incident. You are not required to accept this offer. If you would like to meet, please contact me to make an appointment outside of my regular office hours.\r\n\r\nYou may wish to refer to SFU's policies and procedures on academic integrity,\r\n  http://www.sfu.ca/policies/Students/index.html .\r\nYou can also contact the Office of the Ombudsperson for assistance in navigating University procedures.\r\n"
  },
  "model": "discipline.disciplinetemplate",
  "pk": 2
 },
 {
  "fields": {
   "field": "contact_email_text",
   "label": "simiar work (group)",
   "text": "You and other students submitted very similar work on {{ACTIVITIES}}. This level of similarity does not usually occur unless collaboration exceeds the limits allowed by SFU's Code of Academic Integrity and Good Conduct, Policy S10.01. I take academic honesty very seriously and intend to pursue this apparent violation of SFU's standards for academic honesty.\r\n\r\nAs required by SFU Policy S10.02, Principles and Procedures for Academic Discipline, I am offering you the opportunity to meet with me to discuss this incident. You are not required to accept this offer. If you would like to meet, please contact me to make an appointment outside of my regular office hours.\r\n\r\nYou may wish to refer to SFU's policies and procedures on academic integrity,\r\n  http://www.sfu.ca/policies/Students/index.html .\r\nYou can also contact the Office of the Ombudsperson for assistance in navigating University procedures.\r\n"
  },
  "model": "discipline.disciplinetemplate",
  "pk": 4
 },
 {
  "fields": {
   "field": "facts",
   "label": "attachment",
   "text": "See details in attached file facts.pdf."
  },
  "model": "discipline.disciplinetemplate",
  "pk": 3
 },
 {
  "fields": {
   "field": "facts",
   "label": "copied (other knew)",
   "text": "{{FNAME}} was given a solution to {{ACTIVITIES}} by another student. The other student seems to have completed the work independently. Both students submitted the work as their own."
  },
  "model": "discipline.disciplinetemplate",
  "pk": 5
 },
 {
  "fields": {
   "field": "facts",
   "label": "copied (without knowledge)",
   "text": "{{FNAME}} copied the work of another student on {{ACTIVITIES}} without his/her knowledge.  Both students submitted the work as their own."
  },
  "model": "discipline.disciplinetemplate",
  "pk": 6
 },
 {
  "fields": {
   "field": "meeting_summary",
   "label": "admitted",
   "text": "The student admitted academic dishonesty as described below in \u201cfacts of the case\u201d."
  },
  "model": "discipline.disciplinetemplate",
  "pk": 7
 },
 {
  "fields": {
   "field": "meeting_summary",
   "label": "explained",
   "text": "{{FNAME}} explained that..."
  },
  "model": "discipline.disciplinetemplate",
  "pk": 9
 },
 {
  "fields": {
   "field": "meeting_summary",
   "label": "quote email",
   "text": "The student explained the situation in his/her email:\r\n\r\nbq. PASTE QUOTE HERE"
  },
  "model": "discipline.disciplinetemplate",
  "pk": 8
 },
 {
  "fields": {
   "content": "Congratulations, {{first_name}}, we would like to offer you admission to the {{program}} program in Computing Science at SFU.\r\n\r\nThis is good news. Really.",
   "created_at": "2012-05-08 10:07:10",
   "created_by": "",
   "label": "offer",
   "slug": "comp-offer",
   "unit": 2
  },
  "model": "grad.lettertemplate",
  "pk": 1
 },
 {
  "fields": {
   "content": "This is to confirm that {{title}} {{first_name}} {{last_name}} is currently enrolled as a full time student in the {{program}} in the School of Computing Science at SFU.",
   "created_at": "2012-05-08 10:07:10",
   "created_by": "",
   "label": "visa",
   "slug": "comp-visa",
   "unit": 2
  },
  "model": "grad.lettertemplate",
  "pk": 2
 },
 {
  "fields": {
   "config": "{}",
   "first_name": "Student",
   "high_school": null,
   "last_name": "Non",
   "middle_name": null,
   "notes": "",
   "pref_first_name": null,
   "slug": "student-non",
   "unit": 2
  },
  "model": "advisornotes.nonstudent",
  "pk": 1
 },
 {
  "fields": {
   "advisor": 561,
   "created_at": "2012-05-15 10:52:31",
   "file_attachment": "",
   "file_mediatype": null,
   "hidden": false,
   "nonstudent": 1,
   "student": null,
   "text": "this is a non\nstudent's note",
   "unit": 2
  },
  "model": "advisornotes.advisornote",
  "pk": 1
 },
 {
  "fields": {
   "account_number": 12345,
   "position_number": 12345,
   "slug": "comp-12345-msc-ta",
   "title": "MSc TA",
   "unit": 2
  },
  "model": "ra.account",
  "pk": 1
 },
 {
  "fields": {
   "account_number": 12346,
   "position_number": 12346,
   "slug": "comp-12346-phd-ta",
   "title": "PhD TA",
   "unit": 2
  },
  "model": "ra.account",
  "pk": 2
 },
 {
  "fields": {
   "account_number": 12347,
   "position_number": 12347,
   "slug": "comp-12347-undergrad-ta",
   "title": "Undergrad TA",
   "unit": 2
  },
  "model": "ra.account",
  "pk": 3
 },
 {
  "fields": {
   "account_number": 12348,
   "position_number": 12348,
   "slug": "comp-12348-external-ta",
   "title": "External TA",
   "unit": 2
  },
  "model": "ra.account",
  "pk": 4
 }

 
]
