[
 {
  "fields": {
   "end": "2009-08-04", 
   "name": "1094", 
   "start": "2009-05-04"
  }, 
  "model": "coredata.semester", 
  "pk": 1
 }, 
 {
  "fields": {
   "end": "2009-12-07", 
   "name": "1097", 
   "start": "2009-09-08"
  }, 
  "model": "coredata.semester", 
  "pk": 2
 }, 
 {
  "fields": {
   "end": "2010-04-16", 
   "name": "1101", 
   "start": "2010-01-04"
  }, 
  "model": "coredata.semester", 
  "pk": 3
 }, 
 {
  "fields": {
   "end": "2010-08-11", 
   "name": "1104", 
   "start": "2010-05-12"
  }, 
  "model": "coredata.semester", 
  "pk": 4
 }, 
 {
  "fields": {
   "end": "2010-12-06", 
   "name": "1107", 
   "start": "2010-09-07"
  }, 
  "model": "coredata.semester", 
  "pk": 5
 }, 
 {
  "fields": {
   "end": "2011-04-07", 
   "name": "1111", 
   "start": "2011-01-04"
  }, 
  "model": "coredata.semester", 
  "pk": 6
 }, 
 {
  "fields": {
   "end": "2011-08-08", 
   "name": "1114", 
   "start": "2011-05-09"
  }, 
  "model": "coredata.semester", 
  "pk": 7
 }, 
 {
  "fields": {
   "end": "2011-12-05", 
   "name": "1117", 
   "start": "2011-09-06"
  }, 
  "model": "coredata.semester", 
  "pk": 8
 }, 
 {
  "fields": {
   "end": "2012-04-11", 
   "name": "1121", 
   "start": "2012-01-05"
  }, 
  "model": "coredata.semester", 
  "pk": 9
 }, 
 {
  "fields": {
   "end": "2012-08-03", 
   "name": "1124", 
   "start": "2012-05-07"
  }, 
  "model": "coredata.semester", 
  "pk": 10
 }, 
 {
  "fields": {
   "end": "2012-12-03", 
   "name": "1127", 
   "start": "2012-09-04"
  }, 
  "model": "coredata.semester", 
  "pk": 11
 }, 
 {
  "fields": {
   "campus": "BRNBY", 
   "class_nbr": 2192, 
   "component": "LEC", 
   "config": "{}", 
   "crse_id": 4225, 
   "enrl_cap": 160, 
   "enrl_tot": 0, 
   "graded": true, 
   "number": "316", 
   "section": "D100", 
   "semester": 10, 
   "slug": "2012su-macm-316-d1", 
   "subject": "MACM", 
   "title": "Numerical Analysis I", 
   "wait_tot": 0
  }, 
  "model": "coredata.courseoffering", 
  "pk": 161
 }, 
 {
  "fields": {
   "campus": "BRNBY", 
   "class_nbr": 8605, 
   "component": "LEC", 
   "config": "{}", 
   "crse_id": 4231, 
   "enrl_cap": 120, 
   "enrl_tot": 0, 
   "graded": true, 
   "number": "201", 
   "section": "D100", 
   "semester": 9, 
   "slug": "2012sp-macm-201-d1", 
   "subject": "MACM", 
   "title": "Discrete Math II", 
   "wait_tot": 0
  }, 
  "model": "coredata.courseoffering", 
  "pk": 163
 }, 
 {
  "fields": {
   "campus": "SURRY", 
   "class_nbr": 9343, 
   "component": "LEC", 
   "config": "{}", 
   "crse_id": 4231, 
   "enrl_cap": 60, 
   "enrl_tot": 0, 
   "graded": true, 
   "number": "201", 
   "section": "D200", 
   "semester": 9, 
   "slug": "2012sp-macm-201-d2", 
   "subject": "MACM", 
   "title": "Discrete Math II", 
   "wait_tot": 0
  }, 
  "model": "coredata.courseoffering", 
  "pk": 164
 }, 
 {
  "fields": {
   "campus": "BRNBY", 
   "class_nbr": 8917, 
   "component": "LEC", 
   "config": "{}", 
   "crse_id": 16470, 
   "enrl_cap": 64, 
   "enrl_tot": 0, 
   "graded": true, 
   "number": "203", 
   "section": "D100", 
   "semester": 9, 
   "slug": "2012sp-macm-203-d1", 
   "subject": "MACM", 
   "title": "Computing with Linear Algebra", 
   "wait_tot": 0
  }, 
  "model": "coredata.courseoffering", 
  "pk": 172
 }, 
 {
  "fields": {
   "campus": "BRNBY", 
   "class_nbr": 8609, 
   "component": "LEC", 
   "config": "{}", 
   "crse_id": 4225, 
   "enrl_cap": 120, 
   "enrl_tot": 0, 
   "graded": true, 
   "number": "316", 
   "section": "D100", 
   "semester": 9, 
   "slug": "2012sp-macm-316-d1", 
   "subject": "MACM", 
   "title": "Numerical Analysis I", 
   "wait_tot": 0
  }, 
  "model": "coredata.courseoffering", 
  "pk": 159
 }, 
 {
  "fields": {
   "campus": "SURRY", 
   "class_nbr": 8627, 
   "component": "LEC", 
   "config": "{}", 
   "crse_id": 4225, 
   "enrl_cap": 90, 
   "enrl_tot": 0, 
   "graded": true, 
   "number": "316", 
   "section": "D200", 
   "semester": 9, 
   "slug": "2012sp-macm-316-d2", 
   "subject": "MACM", 
   "title": "Numerical Analysis I", 
   "wait_tot": 0
  }, 
  "model": "coredata.courseoffering", 
  "pk": 160
 }, 
 {
  "fields": {
   "campus": "BRNBY", 
   "class_nbr": 12554, 
   "component": "LEC", 
   "config": "{}", 
   "crse_id": 11592, 
   "enrl_cap": 45, 
   "enrl_tot": 19, 
   "graded": true, 
   "number": "102", 
   "section": "D100", 
   "semester": 8, 
   "slug": "2011fa-cmpt-102-d1", 
   "subject": "CMPT", 
   "title": "Scientific Computer Prog.", 
   "wait_tot": 0
  }, 
  "model": "coredata.courseoffering", 
  "pk": 106
 }, 
 {
  "fields": {
   "campus": "SURRY", 
   "class_nbr": 14589, 
   "component": "LEC", 
   "config": "{}", 
   "crse_id": 16517, 
   "enrl_cap": 48, 
   "enrl_tot": 12, 
   "graded": true, 
   "number": "105W", 
   "section": "D100", 
   "semester": 8, 
   "slug": "2011fa-cmpt-105w-d1", 
   "subject": "CMPT", 
   "title": "Process of Prof. Writing", 
   "wait_tot": 2
  }, 
  "model": "coredata.courseoffering", 
  "pk": 154
 }, 
 {
  "fields": {
   "campus": "SURRY", 
   "class_nbr": 14590, 
   "component": "LEC", 
   "config": "{}", 
   "crse_id": 16520, 
   "enrl_cap": 48, 
   "enrl_tot": 12, 
   "graded": true, 
   "number": "106", 
   "section": "D100", 
   "semester": 8, 
   "slug": "2011fa-cmpt-106-d1", 
   "subject": "CMPT", 
   "title": "Science, Technology and Soc.", 
   "wait_tot": 2
  }, 
  "model": "coredata.courseoffering", 
  "pk": 155
 }, 
 {
  "fields": {
   "campus": "BRNBY", 
   "class_nbr": 12555, 
   "component": "LEC", 
   "config": "{}", 
   "crse_id": 11577, 
   "enrl_cap": 80, 
   "enrl_tot": 27, 
   "graded": true, 
   "number": "110", 
   "section": "D100", 
   "semester": 8, 
   "slug": "2011fa-cmpt-110-d1", 
   "subject": "CMPT", 
   "title": "Programming in Visual Basic", 
   "wait_tot": 0
  }, 
  "model": "coredata.courseoffering", 
  "pk": 105
 }, 
 {
  "fields": {
   "campus": "BRNBY", 
   "class_nbr": 12556, 
   "component": "LEC", 
   "config": "{}", 
   "crse_id": 14580, 
   "enrl_cap": 156, 
   "enrl_tot": 122, 
   "graded": true, 
   "number": "120", 
   "section": "D100", 
   "semester": 8, 
   "slug": "2011fa-cmpt-120-d1", 
   "subject": "CMPT", 
   "title": "Intro.Cmpt.Sci/Programming I", 
   "wait_tot": 0
  }, 
  "model": "coredata.courseoffering", 
  "pk": 119
 }, 
 {
  "fields": {
   "campus": "BRNBY", 
   "class_nbr": 12557, 
   "component": "LEC", 
   "config": "{}", 
   "crse_id": 14580, 
   "enrl_cap": 156, 
   "enrl_tot": 64, 
   "graded": true, 
   "number": "120", 
   "section": "D200", 
   "semester": 8, 
   "slug": "2011fa-cmpt-120-d2", 
   "subject": "CMPT", 
   "title": "Intro.Cmpt.Sci/Programming I", 
   "wait_tot": 0
  }, 
  "model": "coredata.courseoffering", 
  "pk": 120
 }, 
 {
  "fields": {
   "campus": "SURRY", 
   "class_nbr": 14595, 
   "component": "LEC", 
   "config": "{}", 
   "crse_id": 14580, 
   "enrl_cap": 48, 
   "enrl_tot": 13, 
   "graded": true, 
   "number": "120", 
   "section": "D300", 
   "semester": 8, 
   "slug": "2011fa-cmpt-120-d3", 
   "subject": "CMPT", 
   "title": "Intro.Cmpt.Sci/Programming I", 
   "wait_tot": 3
  }, 
  "model": "coredata.courseoffering", 
  "pk": 121
 }, 
 {
  "fields": {
   "campus": "SURRY", 
   "class_nbr": 15012, 
   "component": "LEC", 
   "config": "{}", 
   "crse_id": 14580, 
   "enrl_cap": 25, 
   "enrl_tot": 0, 
   "graded": true, 
   "number": "120", 
   "section": "J100", 
   "semester": 8, 
   "slug": "2011fa-cmpt-120-j1", 
   "subject": "CMPT", 
   "title": "Intro.Cmpt.Sci/Programming I", 
   "wait_tot": 0
  }, 
  "model": "coredata.courseoffering", 
  "pk": 122
 }, 
 {
  "fields": {
   "campus": "BRNBY", 
   "class_nbr": 12558, 
   "component": "LEC", 
   "config": "{}", 
   "crse_id": 14581, 
   "enrl_cap": 104, 
   "enrl_tot": 31, 
   "graded": true, 
   "number": "125", 
   "section": "D100", 
   "semester": 8, 
   "slug": "2011fa-cmpt-125-d1", 
   "subject": "CMPT", 
   "title": "Intro.Cmpt.Sci/Programming II", 
   "wait_tot": 0
  }, 
  "model": "coredata.courseoffering", 
  "pk": 125
 }, 
 {
  "fields": {
   "campus": "BRNBY", 
   "class_nbr": 12607, 
   "component": "CAN", 
   "config": "{}", 
   "crse_id": 14582, 
   "enrl_cap": 52, 
   "enrl_tot": 0, 
   "graded": true, 
   "number": "126", 
   "section": "E100", 
   "semester": 8, 
   "slug": "2011fa-cmpt-126-e1", 
   "subject": "CMPT", 
   "title": "Intro.Cmpt.Sci and Programming", 
   "wait_tot": 0
  }, 
  "model": "coredata.courseoffering", 
  "pk": 127
 }, 
 {
  "fields": {
   "campus": "BRNBY", 
   "class_nbr": 15296, 
   "component": "LEC", 
   "config": "{}", 
   "crse_id": 14582, 
   "enrl_cap": 52, 
   "enrl_tot": 29, 
   "graded": true, 
   "number": "126", 
   "section": "E200", 
   "semester": 8, 
   "slug": "2011fa-cmpt-126-e2", 
   "subject": "CMPT", 
   "title": "Intro.Cmpt.Sci and Programming", 
   "wait_tot": 0
  }, 
  "model": "coredata.courseoffering", 
  "pk": 128
 }, 
 {
  "fields": {
   "campus": "BRNBY", 
   "class_nbr": 12560, 
   "component": "LEC", 
   "config": "{}", 
   "crse_id": 14583, 
   "enrl_cap": 130, 
   "enrl_tot": 87, 
   "graded": true, 
   "number": "128", 
   "section": "D100", 
   "semester": 8, 
   "slug": "2011fa-cmpt-128-d1", 
   "subject": "CMPT", 
   "title": "Intro. Cmpt.Sci/Prgm/Engineers", 
   "wait_tot": 15
  }, 
  "model": "coredata.courseoffering", 
  "pk": 130
 }, 
 {
  "fields": {
   "campus": "BRNBY", 
   "class_nbr": 12561, 
   "component": "LEC", 
   "config": "{}", 
   "crse_id": 14583, 
   "enrl_cap": 130, 
   "enrl_tot": 24, 
   "graded": true, 
   "number": "128", 
   "section": "D200", 
   "semester": 8, 
   "slug": "2011fa-cmpt-128-d2", 
   "subject": "CMPT", 
   "title": "Intro. Cmpt.Sci/Prgm/Engineers", 
   "wait_tot": 2
  }, 
  "model": "coredata.courseoffering", 
  "pk": 131
 }, 
 {
  "fields": {
   "campus": "SURRY", 
   "class_nbr": 14628, 
   "component": "LEC", 
   "config": "{}", 
   "crse_id": 14583, 
   "enrl_cap": 54, 
   "enrl_tot": 50, 
   "graded": true, 
   "number": "128", 
   "section": "D300", 
   "semester": 8, 
   "slug": "2011fa-cmpt-128-d3", 
   "subject": "CMPT", 
   "title": "Intro. Cmpt.Sci/Prgm/Engineers", 
   "wait_tot": 1
  }, 
  "model": "coredata.courseoffering", 
  "pk": 132
 }, 
 {
  "fields": {
   "campus": "BRNBY", 
   "class_nbr": 12562, 
   "component": "LEC", 
   "config": "{}", 
   "crse_id": 11555, 
   "enrl_cap": 130, 
   "enrl_tot": 41, 
   "graded": true, 
   "number": "150", 
   "section": "D100", 
   "semester": 8, 
   "slug": "2011fa-cmpt-150-d1", 
   "subject": "CMPT", 
   "title": "Intro to Computer Design", 
   "wait_tot": 0
  }, 
  "model": "coredata.courseoffering", 
  "pk": 103
 }, 
 {
  "fields": {
   "campus": "BRNBY", 
   "class_nbr": 12564, 
   "component": "SEC", 
   "config": "{}", 
   "crse_id": 11547, 
   "enrl_cap": 175, 
   "enrl_tot": 102, 
   "graded": true, 
   "number": "165", 
   "section": "C100", 
   "semester": 8, 
   "slug": "2011fa-cmpt-165-c1", 
   "subject": "CMPT", 
   "title": "Intro Internet  World Wide Web", 
   "wait_tot": 0
  }, 
  "model": "coredata.courseoffering", 
  "pk": 99
 }, 
 {
  "fields": {
   "campus": "BRNBY", 
   "class_nbr": 12563, 
   "component": "LEC", 
   "config": "{}", 
   "crse_id": 11547, 
   "enrl_cap": 208, 
   "enrl_tot": 156, 
   "graded": true, 
   "number": "165", 
   "section": "D100", 
   "semester": 8, 
   "slug": "2011fa-cmpt-165-d1", 
   "subject": "CMPT", 
   "title": "Intro Internet  World Wide Web", 
   "wait_tot": 0
  }, 
  "model": "coredata.courseoffering", 
  "pk": 100
 }, 
 {
  "fields": {
   "campus": "SURRY", 
   "class_nbr": 14690, 
   "component": "LEC", 
   "config": "{}", 
   "crse_id": 11547, 
   "enrl_cap": 96, 
   "enrl_tot": 11, 
   "graded": true, 
   "number": "165", 
   "section": "D200", 
   "semester": 8, 
   "slug": "2011fa-cmpt-165-d2", 
   "subject": "CMPT", 
   "title": "Intro Internet  World Wide Web", 
   "wait_tot": 0
  }, 
  "model": "coredata.courseoffering", 
  "pk": 101
 }, 
 {
  "fields": {
   "campus": "SURRY", 
   "class_nbr": 15198, 
   "component": "LEC", 
   "config": "{}", 
   "crse_id": 16684, 
   "enrl_cap": 168, 
   "enrl_tot": 83, 
   "graded": true, 
   "number": "166", 
   "section": "D100", 
   "semester": 8, 
   "slug": "2011fa-cmpt-166-d1", 
   "subject": "CMPT", 
   "title": "Animated Intro to Programming", 
   "wait_tot": 0
  }, 
  "model": "coredata.courseoffering", 
  "pk": 156
 }, 
 {
  "fields": {
   "campus": "BRNBY", 
   "class_nbr": 12565, 
   "component": "LEC", 
   "config": "{}", 
   "crse_id": 14584, 
   "enrl_cap": 104, 
   "enrl_tot": 47, 
   "graded": true, 
   "number": "225", 
   "section": "D100", 
   "semester": 8, 
   "slug": "2011fa-cmpt-225-d1", 
   "subject": "CMPT", 
   "title": "Data Structures/Programming", 
   "wait_tot": 1
  }, 
  "model": "coredata.courseoffering", 
  "pk": 134
 }, 
 {
  "fields": {
   "campus": "SURRY", 
   "class_nbr": 14691, 
   "component": "LEC", 
   "config": "{}", 
   "crse_id": 14584, 
   "enrl_cap": 96, 
   "enrl_tot": 35, 
   "graded": true, 
   "number": "225", 
   "section": "D200", 
   "semester": 8, 
   "slug": "2011fa-cmpt-225-d2", 
   "subject": "CMPT", 
   "title": "Data Structures/Programming", 
   "wait_tot": 0
  }, 
  "model": "coredata.courseoffering", 
  "pk": 135
 }, 
 {
  "fields": {
   "campus": "BRNBY", 
   "class_nbr": 12566, 
   "component": "LEC", 
   "config": "{}", 
   "crse_id": 11524, 
   "enrl_cap": 130, 
   "enrl_tot": 66, 
   "graded": true, 
   "number": "250", 
   "section": "D100", 
   "semester": 8, 
   "slug": "2011fa-cmpt-250-d1", 
   "subject": "CMPT", 
   "title": "Intro to Computer Architecture", 
   "wait_tot": 0
  }, 
  "model": "coredata.courseoffering", 
  "pk": 94
 }, 
 {
  "fields": {
   "campus": "SURRY", 
   "class_nbr": 14843, 
   "component": "LEC", 
   "config": "{}", 
   "crse_id": 11524, 
   "enrl_cap": 48, 
   "enrl_tot": 25, 
   "graded": true, 
   "number": "250", 
   "section": "D200", 
   "semester": 8, 
   "slug": "2011fa-cmpt-250-d2", 
   "subject": "CMPT", 
   "title": "Intro to Computer Architecture", 
   "wait_tot": 0
  }, 
  "model": "coredata.courseoffering", 
  "pk": 95
 }, 
 {
  "fields": {
   "campus": "BRNBY", 
   "class_nbr": 12567, 
   "component": "LEC", 
   "config": "{}", 
   "crse_id": 11520, 
   "enrl_cap": 75, 
   "enrl_tot": 29, 
   "graded": true, 
   "number": "275", 
   "section": "E100", 
   "semester": 8, 
   "slug": "2011fa-cmpt-275-e1", 
   "subject": "CMPT", 
   "title": "Software Engineering I", 
   "wait_tot": 0
  }, 
  "model": "coredata.courseoffering", 
  "pk": 92
 }, 
 {
  "fields": {
   "campus": "BRNBY", 
   "class_nbr": 12568, 
   "component": "LEC", 
   "config": "{}", 
   "crse_id": 11510, 
   "enrl_cap": 85, 
   "enrl_tot": 62, 
   "graded": true, 
   "number": "300", 
   "section": "D100", 
   "semester": 8, 
   "slug": "2011fa-cmpt-300-d1", 
   "subject": "CMPT", 
   "title": "Operating Systems I", 
   "wait_tot": 1
  }, 
  "model": "coredata.courseoffering", 
  "pk": 89
 }, 
 {
  "fields": {
   "campus": "BRNBY", 
   "class_nbr": 15060, 
   "component": "LEC", 
   "config": "{}", 
   "crse_id": 11510, 
   "enrl_cap": 60, 
   "enrl_tot": 27, 
   "graded": true, 
   "number": "300", 
   "section": "E100", 
   "semester": 8, 
   "slug": "2011fa-cmpt-300-e1", 
   "subject": "CMPT", 
   "title": "Operating Systems I", 
   "wait_tot": 0
  }, 
  "model": "coredata.courseoffering", 
  "pk": 90
 }, 
 {
  "fields": {
   "campus": "BRNBY", 
   "class_nbr": 12569, 
   "component": "LEC", 
   "config": "{}", 
   "crse_id": 11500, 
   "enrl_cap": 85, 
   "enrl_tot": 65, 
   "graded": true, 
   "number": "307", 
   "section": "D100", 
   "semester": 8, 
   "slug": "2011fa-cmpt-307-d1", 
   "subject": "CMPT", 
   "title": "Data Structures", 
   "wait_tot": 1
  }, 
  "model": "coredata.courseoffering", 
  "pk": 86
 }, 
 {
  "fields": {
   "campus": "SURRY", 
   "class_nbr": 14846, 
   "component": "LEC", 
   "config": "{}", 
   "crse_id": 11500, 
   "enrl_cap": 42, 
   "enrl_tot": 8, 
   "graded": true, 
   "number": "307", 
   "section": "D200", 
   "semester": 8, 
   "slug": "2011fa-cmpt-307-d2", 
   "subject": "CMPT", 
   "title": "Data Structures", 
   "wait_tot": 0
  }, 
  "model": "coredata.courseoffering", 
  "pk": 87
 }, 
 {
  "fields": {
   "campus": "BRNBY", 
   "class_nbr": 12570, 
   "component": "LEC", 
   "config": "{}", 
   "crse_id": 11498, 
   "enrl_cap": 65, 
   "enrl_tot": 28, 
   "graded": true, 
   "number": "310", 
   "section": "D100", 
   "semester": 8, 
   "slug": "2011fa-cmpt-310-d1", 
   "subject": "CMPT", 
   "title": "Artificial Intelligence Survey", 
   "wait_tot": 1
  }, 
  "model": "coredata.courseoffering", 
  "pk": 84
 }, 
 {
  "fields": {
   "campus": "BRNBY", 
   "class_nbr": 12611, 
   "component": "LEC", 
   "config": "{}", 
   "crse_id": 11491, 
   "enrl_cap": 85, 
   "enrl_tot": 70, 
   "graded": true, 
   "number": "320", 
   "section": "E100", 
   "semester": 8, 
   "slug": "2011fa-cmpt-320-e1", 
   "subject": "CMPT", 
   "title": "Social Implications", 
   "wait_tot": 17
  }, 
  "model": "coredata.courseoffering", 
  "pk": 82
 }, 
 {
  "fields": {
   "campus": "BRNBY", 
   "class_nbr": 12571, 
   "component": "LEC", 
   "config": "{}", 
   "crse_id": 11478, 
   "enrl_cap": 55, 
   "enrl_tot": 50, 
   "graded": true, 
   "number": "354", 
   "section": "D100", 
   "semester": 8, 
   "slug": "2011fa-cmpt-354-d1", 
   "subject": "CMPT", 
   "title": "Database Systems I", 
   "wait_tot": 0
  }, 
  "model": "coredata.courseoffering", 
  "pk": 80
 }, 
 {
  "fields": {
   "campus": "BRNBY", 
   "class_nbr": 12572, 
   "component": "LEC", 
   "config": "{}", 
   "crse_id": 11476, 
   "enrl_cap": 70, 
   "enrl_tot": 62, 
   "graded": true, 
   "number": "361", 
   "section": "D100", 
   "semester": 8, 
   "slug": "2011fa-cmpt-361-d1", 
   "subject": "CMPT", 
   "title": "Intro to Computer Graphics", 
   "wait_tot": 0
  }, 
  "model": "coredata.courseoffering", 
  "pk": 78
 }, 
 {
  "fields": {
   "campus": "VANCR", 
   "class_nbr": 12573, 
   "component": "LEC", 
   "config": "{}", 
   "crse_id": 11472, 
   "enrl_cap": 75, 
   "enrl_tot": 75, 
   "graded": true, 
   "number": "363", 
   "section": "E100", 
   "semester": 8, 
   "slug": "2011fa-cmpt-363-e1", 
   "subject": "CMPT", 
   "title": "User Interface Dsgn", 
   "wait_tot": 8
  }, 
  "model": "coredata.courseoffering", 
  "pk": 77
 }, 
 {
  "fields": {
   "campus": "BRNBY", 
   "class_nbr": 12574, 
   "component": "LEC", 
   "config": "{}", 
   "crse_id": 11471, 
   "enrl_cap": 70, 
   "enrl_tot": 36, 
   "graded": true, 
   "number": "365", 
   "section": "D100", 
   "semester": 8, 
   "slug": "2011fa-cmpt-365-d1", 
   "subject": "CMPT", 
   "title": "Multimedia Systems", 
   "wait_tot": 0
  }, 
  "model": "coredata.courseoffering", 
  "pk": 76
 }, 
 {
  "fields": {
   "campus": "BRNBY", 
   "class_nbr": 12575, 
   "component": "LEC", 
   "config": "{}", 
   "crse_id": 11465, 
   "enrl_cap": 81, 
   "enrl_tot": 76, 
   "graded": true, 
   "number": "371", 
   "section": "D100", 
   "semester": 8, 
   "slug": "2011fa-cmpt-371-d1", 
   "subject": "CMPT", 
   "title": "Data Communications/Networking", 
   "wait_tot": 0
  }, 
  "model": "coredata.courseoffering", 
  "pk": 74
 }, 
 {
  "fields": {
   "campus": "SURRY", 
   "class_nbr": 14847, 
   "component": "LEC", 
   "config": "{}", 
   "crse_id": 16024, 
   "enrl_cap": 24, 
   "enrl_tot": 24, 
   "graded": true, 
   "number": "373", 
   "section": "D100", 
   "semester": 8, 
   "slug": "2011fa-cmpt-373-d1", 
   "subject": "CMPT", 
   "title": "Software Development Methods", 
   "wait_tot": 1
  }, 
  "model": "coredata.courseoffering", 
  "pk": 146
 }, 
 {
  "fields": {
   "campus": "BRNBY", 
   "class_nbr": 12576, 
   "component": "LEC", 
   "config": "{}", 
   "crse_id": 15541, 
   "enrl_cap": 50, 
   "enrl_tot": 50, 
   "graded": true, 
   "number": "376W", 
   "section": "E100", 
   "semester": 8, 
   "slug": "2011fa-cmpt-376w-e1", 
   "subject": "CMPT", 
   "title": "Tech.Writing and Group Dynamic", 
   "wait_tot": 20
  }, 
  "model": "coredata.courseoffering", 
  "pk": 140
 }, 
 {
  "fields": {
   "campus": "BRNBY", 
   "class_nbr": 12577, 
   "component": "LEC", 
   "config": "{}", 
   "crse_id": 11464, 
   "enrl_cap": 50, 
   "enrl_tot": 44, 
   "graded": true, 
   "number": "379", 
   "section": "D100", 
   "semester": 8, 
   "slug": "2011fa-cmpt-379-d1", 
   "subject": "CMPT", 
   "title": "Principles of Compiler Design", 
   "wait_tot": 0
  }, 
  "model": "coredata.courseoffering", 
  "pk": 72
 }, 
 {
  "fields": {
   "campus": "BRNBY", 
   "class_nbr": 12579, 
   "component": "LEC", 
   "config": "{}", 
   "crse_id": 11433, 
   "enrl_cap": 40, 
   "enrl_tot": 15, 
   "graded": true, 
   "number": "405", 
   "section": "D100", 
   "semester": 8, 
   "slug": "2011fa-cmpt-405-d1", 
   "subject": "CMPT", 
   "title": "Cmpt. Algorithms", 
   "wait_tot": 0
  }, 
  "model": "coredata.courseoffering", 
  "pk": 70
 }, 
 {
  "fields": {
   "campus": "BRNBY", 
   "class_nbr": 12580, 
   "component": "SEC", 
   "config": "{}", 
   "crse_id": 11409, 
   "enrl_cap": 1, 
   "enrl_tot": 1, 
   "graded": true, 
   "number": "415", 
   "section": "D100", 
   "semester": 8, 
   "slug": "2011fa-cmpt-415-d1", 
   "subject": "CMPT", 
   "title": "Special Resrch Proje", 
   "wait_tot": 0
  }, 
  "model": "coredata.courseoffering", 
  "pk": 68
 }, 
 {
  "fields": {
   "campus": "BRNBY", 
   "class_nbr": 12581, 
   "component": "SEC", 
   "config": "{}", 
   "crse_id": 11407, 
   "enrl_cap": 0, 
   "enrl_tot": 0, 
   "graded": true, 
   "number": "416", 
   "section": "D100", 
   "semester": 8, 
   "slug": "2011fa-cmpt-416-d1", 
   "subject": "CMPT", 
   "title": "Special Research Projects", 
   "wait_tot": 0
  }, 
  "model": "coredata.courseoffering", 
  "pk": 66
 }, 
 {
  "fields": {
   "campus": "BRNBY", 
   "class_nbr": 12582, 
   "component": "LEC", 
   "config": "{}", 
   "crse_id": 14585, 
   "enrl_cap": 35, 
   "enrl_tot": 28, 
   "graded": true, 
   "number": "418", 
   "section": "D100", 
   "semester": 8, 
   "slug": "2011fa-cmpt-418-d1", 
   "subject": "CMPT", 
   "title": "Computational Cognitive Arch.", 
   "wait_tot": 0
  }, 
  "model": "coredata.courseoffering", 
  "pk": 136
 }, 
 {
  "fields": {
   "campus": "BRNBY", 
   "class_nbr": 13674, 
   "component": "LEC", 
   "config": "{}", 
   "crse_id": 11400, 
   "enrl_cap": 30, 
   "enrl_tot": 25, 
   "graded": true, 
   "number": "419", 
   "section": "D100", 
   "semester": 8, 
   "slug": "2011fa-cmpt-419-d1", 
   "subject": "CMPT", 
   "title": "Spec.Topics/Artificial Intell.", 
   "wait_tot": 0
  }, 
  "model": "coredata.courseoffering", 
  "pk": 64
 }, 
 {
  "fields": {
   "campus": "BRNBY", 
   "class_nbr": 15312, 
   "component": "SEC", 
   "config": "{}", 
   "crse_id": 11398, 
   "enrl_cap": 30, 
   "enrl_tot": 16, 
   "graded": true, 
   "number": "426", 
   "section": "D100", 
   "semester": 8, 
   "slug": "2011fa-cmpt-426-d1", 
   "subject": "CMPT", 
   "title": "Practicum I", 
   "wait_tot": 0
  }, 
  "model": "coredata.courseoffering", 
  "pk": 60
 }, 
 {
  "fields": {
   "campus": "OFFST", 
   "class_nbr": 15313, 
   "component": "SEC", 
   "config": "{}", 
   "crse_id": 11398, 
   "enrl_cap": 15, 
   "enrl_tot": 2, 
   "graded": true, 
   "number": "426", 
   "section": "D200", 
   "semester": 8, 
   "slug": "2011fa-cmpt-426-d2", 
   "subject": "CMPT", 
   "title": "Practicum I", 
   "wait_tot": 0
  }, 
  "model": "coredata.courseoffering", 
  "pk": 61
 }, 
 {
  "fields": {
   "campus": "SURRY", 
   "class_nbr": 15314, 
   "component": "SEC", 
   "config": "{}", 
   "crse_id": 11398, 
   "enrl_cap": 30, 
   "enrl_tot": 0, 
   "graded": true, 
   "number": "426", 
   "section": "D300", 
   "semester": 8, 
   "slug": "2011fa-cmpt-426-d3", 
   "subject": "CMPT", 
   "title": "Practicum I", 
   "wait_tot": 0
  }, 
  "model": "coredata.courseoffering", 
  "pk": 62
 }, 
 {
  "fields": {
   "campus": "OFFST", 
   "class_nbr": 15315, 
   "component": "SEC", 
   "config": "{}", 
   "crse_id": 11398, 
   "enrl_cap": 15, 
   "enrl_tot": 0, 
   "graded": true, 
   "number": "426", 
   "section": "D400", 
   "semester": 8, 
   "slug": "2011fa-cmpt-426-d4", 
   "subject": "CMPT", 
   "title": "Practicum I", 
   "wait_tot": 0
  }, 
  "model": "coredata.courseoffering", 
  "pk": 63
 }, 
 {
  "fields": {
   "campus": "BRNBY", 
   "class_nbr": 15316, 
   "component": "SEC", 
   "config": "{}", 
   "crse_id": 11396, 
   "enrl_cap": 30, 
   "enrl_tot": 11, 
   "graded": true, 
   "number": "427", 
   "section": "D100", 
   "semester": 8, 
   "slug": "2011fa-cmpt-427-d1", 
   "subject": "CMPT", 
   "title": "Practicum II", 
   "wait_tot": 0
  }, 
  "model": "coredata.courseoffering", 
  "pk": 52
 }, 
 {
  "fields": {
   "campus": "OFFST", 
   "class_nbr": 15317, 
   "component": "SEC", 
   "config": "{}", 
   "crse_id": 11396, 
   "enrl_cap": 15, 
   "enrl_tot": 1, 
   "graded": true, 
   "number": "427", 
   "section": "D200", 
   "semester": 8, 
   "slug": "2011fa-cmpt-427-d2", 
   "subject": "CMPT", 
   "title": "Practicum II", 
   "wait_tot": 0
  }, 
  "model": "coredata.courseoffering", 
  "pk": 53
 }, 
 {
  "fields": {
   "campus": "SURRY", 
   "class_nbr": 15318, 
   "component": "SEC", 
   "config": "{}", 
   "crse_id": 11396, 
   "enrl_cap": 30, 
   "enrl_tot": 1, 
   "graded": true, 
   "number": "427", 
   "section": "D300", 
   "semester": 8, 
   "slug": "2011fa-cmpt-427-d3", 
   "subject": "CMPT", 
   "title": "Practicum II", 
   "wait_tot": 0
  }, 
  "model": "coredata.courseoffering", 
  "pk": 54
 }, 
 {
  "fields": {
   "campus": "OFFST", 
   "class_nbr": 15319, 
   "component": "SEC", 
   "config": "{}", 
   "crse_id": 11396, 
   "enrl_cap": 15, 
   "enrl_tot": 2, 
   "graded": true, 
   "number": "427", 
   "section": "D400", 
   "semester": 8, 
   "slug": "2011fa-cmpt-427-d4", 
   "subject": "CMPT", 
   "title": "Practicum II", 
   "wait_tot": 0
  }, 
  "model": "coredata.courseoffering", 
  "pk": 55
 }, 
 {
  "fields": {
   "campus": "BRNBY", 
   "class_nbr": 15320, 
   "component": "SEC", 
   "config": "{}", 
   "crse_id": 11394, 
   "enrl_cap": 30, 
   "enrl_tot": 5, 
   "graded": true, 
   "number": "428", 
   "section": "D100", 
   "semester": 8, 
   "slug": "2011fa-cmpt-428-d1", 
   "subject": "CMPT", 
   "title": "Practicum III", 
   "wait_tot": 0
  }, 
  "model": "coredata.courseoffering", 
  "pk": 44
 }, 
 {
  "fields": {
   "campus": "OFFST", 
   "class_nbr": 15321, 
   "component": "SEC", 
   "config": "{}", 
   "crse_id": 11394, 
   "enrl_cap": 15, 
   "enrl_tot": 0, 
   "graded": true, 
   "number": "428", 
   "section": "D200", 
   "semester": 8, 
   "slug": "2011fa-cmpt-428-d2", 
   "subject": "CMPT", 
   "title": "Practicum III", 
   "wait_tot": 0
  }, 
  "model": "coredata.courseoffering", 
  "pk": 45
 }, 
 {
  "fields": {
   "campus": "SURRY", 
   "class_nbr": 15322, 
   "component": "SEC", 
   "config": "{}", 
   "crse_id": 11394, 
   "enrl_cap": 30, 
   "enrl_tot": 0, 
   "graded": true, 
   "number": "428", 
   "section": "D300", 
   "semester": 8, 
   "slug": "2011fa-cmpt-428-d3", 
   "subject": "CMPT", 
   "title": "Practicum III", 
   "wait_tot": 0
  }, 
  "model": "coredata.courseoffering", 
  "pk": 46
 }, 
 {
  "fields": {
   "campus": "OFFST", 
   "class_nbr": 15323, 
   "component": "SEC", 
   "config": "{}", 
   "crse_id": 11394, 
   "enrl_cap": 15, 
   "enrl_tot": 0, 
   "graded": true, 
   "number": "428", 
   "section": "D400", 
   "semester": 8, 
   "slug": "2011fa-cmpt-428-d4", 
   "subject": "CMPT", 
   "title": "Practicum III", 
   "wait_tot": 0
  }, 
  "model": "coredata.courseoffering", 
  "pk": 47
 }, 
 {
  "fields": {
   "campus": "BRNBY", 
   "class_nbr": 15324, 
   "component": "SEC", 
   "config": "{}", 
   "crse_id": 11392, 
   "enrl_cap": 30, 
   "enrl_tot": 4, 
   "graded": true, 
   "number": "429", 
   "section": "D100", 
   "semester": 8, 
   "slug": "2011fa-cmpt-429-d1", 
   "subject": "CMPT", 
   "title": "Practicum IV", 
   "wait_tot": 0
  }, 
  "model": "coredata.courseoffering", 
  "pk": 36
 }, 
 {
  "fields": {
   "campus": "OFFST", 
   "class_nbr": 15325, 
   "component": "SEC", 
   "config": "{}", 
   "crse_id": 11392, 
   "enrl_cap": 15, 
   "enrl_tot": 0, 
   "graded": true, 
   "number": "429", 
   "section": "D200", 
   "semester": 8, 
   "slug": "2011fa-cmpt-429-d2", 
   "subject": "CMPT", 
   "title": "Practicum IV", 
   "wait_tot": 0
  }, 
  "model": "coredata.courseoffering", 
  "pk": 37
 }, 
 {
  "fields": {
   "campus": "SURRY", 
   "class_nbr": 15326, 
   "component": "SEC", 
   "config": "{}", 
   "crse_id": 11392, 
   "enrl_cap": 30, 
   "enrl_tot": 0, 
   "graded": true, 
   "number": "429", 
   "section": "D300", 
   "semester": 8, 
   "slug": "2011fa-cmpt-429-d3", 
   "subject": "CMPT", 
   "title": "Practicum IV", 
   "wait_tot": 0
  }, 
  "model": "coredata.courseoffering", 
  "pk": 38
 }, 
 {
  "fields": {
   "campus": "OFFST", 
   "class_nbr": 15327, 
   "component": "SEC", 
   "config": "{}", 
   "crse_id": 11392, 
   "enrl_cap": 15, 
   "enrl_tot": 0, 
   "graded": true, 
   "number": "429", 
   "section": "D400", 
   "semester": 8, 
   "slug": "2011fa-cmpt-429-d4", 
   "subject": "CMPT", 
   "title": "Practicum IV", 
   "wait_tot": 0
  }, 
  "model": "coredata.courseoffering", 
  "pk": 39
 }, 
 {
  "fields": {
   "campus": "BRNBY", 
   "class_nbr": 15328, 
   "component": "SEC", 
   "config": "{}", 
   "crse_id": 11390, 
   "enrl_cap": 30, 
   "enrl_tot": 0, 
   "graded": true, 
   "number": "430", 
   "section": "D100", 
   "semester": 8, 
   "slug": "2011fa-cmpt-430-d1", 
   "subject": "CMPT", 
   "title": "Practicum V", 
   "wait_tot": 0
  }, 
  "model": "coredata.courseoffering", 
  "pk": 28
 }, 
 {
  "fields": {
   "campus": "OFFST", 
   "class_nbr": 15329, 
   "component": "SEC", 
   "config": "{}", 
   "crse_id": 11390, 
   "enrl_cap": 15, 
   "enrl_tot": 1, 
   "graded": true, 
   "number": "430", 
   "section": "D200", 
   "semester": 8, 
   "slug": "2011fa-cmpt-430-d2", 
   "subject": "CMPT", 
   "title": "Practicum V", 
   "wait_tot": 0
  }, 
  "model": "coredata.courseoffering", 
  "pk": 29
 }, 
 {
  "fields": {
   "campus": "SURRY", 
   "class_nbr": 15330, 
   "component": "SEC", 
   "config": "{}", 
   "crse_id": 11390, 
   "enrl_cap": 30, 
   "enrl_tot": 0, 
   "graded": true, 
   "number": "430", 
   "section": "D300", 
   "semester": 8, 
   "slug": "2011fa-cmpt-430-d3", 
   "subject": "CMPT", 
   "title": "Practicum V", 
   "wait_tot": 0
  }, 
  "model": "coredata.courseoffering", 
  "pk": 30
 }, 
 {
  "fields": {
   "campus": "OFFST", 
   "class_nbr": 15331, 
   "component": "SEC", 
   "config": "{}", 
   "crse_id": 11390, 
   "enrl_cap": 15, 
   "enrl_tot": 0, 
   "graded": true, 
   "number": "430", 
   "section": "D400", 
   "semester": 8, 
   "slug": "2011fa-cmpt-430-d4", 
   "subject": "CMPT", 
   "title": "Practicum V", 
   "wait_tot": 0
  }, 
  "model": "coredata.courseoffering", 
  "pk": 31
 }, 
 {
  "fields": {
   "campus": "SURRY", 
   "class_nbr": 14853, 
   "component": "LEC", 
   "config": "{}", 
   "crse_id": 16026, 
   "enrl_cap": 42, 
   "enrl_tot": 26, 
   "graded": true, 
   "number": "433", 
   "section": "D100", 
   "semester": 8, 
   "slug": "2011fa-cmpt-433-d1", 
   "subject": "CMPT", 
   "title": "Embedded Systems", 
   "wait_tot": 0
  }, 
  "model": "coredata.courseoffering", 
  "pk": 147
 }, 
 {
  "fields": {
   "campus": "BRNBY", 
   "class_nbr": 12583, 
   "component": "LEC", 
   "config": "{}", 
   "crse_id": 15504, 
   "enrl_cap": 15, 
   "enrl_tot": 13, 
   "graded": true, 
   "number": "441", 
   "section": "E100", 
   "semester": 8, 
   "slug": "2011fa-cmpt-441-e1", 
   "subject": "CMPT", 
   "title": "Computational Biology", 
   "wait_tot": 0
  }, 
  "model": "coredata.courseoffering", 
  "pk": 139
 }, 
 {
  "fields": {
   "campus": "BRNBY", 
   "class_nbr": 12584, 
   "component": "LEC", 
   "config": "{}", 
   "crse_id": 11379, 
   "enrl_cap": 20, 
   "enrl_tot": 5, 
   "graded": true, 
   "number": "461", 
   "section": "D100", 
   "semester": 8, 
   "slug": "2011fa-cmpt-461-d1", 
   "subject": "CMPT", 
   "title": "Image Synthesis", 
   "wait_tot": 0
  }, 
  "model": "coredata.courseoffering", 
  "pk": 22
 }, 
 {
  "fields": {
   "campus": "SURRY", 
   "class_nbr": 14849, 
   "component": "LEC", 
   "config": "{}", 
   "crse_id": 16031, 
   "enrl_cap": 25, 
   "enrl_tot": 17, 
   "graded": true, 
   "number": "468", 
   "section": "D100", 
   "semester": 8, 
   "slug": "2011fa-cmpt-468-d1", 
   "subject": "CMPT", 
   "title": "Intro Computer Music and Sound", 
   "wait_tot": 0
  }, 
  "model": "coredata.courseoffering", 
  "pk": 149
 }, 
 {
  "fields": {
   "campus": "VANCR", 
   "class_nbr": 12612, 
   "component": "LEC", 
   "config": "{}", 
   "crse_id": 11374, 
   "enrl_cap": 65, 
   "enrl_tot": 65, 
   "graded": true, 
   "number": "470", 
   "section": "E100", 
   "semester": 8, 
   "slug": "2011fa-cmpt-470-e1", 
   "subject": "CMPT", 
   "title": "Web-Based Info Syst", 
   "wait_tot": 7
  }, 
  "model": "coredata.courseoffering", 
  "pk": 20
 }, 
 {
  "fields": {
   "campus": "BRNBY", 
   "class_nbr": 12585, 
   "component": "LEC", 
   "config": "{}", 
   "crse_id": 11373, 
   "enrl_cap": 51, 
   "enrl_tot": 51, 
   "graded": true, 
   "number": "471", 
   "section": "D100", 
   "semester": 8, 
   "slug": "2011fa-cmpt-471-d1", 
   "subject": "CMPT", 
   "title": "Networking II", 
   "wait_tot": 7
  }, 
  "model": "coredata.courseoffering", 
  "pk": 18
 }, 
 {
  "fields": {
   "campus": "BRNBY", 
   "class_nbr": 12587, 
   "component": "LEC", 
   "config": "{}", 
   "crse_id": 11372, 
   "enrl_cap": 65, 
   "enrl_tot": 31, 
   "graded": true, 
   "number": "475", 
   "section": "D100", 
   "semester": 8, 
   "slug": "2011fa-cmpt-475-d1", 
   "subject": "CMPT", 
   "title": "Software Engineering II", 
   "wait_tot": 0
  }, 
  "model": "coredata.courseoffering", 
  "pk": 17
 }, 
 {
  "fields": {
   "campus": "SURRY", 
   "class_nbr": 14850, 
   "component": "LEC", 
   "config": "{}", 
   "crse_id": 14296, 
   "enrl_cap": 12, 
   "enrl_tot": 2, 
   "graded": true, 
   "number": "479", 
   "section": "D100", 
   "semester": 8, 
   "slug": "2011fa-cmpt-479-d1", 
   "subject": "CMPT", 
   "title": "Spec.Topics/Computing Systems", 
   "wait_tot": 0
  }, 
  "model": "coredata.courseoffering", 
  "pk": 113
 }, 
 {
  "fields": {
   "campus": "BRNBY", 
   "class_nbr": 12588, 
   "component": "LEC", 
   "config": "{}", 
   "crse_id": 14495, 
   "enrl_cap": 35, 
   "enrl_tot": 26, 
   "graded": true, 
   "number": "705", 
   "section": "G100", 
   "semester": 8, 
   "slug": "2011fa-cmpt-705-g1", 
   "subject": "CMPT", 
   "title": "Design/Analysis Algorithms", 
   "wait_tot": 0
  }, 
  "model": "coredata.courseoffering", 
  "pk": 115
 }, 
 {
  "fields": {
   "campus": "BRNBY", 
   "class_nbr": 12589, 
   "component": "LEC", 
   "config": "{}", 
   "crse_id": 16042, 
   "enrl_cap": 15, 
   "enrl_tot": 8, 
   "graded": true, 
   "number": "711", 
   "section": "G100", 
   "semester": 8, 
   "slug": "2011fa-cmpt-711-g1", 
   "subject": "CMPT", 
   "title": "Bioinformatics Algorithms", 
   "wait_tot": 0
  }, 
  "model": "coredata.courseoffering", 
  "pk": 150
 }, 
 {
  "fields": {
   "campus": "BRNBY", 
   "class_nbr": 12590, 
   "component": "LEC", 
   "config": "{}", 
   "crse_id": 16014, 
   "enrl_cap": 30, 
   "enrl_tot": 26, 
   "graded": true, 
   "number": "726", 
   "section": "G100", 
   "semester": 8, 
   "slug": "2011fa-cmpt-726-g1", 
   "subject": "CMPT", 
   "title": "Machine Learning", 
   "wait_tot": 0
  }, 
  "model": "coredata.courseoffering", 
  "pk": 145
 }, 
 {
  "fields": {
   "campus": "BRNBY", 
   "class_nbr": 12591, 
   "component": "LEC", 
   "config": "{}", 
   "crse_id": 15762, 
   "enrl_cap": 30, 
   "enrl_tot": 4, 
   "graded": true, 
   "number": "761", 
   "section": "G100", 
   "semester": 8, 
   "slug": "2011fa-cmpt-761-g1", 
   "subject": "CMPT", 
   "title": "Image Synthesis", 
   "wait_tot": 0
  }, 
  "model": "coredata.courseoffering", 
  "pk": 141
 }, 
 {
  "fields": {
   "campus": "SURRY", 
   "class_nbr": 14854, 
   "component": "LEC", 
   "config": "{}", 
   "crse_id": 16241, 
   "enrl_cap": 12, 
   "enrl_tot": 5, 
   "graded": true, 
   "number": "768", 
   "section": "G100", 
   "semester": 8, 
   "slug": "2011fa-cmpt-768-g1", 
   "subject": "CMPT", 
   "title": "Sound Synthesis", 
   "wait_tot": 0
  }, 
  "model": "coredata.courseoffering", 
  "pk": 151
 }, 
 {
  "fields": {
   "campus": "BRNBY", 
   "class_nbr": 12592, 
   "component": "LEC", 
   "config": "{}", 
   "crse_id": 15765, 
   "enrl_cap": 30, 
   "enrl_tot": 18, 
   "graded": true, 
   "number": "771", 
   "section": "G100", 
   "semester": 8, 
   "slug": "2011fa-cmpt-771-g1", 
   "subject": "CMPT", 
   "title": "Internet Arch and Protocols", 
   "wait_tot": 0
  }, 
  "model": "coredata.courseoffering", 
  "pk": 142
 }, 
 {
  "fields": {
   "campus": "BRNBY", 
   "class_nbr": 12593, 
   "component": "LEC", 
   "config": "{}", 
   "crse_id": 11317, 
   "enrl_cap": 25, 
   "enrl_tot": 4, 
   "graded": true, 
   "number": "813", 
   "section": "G100", 
   "semester": 8, 
   "slug": "2011fa-cmpt-813-g1", 
   "subject": "CMPT", 
   "title": "Computational Geom.", 
   "wait_tot": 0
  }, 
  "model": "coredata.courseoffering", 
  "pk": 14
 }, 
 {
  "fields": {
   "campus": "BRNBY", 
   "class_nbr": 12595, 
   "component": "LEC", 
   "config": "{}", 
   "crse_id": 11303, 
   "enrl_cap": 35, 
   "enrl_tot": 3, 
   "graded": true, 
   "number": "823", 
   "section": "G100", 
   "semester": 8, 
   "slug": "2011fa-cmpt-823-g1", 
   "subject": "CMPT", 
   "title": "Knowledge Represent.", 
   "wait_tot": 0
  }, 
  "model": "coredata.courseoffering", 
  "pk": 12
 }, 
 {
  "fields": {
   "campus": "BRNBY", 
   "class_nbr": 12596, 
   "component": "CAN", 
   "config": "{}", 
   "crse_id": 11300, 
   "enrl_cap": 0, 
   "enrl_tot": 0, 
   "graded": true, 
   "number": "825", 
   "section": "G100", 
   "semester": 8, 
   "slug": "2011fa-cmpt-825-g1", 
   "subject": "CMPT", 
   "title": "Natural Lang.Process", 
   "wait_tot": 0
  }, 
  "model": "coredata.courseoffering", 
  "pk": 11
 }, 
 {
  "fields": {
   "campus": "BRNBY", 
   "class_nbr": 15064, 
   "component": "LEC", 
   "config": "{}", 
   "crse_id": 11297, 
   "enrl_cap": 30, 
   "enrl_tot": 2, 
   "graded": true, 
   "number": "827", 
   "section": "G100", 
   "semester": 8, 
   "slug": "2011fa-cmpt-827-g1", 
   "subject": "CMPT", 
   "title": "Intelligent Systems", 
   "wait_tot": 0
  }, 
  "model": "coredata.courseoffering", 
  "pk": 9
 }, 
 {
  "fields": {
   "campus": "SURRY", 
   "class_nbr": 14862, 
   "component": "LEC", 
   "config": "{}", 
   "crse_id": 14262, 
   "enrl_cap": 12, 
   "enrl_tot": 3, 
   "graded": true, 
   "number": "880", 
   "section": "G100", 
   "semester": 8, 
   "slug": "2011fa-cmpt-880-g1", 
   "subject": "CMPT", 
   "title": "Spec.Top. in Computing Science", 
   "wait_tot": 0
  }, 
  "model": "coredata.courseoffering", 
  "pk": 108
 }, 
 {
  "fields": {
   "campus": "SURRY", 
   "class_nbr": 14992, 
   "component": "CAN", 
   "config": "{}", 
   "crse_id": 14262, 
   "enrl_cap": 18, 
   "enrl_tot": 0, 
   "graded": true, 
   "number": "880", 
   "section": "G200", 
   "semester": 8, 
   "slug": "2011fa-cmpt-880-g2", 
   "subject": "CMPT", 
   "title": "Spec.Top. in Computing Science", 
   "wait_tot": 0
  }, 
  "model": "coredata.courseoffering", 
  "pk": 109
 }, 
 {
  "fields": {
   "campus": "BRNBY", 
   "class_nbr": 13694, 
   "component": "LEC", 
   "config": "{}", 
   "crse_id": 14264, 
   "enrl_cap": 25, 
   "enrl_tot": 6, 
   "graded": true, 
   "number": "882", 
   "section": "G100", 
   "semester": 8, 
   "slug": "2011fa-cmpt-882-g1", 
   "subject": "CMPT", 
   "title": "Spc.Topics Art. Intelligence", 
   "wait_tot": 0
  }, 
  "model": "coredata.courseoffering", 
  "pk": 111
 }, 
 {
  "fields": {
   "campus": "BRNBY", 
   "class_nbr": 13603, 
   "component": "CAN", 
   "config": "{}", 
   "crse_id": 14263, 
   "enrl_cap": 0, 
   "enrl_tot": 0, 
   "graded": true, 
   "number": "884", 
   "section": "G100", 
   "semester": 8, 
   "slug": "2011fa-cmpt-884-g1", 
   "subject": "CMPT", 
   "title": "Spec.Top. in Database Systems", 
   "wait_tot": 0
  }, 
  "model": "coredata.courseoffering", 
  "pk": 110
 }, 
 {
  "fields": {
   "campus": "BRNBY", 
   "class_nbr": 12597, 
   "component": "LEC", 
   "config": "{}", 
   "crse_id": 14288, 
   "enrl_cap": 30, 
   "enrl_tot": 9, 
   "graded": true, 
   "number": "889", 
   "section": "G100", 
   "semester": 8, 
   "slug": "2011fa-cmpt-889-g1", 
   "subject": "CMPT", 
   "title": "Spec.Topics / Interdisc Cmpt", 
   "wait_tot": 0
  }, 
  "model": "coredata.courseoffering", 
  "pk": 112
 }, 
 {
  "fields": {
   "campus": "BRNBY", 
   "class_nbr": 12598, 
   "component": "CAN", 
   "config": "{}", 
   "crse_id": 11168, 
   "enrl_cap": 0, 
   "enrl_tot": 0, 
   "graded": true, 
   "number": "894", 
   "section": "G100", 
   "semester": 8, 
   "slug": "2011fa-cmpt-894-g1", 
   "subject": "CMPT", 
   "title": "Directed Reading", 
   "wait_tot": 0
  }, 
  "model": "coredata.courseoffering", 
  "pk": 8
 }, 
 {
  "fields": {
   "campus": "BRNBY", 
   "class_nbr": 13604, 
   "component": "SEC", 
   "config": "{}", 
   "crse_id": 16379, 
   "enrl_cap": 10, 
   "enrl_tot": 0, 
   "graded": true, 
   "number": "896", 
   "section": "G100", 
   "semester": 8, 
   "slug": "2011fa-cmpt-896-g1", 
   "subject": "CMPT", 
   "title": "MSc Portfolio", 
   "wait_tot": 0
  }, 
  "model": "coredata.courseoffering", 
  "pk": 153
 }, 
 {
  "fields": {
   "campus": "BRNBY", 
   "class_nbr": 12599, 
   "component": "SEC", 
   "config": "{}", 
   "crse_id": 11166, 
   "enrl_cap": 10, 
   "enrl_tot": 3, 
   "graded": true, 
   "number": "897", 
   "section": "G100", 
   "semester": 8, 
   "slug": "2011fa-cmpt-897-g1", 
   "subject": "CMPT", 
   "title": "M.Sc. Project", 
   "wait_tot": 0
  }, 
  "model": "coredata.courseoffering", 
  "pk": 6
 }, 
 {
  "fields": {
   "campus": "BRNBY", 
   "class_nbr": 12602, 
   "component": "SEC", 
   "config": "{}", 
   "crse_id": 11164, 
   "enrl_cap": 100, 
   "enrl_tot": 17, 
   "graded": true, 
   "number": "898", 
   "section": "G100", 
   "semester": 8, 
   "slug": "2011fa-cmpt-898-g1", 
   "subject": "CMPT", 
   "title": "M.Sc. Thesis", 
   "wait_tot": 0
  }, 
  "model": "coredata.courseoffering", 
  "pk": 4
 }, 
 {
  "fields": {
   "campus": "BRNBY", 
   "class_nbr": 12603, 
   "component": "SEC", 
   "config": "{}", 
   "crse_id": 11162, 
   "enrl_cap": 100, 
   "enrl_tot": 33, 
   "graded": true, 
   "number": "899", 
   "section": "G100", 
   "semester": 8, 
   "slug": "2011fa-cmpt-899-g1", 
   "subject": "CMPT", 
   "title": "Ph.D. Thesis", 
   "wait_tot": 0
  }, 
  "model": "coredata.courseoffering", 
  "pk": 2
 }, 
 {
  "fields": {
   "campus": "BRNBY", 
   "class_nbr": 7856, 
   "component": "LEC", 
   "config": "{}", 
   "crse_id": 4232, 
   "enrl_cap": 192, 
   "enrl_tot": 173, 
   "graded": true, 
   "number": "101", 
   "section": "D100", 
   "semester": 8, 
   "slug": "2011fa-macm-101-d1", 
   "subject": "MACM", 
   "title": "Discrete Math I", 
   "wait_tot": 6
  }, 
  "model": "coredata.courseoffering", 
  "pk": 167
 }, 
 {
  "fields": {
   "campus": "SURRY", 
   "class_nbr": 14872, 
   "component": "LEC", 
   "config": "{}", 
   "crse_id": 4232, 
   "enrl_cap": 96, 
   "enrl_tot": 24, 
   "graded": true, 
   "number": "101", 
   "section": "D200", 
   "semester": 8, 
   "slug": "2011fa-macm-101-d2", 
   "subject": "MACM", 
   "title": "Discrete Math I", 
   "wait_tot": 4
  }, 
  "model": "coredata.courseoffering", 
  "pk": 168
 }, 
 {
  "fields": {
   "campus": "VANCR", 
   "class_nbr": 12609, 
   "component": "LEC", 
   "config": "{}", 
   "crse_id": 4232, 
   "enrl_cap": 48, 
   "enrl_tot": 14, 
   "graded": true, 
   "number": "101", 
   "section": "E100", 
   "semester": 8, 
   "slug": "2011fa-macm-101-e1", 
   "subject": "MACM", 
   "title": "Discrete Math I", 
   "wait_tot": 0
  }, 
  "model": "coredata.courseoffering", 
  "pk": 169
 }, 
 {
  "fields": {
   "campus": "BRNBY", 
   "class_nbr": 7838, 
   "component": "LEC", 
   "config": "{}", 
   "crse_id": 4231, 
   "enrl_cap": 150, 
   "enrl_tot": 92, 
   "graded": true, 
   "number": "201", 
   "section": "D100", 
   "semester": 8, 
   "slug": "2011fa-macm-201-d1", 
   "subject": "MACM", 
   "title": "Discrete Math II", 
   "wait_tot": 0
  }, 
  "model": "coredata.courseoffering", 
  "pk": 162
 }, 
 {
  "fields": {
   "campus": "BRNBY", 
   "class_nbr": 7924, 
   "component": "LEC", 
   "config": "{}", 
   "crse_id": 16471, 
   "enrl_cap": 36, 
   "enrl_tot": 7, 
   "graded": true, 
   "number": "204", 
   "section": "D100", 
   "semester": 8, 
   "slug": "2011fa-macm-204-d1", 
   "subject": "MACM", 
   "title": "Computing with Calculus", 
   "wait_tot": 0
  }, 
  "model": "coredata.courseoffering", 
  "pk": 173
 }, 
 {
  "fields": {
   "campus": "BRNBY", 
   "class_nbr": 7842, 
   "component": "LEC", 
   "config": "{}", 
   "crse_id": 4225, 
   "enrl_cap": 192, 
   "enrl_tot": 129, 
   "graded": true, 
   "number": "316", 
   "section": "D100", 
   "semester": 8, 
   "slug": "2011fa-macm-316-d1", 
   "subject": "MACM", 
   "title": "Numerical Analysis I", 
   "wait_tot": 2
  }, 
  "model": "coredata.courseoffering", 
  "pk": 158
 }, 
 {
  "fields": {
   "campus": "BRNBY", 
   "class_nbr": 10839, 
   "component": "LEC", 
   "config": "{}", 
   "crse_id": 15381, 
   "enrl_cap": 30, 
   "enrl_tot": 21, 
   "graded": true, 
   "number": "409", 
   "section": "D100", 
   "semester": 8, 
   "slug": "2011fa-macm-409-d1", 
   "subject": "MACM", 
   "title": "Numerical Linear Algebra", 
   "wait_tot": 0
  }, 
  "model": "coredata.courseoffering", 
  "pk": 170
 }, 
 {
  "fields": {
   "campus": "BRNBY", 
   "class_nbr": 10840, 
   "component": "LEC", 
   "config": "{}", 
   "crse_id": 15382, 
   "enrl_cap": 20, 
   "enrl_tot": 15, 
   "graded": true, 
   "number": "442", 
   "section": "D100", 
   "semester": 8, 
   "slug": "2011fa-macm-442-d1", 
   "subject": "MACM", 
   "title": "Cryptography", 
   "wait_tot": 0
  }, 
  "model": "coredata.courseoffering", 
  "pk": 171
 }, 
 {
  "fields": {
   "campus": "BRNBY", 
   "class_nbr": 8275, 
   "component": "SEC", 
   "config": "{}", 
   "crse_id": 11577, 
   "enrl_cap": 77, 
   "enrl_tot": 59, 
   "graded": true, 
   "number": "110", 
   "section": "C100", 
   "semester": 7, 
   "slug": "1114-cmpt-110-c100", 
   "subject": "CMPT", 
   "title": "Programming in Visual Basic", 
   "wait_tot": 0
  }, 
  "model": "coredata.courseoffering", 
  "pk": 104
 }, 
 {
  "fields": {
   "campus": "BRNBY", 
   "class_nbr": 7798, 
   "component": "LEC", 
   "config": "{\"url\": \"http://www.cs.sfu.ca/CC/165/common/\", \"taemail\": \"cmpt-165-contact@sfu.ca\", \"labtut\": true}", 
   "crse_id": 14580, 
   "enrl_cap": 208, 
   "enrl_tot": 198, 
   "graded": true, 
   "number": "120", 
   "section": "D100", 
   "semester": 7, 
   "slug": "1114-cmpt-120-d100", 
   "subject": "CMPT", 
   "title": "Intro.Cmpt.Sci/Programming I", 
   "wait_tot": 0
  }, 
  "model": "coredata.courseoffering", 
  "pk": 118
 }, 
 {
  "fields": {
   "campus": "BRNBY", 
   "class_nbr": 7799, 
   "component": "LEC", 
   "config": "{}", 
   "crse_id": 14581, 
   "enrl_cap": 52, 
   "enrl_tot": 44, 
   "graded": true, 
   "number": "125", 
   "section": "D100", 
   "semester": 7, 
   "slug": "1114-cmpt-125-d100", 
   "subject": "CMPT", 
   "title": "Intro.Cmpt.Sci/Programming II", 
   "wait_tot": 0
  }, 
  "model": "coredata.courseoffering", 
  "pk": 123
 }, 
 {
  "fields": {
   "campus": "SURRY", 
   "class_nbr": 8015, 
   "component": "LEC", 
   "config": "{}", 
   "crse_id": 14581, 
   "enrl_cap": 50, 
   "enrl_tot": 44, 
   "graded": true, 
   "number": "125", 
   "section": "D200", 
   "semester": 7, 
   "slug": "1114-cmpt-125-d200", 
   "subject": "CMPT", 
   "title": "Intro.Cmpt.Sci/Programming II", 
   "wait_tot": 0
  }, 
  "model": "coredata.courseoffering", 
  "pk": 124
 }, 
 {
  "fields": {
   "campus": "BRNBY", 
   "class_nbr": 7800, 
   "component": "LEC", 
   "config": "{}", 
   "crse_id": 14582, 
   "enrl_cap": 26, 
   "enrl_tot": 17, 
   "graded": true, 
   "number": "126", 
   "section": "D100", 
   "semester": 7, 
   "slug": "1114-cmpt-126-d100", 
   "subject": "CMPT", 
   "title": "Intro.Cmpt.Sci and Programming", 
   "wait_tot": 0
  }, 
  "model": "coredata.courseoffering", 
  "pk": 126
 }, 
 {
  "fields": {
   "campus": "SURRY", 
   "class_nbr": 8021, 
   "component": "LEC", 
   "config": "{}", 
   "crse_id": 14583, 
   "enrl_cap": 52, 
   "enrl_tot": 31, 
   "graded": true, 
   "number": "128", 
   "section": "D100", 
   "semester": 7, 
   "slug": "1114-cmpt-128-d100", 
   "subject": "CMPT", 
   "title": "Intro. Cmpt.Sci/Prgm/Engineers", 
   "wait_tot": 0
  }, 
  "model": "coredata.courseoffering", 
  "pk": 129
 }, 
 {
  "fields": {
   "campus": "BRNBY", 
   "class_nbr": 7801, 
   "component": "LEC", 
   "config": "{}", 
   "crse_id": 11555, 
   "enrl_cap": 90, 
   "enrl_tot": 65, 
   "graded": true, 
   "number": "150", 
   "section": "D100", 
   "semester": 7, 
   "slug": "1114-cmpt-150-d100", 
   "subject": "CMPT", 
   "title": "Intro to Computer Design", 
   "wait_tot": 0
  }, 
  "model": "coredata.courseoffering", 
  "pk": 102
 }, 
 {
  "fields": {
   "campus": "BRNBY", 
   "class_nbr": 8276, 
   "component": "SEC", 
   "config": "{}", 
   "crse_id": 11547, 
   "enrl_cap": 150, 
   "enrl_tot": 143, 
   "graded": true, 
   "number": "165", 
   "section": "C100", 
   "semester": 7, 
   "slug": "1114-cmpt-165-c100", 
   "subject": "CMPT", 
   "title": "Intro Internet  World Wide Web", 
   "wait_tot": 0
  }, 
  "model": "coredata.courseoffering", 
  "pk": 96
 }, 
 {
  "fields": {
   "campus": "BRNBY", 
   "class_nbr": 7802, 
   "component": "LEC", 
   "config": "{}", 
   "crse_id": 11547, 
   "enrl_cap": 208, 
   "enrl_tot": 201, 
   "graded": true, 
   "number": "165", 
   "section": "D100", 
   "semester": 7, 
   "slug": "1114-cmpt-165-d100", 
   "subject": "CMPT", 
   "title": "Intro Internet  World Wide Web", 
   "wait_tot": 0
  }, 
  "model": "coredata.courseoffering", 
  "pk": 97
 }, 
 {
  "fields": {
   "campus": "SURRY", 
   "class_nbr": 8025, 
   "component": "CAN", 
   "config": "{}", 
   "crse_id": 11547, 
   "enrl_cap": 0, 
   "enrl_tot": 0, 
   "graded": true, 
   "number": "165", 
   "section": "D200", 
   "semester": 7, 
   "slug": "1114-cmpt-165-d200", 
   "subject": "CMPT", 
   "title": "Intro Internet  World Wide Web", 
   "wait_tot": 0
  }, 
  "model": "coredata.courseoffering", 
  "pk": 98
 }, 
 {
  "fields": {
   "campus": "BRNBY", 
   "class_nbr": 7804, 
   "component": "LEC", 
   "config": "{}", 
   "crse_id": 14584, 
   "enrl_cap": 130, 
   "enrl_tot": 126, 
   "graded": true, 
   "number": "225", 
   "section": "D100", 
   "semester": 7, 
   "slug": "1114-cmpt-225-d100", 
   "subject": "CMPT", 
   "title": "Data Structures/Programming", 
   "wait_tot": 0
  }, 
  "model": "coredata.courseoffering", 
  "pk": 133
 }, 
 {
  "fields": {
   "campus": "VANCR", 
   "class_nbr": 7791, 
   "component": "CAN", 
   "config": "{}", 
   "crse_id": 11524, 
   "enrl_cap": 0, 
   "enrl_tot": 0, 
   "graded": true, 
   "number": "250", 
   "section": "E100", 
   "semester": 7, 
   "slug": "1114-cmpt-250-e100", 
   "subject": "CMPT", 
   "title": "Intro to Computer Architecture", 
   "wait_tot": 0
  }, 
  "model": "coredata.courseoffering", 
  "pk": 93
 }, 
 {
  "fields": {
   "campus": "VANCR", 
   "class_nbr": 7795, 
   "component": "LEC", 
   "config": "{}", 
   "crse_id": 11520, 
   "enrl_cap": 56, 
   "enrl_tot": 53, 
   "graded": true, 
   "number": "275", 
   "section": "E100", 
   "semester": 7, 
   "slug": "1114-cmpt-275-e100", 
   "subject": "CMPT", 
   "title": "Software Engineering I", 
   "wait_tot": 0
  }, 
  "model": "coredata.courseoffering", 
  "pk": 91
 }, 
 {
  "fields": {
   "campus": "BRNBY", 
   "class_nbr": 7805, 
   "component": "LEC", 
   "config": "{}", 
   "crse_id": 11510, 
   "enrl_cap": 85, 
   "enrl_tot": 67, 
   "graded": true, 
   "number": "300", 
   "section": "D100", 
   "semester": 7, 
   "slug": "1114-cmpt-300-d100", 
   "subject": "CMPT", 
   "title": "Operating Systems I", 
   "wait_tot": 0
  }, 
  "model": "coredata.courseoffering", 
  "pk": 88
 }, 
 {
  "fields": {
   "campus": "BRNBY", 
   "class_nbr": 7806, 
   "component": "LEC", 
   "config": "{}", 
   "crse_id": 11500, 
   "enrl_cap": 90, 
   "enrl_tot": 85, 
   "graded": true, 
   "number": "307", 
   "section": "D100", 
   "semester": 7, 
   "slug": "1114-cmpt-307-d100", 
   "subject": "CMPT", 
   "title": "Data Structures", 
   "wait_tot": 0
  }, 
  "model": "coredata.courseoffering", 
  "pk": 85
 }, 
 {
  "fields": {
   "campus": "BRNBY", 
   "class_nbr": 7807, 
   "component": "LEC", 
   "config": "{}", 
   "crse_id": 11498, 
   "enrl_cap": 70, 
   "enrl_tot": 70, 
   "graded": true, 
   "number": "310", 
   "section": "D100", 
   "semester": 7, 
   "slug": "1114-cmpt-310-d100", 
   "subject": "CMPT", 
   "title": "Artificial Intelligence Survey", 
   "wait_tot": 0
  }, 
  "model": "coredata.courseoffering", 
  "pk": 83
 }, 
 {
  "fields": {
   "campus": "BRNBY", 
   "class_nbr": 7808, 
   "component": "LEC", 
   "config": "{}", 
   "crse_id": 11491, 
   "enrl_cap": 85, 
   "enrl_tot": 82, 
   "graded": true, 
   "number": "320", 
   "section": "E100", 
   "semester": 7, 
   "slug": "1114-cmpt-320-e100", 
   "subject": "CMPT", 
   "title": "Social Implications", 
   "wait_tot": 0
  }, 
  "model": "coredata.courseoffering", 
  "pk": 81
 }, 
 {
  "fields": {
   "campus": "BRNBY", 
   "class_nbr": 7809, 
   "component": "LEC", 
   "config": "{}", 
   "crse_id": 11478, 
   "enrl_cap": 90, 
   "enrl_tot": 88, 
   "graded": true, 
   "number": "354", 
   "section": "D100", 
   "semester": 7, 
   "slug": "1114-cmpt-354-d100", 
   "subject": "CMPT", 
   "title": "Database Systems I", 
   "wait_tot": 0
  }, 
  "model": "coredata.courseoffering", 
  "pk": 79
 }, 
 {
  "fields": {
   "campus": "BRNBY", 
   "class_nbr": 7810, 
   "component": "LEC", 
   "config": "{}", 
   "crse_id": 11471, 
   "enrl_cap": 70, 
   "enrl_tot": 60, 
   "graded": true, 
   "number": "365", 
   "section": "D100", 
   "semester": 7, 
   "slug": "1114-cmpt-365-d100", 
   "subject": "CMPT", 
   "title": "Multimedia Systems", 
   "wait_tot": 0
  }, 
  "model": "coredata.courseoffering", 
  "pk": 75
 }, 
 {
  "fields": {
   "campus": "VANCR", 
   "class_nbr": 7796, 
   "component": "LEC", 
   "config": "{}", 
   "crse_id": 11465, 
   "enrl_cap": 75, 
   "enrl_tot": 64, 
   "graded": true, 
   "number": "371", 
   "section": "E100", 
   "semester": 7, 
   "slug": "1114-cmpt-371-e100", 
   "subject": "CMPT", 
   "title": "Data Communications/Networking", 
   "wait_tot": 0
  }, 
  "model": "coredata.courseoffering", 
  "pk": 73
 }, 
 {
  "fields": {
   "campus": "BRNBY", 
   "class_nbr": 7811, 
   "component": "LEC", 
   "config": "{}", 
   "crse_id": 11459, 
   "enrl_cap": 65, 
   "enrl_tot": 57, 
   "graded": true, 
   "number": "383", 
   "section": "D100", 
   "semester": 7, 
   "slug": "1114-cmpt-383-d100", 
   "subject": "CMPT", 
   "title": "Programming Langs.", 
   "wait_tot": 0
  }, 
  "model": "coredata.courseoffering", 
  "pk": 71
 }, 
 {
  "fields": {
   "campus": "BRNBY", 
   "class_nbr": 7812, 
   "component": "LEC", 
   "config": "{}", 
   "crse_id": 11433, 
   "enrl_cap": 25, 
   "enrl_tot": 16, 
   "graded": true, 
   "number": "405", 
   "section": "D100", 
   "semester": 7, 
   "slug": "1114-cmpt-405-d100", 
   "subject": "CMPT", 
   "title": "Cmpt. Algorithms", 
   "wait_tot": 0
  }, 
  "model": "coredata.courseoffering", 
  "pk": 69
 }, 
 {
  "fields": {
   "campus": "BRNBY", 
   "class_nbr": 9525, 
   "component": "SEC", 
   "config": "{}", 
   "crse_id": 11409, 
   "enrl_cap": 3, 
   "enrl_tot": 3, 
   "graded": true, 
   "number": "415", 
   "section": "D100", 
   "semester": 7, 
   "slug": "1114-cmpt-415-d100", 
   "subject": "CMPT", 
   "title": "Special Resrch Proje", 
   "wait_tot": 0
  }, 
  "model": "coredata.courseoffering", 
  "pk": 67
 }, 
 {
  "fields": {
   "campus": "BRNBY", 
   "class_nbr": 9514, 
   "component": "SEC", 
   "config": "{}", 
   "crse_id": 11407, 
   "enrl_cap": 1, 
   "enrl_tot": 1, 
   "graded": true, 
   "number": "416", 
   "section": "D100", 
   "semester": 7, 
   "slug": "1114-cmpt-416-d100", 
   "subject": "CMPT", 
   "title": "Special Research Projects", 
   "wait_tot": 0
  }, 
  "model": "coredata.courseoffering", 
  "pk": 65
 }, 
 {
  "fields": {
   "campus": "BRNBY", 
   "class_nbr": 7818, 
   "component": "SEC", 
   "config": "{}", 
   "crse_id": 11398, 
   "enrl_cap": 30, 
   "enrl_tot": 30, 
   "graded": true, 
   "number": "426", 
   "section": "D100", 
   "semester": 7, 
   "slug": "1114-cmpt-426-d100", 
   "subject": "CMPT", 
   "title": "Practicum I", 
   "wait_tot": 0
  }, 
  "model": "coredata.courseoffering", 
  "pk": 56
 }, 
 {
  "fields": {
   "campus": "OFFST", 
   "class_nbr": 7819, 
   "component": "SEC", 
   "config": "{}", 
   "crse_id": 11398, 
   "enrl_cap": 10, 
   "enrl_tot": 7, 
   "graded": true, 
   "number": "426", 
   "section": "D200", 
   "semester": 7, 
   "slug": "1114-cmpt-426-d200", 
   "subject": "CMPT", 
   "title": "Practicum I", 
   "wait_tot": 0
  }, 
  "model": "coredata.courseoffering", 
  "pk": 57
 }, 
 {
  "fields": {
   "campus": "SURRY", 
   "class_nbr": 9043, 
   "component": "SEC", 
   "config": "{}", 
   "crse_id": 11398, 
   "enrl_cap": 5, 
   "enrl_tot": 3, 
   "graded": true, 
   "number": "426", 
   "section": "D300", 
   "semester": 7, 
   "slug": "1114-cmpt-426-d300", 
   "subject": "CMPT", 
   "title": "Practicum I", 
   "wait_tot": 0
  }, 
  "model": "coredata.courseoffering", 
  "pk": 58
 }, 
 {
  "fields": {
   "campus": "OFFST", 
   "class_nbr": 9044, 
   "component": "SEC", 
   "config": "{}", 
   "crse_id": 11398, 
   "enrl_cap": 10, 
   "enrl_tot": 5, 
   "graded": true, 
   "number": "426", 
   "section": "D400", 
   "semester": 7, 
   "slug": "1114-cmpt-426-d400", 
   "subject": "CMPT", 
   "title": "Practicum I", 
   "wait_tot": 0
  }, 
  "model": "coredata.courseoffering", 
  "pk": 59
 }, 
 {
  "fields": {
   "campus": "BRNBY", 
   "class_nbr": 7820, 
   "component": "SEC", 
   "config": "{}", 
   "crse_id": 11396, 
   "enrl_cap": 30, 
   "enrl_tot": 28, 
   "graded": true, 
   "number": "427", 
   "section": "D100", 
   "semester": 7, 
   "slug": "1114-cmpt-427-d100", 
   "subject": "CMPT", 
   "title": "Practicum II", 
   "wait_tot": 0
  }, 
  "model": "coredata.courseoffering", 
  "pk": 48
 }, 
 {
  "fields": {
   "campus": "OFFST", 
   "class_nbr": 7821, 
   "component": "SEC", 
   "config": "{}", 
   "crse_id": 11396, 
   "enrl_cap": 10, 
   "enrl_tot": 4, 
   "graded": true, 
   "number": "427", 
   "section": "D200", 
   "semester": 7, 
   "slug": "1114-cmpt-427-d200", 
   "subject": "CMPT", 
   "title": "Practicum II", 
   "wait_tot": 0
  }, 
  "model": "coredata.courseoffering", 
  "pk": 49
 }, 
 {
  "fields": {
   "campus": "SURRY", 
   "class_nbr": 9045, 
   "component": "SEC", 
   "config": "{}", 
   "crse_id": 11396, 
   "enrl_cap": 5, 
   "enrl_tot": 3, 
   "graded": true, 
   "number": "427", 
   "section": "D300", 
   "semester": 7, 
   "slug": "1114-cmpt-427-d300", 
   "subject": "CMPT", 
   "title": "Practicum II", 
   "wait_tot": 0
  }, 
  "model": "coredata.courseoffering", 
  "pk": 50
 }, 
 {
  "fields": {
   "campus": "OFFST", 
   "class_nbr": 9046, 
   "component": "SEC", 
   "config": "{}", 
   "crse_id": 11396, 
   "enrl_cap": 5, 
   "enrl_tot": 0, 
   "graded": true, 
   "number": "427", 
   "section": "D400", 
   "semester": 7, 
   "slug": "1114-cmpt-427-d400", 
   "subject": "CMPT", 
   "title": "Practicum II", 
   "wait_tot": 0
  }, 
  "model": "coredata.courseoffering", 
  "pk": 51
 }, 
 {
  "fields": {
   "campus": "BRNBY", 
   "class_nbr": 7822, 
   "component": "SEC", 
   "config": "{}", 
   "crse_id": 11394, 
   "enrl_cap": 20, 
   "enrl_tot": 16, 
   "graded": true, 
   "number": "428", 
   "section": "D100", 
   "semester": 7, 
   "slug": "1114-cmpt-428-d100", 
   "subject": "CMPT", 
   "title": "Practicum III", 
   "wait_tot": 0
  }, 
  "model": "coredata.courseoffering", 
  "pk": 40
 }, 
 {
  "fields": {
   "campus": "OFFST", 
   "class_nbr": 7823, 
   "component": "SEC", 
   "config": "{}", 
   "crse_id": 11394, 
   "enrl_cap": 5, 
   "enrl_tot": 2, 
   "graded": true, 
   "number": "428", 
   "section": "D200", 
   "semester": 7, 
   "slug": "1114-cmpt-428-d200", 
   "subject": "CMPT", 
   "title": "Practicum III", 
   "wait_tot": 0
  }, 
  "model": "coredata.courseoffering", 
  "pk": 41
 }, 
 {
  "fields": {
   "campus": "SURRY", 
   "class_nbr": 9047, 
   "component": "SEC", 
   "config": "{}", 
   "crse_id": 11394, 
   "enrl_cap": 5, 
   "enrl_tot": 3, 
   "graded": true, 
   "number": "428", 
   "section": "D300", 
   "semester": 7, 
   "slug": "1114-cmpt-428-d300", 
   "subject": "CMPT", 
   "title": "Practicum III", 
   "wait_tot": 0
  }, 
  "model": "coredata.courseoffering", 
  "pk": 42
 }, 
 {
  "fields": {
   "campus": "OFFST", 
   "class_nbr": 9048, 
   "component": "SEC", 
   "config": "{}", 
   "crse_id": 11394, 
   "enrl_cap": 5, 
   "enrl_tot": 0, 
   "graded": true, 
   "number": "428", 
   "section": "D400", 
   "semester": 7, 
   "slug": "1114-cmpt-428-d400", 
   "subject": "CMPT", 
   "title": "Practicum III", 
   "wait_tot": 0
  }, 
  "model": "coredata.courseoffering", 
  "pk": 43
 }, 
 {
  "fields": {
   "campus": "BRNBY", 
   "class_nbr": 7824, 
   "component": "SEC", 
   "config": "{}", 
   "crse_id": 11392, 
   "enrl_cap": 15, 
   "enrl_tot": 12, 
   "graded": true, 
   "number": "429", 
   "section": "D100", 
   "semester": 7, 
   "slug": "1114-cmpt-429-d100", 
   "subject": "CMPT", 
   "title": "Practicum IV", 
   "wait_tot": 0
  }, 
  "model": "coredata.courseoffering", 
  "pk": 32
 }, 
 {
  "fields": {
   "campus": "OFFST", 
   "class_nbr": 7825, 
   "component": "SEC", 
   "config": "{}", 
   "crse_id": 11392, 
   "enrl_cap": 10, 
   "enrl_tot": 5, 
   "graded": true, 
   "number": "429", 
   "section": "D200", 
   "semester": 7, 
   "slug": "1114-cmpt-429-d200", 
   "subject": "CMPT", 
   "title": "Practicum IV", 
   "wait_tot": 0
  }, 
  "model": "coredata.courseoffering", 
  "pk": 33
 }, 
 {
  "fields": {
   "campus": "SURRY", 
   "class_nbr": 9049, 
   "component": "SEC", 
   "config": "{}", 
   "crse_id": 11392, 
   "enrl_cap": 5, 
   "enrl_tot": 4, 
   "graded": true, 
   "number": "429", 
   "section": "D300", 
   "semester": 7, 
   "slug": "1114-cmpt-429-d300", 
   "subject": "CMPT", 
   "title": "Practicum IV", 
   "wait_tot": 0
  }, 
  "model": "coredata.courseoffering", 
  "pk": 34
 }, 
 {
  "fields": {
   "campus": "OFFST", 
   "class_nbr": 9051, 
   "component": "SEC", 
   "config": "{}", 
   "crse_id": 11392, 
   "enrl_cap": 5, 
   "enrl_tot": 3, 
   "graded": true, 
   "number": "429", 
   "section": "D400", 
   "semester": 7, 
   "slug": "1114-cmpt-429-d400", 
   "subject": "CMPT", 
   "title": "Practicum IV", 
   "wait_tot": 0
  }, 
  "model": "coredata.courseoffering", 
  "pk": 35
 }, 
 {
  "fields": {
   "campus": "BRNBY", 
   "class_nbr": 7826, 
   "component": "SEC", 
   "config": "{}", 
   "crse_id": 11390, 
   "enrl_cap": 5, 
   "enrl_tot": 3, 
   "graded": true, 
   "number": "430", 
   "section": "D100", 
   "semester": 7, 
   "slug": "1114-cmpt-430-d100", 
   "subject": "CMPT", 
   "title": "Practicum V", 
   "wait_tot": 0
  }, 
  "model": "coredata.courseoffering", 
  "pk": 24
 }, 
 {
  "fields": {
   "campus": "OFFST", 
   "class_nbr": 7827, 
   "component": "SEC", 
   "config": "{}", 
   "crse_id": 11390, 
   "enrl_cap": 5, 
   "enrl_tot": 2, 
   "graded": true, 
   "number": "430", 
   "section": "D200", 
   "semester": 7, 
   "slug": "1114-cmpt-430-d200", 
   "subject": "CMPT", 
   "title": "Practicum V", 
   "wait_tot": 0
  }, 
  "model": "coredata.courseoffering", 
  "pk": 25
 }, 
 {
  "fields": {
   "campus": "SURRY", 
   "class_nbr": 9052, 
   "component": "SEC", 
   "config": "{}", 
   "crse_id": 11390, 
   "enrl_cap": 5, 
   "enrl_tot": 2, 
   "graded": true, 
   "number": "430", 
   "section": "D300", 
   "semester": 7, 
   "slug": "1114-cmpt-430-d300", 
   "subject": "CMPT", 
   "title": "Practicum V", 
   "wait_tot": 0
  }, 
  "model": "coredata.courseoffering", 
  "pk": 26
 }, 
 {
  "fields": {
   "campus": "OFFST", 
   "class_nbr": 9053, 
   "component": "SEC", 
   "config": "{}", 
   "crse_id": 11390, 
   "enrl_cap": 5, 
   "enrl_tot": 0, 
   "graded": true, 
   "number": "430", 
   "section": "D400", 
   "semester": 7, 
   "slug": "1114-cmpt-430-d400", 
   "subject": "CMPT", 
   "title": "Practicum V", 
   "wait_tot": 0
  }, 
  "model": "coredata.courseoffering", 
  "pk": 27
 }, 
 {
  "fields": {
   "campus": "BRNBY", 
   "class_nbr": 7814, 
   "component": "LEC", 
   "config": "{}", 
   "crse_id": 16030, 
   "enrl_cap": 55, 
   "enrl_tot": 49, 
   "graded": true, 
   "number": "431", 
   "section": "D100", 
   "semester": 7, 
   "slug": "1114-cmpt-431-d100", 
   "subject": "CMPT", 
   "title": "Distributed Systems", 
   "wait_tot": 0
  }, 
  "model": "coredata.courseoffering", 
  "pk": 148
 }, 
 {
  "fields": {
   "campus": "BRNBY", 
   "class_nbr": 7815, 
   "component": "LEC", 
   "config": "{}", 
   "crse_id": 11386, 
   "enrl_cap": 30, 
   "enrl_tot": 24, 
   "graded": true, 
   "number": "454", 
   "section": "D100", 
   "semester": 7, 
   "slug": "1114-cmpt-454-d100", 
   "subject": "CMPT", 
   "title": "Database Systems II", 
   "wait_tot": 0
  }, 
  "model": "coredata.courseoffering", 
  "pk": 23
 }, 
 {
  "fields": {
   "campus": "BRNBY", 
   "class_nbr": 7816, 
   "component": "LEC", 
   "config": "{}", 
   "crse_id": 11378, 
   "enrl_cap": 30, 
   "enrl_tot": 26, 
   "graded": true, 
   "number": "466", 
   "section": "D100", 
   "semester": 7, 
   "slug": "1114-cmpt-466-d100", 
   "subject": "CMPT", 
   "title": "Animation", 
   "wait_tot": 0
  }, 
  "model": "coredata.courseoffering", 
  "pk": 21
 }, 
 {
  "fields": {
   "campus": "BRNBY", 
   "class_nbr": 8278, 
   "component": "LEC", 
   "config": "{}", 
   "crse_id": 11374, 
   "enrl_cap": 65, 
   "enrl_tot": 63, 
   "graded": true, 
   "number": "470", 
   "section": "D100", 
   "semester": 7, 
   "slug": "1114-cmpt-470-d100", 
   "subject": "CMPT", 
   "title": "Web-Based Info Syst", 
   "wait_tot": 0
  }, 
  "model": "coredata.courseoffering", 
  "pk": 19
 }, 
 {
  "fields": {
   "campus": "VANCR", 
   "class_nbr": 7797, 
   "component": "LEC", 
   "config": "{}", 
   "crse_id": 11372, 
   "enrl_cap": 75, 
   "enrl_tot": 70, 
   "graded": true, 
   "number": "475", 
   "section": "E100", 
   "semester": 7, 
   "slug": "1114-cmpt-475-e100", 
   "subject": "CMPT", 
   "title": "Software Engineering II", 
   "wait_tot": 0
  }, 
  "model": "coredata.courseoffering", 
  "pk": 16
 }, 
 {
  "fields": {
   "campus": "BRNBY", 
   "class_nbr": 7817, 
   "component": "LEC", 
   "config": "{}", 
   "crse_id": 15074, 
   "enrl_cap": 25, 
   "enrl_tot": 21, 
   "graded": true, 
   "number": "477", 
   "section": "D100", 
   "semester": 7, 
   "slug": "1114-cmpt-477-d100", 
   "subject": "CMPT", 
   "title": "Intro to Formal Verification", 
   "wait_tot": 0
  }, 
  "model": "coredata.courseoffering", 
  "pk": 137
 }, 
 {
  "fields": {
   "campus": "BRNBY", 
   "class_nbr": 9501, 
   "component": "SEM", 
   "config": "{}", 
   "crse_id": 15807, 
   "enrl_cap": 1, 
   "enrl_tot": 1, 
   "graded": true, 
   "number": "496", 
   "section": "D100", 
   "semester": 7, 
   "slug": "1114-cmpt-496-d100", 
   "subject": "CMPT", 
   "title": "Directed Studies", 
   "wait_tot": 0
  }, 
  "model": "coredata.courseoffering", 
  "pk": 144
 }, 
 {
  "fields": {
   "campus": "BRNBY", 
   "class_nbr": 9499, 
   "component": "SEC", 
   "config": "{}", 
   "crse_id": 15284, 
   "enrl_cap": 1, 
   "enrl_tot": 1, 
   "graded": true, 
   "number": "498", 
   "section": "D100", 
   "semester": 7, 
   "slug": "1114-cmpt-498-d100", 
   "subject": "CMPT", 
   "title": "Honors Research Project", 
   "wait_tot": 0
  }, 
  "model": "coredata.courseoffering", 
  "pk": 138
 }, 
 {
  "fields": {
   "campus": "BRNBY", 
   "class_nbr": 7828, 
   "component": "LEC", 
   "config": "{}", 
   "crse_id": 14495, 
   "enrl_cap": 10, 
   "enrl_tot": 9, 
   "graded": true, 
   "number": "705", 
   "section": "G100", 
   "semester": 7, 
   "slug": "1114-cmpt-705-g100", 
   "subject": "CMPT", 
   "title": "Design/Analysis Algorithms", 
   "wait_tot": 0
  }, 
  "model": "coredata.courseoffering", 
  "pk": 114
 }, 
 {
  "fields": {
   "campus": "BRNBY", 
   "class_nbr": 7829, 
   "component": "CAN", 
   "config": "{}", 
   "crse_id": 11328, 
   "enrl_cap": 0, 
   "enrl_tot": 0, 
   "graded": true, 
   "number": "710", 
   "section": "G100", 
   "semester": 7, 
   "slug": "1114-cmpt-710-g100", 
   "subject": "CMPT", 
   "title": "Cmpt. Complexity", 
   "wait_tot": 0
  }, 
  "model": "coredata.courseoffering", 
  "pk": 15
 }, 
 {
  "fields": {
   "campus": "BRNBY", 
   "class_nbr": 9524, 
   "component": "LEC", 
   "config": "{}", 
   "crse_id": 14497, 
   "enrl_cap": 0, 
   "enrl_tot": 1, 
   "graded": true, 
   "number": "765", 
   "section": "G100", 
   "semester": 7, 
   "slug": "1114-cmpt-765-g100", 
   "subject": "CMPT", 
   "title": "Computer Cmns Network", 
   "wait_tot": 0
  }, 
  "model": "coredata.courseoffering", 
  "pk": 116
 }, 
 {
  "fields": {
   "campus": "BRNBY", 
   "class_nbr": 7830, 
   "component": "LEC", 
   "config": "{}", 
   "crse_id": 15766, 
   "enrl_cap": 15, 
   "enrl_tot": 12, 
   "graded": true, 
   "number": "777", 
   "section": "G100", 
   "semester": 7, 
   "slug": "1114-cmpt-777-g100", 
   "subject": "CMPT", 
   "title": "Formal Verification", 
   "wait_tot": 0
  }, 
  "model": "coredata.courseoffering", 
  "pk": 143
 }, 
 {
  "fields": {
   "campus": "BRNBY", 
   "class_nbr": 7831, 
   "component": "LEC", 
   "config": "{}", 
   "crse_id": 11316, 
   "enrl_cap": 25, 
   "enrl_tot": 9, 
   "graded": true, 
   "number": "814", 
   "section": "G100", 
   "semester": 7, 
   "slug": "1114-cmpt-814-g100", 
   "subject": "CMPT", 
   "title": "Algorithmic Graph", 
   "wait_tot": 0
  }, 
  "model": "coredata.courseoffering", 
  "pk": 13
 }, 
 {
  "fields": {
   "campus": "BRNBY", 
   "class_nbr": 7832, 
   "component": "LEC", 
   "config": "{}", 
   "crse_id": 11299, 
   "enrl_cap": 25, 
   "enrl_tot": 21, 
   "graded": true, 
   "number": "826", 
   "section": "G100", 
   "semester": 7, 
   "slug": "1114-cmpt-826-g100", 
   "subject": "CMPT", 
   "title": "Automated Learning Reasoning", 
   "wait_tot": 0
  }, 
  "model": "coredata.courseoffering", 
  "pk": 10
 }, 
 {
  "fields": {
   "campus": "BRNBY", 
   "class_nbr": 7833, 
   "component": "CAN", 
   "config": "{}", 
   "crse_id": 14261, 
   "enrl_cap": 0, 
   "enrl_tot": 0, 
   "graded": true, 
   "number": "881", 
   "section": "G100", 
   "semester": 7, 
   "slug": "1114-cmpt-881-g100", 
   "subject": "CMPT", 
   "title": "Spec.Top./Theoretical Cmpt.", 
   "wait_tot": 0
  }, 
  "model": "coredata.courseoffering", 
  "pk": 107
 }, 
 {
  "fields": {
   "campus": "BRNBY", 
   "class_nbr": 9322, 
   "component": "LEC", 
   "config": "{}", 
   "crse_id": 14507, 
   "enrl_cap": 25, 
   "enrl_tot": 18, 
   "graded": true, 
   "number": "885", 
   "section": "G100", 
   "semester": 7, 
   "slug": "1114-cmpt-885-g100", 
   "subject": "CMPT", 
   "title": "Spec.Topics/Cmpt Architecture", 
   "wait_tot": 0
  }, 
  "model": "coredata.courseoffering", 
  "pk": 117
 }, 
 {
  "fields": {
   "campus": "BRNBY", 
   "class_nbr": 7834, 
   "component": "SEC", 
   "config": "{}", 
   "crse_id": 11168, 
   "enrl_cap": 0, 
   "enrl_tot": 13, 
   "graded": true, 
   "number": "894", 
   "section": "G100", 
   "semester": 7, 
   "slug": "1114-cmpt-894-g100", 
   "subject": "CMPT", 
   "title": "Directed Reading", 
   "wait_tot": 0
  }, 
  "model": "coredata.courseoffering", 
  "pk": 7
 }, 
 {
  "fields": {
   "campus": "BRNBY", 
   "class_nbr": 7835, 
   "component": "SEC", 
   "config": "{}", 
   "crse_id": 16379, 
   "enrl_cap": 0, 
   "enrl_tot": 0, 
   "graded": true, 
   "number": "896", 
   "section": "G100", 
   "semester": 7, 
   "slug": "1114-cmpt-896-g100", 
   "subject": "CMPT", 
   "title": "MSc Portfolio", 
   "wait_tot": 0
  }, 
  "model": "coredata.courseoffering", 
  "pk": 152
 }, 
 {
  "fields": {
   "campus": "BRNBY", 
   "class_nbr": 7836, 
   "component": "SEC", 
   "config": "{}", 
   "crse_id": 11166, 
   "enrl_cap": 20, 
   "enrl_tot": 15, 
   "graded": true, 
   "number": "897", 
   "section": "G100", 
   "semester": 7, 
   "slug": "1114-cmpt-897-g100", 
   "subject": "CMPT", 
   "title": "M.Sc. Project", 
   "wait_tot": 0
  }, 
  "model": "coredata.courseoffering", 
  "pk": 5
 }, 
 {
  "fields": {
   "campus": "BRNBY", 
   "class_nbr": 7837, 
   "component": "SEC", 
   "config": "{}", 
   "crse_id": 11164, 
   "enrl_cap": 100, 
   "enrl_tot": 75, 
   "graded": true, 
   "number": "898", 
   "section": "G100", 
   "semester": 7, 
   "slug": "1114-cmpt-898-g100", 
   "subject": "CMPT", 
   "title": "M.Sc. Thesis", 
   "wait_tot": 0
  }, 
  "model": "coredata.courseoffering", 
  "pk": 3
 }, 
 {
  "fields": {
   "campus": "BRNBY", 
   "class_nbr": 7838, 
   "component": "SEC", 
   "config": "{}", 
   "crse_id": 11162, 
   "enrl_cap": 100, 
   "enrl_tot": 86, 
   "graded": true, 
   "number": "899", 
   "section": "G100", 
   "semester": 7, 
   "slug": "1114-cmpt-899-g100", 
   "subject": "CMPT", 
   "title": "Ph.D. Thesis", 
   "wait_tot": 0
  }, 
  "model": "coredata.courseoffering", 
  "pk": 1
 }, 
 {
  "fields": {
   "campus": "BRNBY", 
   "class_nbr": 8279, 
   "component": "SEC", 
   "config": "{}", 
   "crse_id": 4232, 
   "enrl_cap": 84, 
   "enrl_tot": 79, 
   "graded": true, 
   "number": "101", 
   "section": "C100", 
   "semester": 7, 
   "slug": "1114-macm-101-c100", 
   "subject": "MACM", 
   "title": "Discrete Math I", 
   "wait_tot": 0
  }, 
  "model": "coredata.courseoffering", 
  "pk": 165
 }, 
 {
  "fields": {
   "campus": "BRNBY", 
   "class_nbr": 7803, 
   "component": "LEC", 
   "config": "{}", 
   "crse_id": 4232, 
   "enrl_cap": 144, 
   "enrl_tot": 118, 
   "graded": true, 
   "number": "101", 
   "section": "D100", 
   "semester": 7, 
   "slug": "1114-macm-101-d100", 
   "subject": "MACM", 
   "title": "Discrete Math I", 
   "wait_tot": 0
  }, 
  "model": "coredata.courseoffering", 
  "pk": 166
 }, 
 {
  "fields": {
   "campus": "BRNBY", 
   "class_nbr": 4018, 
   "component": "LEC", 
   "config": "{}", 
   "crse_id": 4225, 
   "enrl_cap": 160, 
   "enrl_tot": 154, 
   "graded": true, 
   "number": "316", 
   "section": "D100", 
   "semester": 7, 
   "slug": "1114-macm-316-d100", 
   "subject": "MACM", 
   "title": "Numerical Analysis I", 
   "wait_tot": 0
  }, 
  "model": "coredata.courseoffering", 
  "pk": 157
 }, 
 {
  "fields": {
   "end_day": "2011-12-05", 
   "end_time": "11:20:00", 
   "exam": false, 
   "labtut_section": null, 
   "meeting_type": "LEC", 
   "offering": 9, 
   "room": "SWH10061", 
   "start_day": "2011-09-06", 
   "start_time": "10:30:00", 
   "weekday": 0
  }, 
  "model": "coredata.meetingtime", 
  "pk": 1
 }, 
 {
  "fields": {
   "end_day": "2011-08-08", 
   "end_time": "14:20:00", 
   "exam": false, 
   "labtut_section": null, 
   "meeting_type": "LEC", 
   "offering": 13, 
   "room": "TASC1-9204", 
   "start_day": "2011-05-09", 
   "start_time": "13:30:00", 
   "weekday": 0
  }, 
  "model": "coredata.meetingtime", 
  "pk": 8
 }, 
 {
  "fields": {
   "end_day": "2011-12-05", 
   "end_time": "12:20:00", 
   "exam": false, 
   "labtut_section": null, 
   "meeting_type": "LEC", 
   "offering": 18, 
   "room": "AQ5018", 
   "start_day": "2011-09-06", 
   "start_time": "11:30:00", 
   "weekday": 0
  }, 
  "model": "coredata.meetingtime", 
  "pk": 18
 }, 
 {
  "fields": {
   "end_day": "2011-12-12", 
   "end_time": "22:00:00", 
   "exam": false, 
   "labtut_section": null, 
   "meeting_type": "EXAM", 
   "offering": 20, 
   "room": "", 
   "start_day": "2011-12-12", 
   "start_time": "19:00:00", 
   "weekday": 0
  }, 
  "model": "coredata.meetingtime", 
  "pk": 26
 }, 
 {
  "fields": {
   "end_day": "2011-08-08", 
   "end_time": "20:20:00", 
   "exam": false, 
   "labtut_section": null, 
   "meeting_type": "LEC", 
   "offering": 21, 
   "room": "SWH10051", 
   "start_day": "2011-05-09", 
   "start_time": "17:30:00", 
   "weekday": 0
  }, 
  "model": "coredata.meetingtime", 
  "pk": 27
 }, 
 {
  "fields": {
   "end_day": "2011-08-08", 
   "end_time": "15:20:00", 
   "exam": false, 
   "labtut_section": null, 
   "meeting_type": "LEC", 
   "offering": 23, 
   "room": "C9000", 
   "start_day": "2011-05-09", 
   "start_time": "14:30:00", 
   "weekday": 0
  }, 
  "model": "coredata.meetingtime", 
  "pk": 32
 }, 
 {
  "fields": {
   "end_day": "2011-12-05", 
   "end_time": "15:20:00", 
   "exam": false, 
   "labtut_section": null, 
   "meeting_type": "LEC", 
   "offering": 64, 
   "room": "AQ4150", 
   "start_day": "2011-09-06", 
   "start_time": "14:30:00", 
   "weekday": 0
  }, 
  "model": "coredata.meetingtime", 
  "pk": 39
 }, 
 {
  "fields": {
   "end_day": "2011-08-08", 
   "end_time": "16:20:00", 
   "exam": false, 
   "labtut_section": null, 
   "meeting_type": "LEC", 
   "offering": 69, 
   "room": "TASC1-9204", 
   "start_day": "2011-05-09", 
   "start_time": "15:30:00", 
   "weekday": 0
  }, 
  "model": "coredata.meetingtime", 
  "pk": 40
 }, 
 {
  "fields": {
   "end_day": "2011-12-05", 
   "end_time": "15:20:00", 
   "exam": false, 
   "labtut_section": null, 
   "meeting_type": "LEC", 
   "offering": 70, 
   "room": "AQ5030", 
   "start_day": "2011-09-06", 
   "start_time": "14:30:00", 
   "weekday": 0
  }, 
  "model": "coredata.meetingtime", 
  "pk": 43
 }, 
 {
  "fields": {
   "end_day": "2011-12-05", 
   "end_time": "15:20:00", 
   "exam": false, 
   "labtut_section": null, 
   "meeting_type": "LEC", 
   "offering": 74, 
   "room": "BLU10021", 
   "start_day": "2011-09-06", 
   "start_time": "14:30:00", 
   "weekday": 0
  }, 
  "model": "coredata.meetingtime", 
  "pk": 54
 }, 
 {
  "fields": {
   "end_day": "2011-08-08", 
   "end_time": "14:20:00", 
   "exam": false, 
   "labtut_section": null, 
   "meeting_type": "LEC", 
   "offering": 75, 
   "room": "AQ3149", 
   "start_day": "2011-05-09", 
   "start_time": "12:30:00", 
   "weekday": 0
  }, 
  "model": "coredata.meetingtime", 
  "pk": 58
 }, 
 {
  "fields": {
   "end_day": "2011-12-05", 
   "end_time": "13:20:00", 
   "exam": false, 
   "labtut_section": null, 
   "meeting_type": "LEC", 
   "offering": 76, 
   "room": "AQ3005", 
   "start_day": "2011-09-06", 
   "start_time": "12:30:00", 
   "weekday": 0
  }, 
  "model": "coredata.meetingtime", 
  "pk": 61
 }, 
 {
  "fields": {
   "end_day": "2011-12-05", 
   "end_time": "20:20:00", 
   "exam": false, 
   "labtut_section": null, 
   "meeting_type": "LEC", 
   "offering": 77, 
   "room": "HCC1900", 
   "start_day": "2011-09-06", 
   "start_time": "17:30:00", 
   "weekday": 0
  }, 
  "model": "coredata.meetingtime", 
  "pk": 65
 }, 
 {
  "fields": {
   "end_day": "2011-12-12", 
   "end_time": "15:00:00", 
   "exam": false, 
   "labtut_section": null, 
   "meeting_type": "EXAM", 
   "offering": 78, 
   "room": "", 
   "start_day": "2011-12-12", 
   "start_time": "12:00:00", 
   "weekday": 0
  }, 
  "model": "coredata.meetingtime", 
  "pk": 69
 }, 
 {
  "fields": {
   "end_day": "2011-08-08", 
   "end_time": "15:20:00", 
   "exam": false, 
   "labtut_section": null, 
   "meeting_type": "LEC", 
   "offering": 79, 
   "room": "BLU9660", 
   "start_day": "2011-05-09", 
   "start_time": "14:30:00", 
   "weekday": 0
  }, 
  "model": "coredata.meetingtime", 
  "pk": 70
 }, 
 {
  "fields": {
   "end_day": "2011-12-05", 
   "end_time": "20:20:00", 
   "exam": false, 
   "labtut_section": null, 
   "meeting_type": "LEC", 
   "offering": 82, 
   "room": "K9500", 
   "start_day": "2011-09-06", 
   "start_time": "17:30:00", 
   "weekday": 0
  }, 
  "model": "coredata.meetingtime", 
  "pk": 79
 }, 
 {
  "fields": {
   "end_day": "2011-08-08", 
   "end_time": "11:20:00", 
   "exam": false, 
   "labtut_section": null, 
   "meeting_type": "LEC", 
   "offering": 83, 
   "room": "AQ3149", 
   "start_day": "2011-05-09", 
   "start_time": "10:30:00", 
   "weekday": 0
  }, 
  "model": "coredata.meetingtime", 
  "pk": 81
 }, 
 {
  "fields": {
   "end_day": "2011-12-05", 
   "end_time": "14:20:00", 
   "exam": false, 
   "labtut_section": null, 
   "meeting_type": "LEC", 
   "offering": 84, 
   "room": "AQ3005", 
   "start_day": "2011-09-06", 
   "start_time": "13:30:00", 
   "weekday": 0
  }, 
  "model": "coredata.meetingtime", 
  "pk": 85
 }, 
 {
  "fields": {
   "end_day": "2011-12-12", 
   "end_time": "11:30:00", 
   "exam": false, 
   "labtut_section": null, 
   "meeting_type": "EXAM", 
   "offering": 84, 
   "room": "", 
   "start_day": "2011-12-12", 
   "start_time": "08:30:00", 
   "weekday": 0
  }, 
  "model": "coredata.meetingtime", 
  "pk": 88
 }, 
 {
  "fields": {
   "end_day": "2011-08-08", 
   "end_time": "12:20:00", 
   "exam": false, 
   "labtut_section": null, 
   "meeting_type": "LEC", 
   "offering": 85, 
   "room": "AQ3005", 
   "start_day": "2011-05-09", 
   "start_time": "11:30:00", 
   "weekday": 0
  }, 
  "model": "coredata.meetingtime", 
  "pk": 89
 }, 
 {
  "fields": {
   "end_day": "2011-12-05", 
   "end_time": "13:20:00", 
   "exam": false, 
   "labtut_section": null, 
   "meeting_type": "LEC", 
   "offering": 87, 
   "room": "SUR5100", 
   "start_day": "2011-09-06", 
   "start_time": "12:30:00", 
   "weekday": 0
  }, 
  "model": "coredata.meetingtime", 
  "pk": 96
 }, 
 {
  "fields": {
   "end_day": "2011-08-08", 
   "end_time": "10:20:00", 
   "exam": false, 
   "labtut_section": null, 
   "meeting_type": "LEC", 
   "offering": 88, 
   "room": "WMC3260", 
   "start_day": "2011-05-09", 
   "start_time": "09:30:00", 
   "weekday": 0
  }, 
  "model": "coredata.meetingtime", 
  "pk": 100
 }, 
 {
  "fields": {
   "end_day": "2011-08-08", 
   "end_time": "20:20:00", 
   "exam": false, 
   "labtut_section": null, 
   "meeting_type": "LEC", 
   "offering": 91, 
   "room": "HCC2270", 
   "start_day": "2011-05-09", 
   "start_time": "17:30:00", 
   "weekday": 0
  }, 
  "model": "coredata.meetingtime", 
  "pk": 109
 }, 
 {
  "fields": {
   "end_day": "2011-12-05", 
   "end_time": "20:20:00", 
   "exam": false, 
   "labtut_section": null, 
   "meeting_type": "LEC", 
   "offering": 92, 
   "room": "AQ3003", 
   "start_day": "2011-09-06", 
   "start_time": "17:30:00", 
   "weekday": 0
  }, 
  "model": "coredata.meetingtime", 
  "pk": 111
 }, 
 {
  "fields": {
   "end_day": "2011-12-05", 
   "end_time": "12:20:00", 
   "exam": false, 
   "labtut_section": null, 
   "meeting_type": "LEC", 
   "offering": 94, 
   "room": "WMC3260", 
   "start_day": "2011-09-06", 
   "start_time": "11:30:00", 
   "weekday": 0
  }, 
  "model": "coredata.meetingtime", 
  "pk": 113
 }, 
 {
  "fields": {
   "end_day": "2011-12-05", 
   "end_time": "15:20:00", 
   "exam": false, 
   "labtut_section": null, 
   "meeting_type": "LEC", 
   "offering": 95, 
   "room": "SUR3340", 
   "start_day": "2011-09-06", 
   "start_time": "14:30:00", 
   "weekday": 0
  }, 
  "model": "coredata.meetingtime", 
  "pk": 122
 }, 
 {
  "fields": {
   "end_day": "2011-06-27", 
   "end_time": "19:50:00", 
   "exam": false, 
   "labtut_section": null, 
   "meeting_type": "MIDT", 
   "offering": 96, 
   "room": "", 
   "start_day": "2011-06-27", 
   "start_time": "19:00:00", 
   "weekday": 0
  }, 
  "model": "coredata.meetingtime", 
  "pk": 129
 }, 
 {
  "fields": {
   "end_day": "2011-08-08", 
   "end_time": "11:20:00", 
   "exam": false, 
   "labtut_section": null, 
   "meeting_type": "LEC", 
   "offering": 97, 
   "room": "WMC3520", 
   "start_day": "2011-05-09", 
   "start_time": "10:30:00", 
   "weekday": 0
  }, 
  "model": "coredata.meetingtime", 
  "pk": 130
 }, 
 {
  "fields": {
   "end_day": "2011-08-15", 
   "end_time": "18:30:00", 
   "exam": false, 
   "labtut_section": null, 
   "meeting_type": "EXAM", 
   "offering": 97, 
   "room": "AQ3181", 
   "start_day": "2011-08-15", 
   "start_time": "15:30:00", 
   "weekday": 0
  }, 
  "model": "coredata.meetingtime", 
  "pk": 133
 }, 
 {
  "fields": {
   "end_day": "2011-08-15", 
   "end_time": "18:30:00", 
   "exam": false, 
   "labtut_section": null, 
   "meeting_type": "EXAM", 
   "offering": 97, 
   "room": "AQ3182", 
   "start_day": "2011-08-15", 
   "start_time": "15:30:00", 
   "weekday": 0
  }, 
  "model": "coredata.meetingtime", 
  "pk": 134
 }, 
 {
  "fields": {
   "end_day": "2011-12-05", 
   "end_time": "16:20:00", 
   "exam": false, 
   "labtut_section": null, 
   "meeting_type": "LEC", 
   "offering": 100, 
   "room": "SWH10081", 
   "start_day": "2011-09-06", 
   "start_time": "15:30:00", 
   "weekday": 0
  }, 
  "model": "coredata.meetingtime", 
  "pk": 145
 }, 
 {
  "fields": {
   "end_day": "2011-12-05", 
   "end_time": "12:20:00", 
   "exam": false, 
   "labtut_section": "D101", 
   "meeting_type": "LAB", 
   "offering": 100, 
   "room": "ASB9838", 
   "start_day": "2011-09-06", 
   "start_time": "11:30:00", 
   "weekday": 0
  }, 
  "model": "coredata.meetingtime", 
  "pk": 149
 }, 
 {
  "fields": {
   "end_day": "2011-12-05", 
   "end_time": "12:20:00", 
   "exam": false, 
   "labtut_section": "D102", 
   "meeting_type": "LAB", 
   "offering": 100, 
   "room": "ASB9838", 
   "start_day": "2011-09-06", 
   "start_time": "11:30:00", 
   "weekday": 0
  }, 
  "model": "coredata.meetingtime", 
  "pk": 150
 }, 
 {
  "fields": {
   "end_day": "2011-12-05", 
   "end_time": "13:20:00", 
   "exam": false, 
   "labtut_section": "D103", 
   "meeting_type": "LAB", 
   "offering": 100, 
   "room": "ASB9838", 
   "start_day": "2011-09-06", 
   "start_time": "12:30:00", 
   "weekday": 0
  }, 
  "model": "coredata.meetingtime", 
  "pk": 151
 }, 
 {
  "fields": {
   "end_day": "2011-12-05", 
   "end_time": "13:20:00", 
   "exam": false, 
   "labtut_section": "D104", 
   "meeting_type": "LAB", 
   "offering": 100, 
   "room": "ASB9838", 
   "start_day": "2011-09-06", 
   "start_time": "12:30:00", 
   "weekday": 0
  }, 
  "model": "coredata.meetingtime", 
  "pk": 152
 }, 
 {
  "fields": {
   "end_day": "2011-12-05", 
   "end_time": "14:20:00", 
   "exam": false, 
   "labtut_section": "D105", 
   "meeting_type": "LAB", 
   "offering": 100, 
   "room": "ASB9838", 
   "start_day": "2011-09-06", 
   "start_time": "13:30:00", 
   "weekday": 0
  }, 
  "model": "coredata.meetingtime", 
  "pk": 153
 }, 
 {
  "fields": {
   "end_day": "2011-12-05", 
   "end_time": "14:20:00", 
   "exam": false, 
   "labtut_section": "D106", 
   "meeting_type": "LAB", 
   "offering": 100, 
   "room": "ASB9838", 
   "start_day": "2011-09-06", 
   "start_time": "13:30:00", 
   "weekday": 0
  }, 
  "model": "coredata.meetingtime", 
  "pk": 154
 }, 
 {
  "fields": {
   "end_day": "2011-12-05", 
   "end_time": "11:20:00", 
   "exam": false, 
   "labtut_section": "D107", 
   "meeting_type": "LAB", 
   "offering": 100, 
   "room": "ASB9838", 
   "start_day": "2011-09-06", 
   "start_time": "10:30:00", 
   "weekday": 0
  }, 
  "model": "coredata.meetingtime", 
  "pk": 155
 }, 
 {
  "fields": {
   "end_day": "2011-12-05", 
   "end_time": "11:20:00", 
   "exam": false, 
   "labtut_section": "D108", 
   "meeting_type": "LAB", 
   "offering": 100, 
   "room": "ASB9838", 
   "start_day": "2011-09-06", 
   "start_time": "10:30:00", 
   "weekday": 0
  }, 
  "model": "coredata.meetingtime", 
  "pk": 156
 }, 
 {
  "fields": {
   "end_day": "2011-12-05", 
   "end_time": "15:20:00", 
   "exam": false, 
   "labtut_section": null, 
   "meeting_type": "LEC", 
   "offering": 101, 
   "room": "SUR3310", 
   "start_day": "2011-09-06", 
   "start_time": "14:30:00", 
   "weekday": 0
  }, 
  "model": "coredata.meetingtime", 
  "pk": 157
 }, 
 {
  "fields": {
   "end_day": "2011-08-08", 
   "end_time": "16:20:00", 
   "exam": false, 
   "labtut_section": null, 
   "meeting_type": "LEC", 
   "offering": 102, 
   "room": "AQ3154", 
   "start_day": "2011-05-09", 
   "start_time": "15:30:00", 
   "weekday": 0
  }, 
  "model": "coredata.meetingtime", 
  "pk": 165
 }, 
 {
  "fields": {
   "end_day": "2011-12-05", 
   "end_time": "13:20:00", 
   "exam": false, 
   "labtut_section": null, 
   "meeting_type": "LEC", 
   "offering": 103, 
   "room": "RBCIMAGTH", 
   "start_day": "2011-09-06", 
   "start_time": "12:30:00", 
   "weekday": 0
  }, 
  "model": "coredata.meetingtime", 
  "pk": 173
 }, 
 {
  "fields": {
   "end_day": "2011-12-05", 
   "end_time": "10:20:00", 
   "exam": false, 
   "labtut_section": null, 
   "meeting_type": "LEC", 
   "offering": 105, 
   "room": "C9000", 
   "start_day": "2011-09-06", 
   "start_time": "09:30:00", 
   "weekday": 0
  }, 
  "model": "coredata.meetingtime", 
  "pk": 184
 }, 
 {
  "fields": {
   "end_day": "2011-12-05", 
   "end_time": "15:20:00", 
   "exam": false, 
   "labtut_section": null, 
   "meeting_type": "LEC", 
   "offering": 106, 
   "room": "ASB9838", 
   "start_day": "2011-09-06", 
   "start_time": "14:30:00", 
   "weekday": 0
  }, 
  "model": "coredata.meetingtime", 
  "pk": 188
 }, 
 {
  "fields": {
   "end_day": "2011-12-05", 
   "end_time": "15:20:00", 
   "exam": false, 
   "labtut_section": null, 
   "meeting_type": "LEC", 
   "offering": 108, 
   "room": "SUR3170", 
   "start_day": "2011-09-06", 
   "start_time": "14:30:00", 
   "weekday": 0
  }, 
  "model": "coredata.meetingtime", 
  "pk": 192
 }, 
 {
  "fields": {
   "end_day": "2011-12-05", 
   "end_time": "14:20:00", 
   "exam": false, 
   "labtut_section": null, 
   "meeting_type": "LEC", 
   "offering": 112, 
   "room": "AQ5007", 
   "start_day": "2011-09-06", 
   "start_time": "12:30:00", 
   "weekday": 0
  }, 
  "model": "coredata.meetingtime", 
  "pk": 197
 }, 
 {
  "fields": {
   "end_day": "2011-12-05", 
   "end_time": "15:20:00", 
   "exam": false, 
   "labtut_section": null, 
   "meeting_type": "LEC", 
   "offering": 113, 
   "room": "SUR3170", 
   "start_day": "2011-09-06", 
   "start_time": "14:30:00", 
   "weekday": 0
  }, 
  "model": "coredata.meetingtime", 
  "pk": 199
 }, 
 {
  "fields": {
   "end_day": "2011-08-08", 
   "end_time": "16:20:00", 
   "exam": false, 
   "labtut_section": null, 
   "meeting_type": "LEC", 
   "offering": 114, 
   "room": "TASC1-9204", 
   "start_day": "2011-05-09", 
   "start_time": "15:30:00", 
   "weekday": 0
  }, 
  "model": "coredata.meetingtime", 
  "pk": 203
 }, 
 {
  "fields": {
   "end_day": "2011-12-05", 
   "end_time": "12:20:00", 
   "exam": false, 
   "labtut_section": null, 
   "meeting_type": "LEC", 
   "offering": 115, 
   "room": "AQ5030", 
   "start_day": "2011-09-06", 
   "start_time": "11:30:00", 
   "weekday": 0
  }, 
  "model": "coredata.meetingtime", 
  "pk": 206
 }, 
 {
  "fields": {
   "end_day": "2011-08-08", 
   "end_time": "12:20:00", 
   "exam": false, 
   "labtut_section": null, 
   "meeting_type": "LEC", 
   "offering": 117, 
   "room": "SWH10061", 
   "start_day": "2011-05-09", 
   "start_time": "10:30:00", 
   "weekday": 0
  }, 
  "model": "coredata.meetingtime", 
  "pk": 209
 }, 
 {
  "fields": {
   "end_day": "2011-12-05", 
   "end_time": "11:20:00", 
   "exam": false, 
   "labtut_section": null, 
   "meeting_type": "LEC", 
   "offering": 119, 
   "room": "AQ3181", 
   "start_day": "2011-09-06", 
   "start_time": "10:30:00", 
   "weekday": 0
  }, 
  "model": "coredata.meetingtime", 
  "pk": 223
 }, 
 {
  "fields": {
   "end_day": "2011-12-05", 
   "end_time": "15:20:00", 
   "exam": false, 
   "labtut_section": null, 
   "meeting_type": "LEC", 
   "offering": 120, 
   "room": "AQ3181", 
   "start_day": "2011-09-06", 
   "start_time": "14:30:00", 
   "weekday": 0
  }, 
  "model": "coredata.meetingtime", 
  "pk": 227
 }, 
 {
  "fields": {
   "end_day": "2011-12-05", 
   "end_time": "12:20:00", 
   "exam": false, 
   "labtut_section": null, 
   "meeting_type": "LEC", 
   "offering": 121, 
   "room": "SUR2740", 
   "start_day": "2011-09-06", 
   "start_time": "11:30:00", 
   "weekday": 0
  }, 
  "model": "coredata.meetingtime", 
  "pk": 231
 }, 
 {
  "fields": {
   "end_day": "2011-12-05", 
   "end_time": "11:20:00", 
   "exam": false, 
   "labtut_section": "D301", 
   "meeting_type": "LAB", 
   "offering": 121, 
   "room": "SUR4050", 
   "start_day": "2011-09-06", 
   "start_time": "10:30:00", 
   "weekday": 0
  }, 
  "model": "coredata.meetingtime", 
  "pk": 235
 }, 
 {
  "fields": {
   "end_day": "2011-12-05", 
   "end_time": "13:20:00", 
   "exam": false, 
   "labtut_section": "D302", 
   "meeting_type": "LAB", 
   "offering": 121, 
   "room": "SUR4050", 
   "start_day": "2011-09-06", 
   "start_time": "12:30:00", 
   "weekday": 0
  }, 
  "model": "coredata.meetingtime", 
  "pk": 236
 }, 
 {
  "fields": {
   "end_day": "2011-12-05", 
   "end_time": "14:20:00", 
   "exam": false, 
   "labtut_section": "D303", 
   "meeting_type": "LAB", 
   "offering": 121, 
   "room": "SUR4050", 
   "start_day": "2011-09-06", 
   "start_time": "13:30:00", 
   "weekday": 0
  }, 
  "model": "coredata.meetingtime", 
  "pk": 237
 }, 
 {
  "fields": {
   "end_day": "2011-12-05", 
   "end_time": "15:20:00", 
   "exam": false, 
   "labtut_section": "D304", 
   "meeting_type": "LAB", 
   "offering": 121, 
   "room": "SUR4050", 
   "start_day": "2011-09-06", 
   "start_time": "14:30:00", 
   "weekday": 0
  }, 
  "model": "coredata.meetingtime", 
  "pk": 238
 }, 
 {
  "fields": {
   "end_day": "2011-12-05", 
   "end_time": "20:20:00", 
   "exam": false, 
   "labtut_section": null, 
   "meeting_type": "LEC", 
   "offering": 122, 
   "room": "SUR3340", 
   "start_day": "2011-09-06", 
   "start_time": "17:30:00", 
   "weekday": 0
  }, 
  "model": "coredata.meetingtime", 
  "pk": 239
 }, 
 {
  "fields": {
   "end_day": "2011-12-05", 
   "end_time": "21:30:00", 
   "exam": false, 
   "labtut_section": "J101", 
   "meeting_type": "LAB", 
   "offering": 122, 
   "room": "SUR4050", 
   "start_day": "2011-09-06", 
   "start_time": "20:30:00", 
   "weekday": 0
  }, 
  "model": "coredata.meetingtime", 
  "pk": 241
 }, 
 {
  "fields": {
   "end_day": "2011-08-08", 
   "end_time": "13:20:00", 
   "exam": false, 
   "labtut_section": null, 
   "meeting_type": "LEC", 
   "offering": 123, 
   "room": "AQ3154", 
   "start_day": "2011-05-09", 
   "start_time": "12:30:00", 
   "weekday": 0
  }, 
  "model": "coredata.meetingtime", 
  "pk": 242
 }, 
 {
  "fields": {
   "end_day": "2011-08-08", 
   "end_time": "12:20:00", 
   "exam": false, 
   "labtut_section": "D101", 
   "meeting_type": "LAB", 
   "offering": 123, 
   "room": "ASB9838", 
   "start_day": "2011-05-09", 
   "start_time": "10:30:00", 
   "weekday": 0
  }, 
  "model": "coredata.meetingtime", 
  "pk": 246
 }, 
 {
  "fields": {
   "end_day": "2011-08-08", 
   "end_time": "12:20:00", 
   "exam": false, 
   "labtut_section": "D102", 
   "meeting_type": "LAB", 
   "offering": 123, 
   "room": "ASB9838", 
   "start_day": "2011-05-09", 
   "start_time": "10:30:00", 
   "weekday": 0
  }, 
  "model": "coredata.meetingtime", 
  "pk": 247
 }, 
 {
  "fields": {
   "end_day": "2011-08-08", 
   "end_time": "15:20:00", 
   "exam": false, 
   "labtut_section": "D103", 
   "meeting_type": "LAB", 
   "offering": 123, 
   "room": "ASB9838", 
   "start_day": "2011-05-09", 
   "start_time": "13:30:00", 
   "weekday": 0
  }, 
  "model": "coredata.meetingtime", 
  "pk": 248
 }, 
 {
  "fields": {
   "end_day": "2011-08-08", 
   "end_time": "11:20:00", 
   "exam": false, 
   "labtut_section": null, 
   "meeting_type": "LEC", 
   "offering": 124, 
   "room": "SUR5280", 
   "start_day": "2011-05-09", 
   "start_time": "10:30:00", 
   "weekday": 0
  }, 
  "model": "coredata.meetingtime", 
  "pk": 249
 }, 
 {
  "fields": {
   "end_day": "2011-08-15", 
   "end_time": "18:30:00", 
   "exam": false, 
   "labtut_section": null, 
   "meeting_type": "EXAM", 
   "offering": 124, 
   "room": "SUR3090", 
   "start_day": "2011-08-15", 
   "start_time": "15:30:00", 
   "weekday": 0
  }, 
  "model": "coredata.meetingtime", 
  "pk": 252
 }, 
 {
  "fields": {
   "end_day": "2011-08-08", 
   "end_time": "13:20:00", 
   "exam": false, 
   "labtut_section": "D201", 
   "meeting_type": "LAB", 
   "offering": 124, 
   "room": "SUR4050", 
   "start_day": "2011-05-09", 
   "start_time": "11:30:00", 
   "weekday": 0
  }, 
  "model": "coredata.meetingtime", 
  "pk": 253
 }, 
 {
  "fields": {
   "end_day": "2011-08-08", 
   "end_time": "17:20:00", 
   "exam": false, 
   "labtut_section": "D203", 
   "meeting_type": "LAB", 
   "offering": 124, 
   "room": "SUR4050", 
   "start_day": "2011-05-09", 
   "start_time": "15:30:00", 
   "weekday": 0
  }, 
  "model": "coredata.meetingtime", 
  "pk": 254
 }, 
 {
  "fields": {
   "end_day": "2011-08-08", 
   "end_time": "13:20:00", 
   "exam": false, 
   "labtut_section": null, 
   "meeting_type": "LEC", 
   "offering": 126, 
   "room": "AQ3154", 
   "start_day": "2011-05-09", 
   "start_time": "12:30:00", 
   "weekday": 0
  }, 
  "model": "coredata.meetingtime", 
  "pk": 258
 }, 
 {
  "fields": {
   "end_day": "2011-08-08", 
   "end_time": "15:20:00", 
   "exam": false, 
   "labtut_section": "D101", 
   "meeting_type": "LAB", 
   "offering": 126, 
   "room": "ASB9838", 
   "start_day": "2011-05-09", 
   "start_time": "13:30:00", 
   "weekday": 0
  }, 
  "model": "coredata.meetingtime", 
  "pk": 262
 }, 
 {
  "fields": {
   "end_day": "2011-08-08", 
   "end_time": "15:20:00", 
   "exam": false, 
   "labtut_section": null, 
   "meeting_type": "LEC", 
   "offering": 129, 
   "room": "SUR3310", 
   "start_day": "2011-05-09", 
   "start_time": "14:30:00", 
   "weekday": 0
  }, 
  "model": "coredata.meetingtime", 
  "pk": 265
 }, 
 {
  "fields": {
   "end_day": "2011-12-05", 
   "end_time": "12:20:00", 
   "exam": false, 
   "labtut_section": null, 
   "meeting_type": "LEC", 
   "offering": 130, 
   "room": "SWH10041", 
   "start_day": "2011-09-06", 
   "start_time": "11:30:00", 
   "weekday": 0
  }, 
  "model": "coredata.meetingtime", 
  "pk": 272
 }, 
 {
  "fields": {
   "end_day": "2011-12-05", 
   "end_time": "14:20:00", 
   "exam": false, 
   "labtut_section": null, 
   "meeting_type": "LEC", 
   "offering": 131, 
   "room": "BLU9660", 
   "start_day": "2011-09-06", 
   "start_time": "13:30:00", 
   "weekday": 0
  }, 
  "model": "coredata.meetingtime", 
  "pk": 281
 }, 
 {
  "fields": {
   "end_day": "2011-12-05", 
   "end_time": "12:20:00", 
   "exam": false, 
   "labtut_section": null, 
   "meeting_type": "LEC", 
   "offering": 132, 
   "room": "SUR2740", 
   "start_day": "2011-09-06", 
   "start_time": "11:30:00", 
   "weekday": 0
  }, 
  "model": "coredata.meetingtime", 
  "pk": 290
 }, 
 {
  "fields": {
   "end_day": "2011-12-05", 
   "end_time": "11:20:00", 
   "exam": false, 
   "labtut_section": "D301", 
   "meeting_type": "LAB", 
   "offering": 132, 
   "room": "SUR4050", 
   "start_day": "2011-09-06", 
   "start_time": "10:30:00", 
   "weekday": 0
  }, 
  "model": "coredata.meetingtime", 
  "pk": 294
 }, 
 {
  "fields": {
   "end_day": "2011-12-05", 
   "end_time": "13:20:00", 
   "exam": false, 
   "labtut_section": "D302", 
   "meeting_type": "LAB", 
   "offering": 132, 
   "room": "SUR4050", 
   "start_day": "2011-09-06", 
   "start_time": "12:30:00", 
   "weekday": 0
  }, 
  "model": "coredata.meetingtime", 
  "pk": 295
 }, 
 {
  "fields": {
   "end_day": "2011-12-05", 
   "end_time": "14:20:00", 
   "exam": false, 
   "labtut_section": "D303", 
   "meeting_type": "LAB", 
   "offering": 132, 
   "room": "SUR4050", 
   "start_day": "2011-09-06", 
   "start_time": "13:30:00", 
   "weekday": 0
  }, 
  "model": "coredata.meetingtime", 
  "pk": 296
 }, 
 {
  "fields": {
   "end_day": "2011-12-05", 
   "end_time": "15:20:00", 
   "exam": false, 
   "labtut_section": "D304", 
   "meeting_type": "LAB", 
   "offering": 132, 
   "room": "SUR4050", 
   "start_day": "2011-09-06", 
   "start_time": "14:30:00", 
   "weekday": 0
  }, 
  "model": "coredata.meetingtime", 
  "pk": 297
 }, 
 {
  "fields": {
   "end_day": "2011-08-08", 
   "end_time": "14:20:00", 
   "exam": false, 
   "labtut_section": null, 
   "meeting_type": "LEC", 
   "offering": 133, 
   "room": "WMC3260", 
   "start_day": "2011-05-09", 
   "start_time": "13:30:00", 
   "weekday": 0
  }, 
  "model": "coredata.meetingtime", 
  "pk": 298
 }, 
 {
  "fields": {
   "end_day": "2011-12-05", 
   "end_time": "15:20:00", 
   "exam": false, 
   "labtut_section": null, 
   "meeting_type": "LEC", 
   "offering": 134, 
   "room": "AQ3150", 
   "start_day": "2011-09-06", 
   "start_time": "14:30:00", 
   "weekday": 0
  }, 
  "model": "coredata.meetingtime", 
  "pk": 307
 }, 
 {
  "fields": {
   "end_day": "2011-12-05", 
   "end_time": "16:20:00", 
   "exam": false, 
   "labtut_section": "D101", 
   "meeting_type": "LAB", 
   "offering": 134, 
   "room": "ASB9838", 
   "start_day": "2011-09-06", 
   "start_time": "15:30:00", 
   "weekday": 0
  }, 
  "model": "coredata.meetingtime", 
  "pk": 311
 }, 
 {
  "fields": {
   "end_day": "2011-12-05", 
   "end_time": "16:20:00", 
   "exam": false, 
   "labtut_section": "D102", 
   "meeting_type": "LAB", 
   "offering": 134, 
   "room": "ASB9838", 
   "start_day": "2011-09-06", 
   "start_time": "15:30:00", 
   "weekday": 0
  }, 
  "model": "coredata.meetingtime", 
  "pk": 312
 }, 
 {
  "fields": {
   "end_day": "2011-12-05", 
   "end_time": "17:20:00", 
   "exam": false, 
   "labtut_section": "D103", 
   "meeting_type": "LAB", 
   "offering": 134, 
   "room": "ASB9838", 
   "start_day": "2011-09-06", 
   "start_time": "16:30:00", 
   "weekday": 0
  }, 
  "model": "coredata.meetingtime", 
  "pk": 313
 }, 
 {
  "fields": {
   "end_day": "2011-12-05", 
   "end_time": "17:20:00", 
   "exam": false, 
   "labtut_section": "D104", 
   "meeting_type": "LAB", 
   "offering": 134, 
   "room": "ASB9838", 
   "start_day": "2011-09-06", 
   "start_time": "16:30:00", 
   "weekday": 0
  }, 
  "model": "coredata.meetingtime", 
  "pk": 314
 }, 
 {
  "fields": {
   "end_day": "2011-12-05", 
   "end_time": "10:20:00", 
   "exam": false, 
   "labtut_section": null, 
   "meeting_type": "LEC", 
   "offering": 135, 
   "room": "SUR2740", 
   "start_day": "2011-09-06", 
   "start_time": "09:30:00", 
   "weekday": 0
  }, 
  "model": "coredata.meetingtime", 
  "pk": 315
 }, 
 {
  "fields": {
   "end_day": "2011-12-05", 
   "end_time": "11:20:00", 
   "exam": false, 
   "labtut_section": null, 
   "meeting_type": "LEC", 
   "offering": 136, 
   "room": "AQ5030", 
   "start_day": "2011-09-06", 
   "start_time": "10:30:00", 
   "weekday": 0
  }, 
  "model": "coredata.meetingtime", 
  "pk": 323
 }, 
 {
  "fields": {
   "end_day": "2011-12-05", 
   "end_time": "19:20:00", 
   "exam": false, 
   "labtut_section": null, 
   "meeting_type": "LEC", 
   "offering": 139, 
   "room": "AQ5008", 
   "start_day": "2011-09-06", 
   "start_time": "16:30:00", 
   "weekday": 0
  }, 
  "model": "coredata.meetingtime", 
  "pk": 329
 }, 
 {
  "fields": {
   "end_day": "2011-12-05", 
   "end_time": "11:20:00", 
   "exam": false, 
   "labtut_section": null, 
   "meeting_type": "LEC", 
   "offering": 142, 
   "room": "AQ5006", 
   "start_day": "2011-09-06", 
   "start_time": "10:30:00", 
   "weekday": 0
  }, 
  "model": "coredata.meetingtime", 
  "pk": 336
 }, 
 {
  "fields": {
   "end_day": "2011-12-05", 
   "end_time": "15:20:00", 
   "exam": false, 
   "labtut_section": null, 
   "meeting_type": "LEC", 
   "offering": 145, 
   "room": "AQ4150", 
   "start_day": "2011-09-06", 
   "start_time": "14:30:00", 
   "weekday": 0
  }, 
  "model": "coredata.meetingtime", 
  "pk": 344
 }, 
 {
  "fields": {
   "end_day": "2011-12-05", 
   "end_time": "15:20:00", 
   "exam": false, 
   "labtut_section": null, 
   "meeting_type": "LEC", 
   "offering": 146, 
   "room": "SUR3040", 
   "start_day": "2011-09-06", 
   "start_time": "14:30:00", 
   "weekday": 0
  }, 
  "model": "coredata.meetingtime", 
  "pk": 345
 }, 
 {
  "fields": {
   "end_day": "2011-12-05", 
   "end_time": "17:20:00", 
   "exam": false, 
   "labtut_section": "D101", 
   "meeting_type": "LAB", 
   "offering": 146, 
   "room": "SUR3260", 
   "start_day": "2011-09-06", 
   "start_time": "15:30:00", 
   "weekday": 0
  }, 
  "model": "coredata.meetingtime", 
  "pk": 349
 }, 
 {
  "fields": {
   "end_day": "2011-12-05", 
   "end_time": "17:20:00", 
   "exam": false, 
   "labtut_section": "D102", 
   "meeting_type": "LAB", 
   "offering": 146, 
   "room": "SUR5060", 
   "start_day": "2011-09-06", 
   "start_time": "15:30:00", 
   "weekday": 0
  }, 
  "model": "coredata.meetingtime", 
  "pk": 350
 }, 
 {
  "fields": {
   "end_day": "2011-12-05", 
   "end_time": "12:20:00", 
   "exam": false, 
   "labtut_section": null, 
   "meeting_type": "LEC", 
   "offering": 147, 
   "room": "SUR3340", 
   "start_day": "2011-09-06", 
   "start_time": "11:30:00", 
   "weekday": 0
  }, 
  "model": "coredata.meetingtime", 
  "pk": 353
 }, 
 {
  "fields": {
   "end_day": "2011-12-05", 
   "end_time": "13:20:00", 
   "exam": false, 
   "labtut_section": null, 
   "meeting_type": "LEC", 
   "offering": 149, 
   "room": "SUR5080", 
   "start_day": "2011-09-06", 
   "start_time": "12:30:00", 
   "weekday": 0
  }, 
  "model": "coredata.meetingtime", 
  "pk": 360
 }, 
 {
  "fields": {
   "end_day": "2011-12-05", 
   "end_time": "19:20:00", 
   "exam": false, 
   "labtut_section": null, 
   "meeting_type": "LEC", 
   "offering": 150, 
   "room": "AQ5008", 
   "start_day": "2011-09-06", 
   "start_time": "16:30:00", 
   "weekday": 0
  }, 
  "model": "coredata.meetingtime", 
  "pk": 364
 }, 
 {
  "fields": {
   "end_day": "2011-12-05", 
   "end_time": "13:20:00", 
   "exam": false, 
   "labtut_section": null, 
   "meeting_type": "LEC", 
   "offering": 151, 
   "room": "SUR5080", 
   "start_day": "2011-09-06", 
   "start_time": "12:30:00", 
   "weekday": 0
  }, 
  "model": "coredata.meetingtime", 
  "pk": 366
 }, 
 {
  "fields": {
   "end_day": "2011-12-05", 
   "end_time": "13:20:00", 
   "exam": false, 
   "labtut_section": null, 
   "meeting_type": "LEC", 
   "offering": 154, 
   "room": "SUR3340", 
   "start_day": "2011-09-06", 
   "start_time": "12:30:00", 
   "weekday": 0
  }, 
  "model": "coredata.meetingtime", 
  "pk": 370
 }, 
 {
  "fields": {
   "end_day": "2011-12-05", 
   "end_time": "15:20:00", 
   "exam": false, 
   "labtut_section": null, 
   "meeting_type": "LEC", 
   "offering": 155, 
   "room": "SUR2750", 
   "start_day": "2011-09-06", 
   "start_time": "14:30:00", 
   "weekday": 0
  }, 
  "model": "coredata.meetingtime", 
  "pk": 374
 }, 
 {
  "fields": {
   "end_day": "2011-12-05", 
   "end_time": "10:20:00", 
   "exam": false, 
   "labtut_section": null, 
   "meeting_type": "LEC", 
   "offering": 156, 
   "room": "SUR2600", 
   "start_day": "2011-09-06", 
   "start_time": "09:30:00", 
   "weekday": 0
  }, 
  "model": "coredata.meetingtime", 
  "pk": 380
 }, 
 {
  "fields": {
   "end_day": "2011-08-08", 
   "end_time": "15:20:00", 
   "exam": false, 
   "labtut_section": null, 
   "meeting_type": "LEC", 
   "offering": 166, 
   "room": "C9002", 
   "start_day": "2011-05-09", 
   "start_time": "14:30:00", 
   "weekday": 0
  }, 
  "model": "coredata.meetingtime", 
  "pk": 392
 }, 
 {
  "fields": {
   "end_day": "2011-12-05", 
   "end_time": "16:20:00", 
   "exam": false, 
   "labtut_section": null, 
   "meeting_type": "LEC", 
   "offering": 167, 
   "room": "EDB7618", 
   "start_day": "2011-09-06", 
   "start_time": "15:30:00", 
   "weekday": 0
  }, 
  "model": "coredata.meetingtime", 
  "pk": 402
 }, 
 {
  "fields": {
   "end_day": "2011-12-12", 
   "end_time": "18:30:00", 
   "exam": false, 
   "labtut_section": null, 
   "meeting_type": "EXAM", 
   "offering": 167, 
   "room": "", 
   "start_day": "2011-12-12", 
   "start_time": "15:30:00", 
   "weekday": 0
  }, 
  "model": "coredata.meetingtime", 
  "pk": 405
 }, 
 {
  "fields": {
   "end_day": "2011-12-05", 
   "end_time": "14:20:00", 
   "exam": false, 
   "labtut_section": null, 
   "meeting_type": "LEC", 
   "offering": 168, 
   "room": "SUR5280", 
   "start_day": "2011-09-06", 
   "start_time": "13:30:00", 
   "weekday": 0
  }, 
  "model": "coredata.meetingtime", 
  "pk": 414
 }, 
 {
  "fields": {
   "end_day": "2011-08-08", 
   "end_time": "13:20:00", 
   "exam": false, 
   "labtut_section": null, 
   "meeting_type": "LEC", 
   "offering": 10, 
   "room": "WMC3250", 
   "start_day": "2011-05-09", 
   "start_time": "11:30:00", 
   "weekday": 1
  }, 
  "model": "coredata.meetingtime", 
  "pk": 4
 }, 
 {
  "fields": {
   "end_day": "2011-12-05", 
   "end_time": "16:20:00", 
   "exam": false, 
   "labtut_section": null, 
   "meeting_type": "LEC", 
   "offering": 12, 
   "room": "AQ5030", 
   "start_day": "2011-09-06", 
   "start_time": "14:30:00", 
   "weekday": 1
  }, 
  "model": "coredata.meetingtime", 
  "pk": 6
 }, 
 {
  "fields": {
   "end_day": "2011-12-05", 
   "end_time": "14:20:00", 
   "exam": false, 
   "labtut_section": null, 
   "meeting_type": "LEC", 
   "offering": 14, 
   "room": "WMC2268", 
   "start_day": "2011-09-06", 
   "start_time": "13:30:00", 
   "weekday": 1
  }, 
  "model": "coredata.meetingtime", 
  "pk": 11
 }, 
 {
  "fields": {
   "end_day": "2011-12-05", 
   "end_time": "16:20:00", 
   "exam": false, 
   "labtut_section": null, 
   "meeting_type": "LEC", 
   "offering": 17, 
   "room": "C9000", 
   "start_day": "2011-09-06", 
   "start_time": "15:30:00", 
   "weekday": 1
  }, 
  "model": "coredata.meetingtime", 
  "pk": 15
 }, 
 {
  "fields": {
   "end_day": "2011-08-08", 
   "end_time": "11:20:00", 
   "exam": false, 
   "labtut_section": null, 
   "meeting_type": "LEC", 
   "offering": 19, 
   "room": "AQ3150", 
   "start_day": "2011-05-09", 
   "start_time": "10:30:00", 
   "weekday": 1
  }, 
  "model": "coredata.meetingtime", 
  "pk": 22
 }, 
 {
  "fields": {
   "end_day": "2011-08-16", 
   "end_time": "22:00:00", 
   "exam": false, 
   "labtut_section": null, 
   "meeting_type": "EXAM", 
   "offering": 21, 
   "room": "AQ3005", 
   "start_day": "2011-08-16", 
   "start_time": "19:00:00", 
   "weekday": 1
  }, 
  "model": "coredata.meetingtime", 
  "pk": 28
 }, 
 {
  "fields": {
   "end_day": "2011-12-05", 
   "end_time": "17:20:00", 
   "exam": false, 
   "labtut_section": null, 
   "meeting_type": "LEC", 
   "offering": 22, 
   "room": "AQ5037", 
   "start_day": "2011-09-06", 
   "start_time": "16:30:00", 
   "weekday": 1
  }, 
  "model": "coredata.meetingtime", 
  "pk": 29
 }, 
 {
  "fields": {
   "end_day": "2011-06-20", 
   "end_time": "17:20:00", 
   "exam": false, 
   "labtut_section": null, 
   "meeting_type": "LEC", 
   "offering": 71, 
   "room": "AQ3159", 
   "start_day": "2011-05-09", 
   "start_time": "14:30:00", 
   "weekday": 1
  }, 
  "model": "coredata.meetingtime", 
  "pk": 47
 }, 
 {
  "fields": {
   "end_day": "2011-12-05", 
   "end_time": "16:20:00", 
   "exam": false, 
   "labtut_section": null, 
   "meeting_type": "LEC", 
   "offering": 72, 
   "room": "WMC2532", 
   "start_day": "2011-09-06", 
   "start_time": "14:30:00", 
   "weekday": 1
  }, 
  "model": "coredata.meetingtime", 
  "pk": 49
 }, 
 {
  "fields": {
   "end_day": "2011-12-05", 
   "end_time": "13:20:00", 
   "exam": false, 
   "labtut_section": null, 
   "meeting_type": "LEC", 
   "offering": 78, 
   "room": "AQ3003", 
   "start_day": "2011-09-06", 
   "start_time": "11:30:00", 
   "weekday": 1
  }, 
  "model": "coredata.meetingtime", 
  "pk": 67
 }, 
 {
  "fields": {
   "end_day": "2011-12-05", 
   "end_time": "11:20:00", 
   "exam": false, 
   "labtut_section": null, 
   "meeting_type": "LEC", 
   "offering": 80, 
   "room": "AQ3003", 
   "start_day": "2011-09-06", 
   "start_time": "10:30:00", 
   "weekday": 1
  }, 
  "model": "coredata.meetingtime", 
  "pk": 74
 }, 
 {
  "fields": {
   "end_day": "2011-08-16", 
   "end_time": "15:00:00", 
   "exam": false, 
   "labtut_section": null, 
   "meeting_type": "EXAM", 
   "offering": 83, 
   "room": "WMC3260", 
   "start_day": "2011-08-16", 
   "start_time": "12:00:00", 
   "weekday": 1
  }, 
  "model": "coredata.meetingtime", 
  "pk": 84
 }, 
 {
  "fields": {
   "end_day": "2011-12-05", 
   "end_time": "16:20:00", 
   "exam": false, 
   "labtut_section": null, 
   "meeting_type": "LEC", 
   "offering": 86, 
   "room": "AQ3003", 
   "start_day": "2011-09-06", 
   "start_time": "14:30:00", 
   "weekday": 1
  }, 
  "model": "coredata.meetingtime", 
  "pk": 93
 }, 
 {
  "fields": {
   "end_day": "2011-12-05", 
   "end_time": "14:20:00", 
   "exam": false, 
   "labtut_section": null, 
   "meeting_type": "LEC", 
   "offering": 89, 
   "room": "AQ3003", 
   "start_day": "2011-09-06", 
   "start_time": "13:30:00", 
   "weekday": 1
  }, 
  "model": "coredata.meetingtime", 
  "pk": 104
 }, 
 {
  "fields": {
   "end_day": "2011-12-13", 
   "end_time": "18:30:00", 
   "exam": false, 
   "labtut_section": null, 
   "meeting_type": "EXAM", 
   "offering": 89, 
   "room": "", 
   "start_day": "2011-12-13", 
   "start_time": "15:30:00", 
   "weekday": 1
  }, 
  "model": "coredata.meetingtime", 
  "pk": 106
 }, 
 {
  "fields": {
   "end_day": "2011-08-16", 
   "end_time": "22:00:00", 
   "exam": false, 
   "labtut_section": null, 
   "meeting_type": "EXAM", 
   "offering": 91, 
   "room": "HCC1900", 
   "start_day": "2011-08-16", 
   "start_time": "19:00:00", 
   "weekday": 1
  }, 
  "model": "coredata.meetingtime", 
  "pk": 110
 }, 
 {
  "fields": {
   "end_day": "2011-12-05", 
   "end_time": "11:20:00", 
   "exam": false, 
   "labtut_section": "D101", 
   "meeting_type": "LAB", 
   "offering": 94, 
   "room": "ASB9838", 
   "start_day": "2011-09-06", 
   "start_time": "10:30:00", 
   "weekday": 1
  }, 
  "model": "coredata.meetingtime", 
  "pk": 117
 }, 
 {
  "fields": {
   "end_day": "2011-12-05", 
   "end_time": "12:20:00", 
   "exam": false, 
   "labtut_section": "D102", 
   "meeting_type": "LAB", 
   "offering": 94, 
   "room": "ASB9838", 
   "start_day": "2011-09-06", 
   "start_time": "11:30:00", 
   "weekday": 1
  }, 
  "model": "coredata.meetingtime", 
  "pk": 118
 }, 
 {
  "fields": {
   "end_day": "2011-12-05", 
   "end_time": "13:20:00", 
   "exam": false, 
   "labtut_section": "D103", 
   "meeting_type": "LAB", 
   "offering": 94, 
   "room": "ASB9838", 
   "start_day": "2011-09-06", 
   "start_time": "12:30:00", 
   "weekday": 1
  }, 
  "model": "coredata.meetingtime", 
  "pk": 119
 }, 
 {
  "fields": {
   "end_day": "2011-12-05", 
   "end_time": "14:20:00", 
   "exam": false, 
   "labtut_section": "D104", 
   "meeting_type": "LAB", 
   "offering": 94, 
   "room": "ASB9838", 
   "start_day": "2011-09-06", 
   "start_time": "13:30:00", 
   "weekday": 1
  }, 
  "model": "coredata.meetingtime", 
  "pk": 120
 }, 
 {
  "fields": {
   "end_day": "2011-12-05", 
   "end_time": "15:20:00", 
   "exam": false, 
   "labtut_section": "D105", 
   "meeting_type": "LAB", 
   "offering": 94, 
   "room": "ASB9838", 
   "start_day": "2011-09-06", 
   "start_time": "14:30:00", 
   "weekday": 1
  }, 
  "model": "coredata.meetingtime", 
  "pk": 121
 }, 
 {
  "fields": {
   "end_day": "2011-08-08", 
   "end_time": "14:20:00", 
   "exam": false, 
   "labtut_section": "D106", 
   "meeting_type": "LAB", 
   "offering": 97, 
   "room": "ASB9838", 
   "start_day": "2011-05-09", 
   "start_time": "13:30:00", 
   "weekday": 1
  }, 
  "model": "coredata.meetingtime", 
  "pk": 140
 }, 
 {
  "fields": {
   "end_day": "2011-08-08", 
   "end_time": "15:20:00", 
   "exam": false, 
   "labtut_section": "D107", 
   "meeting_type": "LAB", 
   "offering": 97, 
   "room": "ASB9838", 
   "start_day": "2011-05-09", 
   "start_time": "14:30:00", 
   "weekday": 1
  }, 
  "model": "coredata.meetingtime", 
  "pk": 141
 }, 
 {
  "fields": {
   "end_day": "2011-08-08", 
   "end_time": "16:20:00", 
   "exam": false, 
   "labtut_section": "D108", 
   "meeting_type": "LAB", 
   "offering": 97, 
   "room": "ASB9838", 
   "start_day": "2011-05-09", 
   "start_time": "15:30:00", 
   "weekday": 1
  }, 
  "model": "coredata.meetingtime", 
  "pk": 142
 }, 
 {
  "fields": {
   "end_day": "2011-10-25", 
   "end_time": "19:50:00", 
   "exam": false, 
   "labtut_section": null, 
   "meeting_type": "MIDT", 
   "offering": 99, 
   "room": "", 
   "start_day": "2011-10-25", 
   "start_time": "19:00:00", 
   "weekday": 1
  }, 
  "model": "coredata.meetingtime", 
  "pk": 144
 }, 
 {
  "fields": {
   "end_day": "2011-08-16", 
   "end_time": "18:30:00", 
   "exam": false, 
   "labtut_section": null, 
   "meeting_type": "EXAM", 
   "offering": 104, 
   "room": "AQ3153", 
   "start_day": "2011-08-16", 
   "start_time": "15:30:00", 
   "weekday": 1
  }, 
  "model": "coredata.meetingtime", 
  "pk": 182
 }, 
 {
  "fields": {
   "end_day": "2011-12-05", 
   "end_time": "11:20:00", 
   "exam": false, 
   "labtut_section": null, 
   "meeting_type": "LEC", 
   "offering": 111, 
   "room": "WMC2268", 
   "start_day": "2011-09-06", 
   "start_time": "10:30:00", 
   "weekday": 1
  }, 
  "model": "coredata.meetingtime", 
  "pk": 195
 }, 
 {
  "fields": {
   "end_day": "2011-08-08", 
   "end_time": "16:20:00", 
   "exam": false, 
   "labtut_section": null, 
   "meeting_type": "LEC", 
   "offering": 118, 
   "room": "AQ3181", 
   "start_day": "2011-05-09", 
   "start_time": "14:30:00", 
   "weekday": 1
  }, 
  "model": "coredata.meetingtime", 
  "pk": 211
 }, 
 {
  "fields": {
   "end_day": "2011-08-16", 
   "end_time": "11:30:00", 
   "exam": false, 
   "labtut_section": null, 
   "meeting_type": "EXAM", 
   "offering": 118, 
   "room": "B9201", 
   "start_day": "2011-08-16", 
   "start_time": "08:30:00", 
   "weekday": 1
  }, 
  "model": "coredata.meetingtime", 
  "pk": 213
 }, 
 {
  "fields": {
   "end_day": "2011-08-16", 
   "end_time": "11:30:00", 
   "exam": false, 
   "labtut_section": null, 
   "meeting_type": "EXAM", 
   "offering": 118, 
   "room": "AQ3005", 
   "start_day": "2011-08-16", 
   "start_time": "08:30:00", 
   "weekday": 1
  }, 
  "model": "coredata.meetingtime", 
  "pk": 214
 }, 
 {
  "fields": {
   "end_day": "2011-08-08", 
   "end_time": "11:20:00", 
   "exam": false, 
   "labtut_section": "D101", 
   "meeting_type": "LAB", 
   "offering": 118, 
   "room": "ASB9838", 
   "start_day": "2011-05-09", 
   "start_time": "09:30:00", 
   "weekday": 1
  }, 
  "model": "coredata.meetingtime", 
  "pk": 215
 }, 
 {
  "fields": {
   "end_day": "2011-08-08", 
   "end_time": "11:20:00", 
   "exam": false, 
   "labtut_section": "D102", 
   "meeting_type": "LAB", 
   "offering": 118, 
   "room": "ASB9838", 
   "start_day": "2011-05-09", 
   "start_time": "09:30:00", 
   "weekday": 1
  }, 
  "model": "coredata.meetingtime", 
  "pk": 216
 }, 
 {
  "fields": {
   "end_day": "2011-08-08", 
   "end_time": "13:20:00", 
   "exam": false, 
   "labtut_section": "D103", 
   "meeting_type": "LAB", 
   "offering": 118, 
   "room": "ASB9838", 
   "start_day": "2011-05-09", 
   "start_time": "11:30:00", 
   "weekday": 1
  }, 
  "model": "coredata.meetingtime", 
  "pk": 217
 }, 
 {
  "fields": {
   "end_day": "2011-08-08", 
   "end_time": "13:20:00", 
   "exam": false, 
   "labtut_section": "D104", 
   "meeting_type": "LAB", 
   "offering": 118, 
   "room": "ASB9838", 
   "start_day": "2011-05-09", 
   "start_time": "11:30:00", 
   "weekday": 1
  }, 
  "model": "coredata.meetingtime", 
  "pk": 218
 }, 
 {
  "fields": {
   "end_day": "2011-12-05", 
   "end_time": "11:20:00", 
   "exam": false, 
   "labtut_section": null, 
   "meeting_type": "LEC", 
   "offering": 125, 
   "room": "K9500", 
   "start_day": "2011-09-06", 
   "start_time": "10:30:00", 
   "weekday": 1
  }, 
  "model": "coredata.meetingtime", 
  "pk": 255
 }, 
 {
  "fields": {
   "end_day": "2011-12-05", 
   "end_time": "19:20:00", 
   "exam": false, 
   "labtut_section": null, 
   "meeting_type": "LEC", 
   "offering": 128, 
   "room": "BLU10011", 
   "start_day": "2011-09-06", 
   "start_time": "16:30:00", 
   "weekday": 1
  }, 
  "model": "coredata.meetingtime", 
  "pk": 263
 }, 
 {
  "fields": {
   "end_day": "2011-12-05", 
   "end_time": "11:20:00", 
   "exam": false, 
   "labtut_section": "D101", 
   "meeting_type": "LAB", 
   "offering": 130, 
   "room": "ASB9838", 
   "start_day": "2011-09-06", 
   "start_time": "09:30:00", 
   "weekday": 1
  }, 
  "model": "coredata.meetingtime", 
  "pk": 276
 }, 
 {
  "fields": {
   "end_day": "2011-12-05", 
   "end_time": "11:20:00", 
   "exam": false, 
   "labtut_section": "D102", 
   "meeting_type": "LAB", 
   "offering": 130, 
   "room": "ASB9838", 
   "start_day": "2011-09-06", 
   "start_time": "09:30:00", 
   "weekday": 1
  }, 
  "model": "coredata.meetingtime", 
  "pk": 277
 }, 
 {
  "fields": {
   "end_day": "2011-12-05", 
   "end_time": "17:20:00", 
   "exam": false, 
   "labtut_section": "D103", 
   "meeting_type": "LAB", 
   "offering": 130, 
   "room": "ASB9838", 
   "start_day": "2011-09-06", 
   "start_time": "15:30:00", 
   "weekday": 1
  }, 
  "model": "coredata.meetingtime", 
  "pk": 278
 }, 
 {
  "fields": {
   "end_day": "2011-12-05", 
   "end_time": "17:20:00", 
   "exam": false, 
   "labtut_section": "D104", 
   "meeting_type": "LAB", 
   "offering": 130, 
   "room": "ASB9838", 
   "start_day": "2011-09-06", 
   "start_time": "15:30:00", 
   "weekday": 1
  }, 
  "model": "coredata.meetingtime", 
  "pk": 279
 }, 
 {
  "fields": {
   "end_day": "2011-12-05", 
   "end_time": "11:20:00", 
   "exam": false, 
   "labtut_section": "D105", 
   "meeting_type": "LAB", 
   "offering": 130, 
   "room": "ASB9838", 
   "start_day": "2011-09-06", 
   "start_time": "09:30:00", 
   "weekday": 1
  }, 
  "model": "coredata.meetingtime", 
  "pk": 280
 }, 
 {
  "fields": {
   "end_day": "2011-12-05", 
   "end_time": "11:20:00", 
   "exam": false, 
   "labtut_section": "D201", 
   "meeting_type": "LAB", 
   "offering": 135, 
   "room": "SUR4080", 
   "start_day": "2011-09-06", 
   "start_time": "10:30:00", 
   "weekday": 1
  }, 
  "model": "coredata.meetingtime", 
  "pk": 319
 }, 
 {
  "fields": {
   "end_day": "2011-12-05", 
   "end_time": "12:20:00", 
   "exam": false, 
   "labtut_section": "D202", 
   "meeting_type": "LAB", 
   "offering": 135, 
   "room": "SUR4080", 
   "start_day": "2011-09-06", 
   "start_time": "11:30:00", 
   "weekday": 1
  }, 
  "model": "coredata.meetingtime", 
  "pk": 320
 }, 
 {
  "fields": {
   "end_day": "2011-12-05", 
   "end_time": "13:20:00", 
   "exam": false, 
   "labtut_section": "D203", 
   "meeting_type": "LAB", 
   "offering": 135, 
   "room": "SUR4080", 
   "start_day": "2011-09-06", 
   "start_time": "12:30:00", 
   "weekday": 1
  }, 
  "model": "coredata.meetingtime", 
  "pk": 321
 }, 
 {
  "fields": {
   "end_day": "2011-12-05", 
   "end_time": "14:20:00", 
   "exam": false, 
   "labtut_section": "D204", 
   "meeting_type": "LAB", 
   "offering": 135, 
   "room": "SUR4080", 
   "start_day": "2011-09-06", 
   "start_time": "13:30:00", 
   "weekday": 1
  }, 
  "model": "coredata.meetingtime", 
  "pk": 322
 }, 
 {
  "fields": {
   "end_day": "2011-06-20", 
   "end_time": "17:20:00", 
   "exam": false, 
   "labtut_section": null, 
   "meeting_type": "LEC", 
   "offering": 137, 
   "room": "AQ4120", 
   "start_day": "2011-05-09", 
   "start_time": "14:30:00", 
   "weekday": 1
  }, 
  "model": "coredata.meetingtime", 
  "pk": 327
 }, 
 {
  "fields": {
   "end_day": "2011-12-05", 
   "end_time": "20:20:00", 
   "exam": false, 
   "labtut_section": null, 
   "meeting_type": "LEC", 
   "offering": 140, 
   "room": "RCB8100", 
   "start_day": "2011-09-06", 
   "start_time": "17:30:00", 
   "weekday": 1
  }, 
  "model": "coredata.meetingtime", 
  "pk": 331
 }, 
 {
  "fields": {
   "end_day": "2011-12-05", 
   "end_time": "17:20:00", 
   "exam": false, 
   "labtut_section": null, 
   "meeting_type": "LEC", 
   "offering": 141, 
   "room": "AQ5037", 
   "start_day": "2011-09-06", 
   "start_time": "16:30:00", 
   "weekday": 1
  }, 
  "model": "coredata.meetingtime", 
  "pk": 333
 }, 
 {
  "fields": {
   "end_day": "2011-06-20", 
   "end_time": "17:20:00", 
   "exam": false, 
   "labtut_section": null, 
   "meeting_type": "LEC", 
   "offering": 143, 
   "room": "AQ4120", 
   "start_day": "2011-05-09", 
   "start_time": "14:30:00", 
   "weekday": 1
  }, 
  "model": "coredata.meetingtime", 
  "pk": 339
 }, 
 {
  "fields": {
   "end_day": "2011-08-08", 
   "end_time": "14:20:00", 
   "exam": false, 
   "labtut_section": null, 
   "meeting_type": "LEC", 
   "offering": 148, 
   "room": "WMC2200", 
   "start_day": "2011-05-09", 
   "start_time": "13:30:00", 
   "weekday": 1
  }, 
  "model": "coredata.meetingtime", 
  "pk": 357
 }, 
 {
  "fields": {
   "end_day": "2011-08-16", 
   "end_time": "11:30:00", 
   "exam": false, 
   "labtut_section": null, 
   "meeting_type": "EXAM", 
   "offering": 165, 
   "room": "C9002", 
   "start_day": "2011-08-16", 
   "start_time": "08:30:00", 
   "weekday": 1
  }, 
  "model": "coredata.meetingtime", 
  "pk": 390
 }, 
 {
  "fields": {
   "end_day": "2011-06-28", 
   "end_time": "21:00:00", 
   "exam": false, 
   "labtut_section": null, 
   "meeting_type": "MIDT", 
   "offering": 165, 
   "room": "", 
   "start_day": "2011-06-28", 
   "start_time": "19:00:00", 
   "weekday": 1
  }, 
  "model": "coredata.meetingtime", 
  "pk": 391
 }, 
 {
  "fields": {
   "end_day": "2011-12-05", 
   "end_time": "10:20:00", 
   "exam": false, 
   "labtut_section": "D101", 
   "meeting_type": "LAB", 
   "offering": 167, 
   "room": "RCB5118", 
   "start_day": "2011-09-06", 
   "start_time": "09:30:00", 
   "weekday": 1
  }, 
  "model": "coredata.meetingtime", 
  "pk": 406
 }, 
 {
  "fields": {
   "end_day": "2011-12-05", 
   "end_time": "11:20:00", 
   "exam": false, 
   "labtut_section": "D102", 
   "meeting_type": "LAB", 
   "offering": 167, 
   "room": "AQ5049", 
   "start_day": "2011-09-06", 
   "start_time": "10:30:00", 
   "weekday": 1
  }, 
  "model": "coredata.meetingtime", 
  "pk": 407
 }, 
 {
  "fields": {
   "end_day": "2011-12-05", 
   "end_time": "12:20:00", 
   "exam": false, 
   "labtut_section": "D103", 
   "meeting_type": "LAB", 
   "offering": 167, 
   "room": "WMC2268", 
   "start_day": "2011-09-06", 
   "start_time": "11:30:00", 
   "weekday": 1
  }, 
  "model": "coredata.meetingtime", 
  "pk": 408
 }, 
 {
  "fields": {
   "end_day": "2011-12-05", 
   "end_time": "14:20:00", 
   "exam": false, 
   "labtut_section": "D201", 
   "meeting_type": "LAB", 
   "offering": 168, 
   "room": "SUR5060", 
   "start_day": "2011-09-06", 
   "start_time": "13:30:00", 
   "weekday": 1
  }, 
  "model": "coredata.meetingtime", 
  "pk": 418
 }, 
 {
  "fields": {
   "end_day": "2011-12-05", 
   "end_time": "15:20:00", 
   "exam": false, 
   "labtut_section": "D202", 
   "meeting_type": "LAB", 
   "offering": 168, 
   "room": "SUR5060", 
   "start_day": "2011-09-06", 
   "start_time": "14:30:00", 
   "weekday": 1
  }, 
  "model": "coredata.meetingtime", 
  "pk": 419
 }, 
 {
  "fields": {
   "end_day": "2011-12-05", 
   "end_time": "16:20:00", 
   "exam": false, 
   "labtut_section": "D203", 
   "meeting_type": "LAB", 
   "offering": 168, 
   "room": "SUR5060", 
   "start_day": "2011-09-06", 
   "start_time": "15:30:00", 
   "weekday": 1
  }, 
  "model": "coredata.meetingtime", 
  "pk": 420
 }, 
 {
  "fields": {
   "end_day": "2011-12-05", 
   "end_time": "17:20:00", 
   "exam": false, 
   "labtut_section": "D204", 
   "meeting_type": "LAB", 
   "offering": 168, 
   "room": "SUR5060", 
   "start_day": "2011-09-06", 
   "start_time": "16:30:00", 
   "weekday": 1
  }, 
  "model": "coredata.meetingtime", 
  "pk": 421
 }, 
 {
  "fields": {
   "end_day": "2011-12-05", 
   "end_time": "11:20:00", 
   "exam": false, 
   "labtut_section": null, 
   "meeting_type": "LEC", 
   "offering": 9, 
   "room": "SWH10061", 
   "start_day": "2011-09-06", 
   "start_time": "10:30:00", 
   "weekday": 2
  }, 
  "model": "coredata.meetingtime", 
  "pk": 2
 }, 
 {
  "fields": {
   "end_day": "2011-08-08", 
   "end_time": "14:20:00", 
   "exam": false, 
   "labtut_section": null, 
   "meeting_type": "LEC", 
   "offering": 13, 
   "room": "TASC1-9204", 
   "start_day": "2011-05-09", 
   "start_time": "13:30:00", 
   "weekday": 2
  }, 
  "model": "coredata.meetingtime", 
  "pk": 9
 }, 
 {
  "fields": {
   "end_day": "2011-08-17", 
   "end_time": "22:00:00", 
   "exam": false, 
   "labtut_section": null, 
   "meeting_type": "EXAM", 
   "offering": 16, 
   "room": "HCC1900", 
   "start_day": "2011-08-17", 
   "start_time": "19:00:00", 
   "weekday": 2
  }, 
  "model": "coredata.meetingtime", 
  "pk": 14
 }, 
 {
  "fields": {
   "end_day": "2011-12-05", 
   "end_time": "12:20:00", 
   "exam": false, 
   "labtut_section": null, 
   "meeting_type": "LEC", 
   "offering": 18, 
   "room": "AQ5018", 
   "start_day": "2011-09-06", 
   "start_time": "11:30:00", 
   "weekday": 2
  }, 
  "model": "coredata.meetingtime", 
  "pk": 19
 }, 
 {
  "fields": {
   "end_day": "2011-12-07", 
   "end_time": "15:00:00", 
   "exam": false, 
   "labtut_section": null, 
   "meeting_type": "EXAM", 
   "offering": 18, 
   "room": "", 
   "start_day": "2011-12-07", 
   "start_time": "12:00:00", 
   "weekday": 2
  }, 
  "model": "coredata.meetingtime", 
  "pk": 21
 }, 
 {
  "fields": {
   "end_day": "2011-08-08", 
   "end_time": "15:20:00", 
   "exam": false, 
   "labtut_section": null, 
   "meeting_type": "LEC", 
   "offering": 23, 
   "room": "C9000", 
   "start_day": "2011-05-09", 
   "start_time": "14:30:00", 
   "weekday": 2
  }, 
  "model": "coredata.meetingtime", 
  "pk": 33
 }, 
 {
  "fields": {
   "end_day": "2011-12-05", 
   "end_time": "15:20:00", 
   "exam": false, 
   "labtut_section": null, 
   "meeting_type": "LEC", 
   "offering": 64, 
   "room": "AQ3153", 
   "start_day": "2011-09-06", 
   "start_time": "14:30:00", 
   "weekday": 2
  }, 
  "model": "coredata.meetingtime", 
  "pk": 36
 }, 
 {
  "fields": {
   "end_day": "2011-08-08", 
   "end_time": "16:20:00", 
   "exam": false, 
   "labtut_section": null, 
   "meeting_type": "LEC", 
   "offering": 69, 
   "room": "TASC1-9204", 
   "start_day": "2011-05-09", 
   "start_time": "15:30:00", 
   "weekday": 2
  }, 
  "model": "coredata.meetingtime", 
  "pk": 41
 }, 
 {
  "fields": {
   "end_day": "2011-12-05", 
   "end_time": "15:20:00", 
   "exam": false, 
   "labtut_section": null, 
   "meeting_type": "LEC", 
   "offering": 70, 
   "room": "AQ5030", 
   "start_day": "2011-09-06", 
   "start_time": "14:30:00", 
   "weekday": 2
  }, 
  "model": "coredata.meetingtime", 
  "pk": 44
 }, 
 {
  "fields": {
   "end_day": "2011-12-14", 
   "end_time": "11:30:00", 
   "exam": false, 
   "labtut_section": null, 
   "meeting_type": "EXAM", 
   "offering": 72, 
   "room": "", 
   "start_day": "2011-12-14", 
   "start_time": "08:30:00", 
   "weekday": 2
  }, 
  "model": "coredata.meetingtime", 
  "pk": 51
 }, 
 {
  "fields": {
   "end_day": "2011-08-08", 
   "end_time": "20:20:00", 
   "exam": false, 
   "labtut_section": null, 
   "meeting_type": "LEC", 
   "offering": 73, 
   "room": "HCC1700", 
   "start_day": "2011-05-09", 
   "start_time": "17:30:00", 
   "weekday": 2
  }, 
  "model": "coredata.meetingtime", 
  "pk": 52
 }, 
 {
  "fields": {
   "end_day": "2011-08-10", 
   "end_time": "22:00:00", 
   "exam": false, 
   "labtut_section": null, 
   "meeting_type": "EXAM", 
   "offering": 73, 
   "room": "HCC1900", 
   "start_day": "2011-08-10", 
   "start_time": "19:00:00", 
   "weekday": 2
  }, 
  "model": "coredata.meetingtime", 
  "pk": 53
 }, 
 {
  "fields": {
   "end_day": "2011-12-05", 
   "end_time": "15:20:00", 
   "exam": false, 
   "labtut_section": null, 
   "meeting_type": "LEC", 
   "offering": 74, 
   "room": "BLU10021", 
   "start_day": "2011-09-06", 
   "start_time": "14:30:00", 
   "weekday": 2
  }, 
  "model": "coredata.meetingtime", 
  "pk": 55
 }, 
 {
  "fields": {
   "end_day": "2011-08-08", 
   "end_time": "13:20:00", 
   "exam": false, 
   "labtut_section": null, 
   "meeting_type": "LEC", 
   "offering": 75, 
   "room": "AQ3149", 
   "start_day": "2011-05-09", 
   "start_time": "12:30:00", 
   "weekday": 2
  }, 
  "model": "coredata.meetingtime", 
  "pk": 59
 }, 
 {
  "fields": {
   "end_day": "2011-12-05", 
   "end_time": "13:20:00", 
   "exam": false, 
   "labtut_section": null, 
   "meeting_type": "LEC", 
   "offering": 76, 
   "room": "AQ3005", 
   "start_day": "2011-09-06", 
   "start_time": "12:30:00", 
   "weekday": 2
  }, 
  "model": "coredata.meetingtime", 
  "pk": 62
 }, 
 {
  "fields": {
   "end_day": "2011-08-08", 
   "end_time": "15:20:00", 
   "exam": false, 
   "labtut_section": null, 
   "meeting_type": "LEC", 
   "offering": 79, 
   "room": "BLU9660", 
   "start_day": "2011-05-09", 
   "start_time": "14:30:00", 
   "weekday": 2
  }, 
  "model": "coredata.meetingtime", 
  "pk": 71
 }, 
 {
  "fields": {
   "end_day": "2011-12-14", 
   "end_time": "18:30:00", 
   "exam": false, 
   "labtut_section": null, 
   "meeting_type": "EXAM", 
   "offering": 80, 
   "room": "", 
   "start_day": "2011-12-14", 
   "start_time": "15:30:00", 
   "weekday": 2
  }, 
  "model": "coredata.meetingtime", 
  "pk": 76
 }, 
 {
  "fields": {
   "end_day": "2011-08-08", 
   "end_time": "20:20:00", 
   "exam": false, 
   "labtut_section": null, 
   "meeting_type": "LEC", 
   "offering": 81, 
   "room": "K9500", 
   "start_day": "2011-05-09", 
   "start_time": "17:30:00", 
   "weekday": 2
  }, 
  "model": "coredata.meetingtime", 
  "pk": 77
 }, 
 {
  "fields": {
   "end_day": "2011-12-07", 
   "end_time": "22:00:00", 
   "exam": false, 
   "labtut_section": null, 
   "meeting_type": "EXAM", 
   "offering": 82, 
   "room": "", 
   "start_day": "2011-12-07", 
   "start_time": "19:00:00", 
   "weekday": 2
  }, 
  "model": "coredata.meetingtime", 
  "pk": 80
 }, 
 {
  "fields": {
   "end_day": "2011-08-08", 
   "end_time": "11:20:00", 
   "exam": false, 
   "labtut_section": null, 
   "meeting_type": "LEC", 
   "offering": 83, 
   "room": "AQ3149", 
   "start_day": "2011-05-09", 
   "start_time": "10:30:00", 
   "weekday": 2
  }, 
  "model": "coredata.meetingtime", 
  "pk": 82
 }, 
 {
  "fields": {
   "end_day": "2011-12-05", 
   "end_time": "14:20:00", 
   "exam": false, 
   "labtut_section": null, 
   "meeting_type": "LEC", 
   "offering": 84, 
   "room": "AQ3005", 
   "start_day": "2011-09-06", 
   "start_time": "13:30:00", 
   "weekday": 2
  }, 
  "model": "coredata.meetingtime", 
  "pk": 86
 }, 
 {
  "fields": {
   "end_day": "2011-08-08", 
   "end_time": "12:20:00", 
   "exam": false, 
   "labtut_section": null, 
   "meeting_type": "LEC", 
   "offering": 85, 
   "room": "AQ3005", 
   "start_day": "2011-05-09", 
   "start_time": "11:30:00", 
   "weekday": 2
  }, 
  "model": "coredata.meetingtime", 
  "pk": 90
 }, 
 {
  "fields": {
   "end_day": "2011-08-10", 
   "end_time": "15:00:00", 
   "exam": false, 
   "labtut_section": null, 
   "meeting_type": "EXAM", 
   "offering": 85, 
   "room": "AQ3181", 
   "start_day": "2011-08-10", 
   "start_time": "12:00:00", 
   "weekday": 2
  }, 
  "model": "coredata.meetingtime", 
  "pk": 92
 }, 
 {
  "fields": {
   "end_day": "2011-12-14", 
   "end_time": "11:30:00", 
   "exam": false, 
   "labtut_section": null, 
   "meeting_type": "EXAM", 
   "offering": 86, 
   "room": "", 
   "start_day": "2011-12-14", 
   "start_time": "08:30:00", 
   "weekday": 2
  }, 
  "model": "coredata.meetingtime", 
  "pk": 95
 }, 
 {
  "fields": {
   "end_day": "2011-12-05", 
   "end_time": "13:20:00", 
   "exam": false, 
   "labtut_section": null, 
   "meeting_type": "LEC", 
   "offering": 87, 
   "room": "SUR5100", 
   "start_day": "2011-09-06", 
   "start_time": "12:30:00", 
   "weekday": 2
  }, 
  "model": "coredata.meetingtime", 
  "pk": 97
 }, 
 {
  "fields": {
   "end_day": "2011-08-08", 
   "end_time": "10:20:00", 
   "exam": false, 
   "labtut_section": null, 
   "meeting_type": "LEC", 
   "offering": 88, 
   "room": "WMC3260", 
   "start_day": "2011-05-09", 
   "start_time": "09:30:00", 
   "weekday": 2
  }, 
  "model": "coredata.meetingtime", 
  "pk": 101
 }, 
 {
  "fields": {
   "end_day": "2011-12-05", 
   "end_time": "20:20:00", 
   "exam": false, 
   "labtut_section": null, 
   "meeting_type": "LEC", 
   "offering": 90, 
   "room": "RCB8100", 
   "start_day": "2011-09-06", 
   "start_time": "17:30:00", 
   "weekday": 2
  }, 
  "model": "coredata.meetingtime", 
  "pk": 107
 }, 
 {
  "fields": {
   "end_day": "2011-12-05", 
   "end_time": "12:20:00", 
   "exam": false, 
   "labtut_section": null, 
   "meeting_type": "LEC", 
   "offering": 94, 
   "room": "WMC3260", 
   "start_day": "2011-09-06", 
   "start_time": "11:30:00", 
   "weekday": 2
  }, 
  "model": "coredata.meetingtime", 
  "pk": 114
 }, 
 {
  "fields": {
   "end_day": "2011-12-05", 
   "end_time": "15:20:00", 
   "exam": false, 
   "labtut_section": null, 
   "meeting_type": "LEC", 
   "offering": 95, 
   "room": "SUR3340", 
   "start_day": "2011-09-06", 
   "start_time": "14:30:00", 
   "weekday": 2
  }, 
  "model": "coredata.meetingtime", 
  "pk": 123
 }, 
 {
  "fields": {
   "end_day": "2011-08-08", 
   "end_time": "11:20:00", 
   "exam": false, 
   "labtut_section": null, 
   "meeting_type": "LEC", 
   "offering": 97, 
   "room": "WMC3520", 
   "start_day": "2011-05-09", 
   "start_time": "10:30:00", 
   "weekday": 2
  }, 
  "model": "coredata.meetingtime", 
  "pk": 131
 }, 
 {
  "fields": {
   "end_day": "2011-12-07", 
   "end_time": "15:00:00", 
   "exam": false, 
   "labtut_section": null, 
   "meeting_type": "EXAM", 
   "offering": 99, 
   "room": "", 
   "start_day": "2011-12-07", 
   "start_time": "12:00:00", 
   "weekday": 2
  }, 
  "model": "coredata.meetingtime", 
  "pk": 143
 }, 
 {
  "fields": {
   "end_day": "2011-12-05", 
   "end_time": "16:20:00", 
   "exam": false, 
   "labtut_section": null, 
   "meeting_type": "LEC", 
   "offering": 100, 
   "room": "SWH10081", 
   "start_day": "2011-09-06", 
   "start_time": "15:30:00", 
   "weekday": 2
  }, 
  "model": "coredata.meetingtime", 
  "pk": 146
 }, 
 {
  "fields": {
   "end_day": "2011-12-05", 
   "end_time": "15:20:00", 
   "exam": false, 
   "labtut_section": null, 
   "meeting_type": "LEC", 
   "offering": 101, 
   "room": "SUR3310", 
   "start_day": "2011-09-06", 
   "start_time": "14:30:00", 
   "weekday": 2
  }, 
  "model": "coredata.meetingtime", 
  "pk": 158
 }, 
 {
  "fields": {
   "end_day": "2011-08-08", 
   "end_time": "16:20:00", 
   "exam": false, 
   "labtut_section": null, 
   "meeting_type": "LEC", 
   "offering": 102, 
   "room": "AQ3154", 
   "start_day": "2011-05-09", 
   "start_time": "15:30:00", 
   "weekday": 2
  }, 
  "model": "coredata.meetingtime", 
  "pk": 166
 }, 
 {
  "fields": {
   "end_day": "2011-08-08", 
   "end_time": "14:20:00", 
   "exam": false, 
   "labtut_section": "D101", 
   "meeting_type": "LAB", 
   "offering": 102, 
   "room": "ASB9838", 
   "start_day": "2011-05-09", 
   "start_time": "13:30:00", 
   "weekday": 2
  }, 
  "model": "coredata.meetingtime", 
  "pk": 169
 }, 
 {
  "fields": {
   "end_day": "2011-08-08", 
   "end_time": "11:20:00", 
   "exam": false, 
   "labtut_section": "D102", 
   "meeting_type": "LAB", 
   "offering": 102, 
   "room": "ASB9838", 
   "start_day": "2011-05-09", 
   "start_time": "10:30:00", 
   "weekday": 2
  }, 
  "model": "coredata.meetingtime", 
  "pk": 170
 }, 
 {
  "fields": {
   "end_day": "2011-08-08", 
   "end_time": "12:20:00", 
   "exam": false, 
   "labtut_section": "D103", 
   "meeting_type": "LAB", 
   "offering": 102, 
   "room": "ASB9838", 
   "start_day": "2011-05-09", 
   "start_time": "11:30:00", 
   "weekday": 2
  }, 
  "model": "coredata.meetingtime", 
  "pk": 171
 }, 
 {
  "fields": {
   "end_day": "2011-08-08", 
   "end_time": "13:20:00", 
   "exam": false, 
   "labtut_section": "D104", 
   "meeting_type": "LAB", 
   "offering": 102, 
   "room": "ASB9838", 
   "start_day": "2011-05-09", 
   "start_time": "12:30:00", 
   "weekday": 2
  }, 
  "model": "coredata.meetingtime", 
  "pk": 172
 }, 
 {
  "fields": {
   "end_day": "2011-12-05", 
   "end_time": "13:20:00", 
   "exam": false, 
   "labtut_section": null, 
   "meeting_type": "LEC", 
   "offering": 103, 
   "room": "RBCIMAGTH", 
   "start_day": "2011-09-06", 
   "start_time": "12:30:00", 
   "weekday": 2
  }, 
  "model": "coredata.meetingtime", 
  "pk": 174
 }, 
 {
  "fields": {
   "end_day": "2011-06-29", 
   "end_time": "20:30:00", 
   "exam": false, 
   "labtut_section": null, 
   "meeting_type": "MIDT", 
   "offering": 104, 
   "room": "", 
   "start_day": "2011-06-29", 
   "start_time": "19:00:00", 
   "weekday": 2
  }, 
  "model": "coredata.meetingtime", 
  "pk": 183
 }, 
 {
  "fields": {
   "end_day": "2011-12-05", 
   "end_time": "10:20:00", 
   "exam": false, 
   "labtut_section": null, 
   "meeting_type": "LEC", 
   "offering": 105, 
   "room": "C9000", 
   "start_day": "2011-09-06", 
   "start_time": "09:30:00", 
   "weekday": 2
  }, 
  "model": "coredata.meetingtime", 
  "pk": 185
 }, 
 {
  "fields": {
   "end_day": "2011-12-05", 
   "end_time": "15:20:00", 
   "exam": false, 
   "labtut_section": null, 
   "meeting_type": "LEC", 
   "offering": 106, 
   "room": "ASB9838", 
   "start_day": "2011-09-06", 
   "start_time": "14:30:00", 
   "weekday": 2
  }, 
  "model": "coredata.meetingtime", 
  "pk": 189
 }, 
 {
  "fields": {
   "end_day": "2011-12-05", 
   "end_time": "15:20:00", 
   "exam": false, 
   "labtut_section": null, 
   "meeting_type": "LEC", 
   "offering": 108, 
   "room": "SUR3170", 
   "start_day": "2011-09-06", 
   "start_time": "14:30:00", 
   "weekday": 2
  }, 
  "model": "coredata.meetingtime", 
  "pk": 193
 }, 
 {
  "fields": {
   "end_day": "2011-12-05", 
   "end_time": "13:20:00", 
   "exam": false, 
   "labtut_section": null, 
   "meeting_type": "LEC", 
   "offering": 112, 
   "room": "AQ5006", 
   "start_day": "2011-09-06", 
   "start_time": "12:30:00", 
   "weekday": 2
  }, 
  "model": "coredata.meetingtime", 
  "pk": 198
 }, 
 {
  "fields": {
   "end_day": "2011-12-05", 
   "end_time": "15:20:00", 
   "exam": false, 
   "labtut_section": null, 
   "meeting_type": "LEC", 
   "offering": 113, 
   "room": "SUR3170", 
   "start_day": "2011-09-06", 
   "start_time": "14:30:00", 
   "weekday": 2
  }, 
  "model": "coredata.meetingtime", 
  "pk": 200
 }, 
 {
  "fields": {
   "end_day": "2011-08-08", 
   "end_time": "16:20:00", 
   "exam": false, 
   "labtut_section": null, 
   "meeting_type": "LEC", 
   "offering": 114, 
   "room": "TASC1-9204", 
   "start_day": "2011-05-09", 
   "start_time": "15:30:00", 
   "weekday": 2
  }, 
  "model": "coredata.meetingtime", 
  "pk": 204
 }, 
 {
  "fields": {
   "end_day": "2011-12-05", 
   "end_time": "12:20:00", 
   "exam": false, 
   "labtut_section": null, 
   "meeting_type": "LEC", 
   "offering": 115, 
   "room": "AQ5030", 
   "start_day": "2011-09-06", 
   "start_time": "11:30:00", 
   "weekday": 2
  }, 
  "model": "coredata.meetingtime", 
  "pk": 207
 }, 
 {
  "fields": {
   "end_day": "2011-08-08", 
   "end_time": "11:20:00", 
   "exam": false, 
   "labtut_section": null, 
   "meeting_type": "LEC", 
   "offering": 117, 
   "room": "SWH10061", 
   "start_day": "2011-05-09", 
   "start_time": "10:30:00", 
   "weekday": 2
  }, 
  "model": "coredata.meetingtime", 
  "pk": 210
 }, 
 {
  "fields": {
   "end_day": "2011-08-08", 
   "end_time": "11:20:00", 
   "exam": false, 
   "labtut_section": "D105", 
   "meeting_type": "LAB", 
   "offering": 118, 
   "room": "ASB9838", 
   "start_day": "2011-05-09", 
   "start_time": "09:30:00", 
   "weekday": 2
  }, 
  "model": "coredata.meetingtime", 
  "pk": 219
 }, 
 {
  "fields": {
   "end_day": "2011-08-08", 
   "end_time": "13:20:00", 
   "exam": false, 
   "labtut_section": "D106", 
   "meeting_type": "LAB", 
   "offering": 118, 
   "room": "ASB9838", 
   "start_day": "2011-05-09", 
   "start_time": "11:30:00", 
   "weekday": 2
  }, 
  "model": "coredata.meetingtime", 
  "pk": 220
 }, 
 {
  "fields": {
   "end_day": "2011-08-08", 
   "end_time": "15:20:00", 
   "exam": false, 
   "labtut_section": "D107", 
   "meeting_type": "LAB", 
   "offering": 118, 
   "room": "ASB9838", 
   "start_day": "2011-05-09", 
   "start_time": "13:30:00", 
   "weekday": 2
  }, 
  "model": "coredata.meetingtime", 
  "pk": 221
 }, 
 {
  "fields": {
   "end_day": "2011-08-08", 
   "end_time": "17:20:00", 
   "exam": false, 
   "labtut_section": "D108", 
   "meeting_type": "LAB", 
   "offering": 118, 
   "room": "ASB9838", 
   "start_day": "2011-05-09", 
   "start_time": "15:30:00", 
   "weekday": 2
  }, 
  "model": "coredata.meetingtime", 
  "pk": 222
 }, 
 {
  "fields": {
   "end_day": "2011-12-05", 
   "end_time": "11:20:00", 
   "exam": false, 
   "labtut_section": null, 
   "meeting_type": "LEC", 
   "offering": 119, 
   "room": "AQ3181", 
   "start_day": "2011-09-06", 
   "start_time": "10:30:00", 
   "weekday": 2
  }, 
  "model": "coredata.meetingtime", 
  "pk": 224
 }, 
 {
  "fields": {
   "end_day": "2011-12-14", 
   "end_time": "15:00:00", 
   "exam": false, 
   "labtut_section": null, 
   "meeting_type": "LEC", 
   "offering": 119, 
   "room": "", 
   "start_day": "2011-12-14", 
   "start_time": "12:00:00", 
   "weekday": 2
  }, 
  "model": "coredata.meetingtime", 
  "pk": 226
 }, 
 {
  "fields": {
   "end_day": "2011-12-05", 
   "end_time": "15:20:00", 
   "exam": false, 
   "labtut_section": null, 
   "meeting_type": "LEC", 
   "offering": 120, 
   "room": "AQ3181", 
   "start_day": "2011-09-06", 
   "start_time": "14:30:00", 
   "weekday": 2
  }, 
  "model": "coredata.meetingtime", 
  "pk": 228
 }, 
 {
  "fields": {
   "end_day": "2011-12-14", 
   "end_time": "15:00:00", 
   "exam": false, 
   "labtut_section": null, 
   "meeting_type": "LEC", 
   "offering": 120, 
   "room": "", 
   "start_day": "2011-12-14", 
   "start_time": "12:00:00", 
   "weekday": 2
  }, 
  "model": "coredata.meetingtime", 
  "pk": 230
 }, 
 {
  "fields": {
   "end_day": "2011-12-05", 
   "end_time": "12:20:00", 
   "exam": false, 
   "labtut_section": null, 
   "meeting_type": "LEC", 
   "offering": 121, 
   "room": "SUR2740", 
   "start_day": "2011-09-06", 
   "start_time": "11:30:00", 
   "weekday": 2
  }, 
  "model": "coredata.meetingtime", 
  "pk": 232
 }, 
 {
  "fields": {
   "end_day": "2011-12-07", 
   "end_time": "15:00:00", 
   "exam": false, 
   "labtut_section": null, 
   "meeting_type": "EXAM", 
   "offering": 121, 
   "room": "", 
   "start_day": "2011-12-07", 
   "start_time": "12:00:00", 
   "weekday": 2
  }, 
  "model": "coredata.meetingtime", 
  "pk": 234
 }, 
 {
  "fields": {
   "end_day": "2011-08-08", 
   "end_time": "13:20:00", 
   "exam": false, 
   "labtut_section": null, 
   "meeting_type": "LEC", 
   "offering": 123, 
   "room": "AQ3154", 
   "start_day": "2011-05-09", 
   "start_time": "12:30:00", 
   "weekday": 2
  }, 
  "model": "coredata.meetingtime", 
  "pk": 243
 }, 
 {
  "fields": {
   "end_day": "2011-08-08", 
   "end_time": "11:20:00", 
   "exam": false, 
   "labtut_section": null, 
   "meeting_type": "LEC", 
   "offering": 124, 
   "room": "SUR5280", 
   "start_day": "2011-05-09", 
   "start_time": "10:30:00", 
   "weekday": 2
  }, 
  "model": "coredata.meetingtime", 
  "pk": 250
 }, 
 {
  "fields": {
   "end_day": "2011-08-08", 
   "end_time": "13:20:00", 
   "exam": false, 
   "labtut_section": null, 
   "meeting_type": "LEC", 
   "offering": 126, 
   "room": "AQ3154", 
   "start_day": "2011-05-09", 
   "start_time": "12:30:00", 
   "weekday": 2
  }, 
  "model": "coredata.meetingtime", 
  "pk": 259
 }, 
 {
  "fields": {
   "end_day": "2011-08-08", 
   "end_time": "15:20:00", 
   "exam": false, 
   "labtut_section": null, 
   "meeting_type": "LEC", 
   "offering": 129, 
   "room": "SUR3310", 
   "start_day": "2011-05-09", 
   "start_time": "14:30:00", 
   "weekday": 2
  }, 
  "model": "coredata.meetingtime", 
  "pk": 266
 }, 
 {
  "fields": {
   "end_day": "2011-08-08", 
   "end_time": "10:20:00", 
   "exam": false, 
   "labtut_section": "D101", 
   "meeting_type": "LAB", 
   "offering": 129, 
   "room": "SUR4050", 
   "start_day": "2011-05-09", 
   "start_time": "08:30:00", 
   "weekday": 2
  }, 
  "model": "coredata.meetingtime", 
  "pk": 269
 }, 
 {
  "fields": {
   "end_day": "2011-08-08", 
   "end_time": "12:20:00", 
   "exam": false, 
   "labtut_section": "D102", 
   "meeting_type": "LAB", 
   "offering": 129, 
   "room": "SUR4050", 
   "start_day": "2011-05-09", 
   "start_time": "10:30:00", 
   "weekday": 2
  }, 
  "model": "coredata.meetingtime", 
  "pk": 270
 }, 
 {
  "fields": {
   "end_day": "2011-08-08", 
   "end_time": "14:20:00", 
   "exam": false, 
   "labtut_section": "D103", 
   "meeting_type": "LAB", 
   "offering": 129, 
   "room": "SUR4050", 
   "start_day": "2011-05-09", 
   "start_time": "12:30:00", 
   "weekday": 2
  }, 
  "model": "coredata.meetingtime", 
  "pk": 271
 }, 
 {
  "fields": {
   "end_day": "2011-12-05", 
   "end_time": "12:20:00", 
   "exam": false, 
   "labtut_section": null, 
   "meeting_type": "LEC", 
   "offering": 130, 
   "room": "SWH10041", 
   "start_day": "2011-09-06", 
   "start_time": "11:30:00", 
   "weekday": 2
  }, 
  "model": "coredata.meetingtime", 
  "pk": 273
 }, 
 {
  "fields": {
   "end_day": "2011-12-07", 
   "end_time": "15:00:00", 
   "exam": false, 
   "labtut_section": null, 
   "meeting_type": "LEC", 
   "offering": 130, 
   "room": "", 
   "start_day": "2011-12-07", 
   "start_time": "12:00:00", 
   "weekday": 2
  }, 
  "model": "coredata.meetingtime", 
  "pk": 275
 }, 
 {
  "fields": {
   "end_day": "2011-12-05", 
   "end_time": "14:20:00", 
   "exam": false, 
   "labtut_section": null, 
   "meeting_type": "LEC", 
   "offering": 131, 
   "room": "BLU9660", 
   "start_day": "2011-09-06", 
   "start_time": "13:30:00", 
   "weekday": 2
  }, 
  "model": "coredata.meetingtime", 
  "pk": 282
 }, 
 {
  "fields": {
   "end_day": "2011-12-07", 
   "end_time": "15:00:00", 
   "exam": false, 
   "labtut_section": null, 
   "meeting_type": "LEC", 
   "offering": 131, 
   "room": "", 
   "start_day": "2011-12-07", 
   "start_time": "12:00:00", 
   "weekday": 2
  }, 
  "model": "coredata.meetingtime", 
  "pk": 284
 }, 
 {
  "fields": {
   "end_day": "2011-12-05", 
   "end_time": "12:20:00", 
   "exam": false, 
   "labtut_section": null, 
   "meeting_type": "LEC", 
   "offering": 132, 
   "room": "SUR2740", 
   "start_day": "2011-09-06", 
   "start_time": "11:30:00", 
   "weekday": 2
  }, 
  "model": "coredata.meetingtime", 
  "pk": 291
 }, 
 {
  "fields": {
   "end_day": "2011-12-07", 
   "end_time": "15:00:00", 
   "exam": false, 
   "labtut_section": null, 
   "meeting_type": "EXAM", 
   "offering": 132, 
   "room": "", 
   "start_day": "2011-12-07", 
   "start_time": "12:00:00", 
   "weekday": 2
  }, 
  "model": "coredata.meetingtime", 
  "pk": 293
 }, 
 {
  "fields": {
   "end_day": "2011-08-08", 
   "end_time": "14:20:00", 
   "exam": false, 
   "labtut_section": null, 
   "meeting_type": "LEC", 
   "offering": 133, 
   "room": "WMC3260", 
   "start_day": "2011-05-09", 
   "start_time": "13:30:00", 
   "weekday": 2
  }, 
  "model": "coredata.meetingtime", 
  "pk": 299
 }, 
 {
  "fields": {
   "end_day": "2011-12-05", 
   "end_time": "15:20:00", 
   "exam": false, 
   "labtut_section": null, 
   "meeting_type": "LEC", 
   "offering": 134, 
   "room": "AQ3150", 
   "start_day": "2011-09-06", 
   "start_time": "14:30:00", 
   "weekday": 2
  }, 
  "model": "coredata.meetingtime", 
  "pk": 308
 }, 
 {
  "fields": {
   "end_day": "2011-12-05", 
   "end_time": "10:20:00", 
   "exam": false, 
   "labtut_section": null, 
   "meeting_type": "LEC", 
   "offering": 135, 
   "room": "SUR2740", 
   "start_day": "2011-09-06", 
   "start_time": "09:30:00", 
   "weekday": 2
  }, 
  "model": "coredata.meetingtime", 
  "pk": 316
 }, 
 {
  "fields": {
   "end_day": "2011-12-05", 
   "end_time": "11:20:00", 
   "exam": false, 
   "labtut_section": null, 
   "meeting_type": "LEC", 
   "offering": 136, 
   "room": "AQ5030", 
   "start_day": "2011-09-06", 
   "start_time": "10:30:00", 
   "weekday": 2
  }, 
  "model": "coredata.meetingtime", 
  "pk": 324
 }, 
 {
  "fields": {
   "end_day": "2011-12-05", 
   "end_time": "11:20:00", 
   "exam": false, 
   "labtut_section": null, 
   "meeting_type": "LEC", 
   "offering": 142, 
   "room": "AQ5006", 
   "start_day": "2011-09-06", 
   "start_time": "10:30:00", 
   "weekday": 2
  }, 
  "model": "coredata.meetingtime", 
  "pk": 337
 }, 
 {
  "fields": {
   "end_day": "2011-12-05", 
   "end_time": "15:20:00", 
   "exam": false, 
   "labtut_section": null, 
   "meeting_type": "LEC", 
   "offering": 145, 
   "room": "AQ3153", 
   "start_day": "2011-09-06", 
   "start_time": "14:30:00", 
   "weekday": 2
  }, 
  "model": "coredata.meetingtime", 
  "pk": 341
 }, 
 {
  "fields": {
   "end_day": "2011-12-05", 
   "end_time": "15:20:00", 
   "exam": false, 
   "labtut_section": null, 
   "meeting_type": "LEC", 
   "offering": 146, 
   "room": "SUR3040", 
   "start_day": "2011-09-06", 
   "start_time": "14:30:00", 
   "weekday": 2
  }, 
  "model": "coredata.meetingtime", 
  "pk": 346
 }, 
 {
  "fields": {
   "end_day": "2011-12-05", 
   "end_time": "17:20:00", 
   "exam": false, 
   "labtut_section": "D103", 
   "meeting_type": "LAB", 
   "offering": 146, 
   "room": "SUR3040", 
   "start_day": "2011-09-06", 
   "start_time": "15:30:00", 
   "weekday": 2
  }, 
  "model": "coredata.meetingtime", 
  "pk": 351
 }, 
 {
  "fields": {
   "end_day": "2011-12-05", 
   "end_time": "17:20:00", 
   "exam": false, 
   "labtut_section": "D104", 
   "meeting_type": "LAB", 
   "offering": 146, 
   "room": "SUR3150", 
   "start_day": "2011-09-06", 
   "start_time": "15:30:00", 
   "weekday": 2
  }, 
  "model": "coredata.meetingtime", 
  "pk": 352
 }, 
 {
  "fields": {
   "end_day": "2011-12-05", 
   "end_time": "12:20:00", 
   "exam": false, 
   "labtut_section": null, 
   "meeting_type": "LEC", 
   "offering": 147, 
   "room": "SUR3340", 
   "start_day": "2011-09-06", 
   "start_time": "11:30:00", 
   "weekday": 2
  }, 
  "model": "coredata.meetingtime", 
  "pk": 354
 }, 
 {
  "fields": {
   "end_day": "2011-12-07", 
   "end_time": "11:30:00", 
   "exam": false, 
   "labtut_section": null, 
   "meeting_type": "EXAM", 
   "offering": 147, 
   "room": "", 
   "start_day": "2011-12-07", 
   "start_time": "08:30:00", 
   "weekday": 2
  }, 
  "model": "coredata.meetingtime", 
  "pk": 356
 }, 
 {
  "fields": {
   "end_day": "2011-12-05", 
   "end_time": "13:20:00", 
   "exam": false, 
   "labtut_section": null, 
   "meeting_type": "LEC", 
   "offering": 149, 
   "room": "SUR5080", 
   "start_day": "2011-09-06", 
   "start_time": "12:30:00", 
   "weekday": 2
  }, 
  "model": "coredata.meetingtime", 
  "pk": 361
 }, 
 {
  "fields": {
   "end_day": "2011-12-05", 
   "end_time": "13:20:00", 
   "exam": false, 
   "labtut_section": null, 
   "meeting_type": "LEC", 
   "offering": 151, 
   "room": "SUR5080", 
   "start_day": "2011-09-06", 
   "start_time": "12:30:00", 
   "weekday": 2
  }, 
  "model": "coredata.meetingtime", 
  "pk": 367
 }, 
 {
  "fields": {
   "end_day": "2011-12-05", 
   "end_time": "13:20:00", 
   "exam": false, 
   "labtut_section": null, 
   "meeting_type": "LEC", 
   "offering": 154, 
   "room": "SUR3340", 
   "start_day": "2011-09-06", 
   "start_time": "12:30:00", 
   "weekday": 2
  }, 
  "model": "coredata.meetingtime", 
  "pk": 371
 }, 
 {
  "fields": {
   "end_day": "2011-12-05", 
   "end_time": "15:20:00", 
   "exam": false, 
   "labtut_section": null, 
   "meeting_type": "LEC", 
   "offering": 155, 
   "room": "SUR2750", 
   "start_day": "2011-09-06", 
   "start_time": "14:30:00", 
   "weekday": 2
  }, 
  "model": "coredata.meetingtime", 
  "pk": 375
 }, 
 {
  "fields": {
   "end_day": "2011-12-05", 
   "end_time": "10:20:00", 
   "exam": false, 
   "labtut_section": null, 
   "meeting_type": "LEC", 
   "offering": 156, 
   "room": "SUR2600", 
   "start_day": "2011-09-06", 
   "start_time": "09:30:00", 
   "weekday": 2
  }, 
  "model": "coredata.meetingtime", 
  "pk": 381
 }, 
 {
  "fields": {
   "end_day": "2011-12-05", 
   "end_time": "11:20:00", 
   "exam": false, 
   "labtut_section": "D101", 
   "meeting_type": "LAB", 
   "offering": 156, 
   "room": "SUR4080", 
   "start_day": "2011-09-06", 
   "start_time": "10:30:00", 
   "weekday": 2
  }, 
  "model": "coredata.meetingtime", 
  "pk": 383
 }, 
 {
  "fields": {
   "end_day": "2011-12-05", 
   "end_time": "12:20:00", 
   "exam": false, 
   "labtut_section": "D102", 
   "meeting_type": "LAB", 
   "offering": 156, 
   "room": "SUR4080", 
   "start_day": "2011-09-06", 
   "start_time": "11:30:00", 
   "weekday": 2
  }, 
  "model": "coredata.meetingtime", 
  "pk": 384
 }, 
 {
  "fields": {
   "end_day": "2011-12-05", 
   "end_time": "13:20:00", 
   "exam": false, 
   "labtut_section": "D103", 
   "meeting_type": "LAB", 
   "offering": 156, 
   "room": "SUR4080", 
   "start_day": "2011-09-06", 
   "start_time": "12:30:00", 
   "weekday": 2
  }, 
  "model": "coredata.meetingtime", 
  "pk": 385
 }, 
 {
  "fields": {
   "end_day": "2011-12-05", 
   "end_time": "14:20:00", 
   "exam": false, 
   "labtut_section": "D104", 
   "meeting_type": "LAB", 
   "offering": 156, 
   "room": "SUR4080", 
   "start_day": "2011-09-06", 
   "start_time": "13:30:00", 
   "weekday": 2
  }, 
  "model": "coredata.meetingtime", 
  "pk": 386
 }, 
 {
  "fields": {
   "end_day": "2011-12-05", 
   "end_time": "15:20:00", 
   "exam": false, 
   "labtut_section": "D105", 
   "meeting_type": "LAB", 
   "offering": 156, 
   "room": "SUR4080", 
   "start_day": "2011-09-06", 
   "start_time": "14:30:00", 
   "weekday": 2
  }, 
  "model": "coredata.meetingtime", 
  "pk": 387
 }, 
 {
  "fields": {
   "end_day": "2011-12-05", 
   "end_time": "16:20:00", 
   "exam": false, 
   "labtut_section": "D106", 
   "meeting_type": "LAB", 
   "offering": 156, 
   "room": "SUR4080", 
   "start_day": "2011-09-06", 
   "start_time": "15:30:00", 
   "weekday": 2
  }, 
  "model": "coredata.meetingtime", 
  "pk": 388
 }, 
 {
  "fields": {
   "end_day": "2011-12-05", 
   "end_time": "17:20:00", 
   "exam": false, 
   "labtut_section": "D107", 
   "meeting_type": "LAB", 
   "offering": 156, 
   "room": "SUR4080", 
   "start_day": "2011-09-06", 
   "start_time": "16:30:00", 
   "weekday": 2
  }, 
  "model": "coredata.meetingtime", 
  "pk": 389
 }, 
 {
  "fields": {
   "end_day": "2011-08-08", 
   "end_time": "15:20:00", 
   "exam": false, 
   "labtut_section": null, 
   "meeting_type": "LEC", 
   "offering": 166, 
   "room": "C9002", 
   "start_day": "2011-05-09", 
   "start_time": "14:30:00", 
   "weekday": 2
  }, 
  "model": "coredata.meetingtime", 
  "pk": 393
 }, 
 {
  "fields": {
   "end_day": "2011-08-17", 
   "end_time": "11:30:00", 
   "exam": false, 
   "labtut_section": null, 
   "meeting_type": "EXAM", 
   "offering": 166, 
   "room": "AQ3182", 
   "start_day": "2011-08-17", 
   "start_time": "08:30:00", 
   "weekday": 2
  }, 
  "model": "coredata.meetingtime", 
  "pk": 395
 }, 
 {
  "fields": {
   "end_day": "2011-08-08", 
   "end_time": "10:20:00", 
   "exam": false, 
   "labtut_section": "D101", 
   "meeting_type": "LAB", 
   "offering": 166, 
   "room": "BLU11901", 
   "start_day": "2011-05-09", 
   "start_time": "09:30:00", 
   "weekday": 2
  }, 
  "model": "coredata.meetingtime", 
  "pk": 396
 }, 
 {
  "fields": {
   "end_day": "2011-08-08", 
   "end_time": "11:20:00", 
   "exam": false, 
   "labtut_section": "D102", 
   "meeting_type": "LAB", 
   "offering": 166, 
   "room": "WMC2260", 
   "start_day": "2011-05-09", 
   "start_time": "10:30:00", 
   "weekday": 2
  }, 
  "model": "coredata.meetingtime", 
  "pk": 397
 }, 
 {
  "fields": {
   "end_day": "2011-12-05", 
   "end_time": "16:20:00", 
   "exam": false, 
   "labtut_section": null, 
   "meeting_type": "LEC", 
   "offering": 167, 
   "room": "EDB7618", 
   "start_day": "2011-09-06", 
   "start_time": "15:30:00", 
   "weekday": 2
  }, 
  "model": "coredata.meetingtime", 
  "pk": 403
 }, 
 {
  "fields": {
   "end_day": "2011-12-05", 
   "end_time": "13:20:00", 
   "exam": false, 
   "labtut_section": "D104", 
   "meeting_type": "LAB", 
   "offering": 167, 
   "room": "BLU11901", 
   "start_day": "2011-09-06", 
   "start_time": "12:30:00", 
   "weekday": 2
  }, 
  "model": "coredata.meetingtime", 
  "pk": 409
 }, 
 {
  "fields": {
   "end_day": "2011-12-05", 
   "end_time": "14:20:00", 
   "exam": false, 
   "labtut_section": "D105", 
   "meeting_type": "LAB", 
   "offering": 167, 
   "room": "BLU11901", 
   "start_day": "2011-09-06", 
   "start_time": "13:30:00", 
   "weekday": 2
  }, 
  "model": "coredata.meetingtime", 
  "pk": 410
 }, 
 {
  "fields": {
   "end_day": "2011-12-05", 
   "end_time": "14:20:00", 
   "exam": false, 
   "labtut_section": null, 
   "meeting_type": "LEC", 
   "offering": 168, 
   "room": "SUR5280", 
   "start_day": "2011-09-06", 
   "start_time": "13:30:00", 
   "weekday": 2
  }, 
  "model": "coredata.meetingtime", 
  "pk": 415
 }, 
 {
  "fields": {
   "end_day": "2011-12-05", 
   "end_time": "20:20:00", 
   "exam": false, 
   "labtut_section": null, 
   "meeting_type": "LEC", 
   "offering": 169, 
   "room": "HCC1600", 
   "start_day": "2011-09-06", 
   "start_time": "17:30:00", 
   "weekday": 2
  }, 
  "model": "coredata.meetingtime", 
  "pk": 422
 }, 
 {
  "fields": {
   "end_day": "2011-08-08", 
   "end_time": "12:20:00", 
   "exam": false, 
   "labtut_section": null, 
   "meeting_type": "LEC", 
   "offering": 10, 
   "room": "WMC3250", 
   "start_day": "2011-05-09", 
   "start_time": "11:30:00", 
   "weekday": 3
  }, 
  "model": "coredata.meetingtime", 
  "pk": 5
 }, 
 {
  "fields": {
   "end_day": "2011-12-05", 
   "end_time": "15:20:00", 
   "exam": false, 
   "labtut_section": null, 
   "meeting_type": "LEC", 
   "offering": 12, 
   "room": "AQ5030", 
   "start_day": "2011-09-06", 
   "start_time": "14:30:00", 
   "weekday": 3
  }, 
  "model": "coredata.meetingtime", 
  "pk": 7
 }, 
 {
  "fields": {
   "end_day": "2011-12-05", 
   "end_time": "14:20:00", 
   "exam": false, 
   "labtut_section": null, 
   "meeting_type": "LEC", 
   "offering": 14, 
   "room": "AQ5005", 
   "start_day": "2011-09-06", 
   "start_time": "12:30:00", 
   "weekday": 3
  }, 
  "model": "coredata.meetingtime", 
  "pk": 12
 }, 
 {
  "fields": {
   "end_day": "2011-08-08", 
   "end_time": "20:20:00", 
   "exam": false, 
   "labtut_section": null, 
   "meeting_type": "LEC", 
   "offering": 16, 
   "room": "HCC1700", 
   "start_day": "2011-05-09", 
   "start_time": "17:30:00", 
   "weekday": 3
  }, 
  "model": "coredata.meetingtime", 
  "pk": 13
 }, 
 {
  "fields": {
   "end_day": "2011-12-05", 
   "end_time": "17:20:00", 
   "exam": false, 
   "labtut_section": null, 
   "meeting_type": "LEC", 
   "offering": 17, 
   "room": "C9000", 
   "start_day": "2011-09-06", 
   "start_time": "15:30:00", 
   "weekday": 3
  }, 
  "model": "coredata.meetingtime", 
  "pk": 16
 }, 
 {
  "fields": {
   "end_day": "2011-08-08", 
   "end_time": "11:20:00", 
   "exam": false, 
   "labtut_section": null, 
   "meeting_type": "LEC", 
   "offering": 19, 
   "room": "AQ3150", 
   "start_day": "2011-05-09", 
   "start_time": "09:30:00", 
   "weekday": 3
  }, 
  "model": "coredata.meetingtime", 
  "pk": 23
 }, 
 {
  "fields": {
   "end_day": "2011-08-11", 
   "end_time": "11:30:00", 
   "exam": false, 
   "labtut_section": null, 
   "meeting_type": "EXAM", 
   "offering": 19, 
   "room": "WMC3260", 
   "start_day": "2011-08-11", 
   "start_time": "08:30:00", 
   "weekday": 3
  }, 
  "model": "coredata.meetingtime", 
  "pk": 24
 }, 
 {
  "fields": {
   "end_day": "2011-12-05", 
   "end_time": "21:20:00", 
   "exam": false, 
   "labtut_section": null, 
   "meeting_type": "LEC", 
   "offering": 20, 
   "room": "HCC1800", 
   "start_day": "2011-09-06", 
   "start_time": "18:30:00", 
   "weekday": 3
  }, 
  "model": "coredata.meetingtime", 
  "pk": 25
 }, 
 {
  "fields": {
   "end_day": "2011-12-05", 
   "end_time": "17:20:00", 
   "exam": false, 
   "labtut_section": null, 
   "meeting_type": "LEC", 
   "offering": 22, 
   "room": "AQ5018", 
   "start_day": "2011-09-06", 
   "start_time": "15:30:00", 
   "weekday": 3
  }, 
  "model": "coredata.meetingtime", 
  "pk": 30
 }, 
 {
  "fields": {
   "end_day": "2011-06-20", 
   "end_time": "17:20:00", 
   "exam": false, 
   "labtut_section": null, 
   "meeting_type": "LEC", 
   "offering": 71, 
   "room": "AQ3159", 
   "start_day": "2011-05-09", 
   "start_time": "14:30:00", 
   "weekday": 3
  }, 
  "model": "coredata.meetingtime", 
  "pk": 48
 }, 
 {
  "fields": {
   "end_day": "2011-12-05", 
   "end_time": "15:20:00", 
   "exam": false, 
   "labtut_section": null, 
   "meeting_type": "LEC", 
   "offering": 72, 
   "room": "C9000", 
   "start_day": "2011-09-06", 
   "start_time": "14:30:00", 
   "weekday": 3
  }, 
  "model": "coredata.meetingtime", 
  "pk": 50
 }, 
 {
  "fields": {
   "end_day": "2011-12-08", 
   "end_time": "15:00:00", 
   "exam": false, 
   "labtut_section": null, 
   "meeting_type": "EXAM", 
   "offering": 74, 
   "room": "", 
   "start_day": "2011-12-08", 
   "start_time": "12:00:00", 
   "weekday": 3
  }, 
  "model": "coredata.meetingtime", 
  "pk": 57
 }, 
 {
  "fields": {
   "end_day": "2011-08-11", 
   "end_time": "18:30:00", 
   "exam": false, 
   "labtut_section": null, 
   "meeting_type": "EXAM", 
   "offering": 75, 
   "room": "AQ3153", 
   "start_day": "2011-08-11", 
   "start_time": "15:30:00", 
   "weekday": 3
  }, 
  "model": "coredata.meetingtime", 
  "pk": 60
 }, 
 {
  "fields": {
   "end_day": "2011-12-15", 
   "end_time": "11:30:00", 
   "exam": false, 
   "labtut_section": null, 
   "meeting_type": "EXAM", 
   "offering": 76, 
   "room": "", 
   "start_day": "2011-12-15", 
   "start_time": "08:30:00", 
   "weekday": 3
  }, 
  "model": "coredata.meetingtime", 
  "pk": 64
 }, 
 {
  "fields": {
   "end_day": "2011-12-05", 
   "end_time": "12:20:00", 
   "exam": false, 
   "labtut_section": null, 
   "meeting_type": "LEC", 
   "offering": 78, 
   "room": "AQ3154", 
   "start_day": "2011-09-06", 
   "start_time": "11:30:00", 
   "weekday": 3
  }, 
  "model": "coredata.meetingtime", 
  "pk": 68
 }, 
 {
  "fields": {
   "end_day": "2011-12-05", 
   "end_time": "11:20:00", 
   "exam": false, 
   "labtut_section": null, 
   "meeting_type": "LEC", 
   "offering": 80, 
   "room": "BLU10011", 
   "start_day": "2011-09-06", 
   "start_time": "09:30:00", 
   "weekday": 3
  }, 
  "model": "coredata.meetingtime", 
  "pk": 75
 }, 
 {
  "fields": {
   "end_day": "2011-12-05", 
   "end_time": "15:20:00", 
   "exam": false, 
   "labtut_section": null, 
   "meeting_type": "LEC", 
   "offering": 86, 
   "room": "AQ3003", 
   "start_day": "2011-09-06", 
   "start_time": "14:30:00", 
   "weekday": 3
  }, 
  "model": "coredata.meetingtime", 
  "pk": 94
 }, 
 {
  "fields": {
   "end_day": "2011-08-18", 
   "end_time": "18:30:00", 
   "exam": false, 
   "labtut_section": null, 
   "meeting_type": "EXAM", 
   "offering": 88, 
   "room": "WMC3260", 
   "start_day": "2011-08-18", 
   "start_time": "15:30:00", 
   "weekday": 3
  }, 
  "model": "coredata.meetingtime", 
  "pk": 103
 }, 
 {
  "fields": {
   "end_day": "2011-12-05", 
   "end_time": "14:20:00", 
   "exam": false, 
   "labtut_section": null, 
   "meeting_type": "LEC", 
   "offering": 89, 
   "room": "AQ3003", 
   "start_day": "2011-09-06", 
   "start_time": "12:30:00", 
   "weekday": 3
  }, 
  "model": "coredata.meetingtime", 
  "pk": 105
 }, 
 {
  "fields": {
   "end_day": "2011-12-15", 
   "end_time": "18:30:00", 
   "exam": false, 
   "labtut_section": null, 
   "meeting_type": "EXAM", 
   "offering": 94, 
   "room": "", 
   "start_day": "2011-12-15", 
   "start_time": "15:30:00", 
   "weekday": 3
  }, 
  "model": "coredata.meetingtime", 
  "pk": 116
 }, 
 {
  "fields": {
   "end_day": "2011-08-11", 
   "end_time": "15:00:00", 
   "exam": false, 
   "labtut_section": null, 
   "meeting_type": "EXAM", 
   "offering": 96, 
   "room": "B9201", 
   "start_day": "2011-08-11", 
   "start_time": "12:00:00", 
   "weekday": 3
  }, 
  "model": "coredata.meetingtime", 
  "pk": 128
 }, 
 {
  "fields": {
   "end_day": "2011-08-08", 
   "end_time": "10:20:00", 
   "exam": false, 
   "labtut_section": "D101", 
   "meeting_type": "LAB", 
   "offering": 97, 
   "room": "ASB9838", 
   "start_day": "2011-05-09", 
   "start_time": "09:30:00", 
   "weekday": 3
  }, 
  "model": "coredata.meetingtime", 
  "pk": 135
 }, 
 {
  "fields": {
   "end_day": "2011-08-08", 
   "end_time": "11:20:00", 
   "exam": false, 
   "labtut_section": "D102", 
   "meeting_type": "LAB", 
   "offering": 97, 
   "room": "ASB9838", 
   "start_day": "2011-05-09", 
   "start_time": "10:30:00", 
   "weekday": 3
  }, 
  "model": "coredata.meetingtime", 
  "pk": 136
 }, 
 {
  "fields": {
   "end_day": "2011-08-08", 
   "end_time": "12:20:00", 
   "exam": false, 
   "labtut_section": "D103", 
   "meeting_type": "LAB", 
   "offering": 97, 
   "room": "ASB9838", 
   "start_day": "2011-05-09", 
   "start_time": "11:30:00", 
   "weekday": 3
  }, 
  "model": "coredata.meetingtime", 
  "pk": 137
 }, 
 {
  "fields": {
   "end_day": "2011-08-08", 
   "end_time": "13:20:00", 
   "exam": false, 
   "labtut_section": "D104", 
   "meeting_type": "LAB", 
   "offering": 97, 
   "room": "ASB9838", 
   "start_day": "2011-05-09", 
   "start_time": "12:30:00", 
   "weekday": 3
  }, 
  "model": "coredata.meetingtime", 
  "pk": 138
 }, 
 {
  "fields": {
   "end_day": "2011-08-08", 
   "end_time": "14:20:00", 
   "exam": false, 
   "labtut_section": "D105", 
   "meeting_type": "LAB", 
   "offering": 97, 
   "room": "ASB9838", 
   "start_day": "2011-05-09", 
   "start_time": "13:30:00", 
   "weekday": 3
  }, 
  "model": "coredata.meetingtime", 
  "pk": 139
 }, 
 {
  "fields": {
   "end_day": "2011-08-18", 
   "end_time": "11:30:00", 
   "exam": false, 
   "labtut_section": null, 
   "meeting_type": "EXAM", 
   "offering": 102, 
   "room": "WMC3260", 
   "start_day": "2011-08-18", 
   "start_time": "08:30:00", 
   "weekday": 3
  }, 
  "model": "coredata.meetingtime", 
  "pk": 168
 }, 
 {
  "fields": {
   "end_day": "2011-12-15", 
   "end_time": "11:30:00", 
   "exam": false, 
   "labtut_section": null, 
   "meeting_type": "EXAM", 
   "offering": 103, 
   "room": "", 
   "start_day": "2011-12-15", 
   "start_time": "08:30:00", 
   "weekday": 3
  }, 
  "model": "coredata.meetingtime", 
  "pk": 176
 }, 
 {
  "fields": {
   "end_day": "2011-12-05", 
   "end_time": "11:20:00", 
   "exam": false, 
   "labtut_section": "D101", 
   "meeting_type": "LAB", 
   "offering": 103, 
   "room": "ASB9838", 
   "start_day": "2011-09-06", 
   "start_time": "10:30:00", 
   "weekday": 3
  }, 
  "model": "coredata.meetingtime", 
  "pk": 177
 }, 
 {
  "fields": {
   "end_day": "2011-12-05", 
   "end_time": "12:20:00", 
   "exam": false, 
   "labtut_section": "D102", 
   "meeting_type": "LAB", 
   "offering": 103, 
   "room": "ASB9838", 
   "start_day": "2011-09-06", 
   "start_time": "11:30:00", 
   "weekday": 3
  }, 
  "model": "coredata.meetingtime", 
  "pk": 178
 }, 
 {
  "fields": {
   "end_day": "2011-12-05", 
   "end_time": "13:20:00", 
   "exam": false, 
   "labtut_section": "D103", 
   "meeting_type": "LAB", 
   "offering": 103, 
   "room": "ASB9838", 
   "start_day": "2011-09-06", 
   "start_time": "12:30:00", 
   "weekday": 3
  }, 
  "model": "coredata.meetingtime", 
  "pk": 179
 }, 
 {
  "fields": {
   "end_day": "2011-12-05", 
   "end_time": "14:20:00", 
   "exam": false, 
   "labtut_section": "D104", 
   "meeting_type": "LAB", 
   "offering": 103, 
   "room": "ASB9838", 
   "start_day": "2011-09-06", 
   "start_time": "13:30:00", 
   "weekday": 3
  }, 
  "model": "coredata.meetingtime", 
  "pk": 180
 }, 
 {
  "fields": {
   "end_day": "2011-12-05", 
   "end_time": "15:20:00", 
   "exam": false, 
   "labtut_section": "D105", 
   "meeting_type": "LAB", 
   "offering": 103, 
   "room": "ASB9838", 
   "start_day": "2011-09-06", 
   "start_time": "14:30:00", 
   "weekday": 3
  }, 
  "model": "coredata.meetingtime", 
  "pk": 181
 }, 
 {
  "fields": {
   "end_day": "2011-12-08", 
   "end_time": "15:00:00", 
   "exam": false, 
   "labtut_section": null, 
   "meeting_type": "EXAM", 
   "offering": 106, 
   "room": "", 
   "start_day": "2011-12-08", 
   "start_time": "12:00:00", 
   "weekday": 3
  }, 
  "model": "coredata.meetingtime", 
  "pk": 191
 }, 
 {
  "fields": {
   "end_day": "2011-12-05", 
   "end_time": "11:20:00", 
   "exam": false, 
   "labtut_section": null, 
   "meeting_type": "LEC", 
   "offering": 111, 
   "room": "WMC2268", 
   "start_day": "2011-09-06", 
   "start_time": "09:30:00", 
   "weekday": 3
  }, 
  "model": "coredata.meetingtime", 
  "pk": 196
 }, 
 {
  "fields": {
   "end_day": "2011-12-08", 
   "end_time": "15:00:00", 
   "exam": false, 
   "labtut_section": null, 
   "meeting_type": "EXAM", 
   "offering": 113, 
   "room": "", 
   "start_day": "2011-12-08", 
   "start_time": "12:00:00", 
   "weekday": 3
  }, 
  "model": "coredata.meetingtime", 
  "pk": 202
 }, 
 {
  "fields": {
   "end_day": "2011-08-08", 
   "end_time": "15:20:00", 
   "exam": false, 
   "labtut_section": null, 
   "meeting_type": "LEC", 
   "offering": 118, 
   "room": "AQ3181", 
   "start_day": "2011-05-09", 
   "start_time": "14:30:00", 
   "weekday": 3
  }, 
  "model": "coredata.meetingtime", 
  "pk": 212
 }, 
 {
  "fields": {
   "end_day": "2011-08-11", 
   "end_time": "18:30:00", 
   "exam": false, 
   "labtut_section": null, 
   "meeting_type": "EXAM", 
   "offering": 123, 
   "room": "AQ3003", 
   "start_day": "2011-08-11", 
   "start_time": "15:30:00", 
   "weekday": 3
  }, 
  "model": "coredata.meetingtime", 
  "pk": 245
 }, 
 {
  "fields": {
   "end_day": "2011-12-05", 
   "end_time": "11:20:00", 
   "exam": false, 
   "labtut_section": null, 
   "meeting_type": "LEC", 
   "offering": 125, 
   "room": "K9500", 
   "start_day": "2011-09-06", 
   "start_time": "09:30:00", 
   "weekday": 3
  }, 
  "model": "coredata.meetingtime", 
  "pk": 256
 }, 
 {
  "fields": {
   "end_day": "2011-12-15", 
   "end_time": "22:00:00", 
   "exam": false, 
   "labtut_section": null, 
   "meeting_type": "EXAM", 
   "offering": 125, 
   "room": "", 
   "start_day": "2011-12-15", 
   "start_time": "19:00:00", 
   "weekday": 3
  }, 
  "model": "coredata.meetingtime", 
  "pk": 257
 }, 
 {
  "fields": {
   "end_day": "2011-08-11", 
   "end_time": "18:30:00", 
   "exam": false, 
   "labtut_section": null, 
   "meeting_type": "EXAM", 
   "offering": 126, 
   "room": "AQ3003", 
   "start_day": "2011-08-11", 
   "start_time": "15:30:00", 
   "weekday": 3
  }, 
  "model": "coredata.meetingtime", 
  "pk": 261
 }, 
 {
  "fields": {
   "end_day": "2011-12-15", 
   "end_time": "22:00:00", 
   "exam": false, 
   "labtut_section": null, 
   "meeting_type": "EXAM", 
   "offering": 128, 
   "room": "", 
   "start_day": "2011-12-15", 
   "start_time": "19:00:00", 
   "weekday": 3
  }, 
  "model": "coredata.meetingtime", 
  "pk": 264
 }, 
 {
  "fields": {
   "end_day": "2011-12-05", 
   "end_time": "10:20:00", 
   "exam": false, 
   "labtut_section": "D201", 
   "meeting_type": "LAB", 
   "offering": 131, 
   "room": "ASB9838", 
   "start_day": "2011-09-06", 
   "start_time": "08:30:00", 
   "weekday": 3
  }, 
  "model": "coredata.meetingtime", 
  "pk": 285
 }, 
 {
  "fields": {
   "end_day": "2011-12-05", 
   "end_time": "14:20:00", 
   "exam": false, 
   "labtut_section": "D202", 
   "meeting_type": "LAB", 
   "offering": 131, 
   "room": "ASB9838", 
   "start_day": "2011-09-06", 
   "start_time": "12:30:00", 
   "weekday": 3
  }, 
  "model": "coredata.meetingtime", 
  "pk": 286
 }, 
 {
  "fields": {
   "end_day": "2011-12-05", 
   "end_time": "14:20:00", 
   "exam": false, 
   "labtut_section": "D203", 
   "meeting_type": "LAB", 
   "offering": 131, 
   "room": "ASB9838", 
   "start_day": "2011-09-06", 
   "start_time": "12:30:00", 
   "weekday": 3
  }, 
  "model": "coredata.meetingtime", 
  "pk": 287
 }, 
 {
  "fields": {
   "end_day": "2011-12-05", 
   "end_time": "16:20:00", 
   "exam": false, 
   "labtut_section": "D204", 
   "meeting_type": "LAB", 
   "offering": 131, 
   "room": "ASB9838", 
   "start_day": "2011-09-06", 
   "start_time": "14:30:00", 
   "weekday": 3
  }, 
  "model": "coredata.meetingtime", 
  "pk": 288
 }, 
 {
  "fields": {
   "end_day": "2011-12-05", 
   "end_time": "16:20:00", 
   "exam": false, 
   "labtut_section": "D205", 
   "meeting_type": "LAB", 
   "offering": 131, 
   "room": "ASB9838", 
   "start_day": "2011-09-06", 
   "start_time": "14:30:00", 
   "weekday": 3
  }, 
  "model": "coredata.meetingtime", 
  "pk": 289
 }, 
 {
  "fields": {
   "end_day": "2011-08-08", 
   "end_time": "10:20:00", 
   "exam": false, 
   "labtut_section": "D101", 
   "meeting_type": "LAB", 
   "offering": 133, 
   "room": "ASB9838", 
   "start_day": "2011-05-09", 
   "start_time": "09:30:00", 
   "weekday": 3
  }, 
  "model": "coredata.meetingtime", 
  "pk": 302
 }, 
 {
  "fields": {
   "end_day": "2011-08-08", 
   "end_time": "11:20:00", 
   "exam": false, 
   "labtut_section": "D102", 
   "meeting_type": "LAB", 
   "offering": 133, 
   "room": "ASB9838", 
   "start_day": "2011-05-09", 
   "start_time": "10:30:00", 
   "weekday": 3
  }, 
  "model": "coredata.meetingtime", 
  "pk": 303
 }, 
 {
  "fields": {
   "end_day": "2011-12-15", 
   "end_time": "15:00:00", 
   "exam": false, 
   "labtut_section": null, 
   "meeting_type": "EXAM", 
   "offering": 136, 
   "room": "", 
   "start_day": "2011-12-15", 
   "start_time": "12:00:00", 
   "weekday": 3
  }, 
  "model": "coredata.meetingtime", 
  "pk": 326
 }, 
 {
  "fields": {
   "end_day": "2011-06-20", 
   "end_time": "17:20:00", 
   "exam": false, 
   "labtut_section": null, 
   "meeting_type": "LEC", 
   "offering": 137, 
   "room": "AQ4120", 
   "start_day": "2011-05-09", 
   "start_time": "14:30:00", 
   "weekday": 3
  }, 
  "model": "coredata.meetingtime", 
  "pk": 328
 }, 
 {
  "fields": {
   "end_day": "2011-12-08", 
   "end_time": "22:00:00", 
   "exam": false, 
   "labtut_section": null, 
   "meeting_type": "EXAM", 
   "offering": 140, 
   "room": "", 
   "start_day": "2011-12-08", 
   "start_time": "19:00:00", 
   "weekday": 3
  }, 
  "model": "coredata.meetingtime", 
  "pk": 332
 }, 
 {
  "fields": {
   "end_day": "2011-12-05", 
   "end_time": "17:20:00", 
   "exam": false, 
   "labtut_section": null, 
   "meeting_type": "LEC", 
   "offering": 141, 
   "room": "AQ5018", 
   "start_day": "2011-09-06", 
   "start_time": "15:30:00", 
   "weekday": 3
  }, 
  "model": "coredata.meetingtime", 
  "pk": 334
 }, 
 {
  "fields": {
   "end_day": "2011-06-20", 
   "end_time": "17:20:00", 
   "exam": false, 
   "labtut_section": null, 
   "meeting_type": "LEC", 
   "offering": 143, 
   "room": "AQ4120", 
   "start_day": "2011-05-09", 
   "start_time": "14:30:00", 
   "weekday": 3
  }, 
  "model": "coredata.meetingtime", 
  "pk": 340
 }, 
 {
  "fields": {
   "end_day": "2011-08-08", 
   "end_time": "14:20:00", 
   "exam": false, 
   "labtut_section": null, 
   "meeting_type": "LEC", 
   "offering": 148, 
   "room": "WMC2200", 
   "start_day": "2011-05-09", 
   "start_time": "12:30:00", 
   "weekday": 3
  }, 
  "model": "coredata.meetingtime", 
  "pk": 358
 }, 
 {
  "fields": {
   "end_day": "2011-08-11", 
   "end_time": "15:00:00", 
   "exam": false, 
   "labtut_section": null, 
   "meeting_type": "EXAM", 
   "offering": 148, 
   "room": "AQ3159", 
   "start_day": "2011-08-11", 
   "start_time": "12:00:00", 
   "weekday": 3
  }, 
  "model": "coredata.meetingtime", 
  "pk": 359
 }, 
 {
  "fields": {
   "end_day": "2011-12-15", 
   "end_time": "11:30:00", 
   "exam": false, 
   "labtut_section": null, 
   "meeting_type": "EXAM", 
   "offering": 154, 
   "room": "", 
   "start_day": "2011-12-15", 
   "start_time": "08:30:00", 
   "weekday": 3
  }, 
  "model": "coredata.meetingtime", 
  "pk": 373
 }, 
 {
  "fields": {
   "end_day": "2011-12-08", 
   "end_time": "15:00:00", 
   "exam": false, 
   "labtut_section": null, 
   "meeting_type": "EXAM", 
   "offering": 155, 
   "room": "", 
   "start_day": "2011-12-08", 
   "start_time": "12:00:00", 
   "weekday": 3
  }, 
  "model": "coredata.meetingtime", 
  "pk": 377
 }, 
 {
  "fields": {
   "end_day": "2011-12-05", 
   "end_time": "11:20:00", 
   "exam": false, 
   "labtut_section": "D101", 
   "meeting_type": "LAB", 
   "offering": 155, 
   "room": "SUR4080", 
   "start_day": "2011-09-06", 
   "start_time": "10:30:00", 
   "weekday": 3
  }, 
  "model": "coredata.meetingtime", 
  "pk": 378
 }, 
 {
  "fields": {
   "end_day": "2011-12-05", 
   "end_time": "12:20:00", 
   "exam": false, 
   "labtut_section": "D102", 
   "meeting_type": "LAB", 
   "offering": 155, 
   "room": "SUR4080", 
   "start_day": "2011-09-06", 
   "start_time": "11:30:00", 
   "weekday": 3
  }, 
  "model": "coredata.meetingtime", 
  "pk": 379
 }, 
 {
  "fields": {
   "end_day": "2011-12-05", 
   "end_time": "13:20:00", 
   "exam": false, 
   "labtut_section": "D106", 
   "meeting_type": "LAB", 
   "offering": 167, 
   "room": "WMC2521", 
   "start_day": "2011-09-06", 
   "start_time": "12:30:00", 
   "weekday": 3
  }, 
  "model": "coredata.meetingtime", 
  "pk": 411
 }, 
 {
  "fields": {
   "end_day": "2011-12-05", 
   "end_time": "14:20:00", 
   "exam": false, 
   "labtut_section": "D107", 
   "meeting_type": "LAB", 
   "offering": 167, 
   "room": "WMC2521", 
   "start_day": "2011-09-06", 
   "start_time": "13:30:00", 
   "weekday": 3
  }, 
  "model": "coredata.meetingtime", 
  "pk": 412
 }, 
 {
  "fields": {
   "end_day": "2011-12-05", 
   "end_time": "15:20:00", 
   "exam": false, 
   "labtut_section": "D108", 
   "meeting_type": "LAB", 
   "offering": 167, 
   "room": "AQ5027", 
   "start_day": "2011-09-06", 
   "start_time": "14:30:00", 
   "weekday": 3
  }, 
  "model": "coredata.meetingtime", 
  "pk": 413
 }, 
 {
  "fields": {
   "end_day": "2011-12-05", 
   "end_time": "17:20:00", 
   "exam": false, 
   "labtut_section": "E101", 
   "meeting_type": "LAB", 
   "offering": 169, 
   "room": "HCC400", 
   "start_day": "2011-09-06", 
   "start_time": "16:30:00", 
   "weekday": 3
  }, 
  "model": "coredata.meetingtime", 
  "pk": 424
 }, 
 {
  "fields": {
   "end_day": "2011-12-05", 
   "end_time": "18:20:00", 
   "exam": false, 
   "labtut_section": "E102", 
   "meeting_type": "LAB", 
   "offering": 169, 
   "room": "HCC400", 
   "start_day": "2011-09-06", 
   "start_time": "17:30:00", 
   "weekday": 3
  }, 
  "model": "coredata.meetingtime", 
  "pk": 425
 }, 
 {
  "fields": {
   "end_day": "2011-12-05", 
   "end_time": "11:20:00", 
   "exam": false, 
   "labtut_section": null, 
   "meeting_type": "LEC", 
   "offering": 9, 
   "room": "SWH10061", 
   "start_day": "2011-09-06", 
   "start_time": "10:30:00", 
   "weekday": 4
  }, 
  "model": "coredata.meetingtime", 
  "pk": 3
 }, 
 {
  "fields": {
   "end_day": "2011-08-08", 
   "end_time": "14:20:00", 
   "exam": false, 
   "labtut_section": null, 
   "meeting_type": "LEC", 
   "offering": 13, 
   "room": "TASC1-9204", 
   "start_day": "2011-05-09", 
   "start_time": "13:30:00", 
   "weekday": 4
  }, 
  "model": "coredata.meetingtime", 
  "pk": 10
 }, 
 {
  "fields": {
   "end_day": "2011-12-05", 
   "end_time": "12:20:00", 
   "exam": false, 
   "labtut_section": null, 
   "meeting_type": "LEC", 
   "offering": 18, 
   "room": "AQ5018", 
   "start_day": "2011-09-06", 
   "start_time": "11:30:00", 
   "weekday": 4
  }, 
  "model": "coredata.meetingtime", 
  "pk": 20
 }, 
 {
  "fields": {
   "end_day": "2011-08-08", 
   "end_time": "15:20:00", 
   "exam": false, 
   "labtut_section": null, 
   "meeting_type": "LEC", 
   "offering": 23, 
   "room": "C9000", 
   "start_day": "2011-05-09", 
   "start_time": "14:30:00", 
   "weekday": 4
  }, 
  "model": "coredata.meetingtime", 
  "pk": 34
 }, 
 {
  "fields": {
   "end_day": "2011-08-19", 
   "end_time": "18:30:00", 
   "exam": false, 
   "labtut_section": null, 
   "meeting_type": "EXAM", 
   "offering": 23, 
   "room": "C9000", 
   "start_day": "2011-08-19", 
   "start_time": "15:30:00", 
   "weekday": 4
  }, 
  "model": "coredata.meetingtime", 
  "pk": 35
 }, 
 {
  "fields": {
   "end_day": "2011-12-05", 
   "end_time": "15:20:00", 
   "exam": false, 
   "labtut_section": null, 
   "meeting_type": "LEC", 
   "offering": 64, 
   "room": "AQ3153", 
   "start_day": "2011-09-06", 
   "start_time": "14:30:00", 
   "weekday": 4
  }, 
  "model": "coredata.meetingtime", 
  "pk": 37
 }, 
 {
  "fields": {
   "end_day": "2011-08-08", 
   "end_time": "16:20:00", 
   "exam": false, 
   "labtut_section": null, 
   "meeting_type": "LEC", 
   "offering": 69, 
   "room": "TASC1-9204", 
   "start_day": "2011-05-09", 
   "start_time": "15:30:00", 
   "weekday": 4
  }, 
  "model": "coredata.meetingtime", 
  "pk": 42
 }, 
 {
  "fields": {
   "end_day": "2011-12-05", 
   "end_time": "15:20:00", 
   "exam": false, 
   "labtut_section": null, 
   "meeting_type": "LEC", 
   "offering": 70, 
   "room": "AQ5030", 
   "start_day": "2011-09-06", 
   "start_time": "14:30:00", 
   "weekday": 4
  }, 
  "model": "coredata.meetingtime", 
  "pk": 45
 }, 
 {
  "fields": {
   "end_day": "2011-12-05", 
   "end_time": "15:20:00", 
   "exam": false, 
   "labtut_section": null, 
   "meeting_type": "LEC", 
   "offering": 74, 
   "room": "BLU10021", 
   "start_day": "2011-09-06", 
   "start_time": "14:30:00", 
   "weekday": 4
  }, 
  "model": "coredata.meetingtime", 
  "pk": 56
 }, 
 {
  "fields": {
   "end_day": "2011-12-05", 
   "end_time": "13:20:00", 
   "exam": false, 
   "labtut_section": null, 
   "meeting_type": "LEC", 
   "offering": 76, 
   "room": "AQ3005", 
   "start_day": "2011-09-06", 
   "start_time": "12:30:00", 
   "weekday": 4
  }, 
  "model": "coredata.meetingtime", 
  "pk": 63
 }, 
 {
  "fields": {
   "end_day": "2011-08-08", 
   "end_time": "15:20:00", 
   "exam": false, 
   "labtut_section": null, 
   "meeting_type": "LEC", 
   "offering": 79, 
   "room": "BLU9660", 
   "start_day": "2011-05-09", 
   "start_time": "14:30:00", 
   "weekday": 4
  }, 
  "model": "coredata.meetingtime", 
  "pk": 72
 }, 
 {
  "fields": {
   "end_day": "2011-08-19", 
   "end_time": "18:30:00", 
   "exam": false, 
   "labtut_section": null, 
   "meeting_type": "EXAM", 
   "offering": 79, 
   "room": "C9002", 
   "start_day": "2011-08-19", 
   "start_time": "15:30:00", 
   "weekday": 4
  }, 
  "model": "coredata.meetingtime", 
  "pk": 73
 }, 
 {
  "fields": {
   "end_day": "2011-08-08", 
   "end_time": "11:20:00", 
   "exam": false, 
   "labtut_section": null, 
   "meeting_type": "LEC", 
   "offering": 83, 
   "room": "AQ3149", 
   "start_day": "2011-05-09", 
   "start_time": "10:30:00", 
   "weekday": 4
  }, 
  "model": "coredata.meetingtime", 
  "pk": 83
 }, 
 {
  "fields": {
   "end_day": "2011-12-05", 
   "end_time": "14:20:00", 
   "exam": false, 
   "labtut_section": null, 
   "meeting_type": "LEC", 
   "offering": 84, 
   "room": "AQ3005", 
   "start_day": "2011-09-06", 
   "start_time": "13:30:00", 
   "weekday": 4
  }, 
  "model": "coredata.meetingtime", 
  "pk": 87
 }, 
 {
  "fields": {
   "end_day": "2011-08-08", 
   "end_time": "12:20:00", 
   "exam": false, 
   "labtut_section": null, 
   "meeting_type": "LEC", 
   "offering": 85, 
   "room": "AQ3005", 
   "start_day": "2011-05-09", 
   "start_time": "11:30:00", 
   "weekday": 4
  }, 
  "model": "coredata.meetingtime", 
  "pk": 91
 }, 
 {
  "fields": {
   "end_day": "2011-12-05", 
   "end_time": "13:20:00", 
   "exam": false, 
   "labtut_section": null, 
   "meeting_type": "LEC", 
   "offering": 87, 
   "room": "SUR5100", 
   "start_day": "2011-09-06", 
   "start_time": "12:30:00", 
   "weekday": 4
  }, 
  "model": "coredata.meetingtime", 
  "pk": 98
 }, 
 {
  "fields": {
   "end_day": "2011-12-09", 
   "end_time": "15:00:00", 
   "exam": false, 
   "labtut_section": null, 
   "meeting_type": "EXAM", 
   "offering": 87, 
   "room": "", 
   "start_day": "2011-12-09", 
   "start_time": "12:00:00", 
   "weekday": 4
  }, 
  "model": "coredata.meetingtime", 
  "pk": 99
 }, 
 {
  "fields": {
   "end_day": "2011-08-08", 
   "end_time": "10:20:00", 
   "exam": false, 
   "labtut_section": null, 
   "meeting_type": "LEC", 
   "offering": 88, 
   "room": "WMC3260", 
   "start_day": "2011-05-09", 
   "start_time": "09:30:00", 
   "weekday": 4
  }, 
  "model": "coredata.meetingtime", 
  "pk": 102
 }, 
 {
  "fields": {
   "end_day": "2011-12-16", 
   "end_time": "22:00:00", 
   "exam": false, 
   "labtut_section": null, 
   "meeting_type": "EXAM", 
   "offering": 90, 
   "room": "", 
   "start_day": "2011-12-16", 
   "start_time": "19:00:00", 
   "weekday": 4
  }, 
  "model": "coredata.meetingtime", 
  "pk": 108
 }, 
 {
  "fields": {
   "end_day": "2011-12-05", 
   "end_time": "12:20:00", 
   "exam": false, 
   "labtut_section": null, 
   "meeting_type": "LEC", 
   "offering": 94, 
   "room": "WMC3260", 
   "start_day": "2011-09-06", 
   "start_time": "11:30:00", 
   "weekday": 4
  }, 
  "model": "coredata.meetingtime", 
  "pk": 115
 }, 
 {
  "fields": {
   "end_day": "2011-12-05", 
   "end_time": "15:20:00", 
   "exam": false, 
   "labtut_section": null, 
   "meeting_type": "LEC", 
   "offering": 95, 
   "room": "SUR3340", 
   "start_day": "2011-09-06", 
   "start_time": "14:30:00", 
   "weekday": 4
  }, 
  "model": "coredata.meetingtime", 
  "pk": 124
 }, 
 {
  "fields": {
   "end_day": "2011-12-05", 
   "end_time": "13:20:00", 
   "exam": false, 
   "labtut_section": "D201", 
   "meeting_type": "LAB", 
   "offering": 95, 
   "room": "SUR4080", 
   "start_day": "2011-09-06", 
   "start_time": "12:30:00", 
   "weekday": 4
  }, 
  "model": "coredata.meetingtime", 
  "pk": 126
 }, 
 {
  "fields": {
   "end_day": "2011-12-05", 
   "end_time": "14:20:00", 
   "exam": false, 
   "labtut_section": "D202", 
   "meeting_type": "LAB", 
   "offering": 95, 
   "room": "SUR4080", 
   "start_day": "2011-09-06", 
   "start_time": "13:30:00", 
   "weekday": 4
  }, 
  "model": "coredata.meetingtime", 
  "pk": 127
 }, 
 {
  "fields": {
   "end_day": "2011-08-08", 
   "end_time": "11:20:00", 
   "exam": false, 
   "labtut_section": null, 
   "meeting_type": "LEC", 
   "offering": 97, 
   "room": "WMC3520", 
   "start_day": "2011-05-09", 
   "start_time": "10:30:00", 
   "weekday": 4
  }, 
  "model": "coredata.meetingtime", 
  "pk": 132
 }, 
 {
  "fields": {
   "end_day": "2011-12-05", 
   "end_time": "16:20:00", 
   "exam": false, 
   "labtut_section": null, 
   "meeting_type": "LEC", 
   "offering": 100, 
   "room": "SWH10081", 
   "start_day": "2011-09-06", 
   "start_time": "15:30:00", 
   "weekday": 4
  }, 
  "model": "coredata.meetingtime", 
  "pk": 147
 }, 
 {
  "fields": {
   "end_day": "2011-12-16", 
   "end_time": "11:30:00", 
   "exam": false, 
   "labtut_section": null, 
   "meeting_type": "EXAM", 
   "offering": 100, 
   "room": "", 
   "start_day": "2011-12-16", 
   "start_time": "08:30:00", 
   "weekday": 4
  }, 
  "model": "coredata.meetingtime", 
  "pk": 148
 }, 
 {
  "fields": {
   "end_day": "2011-12-05", 
   "end_time": "15:20:00", 
   "exam": false, 
   "labtut_section": null, 
   "meeting_type": "LEC", 
   "offering": 101, 
   "room": "SUR3310", 
   "start_day": "2011-09-06", 
   "start_time": "14:30:00", 
   "weekday": 4
  }, 
  "model": "coredata.meetingtime", 
  "pk": 159
 }, 
 {
  "fields": {
   "end_day": "2011-12-05", 
   "end_time": "10:20:00", 
   "exam": false, 
   "labtut_section": "D201", 
   "meeting_type": "LAB", 
   "offering": 101, 
   "room": "SUR4050", 
   "start_day": "2011-09-06", 
   "start_time": "09:30:00", 
   "weekday": 4
  }, 
  "model": "coredata.meetingtime", 
  "pk": 161
 }, 
 {
  "fields": {
   "end_day": "2011-12-05", 
   "end_time": "11:20:00", 
   "exam": false, 
   "labtut_section": "D202", 
   "meeting_type": "LAB", 
   "offering": 101, 
   "room": "SUR4050", 
   "start_day": "2011-09-06", 
   "start_time": "10:30:00", 
   "weekday": 4
  }, 
  "model": "coredata.meetingtime", 
  "pk": 162
 }, 
 {
  "fields": {
   "end_day": "2011-12-05", 
   "end_time": "12:20:00", 
   "exam": false, 
   "labtut_section": "D203", 
   "meeting_type": "LAB", 
   "offering": 101, 
   "room": "SUR4050", 
   "start_day": "2011-09-06", 
   "start_time": "11:30:00", 
   "weekday": 4
  }, 
  "model": "coredata.meetingtime", 
  "pk": 163
 }, 
 {
  "fields": {
   "end_day": "2011-12-05", 
   "end_time": "13:20:00", 
   "exam": false, 
   "labtut_section": "D204", 
   "meeting_type": "LAB", 
   "offering": 101, 
   "room": "SUR4050", 
   "start_day": "2011-09-06", 
   "start_time": "12:30:00", 
   "weekday": 4
  }, 
  "model": "coredata.meetingtime", 
  "pk": 164
 }, 
 {
  "fields": {
   "end_day": "2011-08-08", 
   "end_time": "16:20:00", 
   "exam": false, 
   "labtut_section": null, 
   "meeting_type": "LEC", 
   "offering": 102, 
   "room": "AQ3154", 
   "start_day": "2011-05-09", 
   "start_time": "15:30:00", 
   "weekday": 4
  }, 
  "model": "coredata.meetingtime", 
  "pk": 167
 }, 
 {
  "fields": {
   "end_day": "2011-12-05", 
   "end_time": "13:20:00", 
   "exam": false, 
   "labtut_section": null, 
   "meeting_type": "LEC", 
   "offering": 103, 
   "room": "RBCIMAGTH", 
   "start_day": "2011-09-06", 
   "start_time": "12:30:00", 
   "weekday": 4
  }, 
  "model": "coredata.meetingtime", 
  "pk": 175
 }, 
 {
  "fields": {
   "end_day": "2011-12-05", 
   "end_time": "10:20:00", 
   "exam": false, 
   "labtut_section": null, 
   "meeting_type": "LEC", 
   "offering": 105, 
   "room": "C9000", 
   "start_day": "2011-09-06", 
   "start_time": "09:30:00", 
   "weekday": 4
  }, 
  "model": "coredata.meetingtime", 
  "pk": 186
 }, 
 {
  "fields": {
   "end_day": "2011-12-05", 
   "end_time": "15:20:00", 
   "exam": false, 
   "labtut_section": null, 
   "meeting_type": "LEC", 
   "offering": 106, 
   "room": "ASB9838", 
   "start_day": "2011-09-06", 
   "start_time": "14:30:00", 
   "weekday": 4
  }, 
  "model": "coredata.meetingtime", 
  "pk": 190
 }, 
 {
  "fields": {
   "end_day": "2011-12-05", 
   "end_time": "15:20:00", 
   "exam": false, 
   "labtut_section": null, 
   "meeting_type": "LEC", 
   "offering": 108, 
   "room": "SUR3170", 
   "start_day": "2011-09-06", 
   "start_time": "14:30:00", 
   "weekday": 4
  }, 
  "model": "coredata.meetingtime", 
  "pk": 194
 }, 
 {
  "fields": {
   "end_day": "2011-12-05", 
   "end_time": "15:20:00", 
   "exam": false, 
   "labtut_section": null, 
   "meeting_type": "LEC", 
   "offering": 113, 
   "room": "SUR3170", 
   "start_day": "2011-09-06", 
   "start_time": "14:30:00", 
   "weekday": 4
  }, 
  "model": "coredata.meetingtime", 
  "pk": 201
 }, 
 {
  "fields": {
   "end_day": "2011-08-08", 
   "end_time": "16:20:00", 
   "exam": false, 
   "labtut_section": null, 
   "meeting_type": "LEC", 
   "offering": 114, 
   "room": "TASC1-9204", 
   "start_day": "2011-05-09", 
   "start_time": "15:30:00", 
   "weekday": 4
  }, 
  "model": "coredata.meetingtime", 
  "pk": 205
 }, 
 {
  "fields": {
   "end_day": "2011-12-05", 
   "end_time": "12:20:00", 
   "exam": false, 
   "labtut_section": null, 
   "meeting_type": "LEC", 
   "offering": 115, 
   "room": "AQ5030", 
   "start_day": "2011-09-06", 
   "start_time": "11:30:00", 
   "weekday": 4
  }, 
  "model": "coredata.meetingtime", 
  "pk": 208
 }, 
 {
  "fields": {
   "end_day": "2011-12-05", 
   "end_time": "11:20:00", 
   "exam": false, 
   "labtut_section": null, 
   "meeting_type": "LEC", 
   "offering": 119, 
   "room": "AQ3181", 
   "start_day": "2011-09-06", 
   "start_time": "10:30:00", 
   "weekday": 4
  }, 
  "model": "coredata.meetingtime", 
  "pk": 225
 }, 
 {
  "fields": {
   "end_day": "2011-12-05", 
   "end_time": "15:20:00", 
   "exam": false, 
   "labtut_section": null, 
   "meeting_type": "LEC", 
   "offering": 120, 
   "room": "AQ3181", 
   "start_day": "2011-09-06", 
   "start_time": "14:30:00", 
   "weekday": 4
  }, 
  "model": "coredata.meetingtime", 
  "pk": 229
 }, 
 {
  "fields": {
   "end_day": "2011-12-05", 
   "end_time": "12:20:00", 
   "exam": false, 
   "labtut_section": null, 
   "meeting_type": "LEC", 
   "offering": 121, 
   "room": "SUR2740", 
   "start_day": "2011-09-06", 
   "start_time": "11:30:00", 
   "weekday": 4
  }, 
  "model": "coredata.meetingtime", 
  "pk": 233
 }, 
 {
  "fields": {
   "end_day": "2011-08-08", 
   "end_time": "13:20:00", 
   "exam": false, 
   "labtut_section": null, 
   "meeting_type": "LEC", 
   "offering": 123, 
   "room": "AQ3154", 
   "start_day": "2011-05-09", 
   "start_time": "12:30:00", 
   "weekday": 4
  }, 
  "model": "coredata.meetingtime", 
  "pk": 244
 }, 
 {
  "fields": {
   "end_day": "2011-08-08", 
   "end_time": "11:20:00", 
   "exam": false, 
   "labtut_section": null, 
   "meeting_type": "LEC", 
   "offering": 124, 
   "room": "SUR5280", 
   "start_day": "2011-05-09", 
   "start_time": "10:30:00", 
   "weekday": 4
  }, 
  "model": "coredata.meetingtime", 
  "pk": 251
 }, 
 {
  "fields": {
   "end_day": "2011-08-08", 
   "end_time": "13:20:00", 
   "exam": false, 
   "labtut_section": null, 
   "meeting_type": "LEC", 
   "offering": 126, 
   "room": "AQ3154", 
   "start_day": "2011-05-09", 
   "start_time": "12:30:00", 
   "weekday": 4
  }, 
  "model": "coredata.meetingtime", 
  "pk": 260
 }, 
 {
  "fields": {
   "end_day": "2011-08-08", 
   "end_time": "15:20:00", 
   "exam": false, 
   "labtut_section": null, 
   "meeting_type": "LEC", 
   "offering": 129, 
   "room": "SUR3310", 
   "start_day": "2011-05-09", 
   "start_time": "14:30:00", 
   "weekday": 4
  }, 
  "model": "coredata.meetingtime", 
  "pk": 267
 }, 
 {
  "fields": {
   "end_day": "2011-08-19", 
   "end_time": "18:30:00", 
   "exam": false, 
   "labtut_section": null, 
   "meeting_type": "EXAM", 
   "offering": 129, 
   "room": "SUR3090", 
   "start_day": "2011-08-19", 
   "start_time": "15:30:00", 
   "weekday": 4
  }, 
  "model": "coredata.meetingtime", 
  "pk": 268
 }, 
 {
  "fields": {
   "end_day": "2011-12-05", 
   "end_time": "12:20:00", 
   "exam": false, 
   "labtut_section": null, 
   "meeting_type": "LEC", 
   "offering": 130, 
   "room": "SWH10041", 
   "start_day": "2011-09-06", 
   "start_time": "11:30:00", 
   "weekday": 4
  }, 
  "model": "coredata.meetingtime", 
  "pk": 274
 }, 
 {
  "fields": {
   "end_day": "2011-12-05", 
   "end_time": "14:20:00", 
   "exam": false, 
   "labtut_section": null, 
   "meeting_type": "LEC", 
   "offering": 131, 
   "room": "BLU9660", 
   "start_day": "2011-09-06", 
   "start_time": "13:30:00", 
   "weekday": 4
  }, 
  "model": "coredata.meetingtime", 
  "pk": 283
 }, 
 {
  "fields": {
   "end_day": "2011-12-05", 
   "end_time": "12:20:00", 
   "exam": false, 
   "labtut_section": null, 
   "meeting_type": "LEC", 
   "offering": 132, 
   "room": "SUR2740", 
   "start_day": "2011-09-06", 
   "start_time": "11:30:00", 
   "weekday": 4
  }, 
  "model": "coredata.meetingtime", 
  "pk": 292
 }, 
 {
  "fields": {
   "end_day": "2011-08-08", 
   "end_time": "14:20:00", 
   "exam": false, 
   "labtut_section": null, 
   "meeting_type": "LEC", 
   "offering": 133, 
   "room": "WMC3260", 
   "start_day": "2011-05-09", 
   "start_time": "13:30:00", 
   "weekday": 4
  }, 
  "model": "coredata.meetingtime", 
  "pk": 300
 }, 
 {
  "fields": {
   "end_day": "2011-08-08", 
   "end_time": "11:20:00", 
   "exam": false, 
   "labtut_section": "D103", 
   "meeting_type": "LAB", 
   "offering": 133, 
   "room": "ASB9838", 
   "start_day": "2011-05-09", 
   "start_time": "10:30:00", 
   "weekday": 4
  }, 
  "model": "coredata.meetingtime", 
  "pk": 304
 }, 
 {
  "fields": {
   "end_day": "2011-08-08", 
   "end_time": "12:20:00", 
   "exam": false, 
   "labtut_section": "D104", 
   "meeting_type": "LAB", 
   "offering": 133, 
   "room": "ASB9838", 
   "start_day": "2011-05-09", 
   "start_time": "11:30:00", 
   "weekday": 4
  }, 
  "model": "coredata.meetingtime", 
  "pk": 305
 }, 
 {
  "fields": {
   "end_day": "2011-08-08", 
   "end_time": "13:20:00", 
   "exam": false, 
   "labtut_section": "D105", 
   "meeting_type": "LAB", 
   "offering": 133, 
   "room": "ASB9838", 
   "start_day": "2011-05-09", 
   "start_time": "12:30:00", 
   "weekday": 4
  }, 
  "model": "coredata.meetingtime", 
  "pk": 306
 }, 
 {
  "fields": {
   "end_day": "2011-12-05", 
   "end_time": "15:20:00", 
   "exam": false, 
   "labtut_section": null, 
   "meeting_type": "LEC", 
   "offering": 134, 
   "room": "AQ3150", 
   "start_day": "2011-09-06", 
   "start_time": "14:30:00", 
   "weekday": 4
  }, 
  "model": "coredata.meetingtime", 
  "pk": 309
 }, 
 {
  "fields": {
   "end_day": "2011-12-05", 
   "end_time": "10:20:00", 
   "exam": false, 
   "labtut_section": null, 
   "meeting_type": "LEC", 
   "offering": 135, 
   "room": "SUR2740", 
   "start_day": "2011-09-06", 
   "start_time": "09:30:00", 
   "weekday": 4
  }, 
  "model": "coredata.meetingtime", 
  "pk": 317
 }, 
 {
  "fields": {
   "end_day": "2011-12-05", 
   "end_time": "11:20:00", 
   "exam": false, 
   "labtut_section": null, 
   "meeting_type": "LEC", 
   "offering": 136, 
   "room": "AQ5030", 
   "start_day": "2011-09-06", 
   "start_time": "10:30:00", 
   "weekday": 4
  }, 
  "model": "coredata.meetingtime", 
  "pk": 325
 }, 
 {
  "fields": {
   "end_day": "2011-12-05", 
   "end_time": "11:20:00", 
   "exam": false, 
   "labtut_section": null, 
   "meeting_type": "LEC", 
   "offering": 142, 
   "room": "AQ5006", 
   "start_day": "2011-09-06", 
   "start_time": "10:30:00", 
   "weekday": 4
  }, 
  "model": "coredata.meetingtime", 
  "pk": 338
 }, 
 {
  "fields": {
   "end_day": "2011-12-05", 
   "end_time": "15:20:00", 
   "exam": false, 
   "labtut_section": null, 
   "meeting_type": "LEC", 
   "offering": 145, 
   "room": "AQ3153", 
   "start_day": "2011-09-06", 
   "start_time": "14:30:00", 
   "weekday": 4
  }, 
  "model": "coredata.meetingtime", 
  "pk": 342
 }, 
 {
  "fields": {
   "end_day": "2011-12-05", 
   "end_time": "15:20:00", 
   "exam": false, 
   "labtut_section": null, 
   "meeting_type": "LEC", 
   "offering": 146, 
   "room": "SUR3040", 
   "start_day": "2011-09-06", 
   "start_time": "14:30:00", 
   "weekday": 4
  }, 
  "model": "coredata.meetingtime", 
  "pk": 347
 }, 
 {
  "fields": {
   "end_day": "2011-12-05", 
   "end_time": "12:20:00", 
   "exam": false, 
   "labtut_section": null, 
   "meeting_type": "LEC", 
   "offering": 147, 
   "room": "SUR3340", 
   "start_day": "2011-09-06", 
   "start_time": "11:30:00", 
   "weekday": 4
  }, 
  "model": "coredata.meetingtime", 
  "pk": 355
 }, 
 {
  "fields": {
   "end_day": "2011-12-05", 
   "end_time": "13:20:00", 
   "exam": false, 
   "labtut_section": null, 
   "meeting_type": "LEC", 
   "offering": 149, 
   "room": "SUR5080", 
   "start_day": "2011-09-06", 
   "start_time": "12:30:00", 
   "weekday": 4
  }, 
  "model": "coredata.meetingtime", 
  "pk": 362
 }, 
 {
  "fields": {
   "end_day": "2011-12-09", 
   "end_time": "15:00:00", 
   "exam": false, 
   "labtut_section": null, 
   "meeting_type": "EXAM", 
   "offering": 149, 
   "room": "", 
   "start_day": "2011-12-09", 
   "start_time": "12:00:00", 
   "weekday": 4
  }, 
  "model": "coredata.meetingtime", 
  "pk": 363
 }, 
 {
  "fields": {
   "end_day": "2011-12-05", 
   "end_time": "13:20:00", 
   "exam": false, 
   "labtut_section": null, 
   "meeting_type": "LEC", 
   "offering": 151, 
   "room": "SUR5080", 
   "start_day": "2011-09-06", 
   "start_time": "12:30:00", 
   "weekday": 4
  }, 
  "model": "coredata.meetingtime", 
  "pk": 368
 }, 
 {
  "fields": {
   "end_day": "2011-12-09", 
   "end_time": "15:00:00", 
   "exam": false, 
   "labtut_section": null, 
   "meeting_type": "EXAM", 
   "offering": 151, 
   "room": "", 
   "start_day": "2011-12-09", 
   "start_time": "12:00:00", 
   "weekday": 4
  }, 
  "model": "coredata.meetingtime", 
  "pk": 369
 }, 
 {
  "fields": {
   "end_day": "2011-12-05", 
   "end_time": "13:20:00", 
   "exam": false, 
   "labtut_section": null, 
   "meeting_type": "LEC", 
   "offering": 154, 
   "room": "SUR3340", 
   "start_day": "2011-09-06", 
   "start_time": "12:30:00", 
   "weekday": 4
  }, 
  "model": "coredata.meetingtime", 
  "pk": 372
 }, 
 {
  "fields": {
   "end_day": "2011-12-05", 
   "end_time": "15:20:00", 
   "exam": false, 
   "labtut_section": null, 
   "meeting_type": "LEC", 
   "offering": 155, 
   "room": "SUR5240", 
   "start_day": "2011-09-06", 
   "start_time": "14:30:00", 
   "weekday": 4
  }, 
  "model": "coredata.meetingtime", 
  "pk": 376
 }, 
 {
  "fields": {
   "end_day": "2011-12-05", 
   "end_time": "10:20:00", 
   "exam": false, 
   "labtut_section": null, 
   "meeting_type": "LEC", 
   "offering": 156, 
   "room": "SUR2600", 
   "start_day": "2011-09-06", 
   "start_time": "09:30:00", 
   "weekday": 4
  }, 
  "model": "coredata.meetingtime", 
  "pk": 382
 }, 
 {
  "fields": {
   "end_day": "2011-08-08", 
   "end_time": "15:20:00", 
   "exam": false, 
   "labtut_section": null, 
   "meeting_type": "LEC", 
   "offering": 166, 
   "room": "C9002", 
   "start_day": "2011-05-09", 
   "start_time": "14:30:00", 
   "weekday": 4
  }, 
  "model": "coredata.meetingtime", 
  "pk": 394
 }, 
 {
  "fields": {
   "end_day": "2011-08-08", 
   "end_time": "13:20:00", 
   "exam": false, 
   "labtut_section": "D103", 
   "meeting_type": "LAB", 
   "offering": 166, 
   "room": "BLU10921", 
   "start_day": "2011-05-09", 
   "start_time": "12:30:00", 
   "weekday": 4
  }, 
  "model": "coredata.meetingtime", 
  "pk": 398
 }, 
 {
  "fields": {
   "end_day": "2011-08-08", 
   "end_time": "14:20:00", 
   "exam": false, 
   "labtut_section": "D104", 
   "meeting_type": "LAB", 
   "offering": 166, 
   "room": "BLU9655", 
   "start_day": "2011-05-09", 
   "start_time": "13:30:00", 
   "weekday": 4
  }, 
  "model": "coredata.meetingtime", 
  "pk": 399
 }, 
 {
  "fields": {
   "end_day": "2011-08-08", 
   "end_time": "12:20:00", 
   "exam": false, 
   "labtut_section": "D105", 
   "meeting_type": "LAB", 
   "offering": 166, 
   "room": "BLU11901", 
   "start_day": "2011-05-09", 
   "start_time": "11:30:00", 
   "weekday": 4
  }, 
  "model": "coredata.meetingtime", 
  "pk": 400
 }, 
 {
  "fields": {
   "end_day": "2011-08-08", 
   "end_time": "11:20:00", 
   "exam": false, 
   "labtut_section": "D106", 
   "meeting_type": "LAB", 
   "offering": 166, 
   "room": "BLU11901", 
   "start_day": "2011-05-09", 
   "start_time": "10:30:00", 
   "weekday": 4
  }, 
  "model": "coredata.meetingtime", 
  "pk": 401
 }, 
 {
  "fields": {
   "end_day": "2011-12-05", 
   "end_time": "16:20:00", 
   "exam": false, 
   "labtut_section": null, 
   "meeting_type": "LEC", 
   "offering": 167, 
   "room": "EDB7618", 
   "start_day": "2011-09-06", 
   "start_time": "15:30:00", 
   "weekday": 4
  }, 
  "model": "coredata.meetingtime", 
  "pk": 404
 }, 
 {
  "fields": {
   "end_day": "2011-12-05", 
   "end_time": "14:20:00", 
   "exam": false, 
   "labtut_section": null, 
   "meeting_type": "LEC", 
   "offering": 168, 
   "room": "SUR5280", 
   "start_day": "2011-09-06", 
   "start_time": "13:30:00", 
   "weekday": 4
  }, 
  "model": "coredata.meetingtime", 
  "pk": 416
 }, 
 {
  "fields": {
   "end_day": "2011-12-16", 
   "end_time": "18:30:00", 
   "exam": false, 
   "labtut_section": null, 
   "meeting_type": "EXAM", 
   "offering": 168, 
   "room": "", 
   "start_day": "2011-12-16", 
   "start_time": "15:30:00", 
   "weekday": 4
  }, 
  "model": "coredata.meetingtime", 
  "pk": 417
 }, 
 {
  "fields": {
   "end_day": "2011-12-16", 
   "end_time": "22:00:00", 
   "exam": false, 
   "labtut_section": null, 
   "meeting_type": "EXAM", 
   "offering": 169, 
   "room": "", 
   "start_day": "2011-12-16", 
   "start_time": "19:00:00", 
   "weekday": 4
  }, 
  "model": "coredata.meetingtime", 
  "pk": 423
 }, 
 {
  "fields": {
   "end_day": "2011-12-17", 
   "end_time": "18:30:00", 
   "exam": false, 
   "labtut_section": null, 
   "meeting_type": "EXAM", 
   "offering": 17, 
   "room": "", 
   "start_day": "2011-12-17", 
   "start_time": "15:30:00", 
   "weekday": 5
  }, 
  "model": "coredata.meetingtime", 
  "pk": 17
 }, 
 {
  "fields": {
   "end_day": "2011-12-17", 
   "end_time": "18:30:00", 
   "exam": false, 
   "labtut_section": null, 
   "meeting_type": "EXAM", 
   "offering": 22, 
   "room": "", 
   "start_day": "2011-12-17", 
   "start_time": "15:30:00", 
   "weekday": 5
  }, 
  "model": "coredata.meetingtime", 
  "pk": 31
 }, 
 {
  "fields": {
   "end_day": "2011-12-17", 
   "end_time": "11:30:00", 
   "exam": false, 
   "labtut_section": null, 
   "meeting_type": "EXAM", 
   "offering": 64, 
   "room": "", 
   "start_day": "2011-12-17", 
   "start_time": "08:30:00", 
   "weekday": 5
  }, 
  "model": "coredata.meetingtime", 
  "pk": 38
 }, 
 {
  "fields": {
   "end_day": "2011-12-17", 
   "end_time": "11:30:00", 
   "exam": false, 
   "labtut_section": null, 
   "meeting_type": "EXAM", 
   "offering": 70, 
   "room": "", 
   "start_day": "2011-12-17", 
   "start_time": "08:30:00", 
   "weekday": 5
  }, 
  "model": "coredata.meetingtime", 
  "pk": 46
 }, 
 {
  "fields": {
   "end_day": "2011-08-13", 
   "end_time": "22:00:00", 
   "exam": false, 
   "labtut_section": null, 
   "meeting_type": "EXAM", 
   "offering": 81, 
   "room": "C9002", 
   "start_day": "2011-08-13", 
   "start_time": "19:00:00", 
   "weekday": 5
  }, 
  "model": "coredata.meetingtime", 
  "pk": 78
 }, 
 {
  "fields": {
   "end_day": "2011-12-17", 
   "end_time": "11:30:00", 
   "exam": false, 
   "labtut_section": null, 
   "meeting_type": "EXAM", 
   "offering": 95, 
   "room": "", 
   "start_day": "2011-12-17", 
   "start_time": "08:30:00", 
   "weekday": 5
  }, 
  "model": "coredata.meetingtime", 
  "pk": 125
 }, 
 {
  "fields": {
   "end_day": "2011-12-17", 
   "end_time": "11:30:00", 
   "exam": false, 
   "labtut_section": null, 
   "meeting_type": "EXAM", 
   "offering": 101, 
   "room": "", 
   "start_day": "2011-12-17", 
   "start_time": "08:30:00", 
   "weekday": 5
  }, 
  "model": "coredata.meetingtime", 
  "pk": 160
 }, 
 {
  "fields": {
   "end_day": "2011-12-10", 
   "end_time": "18:30:00", 
   "exam": false, 
   "labtut_section": null, 
   "meeting_type": "EXAM", 
   "offering": 105, 
   "room": "", 
   "start_day": "2011-12-10", 
   "start_time": "15:30:00", 
   "weekday": 5
  }, 
  "model": "coredata.meetingtime", 
  "pk": 187
 }, 
 {
  "fields": {
   "end_day": "2011-08-13", 
   "end_time": "18:30:00", 
   "exam": false, 
   "labtut_section": null, 
   "meeting_type": "EXAM", 
   "offering": 133, 
   "room": "AQ3182", 
   "start_day": "2011-08-13", 
   "start_time": "15:30:00", 
   "weekday": 5
  }, 
  "model": "coredata.meetingtime", 
  "pk": 301
 }, 
 {
  "fields": {
   "end_day": "2011-12-17", 
   "end_time": "11:30:00", 
   "exam": false, 
   "labtut_section": null, 
   "meeting_type": "EXAM", 
   "offering": 134, 
   "room": "", 
   "start_day": "2011-12-17", 
   "start_time": "08:30:00", 
   "weekday": 5
  }, 
  "model": "coredata.meetingtime", 
  "pk": 310
 }, 
 {
  "fields": {
   "end_day": "2011-12-17", 
   "end_time": "18:30:00", 
   "exam": false, 
   "labtut_section": null, 
   "meeting_type": "EXAM", 
   "offering": 141, 
   "room": "", 
   "start_day": "2011-12-17", 
   "start_time": "15:30:00", 
   "weekday": 5
  }, 
  "model": "coredata.meetingtime", 
  "pk": 335
 }, 
 {
  "fields": {
   "end_day": "2011-12-17", 
   "end_time": "11:30:00", 
   "exam": false, 
   "labtut_section": null, 
   "meeting_type": "EXAM", 
   "offering": 145, 
   "room": "", 
   "start_day": "2011-12-17", 
   "start_time": "08:30:00", 
   "weekday": 5
  }, 
  "model": "coredata.meetingtime", 
  "pk": 343
 }, 
 {
  "fields": {
   "end_day": "2011-12-17", 
   "end_time": "11:30:00", 
   "exam": false, 
   "labtut_section": null, 
   "meeting_type": "EXAM", 
   "offering": 146, 
   "room": "", 
   "start_day": "2011-12-17", 
   "start_time": "08:30:00", 
   "weekday": 5
  }, 
  "model": "coredata.meetingtime", 
  "pk": 348
 }, 
 {
  "fields": {
   "end_day": "2011-12-11", 
   "end_time": "22:00:00", 
   "exam": false, 
   "labtut_section": null, 
   "meeting_type": "EXAM", 
   "offering": 77, 
   "room": "", 
   "start_day": "2011-12-11", 
   "start_time": "19:00:00", 
   "weekday": 6
  }, 
  "model": "coredata.meetingtime", 
  "pk": 66
 }, 
 {
  "fields": {
   "end_day": "2011-12-11", 
   "end_time": "22:00:00", 
   "exam": false, 
   "labtut_section": null, 
   "meeting_type": "EXAM", 
   "offering": 92, 
   "room": "", 
   "start_day": "2011-12-11", 
   "start_time": "19:00:00", 
   "weekday": 6
  }, 
  "model": "coredata.meetingtime", 
  "pk": 112
 }, 
 {
  "fields": {
   "end_day": "2011-12-11", 
   "end_time": "22:00:00", 
   "exam": false, 
   "labtut_section": null, 
   "meeting_type": "EXAM", 
   "offering": 122, 
   "room": "", 
   "start_day": "2011-12-11", 
   "start_time": "19:00:00", 
   "weekday": 6
  }, 
  "model": "coredata.meetingtime", 
  "pk": 240
 }, 
 {
  "fields": {
   "end_day": "2011-12-11", 
   "end_time": "18:30:00", 
   "exam": false, 
   "labtut_section": null, 
   "meeting_type": "EXAM", 
   "offering": 135, 
   "room": "", 
   "start_day": "2011-12-11", 
   "start_time": "15:30:00", 
   "weekday": 6
  }, 
  "model": "coredata.meetingtime", 
  "pk": 318
 }, 
 {
  "fields": {
   "end_day": "2011-12-11", 
   "end_time": "22:00:00", 
   "exam": false, 
   "labtut_section": null, 
   "meeting_type": "EXAM", 
   "offering": 139, 
   "room": "", 
   "start_day": "2011-12-11", 
   "start_time": "19:00:00", 
   "weekday": 6
  }, 
  "model": "coredata.meetingtime", 
  "pk": 330
 }, 
 {
  "fields": {
   "end_day": "2011-12-11", 
   "end_time": "22:00:00", 
   "exam": false, 
   "labtut_section": null, 
   "meeting_type": "EXAM", 
   "offering": 150, 
   "room": "", 
   "start_day": "2011-12-11", 
   "start_time": "19:00:00", 
   "weekday": 6
  }, 
  "model": "coredata.meetingtime", 
  "pk": 365
 }, 
 {
  "fields": {
   "emplid": 200000101, 
   "first_name": "Gregory", 
   "last_name": "Baker", 
   "middle_name": "Garnet", 
   "pref_first_name": "Gregory", 
   "userid": "ggbaker"
  }, 
  "model": "coredata.person", 
  "pk": 10
 }, 
 {
  "fields": {
   "emplid": 200000102, 
   "first_name": "Bradley", 
   "last_name": "Bart", 
   "middle_name": "Stephen", 
   "pref_first_name": "Bradley", 
   "userid": "bbart"
  }, 
  "model": "coredata.person", 
  "pk": 39
 }, 
 {
  "fields": {
   "emplid": 200000103, 
   "first_name": "Petra", 
   "last_name": "Berenbrink", 
   "middle_name": "", 
   "pref_first_name": "Petra", 
   "userid": "petra"
  }, 
  "model": "coredata.person", 
  "pk": 20
 }, 
 {
  "fields": {
   "emplid": 200000104, 
   "first_name": "Binay", 
   "last_name": "Bhattacharya", 
   "middle_name": "", 
   "pref_first_name": "Binay", 
   "userid": "binay"
  }, 
  "model": "coredata.person", 
  "pk": 6
 }, 
 {
  "fields": {
   "emplid": 200000105, 
   "first_name": "Andrei", 
   "last_name": "Bulatov", 
   "middle_name": "A.", 
   "pref_first_name": "Andrei", 
   "userid": "abulatov"
  }, 
  "model": "coredata.person", 
  "pk": 42
 }, 
 {
  "fields": {
   "emplid": 200000106, 
   "first_name": "Harriet", 
   "last_name": "Chicoine", 
   "middle_name": "", 
   "pref_first_name": "Harriet", 
   "userid": "chicoine"
  }, 
  "model": "coredata.person", 
  "pk": 14
 }, 
 {
  "fields": {
   "emplid": 200000107, 
   "first_name": "James", 
   "last_name": "Delgrande", 
   "middle_name": "Patrick", 
   "pref_first_name": "James", 
   "userid": "jim"
  }, 
  "model": "coredata.person", 
  "pk": 4
 }, 
 {
  "fields": {
   "emplid": 200000108, 
   "first_name": "Anthony", 
   "last_name": "Dixon", 
   "middle_name": "", 
   "pref_first_name": "Anthony", 
   "userid": "dixon"
  }, 
  "model": "coredata.person", 
  "pk": 34
 }, 
 {
  "fields": {
   "emplid": 200000109, 
   "first_name": "Toby", 
   "last_name": "Donaldson", 
   "middle_name": "John", 
   "pref_first_name": "Toby", 
   "userid": "tjd"
  }, 
  "model": "coredata.person", 
  "pk": 52
 }, 
 {
  "fields": {
   "emplid": 200000110, 
   "first_name": "Mark", 
   "last_name": "Drew", 
   "middle_name": "", 
   "pref_first_name": "Mark", 
   "userid": "mark"
  }, 
  "model": "coredata.person", 
  "pk": 26
 }, 
 {
  "fields": {
   "emplid": 200000111, 
   "first_name": "John", 
   "last_name": "Edgar", 
   "middle_name": "William McCredie", 
   "pref_first_name": "John", 
   "userid": "johnwill"
  }, 
  "model": "coredata.person", 
  "pk": 45
 }, 
 {
  "fields": {
   "emplid": 200000112, 
   "first_name": "Ayse", 
   "last_name": "Ergun", 
   "middle_name": "Funda", 
   "pref_first_name": "Ayse", 
   "userid": "funda"
  }, 
  "model": "coredata.person", 
  "pk": 43
 }, 
 {
  "fields": {
   "emplid": 200000113, 
   "first_name": "Michael", 
   "last_name": "Evans", 
   "middle_name": "David", 
   "pref_first_name": "Michael", 
   "userid": "evans"
  }, 
  "model": "coredata.person", 
  "pk": 32
 }, 
 {
  "fields": {
   "emplid": 200000114, 
   "first_name": ".", 
   "last_name": "Faculty", 
   "middle_name": "", 
   "pref_first_name": ".", 
   "userid": null
  }, 
  "model": "coredata.person", 
  "pk": 1
 }, 
 {
  "fields": {
   "emplid": 200000115, 
   "first_name": "Alexandra", 
   "last_name": "Fedorova", 
   "middle_name": "", 
   "pref_first_name": "Alexandra", 
   "userid": "fedorova"
  }, 
  "model": "coredata.person", 
  "pk": 50
 }, 
 {
  "fields": {
   "emplid": 200000116, 
   "first_name": "Brian", 
   "last_name": "Fraser", 
   "middle_name": "", 
   "pref_first_name": "Brian", 
   "userid": "bfraser"
  }, 
  "model": "coredata.person", 
  "pk": 35
 }, 
 {
  "fields": {
   "emplid": 200000117, 
   "first_name": "Uwe", 
   "last_name": "Glaesser", 
   "middle_name": "Peter", 
   "pref_first_name": "Uwe", 
   "userid": "glaesser"
  }, 
  "model": "coredata.person", 
  "pk": 8
 }, 
 {
  "fields": {
   "emplid": 200000196, 
   "first_name": "Douglas", 
   "last_name": "Gradstudent", 
   "middle_name": "", 
   "pref_first_name": "Doug", 
   "userid": "0grad1"
  }, 
  "model": "coredata.person", 
  "pk": 96
 }, 
 {
  "fields": {
   "emplid": 200000118, 
   "first_name": "Qianping", 
   "last_name": "Gu", 
   "middle_name": "", 
   "pref_first_name": "Qianping", 
   "userid": "qgu"
  }, 
  "model": "coredata.person", 
  "pk": 9
 }, 
 {
  "fields": {
   "emplid": 200000119, 
   "first_name": "Robert", 
   "last_name": "Hadley", 
   "middle_name": "Francis", 
   "pref_first_name": "Robert", 
   "userid": "hadley"
  }, 
  "model": "coredata.person", 
  "pk": 3
 }, 
 {
  "fields": {
   "emplid": 200000120, 
   "first_name": "Louis", 
   "last_name": "Hafer", 
   "middle_name": "", 
   "pref_first_name": "Louis", 
   "userid": "lou"
  }, 
  "model": "coredata.person", 
  "pk": 38
 }, 
 {
  "fields": {
   "emplid": 200000121, 
   "first_name": "Ghassan", 
   "last_name": "Hamarneh", 
   "middle_name": "", 
   "pref_first_name": "Ghassan", 
   "userid": "hamarneh"
  }, 
  "model": "coredata.person", 
  "pk": 40
 }, 
 {
  "fields": {
   "emplid": 200000122, 
   "first_name": "William", 
   "last_name": "Havens", 
   "middle_name": "", 
   "pref_first_name": "William", 
   "userid": "havens"
  }, 
  "model": "coredata.person", 
  "pk": 46
 }, 
 {
  "fields": {
   "emplid": 200000123, 
   "first_name": "Pavol", 
   "last_name": "Hell", 
   "middle_name": "", 
   "pref_first_name": "Pavol", 
   "userid": "pavol"
  }, 
  "model": "coredata.person", 
  "pk": 5
 }, 
 {
  "fields": {
   "emplid": 200000124, 
   "first_name": "Paul", 
   "last_name": "Hibbitts", 
   "middle_name": "DAVID", 
   "pref_first_name": "Paul", 
   "userid": null
  }, 
  "model": "coredata.person", 
  "pk": 27
 }, 
 {
  "fields": {
   "emplid": 200000125, 
   "first_name": "Valentine", 
   "last_name": "Kabanets", 
   "middle_name": "Victorovich", 
   "pref_first_name": "Valentine", 
   "userid": "kabanets"
  }, 
  "model": "coredata.person", 
  "pk": 30
 }, 
 {
  "fields": {
   "emplid": 200000126, 
   "first_name": "Harinder", 
   "last_name": "Khangura", 
   "middle_name": "Singh", 
   "pref_first_name": "Harinder", 
   "userid": "hskhangu"
  }, 
  "model": "coredata.person", 
  "pk": 51
 }, 
 {
  "fields": {
   "emplid": 200000237, 
   "first_name": "Susan", 
   "last_name": "Kindersley", 
   "middle_name": null, 
   "pref_first_name": "sumo", 
   "userid": "sumo"
  }, 
  "model": "coredata.person", 
  "pk": 137
 }, 
 {
  "fields": {
   "emplid": 200000127, 
   "first_name": "Arthur", 
   "last_name": "Kirkpatrick", 
   "middle_name": "Edward", 
   "pref_first_name": "Arthur", 
   "userid": "ted"
  }, 
  "model": "coredata.person", 
  "pk": 44
 }, 
 {
  "fields": {
   "emplid": 200000128, 
   "first_name": "Ramesh", 
   "last_name": "Krishnamurti", 
   "middle_name": "", 
   "pref_first_name": "Ramesh", 
   "userid": "ramesh"
  }, 
  "model": "coredata.person", 
  "pk": 21
 }, 
 {
  "fields": {
   "emplid": 200000129, 
   "first_name": "Anne", 
   "last_name": "Lavergne", 
   "middle_name": "", 
   "pref_first_name": "Anne", 
   "userid": "alavergn"
  }, 
  "model": "coredata.person", 
  "pk": 36
 }, 
 {
  "fields": {
   "emplid": 200000130, 
   "first_name": "Ze-Nian", 
   "last_name": "Li", 
   "middle_name": "", 
   "pref_first_name": "Ze-Nian", 
   "userid": "li"
  }, 
  "model": "coredata.person", 
  "pk": 25
 }, 
 {
  "fields": {
   "emplid": 200000131, 
   "first_name": "Arthur", 
   "last_name": "Liestman", 
   "middle_name": "", 
   "pref_first_name": "Arthur", 
   "userid": "art"
  }, 
  "model": "coredata.person", 
  "pk": 48
 }, 
 {
  "fields": {
   "emplid": 200000132, 
   "first_name": "Petr", 
   "last_name": "Lisonek", 
   "middle_name": "", 
   "pref_first_name": "Petr", 
   "userid": "plisonek"
  }, 
  "model": "coredata.person", 
  "pk": 55
 }, 
 {
  "fields": {
   "emplid": 200000133, 
   "first_name": "Jiangchuan", 
   "last_name": "Liu", 
   "middle_name": "", 
   "pref_first_name": "Jiangchuan", 
   "userid": "jcliu"
  }, 
  "model": "coredata.person", 
  "pk": 24
 }, 
 {
  "fields": {
   "emplid": 200000134, 
   "first_name": "Wo-Shun", 
   "last_name": "Luk", 
   "middle_name": "", 
   "pref_first_name": "Wo-Shun", 
   "userid": "woshun"
  }, 
  "model": "coredata.person", 
  "pk": 13
 }, 
 {
  "fields": {
   "emplid": 200000135, 
   "first_name": "Marjan", 
   "last_name": "Marzban", 
   "middle_name": "", 
   "pref_first_name": "Marjan", 
   "userid": "mmarzban"
  }, 
  "model": "coredata.person", 
  "pk": 23
 }, 
 {
  "fields": {
   "emplid": 200000136, 
   "first_name": "Frances", 
   "last_name": "McLafferty", 
   "middle_name": "Helen", 
   "pref_first_name": "Frances", 
   "userid": "fmclaffe"
  }, 
  "model": "coredata.person", 
  "pk": 15
 }, 
 {
  "fields": {
   "emplid": 200000137, 
   "first_name": "David", 
   "last_name": "Mitchell", 
   "middle_name": "Geoffrey", 
   "pref_first_name": "David", 
   "userid": "dgm"
  }, 
  "model": "coredata.person", 
  "pk": 2
 }, 
 {
  "fields": {
   "emplid": 200000138, 
   "first_name": "Torsten", 
   "last_name": "Moller", 
   "middle_name": "", 
   "pref_first_name": "Torsten", 
   "userid": "torsten"
  }, 
  "model": "coredata.person", 
  "pk": 12
 }, 
 {
  "fields": {
   "emplid": 200000139, 
   "first_name": "Gregory", 
   "last_name": "Mori", 
   "middle_name": "Peter", 
   "pref_first_name": "Gregory", 
   "userid": "mori"
  }, 
  "model": "coredata.person", 
  "pk": 16
 }, 
 {
  "fields": {
   "emplid": 200000140, 
   "first_name": "Adam", 
   "last_name": "Oberman", 
   "middle_name": "Morisson", 
   "pref_first_name": "Adam", 
   "userid": "aoberman"
  }, 
  "model": "coredata.person", 
  "pk": 53
 }, 
 {
  "fields": {
   "emplid": 200000141, 
   "first_name": "Steven", 
   "last_name": "Pearce", 
   "middle_name": "James", 
   "pref_first_name": "Steven", 
   "userid": "stevenp"
  }, 
  "model": "coredata.person", 
  "pk": 29
 }, 
 {
  "fields": {
   "emplid": 200000142, 
   "first_name": "Joseph", 
   "last_name": "Peters", 
   "middle_name": "Garnet", 
   "pref_first_name": "Joseph", 
   "userid": "peters"
  }, 
  "model": "coredata.person", 
  "pk": 31
 }, 
 {
  "fields": {
   "emplid": 200000143, 
   "first_name": "Fred", 
   "last_name": "Popowich", 
   "middle_name": "", 
   "pref_first_name": "Fred", 
   "userid": "popowich"
  }, 
  "model": "coredata.person", 
  "pk": 22
 }, 
 {
  "fields": {
   "emplid": 200000144, 
   "first_name": "Danny", 
   "last_name": "Ridinger", 
   "middle_name": "Lynn", 
   "pref_first_name": "Danny", 
   "userid": "ridinger"
  }, 
  "model": "coredata.person", 
  "pk": 7
 }, 
 {
  "fields": {
   "emplid": 200000145, 
   "first_name": "Suleyman", 
   "last_name": "Sahinalp", 
   "middle_name": "Cenk", 
   "pref_first_name": "Suleyman", 
   "userid": "cenk"
  }, 
  "model": "coredata.person", 
  "pk": 47
 }, 
 {
  "fields": {
   "emplid": 200000146, 
   "first_name": "Anoop", 
   "last_name": "Sarkar", 
   "middle_name": "", 
   "pref_first_name": "Anoop", 
   "userid": "anoop"
  }, 
  "model": "coredata.person", 
  "pk": 17
 }, 
 {
  "fields": {
   "emplid": 200000147, 
   "first_name": "Oliver", 
   "last_name": "Schulte", 
   "middle_name": "Norbert", 
   "pref_first_name": "Oliver", 
   "userid": "oschulte"
  }, 
  "model": "coredata.person", 
  "pk": 28
 }, 
 {
  "fields": {
   "emplid": 200000148, 
   "first_name": "Thomas", 
   "last_name": "Shermer", 
   "middle_name": "", 
   "pref_first_name": "Thomas", 
   "userid": "shermer"
  }, 
  "model": "coredata.person", 
  "pk": 49
 }, 
 {
  "fields": {
   "emplid": 200000149, 
   "first_name": "Arrvindh", 
   "last_name": "Shriraman", 
   "middle_name": "", 
   "pref_first_name": "Arrvindh", 
   "userid": "ashriram"
  }, 
  "model": "coredata.person", 
  "pk": 41
 }, 
 {
  "fields": {
   "emplid": 200000150, 
   "first_name": "Tamara", 
   "last_name": "Smyth", 
   "middle_name": "", 
   "pref_first_name": "Tamara", 
   "userid": "tamaras"
  }, 
  "model": "coredata.person", 
  "pk": 37
 }, 
 {
  "fields": {
   "emplid": 200000214, 
   "first_name": "Adciuwoq", 
   "last_name": "Student", 
   "middle_name": "", 
   "pref_first_name": "Adci", 
   "userid": "0bbb17"
  }, 
  "model": "coredata.person", 
  "pk": 114
 }, 
 {
  "fields": {
   "emplid": 200000169, 
   "first_name": "Ajmisofi", 
   "last_name": "Student", 
   "middle_name": "", 
   "pref_first_name": "Ajmi", 
   "userid": "0aaa13"
  }, 
  "model": "coredata.person", 
  "pk": 69
 }, 
 {
  "fields": {
   "emplid": 200000192, 
   "first_name": "Bdmvfrdd", 
   "last_name": "Student", 
   "middle_name": "", 
   "pref_first_name": "Bdmv", 
   "userid": "0aaa36"
  }, 
  "model": "coredata.person", 
  "pk": 92
 }, 
 {
  "fields": {
   "emplid": 200000209, 
   "first_name": "Bthfbomi", 
   "last_name": "Student", 
   "middle_name": "", 
   "pref_first_name": "Bthf", 
   "userid": "0bbb12"
  }, 
  "model": "coredata.person", 
  "pk": 109
 }, 
 {
  "fields": {
   "emplid": 200000197, 
   "first_name": "Bvmgcpvr", 
   "last_name": "Student", 
   "middle_name": "", 
   "pref_first_name": "Bvmg", 
   "userid": "0bbb0"
  }, 
  "model": "coredata.person", 
  "pk": 97
 }, 
 {
  "fields": {
   "emplid": 200000165, 
   "first_name": "Cajatkgt", 
   "last_name": "Student", 
   "middle_name": "", 
   "pref_first_name": "Caja", 
   "userid": "0aaa9"
  }, 
  "model": "coredata.person", 
  "pk": 65
 }, 
 {
  "fields": {
   "emplid": 200000174, 
   "first_name": "Cibzpgpk", 
   "last_name": "Student", 
   "middle_name": "", 
   "pref_first_name": "Cibz", 
   "userid": "0aaa18"
  }, 
  "model": "coredata.person", 
  "pk": 74
 }, 
 {
  "fields": {
   "emplid": 200000159, 
   "first_name": "Cqpnikpk", 
   "last_name": "Student", 
   "middle_name": "", 
   "pref_first_name": "Cqpn", 
   "userid": "0aaa3"
  }, 
  "model": "coredata.person", 
  "pk": 59
 }, 
 {
  "fields": {
   "emplid": 200000218, 
   "first_name": "Csvhaabc", 
   "last_name": "Student", 
   "middle_name": "", 
   "pref_first_name": "Csvh", 
   "userid": "0bbb21"
  }, 
  "model": "coredata.person", 
  "pk": 118
 }, 
 {
  "fields": {
   "emplid": 200000194, 
   "first_name": "Cuglrxcv", 
   "last_name": "Student", 
   "middle_name": "", 
   "pref_first_name": "Cugl", 
   "userid": "0aaa38"
  }, 
  "model": "coredata.person", 
  "pk": 94
 }, 
 {
  "fields": {
   "emplid": 200000199, 
   "first_name": "Cyamalja", 
   "last_name": "Student", 
   "middle_name": "", 
   "pref_first_name": "Cyam", 
   "userid": "0bbb2"
  }, 
  "model": "coredata.person", 
  "pk": 99
 }, 
 {
  "fields": {
   "emplid": 200000163, 
   "first_name": "Dodczauv", 
   "last_name": "Student", 
   "middle_name": "", 
   "pref_first_name": "Dodc", 
   "userid": "0aaa7"
  }, 
  "model": "coredata.person", 
  "pk": 63
 }, 
 {
  "fields": {
   "emplid": 200000188, 
   "first_name": "Eadbunae", 
   "last_name": "Student", 
   "middle_name": "", 
   "pref_first_name": "Eadb", 
   "userid": "0aaa32"
  }, 
  "model": "coredata.person", 
  "pk": 88
 }, 
 {
  "fields": {
   "emplid": 200000186, 
   "first_name": "Eqfwwgbt", 
   "last_name": "Student", 
   "middle_name": "", 
   "pref_first_name": "Eqfw", 
   "userid": "0aaa30"
  }, 
  "model": "coredata.person", 
  "pk": 86
 }, 
 {
  "fields": {
   "emplid": 200000221, 
   "first_name": "Exzhxzce", 
   "last_name": "Student", 
   "middle_name": "", 
   "pref_first_name": "Exzh", 
   "userid": "0bbb24"
  }, 
  "model": "coredata.person", 
  "pk": 121
 }, 
 {
  "fields": {
   "emplid": 200000211, 
   "first_name": "Eygwrexc", 
   "last_name": "Student", 
   "middle_name": "", 
   "pref_first_name": "Eygw", 
   "userid": "0bbb14"
  }, 
  "model": "coredata.person", 
  "pk": 111
 }, 
 {
  "fields": {
   "emplid": 200000222, 
   "first_name": "Fiycscwn", 
   "last_name": "Student", 
   "middle_name": "", 
   "pref_first_name": "Fiyc", 
   "userid": "0bbb25"
  }, 
  "model": "coredata.person", 
  "pk": 122
 }, 
 {
  "fields": {
   "emplid": 200000182, 
   "first_name": "Fzjbxsht", 
   "last_name": "Student", 
   "middle_name": "", 
   "pref_first_name": "Fzjb", 
   "userid": "0aaa26"
  }, 
  "model": "coredata.person", 
  "pk": 82
 }, 
 {
  "fields": {
   "emplid": 200000177, 
   "first_name": "Gbgwydrp", 
   "last_name": "Student", 
   "middle_name": "", 
   "pref_first_name": "Gbgw", 
   "userid": "0aaa21"
  }, 
  "model": "coredata.person", 
  "pk": 77
 }, 
 {
  "fields": {
   "emplid": 200000175, 
   "first_name": "Gmufbyzi", 
   "last_name": "Student", 
   "middle_name": "", 
   "pref_first_name": "Gmuf", 
   "userid": "0aaa19"
  }, 
  "model": "coredata.person", 
  "pk": 75
 }, 
 {
  "fields": {
   "emplid": 200000231, 
   "first_name": "Guhqgtqa", 
   "last_name": "Student", 
   "middle_name": "", 
   "pref_first_name": "Guhq", 
   "userid": "0bbb34"
  }, 
  "model": "coredata.person", 
  "pk": 131
 }, 
 {
  "fields": {
   "emplid": 200000181, 
   "first_name": "Hiphhmmj", 
   "last_name": "Student", 
   "middle_name": "", 
   "pref_first_name": "Hiph", 
   "userid": "0aaa25"
  }, 
  "model": "coredata.person", 
  "pk": 81
 }, 
 {
  "fields": {
   "emplid": 200000185, 
   "first_name": "Hslbtjfk", 
   "last_name": "Student", 
   "middle_name": "", 
   "pref_first_name": "Hslb", 
   "userid": "0aaa29"
  }, 
  "model": "coredata.person", 
  "pk": 85
 }, 
 {
  "fields": {
   "emplid": 200000230, 
   "first_name": "Hxmtiike", 
   "last_name": "Student", 
   "middle_name": "", 
   "pref_first_name": "Hxmt", 
   "userid": "0bbb33"
  }, 
  "model": "coredata.person", 
  "pk": 130
 }, 
 {
  "fields": {
   "emplid": 200000205, 
   "first_name": "Iflmvkqk", 
   "last_name": "Student", 
   "middle_name": "", 
   "pref_first_name": "Iflm", 
   "userid": "0bbb8"
  }, 
  "model": "coredata.person", 
  "pk": 105
 }, 
 {
  "fields": {
   "emplid": 200000217, 
   "first_name": "Ignykldl", 
   "last_name": "Student", 
   "middle_name": "", 
   "pref_first_name": "Igny", 
   "userid": "0bbb20"
  }, 
  "model": "coredata.person", 
  "pk": 117
 }, 
 {
  "fields": {
   "emplid": 200000178, 
   "first_name": "Ihhvwmep", 
   "last_name": "Student", 
   "middle_name": "", 
   "pref_first_name": "Ihhv", 
   "userid": "0aaa22"
  }, 
  "model": "coredata.person", 
  "pk": 78
 }, 
 {
  "fields": {
   "emplid": 200000226, 
   "first_name": "Imnlwwzm", 
   "last_name": "Student", 
   "middle_name": "", 
   "pref_first_name": "Imnl", 
   "userid": "0bbb29"
  }, 
  "model": "coredata.person", 
  "pk": 126
 }, 
 {
  "fields": {
   "emplid": 200000235, 
   "first_name": "Jfiuypqg", 
   "last_name": "Student", 
   "middle_name": "", 
   "pref_first_name": "Jfiu", 
   "userid": "0bbb38"
  }, 
  "model": "coredata.person", 
  "pk": 135
 }, 
 {
  "fields": {
   "emplid": 200000179, 
   "first_name": "Jrzqvkre", 
   "last_name": "Student", 
   "middle_name": "", 
   "pref_first_name": "Jrzq", 
   "userid": "0aaa23"
  }, 
  "model": "coredata.person", 
  "pk": 79
 }, 
 {
  "fields": {
   "emplid": 200000193, 
   "first_name": "Kifefqiv", 
   "last_name": "Student", 
   "middle_name": "", 
   "pref_first_name": "Kife", 
   "userid": "0aaa37"
  }, 
  "model": "coredata.person", 
  "pk": 93
 }, 
 {
  "fields": {
   "emplid": 200000191, 
   "first_name": "Kmrogtnr", 
   "last_name": "Student", 
   "middle_name": "", 
   "pref_first_name": "Kmro", 
   "userid": "0aaa35"
  }, 
  "model": "coredata.person", 
  "pk": 91
 }, 
 {
  "fields": {
   "emplid": 200000227, 
   "first_name": "Lhjzzjjh", 
   "last_name": "Student", 
   "middle_name": "", 
   "pref_first_name": "Lhjz", 
   "userid": "0bbb30"
  }, 
  "model": "coredata.person", 
  "pk": 127
 }, 
 {
  "fields": {
   "emplid": 200000187, 
   "first_name": "Lmcsconc", 
   "last_name": "Student", 
   "middle_name": "", 
   "pref_first_name": "Lmcs", 
   "userid": "0aaa31"
  }, 
  "model": "coredata.person", 
  "pk": 87
 }, 
 {
  "fields": {
   "emplid": 200000223, 
   "first_name": "Luvbcrod", 
   "last_name": "Student", 
   "middle_name": "", 
   "pref_first_name": "Luvb", 
   "userid": "0bbb26"
  }, 
  "model": "coredata.person", 
  "pk": 123
 }, 
 {
  "fields": {
   "emplid": 200000172, 
   "first_name": "Lyhhupzx", 
   "last_name": "Student", 
   "middle_name": "", 
   "pref_first_name": "Lyhh", 
   "userid": "0aaa16"
  }, 
  "model": "coredata.person", 
  "pk": 72
 }, 
 {
  "fields": {
   "emplid": 200000180, 
   "first_name": "Muotvsmz", 
   "last_name": "Student", 
   "middle_name": "", 
   "pref_first_name": "Muot", 
   "userid": "0aaa24"
  }, 
  "model": "coredata.person", 
  "pk": 80
 }, 
 {
  "fields": {
   "emplid": 200000234, 
   "first_name": "Ndugcsty", 
   "last_name": "Student", 
   "middle_name": "", 
   "pref_first_name": "Ndug", 
   "userid": "0bbb37"
  }, 
  "model": "coredata.person", 
  "pk": 134
 }, 
 {
  "fields": {
   "emplid": 200000203, 
   "first_name": "Neuvuidw", 
   "last_name": "Student", 
   "middle_name": "", 
   "pref_first_name": "Neuv", 
   "userid": "0bbb6"
  }, 
  "model": "coredata.person", 
  "pk": 103
 }, 
 {
  "fields": {
   "emplid": 200000167, 
   "first_name": "Ngisncan", 
   "last_name": "Student", 
   "middle_name": "", 
   "pref_first_name": "Ngis", 
   "userid": "0aaa11"
  }, 
  "model": "coredata.person", 
  "pk": 67
 }, 
 {
  "fields": {
   "emplid": 200000168, 
   "first_name": "Njtkaech", 
   "last_name": "Student", 
   "middle_name": "", 
   "pref_first_name": "Njtk", 
   "userid": "0aaa12"
  }, 
  "model": "coredata.person", 
  "pk": 68
 }, 
 {
  "fields": {
   "emplid": 200000161, 
   "first_name": "Nmwbywzf", 
   "last_name": "Student", 
   "middle_name": "", 
   "pref_first_name": "Nmwb", 
   "userid": "0aaa5"
  }, 
  "model": "coredata.person", 
  "pk": 61
 }, 
 {
  "fields": {
   "emplid": 200000198, 
   "first_name": "Nomoyrjx", 
   "last_name": "Student", 
   "middle_name": "", 
   "pref_first_name": "Nomo", 
   "userid": "0bbb1"
  }, 
  "model": "coredata.person", 
  "pk": 98
 }, 
 {
  "fields": {
   "emplid": 200000229, 
   "first_name": "Nyfztkni", 
   "last_name": "Student", 
   "middle_name": "", 
   "pref_first_name": "Nyfz", 
   "userid": "0bbb32"
  }, 
  "model": "coredata.person", 
  "pk": 129
 }, 
 {
  "fields": {
   "emplid": 200000216, 
   "first_name": "Nzstfzxu", 
   "last_name": "Student", 
   "middle_name": "", 
   "pref_first_name": "Nzst", 
   "userid": "0bbb19"
  }, 
  "model": "coredata.person", 
  "pk": 116
 }, 
 {
  "fields": {
   "emplid": 200000215, 
   "first_name": "Oehgbulp", 
   "last_name": "Student", 
   "middle_name": "", 
   "pref_first_name": "Oehg", 
   "userid": "0bbb18"
  }, 
  "model": "coredata.person", 
  "pk": 115
 }, 
 {
  "fields": {
   "emplid": 200000158, 
   "first_name": "Pciwweit", 
   "last_name": "Student", 
   "middle_name": "", 
   "pref_first_name": "Pciw", 
   "userid": "0aaa2"
  }, 
  "model": "coredata.person", 
  "pk": 58
 }, 
 {
  "fields": {
   "emplid": 200000204, 
   "first_name": "Pczkujdm", 
   "last_name": "Student", 
   "middle_name": "", 
   "pref_first_name": "Pczk", 
   "userid": "0bbb7"
  }, 
  "model": "coredata.person", 
  "pk": 104
 }, 
 {
  "fields": {
   "emplid": 200000207, 
   "first_name": "Piaqlwhy", 
   "last_name": "Student", 
   "middle_name": "", 
   "pref_first_name": "Piaq", 
   "userid": "0bbb10"
  }, 
  "model": "coredata.person", 
  "pk": 107
 }, 
 {
  "fields": {
   "emplid": 200000162, 
   "first_name": "Pirxxblq", 
   "last_name": "Student", 
   "middle_name": "", 
   "pref_first_name": "Pirx", 
   "userid": "0aaa6"
  }, 
  "model": "coredata.person", 
  "pk": 62
 }, 
 {
  "fields": {
   "emplid": 200000200, 
   "first_name": "Qjsscjfz", 
   "last_name": "Student", 
   "middle_name": "", 
   "pref_first_name": "Qjss", 
   "userid": "0bbb3"
  }, 
  "model": "coredata.person", 
  "pk": 100
 }, 
 {
  "fields": {
   "emplid": 200000224, 
   "first_name": "Qkfcucps", 
   "last_name": "Student", 
   "middle_name": "", 
   "pref_first_name": "Qkfc", 
   "userid": "0bbb27"
  }, 
  "model": "coredata.person", 
  "pk": 124
 }, 
 {
  "fields": {
   "emplid": 200000219, 
   "first_name": "Qslptcwh", 
   "last_name": "Student", 
   "middle_name": "", 
   "pref_first_name": "Qslp", 
   "userid": "0bbb22"
  }, 
  "model": "coredata.person", 
  "pk": 119
 }, 
 {
  "fields": {
   "emplid": 200000233, 
   "first_name": "Qsmvkvbm", 
   "last_name": "Student", 
   "middle_name": "", 
   "pref_first_name": "Qsmv", 
   "userid": "0bbb36"
  }, 
  "model": "coredata.person", 
  "pk": 133
 }, 
 {
  "fields": {
   "emplid": 200000160, 
   "first_name": "Quqdtenn", 
   "last_name": "Student", 
   "middle_name": "", 
   "pref_first_name": "Quqd", 
   "userid": "0aaa4"
  }, 
  "model": "coredata.person", 
  "pk": 60
 }, 
 {
  "fields": {
   "emplid": 200000202, 
   "first_name": "Rfxifmca", 
   "last_name": "Student", 
   "middle_name": "", 
   "pref_first_name": "Rfxi", 
   "userid": "0bbb5"
  }, 
  "model": "coredata.person", 
  "pk": 102
 }, 
 {
  "fields": {
   "emplid": 200000195, 
   "first_name": "Sdfxicoo", 
   "last_name": "Student", 
   "middle_name": "", 
   "pref_first_name": "Sdfx", 
   "userid": "0aaa39"
  }, 
  "model": "coredata.person", 
  "pk": 95
 }, 
 {
  "fields": {
   "emplid": 200000189, 
   "first_name": "Smaadodt", 
   "last_name": "Student", 
   "middle_name": "", 
   "pref_first_name": "Smaa", 
   "userid": "0aaa33"
  }, 
  "model": "coredata.person", 
  "pk": 89
 }, 
 {
  "fields": {
   "emplid": 200000201, 
   "first_name": "Supezjpp", 
   "last_name": "Student", 
   "middle_name": "", 
   "pref_first_name": "Supe", 
   "userid": "0bbb4"
  }, 
  "model": "coredata.person", 
  "pk": 101
 }, 
 {
  "fields": {
   "emplid": 200000176, 
   "first_name": "Tdqecvfi", 
   "last_name": "Student", 
   "middle_name": "", 
   "pref_first_name": "Tdqe", 
   "userid": "0aaa20"
  }, 
  "model": "coredata.person", 
  "pk": 76
 }, 
 {
  "fields": {
   "emplid": 200000236, 
   "first_name": "Toqgpxuf", 
   "last_name": "Student", 
   "middle_name": "", 
   "pref_first_name": "Toqg", 
   "userid": "0bbb39"
  }, 
  "model": "coredata.person", 
  "pk": 136
 }, 
 {
  "fields": {
   "emplid": 200000183, 
   "first_name": "Twcgjula", 
   "last_name": "Student", 
   "middle_name": "", 
   "pref_first_name": "Twcg", 
   "userid": "0aaa27"
  }, 
  "model": "coredata.person", 
  "pk": 83
 }, 
 {
  "fields": {
   "emplid": 200000173, 
   "first_name": "Ubmnnzhj", 
   "last_name": "Student", 
   "middle_name": "", 
   "pref_first_name": "Ubmn", 
   "userid": "0aaa17"
  }, 
  "model": "coredata.person", 
  "pk": 73
 }, 
 {
  "fields": {
   "emplid": 200000171, 
   "first_name": "Ufypqgao", 
   "last_name": "Student", 
   "middle_name": "", 
   "pref_first_name": "Ufyp", 
   "userid": "0aaa15"
  }, 
  "model": "coredata.person", 
  "pk": 71
 }, 
 {
  "fields": {
   "emplid": 200000225, 
   "first_name": "Ukxrkgma", 
   "last_name": "Student", 
   "middle_name": "", 
   "pref_first_name": "Ukxr", 
   "userid": "0bbb28"
  }, 
  "model": "coredata.person", 
  "pk": 125
 }, 
 {
  "fields": {
   "emplid": 200000156, 
   "first_name": "Uprsfzfy", 
   "last_name": "Student", 
   "middle_name": "", 
   "pref_first_name": "Uprs", 
   "userid": "0aaa0"
  }, 
  "model": "coredata.person", 
  "pk": 56
 }, 
 {
  "fields": {
   "emplid": 200000190, 
   "first_name": "Uqgzzvxc", 
   "last_name": "Student", 
   "middle_name": "", 
   "pref_first_name": "Uqgz", 
   "userid": "0aaa34"
  }, 
  "model": "coredata.person", 
  "pk": 90
 }, 
 {
  "fields": {
   "emplid": 200000220, 
   "first_name": "Vhffalmg", 
   "last_name": "Student", 
   "middle_name": "", 
   "pref_first_name": "Vhff", 
   "userid": "0bbb23"
  }, 
  "model": "coredata.person", 
  "pk": 120
 }, 
 {
  "fields": {
   "emplid": 200000228, 
   "first_name": "Vniktswp", 
   "last_name": "Student", 
   "middle_name": "", 
   "pref_first_name": "Vnik", 
   "userid": "0bbb31"
  }, 
  "model": "coredata.person", 
  "pk": 128
 }, 
 {
  "fields": {
   "emplid": 200000166, 
   "first_name": "Wxiknhtx", 
   "last_name": "Student", 
   "middle_name": "", 
   "pref_first_name": "Wxik", 
   "userid": "0aaa10"
  }, 
  "model": "coredata.person", 
  "pk": 66
 }, 
 {
  "fields": {
   "emplid": 200000213, 
   "first_name": "Wzioufso", 
   "last_name": "Student", 
   "middle_name": "", 
   "pref_first_name": "Wzio", 
   "userid": "0bbb16"
  }, 
  "model": "coredata.person", 
  "pk": 113
 }, 
 {
  "fields": {
   "emplid": 200000210, 
   "first_name": "Xbdivoxf", 
   "last_name": "Student", 
   "middle_name": "", 
   "pref_first_name": "Xbdi", 
   "userid": "0bbb13"
  }, 
  "model": "coredata.person", 
  "pk": 110
 }, 
 {
  "fields": {
   "emplid": 200000184, 
   "first_name": "Xsblqzfs", 
   "last_name": "Student", 
   "middle_name": "", 
   "pref_first_name": "Xsbl", 
   "userid": "0aaa28"
  }, 
  "model": "coredata.person", 
  "pk": 84
 }, 
 {
  "fields": {
   "emplid": 200000208, 
   "first_name": "Xssvyoib", 
   "last_name": "Student", 
   "middle_name": "", 
   "pref_first_name": "Xssv", 
   "userid": "0bbb11"
  }, 
  "model": "coredata.person", 
  "pk": 108
 }, 
 {
  "fields": {
   "emplid": 200000206, 
   "first_name": "Ycrjipbe", 
   "last_name": "Student", 
   "middle_name": "", 
   "pref_first_name": "Ycrj", 
   "userid": "0bbb9"
  }, 
  "model": "coredata.person", 
  "pk": 106
 }, 
 {
  "fields": {
   "emplid": 200000157, 
   "first_name": "Yiuynjob", 
   "last_name": "Student", 
   "middle_name": "", 
   "pref_first_name": "Yiuy", 
   "userid": "0aaa1"
  }, 
  "model": "coredata.person", 
  "pk": 57
 }, 
 {
  "fields": {
   "emplid": 200000170, 
   "first_name": "Ytizhmct", 
   "last_name": "Student", 
   "middle_name": "", 
   "pref_first_name": "Ytiz", 
   "userid": "0aaa14"
  }, 
  "model": "coredata.person", 
  "pk": 70
 }, 
 {
  "fields": {
   "emplid": 200000232, 
   "first_name": "Yxahgbzt", 
   "last_name": "Student", 
   "middle_name": "", 
   "pref_first_name": "Yxah", 
   "userid": "0bbb35"
  }, 
  "model": "coredata.person", 
  "pk": 132
 }, 
 {
  "fields": {
   "emplid": 200000212, 
   "first_name": "Zabagkni", 
   "last_name": "Student", 
   "middle_name": "", 
   "pref_first_name": "Zaba", 
   "userid": "0bbb15"
  }, 
  "model": "coredata.person", 
  "pk": 112
 }, 
 {
  "fields": {
   "emplid": 200000164, 
   "first_name": "Zwldcjgj", 
   "last_name": "Student", 
   "middle_name": "", 
   "pref_first_name": "Zwld", 
   "userid": "0aaa8"
  }, 
  "model": "coredata.person", 
  "pk": 64
 }, 
 {
  "fields": {
   "emplid": 200000151, 
   "first_name": "Evgenia", 
   "last_name": "Ternovska", 
   "middle_name": "", 
   "pref_first_name": "Evgenia", 
   "userid": "ter"
  }, 
  "model": "coredata.person", 
  "pk": 19
 }, 
 {
  "fields": {
   "emplid": 200000152, 
   "first_name": "Manfred", 
   "last_name": "Trummer", 
   "middle_name": "R.", 
   "pref_first_name": "Manfred", 
   "userid": "trummer"
  }, 
  "model": "coredata.person", 
  "pk": 54
 }, 
 {
  "fields": {
   "emplid": 200000153, 
   "first_name": "Herbert", 
   "last_name": "Tsang", 
   "middle_name": "Ho Pan", 
   "pref_first_name": "Herbert", 
   "userid": "htsang"
  }, 
  "model": "coredata.person", 
  "pk": 33
 }, 
 {
  "fields": {
   "emplid": 200000154, 
   "first_name": "Richard", 
   "last_name": "Vaughan", 
   "middle_name": "Terence", 
   "pref_first_name": "Richard", 
   "userid": "vaughan"
  }, 
  "model": "coredata.person", 
  "pk": 18
 }, 
 {
  "fields": {
   "emplid": 200000155, 
   "first_name": "Hao", 
   "last_name": "Zhang", 
   "middle_name": "", 
   "pref_first_name": "Hao", 
   "userid": "haoz"
  }, 
  "model": "coredata.person", 
  "pk": 11
 }, 
 {
  "fields": {
   "emplid": 200000238, 
   "first_name": "Danyu", 
   "last_name": "Zhao", 
   "middle_name": null, 
   "pref_first_name": "Danyu", 
   "userid": "dzhao"
  }, 
  "model": "coredata.person", 
  "pk": 138
 }, 
 {
  "fields": {
   "added_reason": "AUTO", 
   "career": "NONS", 
   "config": "{}", 
   "credits": 0, 
   "labtut_section": null, 
   "offering": 106, 
   "person": 40, 
   "role": "INST"
  }, 
  "model": "coredata.member", 
  "pk": 101
 }, 
 {
  "fields": {
   "added_reason": "AUTO", 
   "career": "NONS", 
   "config": "{}", 
   "credits": 0, 
   "labtut_section": null, 
   "offering": 154, 
   "person": 51, 
   "role": "INST"
  }, 
  "model": "coredata.member", 
  "pk": 148
 }, 
 {
  "fields": {
   "added_reason": "AUTO", 
   "career": "NONS", 
   "config": "{}", 
   "credits": 0, 
   "labtut_section": null, 
   "offering": 155, 
   "person": 51, 
   "role": "INST"
  }, 
  "model": "coredata.member", 
  "pk": 149
 }, 
 {
  "fields": {
   "added_reason": "AUTO", 
   "career": "NONS", 
   "config": "{}", 
   "credits": 0, 
   "labtut_section": null, 
   "offering": 105, 
   "person": 26, 
   "role": "INST"
  }, 
  "model": "coredata.member", 
  "pk": 100
 }, 
 {
  "fields": {
   "added_reason": "AUTO", 
   "career": "NONS", 
   "config": "{}", 
   "credits": 0, 
   "labtut_section": null, 
   "offering": 119, 
   "person": 39, 
   "role": "INST"
  }, 
  "model": "coredata.member", 
  "pk": 112
 }, 
 {
  "fields": {
   "added_reason": "AUTO", 
   "career": "NONS", 
   "config": "{}", 
   "credits": 0, 
   "labtut_section": null, 
   "offering": 120, 
   "person": 44, 
   "role": "INST"
  }, 
  "model": "coredata.member", 
  "pk": 113
 }, 
 {
  "fields": {
   "added_reason": "AUTO", 
   "career": "NONS", 
   "config": "{}", 
   "credits": 0, 
   "labtut_section": null, 
   "offering": 121, 
   "person": 45, 
   "role": "INST"
  }, 
  "model": "coredata.member", 
  "pk": 114
 }, 
 {
  "fields": {
   "added_reason": "AUTO", 
   "career": "NONS", 
   "config": "{}", 
   "credits": 0, 
   "labtut_section": null, 
   "offering": 122, 
   "person": 46, 
   "role": "INST"
  }, 
  "model": "coredata.member", 
  "pk": 115
 }, 
 {
  "fields": {
   "added_reason": "AUTO", 
   "career": "NONS", 
   "config": "{}", 
   "credits": 0, 
   "labtut_section": null, 
   "offering": 125, 
   "person": 32, 
   "role": "INST"
  }, 
  "model": "coredata.member", 
  "pk": 118
 }, 
 {
  "fields": {
   "added_reason": "AUTO", 
   "career": "NONS", 
   "config": "{}", 
   "credits": 0, 
   "labtut_section": null, 
   "offering": 128, 
   "person": 32, 
   "role": "INST"
  }, 
  "model": "coredata.member", 
  "pk": 120
 }, 
 {
  "fields": {
   "added_reason": "AUTO", 
   "career": "NONS", 
   "config": "{}", 
   "credits": 0, 
   "labtut_section": null, 
   "offering": 130, 
   "person": 36, 
   "role": "INST"
  }, 
  "model": "coredata.member", 
  "pk": 122
 }, 
 {
  "fields": {
   "added_reason": "AUTO", 
   "career": "NONS", 
   "config": "{}", 
   "credits": 0, 
   "labtut_section": null, 
   "offering": 131, 
   "person": 36, 
   "role": "INST"
  }, 
  "model": "coredata.member", 
  "pk": 123
 }, 
 {
  "fields": {
   "added_reason": "AUTO", 
   "career": "NONS", 
   "config": "{}", 
   "credits": 0, 
   "labtut_section": null, 
   "offering": 132, 
   "person": 45, 
   "role": "INST"
  }, 
  "model": "coredata.member", 
  "pk": 124
 }, 
 {
  "fields": {
   "added_reason": "AUTO", 
   "career": "NONS", 
   "config": "{}", 
   "credits": 0, 
   "labtut_section": null, 
   "offering": 103, 
   "person": 39, 
   "role": "INST"
  }, 
  "model": "coredata.member", 
  "pk": 98
 }, 
 {
  "fields": {
   "added_reason": "AUTO", 
   "career": "NONS", 
   "config": "{}", 
   "credits": 0, 
   "labtut_section": null, 
   "offering": 99, 
   "person": 10, 
   "role": "INST"
  }, 
  "model": "coredata.member", 
  "pk": 94
 }, 
 {
  "fields": {
   "added_reason": "AUTO", 
   "career": "NONS", 
   "config": "{}", 
   "credits": 0, 
   "labtut_section": null, 
   "offering": 100, 
   "person": 36, 
   "role": "INST"
  }, 
  "model": "coredata.member", 
  "pk": 95
 }, 
 {
  "fields": {
   "added_reason": "AUTO", 
   "career": "NONS", 
   "config": "{}", 
   "credits": 0, 
   "labtut_section": null, 
   "offering": 101, 
   "person": 37, 
   "role": "INST"
  }, 
  "model": "coredata.member", 
  "pk": 96
 }, 
 {
  "fields": {
   "added_reason": "AUTO", 
   "career": "NONS", 
   "config": "{}", 
   "credits": 0, 
   "labtut_section": null, 
   "offering": 156, 
   "person": 52, 
   "role": "INST"
  }, 
  "model": "coredata.member", 
  "pk": 150
 }, 
 {
  "fields": {
   "added_reason": "AUTO", 
   "career": "NONS", 
   "config": "{}", 
   "credits": 0, 
   "labtut_section": null, 
   "offering": 134, 
   "person": 2, 
   "role": "INST"
  }, 
  "model": "coredata.member", 
  "pk": 126
 }, 
 {
  "fields": {
   "added_reason": "AUTO", 
   "career": "NONS", 
   "config": "{}", 
   "credits": 0, 
   "labtut_section": null, 
   "offering": 135, 
   "person": 45, 
   "role": "INST"
  }, 
  "model": "coredata.member", 
  "pk": 127
 }, 
 {
  "fields": {
   "added_reason": "AUTO", 
   "career": "NONS", 
   "config": "{}", 
   "credits": 0, 
   "labtut_section": null, 
   "offering": 94, 
   "person": 34, 
   "role": "INST"
  }, 
  "model": "coredata.member", 
  "pk": 90
 }, 
 {
  "fields": {
   "added_reason": "AUTO", 
   "career": "NONS", 
   "config": "{}", 
   "credits": 0, 
   "labtut_section": null, 
   "offering": 95, 
   "person": 35, 
   "role": "INST"
  }, 
  "model": "coredata.member", 
  "pk": 91
 }, 
 {
  "fields": {
   "added_reason": "AUTO", 
   "career": "NONS", 
   "config": "{}", 
   "credits": 0, 
   "labtut_section": null, 
   "offering": 92, 
   "person": 33, 
   "role": "INST"
  }, 
  "model": "coredata.member", 
  "pk": 89
 }, 
 {
  "fields": {
   "added_reason": "AUTO", 
   "career": "NONS", 
   "config": "{}", 
   "credits": 0, 
   "labtut_section": null, 
   "offering": 89, 
   "person": 32, 
   "role": "INST"
  }, 
  "model": "coredata.member", 
  "pk": 86
 }, 
 {
  "fields": {
   "added_reason": "AUTO", 
   "career": "NONS", 
   "config": "{}", 
   "credits": 0, 
   "labtut_section": null, 
   "offering": 90, 
   "person": 1, 
   "role": "INST"
  }, 
  "model": "coredata.member", 
  "pk": 87
 }, 
 {
  "fields": {
   "added_reason": "AUTO", 
   "career": "NONS", 
   "config": "{}", 
   "credits": 0, 
   "labtut_section": null, 
   "offering": 86, 
   "person": 30, 
   "role": "INST"
  }, 
  "model": "coredata.member", 
  "pk": 83
 }, 
 {
  "fields": {
   "added_reason": "AUTO", 
   "career": "NONS", 
   "config": "{}", 
   "credits": 0, 
   "labtut_section": null, 
   "offering": 87, 
   "person": 31, 
   "role": "INST"
  }, 
  "model": "coredata.member", 
  "pk": 84
 }, 
 {
  "fields": {
   "added_reason": "AUTO", 
   "career": "NONS", 
   "config": "{}", 
   "credits": 0, 
   "labtut_section": null, 
   "offering": 84, 
   "person": 3, 
   "role": "INST"
  }, 
  "model": "coredata.member", 
  "pk": 81
 }, 
 {
  "fields": {
   "added_reason": "AUTO", 
   "career": "NONS", 
   "config": "{}", 
   "credits": 0, 
   "labtut_section": null, 
   "offering": 82, 
   "person": 29, 
   "role": "INST"
  }, 
  "model": "coredata.member", 
  "pk": 79
 }, 
 {
  "fields": {
   "added_reason": "AUTO", 
   "career": "NONS", 
   "config": "{}", 
   "credits": 0, 
   "labtut_section": null, 
   "offering": 80, 
   "person": 4, 
   "role": "INST"
  }, 
  "model": "coredata.member", 
  "pk": 77
 }, 
 {
  "fields": {
   "added_reason": "AUTO", 
   "career": "NONS", 
   "config": "{}", 
   "credits": 0, 
   "labtut_section": null, 
   "offering": 78, 
   "person": 12, 
   "role": "INST"
  }, 
  "model": "coredata.member", 
  "pk": 75
 }, 
 {
  "fields": {
   "added_reason": "AUTO", 
   "career": "NONS", 
   "config": "{}", 
   "credits": 0, 
   "labtut_section": null, 
   "offering": 77, 
   "person": 27, 
   "role": "INST"
  }, 
  "model": "coredata.member", 
  "pk": 74
 }, 
 {
  "fields": {
   "added_reason": "AUTO", 
   "career": "NONS", 
   "config": "{}", 
   "credits": 0, 
   "labtut_section": null, 
   "offering": 76, 
   "person": 26, 
   "role": "INST"
  }, 
  "model": "coredata.member", 
  "pk": 73
 }, 
 {
  "fields": {
   "added_reason": "AUTO", 
   "career": "NONS", 
   "config": "{}", 
   "credits": 0, 
   "labtut_section": null, 
   "offering": 74, 
   "person": 24, 
   "role": "INST"
  }, 
  "model": "coredata.member", 
  "pk": 71
 }, 
 {
  "fields": {
   "added_reason": "AUTO", 
   "career": "NONS", 
   "config": "{}", 
   "credits": 0, 
   "labtut_section": null, 
   "offering": 146, 
   "person": 49, 
   "role": "INST"
  }, 
  "model": "coredata.member", 
  "pk": 138
 }, 
 {
  "fields": {
   "added_reason": "AUTO", 
   "career": "NONS", 
   "config": "{}", 
   "credits": 0, 
   "labtut_section": null, 
   "offering": 140, 
   "person": 48, 
   "role": "INST"
  }, 
  "model": "coredata.member", 
  "pk": 132
 }, 
 {
  "fields": {
   "added_reason": "AUTO", 
   "career": "NONS", 
   "config": "{}", 
   "credits": 0, 
   "labtut_section": null, 
   "offering": 72, 
   "person": 17, 
   "role": "INST"
  }, 
  "model": "coredata.member", 
  "pk": 69
 }, 
 {
  "fields": {
   "added_reason": "AUTO", 
   "career": "NONS", 
   "config": "{}", 
   "credits": 0, 
   "labtut_section": null, 
   "offering": 70, 
   "person": 21, 
   "role": "INST"
  }, 
  "model": "coredata.member", 
  "pk": 67
 }, 
 {
  "fields": {
   "added_reason": "AUTO", 
   "career": "NONS", 
   "config": "{}", 
   "credits": 0, 
   "labtut_section": null, 
   "offering": 68, 
   "person": 19, 
   "role": "INST"
  }, 
  "model": "coredata.member", 
  "pk": 65
 }, 
 {
  "fields": {
   "added_reason": "AUTO", 
   "career": "NONS", 
   "config": "{}", 
   "credits": 0, 
   "labtut_section": null, 
   "offering": 66, 
   "person": 1, 
   "role": "INST"
  }, 
  "model": "coredata.member", 
  "pk": 63
 }, 
 {
  "fields": {
   "added_reason": "AUTO", 
   "career": "NONS", 
   "config": "{}", 
   "credits": 0, 
   "labtut_section": null, 
   "offering": 136, 
   "person": 3, 
   "role": "INST"
  }, 
  "model": "coredata.member", 
  "pk": 128
 }, 
 {
  "fields": {
   "added_reason": "AUTO", 
   "career": "NONS", 
   "config": "{}", 
   "credits": 0, 
   "labtut_section": null, 
   "offering": 64, 
   "person": 16, 
   "role": "INST"
  }, 
  "model": "coredata.member", 
  "pk": 61
 }, 
 {
  "fields": {
   "added_reason": "AUTO", 
   "career": "NONS", 
   "config": "{}", 
   "credits": 0, 
   "labtut_section": null, 
   "offering": 60, 
   "person": 14, 
   "role": "INST"
  }, 
  "model": "coredata.member", 
  "pk": 57
 }, 
 {
  "fields": {
   "added_reason": "AUTO", 
   "career": "NONS", 
   "config": "{}", 
   "credits": 0, 
   "labtut_section": null, 
   "offering": 61, 
   "person": 14, 
   "role": "INST"
  }, 
  "model": "coredata.member", 
  "pk": 58
 }, 
 {
  "fields": {
   "added_reason": "AUTO", 
   "career": "NONS", 
   "config": "{}", 
   "credits": 0, 
   "labtut_section": null, 
   "offering": 62, 
   "person": 15, 
   "role": "INST"
  }, 
  "model": "coredata.member", 
  "pk": 59
 }, 
 {
  "fields": {
   "added_reason": "AUTO", 
   "career": "NONS", 
   "config": "{}", 
   "credits": 0, 
   "labtut_section": null, 
   "offering": 63, 
   "person": 15, 
   "role": "INST"
  }, 
  "model": "coredata.member", 
  "pk": 60
 }, 
 {
  "fields": {
   "added_reason": "AUTO", 
   "career": "NONS", 
   "config": "{}", 
   "credits": 0, 
   "labtut_section": null, 
   "offering": 52, 
   "person": 14, 
   "role": "INST"
  }, 
  "model": "coredata.member", 
  "pk": 49
 }, 
 {
  "fields": {
   "added_reason": "AUTO", 
   "career": "NONS", 
   "config": "{}", 
   "credits": 0, 
   "labtut_section": null, 
   "offering": 53, 
   "person": 14, 
   "role": "INST"
  }, 
  "model": "coredata.member", 
  "pk": 50
 }, 
 {
  "fields": {
   "added_reason": "AUTO", 
   "career": "NONS", 
   "config": "{}", 
   "credits": 0, 
   "labtut_section": null, 
   "offering": 54, 
   "person": 15, 
   "role": "INST"
  }, 
  "model": "coredata.member", 
  "pk": 51
 }, 
 {
  "fields": {
   "added_reason": "AUTO", 
   "career": "NONS", 
   "config": "{}", 
   "credits": 0, 
   "labtut_section": null, 
   "offering": 55, 
   "person": 15, 
   "role": "INST"
  }, 
  "model": "coredata.member", 
  "pk": 52
 }, 
 {
  "fields": {
   "added_reason": "AUTO", 
   "career": "NONS", 
   "config": "{}", 
   "credits": 0, 
   "labtut_section": null, 
   "offering": 44, 
   "person": 14, 
   "role": "INST"
  }, 
  "model": "coredata.member", 
  "pk": 41
 }, 
 {
  "fields": {
   "added_reason": "AUTO", 
   "career": "NONS", 
   "config": "{}", 
   "credits": 0, 
   "labtut_section": null, 
   "offering": 45, 
   "person": 14, 
   "role": "INST"
  }, 
  "model": "coredata.member", 
  "pk": 42
 }, 
 {
  "fields": {
   "added_reason": "AUTO", 
   "career": "NONS", 
   "config": "{}", 
   "credits": 0, 
   "labtut_section": null, 
   "offering": 46, 
   "person": 15, 
   "role": "INST"
  }, 
  "model": "coredata.member", 
  "pk": 43
 }, 
 {
  "fields": {
   "added_reason": "AUTO", 
   "career": "NONS", 
   "config": "{}", 
   "credits": 0, 
   "labtut_section": null, 
   "offering": 47, 
   "person": 15, 
   "role": "INST"
  }, 
  "model": "coredata.member", 
  "pk": 44
 }, 
 {
  "fields": {
   "added_reason": "AUTO", 
   "career": "NONS", 
   "config": "{}", 
   "credits": 0, 
   "labtut_section": null, 
   "offering": 36, 
   "person": 14, 
   "role": "INST"
  }, 
  "model": "coredata.member", 
  "pk": 33
 }, 
 {
  "fields": {
   "added_reason": "AUTO", 
   "career": "NONS", 
   "config": "{}", 
   "credits": 0, 
   "labtut_section": null, 
   "offering": 37, 
   "person": 14, 
   "role": "INST"
  }, 
  "model": "coredata.member", 
  "pk": 34
 }, 
 {
  "fields": {
   "added_reason": "AUTO", 
   "career": "NONS", 
   "config": "{}", 
   "credits": 0, 
   "labtut_section": null, 
   "offering": 38, 
   "person": 15, 
   "role": "INST"
  }, 
  "model": "coredata.member", 
  "pk": 35
 }, 
 {
  "fields": {
   "added_reason": "AUTO", 
   "career": "NONS", 
   "config": "{}", 
   "credits": 0, 
   "labtut_section": null, 
   "offering": 39, 
   "person": 15, 
   "role": "INST"
  }, 
  "model": "coredata.member", 
  "pk": 36
 }, 
 {
  "fields": {
   "added_reason": "AUTO", 
   "career": "NONS", 
   "config": "{}", 
   "credits": 0, 
   "labtut_section": null, 
   "offering": 28, 
   "person": 14, 
   "role": "INST"
  }, 
  "model": "coredata.member", 
  "pk": 25
 }, 
 {
  "fields": {
   "added_reason": "AUTO", 
   "career": "NONS", 
   "config": "{}", 
   "credits": 0, 
   "labtut_section": null, 
   "offering": 29, 
   "person": 14, 
   "role": "INST"
  }, 
  "model": "coredata.member", 
  "pk": 26
 }, 
 {
  "fields": {
   "added_reason": "AUTO", 
   "career": "NONS", 
   "config": "{}", 
   "credits": 0, 
   "labtut_section": null, 
   "offering": 30, 
   "person": 15, 
   "role": "INST"
  }, 
  "model": "coredata.member", 
  "pk": 27
 }, 
 {
  "fields": {
   "added_reason": "AUTO", 
   "career": "NONS", 
   "config": "{}", 
   "credits": 0, 
   "labtut_section": null, 
   "offering": 31, 
   "person": 15, 
   "role": "INST"
  }, 
  "model": "coredata.member", 
  "pk": 28
 }, 
 {
  "fields": {
   "added_reason": "AUTO", 
   "career": "NONS", 
   "config": "{}", 
   "credits": 0, 
   "labtut_section": null, 
   "offering": 147, 
   "person": 35, 
   "role": "INST"
  }, 
  "model": "coredata.member", 
  "pk": 139
 }, 
 {
  "fields": {
   "added_reason": "AUTO", 
   "career": "NONS", 
   "config": "{}", 
   "credits": 0, 
   "labtut_section": null, 
   "offering": 139, 
   "person": 47, 
   "role": "INST"
  }, 
  "model": "coredata.member", 
  "pk": 131
 }, 
 {
  "fields": {
   "added_reason": "AUTO", 
   "career": "NONS", 
   "config": "{}", 
   "credits": 0, 
   "labtut_section": null, 
   "offering": 22, 
   "person": 12, 
   "role": "INST"
  }, 
  "model": "coredata.member", 
  "pk": 19
 }, 
 {
  "fields": {
   "added_reason": "AUTO", 
   "career": "NONS", 
   "config": "{}", 
   "credits": 0, 
   "labtut_section": null, 
   "offering": 149, 
   "person": 43, 
   "role": "INST"
  }, 
  "model": "coredata.member", 
  "pk": 142
 }, 
 {
  "fields": {
   "added_reason": "AUTO", 
   "career": "NONS", 
   "config": "{}", 
   "credits": 0, 
   "labtut_section": null, 
   "offering": 149, 
   "person": 37, 
   "role": "INST"
  }, 
  "model": "coredata.member", 
  "pk": 141
 }, 
 {
  "fields": {
   "added_reason": "AUTO", 
   "career": "NONS", 
   "config": "{}", 
   "credits": 0, 
   "labtut_section": null, 
   "offering": 20, 
   "person": 10, 
   "role": "INST"
  }, 
  "model": "coredata.member", 
  "pk": 17
 }, 
 {
  "fields": {
   "added_reason": "AUTO", 
   "career": "NONS", 
   "config": "{}", 
   "credits": 0, 
   "labtut_section": null, 
   "offering": 18, 
   "person": 9, 
   "role": "INST"
  }, 
  "model": "coredata.member", 
  "pk": 15
 }, 
 {
  "fields": {
   "added_reason": "AUTO", 
   "career": "NONS", 
   "config": "{}", 
   "credits": 0, 
   "labtut_section": null, 
   "offering": 17, 
   "person": 8, 
   "role": "INST"
  }, 
  "model": "coredata.member", 
  "pk": 14
 }, 
 {
  "fields": {
   "added_reason": "AUTO", 
   "career": "NONS", 
   "config": "{}", 
   "credits": 0, 
   "labtut_section": null, 
   "offering": 113, 
   "person": 41, 
   "role": "INST"
  }, 
  "model": "coredata.member", 
  "pk": 105
 }, 
 {
  "fields": {
   "added_reason": "AUTO", 
   "career": "NONS", 
   "config": "{}", 
   "credits": 0, 
   "labtut_section": null, 
   "offering": 115, 
   "person": 42, 
   "role": "INST"
  }, 
  "model": "coredata.member", 
  "pk": 107
 }, 
 {
  "fields": {
   "added_reason": "AUTO", 
   "career": "NONS", 
   "config": "{}", 
   "credits": 0, 
   "labtut_section": null, 
   "offering": 150, 
   "person": 47, 
   "role": "INST"
  }, 
  "model": "coredata.member", 
  "pk": 143
 }, 
 {
  "fields": {
   "added_reason": "AUTO", 
   "career": "NONS", 
   "config": "{}", 
   "credits": 0, 
   "labtut_section": null, 
   "offering": 145, 
   "person": 16, 
   "role": "INST"
  }, 
  "model": "coredata.member", 
  "pk": 137
 }, 
 {
  "fields": {
   "added_reason": "AUTO", 
   "career": "NONS", 
   "config": "{}", 
   "credits": 0, 
   "labtut_section": null, 
   "offering": 141, 
   "person": 12, 
   "role": "INST"
  }, 
  "model": "coredata.member", 
  "pk": 133
 }, 
 {
  "fields": {
   "added_reason": "AUTO", 
   "career": "NONS", 
   "config": "{}", 
   "credits": 0, 
   "labtut_section": null, 
   "offering": 151, 
   "person": 43, 
   "role": "INST"
  }, 
  "model": "coredata.member", 
  "pk": 145
 }, 
 {
  "fields": {
   "added_reason": "AUTO", 
   "career": "NONS", 
   "config": "{}", 
   "credits": 0, 
   "labtut_section": null, 
   "offering": 151, 
   "person": 37, 
   "role": "INST"
  }, 
  "model": "coredata.member", 
  "pk": 144
 }, 
 {
  "fields": {
   "added_reason": "AUTO", 
   "career": "NONS", 
   "config": "{}", 
   "credits": 0, 
   "labtut_section": null, 
   "offering": 142, 
   "person": 24, 
   "role": "INST"
  }, 
  "model": "coredata.member", 
  "pk": 134
 }, 
 {
  "fields": {
   "added_reason": "AUTO", 
   "career": "NONS", 
   "config": "{}", 
   "credits": 0, 
   "labtut_section": null, 
   "offering": 14, 
   "person": 6, 
   "role": "INST"
  }, 
  "model": "coredata.member", 
  "pk": 12
 }, 
 {
  "fields": {
   "added_reason": "AUTO", 
   "career": "NONS", 
   "config": "{}", 
   "credits": 0, 
   "labtut_section": null, 
   "offering": 12, 
   "person": 4, 
   "role": "INST"
  }, 
  "model": "coredata.member", 
  "pk": 10
 }, 
 {
  "fields": {
   "added_reason": "AUTO", 
   "career": "NONS", 
   "config": "{}", 
   "credits": 0, 
   "labtut_section": null, 
   "offering": 9, 
   "person": 2, 
   "role": "INST"
  }, 
  "model": "coredata.member", 
  "pk": 8
 }, 
 {
  "fields": {
   "added_reason": "AUTO", 
   "career": "NONS", 
   "config": "{}", 
   "credits": 0, 
   "labtut_section": null, 
   "offering": 108, 
   "person": 41, 
   "role": "INST"
  }, 
  "model": "coredata.member", 
  "pk": 102
 }, 
 {
  "fields": {
   "added_reason": "AUTO", 
   "career": "NONS", 
   "config": "{}", 
   "credits": 0, 
   "labtut_section": null, 
   "offering": 111, 
   "person": 17, 
   "role": "INST"
  }, 
  "model": "coredata.member", 
  "pk": 103
 }, 
 {
  "fields": {
   "added_reason": "AUTO", 
   "career": "NONS", 
   "config": "{}", 
   "credits": 0, 
   "labtut_section": null, 
   "offering": 112, 
   "person": 18, 
   "role": "INST"
  }, 
  "model": "coredata.member", 
  "pk": 104
 }, 
 {
  "fields": {
   "added_reason": "AUTO", 
   "career": "NONS", 
   "config": "{}", 
   "credits": 0, 
   "labtut_section": null, 
   "offering": 153, 
   "person": 1, 
   "role": "INST"
  }, 
  "model": "coredata.member", 
  "pk": 147
 }, 
 {
  "fields": {
   "added_reason": "AUTO", 
   "career": "NONS", 
   "config": "{}", 
   "credits": 0, 
   "labtut_section": null, 
   "offering": 6, 
   "person": 1, 
   "role": "INST"
  }, 
  "model": "coredata.member", 
  "pk": 6
 }, 
 {
  "fields": {
   "added_reason": "AUTO", 
   "career": "NONS", 
   "config": "{}", 
   "credits": 0, 
   "labtut_section": null, 
   "offering": 4, 
   "person": 1, 
   "role": "INST"
  }, 
  "model": "coredata.member", 
  "pk": 4
 }, 
 {
  "fields": {
   "added_reason": "AUTO", 
   "career": "NONS", 
   "config": "{}", 
   "credits": 0, 
   "labtut_section": null, 
   "offering": 2, 
   "person": 1, 
   "role": "INST"
  }, 
  "model": "coredata.member", 
  "pk": 2
 }, 
 {
  "fields": {
   "added_reason": "AUTO", 
   "career": "NONS", 
   "config": "{}", 
   "credits": 0, 
   "labtut_section": null, 
   "offering": 167, 
   "person": 42, 
   "role": "INST"
  }, 
  "model": "coredata.member", 
  "pk": 154
 }, 
 {
  "fields": {
   "added_reason": "AUTO", 
   "career": "NONS", 
   "config": "{}", 
   "credits": 0, 
   "labtut_section": null, 
   "offering": 168, 
   "person": 6, 
   "role": "INST"
  }, 
  "model": "coredata.member", 
  "pk": 155
 }, 
 {
  "fields": {
   "added_reason": "AUTO", 
   "career": "NONS", 
   "config": "{}", 
   "credits": 0, 
   "labtut_section": null, 
   "offering": 169, 
   "person": 29, 
   "role": "INST"
  }, 
  "model": "coredata.member", 
  "pk": 156
 }, 
 {
  "fields": {
   "added_reason": "AUTO", 
   "career": "NONS", 
   "config": "{}", 
   "credits": 0, 
   "labtut_section": null, 
   "offering": 170, 
   "person": 54, 
   "role": "INST"
  }, 
  "model": "coredata.member", 
  "pk": 157
 }, 
 {
  "fields": {
   "added_reason": "AUTO", 
   "career": "NONS", 
   "config": "{}", 
   "credits": 0, 
   "labtut_section": null, 
   "offering": 171, 
   "person": 55, 
   "role": "INST"
  }, 
  "model": "coredata.member", 
  "pk": 158
 }, 
 {
  "fields": {
   "added_reason": "AUTO", 
   "career": "NONS", 
   "config": "{}", 
   "credits": 0, 
   "labtut_section": null, 
   "offering": 104, 
   "person": 34, 
   "role": "INST"
  }, 
  "model": "coredata.member", 
  "pk": 99
 }, 
 {
  "fields": {
   "added_reason": "AUTO", 
   "career": "NONS", 
   "config": "{}", 
   "credits": 0, 
   "labtut_section": null, 
   "offering": 118, 
   "person": 10, 
   "role": "INST"
  }, 
  "model": "coredata.member", 
  "pk": 111
 }, 
 {
  "fields": {
   "added_reason": "AUTO", 
   "career": "NONS", 
   "config": "{}", 
   "credits": 0, 
   "labtut_section": null, 
   "offering": 118, 
   "person": 96, 
   "role": "TA"
  }, 
  "model": "coredata.member", 
  "pk": 199
 }, 
 {
  "fields": {
   "added_reason": "AUTO", 
   "career": "UGRD", 
   "config": "{}", 
   "credits": 3, 
   "labtut_section": "D101", 
   "offering": 118, 
   "person": 69, 
   "role": "STUD"
  }, 
  "model": "coredata.member", 
  "pk": 172
 }, 
 {
  "fields": {
   "added_reason": "AUTO", 
   "career": "UGRD", 
   "config": "{}", 
   "credits": 3, 
   "labtut_section": "D102", 
   "offering": 118, 
   "person": 92, 
   "role": "STUD"
  }, 
  "model": "coredata.member", 
  "pk": 195
 }, 
 {
  "fields": {
   "added_reason": "AUTO", 
   "career": "UGRD", 
   "config": "{}", 
   "credits": 3, 
   "labtut_section": "D103", 
   "offering": 118, 
   "person": 65, 
   "role": "STUD"
  }, 
  "model": "coredata.member", 
  "pk": 168
 }, 
 {
  "fields": {
   "added_reason": "AUTO", 
   "career": "UGRD", 
   "config": "{}", 
   "credits": 3, 
   "labtut_section": "D104", 
   "offering": 118, 
   "person": 74, 
   "role": "STUD"
  }, 
  "model": "coredata.member", 
  "pk": 177
 }, 
 {
  "fields": {
   "added_reason": "AUTO", 
   "career": "UGRD", 
   "config": "{}", 
   "credits": 3, 
   "labtut_section": "D104", 
   "offering": 118, 
   "person": 59, 
   "role": "STUD"
  }, 
  "model": "coredata.member", 
  "pk": 162
 }, 
 {
  "fields": {
   "added_reason": "AUTO", 
   "career": "UGRD", 
   "config": "{}", 
   "credits": 3, 
   "labtut_section": "D104", 
   "offering": 118, 
   "person": 94, 
   "role": "STUD"
  }, 
  "model": "coredata.member", 
  "pk": 197
 }, 
 {
  "fields": {
   "added_reason": "AUTO", 
   "career": "UGRD", 
   "config": "{}", 
   "credits": 3, 
   "labtut_section": "D101", 
   "offering": 118, 
   "person": 63, 
   "role": "STUD"
  }, 
  "model": "coredata.member", 
  "pk": 166
 }, 
 {
  "fields": {
   "added_reason": "AUTO", 
   "career": "UGRD", 
   "config": "{}", 
   "credits": 3, 
   "labtut_section": "D103", 
   "offering": 118, 
   "person": 88, 
   "role": "STUD"
  }, 
  "model": "coredata.member", 
  "pk": 191
 }, 
 {
  "fields": {
   "added_reason": "AUTO", 
   "career": "UGRD", 
   "config": "{}", 
   "credits": 3, 
   "labtut_section": "D103", 
   "offering": 118, 
   "person": 86, 
   "role": "STUD"
  }, 
  "model": "coredata.member", 
  "pk": 189
 }, 
 {
  "fields": {
   "added_reason": "AUTO", 
   "career": "UGRD", 
   "config": "{}", 
   "credits": 3, 
   "labtut_section": "D103", 
   "offering": 118, 
   "person": 82, 
   "role": "STUD"
  }, 
  "model": "coredata.member", 
  "pk": 185
 }, 
 {
  "fields": {
   "added_reason": "AUTO", 
   "career": "UGRD", 
   "config": "{}", 
   "credits": 3, 
   "labtut_section": "D104", 
   "offering": 118, 
   "person": 77, 
   "role": "STUD"
  }, 
  "model": "coredata.member", 
  "pk": 180
 }, 
 {
  "fields": {
   "added_reason": "AUTO", 
   "career": "UGRD", 
   "config": "{}", 
   "credits": 3, 
   "labtut_section": "D104", 
   "offering": 118, 
   "person": 75, 
   "role": "STUD"
  }, 
  "model": "coredata.member", 
  "pk": 178
 }, 
 {
  "fields": {
   "added_reason": "AUTO", 
   "career": "UGRD", 
   "config": "{}", 
   "credits": 3, 
   "labtut_section": "D104", 
   "offering": 118, 
   "person": 81, 
   "role": "STUD"
  }, 
  "model": "coredata.member", 
  "pk": 184
 }, 
 {
  "fields": {
   "added_reason": "AUTO", 
   "career": "UGRD", 
   "config": "{}", 
   "credits": 3, 
   "labtut_section": "D103", 
   "offering": 118, 
   "person": 85, 
   "role": "STUD"
  }, 
  "model": "coredata.member", 
  "pk": 188
 }, 
 {
  "fields": {
   "added_reason": "AUTO", 
   "career": "UGRD", 
   "config": "{}", 
   "credits": 3, 
   "labtut_section": "D101", 
   "offering": 118, 
   "person": 78, 
   "role": "STUD"
  }, 
  "model": "coredata.member", 
  "pk": 181
 }, 
 {
  "fields": {
   "added_reason": "AUTO", 
   "career": "UGRD", 
   "config": "{}", 
   "credits": 3, 
   "labtut_section": "D103", 
   "offering": 118, 
   "person": 79, 
   "role": "STUD"
  }, 
  "model": "coredata.member", 
  "pk": 182
 }, 
 {
  "fields": {
   "added_reason": "AUTO", 
   "career": "UGRD", 
   "config": "{}", 
   "credits": 3, 
   "labtut_section": "D102", 
   "offering": 118, 
   "person": 93, 
   "role": "STUD"
  }, 
  "model": "coredata.member", 
  "pk": 196
 }, 
 {
  "fields": {
   "added_reason": "AUTO", 
   "career": "UGRD", 
   "config": "{}", 
   "credits": 3, 
   "labtut_section": "D104", 
   "offering": 118, 
   "person": 91, 
   "role": "STUD"
  }, 
  "model": "coredata.member", 
  "pk": 194
 }, 
 {
  "fields": {
   "added_reason": "AUTO", 
   "career": "UGRD", 
   "config": "{}", 
   "credits": 3, 
   "labtut_section": "D101", 
   "offering": 118, 
   "person": 87, 
   "role": "STUD"
  }, 
  "model": "coredata.member", 
  "pk": 190
 }, 
 {
  "fields": {
   "added_reason": "AUTO", 
   "career": "UGRD", 
   "config": "{}", 
   "credits": 3, 
   "labtut_section": "D104", 
   "offering": 118, 
   "person": 72, 
   "role": "STUD"
  }, 
  "model": "coredata.member", 
  "pk": 175
 }, 
 {
  "fields": {
   "added_reason": "AUTO", 
   "career": "UGRD", 
   "config": "{}", 
   "credits": 3, 
   "labtut_section": "D104", 
   "offering": 118, 
   "person": 80, 
   "role": "STUD"
  }, 
  "model": "coredata.member", 
  "pk": 183
 }, 
 {
  "fields": {
   "added_reason": "AUTO", 
   "career": "UGRD", 
   "config": "{}", 
   "credits": 3, 
   "labtut_section": "D104", 
   "offering": 118, 
   "person": 67, 
   "role": "STUD"
  }, 
  "model": "coredata.member", 
  "pk": 170
 }, 
 {
  "fields": {
   "added_reason": "AUTO", 
   "career": "UGRD", 
   "config": "{}", 
   "credits": 3, 
   "labtut_section": "D102", 
   "offering": 118, 
   "person": 68, 
   "role": "STUD"
  }, 
  "model": "coredata.member", 
  "pk": 171
 }, 
 {
  "fields": {
   "added_reason": "AUTO", 
   "career": "UGRD", 
   "config": "{}", 
   "credits": 3, 
   "labtut_section": "D104", 
   "offering": 118, 
   "person": 61, 
   "role": "STUD"
  }, 
  "model": "coredata.member", 
  "pk": 164
 }, 
 {
  "fields": {
   "added_reason": "AUTO", 
   "career": "UGRD", 
   "config": "{}", 
   "credits": 3, 
   "labtut_section": "D104", 
   "offering": 118, 
   "person": 58, 
   "role": "STUD"
  }, 
  "model": "coredata.member", 
  "pk": 161
 }, 
 {
  "fields": {
   "added_reason": "AUTO", 
   "career": "UGRD", 
   "config": "{}", 
   "credits": 3, 
   "labtut_section": "D101", 
   "offering": 118, 
   "person": 62, 
   "role": "STUD"
  }, 
  "model": "coredata.member", 
  "pk": 165
 }, 
 {
  "fields": {
   "added_reason": "AUTO", 
   "career": "UGRD", 
   "config": "{}", 
   "credits": 3, 
   "labtut_section": "D101", 
   "offering": 118, 
   "person": 60, 
   "role": "STUD"
  }, 
  "model": "coredata.member", 
  "pk": 163
 }, 
 {
  "fields": {
   "added_reason": "AUTO", 
   "career": "UGRD", 
   "config": "{}", 
   "credits": 3, 
   "labtut_section": "D101", 
   "offering": 118, 
   "person": 95, 
   "role": "STUD"
  }, 
  "model": "coredata.member", 
  "pk": 198
 }, 
 {
  "fields": {
   "added_reason": "AUTO", 
   "career": "UGRD", 
   "config": "{}", 
   "credits": 3, 
   "labtut_section": "D103", 
   "offering": 118, 
   "person": 89, 
   "role": "STUD"
  }, 
  "model": "coredata.member", 
  "pk": 192
 }, 
 {
  "fields": {
   "added_reason": "AUTO", 
   "career": "UGRD", 
   "config": "{}", 
   "credits": 3, 
   "labtut_section": "D103", 
   "offering": 118, 
   "person": 76, 
   "role": "STUD"
  }, 
  "model": "coredata.member", 
  "pk": 179
 }, 
 {
  "fields": {
   "added_reason": "AUTO", 
   "career": "UGRD", 
   "config": "{}", 
   "credits": 3, 
   "labtut_section": "D102", 
   "offering": 118, 
   "person": 83, 
   "role": "STUD"
  }, 
  "model": "coredata.member", 
  "pk": 186
 }, 
 {
  "fields": {
   "added_reason": "AUTO", 
   "career": "UGRD", 
   "config": "{}", 
   "credits": 3, 
   "labtut_section": "D102", 
   "offering": 118, 
   "person": 73, 
   "role": "STUD"
  }, 
  "model": "coredata.member", 
  "pk": 176
 }, 
 {
  "fields": {
   "added_reason": "AUTO", 
   "career": "UGRD", 
   "config": "{}", 
   "credits": 3, 
   "labtut_section": "D103", 
   "offering": 118, 
   "person": 71, 
   "role": "STUD"
  }, 
  "model": "coredata.member", 
  "pk": 174
 }, 
 {
  "fields": {
   "added_reason": "AUTO", 
   "career": "UGRD", 
   "config": "{}", 
   "credits": 3, 
   "labtut_section": "D102", 
   "offering": 118, 
   "person": 56, 
   "role": "STUD"
  }, 
  "model": "coredata.member", 
  "pk": 159
 }, 
 {
  "fields": {
   "added_reason": "AUTO", 
   "career": "UGRD", 
   "config": "{}", 
   "credits": 3, 
   "labtut_section": "D104", 
   "offering": 118, 
   "person": 90, 
   "role": "STUD"
  }, 
  "model": "coredata.member", 
  "pk": 193
 }, 
 {
  "fields": {
   "added_reason": "AUTO", 
   "career": "UGRD", 
   "config": "{}", 
   "credits": 3, 
   "labtut_section": "D101", 
   "offering": 118, 
   "person": 66, 
   "role": "STUD"
  }, 
  "model": "coredata.member", 
  "pk": 169
 }, 
 {
  "fields": {
   "added_reason": "AUTO", 
   "career": "UGRD", 
   "config": "{}", 
   "credits": 3, 
   "labtut_section": "D101", 
   "offering": 118, 
   "person": 84, 
   "role": "STUD"
  }, 
  "model": "coredata.member", 
  "pk": 187
 }, 
 {
  "fields": {
   "added_reason": "AUTO", 
   "career": "UGRD", 
   "config": "{}", 
   "credits": 3, 
   "labtut_section": "D102", 
   "offering": 118, 
   "person": 57, 
   "role": "STUD"
  }, 
  "model": "coredata.member", 
  "pk": 160
 }, 
 {
  "fields": {
   "added_reason": "AUTO", 
   "career": "UGRD", 
   "config": "{}", 
   "credits": 3, 
   "labtut_section": "D101", 
   "offering": 118, 
   "person": 70, 
   "role": "STUD"
  }, 
  "model": "coredata.member", 
  "pk": 173
 }, 
 {
  "fields": {
   "added_reason": "AUTO", 
   "career": "UGRD", 
   "config": "{}", 
   "credits": 3, 
   "labtut_section": "D101", 
   "offering": 118, 
   "person": 64, 
   "role": "STUD"
  }, 
  "model": "coredata.member", 
  "pk": 167
 }, 
 {
  "fields": {
   "added_reason": "AUTO", 
   "career": "NONS", 
   "config": "{}", 
   "credits": 0, 
   "labtut_section": null, 
   "offering": 123, 
   "person": 38, 
   "role": "INST"
  }, 
  "model": "coredata.member", 
  "pk": 116
 }, 
 {
  "fields": {
   "added_reason": "AUTO", 
   "career": "NONS", 
   "config": "{}", 
   "credits": 0, 
   "labtut_section": null, 
   "offering": 124, 
   "person": 35, 
   "role": "INST"
  }, 
  "model": "coredata.member", 
  "pk": 117
 }, 
 {
  "fields": {
   "added_reason": "AUTO", 
   "career": "NONS", 
   "config": "{}", 
   "credits": 0, 
   "labtut_section": null, 
   "offering": 126, 
   "person": 38, 
   "role": "INST"
  }, 
  "model": "coredata.member", 
  "pk": 119
 }, 
 {
  "fields": {
   "added_reason": "AUTO", 
   "career": "NONS", 
   "config": "{}", 
   "credits": 0, 
   "labtut_section": null, 
   "offering": 129, 
   "person": 35, 
   "role": "INST"
  }, 
  "model": "coredata.member", 
  "pk": 121
 }, 
 {
  "fields": {
   "added_reason": "AUTO", 
   "career": "NONS", 
   "config": "{}", 
   "credits": 0, 
   "labtut_section": null, 
   "offering": 102, 
   "person": 38, 
   "role": "INST"
  }, 
  "model": "coredata.member", 
  "pk": 97
 }, 
 {
  "fields": {
   "added_reason": "AUTO", 
   "career": "NONS", 
   "config": "{}", 
   "credits": 0, 
   "labtut_section": null, 
   "offering": 96, 
   "person": 10, 
   "role": "INST"
  }, 
  "model": "coredata.member", 
  "pk": 92
 }, 
 {
  "fields": {
   "added_reason": "AUTO", 
   "career": "UGRD", 
   "config": "{}", 
   "credits": 3, 
   "labtut_section": "D102", 
   "offering": 96, 
   "person": 114, 
   "role": "STUD"
  }, 
  "model": "coredata.member", 
  "pk": 217
 }, 
 {
  "fields": {
   "added_reason": "AUTO", 
   "career": "UGRD", 
   "config": "{}", 
   "credits": 3, 
   "labtut_section": "D101", 
   "offering": 96, 
   "person": 109, 
   "role": "STUD"
  }, 
  "model": "coredata.member", 
  "pk": 212
 }, 
 {
  "fields": {
   "added_reason": "AUTO", 
   "career": "UGRD", 
   "config": "{}", 
   "credits": 3, 
   "labtut_section": "D102", 
   "offering": 96, 
   "person": 97, 
   "role": "STUD"
  }, 
  "model": "coredata.member", 
  "pk": 200
 }, 
 {
  "fields": {
   "added_reason": "AUTO", 
   "career": "UGRD", 
   "config": "{}", 
   "credits": 3, 
   "labtut_section": "D103", 
   "offering": 96, 
   "person": 118, 
   "role": "STUD"
  }, 
  "model": "coredata.member", 
  "pk": 221
 }, 
 {
  "fields": {
   "added_reason": "AUTO", 
   "career": "UGRD", 
   "config": "{}", 
   "credits": 3, 
   "labtut_section": "D104", 
   "offering": 96, 
   "person": 99, 
   "role": "STUD"
  }, 
  "model": "coredata.member", 
  "pk": 202
 }, 
 {
  "fields": {
   "added_reason": "AUTO", 
   "career": "UGRD", 
   "config": "{}", 
   "credits": 3, 
   "labtut_section": "D102", 
   "offering": 96, 
   "person": 121, 
   "role": "STUD"
  }, 
  "model": "coredata.member", 
  "pk": 224
 }, 
 {
  "fields": {
   "added_reason": "AUTO", 
   "career": "UGRD", 
   "config": "{}", 
   "credits": 3, 
   "labtut_section": "D101", 
   "offering": 96, 
   "person": 111, 
   "role": "STUD"
  }, 
  "model": "coredata.member", 
  "pk": 214
 }, 
 {
  "fields": {
   "added_reason": "AUTO", 
   "career": "UGRD", 
   "config": "{}", 
   "credits": 3, 
   "labtut_section": "D101", 
   "offering": 96, 
   "person": 122, 
   "role": "STUD"
  }, 
  "model": "coredata.member", 
  "pk": 225
 }, 
 {
  "fields": {
   "added_reason": "AUTO", 
   "career": "UGRD", 
   "config": "{}", 
   "credits": 3, 
   "labtut_section": "D104", 
   "offering": 96, 
   "person": 131, 
   "role": "STUD"
  }, 
  "model": "coredata.member", 
  "pk": 234
 }, 
 {
  "fields": {
   "added_reason": "AUTO", 
   "career": "UGRD", 
   "config": "{}", 
   "credits": 3, 
   "labtut_section": "D101", 
   "offering": 96, 
   "person": 130, 
   "role": "STUD"
  }, 
  "model": "coredata.member", 
  "pk": 233
 }, 
 {
  "fields": {
   "added_reason": "AUTO", 
   "career": "UGRD", 
   "config": "{}", 
   "credits": 3, 
   "labtut_section": "D102", 
   "offering": 96, 
   "person": 105, 
   "role": "STUD"
  }, 
  "model": "coredata.member", 
  "pk": 208
 }, 
 {
  "fields": {
   "added_reason": "AUTO", 
   "career": "UGRD", 
   "config": "{}", 
   "credits": 3, 
   "labtut_section": "D101", 
   "offering": 96, 
   "person": 117, 
   "role": "STUD"
  }, 
  "model": "coredata.member", 
  "pk": 220
 }, 
 {
  "fields": {
   "added_reason": "AUTO", 
   "career": "UGRD", 
   "config": "{}", 
   "credits": 3, 
   "labtut_section": "D103", 
   "offering": 96, 
   "person": 126, 
   "role": "STUD"
  }, 
  "model": "coredata.member", 
  "pk": 229
 }, 
 {
  "fields": {
   "added_reason": "AUTO", 
   "career": "UGRD", 
   "config": "{}", 
   "credits": 3, 
   "labtut_section": "D103", 
   "offering": 96, 
   "person": 135, 
   "role": "STUD"
  }, 
  "model": "coredata.member", 
  "pk": 238
 }, 
 {
  "fields": {
   "added_reason": "AUTO", 
   "career": "UGRD", 
   "config": "{}", 
   "credits": 3, 
   "labtut_section": "D102", 
   "offering": 96, 
   "person": 127, 
   "role": "STUD"
  }, 
  "model": "coredata.member", 
  "pk": 230
 }, 
 {
  "fields": {
   "added_reason": "AUTO", 
   "career": "UGRD", 
   "config": "{}", 
   "credits": 3, 
   "labtut_section": "D102", 
   "offering": 96, 
   "person": 123, 
   "role": "STUD"
  }, 
  "model": "coredata.member", 
  "pk": 226
 }, 
 {
  "fields": {
   "added_reason": "AUTO", 
   "career": "UGRD", 
   "config": "{}", 
   "credits": 3, 
   "labtut_section": "D101", 
   "offering": 96, 
   "person": 134, 
   "role": "STUD"
  }, 
  "model": "coredata.member", 
  "pk": 237
 }, 
 {
  "fields": {
   "added_reason": "AUTO", 
   "career": "UGRD", 
   "config": "{}", 
   "credits": 3, 
   "labtut_section": "D101", 
   "offering": 96, 
   "person": 103, 
   "role": "STUD"
  }, 
  "model": "coredata.member", 
  "pk": 206
 }, 
 {
  "fields": {
   "added_reason": "AUTO", 
   "career": "UGRD", 
   "config": "{}", 
   "credits": 3, 
   "labtut_section": "D104", 
   "offering": 96, 
   "person": 98, 
   "role": "STUD"
  }, 
  "model": "coredata.member", 
  "pk": 201
 }, 
 {
  "fields": {
   "added_reason": "AUTO", 
   "career": "UGRD", 
   "config": "{}", 
   "credits": 3, 
   "labtut_section": "D101", 
   "offering": 96, 
   "person": 129, 
   "role": "STUD"
  }, 
  "model": "coredata.member", 
  "pk": 232
 }, 
 {
  "fields": {
   "added_reason": "AUTO", 
   "career": "UGRD", 
   "config": "{}", 
   "credits": 3, 
   "labtut_section": "D103", 
   "offering": 96, 
   "person": 116, 
   "role": "STUD"
  }, 
  "model": "coredata.member", 
  "pk": 219
 }, 
 {
  "fields": {
   "added_reason": "AUTO", 
   "career": "UGRD", 
   "config": "{}", 
   "credits": 3, 
   "labtut_section": "D104", 
   "offering": 96, 
   "person": 115, 
   "role": "STUD"
  }, 
  "model": "coredata.member", 
  "pk": 218
 }, 
 {
  "fields": {
   "added_reason": "AUTO", 
   "career": "UGRD", 
   "config": "{}", 
   "credits": 3, 
   "labtut_section": "D102", 
   "offering": 96, 
   "person": 104, 
   "role": "STUD"
  }, 
  "model": "coredata.member", 
  "pk": 207
 }, 
 {
  "fields": {
   "added_reason": "AUTO", 
   "career": "UGRD", 
   "config": "{}", 
   "credits": 3, 
   "labtut_section": "D103", 
   "offering": 96, 
   "person": 107, 
   "role": "STUD"
  }, 
  "model": "coredata.member", 
  "pk": 210
 }, 
 {
  "fields": {
   "added_reason": "AUTO", 
   "career": "UGRD", 
   "config": "{}", 
   "credits": 3, 
   "labtut_section": "D102", 
   "offering": 96, 
   "person": 100, 
   "role": "STUD"
  }, 
  "model": "coredata.member", 
  "pk": 203
 }, 
 {
  "fields": {
   "added_reason": "AUTO", 
   "career": "UGRD", 
   "config": "{}", 
   "credits": 3, 
   "labtut_section": "D104", 
   "offering": 96, 
   "person": 124, 
   "role": "STUD"
  }, 
  "model": "coredata.member", 
  "pk": 227
 }, 
 {
  "fields": {
   "added_reason": "AUTO", 
   "career": "UGRD", 
   "config": "{}", 
   "credits": 3, 
   "labtut_section": "D101", 
   "offering": 96, 
   "person": 119, 
   "role": "STUD"
  }, 
  "model": "coredata.member", 
  "pk": 222
 }, 
 {
  "fields": {
   "added_reason": "AUTO", 
   "career": "UGRD", 
   "config": "{}", 
   "credits": 3, 
   "labtut_section": "D103", 
   "offering": 96, 
   "person": 133, 
   "role": "STUD"
  }, 
  "model": "coredata.member", 
  "pk": 236
 }, 
 {
  "fields": {
   "added_reason": "AUTO", 
   "career": "UGRD", 
   "config": "{}", 
   "credits": 3, 
   "labtut_section": "D103", 
   "offering": 96, 
   "person": 102, 
   "role": "STUD"
  }, 
  "model": "coredata.member", 
  "pk": 205
 }, 
 {
  "fields": {
   "added_reason": "AUTO", 
   "career": "UGRD", 
   "config": "{}", 
   "credits": 3, 
   "labtut_section": "D104", 
   "offering": 96, 
   "person": 101, 
   "role": "STUD"
  }, 
  "model": "coredata.member", 
  "pk": 204
 }, 
 {
  "fields": {
   "added_reason": "AUTO", 
   "career": "UGRD", 
   "config": "{}", 
   "credits": 3, 
   "labtut_section": "D104", 
   "offering": 96, 
   "person": 136, 
   "role": "STUD"
  }, 
  "model": "coredata.member", 
  "pk": 239
 }, 
 {
  "fields": {
   "added_reason": "AUTO", 
   "career": "UGRD", 
   "config": "{}", 
   "credits": 3, 
   "labtut_section": "D101", 
   "offering": 96, 
   "person": 125, 
   "role": "STUD"
  }, 
  "model": "coredata.member", 
  "pk": 228
 }, 
 {
  "fields": {
   "added_reason": "AUTO", 
   "career": "UGRD", 
   "config": "{}", 
   "credits": 3, 
   "labtut_section": "D104", 
   "offering": 96, 
   "person": 120, 
   "role": "STUD"
  }, 
  "model": "coredata.member", 
  "pk": 223
 }, 
 {
  "fields": {
   "added_reason": "AUTO", 
   "career": "UGRD", 
   "config": "{}", 
   "credits": 3, 
   "labtut_section": "D102", 
   "offering": 96, 
   "person": 128, 
   "role": "STUD"
  }, 
  "model": "coredata.member", 
  "pk": 231
 }, 
 {
  "fields": {
   "added_reason": "AUTO", 
   "career": "UGRD", 
   "config": "{}", 
   "credits": 3, 
   "labtut_section": "D102", 
   "offering": 96, 
   "person": 113, 
   "role": "STUD"
  }, 
  "model": "coredata.member", 
  "pk": 216
 }, 
 {
  "fields": {
   "added_reason": "AUTO", 
   "career": "UGRD", 
   "config": "{}", 
   "credits": 3, 
   "labtut_section": "D104", 
   "offering": 96, 
   "person": 110, 
   "role": "STUD"
  }, 
  "model": "coredata.member", 
  "pk": 213
 }, 
 {
  "fields": {
   "added_reason": "AUTO", 
   "career": "UGRD", 
   "config": "{}", 
   "credits": 3, 
   "labtut_section": "D103", 
   "offering": 96, 
   "person": 108, 
   "role": "STUD"
  }, 
  "model": "coredata.member", 
  "pk": 211
 }, 
 {
  "fields": {
   "added_reason": "AUTO", 
   "career": "UGRD", 
   "config": "{}", 
   "credits": 3, 
   "labtut_section": "D104", 
   "offering": 96, 
   "person": 106, 
   "role": "STUD"
  }, 
  "model": "coredata.member", 
  "pk": 209
 }, 
 {
  "fields": {
   "added_reason": "AUTO", 
   "career": "UGRD", 
   "config": "{}", 
   "credits": 3, 
   "labtut_section": "D102", 
   "offering": 96, 
   "person": 132, 
   "role": "STUD"
  }, 
  "model": "coredata.member", 
  "pk": 235
 }, 
 {
  "fields": {
   "added_reason": "AUTO", 
   "career": "UGRD", 
   "config": "{}", 
   "credits": 3, 
   "labtut_section": "D102", 
   "offering": 96, 
   "person": 112, 
   "role": "STUD"
  }, 
  "model": "coredata.member", 
  "pk": 215
 }, 
 {
  "fields": {
   "added_reason": "AUTO", 
   "career": "NONS", 
   "config": "{}", 
   "credits": 0, 
   "labtut_section": null, 
   "offering": 97, 
   "person": 36, 
   "role": "INST"
  }, 
  "model": "coredata.member", 
  "pk": 93
 }, 
 {
  "fields": {
   "added_reason": "AUTO", 
   "career": "NONS", 
   "config": "{}", 
   "credits": 0, 
   "labtut_section": null, 
   "offering": 133, 
   "person": 36, 
   "role": "INST"
  }, 
  "model": "coredata.member", 
  "pk": 125
 }, 
 {
  "fields": {
   "added_reason": "AUTO", 
   "career": "NONS", 
   "config": "{}", 
   "credits": 0, 
   "labtut_section": null, 
   "offering": 91, 
   "person": 33, 
   "role": "INST"
  }, 
  "model": "coredata.member", 
  "pk": 88
 }, 
 {
  "fields": {
   "added_reason": "AUTO", 
   "career": "NONS", 
   "config": "{}", 
   "credits": 0, 
   "labtut_section": null, 
   "offering": 88, 
   "person": 20, 
   "role": "INST"
  }, 
  "model": "coredata.member", 
  "pk": 85
 }, 
 {
  "fields": {
   "added_reason": "AUTO", 
   "career": "NONS", 
   "config": "{}", 
   "credits": 0, 
   "labtut_section": null, 
   "offering": 85, 
   "person": 5, 
   "role": "INST"
  }, 
  "model": "coredata.member", 
  "pk": 82
 }, 
 {
  "fields": {
   "added_reason": "AUTO", 
   "career": "NONS", 
   "config": "{}", 
   "credits": 0, 
   "labtut_section": null, 
   "offering": 83, 
   "person": 28, 
   "role": "INST"
  }, 
  "model": "coredata.member", 
  "pk": 80
 }, 
 {
  "fields": {
   "added_reason": "AUTO", 
   "career": "NONS", 
   "config": "{}", 
   "credits": 0, 
   "labtut_section": null, 
   "offering": 81, 
   "person": 29, 
   "role": "INST"
  }, 
  "model": "coredata.member", 
  "pk": 78
 }, 
 {
  "fields": {
   "added_reason": "AUTO", 
   "career": "NONS", 
   "config": "{}", 
   "credits": 0, 
   "labtut_section": null, 
   "offering": 79, 
   "person": 28, 
   "role": "INST"
  }, 
  "model": "coredata.member", 
  "pk": 76
 }, 
 {
  "fields": {
   "added_reason": "AUTO", 
   "career": "NONS", 
   "config": "{}", 
   "credits": 0, 
   "labtut_section": null, 
   "offering": 75, 
   "person": 25, 
   "role": "INST"
  }, 
  "model": "coredata.member", 
  "pk": 72
 }, 
 {
  "fields": {
   "added_reason": "AUTO", 
   "career": "NONS", 
   "config": "{}", 
   "credits": 0, 
   "labtut_section": null, 
   "offering": 73, 
   "person": 23, 
   "role": "INST"
  }, 
  "model": "coredata.member", 
  "pk": 70
 }, 
 {
  "fields": {
   "added_reason": "AUTO", 
   "career": "NONS", 
   "config": "{}", 
   "credits": 0, 
   "labtut_section": null, 
   "offering": 71, 
   "person": 22, 
   "role": "INST"
  }, 
  "model": "coredata.member", 
  "pk": 68
 }, 
 {
  "fields": {
   "added_reason": "AUTO", 
   "career": "NONS", 
   "config": "{}", 
   "credits": 0, 
   "labtut_section": null, 
   "offering": 69, 
   "person": 20, 
   "role": "INST"
  }, 
  "model": "coredata.member", 
  "pk": 66
 }, 
 {
  "fields": {
   "added_reason": "AUTO", 
   "career": "NONS", 
   "config": "{}", 
   "credits": 0, 
   "labtut_section": null, 
   "offering": 67, 
   "person": 18, 
   "role": "INST"
  }, 
  "model": "coredata.member", 
  "pk": 64
 }, 
 {
  "fields": {
   "added_reason": "AUTO", 
   "career": "NONS", 
   "config": "{}", 
   "credits": 0, 
   "labtut_section": null, 
   "offering": 65, 
   "person": 17, 
   "role": "INST"
  }, 
  "model": "coredata.member", 
  "pk": 62
 }, 
 {
  "fields": {
   "added_reason": "AUTO", 
   "career": "NONS", 
   "config": "{}", 
   "credits": 0, 
   "labtut_section": null, 
   "offering": 56, 
   "person": 14, 
   "role": "INST"
  }, 
  "model": "coredata.member", 
  "pk": 53
 }, 
 {
  "fields": {
   "added_reason": "AUTO", 
   "career": "NONS", 
   "config": "{}", 
   "credits": 0, 
   "labtut_section": null, 
   "offering": 57, 
   "person": 14, 
   "role": "INST"
  }, 
  "model": "coredata.member", 
  "pk": 54
 }, 
 {
  "fields": {
   "added_reason": "AUTO", 
   "career": "NONS", 
   "config": "{}", 
   "credits": 0, 
   "labtut_section": null, 
   "offering": 58, 
   "person": 15, 
   "role": "INST"
  }, 
  "model": "coredata.member", 
  "pk": 55
 }, 
 {
  "fields": {
   "added_reason": "AUTO", 
   "career": "NONS", 
   "config": "{}", 
   "credits": 0, 
   "labtut_section": null, 
   "offering": 59, 
   "person": 15, 
   "role": "INST"
  }, 
  "model": "coredata.member", 
  "pk": 56
 }, 
 {
  "fields": {
   "added_reason": "AUTO", 
   "career": "NONS", 
   "config": "{}", 
   "credits": 0, 
   "labtut_section": null, 
   "offering": 48, 
   "person": 14, 
   "role": "INST"
  }, 
  "model": "coredata.member", 
  "pk": 45
 }, 
 {
  "fields": {
   "added_reason": "AUTO", 
   "career": "NONS", 
   "config": "{}", 
   "credits": 0, 
   "labtut_section": null, 
   "offering": 49, 
   "person": 14, 
   "role": "INST"
  }, 
  "model": "coredata.member", 
  "pk": 46
 }, 
 {
  "fields": {
   "added_reason": "AUTO", 
   "career": "NONS", 
   "config": "{}", 
   "credits": 0, 
   "labtut_section": null, 
   "offering": 50, 
   "person": 15, 
   "role": "INST"
  }, 
  "model": "coredata.member", 
  "pk": 47
 }, 
 {
  "fields": {
   "added_reason": "AUTO", 
   "career": "NONS", 
   "config": "{}", 
   "credits": 0, 
   "labtut_section": null, 
   "offering": 51, 
   "person": 15, 
   "role": "INST"
  }, 
  "model": "coredata.member", 
  "pk": 48
 }, 
 {
  "fields": {
   "added_reason": "AUTO", 
   "career": "NONS", 
   "config": "{}", 
   "credits": 0, 
   "labtut_section": null, 
   "offering": 40, 
   "person": 14, 
   "role": "INST"
  }, 
  "model": "coredata.member", 
  "pk": 37
 }, 
 {
  "fields": {
   "added_reason": "AUTO", 
   "career": "NONS", 
   "config": "{}", 
   "credits": 0, 
   "labtut_section": null, 
   "offering": 41, 
   "person": 14, 
   "role": "INST"
  }, 
  "model": "coredata.member", 
  "pk": 38
 }, 
 {
  "fields": {
   "added_reason": "AUTO", 
   "career": "NONS", 
   "config": "{}", 
   "credits": 0, 
   "labtut_section": null, 
   "offering": 42, 
   "person": 15, 
   "role": "INST"
  }, 
  "model": "coredata.member", 
  "pk": 39
 }, 
 {
  "fields": {
   "added_reason": "AUTO", 
   "career": "NONS", 
   "config": "{}", 
   "credits": 0, 
   "labtut_section": null, 
   "offering": 43, 
   "person": 15, 
   "role": "INST"
  }, 
  "model": "coredata.member", 
  "pk": 40
 }, 
 {
  "fields": {
   "added_reason": "AUTO", 
   "career": "NONS", 
   "config": "{}", 
   "credits": 0, 
   "labtut_section": null, 
   "offering": 32, 
   "person": 14, 
   "role": "INST"
  }, 
  "model": "coredata.member", 
  "pk": 29
 }, 
 {
  "fields": {
   "added_reason": "AUTO", 
   "career": "NONS", 
   "config": "{}", 
   "credits": 0, 
   "labtut_section": null, 
   "offering": 33, 
   "person": 14, 
   "role": "INST"
  }, 
  "model": "coredata.member", 
  "pk": 30
 }, 
 {
  "fields": {
   "added_reason": "AUTO", 
   "career": "NONS", 
   "config": "{}", 
   "credits": 0, 
   "labtut_section": null, 
   "offering": 34, 
   "person": 15, 
   "role": "INST"
  }, 
  "model": "coredata.member", 
  "pk": 31
 }, 
 {
  "fields": {
   "added_reason": "AUTO", 
   "career": "NONS", 
   "config": "{}", 
   "credits": 0, 
   "labtut_section": null, 
   "offering": 35, 
   "person": 15, 
   "role": "INST"
  }, 
  "model": "coredata.member", 
  "pk": 32
 }, 
 {
  "fields": {
   "added_reason": "AUTO", 
   "career": "NONS", 
   "config": "{}", 
   "credits": 0, 
   "labtut_section": null, 
   "offering": 24, 
   "person": 14, 
   "role": "INST"
  }, 
  "model": "coredata.member", 
  "pk": 21
 }, 
 {
  "fields": {
   "added_reason": "AUTO", 
   "career": "NONS", 
   "config": "{}", 
   "credits": 0, 
   "labtut_section": null, 
   "offering": 25, 
   "person": 14, 
   "role": "INST"
  }, 
  "model": "coredata.member", 
  "pk": 22
 }, 
 {
  "fields": {
   "added_reason": "AUTO", 
   "career": "NONS", 
   "config": "{}", 
   "credits": 0, 
   "labtut_section": null, 
   "offering": 26, 
   "person": 15, 
   "role": "INST"
  }, 
  "model": "coredata.member", 
  "pk": 23
 }, 
 {
  "fields": {
   "added_reason": "AUTO", 
   "career": "NONS", 
   "config": "{}", 
   "credits": 0, 
   "labtut_section": null, 
   "offering": 27, 
   "person": 15, 
   "role": "INST"
  }, 
  "model": "coredata.member", 
  "pk": 24
 }, 
 {
  "fields": {
   "added_reason": "AUTO", 
   "career": "NONS", 
   "config": "{}", 
   "credits": 0, 
   "labtut_section": null, 
   "offering": 148, 
   "person": 50, 
   "role": "INST"
  }, 
  "model": "coredata.member", 
  "pk": 140
 }, 
 {
  "fields": {
   "added_reason": "AUTO", 
   "career": "NONS", 
   "config": "{}", 
   "credits": 0, 
   "labtut_section": null, 
   "offering": 23, 
   "person": 13, 
   "role": "INST"
  }, 
  "model": "coredata.member", 
  "pk": 20
 }, 
 {
  "fields": {
   "added_reason": "AUTO", 
   "career": "NONS", 
   "config": "{}", 
   "credits": 0, 
   "labtut_section": null, 
   "offering": 21, 
   "person": 11, 
   "role": "INST"
  }, 
  "model": "coredata.member", 
  "pk": 18
 }, 
 {
  "fields": {
   "added_reason": "AUTO", 
   "career": "NONS", 
   "config": "{}", 
   "credits": 0, 
   "labtut_section": null, 
   "offering": 19, 
   "person": 10, 
   "role": "INST"
  }, 
  "model": "coredata.member", 
  "pk": 16
 }, 
 {
  "fields": {
   "added_reason": "AUTO", 
   "career": "NONS", 
   "config": "{}", 
   "credits": 0, 
   "labtut_section": null, 
   "offering": 16, 
   "person": 7, 
   "role": "INST"
  }, 
  "model": "coredata.member", 
  "pk": 13
 }, 
 {
  "fields": {
   "added_reason": "AUTO", 
   "career": "NONS", 
   "config": "{}", 
   "credits": 0, 
   "labtut_section": null, 
   "offering": 137, 
   "person": 19, 
   "role": "INST"
  }, 
  "model": "coredata.member", 
  "pk": 129
 }, 
 {
  "fields": {
   "added_reason": "AUTO", 
   "career": "NONS", 
   "config": "{}", 
   "credits": 0, 
   "labtut_section": null, 
   "offering": 144, 
   "person": 10, 
   "role": "INST"
  }, 
  "model": "coredata.member", 
  "pk": 136
 }, 
 {
  "fields": {
   "added_reason": "AUTO", 
   "career": "NONS", 
   "config": "{}", 
   "credits": 0, 
   "labtut_section": null, 
   "offering": 138, 
   "person": 16, 
   "role": "INST"
  }, 
  "model": "coredata.member", 
  "pk": 130
 }, 
 {
  "fields": {
   "added_reason": "AUTO", 
   "career": "NONS", 
   "config": "{}", 
   "credits": 0, 
   "labtut_section": null, 
   "offering": 114, 
   "person": 20, 
   "role": "INST"
  }, 
  "model": "coredata.member", 
  "pk": 106
 }, 
 {
  "fields": {
   "added_reason": "AUTO", 
   "career": "NONS", 
   "config": "{}", 
   "credits": 0, 
   "labtut_section": null, 
   "offering": 116, 
   "person": 43, 
   "role": "INST"
  }, 
  "model": "coredata.member", 
  "pk": 108
 }, 
 {
  "fields": {
   "added_reason": "AUTO", 
   "career": "NONS", 
   "config": "{}", 
   "credits": 0, 
   "labtut_section": null, 
   "offering": 143, 
   "person": 19, 
   "role": "INST"
  }, 
  "model": "coredata.member", 
  "pk": 135
 }, 
 {
  "fields": {
   "added_reason": "AUTO", 
   "career": "NONS", 
   "config": "{}", 
   "credits": 0, 
   "labtut_section": null, 
   "offering": 13, 
   "person": 5, 
   "role": "INST"
  }, 
  "model": "coredata.member", 
  "pk": 11
 }, 
 {
  "fields": {
   "added_reason": "AUTO", 
   "career": "NONS", 
   "config": "{}", 
   "credits": 0, 
   "labtut_section": null, 
   "offering": 10, 
   "person": 3, 
   "role": "INST"
  }, 
  "model": "coredata.member", 
  "pk": 9
 }, 
 {
  "fields": {
   "added_reason": "AUTO", 
   "career": "NONS", 
   "config": "{}", 
   "credits": 0, 
   "labtut_section": null, 
   "offering": 117, 
   "person": 1, 
   "role": "INST"
  }, 
  "model": "coredata.member", 
  "pk": 110
 }, 
 {
  "fields": {
   "added_reason": "AUTO", 
   "career": "NONS", 
   "config": "{}", 
   "credits": 0, 
   "labtut_section": null, 
   "offering": 117, 
   "person": 41, 
   "role": "INST"
  }, 
  "model": "coredata.member", 
  "pk": 109
 }, 
 {
  "fields": {
   "added_reason": "AUTO", 
   "career": "NONS", 
   "config": "{}", 
   "credits": 0, 
   "labtut_section": null, 
   "offering": 7, 
   "person": 1, 
   "role": "INST"
  }, 
  "model": "coredata.member", 
  "pk": 7
 }, 
 {
  "fields": {
   "added_reason": "AUTO", 
   "career": "NONS", 
   "config": "{}", 
   "credits": 0, 
   "labtut_section": null, 
   "offering": 152, 
   "person": 1, 
   "role": "INST"
  }, 
  "model": "coredata.member", 
  "pk": 146
 }, 
 {
  "fields": {
   "added_reason": "AUTO", 
   "career": "NONS", 
   "config": "{}", 
   "credits": 0, 
   "labtut_section": null, 
   "offering": 5, 
   "person": 1, 
   "role": "INST"
  }, 
  "model": "coredata.member", 
  "pk": 5
 }, 
 {
  "fields": {
   "added_reason": "AUTO", 
   "career": "NONS", 
   "config": "{}", 
   "credits": 0, 
   "labtut_section": null, 
   "offering": 3, 
   "person": 1, 
   "role": "INST"
  }, 
  "model": "coredata.member", 
  "pk": 3
 }, 
 {
  "fields": {
   "added_reason": "AUTO", 
   "career": "NONS", 
   "config": "{}", 
   "credits": 0, 
   "labtut_section": null, 
   "offering": 1, 
   "person": 1, 
   "role": "INST"
  }, 
  "model": "coredata.member", 
  "pk": 1
 }, 
 {
  "fields": {
   "added_reason": "AUTO", 
   "career": "NONS", 
   "config": "{}", 
   "credits": 0, 
   "labtut_section": null, 
   "offering": 165, 
   "person": 34, 
   "role": "INST"
  }, 
  "model": "coredata.member", 
  "pk": 152
 }, 
 {
  "fields": {
   "added_reason": "AUTO", 
   "career": "NONS", 
   "config": "{}", 
   "credits": 0, 
   "labtut_section": null, 
   "offering": 166, 
   "person": 29, 
   "role": "INST"
  }, 
  "model": "coredata.member", 
  "pk": 153
 }, 
 {
  "fields": {
   "added_reason": "AUTO", 
   "career": "NONS", 
   "config": "{}", 
   "credits": 0, 
   "labtut_section": null, 
   "offering": 157, 
   "person": 53, 
   "role": "INST"
  }, 
  "model": "coredata.member", 
  "pk": 151
 }, 
 {
  "fields": {
   "config": "{}", 
   "deleted": false, 
   "due_date": "2011-07-08 00:00:00", 
   "group": false, 
   "name": "Assignment 1", 
   "offering": 118, 
   "percent": "10", 
   "position": 1, 
   "short_name": "A1", 
   "slug": "a1", 
   "status": "RLS"
  }, 
  "model": "grades.activity", 
  "pk": 1
 }, 
 {
  "fields": {
   "config": "{}", 
   "deleted": false, 
   "due_date": "2011-07-18 00:00:00", 
   "group": true, 
   "name": "Assignment 2", 
   "offering": 118, 
   "percent": "10", 
   "position": 2, 
   "short_name": "A2", 
   "slug": "a2", 
   "status": "URLS"
  }, 
  "model": "grades.activity", 
  "pk": 2
 }, 
 {
  "fields": {
   "config": "{}", 
   "deleted": false, 
   "due_date": "2011-07-28 00:00:00", 
   "group": true, 
   "name": "Project", 
   "offering": 118, 
   "percent": "40", 
   "position": 3, 
   "short_name": "Proj", 
   "slug": "proj", 
   "status": "URLS"
  }, 
  "model": "grades.activity", 
  "pk": 3
 }, 
 {
  "fields": {
   "config": "{}", 
   "deleted": false, 
   "due_date": "2011-07-29 00:00:00", 
   "group": false, 
   "name": "Report", 
   "offering": 118, 
   "percent": "10", 
   "position": 4, 
   "short_name": "Rep", 
   "slug": "rep", 
   "status": "URLS"
  }, 
  "model": "grades.activity", 
  "pk": 4
 }, 
 {
  "fields": {
   "config": "{}", 
   "deleted": false, 
   "due_date": null, 
   "group": false, 
   "name": "Final Exam", 
   "offering": 118, 
   "percent": "30", 
   "position": 5, 
   "short_name": "Exam", 
   "slug": "exam", 
   "status": "URLS"
  }, 
  "model": "grades.activity", 
  "pk": 5
 }, 
 {
  "fields": {
   "config": "{}", 
   "deleted": false, 
   "due_date": null, 
   "group": false, 
   "name": "Final Percent", 
   "offering": 118, 
   "percent": "0", 
   "position": 6, 
   "short_name": "Perc", 
   "slug": "perc", 
   "status": "INVI"
  }, 
  "model": "grades.activity", 
  "pk": 6
 }, 
 {
  "fields": {
   "config": "{}", 
   "deleted": false, 
   "due_date": null, 
   "group": false, 
   "name": "Letter Grade", 
   "offering": 118, 
   "percent": "0", 
   "position": 6, 
   "short_name": "Letter", 
   "slug": "letter", 
   "status": "INVI"
  }, 
  "model": "grades.activity", 
  "pk": 7
 }, 
 {
  "fields": {
   "max_grade": "10"
  }, 
  "model": "grades.numericactivity", 
  "pk": 1
 }, 
 {
  "fields": {
   "max_grade": "20"
  }, 
  "model": "grades.numericactivity", 
  "pk": 2
 }, 
 {
  "fields": {
   "max_grade": "90"
  }, 
  "model": "grades.numericactivity", 
  "pk": 5
 }, 
 {
  "fields": {
   "max_grade": "100"
  }, 
  "model": "grades.numericactivity", 
  "pk": 6
 }, 
 {
  "fields": {}, 
  "model": "grades.letteractivity", 
  "pk": 3
 }, 
 {
  "fields": {}, 
  "model": "grades.letteractivity", 
  "pk": 4
 }, 
 {
  "fields": {}, 
  "model": "grades.letteractivity", 
  "pk": 7
 }, 
 {
  "fields": {
   "formula": "[[activitytotal]]"
  }, 
  "model": "grades.calnumericactivity", 
  "pk": 6
 }, 
 {
  "fields": {
   "exam_activity": null, 
   "letter_cutoffs": "[95, 90, 85, 80, 75, 70, 65, 60, 55, 50]", 
   "numeric_activity": 6
  }, 
  "model": "grades.calletteractivity", 
  "pk": 7
 }, 
 {
  "fields": {
   "activity": 1, 
   "deleted": false, 
   "description": "The code you're submitting.", 
   "position": 1, 
   "slug": "code-file", 
   "specified_filename": "", 
   "title": "Code File"
  }, 
  "model": "submission.submissioncomponent", 
  "pk": 1
 }, 
 {
  "fields": {
   "activity": 1, 
   "deleted": false, 
   "description": "Report on what you did.", 
   "position": 2, 
   "slug": "report", 
   "specified_filename": "report.pdf", 
   "title": "Report"
  }, 
  "model": "submission.submissioncomponent", 
  "pk": 2
 }, 
 {
  "fields": {
   "allowed": ".py,.java", 
   "max_size": 2000
  }, 
  "model": "submission.codecomponent", 
  "pk": 1
 }, 
 {
  "fields": {
   "max_size": 5000
  }, 
  "model": "submission.pdfcomponent", 
  "pk": 2
 }, 
 {
  "fields": {
   "deleted": false, 
   "description": "Part 1 was done well and seems to work.", 
   "max_mark": "5", 
   "numeric_activity": 1, 
   "position": 1, 
   "slug": "part-1", 
   "title": "Part 1"
  }, 
  "model": "marking.activitycomponent", 
  "pk": 1
 }, 
 {
  "fields": {
   "deleted": false, 
   "description": "Part 2 was done well and seems to work.", 
   "max_mark": "5", 
   "numeric_activity": 1, 
   "position": 2, 
   "slug": "part-2", 
   "title": "Part 2"
  }, 
  "model": "marking.activitycomponent", 
  "pk": 2
 }, 
 {
  "fields": {
   "courseoffering": 118, 
   "groupForSemester": true, 
   "manager": 163, 
   "name": "AnotherGroup", 
   "slug": "g-anothergroup"
  }, 
  "model": "groups.group", 
  "pk": 2
 }, 
 {
  "fields": {
   "courseoffering": 118, 
   "groupForSemester": true, 
   "manager": 159, 
   "name": "SomeGroup", 
   "slug": "g-somegroup"
  }, 
  "model": "groups.group", 
  "pk": 1
 }, 
 {
  "fields": {
   "activity": 2, 
   "confirmed": true, 
   "group": 2, 
   "student": 166
  }, 
  "model": "groups.groupmember", 
  "pk": 9
 }, 
 {
  "fields": {
   "activity": 3, 
   "confirmed": true, 
   "group": 2, 
   "student": 166
  }, 
  "model": "groups.groupmember", 
  "pk": 10
 }, 
 {
  "fields": {
   "activity": 2, 
   "confirmed": true, 
   "group": 1, 
   "student": 164
  }, 
  "model": "groups.groupmember", 
  "pk": 3
 }, 
 {
  "fields": {
   "activity": 2, 
   "confirmed": true, 
   "group": 2, 
   "student": 165
  }, 
  "model": "groups.groupmember", 
  "pk": 7
 }, 
 {
  "fields": {
   "activity": 3, 
   "confirmed": true, 
   "group": 2, 
   "student": 165
  }, 
  "model": "groups.groupmember", 
  "pk": 8
 }, 
 {
  "fields": {
   "activity": 2, 
   "confirmed": true, 
   "group": 2, 
   "student": 163
  }, 
  "model": "groups.groupmember", 
  "pk": 5
 }, 
 {
  "fields": {
   "activity": 3, 
   "confirmed": true, 
   "group": 2, 
   "student": 163
  }, 
  "model": "groups.groupmember", 
  "pk": 6
 }, 
 {
  "fields": {
   "activity": 2, 
   "confirmed": true, 
   "group": 1, 
   "student": 159
  }, 
  "model": "groups.groupmember", 
  "pk": 1
 }, 
 {
  "fields": {
   "activity": 2, 
   "confirmed": true, 
   "group": 1, 
   "student": 169
  }, 
  "model": "groups.groupmember", 
  "pk": 4
 }, 
 {
  "fields": {
   "activity": 2, 
   "confirmed": true, 
   "group": 1, 
   "student": 160
  }, 
  "model": "groups.groupmember", 
  "pk": 2
 }, 
 {
  "fields": {
   "activity": 2, 
   "confirmed": true, 
   "group": 2, 
   "student": 173
  }, 
  "model": "groups.groupmember", 
  "pk": 11
 }, 
 {
  "fields": {
   "activity": 3, 
   "confirmed": true, 
   "group": 2, 
   "student": 173
  }, 
  "model": "groups.groupmember", 
  "pk": 12
 }, 
 {
  "fields": {
   "department": "CMPT", 
   "person": 138, 
   "role": "ADVS"
  }, 
  "model": "coredata.role", 
  "pk": 1
 }, 
 {
  "fields": {
   "department": "!!!!", 
   "person": 10, 
   "role": "SYSA"
  }, 
  "model": "coredata.role", 
  "pk": 2
 }, 
 {
  "fields": {
   "department": "!!!!", 
   "person": 137, 
   "role": "SYSA"
  }, 
  "model": "coredata.role", 
  "pk": 3
 }
]
