[
{
 "fields": {
  "end": "2011-04-01", 
  "name": "1111", 
  "start": "2011-01-05"
 }, 
 "model": "coredata.semester", 
 "pk": 1
},
{
 "fields": {
  "end": "2011-08-01", 
  "name": "1114", 
  "start": "2011-05-05"
 }, 
 "model": "coredata.semester", 
 "pk": 2
},
{
 "fields": {
  "end": "2011-12-01", 
  "name": "1117", 
  "start": "2011-09-05"
 }, 
 "model": "coredata.semester", 
 "pk": 3
},
{
 "fields": {
  "end": "2012-04-01", 
  "name": "1121", 
  "start": "2012-01-05"
 }, 
 "model": "coredata.semester", 
 "pk": 4
},
{
 "fields": {
  "end": "2012-08-01", 
  "name": "1124", 
  "start": "2012-05-05"
 }, 
 "model": "coredata.semester", 
 "pk": 5
},
{
 "fields": {
  "end": "2012-12-01", 
  "name": "1127", 
  "start": "2012-09-05"
 }, 
 "model": "coredata.semester", 
 "pk": 6
},
{
 "fields": {
  "end": "2013-04-01", 
  "name": "1131", 
  "start": "2013-01-05"
 }, 
 "model": "coredata.semester", 
 "pk": 7
},
{
 "fields": {
  "end": "2013-08-01", 
  "name": "1134", 
  "start": "2013-05-05"
 }, 
 "model": "coredata.semester", 
 "pk": 8
},
{
 "fields": {
  "end": "2013-12-01", 
  "name": "1137", 
  "start": "2013-09-05"
 }, 
 "model": "coredata.semester", 
 "pk": 9
},
{
 "fields": {
  "end": "2014-04-01", 
  "name": "1141", 
  "start": "2014-01-05"
 }, 
 "model": "coredata.semester", 
 "pk": 10
},
{
 "fields": {
  "end": "2014-08-01", 
  "name": "1144", 
  "start": "2014-05-05"
 }, 
 "model": "coredata.semester", 
 "pk": 11
},
{
 "fields": {
  "end": "2014-12-01", 
  "name": "1147", 
  "start": "2014-09-05"
 }, 
 "model": "coredata.semester", 
 "pk": 12
},
{
 "fields": {
  "end": "2015-04-01", 
  "name": "1151", 
  "start": "2015-01-05"
 }, 
 "model": "coredata.semester", 
 "pk": 13
},
{
 "fields": {
  "end": "2015-08-01", 
  "name": "1154", 
  "start": "2015-05-05"
 }, 
 "model": "coredata.semester", 
 "pk": 14
},
{
 "fields": {
  "end": "2015-12-01", 
  "name": "1157", 
  "start": "2015-09-05"
 }, 
 "model": "coredata.semester", 
 "pk": 15
},
{
 "fields": {
  "end": "2016-04-01", 
  "name": "1161", 
  "start": "2016-01-05"
 }, 
 "model": "coredata.semester", 
 "pk": 16
},
{
 "fields": {
  "end": "2016-08-01", 
  "name": "1164", 
  "start": "2016-05-05"
 }, 
 "model": "coredata.semester", 
 "pk": 17
},
{
 "fields": {
  "end": "2016-12-01", 
  "name": "1167", 
  "start": "2016-09-05"
 }, 
 "model": "coredata.semester", 
 "pk": 18
},
{
 "fields": {
  "monday": "2011-01-03", 
  "semester": 1, 
  "week": 1
 }, 
 "model": "coredata.semesterweek", 
 "pk": 1
},
{
 "fields": {
  "monday": "2011-05-02", 
  "semester": 2, 
  "week": 1
 }, 
 "model": "coredata.semesterweek", 
 "pk": 2
},
{
 "fields": {
  "monday": "2011-09-05", 
  "semester": 3, 
  "week": 1
 }, 
 "model": "coredata.semesterweek", 
 "pk": 3
},
{
 "fields": {
  "monday": "2012-01-02", 
  "semester": 4, 
  "week": 1
 }, 
 "model": "coredata.semesterweek", 
 "pk": 4
},
{
 "fields": {
  "monday": "2012-04-30", 
  "semester": 5, 
  "week": 1
 }, 
 "model": "coredata.semesterweek", 
 "pk": 5
},
{
 "fields": {
  "monday": "2012-09-03", 
  "semester": 6, 
  "week": 1
 }, 
 "model": "coredata.semesterweek", 
 "pk": 6
},
{
 "fields": {
  "monday": "2012-12-31", 
  "semester": 7, 
  "week": 1
 }, 
 "model": "coredata.semesterweek", 
 "pk": 7
},
{
 "fields": {
  "monday": "2013-04-29", 
  "semester": 8, 
  "week": 1
 }, 
 "model": "coredata.semesterweek", 
 "pk": 8
},
{
 "fields": {
  "monday": "2013-09-02", 
  "semester": 9, 
  "week": 1
 }, 
 "model": "coredata.semesterweek", 
 "pk": 9
},
{
 "fields": {
  "monday": "2013-12-30", 
  "semester": 10, 
  "week": 1
 }, 
 "model": "coredata.semesterweek", 
 "pk": 10
},
{
 "fields": {
  "monday": "2014-05-05", 
  "semester": 11, 
  "week": 1
 }, 
 "model": "coredata.semesterweek", 
 "pk": 11
},
{
 "fields": {
  "monday": "2014-09-01", 
  "semester": 12, 
  "week": 1
 }, 
 "model": "coredata.semesterweek", 
 "pk": 12
},
{
 "fields": {
  "monday": "2015-01-05", 
  "semester": 13, 
  "week": 1
 }, 
 "model": "coredata.semesterweek", 
 "pk": 13
},
{
 "fields": {
  "monday": "2015-05-04", 
  "semester": 14, 
  "week": 1
 }, 
 "model": "coredata.semesterweek", 
 "pk": 14
},
{
 "fields": {
  "monday": "2015-08-31", 
  "semester": 15, 
  "week": 1
 }, 
 "model": "coredata.semesterweek", 
 "pk": 15
},
{
 "fields": {
  "monday": "2016-01-04", 
  "semester": 16, 
  "week": 1
 }, 
 "model": "coredata.semesterweek", 
 "pk": 16
},
{
 "fields": {
  "monday": "2016-05-02", 
  "semester": 17, 
  "week": 1
 }, 
 "model": "coredata.semesterweek", 
 "pk": 17
},
{
 "fields": {
  "monday": "2016-09-05", 
  "semester": 18, 
  "week": 1
 }, 
 "model": "coredata.semesterweek", 
 "pk": 18
},
{
 "fields": {
  "campus": "BRNBY", 
  "class_nbr": 1776, 
  "component": "LEC", 
  "config": "{}", 
  "course": 7, 
  "crse_id": 8150, 
  "enrl_cap": 200, 
  "enrl_tot": 0, 
  "flags": "2", 
  "graded": true, 
  "instr_mode": "P", 
  "number": "225", 
  "owner": 3, 
  "section": "D100", 
  "semester": 14, 
  "slug": "2015su-ensc-225-d1", 
  "subject": "ENSC", 
  "title": "Microelectronics I", 
  "units": 4, 
  "wait_tot": 0
 }, 
 "model": "coredata.courseoffering", 
 "pk": 24
},
{
 "fields": {
  "campus": "BRNBY", 
  "class_nbr": 1777, 
  "component": "SEC", 
  "config": "{}", 
  "course": 11, 
  "crse_id": 8126, 
  "enrl_cap": 50, 
  "enrl_tot": 0, 
  "flags": "0", 
  "graded": true, 
  "instr_mode": "CO", 
  "number": "295", 
  "owner": 3, 
  "section": "D100", 
  "semester": 14, 
  "slug": "2015su-ensc-295-d1", 
  "subject": "ENSC", 
  "title": "Industrial Internship II", 
  "units": 3, 
  "wait_tot": 0
 }, 
 "model": "coredata.courseoffering", 
 "pk": 32
},
{
 "fields": {
  "campus": "OFFST", 
  "class_nbr": 1810, 
  "component": "SEC", 
  "config": "{}", 
  "course": 11, 
  "crse_id": 8126, 
  "enrl_cap": 20, 
  "enrl_tot": 0, 
  "flags": "0", 
  "graded": true, 
  "instr_mode": "CO", 
  "number": "295", 
  "owner": 3, 
  "section": "D200", 
  "semester": 14, 
  "slug": "2015su-ensc-295-d2", 
  "subject": "ENSC", 
  "title": "Industrial Internship II", 
  "units": 3, 
  "wait_tot": 0
 }, 
 "model": "coredata.courseoffering", 
 "pk": 33
},
{
 "fields": {
  "campus": "BRNBY", 
  "class_nbr": 4524, 
  "component": "SEC", 
  "config": "{}", 
  "course": 11, 
  "crse_id": 8126, 
  "enrl_cap": 25, 
  "enrl_tot": 0, 
  "flags": "0", 
  "graded": true, 
  "instr_mode": "CO", 
  "number": "295", 
  "owner": 3, 
  "section": "D100", 
  "semester": 13, 
  "slug": "2015sp-ensc-295-d1", 
  "subject": "ENSC", 
  "title": "Industrial Internship II", 
  "units": 3, 
  "wait_tot": 0
 }, 
 "model": "coredata.courseoffering", 
 "pk": 34
},
{
 "fields": {
  "campus": "OFFST", 
  "class_nbr": 4588, 
  "component": "SEC", 
  "config": "{}", 
  "course": 11, 
  "crse_id": 8126, 
  "enrl_cap": 10, 
  "enrl_tot": 0, 
  "flags": "0", 
  "graded": true, 
  "instr_mode": "CO", 
  "number": "295", 
  "owner": 3, 
  "section": "D200", 
  "semester": 13, 
  "slug": "2015sp-ensc-295-d2", 
  "subject": "ENSC", 
  "title": "Industrial Internship II", 
  "units": 3, 
  "wait_tot": 0
 }, 
 "model": "coredata.courseoffering", 
 "pk": 35
},
{
 "fields": {
  "campus": "BRNBY", 
  "class_nbr": 8037, 
  "component": "LEC", 
  "config": "{}", 
  "course": 1, 
  "crse_id": 11592, 
  "enrl_cap": 60, 
  "enrl_tot": 0, 
  "flags": "2", 
  "graded": true, 
  "instr_mode": "P", 
  "number": "102", 
  "owner": 4, 
  "section": "D100", 
  "semester": 12, 
  "slug": "2014fa-cmpt-102-d1", 
  "subject": "CMPT", 
  "title": "Scientific Computer Prog.", 
  "units": 3, 
  "wait_tot": 0
 }, 
 "model": "coredata.courseoffering", 
 "pk": 1
},
{
 "fields": {
  "campus": "SURRY", 
  "class_nbr": 8966, 
  "component": "LEC", 
  "config": "{}", 
  "course": 12, 
  "crse_id": 16520, 
  "enrl_cap": 72, 
  "enrl_tot": 0, 
  "flags": "0", 
  "graded": true, 
  "instr_mode": "P", 
  "number": "106", 
  "owner": 4, 
  "section": "D100", 
  "semester": 12, 
  "slug": "2014fa-cmpt-106-d1", 
  "subject": "CMPT", 
  "title": "Science, Technology and Soc.", 
  "units": 3, 
  "wait_tot": 0
 }, 
 "model": "coredata.courseoffering", 
 "pk": 40
},
{
 "fields": {
  "campus": "BRNBY", 
  "class_nbr": 8038, 
  "component": "LEC", 
  "config": "{}", 
  "course": 13, 
  "crse_id": 11577, 
  "enrl_cap": 75, 
  "enrl_tot": 0, 
  "flags": "2", 
  "graded": true, 
  "instr_mode": "P", 
  "number": "110", 
  "owner": 4, 
  "section": "D100", 
  "semester": 12, 
  "slug": "2014fa-cmpt-110-d1", 
  "subject": "CMPT", 
  "title": "Programming in Visual Basic", 
  "units": 3, 
  "wait_tot": 0
 }, 
 "model": "coredata.courseoffering", 
 "pk": 41
},
{
 "fields": {
  "campus": "BRNBY", 
  "class_nbr": 8039, 
  "component": "LEC", 
  "config": "{}", 
  "course": 14, 
  "crse_id": 14580, 
  "enrl_cap": 182, 
  "enrl_tot": 0, 
  "flags": "10", 
  "graded": true, 
  "instr_mode": "P", 
  "number": "120", 
  "owner": 4, 
  "section": "D100", 
  "semester": 12, 
  "slug": "2014fa-cmpt-120-d1", 
  "subject": "CMPT", 
  "title": "Intro.Cmpt.Sci/Programming I", 
  "units": 3, 
  "wait_tot": 0
 }, 
 "model": "coredata.courseoffering", 
 "pk": 44
},
{
 "fields": {
  "campus": "BRNBY", 
  "class_nbr": 8048, 
  "component": "LEC", 
  "config": "{}", 
  "course": 14, 
  "crse_id": 14580, 
  "enrl_cap": 182, 
  "enrl_tot": 0, 
  "flags": "10", 
  "graded": true, 
  "instr_mode": "P", 
  "number": "120", 
  "owner": 4, 
  "section": "D200", 
  "semester": 12, 
  "slug": "2014fa-cmpt-120-d2", 
  "subject": "CMPT", 
  "title": "Intro.Cmpt.Sci/Programming I", 
  "units": 3, 
  "wait_tot": 0
 }, 
 "model": "coredata.courseoffering", 
 "pk": 45
},
{
 "fields": {
  "campus": "BRNBY", 
  "class_nbr": 8096, 
  "component": "LEC", 
  "config": "{}", 
  "course": 9, 
  "crse_id": 14581, 
  "enrl_cap": 192, 
  "enrl_tot": 0, 
  "flags": "2", 
  "graded": true, 
  "instr_mode": "P", 
  "number": "125", 
  "owner": 4, 
  "section": "D100", 
  "semester": 12, 
  "slug": "2014fa-cmpt-125-d1", 
  "subject": "CMPT", 
  "title": "Intro.Cmpt.Sci/Programming II", 
  "units": 3, 
  "wait_tot": 0
 }, 
 "model": "coredata.courseoffering", 
 "pk": 28
},
{
 "fields": {
  "campus": "BRNBY", 
  "class_nbr": 10151, 
  "component": "LAB", 
  "config": "{}", 
  "course": 3, 
  "crse_id": 17292, 
  "enrl_cap": 32, 
  "enrl_tot": 0, 
  "flags": "0", 
  "graded": true, 
  "instr_mode": "P", 
  "number": "127", 
  "owner": 4, 
  "section": "LAB1", 
  "semester": 12, 
  "slug": "2014fa-cmpt-127-lab1", 
  "subject": "CMPT", 
  "title": "Computing Laboratory", 
  "units": 3, 
  "wait_tot": 0
 }, 
 "model": "coredata.courseoffering", 
 "pk": 3
},
{
 "fields": {
  "campus": "BRNBY", 
  "class_nbr": 10152, 
  "component": "LAB", 
  "config": "{}", 
  "course": 3, 
  "crse_id": 17292, 
  "enrl_cap": 32, 
  "enrl_tot": 0, 
  "flags": "0", 
  "graded": true, 
  "instr_mode": "P", 
  "number": "127", 
  "owner": 4, 
  "section": "LAB2", 
  "semester": 12, 
  "slug": "2014fa-cmpt-127-lab2", 
  "subject": "CMPT", 
  "title": "Computing Laboratory", 
  "units": 3, 
  "wait_tot": 0
 }, 
 "model": "coredata.courseoffering", 
 "pk": 4
},
{
 "fields": {
  "campus": "BRNBY", 
  "class_nbr": 10153, 
  "component": "LAB", 
  "config": "{}", 
  "course": 3, 
  "crse_id": 17292, 
  "enrl_cap": 32, 
  "enrl_tot": 0, 
  "flags": "0", 
  "graded": true, 
  "instr_mode": "P", 
  "number": "127", 
  "owner": 4, 
  "section": "LAB3", 
  "semester": 12, 
  "slug": "2014fa-cmpt-127-lab3", 
  "subject": "CMPT", 
  "title": "Computing Laboratory", 
  "units": 3, 
  "wait_tot": 0
 }, 
 "model": "coredata.courseoffering", 
 "pk": 5
},
{
 "fields": {
  "campus": "BRNBY", 
  "class_nbr": 10154, 
  "component": "LAB", 
  "config": "{}", 
  "course": 3, 
  "crse_id": 17292, 
  "enrl_cap": 32, 
  "enrl_tot": 0, 
  "flags": "0", 
  "graded": true, 
  "instr_mode": "P", 
  "number": "127", 
  "owner": 4, 
  "section": "LAB4", 
  "semester": 12, 
  "slug": "2014fa-cmpt-127-lab4", 
  "subject": "CMPT", 
  "title": "Computing Laboratory", 
  "units": 3, 
  "wait_tot": 0
 }, 
 "model": "coredata.courseoffering", 
 "pk": 6
},
{
 "fields": {
  "campus": "BRNBY", 
  "class_nbr": 10155, 
  "component": "LAB", 
  "config": "{}", 
  "course": 3, 
  "crse_id": 17292, 
  "enrl_cap": 32, 
  "enrl_tot": 0, 
  "flags": "0", 
  "graded": true, 
  "instr_mode": "P", 
  "number": "127", 
  "owner": 4, 
  "section": "LAB5", 
  "semester": 12, 
  "slug": "2014fa-cmpt-127-lab5", 
  "subject": "CMPT", 
  "title": "Computing Laboratory", 
  "units": 3, 
  "wait_tot": 0
 }, 
 "model": "coredata.courseoffering", 
 "pk": 7
},
{
 "fields": {
  "campus": "BRNBY", 
  "class_nbr": 10156, 
  "component": "LAB", 
  "config": "{}", 
  "course": 3, 
  "crse_id": 17292, 
  "enrl_cap": 32, 
  "enrl_tot": 0, 
  "flags": "0", 
  "graded": true, 
  "instr_mode": "P", 
  "number": "127", 
  "owner": 4, 
  "section": "LAB6", 
  "semester": 12, 
  "slug": "2014fa-cmpt-127-lab6", 
  "subject": "CMPT", 
  "title": "Computing Laboratory", 
  "units": 3, 
  "wait_tot": 0
 }, 
 "model": "coredata.courseoffering", 
 "pk": 8
},
{
 "fields": {
  "campus": "BRNBY", 
  "class_nbr": 8056, 
  "component": "LEC", 
  "config": "{}", 
  "course": 4, 
  "crse_id": 14583, 
  "enrl_cap": 120, 
  "enrl_tot": 0, 
  "flags": "10", 
  "graded": true, 
  "instr_mode": "P", 
  "number": "128", 
  "owner": 4, 
  "section": "D100", 
  "semester": 12, 
  "slug": "2014fa-cmpt-128-d1", 
  "subject": "CMPT", 
  "title": "Intro. Cmpt.Sci/Prgm/Engineers", 
  "units": 3, 
  "wait_tot": 0
 }, 
 "model": "coredata.courseoffering", 
 "pk": 9
},
{
 "fields": {
  "campus": "BRNBY", 
  "class_nbr": 8057, 
  "component": "LEC", 
  "config": "{}", 
  "course": 4, 
  "crse_id": 14583, 
  "enrl_cap": 208, 
  "enrl_tot": 0, 
  "flags": "10", 
  "graded": true, 
  "instr_mode": "P", 
  "number": "128", 
  "owner": 4, 
  "section": "D200", 
  "semester": 12, 
  "slug": "2014fa-cmpt-128-d2", 
  "subject": "CMPT", 
  "title": "Intro. Cmpt.Sci/Prgm/Engineers", 
  "units": 3, 
  "wait_tot": 0
 }, 
 "model": "coredata.courseoffering", 
 "pk": 10
},
{
 "fields": {
  "campus": "SURRY", 
  "class_nbr": 8219, 
  "component": "LEC", 
  "config": "{}", 
  "course": 16, 
  "crse_id": 16878, 
  "enrl_cap": 120, 
  "enrl_tot": 0, 
  "flags": "10", 
  "graded": true, 
  "instr_mode": "P", 
  "number": "130", 
  "owner": 4, 
  "section": "D100", 
  "semester": 12, 
  "slug": "2014fa-cmpt-130-d1", 
  "subject": "CMPT", 
  "title": "Intro to Computer Prog I", 
  "units": 3, 
  "wait_tot": 0
 }, 
 "model": "coredata.courseoffering", 
 "pk": 48
},
{
 "fields": {
  "campus": "BRNBY", 
  "class_nbr": 8058, 
  "component": "LEC", 
  "config": "{}", 
  "course": 10, 
  "crse_id": 11555, 
  "enrl_cap": 104, 
  "enrl_tot": 0, 
  "flags": "2", 
  "graded": true, 
  "instr_mode": "P", 
  "number": "150", 
  "owner": 4, 
  "section": "D100", 
  "semester": 12, 
  "slug": "2014fa-cmpt-150-d1", 
  "subject": "CMPT", 
  "title": "Intro to Computer Design", 
  "units": 3, 
  "wait_tot": 0
 }, 
 "model": "coredata.courseoffering", 
 "pk": 30
},
{
 "fields": {
  "campus": "BRNBY", 
  "class_nbr": 8059, 
  "component": "SEC", 
  "config": "{}", 
  "course": 5, 
  "crse_id": 11547, 
  "enrl_cap": 75, 
  "enrl_tot": 0, 
  "flags": "8", 
  "graded": true, 
  "instr_mode": "DE", 
  "number": "165", 
  "owner": 4, 
  "section": "C100", 
  "semester": 12, 
  "slug": "2014fa-cmpt-165-c1", 
  "subject": "CMPT", 
  "title": "Intro Internet  World Wide Web", 
  "units": 3, 
  "wait_tot": 0
 }, 
 "model": "coredata.courseoffering", 
 "pk": 12
},
{
 "fields": {
  "campus": "BRNBY", 
  "class_nbr": 8060, 
  "component": "SEC", 
  "config": "{}", 
  "course": 5, 
  "crse_id": 11547, 
  "enrl_cap": 75, 
  "enrl_tot": 0, 
  "flags": "8", 
  "graded": true, 
  "instr_mode": "DE", 
  "number": "165", 
  "owner": 4, 
  "section": "C200", 
  "semester": 12, 
  "slug": "2014fa-cmpt-165-c2", 
  "subject": "CMPT", 
  "title": "Intro Internet  World Wide Web", 
  "units": 3, 
  "wait_tot": 0
 }, 
 "model": "coredata.courseoffering", 
 "pk": 13
},
{
 "fields": {
  "campus": "BRNBY", 
  "class_nbr": 10284, 
  "component": "SEC", 
  "config": "{}", 
  "course": 5, 
  "crse_id": 11547, 
  "enrl_cap": 75, 
  "enrl_tot": 0, 
  "flags": "8", 
  "graded": true, 
  "instr_mode": "DE", 
  "number": "165", 
  "owner": 4, 
  "section": "C300", 
  "semester": 12, 
  "slug": "2014fa-cmpt-165-c3", 
  "subject": "CMPT", 
  "title": "Intro Internet  World Wide Web", 
  "units": 3, 
  "wait_tot": 0
 }, 
 "model": "coredata.courseoffering", 
 "pk": 11
},
{
 "fields": {
  "campus": "BRNBY", 
  "class_nbr": 8062, 
  "component": "LEC", 
  "config": "{}", 
  "course": 5, 
  "crse_id": 11547, 
  "enrl_cap": 200, 
  "enrl_tot": 0, 
  "flags": "8", 
  "graded": true, 
  "instr_mode": "P", 
  "number": "165", 
  "owner": 4, 
  "section": "D100", 
  "semester": 12, 
  "slug": "2014fa-cmpt-165-d1", 
  "subject": "CMPT", 
  "title": "Intro Internet  World Wide Web", 
  "units": 3, 
  "wait_tot": 0
 }, 
 "model": "coredata.courseoffering", 
 "pk": 14
},
{
 "fields": {
  "campus": "SURRY", 
  "class_nbr": 8405, 
  "component": "LEC", 
  "config": "{}", 
  "course": 5, 
  "crse_id": 11547, 
  "enrl_cap": 96, 
  "enrl_tot": 0, 
  "flags": "8", 
  "graded": true, 
  "instr_mode": "P", 
  "number": "165", 
  "owner": 4, 
  "section": "D200", 
  "semester": 12, 
  "slug": "2014fa-cmpt-165-d2", 
  "subject": "CMPT", 
  "title": "Intro Internet  World Wide Web", 
  "units": 3, 
  "wait_tot": 0
 }, 
 "model": "coredata.courseoffering", 
 "pk": 15
},
{
 "fields": {
  "campus": "SURRY", 
  "class_nbr": 8575, 
  "component": "LEC", 
  "config": "{}", 
  "course": 18, 
  "crse_id": 16684, 
  "enrl_cap": 120, 
  "enrl_tot": 0, 
  "flags": "10", 
  "graded": true, 
  "instr_mode": "P", 
  "number": "166", 
  "owner": 4, 
  "section": "D100", 
  "semester": 12, 
  "slug": "2014fa-cmpt-166-d1", 
  "subject": "CMPT", 
  "title": "Animated Intro to Programming", 
  "units": 3, 
  "wait_tot": 0
 }, 
 "model": "coredata.courseoffering", 
 "pk": 50
},
{
 "fields": {
  "campus": "BRNBY", 
  "class_nbr": 8064, 
  "component": "LEC", 
  "config": "{}", 
  "course": 6, 
  "crse_id": 14584, 
  "enrl_cap": 104, 
  "enrl_tot": 0, 
  "flags": "2", 
  "graded": true, 
  "instr_mode": "P", 
  "number": "225", 
  "owner": 4, 
  "section": "D100", 
  "semester": 12, 
  "slug": "2014fa-cmpt-225-d1", 
  "subject": "CMPT", 
  "title": "Data Structures/Programming", 
  "units": 3, 
  "wait_tot": 0
 }, 
 "model": "coredata.courseoffering", 
 "pk": 20
},
{
 "fields": {
  "campus": "SURRY", 
  "class_nbr": 8591, 
  "component": "LEC", 
  "config": "{}", 
  "course": 6, 
  "crse_id": 14584, 
  "enrl_cap": 96, 
  "enrl_tot": 0, 
  "flags": "2", 
  "graded": true, 
  "instr_mode": "P", 
  "number": "225", 
  "owner": 4, 
  "section": "D200", 
  "semester": 12, 
  "slug": "2014fa-cmpt-225-d2", 
  "subject": "CMPT", 
  "title": "Data Structures/Programming", 
  "units": 3, 
  "wait_tot": 0
 }, 
 "model": "coredata.courseoffering", 
 "pk": 21
},
{
 "fields": {
  "campus": "BRNBY", 
  "class_nbr": 8065, 
  "component": "LEC", 
  "config": "{}", 
  "course": 8, 
  "crse_id": 11524, 
  "enrl_cap": 130, 
  "enrl_tot": 0, 
  "flags": "2", 
  "graded": true, 
  "instr_mode": "P", 
  "number": "250", 
  "owner": 4, 
  "section": "D100", 
  "semester": 12, 
  "slug": "2014fa-cmpt-250-d1", 
  "subject": "CMPT", 
  "title": "Intro to Computer Architecture", 
  "units": 3, 
  "wait_tot": 0
 }, 
 "model": "coredata.courseoffering", 
 "pk": 26
},
{
 "fields": {
  "campus": "SURRY", 
  "class_nbr": 8596, 
  "component": "LEC", 
  "config": "{}", 
  "course": 8, 
  "crse_id": 11524, 
  "enrl_cap": 96, 
  "enrl_tot": 0, 
  "flags": "2", 
  "graded": true, 
  "instr_mode": "P", 
  "number": "250", 
  "owner": 4, 
  "section": "D200", 
  "semester": 12, 
  "slug": "2014fa-cmpt-250-d2", 
  "subject": "CMPT", 
  "title": "Intro to Computer Architecture", 
  "units": 3, 
  "wait_tot": 0
 }, 
 "model": "coredata.courseoffering", 
 "pk": 27
},
{
 "fields": {
  "campus": "BRNBY", 
  "class_nbr": 8066, 
  "component": "LEC", 
  "config": "{}", 
  "course": 19, 
  "crse_id": 11520, 
  "enrl_cap": 75, 
  "enrl_tot": 0, 
  "flags": "0", 
  "graded": true, 
  "instr_mode": "P", 
  "number": "275", 
  "owner": 4, 
  "section": "E100", 
  "semester": 12, 
  "slug": "2014fa-cmpt-275-e1", 
  "subject": "CMPT", 
  "title": "Software Engineering I", 
  "units": 4, 
  "wait_tot": 0
 }, 
 "model": "coredata.courseoffering", 
 "pk": 52
},
{
 "fields": {
  "campus": "BRNBY", 
  "class_nbr": 7445, 
  "component": "SEC", 
  "config": "{}", 
  "course": 11, 
  "crse_id": 8126, 
  "enrl_cap": 25, 
  "enrl_tot": 0, 
  "flags": "0", 
  "graded": true, 
  "instr_mode": "CO", 
  "number": "295", 
  "owner": 3, 
  "section": "D100", 
  "semester": 12, 
  "slug": "2014fa-ensc-295-d1", 
  "subject": "ENSC", 
  "title": "Industrial Internship II", 
  "units": 3, 
  "wait_tot": 0
 }, 
 "model": "coredata.courseoffering", 
 "pk": 37
},
{
 "fields": {
  "campus": "OFFST", 
  "class_nbr": 7435, 
  "component": "SEC", 
  "config": "{}", 
  "course": 11, 
  "crse_id": 8126, 
  "enrl_cap": 25, 
  "enrl_tot": 0, 
  "flags": "0", 
  "graded": true, 
  "instr_mode": "CO", 
  "number": "295", 
  "owner": 3, 
  "section": "D200", 
  "semester": 12, 
  "slug": "2014fa-ensc-295-d2", 
  "subject": "ENSC", 
  "title": "Industrial Internship II", 
  "units": 3, 
  "wait_tot": 0
 }, 
 "model": "coredata.courseoffering", 
 "pk": 36
},
{
 "fields": {
  "campus": "BRNBY", 
  "class_nbr": 6620, 
  "component": "SEC", 
  "config": "{}", 
  "course": 13, 
  "crse_id": 11577, 
  "enrl_cap": 75, 
  "enrl_tot": 72, 
  "flags": "2", 
  "graded": true, 
  "instr_mode": "DE", 
  "number": "110", 
  "owner": 4, 
  "section": "C100", 
  "semester": 11, 
  "slug": "2014su-cmpt-110-c1", 
  "subject": "CMPT", 
  "title": "Programming in Visual Basic", 
  "units": 3, 
  "wait_tot": 0
 }, 
 "model": "coredata.courseoffering", 
 "pk": 42
},
{
 "fields": {
  "campus": "BRNBY", 
  "class_nbr": 6619, 
  "component": "CAN", 
  "config": "{}", 
  "course": 13, 
  "crse_id": 11577, 
  "enrl_cap": 50, 
  "enrl_tot": 0, 
  "flags": "2", 
  "graded": true, 
  "instr_mode": "P", 
  "number": "110", 
  "owner": 4, 
  "section": "D100", 
  "semester": 11, 
  "slug": "2014su-cmpt-110-d1", 
  "subject": "CMPT", 
  "title": "Programming in Visual Basic", 
  "units": 3, 
  "wait_tot": 0
 }, 
 "model": "coredata.courseoffering", 
 "pk": 43
},
{
 "fields": {
  "campus": "BRNBY", 
  "class_nbr": 6621, 
  "component": "LEC", 
  "config": "{}", 
  "course": 14, 
  "crse_id": 14580, 
  "enrl_cap": 182, 
  "enrl_tot": 166, 
  "flags": "10", 
  "graded": true, 
  "instr_mode": "P", 
  "number": "120", 
  "owner": 4, 
  "section": "D100", 
  "semester": 11, 
  "slug": "2014su-cmpt-120-d1", 
  "subject": "CMPT", 
  "title": "Intro.Cmpt.Sci/Programming I", 
  "units": 3, 
  "wait_tot": 0
 }, 
 "model": "coredata.courseoffering", 
 "pk": 46
},
{
 "fields": {
  "campus": "BRNBY", 
  "class_nbr": 6622, 
  "component": "LEC", 
  "config": "{}", 
  "course": 9, 
  "crse_id": 14581, 
  "enrl_cap": 78, 
  "enrl_tot": 81, 
  "flags": "2", 
  "graded": true, 
  "instr_mode": "P", 
  "number": "125", 
  "owner": 4, 
  "section": "D100", 
  "semester": 11, 
  "slug": "2014su-cmpt-125-d1", 
  "subject": "CMPT", 
  "title": "Intro.Cmpt.Sci/Programming II", 
  "units": 3, 
  "wait_tot": 0
 }, 
 "model": "coredata.courseoffering", 
 "pk": 29
},
{
 "fields": {
  "campus": "BRNBY", 
  "class_nbr": 6623, 
  "component": "LEC", 
  "config": "{}", 
  "course": 15, 
  "crse_id": 14582, 
  "enrl_cap": 52, 
  "enrl_tot": 49, 
  "flags": "10", 
  "graded": true, 
  "instr_mode": "P", 
  "number": "126", 
  "owner": 4, 
  "section": "D100", 
  "semester": 11, 
  "slug": "2014su-cmpt-126-d1", 
  "subject": "CMPT", 
  "title": "Intro.Cmpt.Sci and Programming", 
  "units": 3, 
  "wait_tot": 0
 }, 
 "model": "coredata.courseoffering", 
 "pk": 47
},
{
 "fields": {
  "campus": "SURRY", 
  "class_nbr": 7033, 
  "component": "LEC", 
  "config": "{}", 
  "course": 17, 
  "crse_id": 16893, 
  "enrl_cap": 48, 
  "enrl_tot": 28, 
  "flags": "2", 
  "graded": true, 
  "instr_mode": "P", 
  "number": "135", 
  "owner": 4, 
  "section": "D100", 
  "semester": 11, 
  "slug": "2014su-cmpt-135-d1", 
  "subject": "CMPT", 
  "title": "Intro to Computer Prog II", 
  "units": 3, 
  "wait_tot": 0
 }, 
 "model": "coredata.courseoffering", 
 "pk": 49
},
{
 "fields": {
  "campus": "BRNBY", 
  "class_nbr": 6624, 
  "component": "LEC", 
  "config": "{}", 
  "course": 10, 
  "crse_id": 11555, 
  "enrl_cap": 104, 
  "enrl_tot": 103, 
  "flags": "2", 
  "graded": true, 
  "instr_mode": "P", 
  "number": "150", 
  "owner": 4, 
  "section": "D100", 
  "semester": 11, 
  "slug": "2014su-cmpt-150-d1", 
  "subject": "CMPT", 
  "title": "Intro to Computer Design", 
  "units": 3, 
  "wait_tot": 0
 }, 
 "model": "coredata.courseoffering", 
 "pk": 31
},
{
 "fields": {
  "campus": "BRNBY", 
  "class_nbr": 6888, 
  "component": "SEC", 
  "config": "{\"url\":\"http://www.cs.sfu.ca/CC/165/common/\",\"taemail\":\"cmpt-165-contact@sfu.ca\",\"labtut\":true}", 
  "course": 5, 
  "crse_id": 11547, 
  "enrl_cap": 75, 
  "enrl_tot": 74, 
  "flags": "8", 
  "graded": true, 
  "instr_mode": "DE", 
  "number": "165", 
  "owner": 4, 
  "section": "C100", 
  "semester": 11, 
  "slug": "2014su-cmpt-165-c1", 
  "subject": "CMPT", 
  "title": "Intro Internet  World Wide Web", 
  "units": 3, 
  "wait_tot": 0
 }, 
 "model": "coredata.courseoffering", 
 "pk": 16
},
{
 "fields": {
  "campus": "BRNBY", 
  "class_nbr": 6889, 
  "component": "SEC", 
  "config": "{}", 
  "course": 5, 
  "crse_id": 11547, 
  "enrl_cap": 75, 
  "enrl_tot": 74, 
  "flags": "8", 
  "graded": true, 
  "instr_mode": "DE", 
  "number": "165", 
  "owner": 4, 
  "section": "C200", 
  "semester": 11, 
  "slug": "2014su-cmpt-165-c2", 
  "subject": "CMPT", 
  "title": "Intro Internet  World Wide Web", 
  "units": 3, 
  "wait_tot": 0
 }, 
 "model": "coredata.courseoffering", 
 "pk": 17
},
{
 "fields": {
  "campus": "BRNBY", 
  "class_nbr": 6625, 
  "component": "LEC", 
  "config": "{}", 
  "course": 5, 
  "crse_id": 11547, 
  "enrl_cap": 208, 
  "enrl_tot": 206, 
  "flags": "8", 
  "graded": true, 
  "instr_mode": "P", 
  "number": "165", 
  "owner": 4, 
  "section": "D100", 
  "semester": 11, 
  "slug": "2014su-cmpt-165-d1", 
  "subject": "CMPT", 
  "title": "Intro Internet  World Wide Web", 
  "units": 3, 
  "wait_tot": 0
 }, 
 "model": "coredata.courseoffering", 
 "pk": 18
},
{
 "fields": {
  "campus": "SURRY", 
  "class_nbr": 7036, 
  "component": "LEC", 
  "config": "{}", 
  "course": 5, 
  "crse_id": 11547, 
  "enrl_cap": 104, 
  "enrl_tot": 98, 
  "flags": "8", 
  "graded": true, 
  "instr_mode": "P", 
  "number": "165", 
  "owner": 4, 
  "section": "D200", 
  "semester": 11, 
  "slug": "2014su-cmpt-165-d2", 
  "subject": "CMPT", 
  "title": "Intro Internet  World Wide Web", 
  "units": 3, 
  "wait_tot": 0
 }, 
 "model": "coredata.courseoffering", 
 "pk": 19
},
{
 "fields": {
  "campus": "SURRY", 
  "class_nbr": 7039, 
  "component": "LEC", 
  "config": "{}", 
  "course": 18, 
  "crse_id": 16684, 
  "enrl_cap": 48, 
  "enrl_tot": 43, 
  "flags": "10", 
  "graded": true, 
  "instr_mode": "P", 
  "number": "166", 
  "owner": 4, 
  "section": "D100", 
  "semester": 11, 
  "slug": "2014su-cmpt-166-d1", 
  "subject": "CMPT", 
  "title": "Animated Intro to Programming", 
  "units": 3, 
  "wait_tot": 0
 }, 
 "model": "coredata.courseoffering", 
 "pk": 51
},
{
 "fields": {
  "campus": "SURRY", 
  "class_nbr": 7043, 
  "component": "LEC", 
  "config": "{}", 
  "course": 6, 
  "crse_id": 14584, 
  "enrl_cap": 107, 
  "enrl_tot": 107, 
  "flags": "2", 
  "graded": true, 
  "instr_mode": "P", 
  "number": "225", 
  "owner": 4, 
  "section": "D200", 
  "semester": 11, 
  "slug": "2014su-cmpt-225-d2", 
  "subject": "CMPT", 
  "title": "Data Structures/Programming", 
  "units": 3, 
  "wait_tot": 0
 }, 
 "model": "coredata.courseoffering", 
 "pk": 22
},
{
 "fields": {
  "campus": "VANCR", 
  "class_nbr": 6931, 
  "component": "LEC", 
  "config": "{}", 
  "course": 6, 
  "crse_id": 14584, 
  "enrl_cap": 65, 
  "enrl_tot": 65, 
  "flags": "2", 
  "graded": true, 
  "instr_mode": "P", 
  "number": "225", 
  "owner": 4, 
  "section": "E100", 
  "semester": 11, 
  "slug": "2014su-cmpt-225-e1", 
  "subject": "CMPT", 
  "title": "Data Structures/Programming", 
  "units": 3, 
  "wait_tot": 0
 }, 
 "model": "coredata.courseoffering", 
 "pk": 23
},
{
 "fields": {
  "campus": "BRNBY", 
  "class_nbr": 6628, 
  "component": "LEC", 
  "config": "{}", 
  "course": 19, 
  "crse_id": 11520, 
  "enrl_cap": 96, 
  "enrl_tot": 95, 
  "flags": "0", 
  "graded": true, 
  "instr_mode": "P", 
  "number": "275", 
  "owner": 4, 
  "section": "D100", 
  "semester": 11, 
  "slug": "2014su-cmpt-275-d1", 
  "subject": "CMPT", 
  "title": "Software Engineering I", 
  "units": 4, 
  "wait_tot": 0
 }, 
 "model": "coredata.courseoffering", 
 "pk": 53
},
{
 "fields": {
  "campus": "BRNBY", 
  "class_nbr": 1508, 
  "component": "LEC", 
  "config": "{}", 
  "course": 2, 
  "crse_id": 15800, 
  "enrl_cap": 180, 
  "enrl_tot": 160, 
  "flags": "0", 
  "graded": true, 
  "instr_mode": "P", 
  "number": "215", 
  "owner": 3, 
  "section": "D100", 
  "semester": 11, 
  "slug": "2014su-ensc-215-d1", 
  "subject": "ENSC", 
  "title": "Microcontrollers/Assembly Prog", 
  "units": 3, 
  "wait_tot": 0
 }, 
 "model": "coredata.courseoffering", 
 "pk": 2
},
{
 "fields": {
  "campus": "BRNBY", 
  "class_nbr": 1270, 
  "component": "LEC", 
  "config": "{}", 
  "course": 7, 
  "crse_id": 8150, 
  "enrl_cap": 75, 
  "enrl_tot": 50, 
  "flags": "2", 
  "graded": true, 
  "instr_mode": "P", 
  "number": "225", 
  "owner": 3, 
  "section": "D100", 
  "semester": 11, 
  "slug": "2014su-ensc-225-d1", 
  "subject": "ENSC", 
  "title": "Microelectronics I", 
  "units": 4, 
  "wait_tot": 0
 }, 
 "model": "coredata.courseoffering", 
 "pk": 25
},
{
 "fields": {
  "campus": "BRNBY", 
  "class_nbr": 1272, 
  "component": "SEC", 
  "config": "{}", 
  "course": 11, 
  "crse_id": 8126, 
  "enrl_cap": 50, 
  "enrl_tot": 26, 
  "flags": "0", 
  "graded": true, 
  "instr_mode": "CO", 
  "number": "295", 
  "owner": 3, 
  "section": "D100", 
  "semester": 11, 
  "slug": "2014su-ensc-295-d1", 
  "subject": "ENSC", 
  "title": "Industrial Internship II", 
  "units": 3, 
  "wait_tot": 0
 }, 
 "model": "coredata.courseoffering", 
 "pk": 38
},
{
 "fields": {
  "campus": "OFFST", 
  "class_nbr": 1350, 
  "component": "SEC", 
  "config": "{}", 
  "course": 11, 
  "crse_id": 8126, 
  "enrl_cap": 20, 
  "enrl_tot": 4, 
  "flags": "0", 
  "graded": true, 
  "instr_mode": "CO", 
  "number": "295", 
  "owner": 3, 
  "section": "D200", 
  "semester": 11, 
  "slug": "2014su-ensc-295-d2", 
  "subject": "ENSC", 
  "title": "Industrial Internship II", 
  "units": 3, 
  "wait_tot": 0
 }, 
 "model": "coredata.courseoffering", 
 "pk": 39
},
{
 "fields": {
  "config": "{}", 
  "number": "102", 
  "slug": "cmpt-102", 
  "subject": "CMPT", 
  "title": "Scientific Computer Prog."
 }, 
 "model": "coredata.course", 
 "pk": 1
},
{
 "fields": {
  "config": "{}", 
  "number": "106", 
  "slug": "cmpt-106", 
  "subject": "CMPT", 
  "title": "Science, Technology and Soc."
 }, 
 "model": "coredata.course", 
 "pk": 12
},
{
 "fields": {
  "config": "{}", 
  "number": "110", 
  "slug": "cmpt-110", 
  "subject": "CMPT", 
  "title": "Programming in Visual Basic"
 }, 
 "model": "coredata.course", 
 "pk": 13
},
{
 "fields": {
  "config": "{}", 
  "number": "120", 
  "slug": "cmpt-120", 
  "subject": "CMPT", 
  "title": "Intro.Cmpt.Sci/Programming I"
 }, 
 "model": "coredata.course", 
 "pk": 14
},
{
 "fields": {
  "config": "{}", 
  "number": "125", 
  "slug": "cmpt-125", 
  "subject": "CMPT", 
  "title": "Intro.Cmpt.Sci/Programming II"
 }, 
 "model": "coredata.course", 
 "pk": 9
},
{
 "fields": {
  "config": "{}", 
  "number": "126", 
  "slug": "cmpt-126", 
  "subject": "CMPT", 
  "title": "Intro.Cmpt.Sci and Programming"
 }, 
 "model": "coredata.course", 
 "pk": 15
},
{
 "fields": {
  "config": "{}", 
  "number": "127", 
  "slug": "cmpt-127", 
  "subject": "CMPT", 
  "title": "Computing Laboratory"
 }, 
 "model": "coredata.course", 
 "pk": 3
},
{
 "fields": {
  "config": "{}", 
  "number": "128", 
  "slug": "cmpt-128", 
  "subject": "CMPT", 
  "title": "Intro. Cmpt.Sci/Prgm/Engineers"
 }, 
 "model": "coredata.course", 
 "pk": 4
},
{
 "fields": {
  "config": "{}", 
  "number": "130", 
  "slug": "cmpt-130", 
  "subject": "CMPT", 
  "title": "Intro to Computer Prog I"
 }, 
 "model": "coredata.course", 
 "pk": 16
},
{
 "fields": {
  "config": "{}", 
  "number": "135", 
  "slug": "cmpt-135", 
  "subject": "CMPT", 
  "title": "Intro to Computer Prog II"
 }, 
 "model": "coredata.course", 
 "pk": 17
},
{
 "fields": {
  "config": "{}", 
  "number": "150", 
  "slug": "cmpt-150", 
  "subject": "CMPT", 
  "title": "Intro to Computer Design"
 }, 
 "model": "coredata.course", 
 "pk": 10
},
{
 "fields": {
  "config": "{}", 
  "number": "165", 
  "slug": "cmpt-165", 
  "subject": "CMPT", 
  "title": "Intro Internet  World Wide Web"
 }, 
 "model": "coredata.course", 
 "pk": 5
},
{
 "fields": {
  "config": "{}", 
  "number": "166", 
  "slug": "cmpt-166", 
  "subject": "CMPT", 
  "title": "Animated Intro to Programming"
 }, 
 "model": "coredata.course", 
 "pk": 18
},
{
 "fields": {
  "config": "{}", 
  "number": "225", 
  "slug": "cmpt-225", 
  "subject": "CMPT", 
  "title": "Data Structures/Programming"
 }, 
 "model": "coredata.course", 
 "pk": 6
},
{
 "fields": {
  "config": "{}", 
  "number": "250", 
  "slug": "cmpt-250", 
  "subject": "CMPT", 
  "title": "Intro to Computer Architecture"
 }, 
 "model": "coredata.course", 
 "pk": 8
},
{
 "fields": {
  "config": "{}", 
  "number": "275", 
  "slug": "cmpt-275", 
  "subject": "CMPT", 
  "title": "Software Engineering I"
 }, 
 "model": "coredata.course", 
 "pk": 19
},
{
 "fields": {
  "config": "{}", 
  "number": "215", 
  "slug": "ensc-215", 
  "subject": "ENSC", 
  "title": "Microcontrollers/Assembly Prog"
 }, 
 "model": "coredata.course", 
 "pk": 2
},
{
 "fields": {
  "config": "{}", 
  "number": "225", 
  "slug": "ensc-225", 
  "subject": "ENSC", 
  "title": "Microelectronics I"
 }, 
 "model": "coredata.course", 
 "pk": 7
},
{
 "fields": {
  "config": "{}", 
  "number": "295", 
  "slug": "ensc-295", 
  "subject": "ENSC", 
  "title": "Industrial Internship II"
 }, 
 "model": "coredata.course", 
 "pk": 11
},
{
 "fields": {
  "end_day": "2015-08-10", 
  "end_time": "17:00:00", 
  "exam": false, 
  "labtut_section": null, 
  "meeting_type": "LEC", 
  "offering": 32, 
  "room": "", 
  "start_day": "2015-05-11", 
  "start_time": "08:30:00", 
  "weekday": 0
 }, 
 "model": "coredata.meetingtime", 
 "pk": 1
},
{
 "fields": {
  "end_day": "2015-08-10", 
  "end_time": "17:00:00", 
  "exam": false, 
  "labtut_section": null, 
  "meeting_type": "LEC", 
  "offering": 33, 
  "room": "", 
  "start_day": "2015-05-11", 
  "start_time": "08:30:00", 
  "weekday": 0
 }, 
 "model": "coredata.meetingtime", 
 "pk": 6
},
{
 "fields": {
  "end_day": "2015-04-13", 
  "end_time": "17:00:00", 
  "exam": false, 
  "labtut_section": null, 
  "meeting_type": "LEC", 
  "offering": 34, 
  "room": "", 
  "start_day": "2015-01-06", 
  "start_time": "08:30:00", 
  "weekday": 0
 }, 
 "model": "coredata.meetingtime", 
 "pk": 11
},
{
 "fields": {
  "end_day": "2015-04-13", 
  "end_time": "17:00:00", 
  "exam": false, 
  "labtut_section": null, 
  "meeting_type": "LEC", 
  "offering": 35, 
  "room": "", 
  "start_day": "2015-01-06", 
  "start_time": "08:30:00", 
  "weekday": 0
 }, 
 "model": "coredata.meetingtime", 
 "pk": 16
},
{
 "fields": {
  "end_day": "2014-12-01", 
  "end_time": "12:20:00", 
  "exam": false, 
  "labtut_section": null, 
  "meeting_type": "LEC", 
  "offering": 40, 
  "room": "SUR5140", 
  "start_day": "2014-09-02", 
  "start_time": "11:30:00", 
  "weekday": 0
 }, 
 "model": "coredata.meetingtime", 
 "pk": 23
},
{
 "fields": {
  "end_day": "2014-12-01", 
  "end_time": "12:20:00", 
  "exam": false, 
  "labtut_section": null, 
  "meeting_type": "LEC", 
  "offering": 41, 
  "room": "WMC3210", 
  "start_day": "2014-09-02", 
  "start_time": "11:30:00", 
  "weekday": 0
 }, 
 "model": "coredata.meetingtime", 
 "pk": 29
},
{
 "fields": {
  "end_day": "2014-12-01", 
  "end_time": "12:20:00", 
  "exam": false, 
  "labtut_section": null, 
  "meeting_type": "LEC", 
  "offering": 44, 
  "room": "AQ3181", 
  "start_day": "2014-09-02", 
  "start_time": "11:30:00", 
  "weekday": 0
 }, 
 "model": "coredata.meetingtime", 
 "pk": 32
},
{
 "fields": {
  "end_day": "2014-12-01", 
  "end_time": "15:20:00", 
  "exam": false, 
  "labtut_section": null, 
  "meeting_type": "LEC", 
  "offering": 45, 
  "room": "EDB7618", 
  "start_day": "2014-09-02", 
  "start_time": "14:30:00", 
  "weekday": 0
 }, 
 "model": "coredata.meetingtime", 
 "pk": 42
},
{
 "fields": {
  "end_day": "2014-12-01", 
  "end_time": "10:20:00", 
  "exam": false, 
  "labtut_section": null, 
  "meeting_type": "LEC", 
  "offering": 28, 
  "room": "C9002", 
  "start_day": "2014-09-02", 
  "start_time": "09:30:00", 
  "weekday": 0
 }, 
 "model": "coredata.meetingtime", 
 "pk": 52
},
{
 "fields": {
  "end_day": "2014-12-01", 
  "end_time": "15:20:00", 
  "exam": false, 
  "labtut_section": "LAB1", 
  "meeting_type": "LAB", 
  "offering": 3, 
  "room": "ASB9838", 
  "start_day": "2014-09-02", 
  "start_time": "12:30:00", 
  "weekday": 0
 }, 
 "model": "coredata.meetingtime", 
 "pk": 59
},
{
 "fields": {
  "end_day": "2014-12-01", 
  "end_time": "16:20:00", 
  "exam": false, 
  "labtut_section": "LAB2", 
  "meeting_type": "LAB", 
  "offering": 3, 
  "room": "ASB9838", 
  "start_day": "2014-09-02", 
  "start_time": "13:30:00", 
  "weekday": 0
 }, 
 "model": "coredata.meetingtime", 
 "pk": 60
},
{
 "fields": {
  "end_day": "2014-12-01", 
  "end_time": "15:20:00", 
  "exam": false, 
  "labtut_section": "LAB1", 
  "meeting_type": "LAB", 
  "offering": 4, 
  "room": "ASB9838", 
  "start_day": "2014-09-02", 
  "start_time": "12:30:00", 
  "weekday": 0
 }, 
 "model": "coredata.meetingtime", 
 "pk": 61
},
{
 "fields": {
  "end_day": "2014-12-01", 
  "end_time": "16:20:00", 
  "exam": false, 
  "labtut_section": "LAB2", 
  "meeting_type": "LAB", 
  "offering": 4, 
  "room": "ASB9838", 
  "start_day": "2014-09-02", 
  "start_time": "13:30:00", 
  "weekday": 0
 }, 
 "model": "coredata.meetingtime", 
 "pk": 62
},
{
 "fields": {
  "end_day": "2014-12-01", 
  "end_time": "15:20:00", 
  "exam": false, 
  "labtut_section": "LAB1", 
  "meeting_type": "LAB", 
  "offering": 5, 
  "room": "ASB9838", 
  "start_day": "2014-09-02", 
  "start_time": "12:30:00", 
  "weekday": 0
 }, 
 "model": "coredata.meetingtime", 
 "pk": 69
},
{
 "fields": {
  "end_day": "2014-12-01", 
  "end_time": "16:20:00", 
  "exam": false, 
  "labtut_section": "LAB2", 
  "meeting_type": "LAB", 
  "offering": 5, 
  "room": "ASB9838", 
  "start_day": "2014-09-02", 
  "start_time": "13:30:00", 
  "weekday": 0
 }, 
 "model": "coredata.meetingtime", 
 "pk": 70
},
{
 "fields": {
  "end_day": "2014-12-01", 
  "end_time": "15:20:00", 
  "exam": false, 
  "labtut_section": "LAB1", 
  "meeting_type": "LAB", 
  "offering": 6, 
  "room": "ASB9838", 
  "start_day": "2014-09-02", 
  "start_time": "12:30:00", 
  "weekday": 0
 }, 
 "model": "coredata.meetingtime", 
 "pk": 73
},
{
 "fields": {
  "end_day": "2014-12-01", 
  "end_time": "16:20:00", 
  "exam": false, 
  "labtut_section": "LAB2", 
  "meeting_type": "LAB", 
  "offering": 6, 
  "room": "ASB9838", 
  "start_day": "2014-09-02", 
  "start_time": "13:30:00", 
  "weekday": 0
 }, 
 "model": "coredata.meetingtime", 
 "pk": 74
},
{
 "fields": {
  "end_day": "2014-12-01", 
  "end_time": "15:20:00", 
  "exam": false, 
  "labtut_section": "LAB1", 
  "meeting_type": "LAB", 
  "offering": 7, 
  "room": "ASB9838", 
  "start_day": "2014-09-02", 
  "start_time": "12:30:00", 
  "weekday": 0
 }, 
 "model": "coredata.meetingtime", 
 "pk": 79
},
{
 "fields": {
  "end_day": "2014-12-01", 
  "end_time": "16:20:00", 
  "exam": false, 
  "labtut_section": "LAB2", 
  "meeting_type": "LAB", 
  "offering": 7, 
  "room": "ASB9838", 
  "start_day": "2014-09-02", 
  "start_time": "13:30:00", 
  "weekday": 0
 }, 
 "model": "coredata.meetingtime", 
 "pk": 80
},
{
 "fields": {
  "end_day": "2014-12-01", 
  "end_time": "15:20:00", 
  "exam": false, 
  "labtut_section": "LAB1", 
  "meeting_type": "LAB", 
  "offering": 8, 
  "room": "ASB9838", 
  "start_day": "2014-09-02", 
  "start_time": "12:30:00", 
  "weekday": 0
 }, 
 "model": "coredata.meetingtime", 
 "pk": 85
},
{
 "fields": {
  "end_day": "2014-12-01", 
  "end_time": "16:20:00", 
  "exam": false, 
  "labtut_section": "LAB2", 
  "meeting_type": "LAB", 
  "offering": 8, 
  "room": "ASB9838", 
  "start_day": "2014-09-02", 
  "start_time": "13:30:00", 
  "weekday": 0
 }, 
 "model": "coredata.meetingtime", 
 "pk": 86
},
{
 "fields": {
  "end_day": "2014-12-01", 
  "end_time": "13:20:00", 
  "exam": false, 
  "labtut_section": null, 
  "meeting_type": "LEC", 
  "offering": 9, 
  "room": "AQ3150", 
  "start_day": "2014-09-02", 
  "start_time": "12:30:00", 
  "weekday": 0
 }, 
 "model": "coredata.meetingtime", 
 "pk": 91
},
{
 "fields": {
  "end_day": "2014-12-01", 
  "end_time": "16:20:00", 
  "exam": false, 
  "labtut_section": null, 
  "meeting_type": "LEC", 
  "offering": 10, 
  "room": "AQ3182", 
  "start_day": "2014-09-02", 
  "start_time": "15:30:00", 
  "weekday": 0
 }, 
 "model": "coredata.meetingtime", 
 "pk": 103
},
{
 "fields": {
  "end_day": "2014-12-01", 
  "end_time": "11:20:00", 
  "exam": false, 
  "labtut_section": null, 
  "meeting_type": "LEC", 
  "offering": 48, 
  "room": "SUR5280", 
  "start_day": "2014-09-02", 
  "start_time": "10:30:00", 
  "weekday": 0
 }, 
 "model": "coredata.meetingtime", 
 "pk": 109
},
{
 "fields": {
  "end_day": "2014-12-01", 
  "end_time": "16:20:00", 
  "exam": false, 
  "labtut_section": null, 
  "meeting_type": "LEC", 
  "offering": 30, 
  "room": "EDB7618", 
  "start_day": "2014-09-02", 
  "start_time": "15:30:00", 
  "weekday": 0
 }, 
 "model": "coredata.meetingtime", 
 "pk": 117
},
{
 "fields": {
  "end_day": "2014-12-01", 
  "end_time": "13:20:00", 
  "exam": false, 
  "labtut_section": null, 
  "meeting_type": "LEC", 
  "offering": 14, 
  "room": "WMC3520", 
  "start_day": "2014-09-02", 
  "start_time": "12:30:00", 
  "weekday": 0
 }, 
 "model": "coredata.meetingtime", 
 "pk": 127
},
{
 "fields": {
  "end_day": "2014-12-01", 
  "end_time": "10:20:00", 
  "exam": false, 
  "labtut_section": null, 
  "meeting_type": "LEC", 
  "offering": 15, 
  "room": "SUR3090", 
  "start_day": "2014-09-02", 
  "start_time": "09:30:00", 
  "weekday": 0
 }, 
 "model": "coredata.meetingtime", 
 "pk": 132
},
{
 "fields": {
  "end_day": "2014-12-01", 
  "end_time": "10:20:00", 
  "exam": false, 
  "labtut_section": null, 
  "meeting_type": "LEC", 
  "offering": 50, 
  "room": "SUR5280", 
  "start_day": "2014-09-02", 
  "start_time": "09:30:00", 
  "weekday": 0
 }, 
 "model": "coredata.meetingtime", 
 "pk": 137
},
{
 "fields": {
  "end_day": "2014-12-01", 
  "end_time": "11:20:00", 
  "exam": false, 
  "labtut_section": "D101", 
  "meeting_type": "LAB", 
  "offering": 50, 
  "room": "SUR4050", 
  "start_day": "2014-09-02", 
  "start_time": "10:30:00", 
  "weekday": 0
 }, 
 "model": "coredata.meetingtime", 
 "pk": 140
},
{
 "fields": {
  "end_day": "2014-12-01", 
  "end_time": "12:20:00", 
  "exam": false, 
  "labtut_section": "D102", 
  "meeting_type": "LAB", 
  "offering": 50, 
  "room": "SUR4050", 
  "start_day": "2014-09-02", 
  "start_time": "11:30:00", 
  "weekday": 0
 }, 
 "model": "coredata.meetingtime", 
 "pk": 141
},
{
 "fields": {
  "end_day": "2014-12-01", 
  "end_time": "13:20:00", 
  "exam": false, 
  "labtut_section": "D103", 
  "meeting_type": "LAB", 
  "offering": 50, 
  "room": "SUR4050", 
  "start_day": "2014-09-02", 
  "start_time": "12:30:00", 
  "weekday": 0
 }, 
 "model": "coredata.meetingtime", 
 "pk": 142
},
{
 "fields": {
  "end_day": "2014-12-01", 
  "end_time": "14:20:00", 
  "exam": false, 
  "labtut_section": "D104", 
  "meeting_type": "LAB", 
  "offering": 50, 
  "room": "SUR4050", 
  "start_day": "2014-09-02", 
  "start_time": "13:30:00", 
  "weekday": 0
 }, 
 "model": "coredata.meetingtime", 
 "pk": 143
},
{
 "fields": {
  "end_day": "2014-12-01", 
  "end_time": "15:20:00", 
  "exam": false, 
  "labtut_section": "D105", 
  "meeting_type": "LAB", 
  "offering": 50, 
  "room": "SUR4050", 
  "start_day": "2014-09-02", 
  "start_time": "14:30:00", 
  "weekday": 0
 }, 
 "model": "coredata.meetingtime", 
 "pk": 144
},
{
 "fields": {
  "end_day": "2014-12-01", 
  "end_time": "11:20:00", 
  "exam": false, 
  "labtut_section": null, 
  "meeting_type": "LEC", 
  "offering": 20, 
  "room": "AQ3154", 
  "start_day": "2014-09-02", 
  "start_time": "10:30:00", 
  "weekday": 0
 }, 
 "model": "coredata.meetingtime", 
 "pk": 147
},
{
 "fields": {
  "end_day": "2014-12-01", 
  "end_time": "11:20:00", 
  "exam": false, 
  "labtut_section": null, 
  "meeting_type": "LEC", 
  "offering": 21, 
  "room": "SUR5140", 
  "start_day": "2014-09-02", 
  "start_time": "10:30:00", 
  "weekday": 0
 }, 
 "model": "coredata.meetingtime", 
 "pk": 152
},
{
 "fields": {
  "end_day": "2014-12-01", 
  "end_time": "14:20:00", 
  "exam": false, 
  "labtut_section": null, 
  "meeting_type": "LEC", 
  "offering": 26, 
  "room": "C9001", 
  "start_day": "2014-09-02", 
  "start_time": "13:30:00", 
  "weekday": 0
 }, 
 "model": "coredata.meetingtime", 
 "pk": 159
},
{
 "fields": {
  "end_day": "2014-12-01", 
  "end_time": "12:20:00", 
  "exam": false, 
  "labtut_section": null, 
  "meeting_type": "LEC", 
  "offering": 27, 
  "room": "SUR5280", 
  "start_day": "2014-09-02", 
  "start_time": "11:30:00", 
  "weekday": 0
 }, 
 "model": "coredata.meetingtime", 
 "pk": 169
},
{
 "fields": {
  "end_day": "2014-12-01", 
  "end_time": "17:00:00", 
  "exam": false, 
  "labtut_section": null, 
  "meeting_type": "LEC", 
  "offering": 37, 
  "room": "", 
  "start_day": "2014-09-02", 
  "start_time": "08:30:00", 
  "weekday": 0
 }, 
 "model": "coredata.meetingtime", 
 "pk": 175
},
{
 "fields": {
  "end_day": "2014-12-01", 
  "end_time": "17:00:00", 
  "exam": false, 
  "labtut_section": null, 
  "meeting_type": "LEC", 
  "offering": 36, 
  "room": "", 
  "start_day": "2014-09-02", 
  "start_time": "08:30:00", 
  "weekday": 0
 }, 
 "model": "coredata.meetingtime", 
 "pk": 180
},
{
 "fields": {
  "end_day": "2014-08-01", 
  "end_time": "14:20:00", 
  "exam": false, 
  "labtut_section": null, 
  "meeting_type": "LEC", 
  "offering": 46, 
  "room": "B9200", 
  "start_day": "2014-05-05", 
  "start_time": "13:30:00", 
  "weekday": 0
 }, 
 "model": "coredata.meetingtime", 
 "pk": 187
},
{
 "fields": {
  "end_day": "2014-08-01", 
  "end_time": "11:20:00", 
  "exam": false, 
  "labtut_section": "D101", 
  "meeting_type": "LAB", 
  "offering": 29, 
  "room": "ASB9838", 
  "start_day": "2014-05-05", 
  "start_time": "10:30:00", 
  "weekday": 0
 }, 
 "model": "coredata.meetingtime", 
 "pk": 199
},
{
 "fields": {
  "end_day": "2014-08-01", 
  "end_time": "14:20:00", 
  "exam": false, 
  "labtut_section": null, 
  "meeting_type": "LEC", 
  "offering": 29, 
  "room": "C9002", 
  "start_day": "2014-05-05", 
  "start_time": "13:30:00", 
  "weekday": 0
 }, 
 "model": "coredata.meetingtime", 
 "pk": 201
},
{
 "fields": {
  "end_day": "2014-08-01", 
  "end_time": "13:20:00", 
  "exam": false, 
  "labtut_section": "D102", 
  "meeting_type": "LAB", 
  "offering": 29, 
  "room": "ASB9838", 
  "start_day": "2014-05-05", 
  "start_time": "12:30:00", 
  "weekday": 0
 }, 
 "model": "coredata.meetingtime", 
 "pk": 204
},
{
 "fields": {
  "end_day": "2014-08-01", 
  "end_time": "14:20:00", 
  "exam": false, 
  "labtut_section": null, 
  "meeting_type": "LEC", 
  "offering": 47, 
  "room": "C9002", 
  "start_day": "2014-05-05", 
  "start_time": "13:30:00", 
  "weekday": 0
 }, 
 "model": "coredata.meetingtime", 
 "pk": 206
},
{
 "fields": {
  "end_day": "2014-08-01", 
  "end_time": "11:20:00", 
  "exam": false, 
  "labtut_section": "D101", 
  "meeting_type": "LAB", 
  "offering": 47, 
  "room": "ASB9838", 
  "start_day": "2014-05-05", 
  "start_time": "10:30:00", 
  "weekday": 0
 }, 
 "model": "coredata.meetingtime", 
 "pk": 210
},
{
 "fields": {
  "end_day": "2014-08-01", 
  "end_time": "13:20:00", 
  "exam": false, 
  "labtut_section": "D102", 
  "meeting_type": "LAB", 
  "offering": 47, 
  "room": "ASB9838", 
  "start_day": "2014-05-05", 
  "start_time": "12:30:00", 
  "weekday": 0
 }, 
 "model": "coredata.meetingtime", 
 "pk": 211
},
{
 "fields": {
  "end_day": "2014-08-01", 
  "end_time": "13:20:00", 
  "exam": false, 
  "labtut_section": null, 
  "meeting_type": "LEC", 
  "offering": 49, 
  "room": "SUR3090", 
  "start_day": "2014-05-05", 
  "start_time": "12:30:00", 
  "weekday": 0
 }, 
 "model": "coredata.meetingtime", 
 "pk": 212
},
{
 "fields": {
  "end_day": "2014-08-01", 
  "end_time": "12:20:00", 
  "exam": false, 
  "labtut_section": null, 
  "meeting_type": "LEC", 
  "offering": 31, 
  "room": "AQ3150", 
  "start_day": "2014-05-05", 
  "start_time": "11:30:00", 
  "weekday": 0
 }, 
 "model": "coredata.meetingtime", 
 "pk": 218
},
{
 "fields": {
  "end_day": "2014-08-11", 
  "end_time": "18:30:00", 
  "exam": false, 
  "labtut_section": null, 
  "meeting_type": "EXAM", 
  "offering": 31, 
  "room": "", 
  "start_day": "2014-08-11", 
  "start_time": "15:30:00", 
  "weekday": 0
 }, 
 "model": "coredata.meetingtime", 
 "pk": 221
},
{
 "fields": {
  "end_day": "2014-08-01", 
  "end_time": "16:20:00", 
  "exam": false, 
  "labtut_section": null, 
  "meeting_type": "LEC", 
  "offering": 19, 
  "room": "SUR3170", 
  "start_day": "2014-05-05", 
  "start_time": "14:30:00", 
  "weekday": 0
 }, 
 "model": "coredata.meetingtime", 
 "pk": 233
},
{
 "fields": {
  "end_day": "2014-08-01", 
  "end_time": "11:20:00", 
  "exam": false, 
  "labtut_section": "D201", 
  "meeting_type": "LAB", 
  "offering": 19, 
  "room": "SUR4050", 
  "start_day": "2014-05-05", 
  "start_time": "10:30:00", 
  "weekday": 0
 }, 
 "model": "coredata.meetingtime", 
 "pk": 237
},
{
 "fields": {
  "end_day": "2014-08-01", 
  "end_time": "12:20:00", 
  "exam": false, 
  "labtut_section": "D202", 
  "meeting_type": "LAB", 
  "offering": 19, 
  "room": "SUR4050", 
  "start_day": "2014-05-05", 
  "start_time": "11:30:00", 
  "weekday": 0
 }, 
 "model": "coredata.meetingtime", 
 "pk": 238
},
{
 "fields": {
  "end_day": "2014-08-01", 
  "end_time": "13:20:00", 
  "exam": false, 
  "labtut_section": "D203", 
  "meeting_type": "LAB", 
  "offering": 19, 
  "room": "SUR4050", 
  "start_day": "2014-05-05", 
  "start_time": "12:30:00", 
  "weekday": 0
 }, 
 "model": "coredata.meetingtime", 
 "pk": 239
},
{
 "fields": {
  "end_day": "2014-08-01", 
  "end_time": "14:20:00", 
  "exam": false, 
  "labtut_section": "D204", 
  "meeting_type": "LAB", 
  "offering": 19, 
  "room": "SUR4050", 
  "start_day": "2014-05-05", 
  "start_time": "13:30:00", 
  "weekday": 0
 }, 
 "model": "coredata.meetingtime", 
 "pk": 240
},
{
 "fields": {
  "end_day": "2014-08-01", 
  "end_time": "15:20:00", 
  "exam": false, 
  "labtut_section": null, 
  "meeting_type": "LEC", 
  "offering": 51, 
  "room": "SUR3310", 
  "start_day": "2014-05-05", 
  "start_time": "14:30:00", 
  "weekday": 0
 }, 
 "model": "coredata.meetingtime", 
 "pk": 241
},
{
 "fields": {
  "end_day": "2014-08-11", 
  "end_time": "11:30:00", 
  "exam": false, 
  "labtut_section": null, 
  "meeting_type": "EXAM", 
  "offering": 53, 
  "room": "", 
  "start_day": "2014-08-11", 
  "start_time": "08:30:00", 
  "weekday": 0
 }, 
 "model": "coredata.meetingtime", 
 "pk": 258
},
{
 "fields": {
  "end_day": "2014-08-01", 
  "end_time": "16:50:00", 
  "exam": false, 
  "labtut_section": null, 
  "meeting_type": "LEC", 
  "offering": 53, 
  "room": "AQ3159", 
  "start_day": "2014-05-05", 
  "start_time": "15:30:00", 
  "weekday": 0
 }, 
 "model": "coredata.meetingtime", 
 "pk": 259
},
{
 "fields": {
  "end_day": "2014-08-01", 
  "end_time": "18:20:00", 
  "exam": false, 
  "labtut_section": null, 
  "meeting_type": "LEC", 
  "offering": 2, 
  "room": "EDB7618", 
  "start_day": "2014-05-05", 
  "start_time": "16:30:00", 
  "weekday": 0
 }, 
 "model": "coredata.meetingtime", 
 "pk": 261
},
{
 "fields": {
  "end_day": "2014-08-01", 
  "end_time": "16:20:00", 
  "exam": false, 
  "labtut_section": null, 
  "meeting_type": "LEC", 
  "offering": 25, 
  "room": "C9002", 
  "start_day": "2014-05-05", 
  "start_time": "14:30:00", 
  "weekday": 0
 }, 
 "model": "coredata.meetingtime", 
 "pk": 264
},
{
 "fields": {
  "end_day": "2014-08-01", 
  "end_time": "17:00:00", 
  "exam": false, 
  "labtut_section": null, 
  "meeting_type": "LEC", 
  "offering": 38, 
  "room": "", 
  "start_day": "2014-05-05", 
  "start_time": "08:30:00", 
  "weekday": 0
 }, 
 "model": "coredata.meetingtime", 
 "pk": 268
},
{
 "fields": {
  "end_day": "2014-08-01", 
  "end_time": "17:00:00", 
  "exam": false, 
  "labtut_section": null, 
  "meeting_type": "LEC", 
  "offering": 39, 
  "room": "", 
  "start_day": "2014-05-05", 
  "start_time": "08:30:00", 
  "weekday": 0
 }, 
 "model": "coredata.meetingtime", 
 "pk": 273
},
{
 "fields": {
  "end_day": "2015-08-10", 
  "end_time": "17:00:00", 
  "exam": false, 
  "labtut_section": null, 
  "meeting_type": "LEC", 
  "offering": 32, 
  "room": "", 
  "start_day": "2015-05-11", 
  "start_time": "08:30:00", 
  "weekday": 1
 }, 
 "model": "coredata.meetingtime", 
 "pk": 2
},
{
 "fields": {
  "end_day": "2015-08-10", 
  "end_time": "17:00:00", 
  "exam": false, 
  "labtut_section": null, 
  "meeting_type": "LEC", 
  "offering": 33, 
  "room": "", 
  "start_day": "2015-05-11", 
  "start_time": "08:30:00", 
  "weekday": 1
 }, 
 "model": "coredata.meetingtime", 
 "pk": 7
},
{
 "fields": {
  "end_day": "2015-04-13", 
  "end_time": "17:00:00", 
  "exam": false, 
  "labtut_section": null, 
  "meeting_type": "LEC", 
  "offering": 34, 
  "room": "", 
  "start_day": "2015-01-06", 
  "start_time": "08:30:00", 
  "weekday": 1
 }, 
 "model": "coredata.meetingtime", 
 "pk": 12
},
{
 "fields": {
  "end_day": "2015-04-13", 
  "end_time": "17:00:00", 
  "exam": false, 
  "labtut_section": null, 
  "meeting_type": "LEC", 
  "offering": 35, 
  "room": "", 
  "start_day": "2015-01-06", 
  "start_time": "08:30:00", 
  "weekday": 1
 }, 
 "model": "coredata.meetingtime", 
 "pk": 17
},
{
 "fields": {
  "end_day": "2014-12-01", 
  "end_time": "16:20:00", 
  "exam": false, 
  "labtut_section": null, 
  "meeting_type": "LEC", 
  "offering": 1, 
  "room": "SECB1012", 
  "start_day": "2014-09-02", 
  "start_time": "14:30:00", 
  "weekday": 1
 }, 
 "model": "coredata.meetingtime", 
 "pk": 21
},
{
 "fields": {
  "end_day": "2014-12-01", 
  "end_time": "10:20:00", 
  "exam": false, 
  "labtut_section": "D101", 
  "meeting_type": "LAB", 
  "offering": 40, 
  "room": "SUR4080", 
  "start_day": "2014-09-02", 
  "start_time": "09:30:00", 
  "weekday": 1
 }, 
 "model": "coredata.meetingtime", 
 "pk": 26
},
{
 "fields": {
  "end_day": "2014-12-01", 
  "end_time": "11:20:00", 
  "exam": false, 
  "labtut_section": "D102", 
  "meeting_type": "LAB", 
  "offering": 40, 
  "room": "SUR4080", 
  "start_day": "2014-09-02", 
  "start_time": "10:30:00", 
  "weekday": 1
 }, 
 "model": "coredata.meetingtime", 
 "pk": 27
},
{
 "fields": {
  "end_day": "2014-12-01", 
  "end_time": "12:20:00", 
  "exam": false, 
  "labtut_section": "D103", 
  "meeting_type": "LAB", 
  "offering": 40, 
  "room": "SUR4080", 
  "start_day": "2014-09-02", 
  "start_time": "11:30:00", 
  "weekday": 1
 }, 
 "model": "coredata.meetingtime", 
 "pk": 28
},
{
 "fields": {
  "end_day": "2014-12-01", 
  "end_time": "11:20:00", 
  "exam": false, 
  "labtut_section": "LAB3", 
  "meeting_type": "LAB", 
  "offering": 3, 
  "room": "ASB9838", 
  "start_day": "2014-09-02", 
  "start_time": "08:30:00", 
  "weekday": 1
 }, 
 "model": "coredata.meetingtime", 
 "pk": 55
},
{
 "fields": {
  "end_day": "2014-12-01", 
  "end_time": "12:20:00", 
  "exam": false, 
  "labtut_section": "LAB4", 
  "meeting_type": "LAB", 
  "offering": 3, 
  "room": "ASB9838", 
  "start_day": "2014-09-02", 
  "start_time": "09:30:00", 
  "weekday": 1
 }, 
 "model": "coredata.meetingtime", 
 "pk": 56
},
{
 "fields": {
  "end_day": "2014-12-01", 
  "end_time": "16:20:00", 
  "exam": false, 
  "labtut_section": "LAB5", 
  "meeting_type": "LAB", 
  "offering": 3, 
  "room": "ASB9838", 
  "start_day": "2014-09-02", 
  "start_time": "13:30:00", 
  "weekday": 1
 }, 
 "model": "coredata.meetingtime", 
 "pk": 57
},
{
 "fields": {
  "end_day": "2014-12-01", 
  "end_time": "17:20:00", 
  "exam": false, 
  "labtut_section": "LAB6", 
  "meeting_type": "LAB", 
  "offering": 3, 
  "room": "ASB9838", 
  "start_day": "2014-09-02", 
  "start_time": "14:30:00", 
  "weekday": 1
 }, 
 "model": "coredata.meetingtime", 
 "pk": 58
},
{
 "fields": {
  "end_day": "2014-12-01", 
  "end_time": "11:20:00", 
  "exam": false, 
  "labtut_section": "LAB3", 
  "meeting_type": "LAB", 
  "offering": 4, 
  "room": "ASB9838", 
  "start_day": "2014-09-02", 
  "start_time": "08:30:00", 
  "weekday": 1
 }, 
 "model": "coredata.meetingtime", 
 "pk": 63
},
{
 "fields": {
  "end_day": "2014-12-01", 
  "end_time": "12:20:00", 
  "exam": false, 
  "labtut_section": "LAB4", 
  "meeting_type": "LAB", 
  "offering": 4, 
  "room": "ASB9838", 
  "start_day": "2014-09-02", 
  "start_time": "09:30:00", 
  "weekday": 1
 }, 
 "model": "coredata.meetingtime", 
 "pk": 64
},
{
 "fields": {
  "end_day": "2014-12-01", 
  "end_time": "16:20:00", 
  "exam": false, 
  "labtut_section": "LAB5", 
  "meeting_type": "LAB", 
  "offering": 4, 
  "room": "ASB9838", 
  "start_day": "2014-09-02", 
  "start_time": "13:30:00", 
  "weekday": 1
 }, 
 "model": "coredata.meetingtime", 
 "pk": 65
},
{
 "fields": {
  "end_day": "2014-12-01", 
  "end_time": "17:20:00", 
  "exam": false, 
  "labtut_section": "LAB6", 
  "meeting_type": "LAB", 
  "offering": 4, 
  "room": "ASB9838", 
  "start_day": "2014-09-02", 
  "start_time": "14:30:00", 
  "weekday": 1
 }, 
 "model": "coredata.meetingtime", 
 "pk": 66
},
{
 "fields": {
  "end_day": "2014-12-01", 
  "end_time": "11:20:00", 
  "exam": false, 
  "labtut_section": "LAB3", 
  "meeting_type": "LAB", 
  "offering": 5, 
  "room": "ASB9838", 
  "start_day": "2014-09-02", 
  "start_time": "08:30:00", 
  "weekday": 1
 }, 
 "model": "coredata.meetingtime", 
 "pk": 67
},
{
 "fields": {
  "end_day": "2014-12-01", 
  "end_time": "12:20:00", 
  "exam": false, 
  "labtut_section": "LAB4", 
  "meeting_type": "LAB", 
  "offering": 5, 
  "room": "ASB9838", 
  "start_day": "2014-09-02", 
  "start_time": "09:30:00", 
  "weekday": 1
 }, 
 "model": "coredata.meetingtime", 
 "pk": 68
},
{
 "fields": {
  "end_day": "2014-12-01", 
  "end_time": "16:20:00", 
  "exam": false, 
  "labtut_section": "LAB5", 
  "meeting_type": "LAB", 
  "offering": 5, 
  "room": "ASB9838", 
  "start_day": "2014-09-02", 
  "start_time": "13:30:00", 
  "weekday": 1
 }, 
 "model": "coredata.meetingtime", 
 "pk": 71
},
{
 "fields": {
  "end_day": "2014-12-01", 
  "end_time": "17:20:00", 
  "exam": false, 
  "labtut_section": "LAB6", 
  "meeting_type": "LAB", 
  "offering": 5, 
  "room": "ASB9838", 
  "start_day": "2014-09-02", 
  "start_time": "14:30:00", 
  "weekday": 1
 }, 
 "model": "coredata.meetingtime", 
 "pk": 72
},
{
 "fields": {
  "end_day": "2014-12-01", 
  "end_time": "11:20:00", 
  "exam": false, 
  "labtut_section": "LAB3", 
  "meeting_type": "LAB", 
  "offering": 6, 
  "room": "ASB9838", 
  "start_day": "2014-09-02", 
  "start_time": "08:30:00", 
  "weekday": 1
 }, 
 "model": "coredata.meetingtime", 
 "pk": 75
},
{
 "fields": {
  "end_day": "2014-12-01", 
  "end_time": "12:20:00", 
  "exam": false, 
  "labtut_section": "LAB4", 
  "meeting_type": "LAB", 
  "offering": 6, 
  "room": "ASB9838", 
  "start_day": "2014-09-02", 
  "start_time": "09:30:00", 
  "weekday": 1
 }, 
 "model": "coredata.meetingtime", 
 "pk": 76
},
{
 "fields": {
  "end_day": "2014-12-01", 
  "end_time": "16:20:00", 
  "exam": false, 
  "labtut_section": "LAB5", 
  "meeting_type": "LAB", 
  "offering": 6, 
  "room": "ASB9838", 
  "start_day": "2014-09-02", 
  "start_time": "13:30:00", 
  "weekday": 1
 }, 
 "model": "coredata.meetingtime", 
 "pk": 77
},
{
 "fields": {
  "end_day": "2014-12-01", 
  "end_time": "17:20:00", 
  "exam": false, 
  "labtut_section": "LAB6", 
  "meeting_type": "LAB", 
  "offering": 6, 
  "room": "ASB9838", 
  "start_day": "2014-09-02", 
  "start_time": "14:30:00", 
  "weekday": 1
 }, 
 "model": "coredata.meetingtime", 
 "pk": 78
},
{
 "fields": {
  "end_day": "2014-12-01", 
  "end_time": "11:20:00", 
  "exam": false, 
  "labtut_section": "LAB3", 
  "meeting_type": "LAB", 
  "offering": 7, 
  "room": "ASB9838", 
  "start_day": "2014-09-02", 
  "start_time": "08:30:00", 
  "weekday": 1
 }, 
 "model": "coredata.meetingtime", 
 "pk": 81
},
{
 "fields": {
  "end_day": "2014-12-01", 
  "end_time": "12:20:00", 
  "exam": false, 
  "labtut_section": "LAB4", 
  "meeting_type": "LAB", 
  "offering": 7, 
  "room": "ASB9838", 
  "start_day": "2014-09-02", 
  "start_time": "09:30:00", 
  "weekday": 1
 }, 
 "model": "coredata.meetingtime", 
 "pk": 82
},
{
 "fields": {
  "end_day": "2014-12-01", 
  "end_time": "16:20:00", 
  "exam": false, 
  "labtut_section": "LAB5", 
  "meeting_type": "LAB", 
  "offering": 7, 
  "room": "ASB9838", 
  "start_day": "2014-09-02", 
  "start_time": "13:30:00", 
  "weekday": 1
 }, 
 "model": "coredata.meetingtime", 
 "pk": 83
},
{
 "fields": {
  "end_day": "2014-12-01", 
  "end_time": "17:20:00", 
  "exam": false, 
  "labtut_section": "LAB6", 
  "meeting_type": "LAB", 
  "offering": 7, 
  "room": "ASB9838", 
  "start_day": "2014-09-02", 
  "start_time": "14:30:00", 
  "weekday": 1
 }, 
 "model": "coredata.meetingtime", 
 "pk": 84
},
{
 "fields": {
  "end_day": "2014-12-01", 
  "end_time": "11:20:00", 
  "exam": false, 
  "labtut_section": "LAB3", 
  "meeting_type": "LAB", 
  "offering": 8, 
  "room": "ASB9838", 
  "start_day": "2014-09-02", 
  "start_time": "08:30:00", 
  "weekday": 1
 }, 
 "model": "coredata.meetingtime", 
 "pk": 87
},
{
 "fields": {
  "end_day": "2014-12-01", 
  "end_time": "12:20:00", 
  "exam": false, 
  "labtut_section": "LAB4", 
  "meeting_type": "LAB", 
  "offering": 8, 
  "room": "ASB9838", 
  "start_day": "2014-09-02", 
  "start_time": "09:30:00", 
  "weekday": 1
 }, 
 "model": "coredata.meetingtime", 
 "pk": 88
},
{
 "fields": {
  "end_day": "2014-12-01", 
  "end_time": "16:20:00", 
  "exam": false, 
  "labtut_section": "LAB5", 
  "meeting_type": "LAB", 
  "offering": 8, 
  "room": "ASB9838", 
  "start_day": "2014-09-02", 
  "start_time": "13:30:00", 
  "weekday": 1
 }, 
 "model": "coredata.meetingtime", 
 "pk": 89
},
{
 "fields": {
  "end_day": "2014-12-01", 
  "end_time": "17:20:00", 
  "exam": false, 
  "labtut_section": "LAB6", 
  "meeting_type": "LAB", 
  "offering": 8, 
  "room": "ASB9838", 
  "start_day": "2014-09-02", 
  "start_time": "14:30:00", 
  "weekday": 1
 }, 
 "model": "coredata.meetingtime", 
 "pk": 90
},
{
 "fields": {
  "end_day": "2014-12-01", 
  "end_time": "12:20:00", 
  "exam": false, 
  "labtut_section": "D103", 
  "meeting_type": "LAB", 
  "offering": 9, 
  "room": "ASB9838", 
  "start_day": "2014-09-02", 
  "start_time": "10:30:00", 
  "weekday": 1
 }, 
 "model": "coredata.meetingtime", 
 "pk": 94
},
{
 "fields": {
  "end_day": "2014-12-01", 
  "end_time": "12:20:00", 
  "exam": false, 
  "labtut_section": "D104", 
  "meeting_type": "LAB", 
  "offering": 9, 
  "room": "ASB9838", 
  "start_day": "2014-09-02", 
  "start_time": "10:30:00", 
  "weekday": 1
 }, 
 "model": "coredata.meetingtime", 
 "pk": 95
},
{
 "fields": {
  "end_day": "2014-12-01", 
  "end_time": "10:20:00", 
  "exam": false, 
  "labtut_section": "D101", 
  "meeting_type": "LAB", 
  "offering": 9, 
  "room": "ASB9838", 
  "start_day": "2014-09-02", 
  "start_time": "08:30:00", 
  "weekday": 1
 }, 
 "model": "coredata.meetingtime", 
 "pk": 96
},
{
 "fields": {
  "end_day": "2014-12-01", 
  "end_time": "10:20:00", 
  "exam": false, 
  "labtut_section": "D102", 
  "meeting_type": "LAB", 
  "offering": 9, 
  "room": "ASB9838", 
  "start_day": "2014-09-02", 
  "start_time": "08:30:00", 
  "weekday": 1
 }, 
 "model": "coredata.meetingtime", 
 "pk": 97
},
{
 "fields": {
  "end_day": "2014-12-01", 
  "end_time": "20:20:00", 
  "exam": false, 
  "labtut_section": null, 
  "meeting_type": "LEC", 
  "offering": 52, 
  "room": "SWH10041", 
  "start_day": "2014-09-02", 
  "start_time": "17:30:00", 
  "weekday": 1
 }, 
 "model": "coredata.meetingtime", 
 "pk": 174
},
{
 "fields": {
  "end_day": "2014-12-01", 
  "end_time": "17:00:00", 
  "exam": false, 
  "labtut_section": null, 
  "meeting_type": "LEC", 
  "offering": 37, 
  "room": "", 
  "start_day": "2014-09-02", 
  "start_time": "08:30:00", 
  "weekday": 1
 }, 
 "model": "coredata.meetingtime", 
 "pk": 176
},
{
 "fields": {
  "end_day": "2014-12-01", 
  "end_time": "17:00:00", 
  "exam": false, 
  "labtut_section": null, 
  "meeting_type": "LEC", 
  "offering": 36, 
  "room": "", 
  "start_day": "2014-09-02", 
  "start_time": "08:30:00", 
  "weekday": 1
 }, 
 "model": "coredata.meetingtime", 
 "pk": 181
},
{
 "fields": {
  "end_day": "2014-08-05", 
  "end_time": "18:30:00", 
  "exam": false, 
  "labtut_section": null, 
  "meeting_type": "EXAM", 
  "offering": 49, 
  "room": "SUR3310", 
  "start_day": "2014-08-05", 
  "start_time": "15:30:00", 
  "weekday": 1
 }, 
 "model": "coredata.meetingtime", 
 "pk": 215
},
{
 "fields": {
  "end_day": "2014-08-01", 
  "end_time": "10:20:00", 
  "exam": false, 
  "labtut_section": "D101", 
  "meeting_type": "LAB", 
  "offering": 31, 
  "room": "ASB9838", 
  "start_day": "2014-05-05", 
  "start_time": "09:30:00", 
  "weekday": 1
 }, 
 "model": "coredata.meetingtime", 
 "pk": 222
},
{
 "fields": {
  "end_day": "2014-08-01", 
  "end_time": "11:20:00", 
  "exam": false, 
  "labtut_section": "D102", 
  "meeting_type": "LAB", 
  "offering": 31, 
  "room": "ASB9838", 
  "start_day": "2014-05-05", 
  "start_time": "10:30:00", 
  "weekday": 1
 }, 
 "model": "coredata.meetingtime", 
 "pk": 223
},
{
 "fields": {
  "end_day": "2014-08-01", 
  "end_time": "13:20:00", 
  "exam": false, 
  "labtut_section": "D103", 
  "meeting_type": "LAB", 
  "offering": 31, 
  "room": "ASB9838", 
  "start_day": "2014-05-05", 
  "start_time": "12:30:00", 
  "weekday": 1
 }, 
 "model": "coredata.meetingtime", 
 "pk": 224
},
{
 "fields": {
  "end_day": "2014-08-01", 
  "end_time": "14:20:00", 
  "exam": false, 
  "labtut_section": "D104", 
  "meeting_type": "LAB", 
  "offering": 31, 
  "room": "ASB9838", 
  "start_day": "2014-05-05", 
  "start_time": "13:30:00", 
  "weekday": 1
 }, 
 "model": "coredata.meetingtime", 
 "pk": 225
},
{
 "fields": {
  "end_day": "2014-08-05", 
  "end_time": "15:00:00", 
  "exam": false, 
  "labtut_section": null, 
  "meeting_type": "LEC", 
  "offering": 16, 
  "room": "", 
  "start_day": "2014-08-05", 
  "start_time": "12:00:00", 
  "weekday": 1
 }, 
 "model": "coredata.meetingtime", 
 "pk": 226
},
{
 "fields": {
  "end_day": "2014-06-24", 
  "end_time": "19:50:00", 
  "exam": false, 
  "labtut_section": null, 
  "meeting_type": "MIDT", 
  "offering": 16, 
  "room": "B9201", 
  "start_day": "2014-06-24", 
  "start_time": "19:00:00", 
  "weekday": 1
 }, 
 "model": "coredata.meetingtime", 
 "pk": 227
},
{
 "fields": {
  "end_day": "2014-08-05", 
  "end_time": "15:00:00", 
  "exam": false, 
  "labtut_section": null, 
  "meeting_type": "LEC", 
  "offering": 17, 
  "room": "", 
  "start_day": "2014-08-05", 
  "start_time": "12:00:00", 
  "weekday": 1
 }, 
 "model": "coredata.meetingtime", 
 "pk": 228
},
{
 "fields": {
  "end_day": "2014-06-24", 
  "end_time": "19:50:00", 
  "exam": false, 
  "labtut_section": null, 
  "meeting_type": "MIDT", 
  "offering": 17, 
  "room": "B9201", 
  "start_day": "2014-06-24", 
  "start_time": "19:00:00", 
  "weekday": 1
 }, 
 "model": "coredata.meetingtime", 
 "pk": 229
},
{
 "fields": {
  "end_day": "2014-08-01", 
  "end_time": "13:20:00", 
  "exam": false, 
  "labtut_section": null, 
  "meeting_type": "LEC", 
  "offering": 18, 
  "room": "AQ3182", 
  "start_day": "2014-05-05", 
  "start_time": "11:30:00", 
  "weekday": 1
 }, 
 "model": "coredata.meetingtime", 
 "pk": 230
},
{
 "fields": {
  "end_day": "2014-08-05", 
  "end_time": "15:00:00", 
  "exam": false, 
  "labtut_section": null, 
  "meeting_type": "EXAM", 
  "offering": 18, 
  "room": "", 
  "start_day": "2014-08-05", 
  "start_time": "12:00:00", 
  "weekday": 1
 }, 
 "model": "coredata.meetingtime", 
 "pk": 232
},
{
 "fields": {
  "end_day": "2014-08-01", 
  "end_time": "14:20:00", 
  "exam": false, 
  "labtut_section": "D203", 
  "meeting_type": "LAB", 
  "offering": 22, 
  "room": "SUR4050", 
  "start_day": "2014-05-05", 
  "start_time": "13:30:00", 
  "weekday": 1
 }, 
 "model": "coredata.meetingtime", 
 "pk": 249
},
{
 "fields": {
  "end_day": "2014-08-01", 
  "end_time": "15:20:00", 
  "exam": false, 
  "labtut_section": "D204", 
  "meeting_type": "LAB", 
  "offering": 22, 
  "room": "SUR4050", 
  "start_day": "2014-05-05", 
  "start_time": "14:30:00", 
  "weekday": 1
 }, 
 "model": "coredata.meetingtime", 
 "pk": 250
},
{
 "fields": {
  "end_day": "2014-08-01", 
  "end_time": "16:30:00", 
  "exam": false, 
  "labtut_section": "D205", 
  "meeting_type": "LAB", 
  "offering": 22, 
  "room": "SUR4050", 
  "start_day": "2014-05-05", 
  "start_time": "15:30:00", 
  "weekday": 1
 }, 
 "model": "coredata.meetingtime", 
 "pk": 251
},
{
 "fields": {
  "end_day": "2014-08-01", 
  "end_time": "11:20:00", 
  "exam": false, 
  "labtut_section": null, 
  "meeting_type": "LEC", 
  "offering": 22, 
  "room": "SUR3170", 
  "start_day": "2014-05-05", 
  "start_time": "10:30:00", 
  "weekday": 1
 }, 
 "model": "coredata.meetingtime", 
 "pk": 252
},
{
 "fields": {
  "end_day": "2014-08-01", 
  "end_time": "12:20:00", 
  "exam": false, 
  "labtut_section": "D201", 
  "meeting_type": "LAB", 
  "offering": 22, 
  "room": "SUR4050", 
  "start_day": "2014-05-05", 
  "start_time": "11:30:00", 
  "weekday": 1
 }, 
 "model": "coredata.meetingtime", 
 "pk": 254
},
{
 "fields": {
  "end_day": "2014-08-01", 
  "end_time": "13:20:00", 
  "exam": false, 
  "labtut_section": "D202", 
  "meeting_type": "LAB", 
  "offering": 22, 
  "room": "SUR4050", 
  "start_day": "2014-05-05", 
  "start_time": "12:30:00", 
  "weekday": 1
 }, 
 "model": "coredata.meetingtime", 
 "pk": 255
},
{
 "fields": {
  "end_day": "2014-08-12", 
  "end_time": "22:00:00", 
  "exam": false, 
  "labtut_section": null, 
  "meeting_type": "EXAM", 
  "offering": 23, 
  "room": "", 
  "start_day": "2014-08-12", 
  "start_time": "19:00:00", 
  "weekday": 1
 }, 
 "model": "coredata.meetingtime", 
 "pk": 256
},
{
 "fields": {
  "end_day": "2014-08-01", 
  "end_time": "20:20:00", 
  "exam": false, 
  "labtut_section": null, 
  "meeting_type": "LEC", 
  "offering": 23, 
  "room": "HCC1800", 
  "start_day": "2014-05-05", 
  "start_time": "17:30:00", 
  "weekday": 1
 }, 
 "model": "coredata.meetingtime", 
 "pk": 257
},
{
 "fields": {
  "end_day": "2014-08-01", 
  "end_time": "17:00:00", 
  "exam": false, 
  "labtut_section": null, 
  "meeting_type": "LEC", 
  "offering": 38, 
  "room": "", 
  "start_day": "2014-05-05", 
  "start_time": "08:30:00", 
  "weekday": 1
 }, 
 "model": "coredata.meetingtime", 
 "pk": 269
},
{
 "fields": {
  "end_day": "2014-08-01", 
  "end_time": "17:00:00", 
  "exam": false, 
  "labtut_section": null, 
  "meeting_type": "LEC", 
  "offering": 39, 
  "room": "", 
  "start_day": "2014-05-05", 
  "start_time": "08:30:00", 
  "weekday": 1
 }, 
 "model": "coredata.meetingtime", 
 "pk": 274
},
{
 "fields": {
  "end_day": "2015-08-10", 
  "end_time": "17:00:00", 
  "exam": false, 
  "labtut_section": null, 
  "meeting_type": "LEC", 
  "offering": 32, 
  "room": "", 
  "start_day": "2015-05-11", 
  "start_time": "08:30:00", 
  "weekday": 2
 }, 
 "model": "coredata.meetingtime", 
 "pk": 3
},
{
 "fields": {
  "end_day": "2015-08-10", 
  "end_time": "17:00:00", 
  "exam": false, 
  "labtut_section": null, 
  "meeting_type": "LEC", 
  "offering": 33, 
  "room": "", 
  "start_day": "2015-05-11", 
  "start_time": "08:30:00", 
  "weekday": 2
 }, 
 "model": "coredata.meetingtime", 
 "pk": 8
},
{
 "fields": {
  "end_day": "2015-04-13", 
  "end_time": "17:00:00", 
  "exam": false, 
  "labtut_section": null, 
  "meeting_type": "LEC", 
  "offering": 34, 
  "room": "", 
  "start_day": "2015-01-06", 
  "start_time": "08:30:00", 
  "weekday": 2
 }, 
 "model": "coredata.meetingtime", 
 "pk": 13
},
{
 "fields": {
  "end_day": "2015-04-13", 
  "end_time": "17:00:00", 
  "exam": false, 
  "labtut_section": null, 
  "meeting_type": "LEC", 
  "offering": 35, 
  "room": "", 
  "start_day": "2015-01-06", 
  "start_time": "08:30:00", 
  "weekday": 2
 }, 
 "model": "coredata.meetingtime", 
 "pk": 18
},
{
 "fields": {
  "end_day": "2014-12-01", 
  "end_time": "12:20:00", 
  "exam": false, 
  "labtut_section": null, 
  "meeting_type": "LEC", 
  "offering": 40, 
  "room": "SUR5140", 
  "start_day": "2014-09-02", 
  "start_time": "11:30:00", 
  "weekday": 2
 }, 
 "model": "coredata.meetingtime", 
 "pk": 24
},
{
 "fields": {
  "end_day": "2014-12-01", 
  "end_time": "12:20:00", 
  "exam": false, 
  "labtut_section": null, 
  "meeting_type": "LEC", 
  "offering": 41, 
  "room": "WMC3210", 
  "start_day": "2014-09-02", 
  "start_time": "11:30:00", 
  "weekday": 2
 }, 
 "model": "coredata.meetingtime", 
 "pk": 30
},
{
 "fields": {
  "end_day": "2014-12-01", 
  "end_time": "12:20:00", 
  "exam": false, 
  "labtut_section": null, 
  "meeting_type": "LEC", 
  "offering": 44, 
  "room": "AQ3181", 
  "start_day": "2014-09-02", 
  "start_time": "11:30:00", 
  "weekday": 2
 }, 
 "model": "coredata.meetingtime", 
 "pk": 33
},
{
 "fields": {
  "end_day": "2014-12-01", 
  "end_time": "15:20:00", 
  "exam": false, 
  "labtut_section": "D101", 
  "meeting_type": "LAB", 
  "offering": 44, 
  "room": "ASB9838", 
  "start_day": "2014-09-02", 
  "start_time": "14:30:00", 
  "weekday": 2
 }, 
 "model": "coredata.meetingtime", 
 "pk": 35
},
{
 "fields": {
  "end_day": "2014-12-01", 
  "end_time": "15:20:00", 
  "exam": false, 
  "labtut_section": "D102", 
  "meeting_type": "LAB", 
  "offering": 44, 
  "room": "ASB9838", 
  "start_day": "2014-09-02", 
  "start_time": "14:30:00", 
  "weekday": 2
 }, 
 "model": "coredata.meetingtime", 
 "pk": 36
},
{
 "fields": {
  "end_day": "2014-12-01", 
  "end_time": "16:20:00", 
  "exam": false, 
  "labtut_section": "D103", 
  "meeting_type": "LAB", 
  "offering": 44, 
  "room": "ASB9838", 
  "start_day": "2014-09-02", 
  "start_time": "15:30:00", 
  "weekday": 2
 }, 
 "model": "coredata.meetingtime", 
 "pk": 37
},
{
 "fields": {
  "end_day": "2014-12-01", 
  "end_time": "16:20:00", 
  "exam": false, 
  "labtut_section": "D104", 
  "meeting_type": "LAB", 
  "offering": 44, 
  "room": "ASB9838", 
  "start_day": "2014-09-02", 
  "start_time": "15:30:00", 
  "weekday": 2
 }, 
 "model": "coredata.meetingtime", 
 "pk": 38
},
{
 "fields": {
  "end_day": "2014-12-01", 
  "end_time": "13:20:00", 
  "exam": false, 
  "labtut_section": "D105", 
  "meeting_type": "LAB", 
  "offering": 44, 
  "room": "ASB9838", 
  "start_day": "2014-09-02", 
  "start_time": "12:30:00", 
  "weekday": 2
 }, 
 "model": "coredata.meetingtime", 
 "pk": 39
},
{
 "fields": {
  "end_day": "2014-12-01", 
  "end_time": "13:20:00", 
  "exam": false, 
  "labtut_section": "D106", 
  "meeting_type": "LAB", 
  "offering": 44, 
  "room": "ASB9838", 
  "start_day": "2014-09-02", 
  "start_time": "12:30:00", 
  "weekday": 2
 }, 
 "model": "coredata.meetingtime", 
 "pk": 40
},
{
 "fields": {
  "end_day": "2014-12-01", 
  "end_time": "14:20:00", 
  "exam": false, 
  "labtut_section": "D107", 
  "meeting_type": "LAB", 
  "offering": 44, 
  "room": "ASB9838", 
  "start_day": "2014-09-02", 
  "start_time": "13:30:00", 
  "weekday": 2
 }, 
 "model": "coredata.meetingtime", 
 "pk": 41
},
{
 "fields": {
  "end_day": "2014-12-01", 
  "end_time": "15:20:00", 
  "exam": false, 
  "labtut_section": null, 
  "meeting_type": "LEC", 
  "offering": 45, 
  "room": "EDB7618", 
  "start_day": "2014-09-02", 
  "start_time": "14:30:00", 
  "weekday": 2
 }, 
 "model": "coredata.meetingtime", 
 "pk": 43
},
{
 "fields": {
  "end_day": "2014-12-01", 
  "end_time": "10:20:00", 
  "exam": false, 
  "labtut_section": null, 
  "meeting_type": "LEC", 
  "offering": 28, 
  "room": "C9002", 
  "start_day": "2014-09-02", 
  "start_time": "09:30:00", 
  "weekday": 2
 }, 
 "model": "coredata.meetingtime", 
 "pk": 53
},
{
 "fields": {
  "end_day": "2014-12-01", 
  "end_time": "13:20:00", 
  "exam": false, 
  "labtut_section": null, 
  "meeting_type": "LEC", 
  "offering": 9, 
  "room": "AQ3150", 
  "start_day": "2014-09-02", 
  "start_time": "12:30:00", 
  "weekday": 2
 }, 
 "model": "coredata.meetingtime", 
 "pk": 92
},
{
 "fields": {
  "end_day": "2014-12-01", 
  "end_time": "16:20:00", 
  "exam": false, 
  "labtut_section": null, 
  "meeting_type": "LEC", 
  "offering": 10, 
  "room": "AQ3182", 
  "start_day": "2014-09-02", 
  "start_time": "15:30:00", 
  "weekday": 2
 }, 
 "model": "coredata.meetingtime", 
 "pk": 104
},
{
 "fields": {
  "end_day": "2014-12-01", 
  "end_time": "11:20:00", 
  "exam": false, 
  "labtut_section": null, 
  "meeting_type": "LEC", 
  "offering": 48, 
  "room": "SUR5280", 
  "start_day": "2014-09-02", 
  "start_time": "10:30:00", 
  "weekday": 2
 }, 
 "model": "coredata.meetingtime", 
 "pk": 110
},
{
 "fields": {
  "end_day": "2014-12-01", 
  "end_time": "16:20:00", 
  "exam": false, 
  "labtut_section": null, 
  "meeting_type": "LEC", 
  "offering": 30, 
  "room": "EDB7618", 
  "start_day": "2014-09-02", 
  "start_time": "15:30:00", 
  "weekday": 2
 }, 
 "model": "coredata.meetingtime", 
 "pk": 118
},
{
 "fields": {
  "end_day": "2014-12-01", 
  "end_time": "13:20:00", 
  "exam": false, 
  "labtut_section": null, 
  "meeting_type": "LEC", 
  "offering": 14, 
  "room": "WMC3520", 
  "start_day": "2014-09-02", 
  "start_time": "12:30:00", 
  "weekday": 2
 }, 
 "model": "coredata.meetingtime", 
 "pk": 128
},
{
 "fields": {
  "end_day": "2014-12-01", 
  "end_time": "11:20:00", 
  "exam": false, 
  "labtut_section": "D201", 
  "meeting_type": "LAB", 
  "offering": 15, 
  "room": "SUR4050", 
  "start_day": "2014-09-02", 
  "start_time": "10:30:00", 
  "weekday": 2
 }, 
 "model": "coredata.meetingtime", 
 "pk": 130
},
{
 "fields": {
  "end_day": "2014-12-01", 
  "end_time": "12:20:00", 
  "exam": false, 
  "labtut_section": "D202", 
  "meeting_type": "LAB", 
  "offering": 15, 
  "room": "SUR4050", 
  "start_day": "2014-09-02", 
  "start_time": "11:30:00", 
  "weekday": 2
 }, 
 "model": "coredata.meetingtime", 
 "pk": 131
},
{
 "fields": {
  "end_day": "2014-12-01", 
  "end_time": "10:20:00", 
  "exam": false, 
  "labtut_section": null, 
  "meeting_type": "LEC", 
  "offering": 15, 
  "room": "SUR3090", 
  "start_day": "2014-09-02", 
  "start_time": "09:30:00", 
  "weekday": 2
 }, 
 "model": "coredata.meetingtime", 
 "pk": 133
},
{
 "fields": {
  "end_day": "2014-12-01", 
  "end_time": "13:20:00", 
  "exam": false, 
  "labtut_section": "D203", 
  "meeting_type": "LAB", 
  "offering": 15, 
  "room": "SUR4050", 
  "start_day": "2014-09-02", 
  "start_time": "12:30:00", 
  "weekday": 2
 }, 
 "model": "coredata.meetingtime", 
 "pk": 135
},
{
 "fields": {
  "end_day": "2014-12-01", 
  "end_time": "14:20:00", 
  "exam": false, 
  "labtut_section": "D204", 
  "meeting_type": "LAB", 
  "offering": 15, 
  "room": "SUR4050", 
  "start_day": "2014-09-02", 
  "start_time": "13:30:00", 
  "weekday": 2
 }, 
 "model": "coredata.meetingtime", 
 "pk": 136
},
{
 "fields": {
  "end_day": "2014-12-01", 
  "end_time": "10:20:00", 
  "exam": false, 
  "labtut_section": null, 
  "meeting_type": "LEC", 
  "offering": 50, 
  "room": "SUR5280", 
  "start_day": "2014-09-02", 
  "start_time": "09:30:00", 
  "weekday": 2
 }, 
 "model": "coredata.meetingtime", 
 "pk": 138
},
{
 "fields": {
  "end_day": "2014-12-01", 
  "end_time": "11:20:00", 
  "exam": false, 
  "labtut_section": null, 
  "meeting_type": "LEC", 
  "offering": 20, 
  "room": "AQ3154", 
  "start_day": "2014-09-02", 
  "start_time": "10:30:00", 
  "weekday": 2
 }, 
 "model": "coredata.meetingtime", 
 "pk": 148
},
{
 "fields": {
  "end_day": "2014-12-01", 
  "end_time": "11:20:00", 
  "exam": false, 
  "labtut_section": null, 
  "meeting_type": "LEC", 
  "offering": 21, 
  "room": "SUR5140", 
  "start_day": "2014-09-02", 
  "start_time": "10:30:00", 
  "weekday": 2
 }, 
 "model": "coredata.meetingtime", 
 "pk": 153
},
{
 "fields": {
  "end_day": "2014-12-01", 
  "end_time": "14:20:00", 
  "exam": false, 
  "labtut_section": "D203", 
  "meeting_type": "LAB", 
  "offering": 21, 
  "room": "SUR4080", 
  "start_day": "2014-09-02", 
  "start_time": "13:30:00", 
  "weekday": 2
 }, 
 "model": "coredata.meetingtime", 
 "pk": 155
},
{
 "fields": {
  "end_day": "2014-12-01", 
  "end_time": "15:20:00", 
  "exam": false, 
  "labtut_section": "D204", 
  "meeting_type": "LAB", 
  "offering": 21, 
  "room": "SUR4080", 
  "start_day": "2014-09-02", 
  "start_time": "14:30:00", 
  "weekday": 2
 }, 
 "model": "coredata.meetingtime", 
 "pk": 156
},
{
 "fields": {
  "end_day": "2014-12-01", 
  "end_time": "12:20:00", 
  "exam": false, 
  "labtut_section": "D201", 
  "meeting_type": "LAB", 
  "offering": 21, 
  "room": "SUR4080", 
  "start_day": "2014-09-02", 
  "start_time": "11:30:00", 
  "weekday": 2
 }, 
 "model": "coredata.meetingtime", 
 "pk": 157
},
{
 "fields": {
  "end_day": "2014-12-01", 
  "end_time": "13:20:00", 
  "exam": false, 
  "labtut_section": "D202", 
  "meeting_type": "LAB", 
  "offering": 21, 
  "room": "SUR4080", 
  "start_day": "2014-09-02", 
  "start_time": "12:30:00", 
  "weekday": 2
 }, 
 "model": "coredata.meetingtime", 
 "pk": 158
},
{
 "fields": {
  "end_day": "2014-12-01", 
  "end_time": "14:20:00", 
  "exam": false, 
  "labtut_section": null, 
  "meeting_type": "LEC", 
  "offering": 26, 
  "room": "C9001", 
  "start_day": "2014-09-02", 
  "start_time": "13:30:00", 
  "weekday": 2
 }, 
 "model": "coredata.meetingtime", 
 "pk": 160
},
{
 "fields": {
  "end_day": "2014-12-01", 
  "end_time": "12:20:00", 
  "exam": false, 
  "labtut_section": null, 
  "meeting_type": "LEC", 
  "offering": 27, 
  "room": "SUR5280", 
  "start_day": "2014-09-02", 
  "start_time": "11:30:00", 
  "weekday": 2
 }, 
 "model": "coredata.meetingtime", 
 "pk": 170
},
{
 "fields": {
  "end_day": "2014-12-01", 
  "end_time": "17:00:00", 
  "exam": false, 
  "labtut_section": null, 
  "meeting_type": "LEC", 
  "offering": 37, 
  "room": "", 
  "start_day": "2014-09-02", 
  "start_time": "08:30:00", 
  "weekday": 2
 }, 
 "model": "coredata.meetingtime", 
 "pk": 177
},
{
 "fields": {
  "end_day": "2014-12-01", 
  "end_time": "17:00:00", 
  "exam": false, 
  "labtut_section": null, 
  "meeting_type": "LEC", 
  "offering": 36, 
  "room": "", 
  "start_day": "2014-09-02", 
  "start_time": "08:30:00", 
  "weekday": 2
 }, 
 "model": "coredata.meetingtime", 
 "pk": 182
},
{
 "fields": {
  "end_day": "2014-06-25", 
  "end_time": "20:30:00", 
  "exam": false, 
  "labtut_section": null, 
  "meeting_type": "MIDT", 
  "offering": 42, 
  "room": "EDB7618", 
  "start_day": "2014-06-25", 
  "start_time": "19:00:00", 
  "weekday": 2
 }, 
 "model": "coredata.meetingtime", 
 "pk": 186
},
{
 "fields": {
  "end_day": "2014-08-01", 
  "end_time": "14:20:00", 
  "exam": false, 
  "labtut_section": null, 
  "meeting_type": "LEC", 
  "offering": 46, 
  "room": "B9200", 
  "start_day": "2014-05-05", 
  "start_time": "13:30:00", 
  "weekday": 2
 }, 
 "model": "coredata.meetingtime", 
 "pk": 188
},
{
 "fields": {
  "end_day": "2014-08-13", 
  "end_time": "18:30:00", 
  "exam": false, 
  "labtut_section": null, 
  "meeting_type": "EXAM", 
  "offering": 29, 
  "room": "", 
  "start_day": "2014-08-13", 
  "start_time": "15:30:00", 
  "weekday": 2
 }, 
 "model": "coredata.meetingtime", 
 "pk": 198
},
{
 "fields": {
  "end_day": "2014-08-01", 
  "end_time": "14:20:00", 
  "exam": false, 
  "labtut_section": null, 
  "meeting_type": "LEC", 
  "offering": 29, 
  "room": "C9002", 
  "start_day": "2014-05-05", 
  "start_time": "13:30:00", 
  "weekday": 2
 }, 
 "model": "coredata.meetingtime", 
 "pk": 202
},
{
 "fields": {
  "end_day": "2014-08-01", 
  "end_time": "10:20:00", 
  "exam": false, 
  "labtut_section": "D103", 
  "meeting_type": "LAB", 
  "offering": 29, 
  "room": "ASB9838", 
  "start_day": "2014-05-05", 
  "start_time": "09:30:00", 
  "weekday": 2
 }, 
 "model": "coredata.meetingtime", 
 "pk": 205
},
{
 "fields": {
  "end_day": "2014-08-01", 
  "end_time": "14:20:00", 
  "exam": false, 
  "labtut_section": null, 
  "meeting_type": "LEC", 
  "offering": 47, 
  "room": "C9002", 
  "start_day": "2014-05-05", 
  "start_time": "13:30:00", 
  "weekday": 2
 }, 
 "model": "coredata.meetingtime", 
 "pk": 207
},
{
 "fields": {
  "end_day": "2014-08-13", 
  "end_time": "18:30:00", 
  "exam": false, 
  "labtut_section": null, 
  "meeting_type": "EXAM", 
  "offering": 47, 
  "room": "", 
  "start_day": "2014-08-13", 
  "start_time": "15:30:00", 
  "weekday": 2
 }, 
 "model": "coredata.meetingtime", 
 "pk": 209
},
{
 "fields": {
  "end_day": "2014-08-01", 
  "end_time": "13:20:00", 
  "exam": false, 
  "labtut_section": null, 
  "meeting_type": "LEC", 
  "offering": 49, 
  "room": "SUR3090", 
  "start_day": "2014-05-05", 
  "start_time": "12:30:00", 
  "weekday": 2
 }, 
 "model": "coredata.meetingtime", 
 "pk": 213
},
{
 "fields": {
  "end_day": "2014-08-01", 
  "end_time": "12:20:00", 
  "exam": false, 
  "labtut_section": null, 
  "meeting_type": "LEC", 
  "offering": 31, 
  "room": "AQ3150", 
  "start_day": "2014-05-05", 
  "start_time": "11:30:00", 
  "weekday": 2
 }, 
 "model": "coredata.meetingtime", 
 "pk": 219
},
{
 "fields": {
  "end_day": "2014-08-01", 
  "end_time": "15:20:00", 
  "exam": false, 
  "labtut_section": null, 
  "meeting_type": "LEC", 
  "offering": 19, 
  "room": "SUR3170", 
  "start_day": "2014-05-05", 
  "start_time": "14:30:00", 
  "weekday": 2
 }, 
 "model": "coredata.meetingtime", 
 "pk": 234
},
{
 "fields": {
  "end_day": "2014-08-01", 
  "end_time": "15:20:00", 
  "exam": false, 
  "labtut_section": null, 
  "meeting_type": "LEC", 
  "offering": 51, 
  "room": "SUR3310", 
  "start_day": "2014-05-05", 
  "start_time": "14:30:00", 
  "weekday": 2
 }, 
 "model": "coredata.meetingtime", 
 "pk": 242
},
{
 "fields": {
  "end_day": "2014-08-01", 
  "end_time": "16:20:00", 
  "exam": false, 
  "labtut_section": "D101", 
  "meeting_type": "LAB", 
  "offering": 51, 
  "room": "SUR4050", 
  "start_day": "2014-05-05", 
  "start_time": "15:30:00", 
  "weekday": 2
 }, 
 "model": "coredata.meetingtime", 
 "pk": 245
},
{
 "fields": {
  "end_day": "2014-08-01", 
  "end_time": "17:20:00", 
  "exam": false, 
  "labtut_section": "D102", 
  "meeting_type": "LAB", 
  "offering": 51, 
  "room": "SUR4050", 
  "start_day": "2014-05-05", 
  "start_time": "16:30:00", 
  "weekday": 2
 }, 
 "model": "coredata.meetingtime", 
 "pk": 246
},
{
 "fields": {
  "end_day": "2014-08-01", 
  "end_time": "16:50:00", 
  "exam": false, 
  "labtut_section": null, 
  "meeting_type": "LEC", 
  "offering": 53, 
  "room": "AQ3159", 
  "start_day": "2014-05-05", 
  "start_time": "15:30:00", 
  "weekday": 2
 }, 
 "model": "coredata.meetingtime", 
 "pk": 260
},
{
 "fields": {
  "end_day": "2014-08-01", 
  "end_time": "17:20:00", 
  "exam": false, 
  "labtut_section": null, 
  "meeting_type": "LEC", 
  "offering": 2, 
  "room": "EDB7618", 
  "start_day": "2014-05-05", 
  "start_time": "16:30:00", 
  "weekday": 2
 }, 
 "model": "coredata.meetingtime", 
 "pk": 262
},
{
 "fields": {
  "end_day": "2014-08-01", 
  "end_time": "18:20:00", 
  "exam": false, 
  "labtut_section": "D101", 
  "meeting_type": "LAB", 
  "offering": 2, 
  "room": "EDB7618", 
  "start_day": "2014-05-05", 
  "start_time": "17:30:00", 
  "weekday": 2
 }, 
 "model": "coredata.meetingtime", 
 "pk": 263
},
{
 "fields": {
  "end_day": "2014-08-01", 
  "end_time": "15:20:00", 
  "exam": false, 
  "labtut_section": null, 
  "meeting_type": "LEC", 
  "offering": 25, 
  "room": "C9002", 
  "start_day": "2014-05-05", 
  "start_time": "14:30:00", 
  "weekday": 2
 }, 
 "model": "coredata.meetingtime", 
 "pk": 265
},
{
 "fields": {
  "end_day": "2014-08-01", 
  "end_time": "16:20:00", 
  "exam": false, 
  "labtut_section": "D101", 
  "meeting_type": "LAB", 
  "offering": 25, 
  "room": "C9002", 
  "start_day": "2014-05-05", 
  "start_time": "15:30:00", 
  "weekday": 2
 }, 
 "model": "coredata.meetingtime", 
 "pk": 267
},
{
 "fields": {
  "end_day": "2014-08-01", 
  "end_time": "17:00:00", 
  "exam": false, 
  "labtut_section": null, 
  "meeting_type": "LEC", 
  "offering": 38, 
  "room": "", 
  "start_day": "2014-05-05", 
  "start_time": "08:30:00", 
  "weekday": 2
 }, 
 "model": "coredata.meetingtime", 
 "pk": 270
},
{
 "fields": {
  "end_day": "2014-08-01", 
  "end_time": "17:00:00", 
  "exam": false, 
  "labtut_section": null, 
  "meeting_type": "LEC", 
  "offering": 39, 
  "room": "", 
  "start_day": "2014-05-05", 
  "start_time": "08:30:00", 
  "weekday": 2
 }, 
 "model": "coredata.meetingtime", 
 "pk": 275
},
{
 "fields": {
  "end_day": "2015-08-10", 
  "end_time": "17:00:00", 
  "exam": false, 
  "labtut_section": null, 
  "meeting_type": "LEC", 
  "offering": 32, 
  "room": "", 
  "start_day": "2015-05-11", 
  "start_time": "08:30:00", 
  "weekday": 3
 }, 
 "model": "coredata.meetingtime", 
 "pk": 4
},
{
 "fields": {
  "end_day": "2015-08-10", 
  "end_time": "17:00:00", 
  "exam": false, 
  "labtut_section": null, 
  "meeting_type": "LEC", 
  "offering": 33, 
  "room": "", 
  "start_day": "2015-05-11", 
  "start_time": "08:30:00", 
  "weekday": 3
 }, 
 "model": "coredata.meetingtime", 
 "pk": 9
},
{
 "fields": {
  "end_day": "2015-04-13", 
  "end_time": "17:00:00", 
  "exam": false, 
  "labtut_section": null, 
  "meeting_type": "LEC", 
  "offering": 34, 
  "room": "", 
  "start_day": "2015-01-06", 
  "start_time": "08:30:00", 
  "weekday": 3
 }, 
 "model": "coredata.meetingtime", 
 "pk": 14
},
{
 "fields": {
  "end_day": "2015-04-13", 
  "end_time": "17:00:00", 
  "exam": false, 
  "labtut_section": null, 
  "meeting_type": "LEC", 
  "offering": 35, 
  "room": "", 
  "start_day": "2015-01-06", 
  "start_time": "08:30:00", 
  "weekday": 3
 }, 
 "model": "coredata.meetingtime", 
 "pk": 19
},
{
 "fields": {
  "end_day": "2014-12-01", 
  "end_time": "15:20:00", 
  "exam": false, 
  "labtut_section": null, 
  "meeting_type": "LEC", 
  "offering": 1, 
  "room": "SECB1012", 
  "start_day": "2014-09-02", 
  "start_time": "14:30:00", 
  "weekday": 3
 }, 
 "model": "coredata.meetingtime", 
 "pk": 22
},
{
 "fields": {
  "end_day": "2014-12-01", 
  "end_time": "10:20:00", 
  "exam": false, 
  "labtut_section": "D202", 
  "meeting_type": "LAB", 
  "offering": 10, 
  "room": "ASB9838", 
  "start_day": "2014-09-02", 
  "start_time": "08:30:00", 
  "weekday": 3
 }, 
 "model": "coredata.meetingtime", 
 "pk": 98
},
{
 "fields": {
  "end_day": "2014-12-01", 
  "end_time": "12:20:00", 
  "exam": false, 
  "labtut_section": "D203", 
  "meeting_type": "LAB", 
  "offering": 10, 
  "room": "ASB9838", 
  "start_day": "2014-09-02", 
  "start_time": "10:30:00", 
  "weekday": 3
 }, 
 "model": "coredata.meetingtime", 
 "pk": 99
},
{
 "fields": {
  "end_day": "2014-12-01", 
  "end_time": "12:20:00", 
  "exam": false, 
  "labtut_section": "D204", 
  "meeting_type": "LAB", 
  "offering": 10, 
  "room": "ASB9838", 
  "start_day": "2014-09-02", 
  "start_time": "10:30:00", 
  "weekday": 3
 }, 
 "model": "coredata.meetingtime", 
 "pk": 100
},
{
 "fields": {
  "end_day": "2014-12-01", 
  "end_time": "16:20:00", 
  "exam": false, 
  "labtut_section": "D205", 
  "meeting_type": "LAB", 
  "offering": 10, 
  "room": "ASB9838", 
  "start_day": "2014-09-02", 
  "start_time": "14:30:00", 
  "weekday": 3
 }, 
 "model": "coredata.meetingtime", 
 "pk": 101
},
{
 "fields": {
  "end_day": "2014-12-01", 
  "end_time": "14:20:00", 
  "exam": false, 
  "labtut_section": "D208", 
  "meeting_type": "LAB", 
  "offering": 10, 
  "room": "ASB9838", 
  "start_day": "2014-09-02", 
  "start_time": "12:30:00", 
  "weekday": 3
 }, 
 "model": "coredata.meetingtime", 
 "pk": 102
},
{
 "fields": {
  "end_day": "2014-12-01", 
  "end_time": "10:20:00", 
  "exam": false, 
  "labtut_section": "D201", 
  "meeting_type": "LAB", 
  "offering": 10, 
  "room": "ASB9838", 
  "start_day": "2014-09-02", 
  "start_time": "08:30:00", 
  "weekday": 3
 }, 
 "model": "coredata.meetingtime", 
 "pk": 106
},
{
 "fields": {
  "end_day": "2014-12-01", 
  "end_time": "16:20:00", 
  "exam": false, 
  "labtut_section": "D206", 
  "meeting_type": "LAB", 
  "offering": 10, 
  "room": "ASB9838", 
  "start_day": "2014-09-02", 
  "start_time": "14:30:00", 
  "weekday": 3
 }, 
 "model": "coredata.meetingtime", 
 "pk": 107
},
{
 "fields": {
  "end_day": "2014-12-01", 
  "end_time": "14:20:00", 
  "exam": false, 
  "labtut_section": "D207", 
  "meeting_type": "LAB", 
  "offering": 10, 
  "room": "ASB9838", 
  "start_day": "2014-09-02", 
  "start_time": "12:30:00", 
  "weekday": 3
 }, 
 "model": "coredata.meetingtime", 
 "pk": 108
},
{
 "fields": {
  "end_day": "2014-12-01", 
  "end_time": "10:20:00", 
  "exam": false, 
  "labtut_section": "D101", 
  "meeting_type": "LAB", 
  "offering": 30, 
  "room": "ASB9838", 
  "start_day": "2014-09-02", 
  "start_time": "09:30:00", 
  "weekday": 3
 }, 
 "model": "coredata.meetingtime", 
 "pk": 120
},
{
 "fields": {
  "end_day": "2014-12-01", 
  "end_time": "14:20:00", 
  "exam": false, 
  "labtut_section": "D104", 
  "meeting_type": "LAB", 
  "offering": 30, 
  "room": "ASB9838", 
  "start_day": "2014-09-02", 
  "start_time": "13:30:00", 
  "weekday": 3
 }, 
 "model": "coredata.meetingtime", 
 "pk": 121
},
{
 "fields": {
  "end_day": "2014-12-01", 
  "end_time": "11:20:00", 
  "exam": false, 
  "labtut_section": "D102", 
  "meeting_type": "LAB", 
  "offering": 30, 
  "room": "ASB9838", 
  "start_day": "2014-09-02", 
  "start_time": "10:30:00", 
  "weekday": 3
 }, 
 "model": "coredata.meetingtime", 
 "pk": 122
},
{
 "fields": {
  "end_day": "2014-12-01", 
  "end_time": "13:20:00", 
  "exam": false, 
  "labtut_section": "D103", 
  "meeting_type": "LAB", 
  "offering": 30, 
  "room": "ASB9838", 
  "start_day": "2014-09-02", 
  "start_time": "12:30:00", 
  "weekday": 3
 }, 
 "model": "coredata.meetingtime", 
 "pk": 123
},
{
 "fields": {
  "end_day": "2014-12-04", 
  "end_time": "15:00:00", 
  "exam": false, 
  "labtut_section": null, 
  "meeting_type": "LEC", 
  "offering": 12, 
  "room": "", 
  "start_day": "2014-12-04", 
  "start_time": "12:00:00", 
  "weekday": 3
 }, 
 "model": "coredata.meetingtime", 
 "pk": 124
},
{
 "fields": {
  "end_day": "2014-12-04", 
  "end_time": "15:00:00", 
  "exam": false, 
  "labtut_section": null, 
  "meeting_type": "LEC", 
  "offering": 13, 
  "room": "", 
  "start_day": "2014-12-04", 
  "start_time": "12:00:00", 
  "weekday": 3
 }, 
 "model": "coredata.meetingtime", 
 "pk": 125
},
{
 "fields": {
  "end_day": "2014-12-04", 
  "end_time": "15:00:00", 
  "exam": false, 
  "labtut_section": null, 
  "meeting_type": "LEC", 
  "offering": 11, 
  "room": "", 
  "start_day": "2014-12-04", 
  "start_time": "12:00:00", 
  "weekday": 3
 }, 
 "model": "coredata.meetingtime", 
 "pk": 126
},
{
 "fields": {
  "end_day": "2014-12-01", 
  "end_time": "12:20:00", 
  "exam": false, 
  "labtut_section": "D101", 
  "meeting_type": "LAB", 
  "offering": 26, 
  "room": "ASB9838", 
  "start_day": "2014-09-02", 
  "start_time": "11:30:00", 
  "weekday": 3
 }, 
 "model": "coredata.meetingtime", 
 "pk": 162
},
{
 "fields": {
  "end_day": "2014-12-01", 
  "end_time": "13:20:00", 
  "exam": false, 
  "labtut_section": "D102", 
  "meeting_type": "LAB", 
  "offering": 26, 
  "room": "ASB9838", 
  "start_day": "2014-09-02", 
  "start_time": "12:30:00", 
  "weekday": 3
 }, 
 "model": "coredata.meetingtime", 
 "pk": 163
},
{
 "fields": {
  "end_day": "2014-12-01", 
  "end_time": "14:20:00", 
  "exam": false, 
  "labtut_section": "D103", 
  "meeting_type": "LAB", 
  "offering": 26, 
  "room": "ASB9838", 
  "start_day": "2014-09-02", 
  "start_time": "13:30:00", 
  "weekday": 3
 }, 
 "model": "coredata.meetingtime", 
 "pk": 164
},
{
 "fields": {
  "end_day": "2014-12-01", 
  "end_time": "15:20:00", 
  "exam": false, 
  "labtut_section": "D104", 
  "meeting_type": "LAB", 
  "offering": 26, 
  "room": "ASB9838", 
  "start_day": "2014-09-02", 
  "start_time": "14:30:00", 
  "weekday": 3
 }, 
 "model": "coredata.meetingtime", 
 "pk": 165
},
{
 "fields": {
  "end_day": "2014-12-01", 
  "end_time": "16:20:00", 
  "exam": false, 
  "labtut_section": "D105", 
  "meeting_type": "LAB", 
  "offering": 26, 
  "room": "ASB9838", 
  "start_day": "2014-09-02", 
  "start_time": "15:30:00", 
  "weekday": 3
 }, 
 "model": "coredata.meetingtime", 
 "pk": 166
},
{
 "fields": {
  "end_day": "2014-12-01", 
  "end_time": "17:00:00", 
  "exam": false, 
  "labtut_section": null, 
  "meeting_type": "LEC", 
  "offering": 37, 
  "room": "", 
  "start_day": "2014-09-02", 
  "start_time": "08:30:00", 
  "weekday": 3
 }, 
 "model": "coredata.meetingtime", 
 "pk": 178
},
{
 "fields": {
  "end_day": "2014-12-01", 
  "end_time": "17:00:00", 
  "exam": false, 
  "labtut_section": null, 
  "meeting_type": "LEC", 
  "offering": 36, 
  "room": "", 
  "start_day": "2014-09-02", 
  "start_time": "08:30:00", 
  "weekday": 3
 }, 
 "model": "coredata.meetingtime", 
 "pk": 183
},
{
 "fields": {
  "end_day": "2014-08-07", 
  "end_time": "18:30:00", 
  "exam": false, 
  "labtut_section": null, 
  "meeting_type": "EXAM", 
  "offering": 46, 
  "room": "", 
  "start_day": "2014-08-07", 
  "start_time": "15:30:00", 
  "weekday": 3
 }, 
 "model": "coredata.meetingtime", 
 "pk": 190
},
{
 "fields": {
  "end_day": "2014-08-01", 
  "end_time": "10:20:00", 
  "exam": false, 
  "labtut_section": "D101", 
  "meeting_type": "LAB", 
  "offering": 46, 
  "room": "ASB9838", 
  "start_day": "2014-05-05", 
  "start_time": "09:30:00", 
  "weekday": 3
 }, 
 "model": "coredata.meetingtime", 
 "pk": 193
},
{
 "fields": {
  "end_day": "2014-08-01", 
  "end_time": "11:20:00", 
  "exam": false, 
  "labtut_section": "D102", 
  "meeting_type": "LAB", 
  "offering": 46, 
  "room": "ASB9838", 
  "start_day": "2014-05-05", 
  "start_time": "10:30:00", 
  "weekday": 3
 }, 
 "model": "coredata.meetingtime", 
 "pk": 194
},
{
 "fields": {
  "end_day": "2014-08-01", 
  "end_time": "13:20:00", 
  "exam": false, 
  "labtut_section": "D103", 
  "meeting_type": "LAB", 
  "offering": 46, 
  "room": "ASB9838", 
  "start_day": "2014-05-05", 
  "start_time": "12:30:00", 
  "weekday": 3
 }, 
 "model": "coredata.meetingtime", 
 "pk": 195
},
{
 "fields": {
  "end_day": "2014-08-01", 
  "end_time": "14:20:00", 
  "exam": false, 
  "labtut_section": "D104", 
  "meeting_type": "LAB", 
  "offering": 46, 
  "room": "ASB9838", 
  "start_day": "2014-05-05", 
  "start_time": "13:30:00", 
  "weekday": 3
 }, 
 "model": "coredata.meetingtime", 
 "pk": 196
},
{
 "fields": {
  "end_day": "2014-08-01", 
  "end_time": "12:20:00", 
  "exam": false, 
  "labtut_section": null, 
  "meeting_type": "LEC", 
  "offering": 18, 
  "room": "B9200", 
  "start_day": "2014-05-05", 
  "start_time": "11:30:00", 
  "weekday": 3
 }, 
 "model": "coredata.meetingtime", 
 "pk": 231
},
{
 "fields": {
  "end_day": "2014-08-07", 
  "end_time": "15:00:00", 
  "exam": false, 
  "labtut_section": null, 
  "meeting_type": "EXAM", 
  "offering": 22, 
  "room": "SUR2995", 
  "start_day": "2014-08-07", 
  "start_time": "12:00:00", 
  "weekday": 3
 }, 
 "model": "coredata.meetingtime", 
 "pk": 247
},
{
 "fields": {
  "end_day": "2014-08-07", 
  "end_time": "15:00:00", 
  "exam": false, 
  "labtut_section": null, 
  "meeting_type": "EXAM", 
  "offering": 22, 
  "room": "SUR2600", 
  "start_day": "2014-08-07", 
  "start_time": "12:00:00", 
  "weekday": 3
 }, 
 "model": "coredata.meetingtime", 
 "pk": 248
},
{
 "fields": {
  "end_day": "2014-08-01", 
  "end_time": "11:20:00", 
  "exam": false, 
  "labtut_section": null, 
  "meeting_type": "LEC", 
  "offering": 22, 
  "room": "SUR3170", 
  "start_day": "2014-05-05", 
  "start_time": "09:30:00", 
  "weekday": 3
 }, 
 "model": "coredata.meetingtime", 
 "pk": 253
},
{
 "fields": {
  "end_day": "2014-08-01", 
  "end_time": "17:00:00", 
  "exam": false, 
  "labtut_section": null, 
  "meeting_type": "LEC", 
  "offering": 38, 
  "room": "", 
  "start_day": "2014-05-05", 
  "start_time": "08:30:00", 
  "weekday": 3
 }, 
 "model": "coredata.meetingtime", 
 "pk": 271
},
{
 "fields": {
  "end_day": "2014-08-01", 
  "end_time": "17:00:00", 
  "exam": false, 
  "labtut_section": null, 
  "meeting_type": "LEC", 
  "offering": 39, 
  "room": "", 
  "start_day": "2014-05-05", 
  "start_time": "08:30:00", 
  "weekday": 3
 }, 
 "model": "coredata.meetingtime", 
 "pk": 276
},
{
 "fields": {
  "end_day": "2015-08-10", 
  "end_time": "17:00:00", 
  "exam": false, 
  "labtut_section": null, 
  "meeting_type": "LEC", 
  "offering": 32, 
  "room": "", 
  "start_day": "2015-05-11", 
  "start_time": "08:30:00", 
  "weekday": 4
 }, 
 "model": "coredata.meetingtime", 
 "pk": 5
},
{
 "fields": {
  "end_day": "2015-08-10", 
  "end_time": "17:00:00", 
  "exam": false, 
  "labtut_section": null, 
  "meeting_type": "LEC", 
  "offering": 33, 
  "room": "", 
  "start_day": "2015-05-11", 
  "start_time": "08:30:00", 
  "weekday": 4
 }, 
 "model": "coredata.meetingtime", 
 "pk": 10
},
{
 "fields": {
  "end_day": "2015-04-13", 
  "end_time": "17:00:00", 
  "exam": false, 
  "labtut_section": null, 
  "meeting_type": "LEC", 
  "offering": 34, 
  "room": "", 
  "start_day": "2015-01-06", 
  "start_time": "08:30:00", 
  "weekday": 4
 }, 
 "model": "coredata.meetingtime", 
 "pk": 15
},
{
 "fields": {
  "end_day": "2015-04-13", 
  "end_time": "17:00:00", 
  "exam": false, 
  "labtut_section": null, 
  "meeting_type": "LEC", 
  "offering": 35, 
  "room": "", 
  "start_day": "2015-01-06", 
  "start_time": "08:30:00", 
  "weekday": 4
 }, 
 "model": "coredata.meetingtime", 
 "pk": 20
},
{
 "fields": {
  "end_day": "2014-12-01", 
  "end_time": "12:20:00", 
  "exam": false, 
  "labtut_section": null, 
  "meeting_type": "LEC", 
  "offering": 40, 
  "room": "SUR5140", 
  "start_day": "2014-09-02", 
  "start_time": "11:30:00", 
  "weekday": 4
 }, 
 "model": "coredata.meetingtime", 
 "pk": 25
},
{
 "fields": {
  "end_day": "2014-12-01", 
  "end_time": "12:20:00", 
  "exam": false, 
  "labtut_section": null, 
  "meeting_type": "LEC", 
  "offering": 41, 
  "room": "WMC3210", 
  "start_day": "2014-09-02", 
  "start_time": "11:30:00", 
  "weekday": 4
 }, 
 "model": "coredata.meetingtime", 
 "pk": 31
},
{
 "fields": {
  "end_day": "2014-12-01", 
  "end_time": "12:20:00", 
  "exam": false, 
  "labtut_section": null, 
  "meeting_type": "LEC", 
  "offering": 44, 
  "room": "AQ3181", 
  "start_day": "2014-09-02", 
  "start_time": "11:30:00", 
  "weekday": 4
 }, 
 "model": "coredata.meetingtime", 
 "pk": 34
},
{
 "fields": {
  "end_day": "2014-12-01", 
  "end_time": "15:20:00", 
  "exam": false, 
  "labtut_section": null, 
  "meeting_type": "LEC", 
  "offering": 45, 
  "room": "EDB7618", 
  "start_day": "2014-09-02", 
  "start_time": "14:30:00", 
  "weekday": 4
 }, 
 "model": "coredata.meetingtime", 
 "pk": 44
},
{
 "fields": {
  "end_day": "2014-12-01", 
  "end_time": "11:20:00", 
  "exam": false, 
  "labtut_section": "D201", 
  "meeting_type": "LAB", 
  "offering": 45, 
  "room": "ASB9838", 
  "start_day": "2014-09-02", 
  "start_time": "10:30:00", 
  "weekday": 4
 }, 
 "model": "coredata.meetingtime", 
 "pk": 45
},
{
 "fields": {
  "end_day": "2014-12-01", 
  "end_time": "12:20:00", 
  "exam": false, 
  "labtut_section": "D202", 
  "meeting_type": "LAB", 
  "offering": 45, 
  "room": "ASB9838", 
  "start_day": "2014-09-02", 
  "start_time": "11:30:00", 
  "weekday": 4
 }, 
 "model": "coredata.meetingtime", 
 "pk": 46
},
{
 "fields": {
  "end_day": "2014-12-01", 
  "end_time": "12:20:00", 
  "exam": false, 
  "labtut_section": "D203", 
  "meeting_type": "LAB", 
  "offering": 45, 
  "room": "ASB9838", 
  "start_day": "2014-09-02", 
  "start_time": "11:30:00", 
  "weekday": 4
 }, 
 "model": "coredata.meetingtime", 
 "pk": 47
},
{
 "fields": {
  "end_day": "2014-12-01", 
  "end_time": "13:20:00", 
  "exam": false, 
  "labtut_section": "D204", 
  "meeting_type": "LAB", 
  "offering": 45, 
  "room": "ASB9838", 
  "start_day": "2014-09-02", 
  "start_time": "12:30:00", 
  "weekday": 4
 }, 
 "model": "coredata.meetingtime", 
 "pk": 48
},
{
 "fields": {
  "end_day": "2014-12-01", 
  "end_time": "13:20:00", 
  "exam": false, 
  "labtut_section": "D205", 
  "meeting_type": "LAB", 
  "offering": 45, 
  "room": "ASB9838", 
  "start_day": "2014-09-02", 
  "start_time": "12:30:00", 
  "weekday": 4
 }, 
 "model": "coredata.meetingtime", 
 "pk": 49
},
{
 "fields": {
  "end_day": "2014-12-01", 
  "end_time": "14:20:00", 
  "exam": false, 
  "labtut_section": "D206", 
  "meeting_type": "LAB", 
  "offering": 45, 
  "room": "ASB9838", 
  "start_day": "2014-09-02", 
  "start_time": "13:30:00", 
  "weekday": 4
 }, 
 "model": "coredata.meetingtime", 
 "pk": 50
},
{
 "fields": {
  "end_day": "2014-12-01", 
  "end_time": "14:20:00", 
  "exam": false, 
  "labtut_section": "D207", 
  "meeting_type": "LAB", 
  "offering": 45, 
  "room": "ASB9838", 
  "start_day": "2014-09-02", 
  "start_time": "13:30:00", 
  "weekday": 4
 }, 
 "model": "coredata.meetingtime", 
 "pk": 51
},
{
 "fields": {
  "end_day": "2014-12-01", 
  "end_time": "10:20:00", 
  "exam": false, 
  "labtut_section": null, 
  "meeting_type": "LEC", 
  "offering": 28, 
  "room": "C9002", 
  "start_day": "2014-09-02", 
  "start_time": "09:30:00", 
  "weekday": 4
 }, 
 "model": "coredata.meetingtime", 
 "pk": 54
},
{
 "fields": {
  "end_day": "2014-12-01", 
  "end_time": "13:20:00", 
  "exam": false, 
  "labtut_section": null, 
  "meeting_type": "LEC", 
  "offering": 9, 
  "room": "AQ3149", 
  "start_day": "2014-09-02", 
  "start_time": "12:30:00", 
  "weekday": 4
 }, 
 "model": "coredata.meetingtime", 
 "pk": 93
},
{
 "fields": {
  "end_day": "2014-12-01", 
  "end_time": "16:20:00", 
  "exam": false, 
  "labtut_section": null, 
  "meeting_type": "LEC", 
  "offering": 10, 
  "room": "AQ3182", 
  "start_day": "2014-09-02", 
  "start_time": "15:30:00", 
  "weekday": 4
 }, 
 "model": "coredata.meetingtime", 
 "pk": 105
},
{
 "fields": {
  "end_day": "2014-12-01", 
  "end_time": "11:20:00", 
  "exam": false, 
  "labtut_section": null, 
  "meeting_type": "LEC", 
  "offering": 48, 
  "room": "SUR5280", 
  "start_day": "2014-09-02", 
  "start_time": "10:30:00", 
  "weekday": 4
 }, 
 "model": "coredata.meetingtime", 
 "pk": 111
},
{
 "fields": {
  "end_day": "2014-12-01", 
  "end_time": "12:20:00", 
  "exam": false, 
  "labtut_section": "D101", 
  "meeting_type": "LAB", 
  "offering": 48, 
  "room": "SUR4080", 
  "start_day": "2014-09-02", 
  "start_time": "11:30:00", 
  "weekday": 4
 }, 
 "model": "coredata.meetingtime", 
 "pk": 112
},
{
 "fields": {
  "end_day": "2014-12-01", 
  "end_time": "15:20:00", 
  "exam": false, 
  "labtut_section": "D104", 
  "meeting_type": "LAB", 
  "offering": 48, 
  "room": "SUR4080", 
  "start_day": "2014-09-02", 
  "start_time": "14:30:00", 
  "weekday": 4
 }, 
 "model": "coredata.meetingtime", 
 "pk": 113
},
{
 "fields": {
  "end_day": "2014-12-01", 
  "end_time": "16:20:00", 
  "exam": false, 
  "labtut_section": "D105", 
  "meeting_type": "LAB", 
  "offering": 48, 
  "room": "SUR4080", 
  "start_day": "2014-09-02", 
  "start_time": "15:30:00", 
  "weekday": 4
 }, 
 "model": "coredata.meetingtime", 
 "pk": 114
},
{
 "fields": {
  "end_day": "2014-12-01", 
  "end_time": "13:20:00", 
  "exam": false, 
  "labtut_section": "D102", 
  "meeting_type": "LAB", 
  "offering": 48, 
  "room": "SUR4080", 
  "start_day": "2014-09-02", 
  "start_time": "12:30:00", 
  "weekday": 4
 }, 
 "model": "coredata.meetingtime", 
 "pk": 115
},
{
 "fields": {
  "end_day": "2014-12-01", 
  "end_time": "14:20:00", 
  "exam": false, 
  "labtut_section": "D103", 
  "meeting_type": "LAB", 
  "offering": 48, 
  "room": "SUR4080", 
  "start_day": "2014-09-02", 
  "start_time": "13:30:00", 
  "weekday": 4
 }, 
 "model": "coredata.meetingtime", 
 "pk": 116
},
{
 "fields": {
  "end_day": "2014-12-01", 
  "end_time": "16:20:00", 
  "exam": false, 
  "labtut_section": null, 
  "meeting_type": "LEC", 
  "offering": 30, 
  "room": "EDB7618", 
  "start_day": "2014-09-02", 
  "start_time": "15:30:00", 
  "weekday": 4
 }, 
 "model": "coredata.meetingtime", 
 "pk": 119
},
{
 "fields": {
  "end_day": "2014-12-01", 
  "end_time": "13:20:00", 
  "exam": false, 
  "labtut_section": null, 
  "meeting_type": "LEC", 
  "offering": 14, 
  "room": "WMC3520", 
  "start_day": "2014-09-02", 
  "start_time": "12:30:00", 
  "weekday": 4
 }, 
 "model": "coredata.meetingtime", 
 "pk": 129
},
{
 "fields": {
  "end_day": "2014-12-01", 
  "end_time": "10:20:00", 
  "exam": false, 
  "labtut_section": null, 
  "meeting_type": "LEC", 
  "offering": 15, 
  "room": "SUR3090", 
  "start_day": "2014-09-02", 
  "start_time": "09:30:00", 
  "weekday": 4
 }, 
 "model": "coredata.meetingtime", 
 "pk": 134
},
{
 "fields": {
  "end_day": "2014-12-01", 
  "end_time": "10:20:00", 
  "exam": false, 
  "labtut_section": null, 
  "meeting_type": "LEC", 
  "offering": 50, 
  "room": "SUR5280", 
  "start_day": "2014-09-02", 
  "start_time": "09:30:00", 
  "weekday": 4
 }, 
 "model": "coredata.meetingtime", 
 "pk": 139
},
{
 "fields": {
  "end_day": "2014-12-01", 
  "end_time": "12:20:00", 
  "exam": false, 
  "labtut_section": "D102", 
  "meeting_type": "LAB", 
  "offering": 20, 
  "room": "ASB9838", 
  "start_day": "2014-09-02", 
  "start_time": "11:30:00", 
  "weekday": 4
 }, 
 "model": "coredata.meetingtime", 
 "pk": 145
},
{
 "fields": {
  "end_day": "2014-12-01", 
  "end_time": "13:20:00", 
  "exam": false, 
  "labtut_section": "D103", 
  "meeting_type": "LAB", 
  "offering": 20, 
  "room": "ASB9838", 
  "start_day": "2014-09-02", 
  "start_time": "12:30:00", 
  "weekday": 4
 }, 
 "model": "coredata.meetingtime", 
 "pk": 146
},
{
 "fields": {
  "end_day": "2014-12-01", 
  "end_time": "11:20:00", 
  "exam": false, 
  "labtut_section": null, 
  "meeting_type": "LEC", 
  "offering": 20, 
  "room": "AQ3154", 
  "start_day": "2014-09-02", 
  "start_time": "10:30:00", 
  "weekday": 4
 }, 
 "model": "coredata.meetingtime", 
 "pk": 149
},
{
 "fields": {
  "end_day": "2014-12-01", 
  "end_time": "10:20:00", 
  "exam": false, 
  "labtut_section": "D101", 
  "meeting_type": "LAB", 
  "offering": 20, 
  "room": "ASB9838", 
  "start_day": "2014-09-02", 
  "start_time": "09:30:00", 
  "weekday": 4
 }, 
 "model": "coredata.meetingtime", 
 "pk": 150
},
{
 "fields": {
  "end_day": "2014-12-01", 
  "end_time": "14:20:00", 
  "exam": false, 
  "labtut_section": "D104", 
  "meeting_type": "LAB", 
  "offering": 20, 
  "room": "ASB9838", 
  "start_day": "2014-09-02", 
  "start_time": "13:30:00", 
  "weekday": 4
 }, 
 "model": "coredata.meetingtime", 
 "pk": 151
},
{
 "fields": {
  "end_day": "2014-12-01", 
  "end_time": "11:20:00", 
  "exam": false, 
  "labtut_section": null, 
  "meeting_type": "LEC", 
  "offering": 21, 
  "room": "SUR5140", 
  "start_day": "2014-09-02", 
  "start_time": "10:30:00", 
  "weekday": 4
 }, 
 "model": "coredata.meetingtime", 
 "pk": 154
},
{
 "fields": {
  "end_day": "2014-12-01", 
  "end_time": "14:20:00", 
  "exam": false, 
  "labtut_section": null, 
  "meeting_type": "LEC", 
  "offering": 26, 
  "room": "C9001", 
  "start_day": "2014-09-02", 
  "start_time": "13:30:00", 
  "weekday": 4
 }, 
 "model": "coredata.meetingtime", 
 "pk": 161
},
{
 "fields": {
  "end_day": "2014-12-01", 
  "end_time": "14:20:00", 
  "exam": false, 
  "labtut_section": "D202", 
  "meeting_type": "LAB", 
  "offering": 27, 
  "room": "SUR4050", 
  "start_day": "2014-09-02", 
  "start_time": "13:30:00", 
  "weekday": 4
 }, 
 "model": "coredata.meetingtime", 
 "pk": 167
},
{
 "fields": {
  "end_day": "2014-12-01", 
  "end_time": "15:20:00", 
  "exam": false, 
  "labtut_section": "D203", 
  "meeting_type": "LAB", 
  "offering": 27, 
  "room": "SUR4050", 
  "start_day": "2014-09-02", 
  "start_time": "14:30:00", 
  "weekday": 4
 }, 
 "model": "coredata.meetingtime", 
 "pk": 168
},
{
 "fields": {
  "end_day": "2014-12-01", 
  "end_time": "12:20:00", 
  "exam": false, 
  "labtut_section": null, 
  "meeting_type": "LEC", 
  "offering": 27, 
  "room": "SUR5280", 
  "start_day": "2014-09-02", 
  "start_time": "11:30:00", 
  "weekday": 4
 }, 
 "model": "coredata.meetingtime", 
 "pk": 171
},
{
 "fields": {
  "end_day": "2014-12-01", 
  "end_time": "13:20:00", 
  "exam": false, 
  "labtut_section": "D201", 
  "meeting_type": "LAB", 
  "offering": 27, 
  "room": "SUR4050", 
  "start_day": "2014-09-02", 
  "start_time": "12:30:00", 
  "weekday": 4
 }, 
 "model": "coredata.meetingtime", 
 "pk": 172
},
{
 "fields": {
  "end_day": "2014-12-01", 
  "end_time": "16:20:00", 
  "exam": false, 
  "labtut_section": "D204", 
  "meeting_type": "LAB", 
  "offering": 27, 
  "room": "SUR4050", 
  "start_day": "2014-09-02", 
  "start_time": "15:30:00", 
  "weekday": 4
 }, 
 "model": "coredata.meetingtime", 
 "pk": 173
},
{
 "fields": {
  "end_day": "2014-12-01", 
  "end_time": "17:00:00", 
  "exam": false, 
  "labtut_section": null, 
  "meeting_type": "LEC", 
  "offering": 37, 
  "room": "", 
  "start_day": "2014-09-02", 
  "start_time": "08:30:00", 
  "weekday": 4
 }, 
 "model": "coredata.meetingtime", 
 "pk": 179
},
{
 "fields": {
  "end_day": "2014-12-01", 
  "end_time": "17:00:00", 
  "exam": false, 
  "labtut_section": null, 
  "meeting_type": "LEC", 
  "offering": 36, 
  "room": "", 
  "start_day": "2014-09-02", 
  "start_time": "08:30:00", 
  "weekday": 4
 }, 
 "model": "coredata.meetingtime", 
 "pk": 184
},
{
 "fields": {
  "end_day": "2014-08-08", 
  "end_time": "14:00:00", 
  "exam": false, 
  "labtut_section": null, 
  "meeting_type": "EXAM", 
  "offering": 42, 
  "room": "", 
  "start_day": "2014-08-08", 
  "start_time": "12:00:00", 
  "weekday": 4
 }, 
 "model": "coredata.meetingtime", 
 "pk": 185
},
{
 "fields": {
  "end_day": "2014-08-01", 
  "end_time": "14:20:00", 
  "exam": false, 
  "labtut_section": null, 
  "meeting_type": "LEC", 
  "offering": 46, 
  "room": "B9200", 
  "start_day": "2014-05-05", 
  "start_time": "13:30:00", 
  "weekday": 4
 }, 
 "model": "coredata.meetingtime", 
 "pk": 189
},
{
 "fields": {
  "end_day": "2014-08-01", 
  "end_time": "12:20:00", 
  "exam": false, 
  "labtut_section": "D105", 
  "meeting_type": "LAB", 
  "offering": 46, 
  "room": "ASB9838", 
  "start_day": "2014-05-05", 
  "start_time": "11:30:00", 
  "weekday": 4
 }, 
 "model": "coredata.meetingtime", 
 "pk": 191
},
{
 "fields": {
  "end_day": "2014-08-01", 
  "end_time": "13:20:00", 
  "exam": false, 
  "labtut_section": "D106", 
  "meeting_type": "LAB", 
  "offering": 46, 
  "room": "ASB9838", 
  "start_day": "2014-05-05", 
  "start_time": "12:30:00", 
  "weekday": 4
 }, 
 "model": "coredata.meetingtime", 
 "pk": 192
},
{
 "fields": {
  "end_day": "2014-08-01", 
  "end_time": "15:20:00", 
  "exam": false, 
  "labtut_section": "D107", 
  "meeting_type": "LAB", 
  "offering": 46, 
  "room": "ASB9838", 
  "start_day": "2014-05-05", 
  "start_time": "14:30:00", 
  "weekday": 4
 }, 
 "model": "coredata.meetingtime", 
 "pk": 197
},
{
 "fields": {
  "end_day": "2014-08-01", 
  "end_time": "09:20:00", 
  "exam": false, 
  "labtut_section": "D104", 
  "meeting_type": "LAB", 
  "offering": 29, 
  "room": "ASB9838", 
  "start_day": "2014-05-05", 
  "start_time": "08:30:00", 
  "weekday": 4
 }, 
 "model": "coredata.meetingtime", 
 "pk": 200
},
{
 "fields": {
  "end_day": "2014-08-01", 
  "end_time": "14:20:00", 
  "exam": false, 
  "labtut_section": null, 
  "meeting_type": "LEC", 
  "offering": 29, 
  "room": "C9002", 
  "start_day": "2014-05-05", 
  "start_time": "13:30:00", 
  "weekday": 4
 }, 
 "model": "coredata.meetingtime", 
 "pk": 203
},
{
 "fields": {
  "end_day": "2014-08-01", 
  "end_time": "14:20:00", 
  "exam": false, 
  "labtut_section": null, 
  "meeting_type": "LEC", 
  "offering": 47, 
  "room": "C9002", 
  "start_day": "2014-05-05", 
  "start_time": "13:30:00", 
  "weekday": 4
 }, 
 "model": "coredata.meetingtime", 
 "pk": 208
},
{
 "fields": {
  "end_day": "2014-08-01", 
  "end_time": "13:20:00", 
  "exam": false, 
  "labtut_section": null, 
  "meeting_type": "LEC", 
  "offering": 49, 
  "room": "SUR3090", 
  "start_day": "2014-05-05", 
  "start_time": "12:30:00", 
  "weekday": 4
 }, 
 "model": "coredata.meetingtime", 
 "pk": 214
},
{
 "fields": {
  "end_day": "2014-08-01", 
  "end_time": "14:20:00", 
  "exam": false, 
  "labtut_section": "D101", 
  "meeting_type": "LAB", 
  "offering": 49, 
  "room": "SUR4080", 
  "start_day": "2014-05-05", 
  "start_time": "13:30:00", 
  "weekday": 4
 }, 
 "model": "coredata.meetingtime", 
 "pk": 216
},
{
 "fields": {
  "end_day": "2014-08-01", 
  "end_time": "15:20:00", 
  "exam": false, 
  "labtut_section": "D102", 
  "meeting_type": "LAB", 
  "offering": 49, 
  "room": "SUR4080", 
  "start_day": "2014-05-05", 
  "start_time": "14:30:00", 
  "weekday": 4
 }, 
 "model": "coredata.meetingtime", 
 "pk": 217
},
{
 "fields": {
  "end_day": "2014-08-01", 
  "end_time": "12:20:00", 
  "exam": false, 
  "labtut_section": null, 
  "meeting_type": "LEC", 
  "offering": 31, 
  "room": "AQ3150", 
  "start_day": "2014-05-05", 
  "start_time": "11:30:00", 
  "weekday": 4
 }, 
 "model": "coredata.meetingtime", 
 "pk": 220
},
{
 "fields": {
  "end_day": "2014-08-08", 
  "end_time": "11:30:00", 
  "exam": false, 
  "labtut_section": null, 
  "meeting_type": "EXAM", 
  "offering": 19, 
  "room": "SUR5240", 
  "start_day": "2014-08-08", 
  "start_time": "08:30:00", 
  "weekday": 4
 }, 
 "model": "coredata.meetingtime", 
 "pk": 235
},
{
 "fields": {
  "end_day": "2014-08-08", 
  "end_time": "11:30:00", 
  "exam": false, 
  "labtut_section": null, 
  "meeting_type": "EXAM", 
  "offering": 19, 
  "room": "SUR5140", 
  "start_day": "2014-08-08", 
  "start_time": "08:30:00", 
  "weekday": 4
 }, 
 "model": "coredata.meetingtime", 
 "pk": 236
},
{
 "fields": {
  "end_day": "2014-08-01", 
  "end_time": "15:20:00", 
  "exam": false, 
  "labtut_section": null, 
  "meeting_type": "LEC", 
  "offering": 51, 
  "room": "SUR3310", 
  "start_day": "2014-05-05", 
  "start_time": "14:30:00", 
  "weekday": 4
 }, 
 "model": "coredata.meetingtime", 
 "pk": 243
},
{
 "fields": {
  "end_day": "2014-08-08", 
  "end_time": "11:30:00", 
  "exam": false, 
  "labtut_section": null, 
  "meeting_type": "EXAM", 
  "offering": 51, 
  "room": "SUR2740", 
  "start_day": "2014-08-08", 
  "start_time": "08:30:00", 
  "weekday": 4
 }, 
 "model": "coredata.meetingtime", 
 "pk": 244
},
{
 "fields": {
  "end_day": "2014-08-08", 
  "end_time": "11:30:00", 
  "exam": false, 
  "labtut_section": null, 
  "meeting_type": "EXAM", 
  "offering": 25, 
  "room": "", 
  "start_day": "2014-08-08", 
  "start_time": "08:30:00", 
  "weekday": 4
 }, 
 "model": "coredata.meetingtime", 
 "pk": 266
},
{
 "fields": {
  "end_day": "2014-08-01", 
  "end_time": "17:00:00", 
  "exam": false, 
  "labtut_section": null, 
  "meeting_type": "LEC", 
  "offering": 38, 
  "room": "", 
  "start_day": "2014-05-05", 
  "start_time": "08:30:00", 
  "weekday": 4
 }, 
 "model": "coredata.meetingtime", 
 "pk": 272
},
{
 "fields": {
  "end_day": "2014-08-01", 
  "end_time": "17:00:00", 
  "exam": false, 
  "labtut_section": null, 
  "meeting_type": "LEC", 
  "offering": 39, 
  "room": "", 
  "start_day": "2014-05-05", 
  "start_time": "08:30:00", 
  "weekday": 4
 }, 
 "model": "coredata.meetingtime", 
 "pk": 277
},
{
 "fields": {
  "config": "{}", 
  "emplid": 200002387, 
  "first_name": "Problem", 
  "last_name": "Admin", 
  "middle_name": null, 
  "pref_first_name": null, 
  "title": null, 
  "userid": "probadmn"
 }, 
 "model": "coredata.person", 
 "pk": 311
},
{
 "fields": {
  "config": "{}", 
  "emplid": 200002388, 
  "first_name": "Teaching", 
  "last_name": "Admin", 
  "middle_name": null, 
  "pref_first_name": null, 
  "title": null, 
  "userid": "teachadm"
 }, 
 "model": "coredata.person", 
 "pk": 312
},
{
 "fields": {
  "config": "{\"privacy_signed\":true,\"privacy_version\":1,\"lastimport\":1401488650,\"privacy_date\":\"2014-05-30\"}", 
  "emplid": 200000101, 
  "first_name": "Gregory", 
  "last_name": "Baker", 
  "middle_name": "Garnet", 
  "pref_first_name": "Gregory", 
  "title": "Mr", 
  "userid": "ggbaker"
 }, 
 "model": "coredata.person", 
 "pk": 16
},
{
 "fields": {
  "config": "{\"lastimport\":1401488656}", 
  "emplid": 200000102, 
  "first_name": "Fabio", 
  "last_name": "Campi", 
  "middle_name": "", 
  "pref_first_name": "Fabio", 
  "title": "Dr", 
  "userid": "fcampi"
 }, 
 "model": "coredata.person", 
 "pk": 19
},
{
 "fields": {
  "config": "{\"lastimport\":1401488652}", 
  "emplid": 200000103, 
  "first_name": "Bobby", 
  "last_name": "Chan", 
  "middle_name": "Chun Tung", 
  "pref_first_name": "Bobby", 
  "title": "Mr", 
  "userid": "bobbyc"
 }, 
 "model": "coredata.person", 
 "pk": 17
},
{
 "fields": {
  "config": "{\"lastimport\":1401488648}", 
  "emplid": 200000104, 
  "first_name": "Ruiwen", 
  "last_name": "Chen", 
  "middle_name": "", 
  "pref_first_name": "Ruiwen", 
  "title": "Mr", 
  "userid": "ruiwenc"
 }, 
 "model": "coredata.person", 
 "pk": 14
},
{
 "fields": {
  "config": "{\"lastimport\":1401488624}", 
  "emplid": 200000105, 
  "first_name": "Harriet", 
  "last_name": "Chicoine", 
  "middle_name": "", 
  "pref_first_name": "Harriet", 
  "title": "Mrs", 
  "userid": "chicoine"
 }, 
 "model": "coredata.person", 
 "pk": 2
},
{
 "fields": {
  "config": "{\"lastimport\":1401488629}", 
  "emplid": 200000106, 
  "first_name": "Diana", 
  "last_name": "Cukierman", 
  "middle_name": "Raquel", 
  "pref_first_name": "Diana", 
  "title": "Dr", 
  "userid": "diana"
 }, 
 "model": "coredata.person", 
 "pk": 6
},
{
 "fields": {
  "config": "{\"lastimport\":1401488643}", 
  "emplid": 200000107, 
  "first_name": "Anthony", 
  "last_name": "Dixon", 
  "middle_name": "", 
  "pref_first_name": "Anthony", 
  "title": "Dr", 
  "userid": "dixon"
 }, 
 "model": "coredata.person", 
 "pk": 12
},
{
 "fields": {
  "config": "{\"lastimport\":1401488637}", 
  "emplid": 200000108, 
  "first_name": "Toby", 
  "last_name": "Donaldson", 
  "middle_name": "John", 
  "pref_first_name": "Toby", 
  "title": "Mr", 
  "userid": "tjd"
 }, 
 "model": "coredata.person", 
 "pk": 9
},
{
 "fields": {
  "config": "{\"lastimport\":1401488628}", 
  "emplid": 200000109, 
  "first_name": "Mark", 
  "last_name": "Drew", 
  "middle_name": "", 
  "pref_first_name": "Mark", 
  "title": "Dr", 
  "userid": "mark"
 }, 
 "model": "coredata.person", 
 "pk": 5
},
{
 "fields": {
  "config": "{\"lastimport\":1401488642}", 
  "emplid": 200000110, 
  "first_name": "John", 
  "last_name": "Edgar", 
  "middle_name": "William McCredie", 
  "pref_first_name": "John", 
  "title": "Mr", 
  "userid": "johnwill"
 }, 
 "model": "coredata.person", 
 "pk": 11
},
{
 "fields": {
  "config": "{\"lastimport\":1401488630}", 
  "emplid": 200000111, 
  "first_name": ".", 
  "last_name": "Faculty", 
  "middle_name": "", 
  "pref_first_name": ".", 
  "title": "", 
  "userid": null
 }, 
 "model": "coredata.person", 
 "pk": 7
},
{
 "fields": {
  "config": "{}", 
  "emplid": 200000263, 
  "first_name": "Awcajfxk", 
  "last_name": "Grad", 
  "middle_name": "", 
  "pref_first_name": "Awca", 
  "title": null, 
  "userid": "0mmmgrad"
 }, 
 "model": "coredata.person", 
 "pk": 164
},
{
 "fields": {
  "config": "{}", 
  "emplid": 200000197, 
  "first_name": "Bpwgzypk", 
  "last_name": "Grad", 
  "middle_name": "", 
  "pref_first_name": "Bpwg", 
  "title": null, 
  "userid": "0ggggrad"
 }, 
 "model": "coredata.person", 
 "pk": 98
},
{
 "fields": {
  "config": "{\"sin\":123456789}", 
  "emplid": 200000340, 
  "first_name": "Disvdyjp", 
  "last_name": "Grad", 
  "middle_name": "", 
  "pref_first_name": "Disv", 
  "title": null, 
  "userid": "0tttgrad"
 }, 
 "model": "coredata.person", 
 "pk": 241
},
{
 "fields": {
  "config": "{\"sin\":123456789}", 
  "emplid": 200000241, 
  "first_name": "Eghqngnf", 
  "last_name": "Grad", 
  "middle_name": "", 
  "pref_first_name": "Eghq", 
  "title": null, 
  "userid": "0kkkgrad"
 }, 
 "model": "coredata.person", 
 "pk": 142
},
{
 "fields": {
  "config": "{\"sin\":123456789}", 
  "emplid": 200000208, 
  "first_name": "Guygjhmf", 
  "last_name": "Grad", 
  "middle_name": "", 
  "pref_first_name": "Guyg", 
  "title": null, 
  "userid": "0hhhgrad"
 }, 
 "model": "coredata.person", 
 "pk": 109
},
{
 "fields": {
  "config": "{}", 
  "emplid": 200000175, 
  "first_name": "Hfkrodel", 
  "last_name": "Grad", 
  "middle_name": "", 
  "pref_first_name": "Hfkr", 
  "title": null, 
  "userid": "0eeegrad"
 }, 
 "model": "coredata.person", 
 "pk": 76
},
{
 "fields": {
  "config": "{}", 
  "emplid": 200000351, 
  "first_name": "Hjeqhuay", 
  "last_name": "Grad", 
  "middle_name": "", 
  "pref_first_name": "Hjeq", 
  "title": null, 
  "userid": "0uuugrad"
 }, 
 "model": "coredata.person", 
 "pk": 252
},
{
 "fields": {
  "config": "{}", 
  "emplid": 200000153, 
  "first_name": "Imbmvmmq", 
  "last_name": "Grad", 
  "middle_name": "", 
  "pref_first_name": "Imbm", 
  "title": null, 
  "userid": "0cccgrad"
 }, 
 "model": "coredata.person", 
 "pk": 54
},
{
 "fields": {
  "config": "{\"sin\":123456789}", 
  "emplid": 200000285, 
  "first_name": "Iumvilkt", 
  "last_name": "Grad", 
  "middle_name": "", 
  "pref_first_name": "Iumv", 
  "title": null, 
  "userid": "0ooograd"
 }, 
 "model": "coredata.person", 
 "pk": 186
},
{
 "fields": {
  "config": "{}", 
  "emplid": 200000307, 
  "first_name": "Jdozkyhd", 
  "last_name": "Grad", 
  "middle_name": "", 
  "pref_first_name": "Jdoz", 
  "title": null, 
  "userid": "0qqqgrad"
 }, 
 "model": "coredata.person", 
 "pk": 208
},
{
 "fields": {
  "config": "{\"sin\":123456789}", 
  "emplid": 200000230, 
  "first_name": "Jujkbday", 
  "last_name": "Grad", 
  "middle_name": "", 
  "pref_first_name": "Jujk", 
  "title": null, 
  "userid": "0jjjgrad"
 }, 
 "model": "coredata.person", 
 "pk": 131
},
{
 "fields": {
  "config": "{\"sin\":123456789}", 
  "emplid": 200000219, 
  "first_name": "Mswozkiw", 
  "last_name": "Grad", 
  "middle_name": "", 
  "pref_first_name": "Mswo", 
  "title": null, 
  "userid": "0iiigrad"
 }, 
 "model": "coredata.person", 
 "pk": 120
},
{
 "fields": {
  "config": "{}", 
  "emplid": 200000131, 
  "first_name": "Mzxetlef", 
  "last_name": "Grad", 
  "middle_name": "", 
  "pref_first_name": "Mzxe", 
  "title": null, 
  "userid": "0aaagrad"
 }, 
 "model": "coredata.person", 
 "pk": 32
},
{
 "fields": {
  "config": "{\"sin\":123456789}", 
  "emplid": 200000296, 
  "first_name": "Nwdbnzzm", 
  "last_name": "Grad", 
  "middle_name": "", 
  "pref_first_name": "Nwdb", 
  "title": null, 
  "userid": "0pppgrad"
 }, 
 "model": "coredata.person", 
 "pk": 197
},
{
 "fields": {
  "config": "{\"sin\":123456789}", 
  "emplid": 200000362, 
  "first_name": "Pwyqvpxm", 
  "last_name": "Grad", 
  "middle_name": "", 
  "pref_first_name": "Pwyq", 
  "title": null, 
  "userid": "0vvvgrad"
 }, 
 "model": "coredata.person", 
 "pk": 263
},
{
 "fields": {
  "config": "{\"sin\":123456789}", 
  "emplid": 200000318, 
  "first_name": "Qfthmjyz", 
  "last_name": "Grad", 
  "middle_name": "", 
  "pref_first_name": "Qfth", 
  "title": null, 
  "userid": "0rrrgrad"
 }, 
 "model": "coredata.person", 
 "pk": 219
},
{
 "fields": {
  "config": "{}", 
  "emplid": 200000384, 
  "first_name": "Sjygjrfk", 
  "last_name": "Grad", 
  "middle_name": "", 
  "pref_first_name": "Sjyg", 
  "title": null, 
  "userid": "0xxxgrad"
 }, 
 "model": "coredata.person", 
 "pk": 285
},
{
 "fields": {
  "config": "{}", 
  "emplid": 200000164, 
  "first_name": "Szahpwbi", 
  "last_name": "Grad", 
  "middle_name": "", 
  "pref_first_name": "Szah", 
  "title": null, 
  "userid": "0dddgrad"
 }, 
 "model": "coredata.person", 
 "pk": 65
},
{
 "fields": {
  "config": "{\"sin\":123456789}", 
  "emplid": 200000406, 
  "first_name": "Vpppuzza", 
  "last_name": "Grad", 
  "middle_name": "", 
  "pref_first_name": "Vppp", 
  "title": null, 
  "userid": "0zzzgrad"
 }, 
 "model": "coredata.person", 
 "pk": 307
},
{
 "fields": {
  "config": "{\"sin\":123456789}", 
  "emplid": 200000186, 
  "first_name": "Vxskmnvw", 
  "last_name": "Grad", 
  "middle_name": "", 
  "pref_first_name": "Vxsk", 
  "title": null, 
  "userid": "0fffgrad"
 }, 
 "model": "coredata.person", 
 "pk": 87
},
{
 "fields": {
  "config": "{\"sin\":123456789}", 
  "emplid": 200000142, 
  "first_name": "Wbomjbhz", 
  "last_name": "Grad", 
  "middle_name": "", 
  "pref_first_name": "Wbom", 
  "title": null, 
  "userid": "0bbbgrad"
 }, 
 "model": "coredata.person", 
 "pk": 43
},
{
 "fields": {
  "config": "{}", 
  "emplid": 200000395, 
  "first_name": "Wcjanaxl", 
  "last_name": "Grad", 
  "middle_name": "", 
  "pref_first_name": "Wcja", 
  "title": null, 
  "userid": "0yyygrad"
 }, 
 "model": "coredata.person", 
 "pk": 296
},
{
 "fields": {
  "config": "{}", 
  "emplid": 200000274, 
  "first_name": "Ykpbunsq", 
  "last_name": "Grad", 
  "middle_name": "", 
  "pref_first_name": "Ykpb", 
  "title": null, 
  "userid": "0nnngrad"
 }, 
 "model": "coredata.person", 
 "pk": 175
},
{
 "fields": {
  "config": "{}", 
  "emplid": 200000373, 
  "first_name": "Yqszwclo", 
  "last_name": "Grad", 
  "middle_name": "", 
  "pref_first_name": "Yqsz", 
  "title": null, 
  "userid": "0wwwgrad"
 }, 
 "model": "coredata.person", 
 "pk": 274
},
{
 "fields": {
  "config": "{\"sin\":123456789}", 
  "emplid": 200000329, 
  "first_name": "Yrviohdd", 
  "last_name": "Grad", 
  "middle_name": "", 
  "pref_first_name": "Yrvi", 
  "title": null, 
  "userid": "0sssgrad"
 }, 
 "model": "coredata.person", 
 "pk": 230
},
{
 "fields": {
  "config": "{}", 
  "emplid": 200000252, 
  "first_name": "Ytpumbro", 
  "last_name": "Grad", 
  "middle_name": "", 
  "pref_first_name": "Ytpu", 
  "title": null, 
  "userid": "0lllgrad"
 }, 
 "model": "coredata.person", 
 "pk": 153
},
{
 "fields": {
  "config": "{}", 
  "emplid": 200000407, 
  "first_name": "Douglas", 
  "last_name": "Gradstudent", 
  "middle_name": "", 
  "pref_first_name": "Doug", 
  "title": null, 
  "userid": "0grad1"
 }, 
 "model": "coredata.person", 
 "pk": 308
},
{
 "fields": {
  "config": "{\"lastimport\":1401488627}", 
  "emplid": 200000112, 
  "first_name": "Ghassan", 
  "last_name": "Hamarneh", 
  "middle_name": "", 
  "pref_first_name": "Ghassan", 
  "title": "Dr", 
  "userid": "hamarneh"
 }, 
 "model": "coredata.person", 
 "pk": 3
},
{
 "fields": {
  "config": "{\"lastimport\":1401488628}", 
  "emplid": 200000113, 
  "first_name": "Harinder", 
  "last_name": "Khangura", 
  "middle_name": "Singh", 
  "pref_first_name": "Harinder", 
  "title": "Mr", 
  "userid": "hskhangu"
 }, 
 "model": "coredata.person", 
 "pk": 4
},
{
 "fields": {
  "config": "{}", 
  "emplid": 200000408, 
  "first_name": "Susan", 
  "last_name": "Kindersley", 
  "middle_name": null, 
  "pref_first_name": "sumo", 
  "title": null, 
  "userid": "sumo"
 }, 
 "model": "coredata.person", 
 "pk": 309
},
{
 "fields": {
  "config": "{}", 
  "emplid": 200002389, 
  "first_name": "Curtis", 
  "last_name": "Lassam", 
  "middle_name": null, 
  "pref_first_name": null, 
  "title": null, 
  "userid": "classam"
 }, 
 "model": "coredata.person", 
 "pk": 313
},
{
 "fields": {
  "config": "{\"lastimport\":1401488656}", 
  "emplid": 200000114, 
  "first_name": "Sae Won", 
  "last_name": "Lee", 
  "middle_name": "", 
  "pref_first_name": "Sae Won", 
  "title": "Mr", 
  "userid": "sleex"
 }, 
 "model": "coredata.person", 
 "pk": 20
},
{
 "fields": {
  "config": "{\"lastimport\":1401488654}", 
  "emplid": 200000115, 
  "first_name": "Jeremie", 
  "last_name": "Lumbroso", 
  "middle_name": "", 
  "pref_first_name": "Jeremie", 
  "title": "Mr", 
  "userid": "jlumbros"
 }, 
 "model": "coredata.person", 
 "pk": 18
},
{
 "fields": {
  "config": "{\"lastimport\":1401488642}", 
  "emplid": 200000116, 
  "first_name": "David", 
  "last_name": "Mitchell", 
  "middle_name": "Geoffrey", 
  "pref_first_name": "David", 
  "title": "Mr", 
  "userid": "dgm"
 }, 
 "model": "coredata.person", 
 "pk": 10
},
{
 "fields": {
  "config": "{\"lastimport\":1401488623}", 
  "emplid": 200000117, 
  "first_name": "Meenakshinathan", 
  "last_name": "Parameswaran", 
  "middle_name": "", 
  "pref_first_name": "Ash", 
  "title": "Dr", 
  "userid": "paramesw"
 }, 
 "model": "coredata.person", 
 "pk": 1
},
{
 "fields": {
  "config": "{\"lastimport\":1401488647}", 
  "emplid": 200000118, 
  "first_name": "Steven", 
  "last_name": "Pearce", 
  "middle_name": "James", 
  "pref_first_name": "Steve", 
  "title": "Mr", 
  "userid": "stevenp"
 }, 
 "model": "coredata.person", 
 "pk": 13
},
{
 "fields": {
  "config": "{}", 
  "emplid": 1236, 
  "first_name": "Fred", 
  "last_name": "Popowich", 
  "middle_name": null, 
  "pref_first_name": null, 
  "title": null, 
  "userid": "popowich"
 }, 
 "model": "coredata.person", 
 "pk": 21
},
{
 "fields": {
  "config": "{\"lastimport\":1401488634}", 
  "emplid": 200000119, 
  "first_name": "Janice", 
  "last_name": "Regan", 
  "middle_name": "", 
  "pref_first_name": "Janice", 
  "title": "Ms", 
  "userid": "jregan"
 }, 
 "model": "coredata.person", 
 "pk": 8
},
{
 "fields": {
  "config": "{}", 
  "emplid": 200000357, 
  "first_name": "Aeqnxgbo", 
  "last_name": "Student", 
  "middle_name": "", 
  "pref_first_name": "Aeqn", 
  "title": null, 
  "userid": "0vvv5"
 }, 
 "model": "coredata.person", 
 "pk": 258
},
{
 "fields": {
  "config": "{}", 
  "emplid": 200000371, 
  "first_name": "Agcgljss", 
  "last_name": "Student", 
  "middle_name": "", 
  "pref_first_name": "Agcg", 
  "title": null, 
  "userid": "0www8"
 }, 
 "model": "coredata.person", 
 "pk": 272
},
{
 "fields": {
  "config": "{}", 
  "emplid": 200000298, 
  "first_name": "Agtlpqhv", 
  "last_name": "Student", 
  "middle_name": "", 
  "pref_first_name": "Agtl", 
  "title": null, 
  "userid": "0qqq1"
 }, 
 "model": "coredata.person", 
 "pk": 199
},
{
 "fields": {
  "config": "{}", 
  "emplid": 200000174, 
  "first_name": "Aiopwtil", 
  "last_name": "Student", 
  "middle_name": "", 
  "pref_first_name": "Aiop", 
  "title": null, 
  "userid": "0eee9"
 }, 
 "model": "coredata.person", 
 "pk": 75
},
{
 "fields": {
  "config": "{}", 
  "emplid": 200000301, 
  "first_name": "Akkauqtb", 
  "last_name": "Student", 
  "middle_name": "", 
  "pref_first_name": "Akka", 
  "title": null, 
  "userid": "0qqq4"
 }, 
 "model": "coredata.person", 
 "pk": 202
},
{
 "fields": {
  "config": "{}", 
  "emplid": 200000129, 
  "first_name": "Aptiuipx", 
  "last_name": "Student", 
  "middle_name": "", 
  "pref_first_name": "Apti", 
  "title": null, 
  "userid": "0aaa8"
 }, 
 "model": "coredata.person", 
 "pk": 30
},
{
 "fields": {
  "config": "{}", 
  "emplid": 200000179, 
  "first_name": "Aqsgqyop", 
  "last_name": "Student", 
  "middle_name": "", 
  "pref_first_name": "Aqsg", 
  "title": null, 
  "userid": "0fff3"
 }, 
 "model": "coredata.person", 
 "pk": 80
},
{
 "fields": {
  "config": "{}", 
  "emplid": 200000143, 
  "first_name": "Arjqwglv", 
  "last_name": "Student", 
  "middle_name": "", 
  "pref_first_name": "Arjq", 
  "title": null, 
  "userid": "0ccc0"
 }, 
 "model": "coredata.person", 
 "pk": 44
},
{
 "fields": {
  "config": "{}", 
  "emplid": 200000374, 
  "first_name": "Avbemdof", 
  "last_name": "Student", 
  "middle_name": "", 
  "pref_first_name": "Avbe", 
  "title": null, 
  "userid": "0xxx0"
 }, 
 "model": "coredata.person", 
 "pk": 275
},
{
 "fields": {
  "config": "{}", 
  "emplid": 200000229, 
  "first_name": "Ayoudrwk", 
  "last_name": "Student", 
  "middle_name": "", 
  "pref_first_name": "Ayou", 
  "title": null, 
  "userid": "0jjj9"
 }, 
 "model": "coredata.person", 
 "pk": 130
},
{
 "fields": {
  "config": "{}", 
  "emplid": 200000275, 
  "first_name": "Aywvywvp", 
  "last_name": "Student", 
  "middle_name": "", 
  "pref_first_name": "Aywv", 
  "title": null, 
  "userid": "0ooo0"
 }, 
 "model": "coredata.person", 
 "pk": 176
},
{
 "fields": {
  "config": "{}", 
  "emplid": 200000305, 
  "first_name": "Azxvozyr", 
  "last_name": "Student", 
  "middle_name": "", 
  "pref_first_name": "Azxv", 
  "title": null, 
  "userid": "0qqq8"
 }, 
 "model": "coredata.person", 
 "pk": 206
},
{
 "fields": {
  "config": "{}", 
  "emplid": 200000209, 
  "first_name": "Beendbud", 
  "last_name": "Student", 
  "middle_name": "", 
  "pref_first_name": "Been", 
  "title": null, 
  "userid": "0iii0"
 }, 
 "model": "coredata.person", 
 "pk": 110
},
{
 "fields": {
  "config": "{}", 
  "emplid": 200000163, 
  "first_name": "Bfqkzdnk", 
  "last_name": "Student", 
  "middle_name": "", 
  "pref_first_name": "Bfqk", 
  "title": null, 
  "userid": "0ddd9"
 }, 
 "model": "coredata.person", 
 "pk": 64
},
{
 "fields": {
  "config": "{}", 
  "emplid": 200000300, 
  "first_name": "Bhnonkbj", 
  "last_name": "Student", 
  "middle_name": "", 
  "pref_first_name": "Bhno", 
  "title": null, 
  "userid": "0qqq3"
 }, 
 "model": "coredata.person", 
 "pk": 201
},
{
 "fields": {
  "config": "{}", 
  "emplid": 200000191, 
  "first_name": "Bhptutaz", 
  "last_name": "Student", 
  "middle_name": "", 
  "pref_first_name": "Bhpt", 
  "title": null, 
  "userid": "0ggg4"
 }, 
 "model": "coredata.person", 
 "pk": 92
},
{
 "fields": {
  "config": "{}", 
  "emplid": 200000135, 
  "first_name": "Birgmvmv", 
  "last_name": "Student", 
  "middle_name": "", 
  "pref_first_name": "Birg", 
  "title": null, 
  "userid": "0bbb3"
 }, 
 "model": "coredata.person", 
 "pk": 36
},
{
 "fields": {
  "config": "{}", 
  "emplid": 200000254, 
  "first_name": "Bkpvrgov", 
  "last_name": "Student", 
  "middle_name": "", 
  "pref_first_name": "Bkpv", 
  "title": null, 
  "userid": "0mmm1"
 }, 
 "model": "coredata.person", 
 "pk": 155
},
{
 "fields": {
  "config": "{}", 
  "emplid": 200000226, 
  "first_name": "Bkqjshyx", 
  "last_name": "Student", 
  "middle_name": "", 
  "pref_first_name": "Bkqj", 
  "title": null, 
  "userid": "0jjj6"
 }, 
 "model": "coredata.person", 
 "pk": 127
},
{
 "fields": {
  "config": "{\"sin\":123456789}", 
  "emplid": 200000199, 
  "first_name": "Bmmkyeoj", 
  "last_name": "Student", 
  "middle_name": "", 
  "pref_first_name": "Bmmk", 
  "title": null, 
  "userid": "0hhh1"
 }, 
 "model": "coredata.person", 
 "pk": 100
},
{
 "fields": {
  "config": "{}", 
  "emplid": 200000394, 
  "first_name": "Bncvksvn", 
  "last_name": "Student", 
  "middle_name": "", 
  "pref_first_name": "Bncv", 
  "title": null, 
  "userid": "0yyy9"
 }, 
 "model": "coredata.person", 
 "pk": 295
},
{
 "fields": {
  "config": "{}", 
  "emplid": 200000375, 
  "first_name": "Btonifud", 
  "last_name": "Student", 
  "middle_name": "", 
  "pref_first_name": "Bton", 
  "title": null, 
  "userid": "0xxx1"
 }, 
 "model": "coredata.person", 
 "pk": 276
},
{
 "fields": {
  "config": "{}", 
  "emplid": 200000302, 
  "first_name": "Bvlhuqoh", 
  "last_name": "Student", 
  "middle_name": "", 
  "pref_first_name": "Bvlh", 
  "title": null, 
  "userid": "0qqq5"
 }, 
 "model": "coredata.person", 
 "pk": 203
},
{
 "fields": {
  "config": "{}", 
  "emplid": 200000356, 
  "first_name": "Bvnctblj", 
  "last_name": "Student", 
  "middle_name": "", 
  "pref_first_name": "Bvnc", 
  "title": null, 
  "userid": "0vvv4"
 }, 
 "model": "coredata.person", 
 "pk": 257
},
{
 "fields": {
  "config": "{}", 
  "emplid": 200000270, 
  "first_name": "Bygpdfzg", 
  "last_name": "Student", 
  "middle_name": "", 
  "pref_first_name": "Bygp", 
  "title": null, 
  "userid": "0nnn6"
 }, 
 "model": "coredata.person", 
 "pk": 171
},
{
 "fields": {
  "config": "{}", 
  "emplid": 200000215, 
  "first_name": "Bywznkat", 
  "last_name": "Student", 
  "middle_name": "", 
  "pref_first_name": "Bywz", 
  "title": null, 
  "userid": "0iii6"
 }, 
 "model": "coredata.person", 
 "pk": 116
},
{
 "fields": {
  "config": "{}", 
  "emplid": 200000126, 
  "first_name": "Cbytolts", 
  "last_name": "Student", 
  "middle_name": "", 
  "pref_first_name": "Cbyt", 
  "title": null, 
  "userid": "0aaa5"
 }, 
 "model": "coredata.person", 
 "pk": 27
},
{
 "fields": {
  "config": "{}", 
  "emplid": 200000247, 
  "first_name": "Cfolintt", 
  "last_name": "Student", 
  "middle_name": "", 
  "pref_first_name": "Cfol", 
  "title": null, 
  "userid": "0lll5"
 }, 
 "model": "coredata.person", 
 "pk": 148
},
{
 "fields": {
  "config": "{}", 
  "emplid": 200000193, 
  "first_name": "Chtlcjts", 
  "last_name": "Student", 
  "middle_name": "", 
  "pref_first_name": "Chtl", 
  "title": null, 
  "userid": "0ggg6"
 }, 
 "model": "coredata.person", 
 "pk": 94
},
{
 "fields": {
  "config": "{}", 
  "emplid": 200000159, 
  "first_name": "Cinetkvb", 
  "last_name": "Student", 
  "middle_name": "", 
  "pref_first_name": "Cine", 
  "title": null, 
  "userid": "0ddd5"
 }, 
 "model": "coredata.person", 
 "pk": 60
},
{
 "fields": {
  "config": "{\"sin\":123456789}", 
  "emplid": 200000361, 
  "first_name": "Cnlveqva", 
  "last_name": "Student", 
  "middle_name": "", 
  "pref_first_name": "Cnlv", 
  "title": null, 
  "userid": "0vvv9"
 }, 
 "model": "coredata.person", 
 "pk": 262
},
{
 "fields": {
  "config": "{}", 
  "emplid": 200000378, 
  "first_name": "Cretbjlq", 
  "last_name": "Student", 
  "middle_name": "", 
  "pref_first_name": "Cret", 
  "title": null, 
  "userid": "0xxx4"
 }, 
 "model": "coredata.person", 
 "pk": 279
},
{
 "fields": {
  "config": "{}", 
  "emplid": 200000397, 
  "first_name": "Cthqipqf", 
  "last_name": "Student", 
  "middle_name": "", 
  "pref_first_name": "Cthq", 
  "title": null, 
  "userid": "0zzz1"
 }, 
 "model": "coredata.person", 
 "pk": 298
},
{
 "fields": {
  "config": "{}", 
  "emplid": 200000370, 
  "first_name": "Dbwuvkkp", 
  "last_name": "Student", 
  "middle_name": "", 
  "pref_first_name": "Dbwu", 
  "title": null, 
  "userid": "0www7"
 }, 
 "model": "coredata.person", 
 "pk": 271
},
{
 "fields": {
  "config": "{}", 
  "emplid": 200000227, 
  "first_name": "Dbzjdbam", 
  "last_name": "Student", 
  "middle_name": "", 
  "pref_first_name": "Dbzj", 
  "title": null, 
  "userid": "0jjj7"
 }, 
 "model": "coredata.person", 
 "pk": 128
},
{
 "fields": {
  "config": "{}", 
  "emplid": 200000261, 
  "first_name": "Dgzvjalf", 
  "last_name": "Student", 
  "middle_name": "", 
  "pref_first_name": "Dgzv", 
  "title": null, 
  "userid": "0mmm8"
 }, 
 "model": "coredata.person", 
 "pk": 162
},
{
 "fields": {
  "config": "{}", 
  "emplid": 200000189, 
  "first_name": "Djozuoqe", 
  "last_name": "Student", 
  "middle_name": "", 
  "pref_first_name": "Djoz", 
  "title": null, 
  "userid": "0ggg2"
 }, 
 "model": "coredata.person", 
 "pk": 90
},
{
 "fields": {
  "config": "{}", 
  "emplid": 200000205, 
  "first_name": "Dlijmwib", 
  "last_name": "Student", 
  "middle_name": "", 
  "pref_first_name": "Dlij", 
  "title": null, 
  "userid": "0hhh7"
 }, 
 "model": "coredata.person", 
 "pk": 106
},
{
 "fields": {
  "config": "{}", 
  "emplid": 200000158, 
  "first_name": "Doyhaujk", 
  "last_name": "Student", 
  "middle_name": "", 
  "pref_first_name": "Doyh", 
  "title": null, 
  "userid": "0ddd4"
 }, 
 "model": "coredata.person", 
 "pk": 59
},
{
 "fields": {
  "config": "{}", 
  "emplid": 200000398, 
  "first_name": "Dvlcmjgo", 
  "last_name": "Student", 
  "middle_name": "", 
  "pref_first_name": "Dvlc", 
  "title": null, 
  "userid": "0zzz2"
 }, 
 "model": "coredata.person", 
 "pk": 299
},
{
 "fields": {
  "config": "{}", 
  "emplid": 200000162, 
  "first_name": "Dwehudwj", 
  "last_name": "Student", 
  "middle_name": "", 
  "pref_first_name": "Dweh", 
  "title": null, 
  "userid": "0ddd8"
 }, 
 "model": "coredata.person", 
 "pk": 63
},
{
 "fields": {
  "config": "{}", 
  "emplid": 200000137, 
  "first_name": "Dwelsgij", 
  "last_name": "Student", 
  "middle_name": "", 
  "pref_first_name": "Dwel", 
  "title": null, 
  "userid": "0bbb5"
 }, 
 "model": "coredata.person", 
 "pk": 38
},
{
 "fields": {
  "config": "{}", 
  "emplid": 200000141, 
  "first_name": "Dxuoiilw", 
  "last_name": "Student", 
  "middle_name": "", 
  "pref_first_name": "Dxuo", 
  "title": null, 
  "userid": "0bbb9"
 }, 
 "model": "coredata.person", 
 "pk": 42
},
{
 "fields": {
  "config": "{}", 
  "emplid": 200000251, 
  "first_name": "Edtnjldp", 
  "last_name": "Student", 
  "middle_name": "", 
  "pref_first_name": "Edtn", 
  "title": null, 
  "userid": "0lll9"
 }, 
 "model": "coredata.person", 
 "pk": 152
},
{
 "fields": {
  "config": "{}", 
  "emplid": 200000122, 
  "first_name": "Efrijyqi", 
  "last_name": "Student", 
  "middle_name": "", 
  "pref_first_name": "Efri", 
  "title": null, 
  "userid": "0aaa1"
 }, 
 "model": "coredata.person", 
 "pk": 23
},
{
 "fields": {
  "config": "{}", 
  "emplid": 200000235, 
  "first_name": "Eicwjnsm", 
  "last_name": "Student", 
  "middle_name": "", 
  "pref_first_name": "Eicw", 
  "title": null, 
  "userid": "0kkk4"
 }, 
 "model": "coredata.person", 
 "pk": 136
},
{
 "fields": {
  "config": "{}", 
  "emplid": 200000292, 
  "first_name": "Eignaauo", 
  "last_name": "Student", 
  "middle_name": "", 
  "pref_first_name": "Eign", 
  "title": null, 
  "userid": "0ppp6"
 }, 
 "model": "coredata.person", 
 "pk": 193
},
{
 "fields": {
  "config": "{}", 
  "emplid": 200000198, 
  "first_name": "Eogxmjap", 
  "last_name": "Student", 
  "middle_name": "", 
  "pref_first_name": "Eogx", 
  "title": null, 
  "userid": "0hhh0"
 }, 
 "model": "coredata.person", 
 "pk": 99
},
{
 "fields": {
  "config": "{}", 
  "emplid": 200000140, 
  "first_name": "Esapdvrv", 
  "last_name": "Student", 
  "middle_name": "", 
  "pref_first_name": "Esap", 
  "title": null, 
  "userid": "0bbb8"
 }, 
 "model": "coredata.person", 
 "pk": 41
},
{
 "fields": {
  "config": "{}", 
  "emplid": 200000203, 
  "first_name": "Etjzldmt", 
  "last_name": "Student", 
  "middle_name": "", 
  "pref_first_name": "Etjz", 
  "title": null, 
  "userid": "0hhh5"
 }, 
 "model": "coredata.person", 
 "pk": 104
},
{
 "fields": {
  "config": "{}", 
  "emplid": 200000244, 
  "first_name": "Eudopszd", 
  "last_name": "Student", 
  "middle_name": "", 
  "pref_first_name": "Eudo", 
  "title": null, 
  "userid": "0lll2"
 }, 
 "model": "coredata.person", 
 "pk": 145
},
{
 "fields": {
  "config": "{}", 
  "emplid": 200000293, 
  "first_name": "Eufxppsf", 
  "last_name": "Student", 
  "middle_name": "", 
  "pref_first_name": "Eufx", 
  "title": null, 
  "userid": "0ppp7"
 }, 
 "model": "coredata.person", 
 "pk": 194
},
{
 "fields": {
  "config": "{}", 
  "emplid": 200000338, 
  "first_name": "Fjfiazkr", 
  "last_name": "Student", 
  "middle_name": "", 
  "pref_first_name": "Fjfi", 
  "title": null, 
  "userid": "0ttt8"
 }, 
 "model": "coredata.person", 
 "pk": 239
},
{
 "fields": {
  "config": "{}", 
  "emplid": 200000236, 
  "first_name": "Fjsjkstg", 
  "last_name": "Student", 
  "middle_name": "", 
  "pref_first_name": "Fjsj", 
  "title": null, 
  "userid": "0kkk5"
 }, 
 "model": "coredata.person", 
 "pk": 137
},
{
 "fields": {
  "config": "{}", 
  "emplid": 200000322, 
  "first_name": "Fmjbtpbl", 
  "last_name": "Student", 
  "middle_name": "", 
  "pref_first_name": "Fmjb", 
  "title": null, 
  "userid": "0sss3"
 }, 
 "model": "coredata.person", 
 "pk": 223
},
{
 "fields": {
  "config": "{}", 
  "emplid": 200000350, 
  "first_name": "Fnsamxrm", 
  "last_name": "Student", 
  "middle_name": "", 
  "pref_first_name": "Fnsa", 
  "title": null, 
  "userid": "0uuu9"
 }, 
 "model": "coredata.person", 
 "pk": 251
},
{
 "fields": {
  "config": "{}", 
  "emplid": 200000311, 
  "first_name": "Fnyaxnhe", 
  "last_name": "Student", 
  "middle_name": "", 
  "pref_first_name": "Fnya", 
  "title": null, 
  "userid": "0rrr3"
 }, 
 "model": "coredata.person", 
 "pk": 212
},
{
 "fields": {
  "config": "{}", 
  "emplid": 200000185, 
  "first_name": "Fvhbdnbq", 
  "last_name": "Student", 
  "middle_name": "", 
  "pref_first_name": "Fvhb", 
  "title": null, 
  "userid": "0fff9"
 }, 
 "model": "coredata.person", 
 "pk": 86
},
{
 "fields": {
  "config": "{}", 
  "emplid": 200000253, 
  "first_name": "Fwijqcii", 
  "last_name": "Student", 
  "middle_name": "", 
  "pref_first_name": "Fwij", 
  "title": null, 
  "userid": "0mmm0"
 }, 
 "model": "coredata.person", 
 "pk": 154
},
{
 "fields": {
  "config": "{}", 
  "emplid": 200000155, 
  "first_name": "Gbujqzmu", 
  "last_name": "Student", 
  "middle_name": "", 
  "pref_first_name": "Gbuj", 
  "title": null, 
  "userid": "0ddd1"
 }, 
 "model": "coredata.person", 
 "pk": 56
},
{
 "fields": {
  "config": "{}", 
  "emplid": 200000294, 
  "first_name": "Ggjjsese", 
  "last_name": "Student", 
  "middle_name": "", 
  "pref_first_name": "Ggjj", 
  "title": null, 
  "userid": "0ppp8"
 }, 
 "model": "coredata.person", 
 "pk": 195
},
{
 "fields": {
  "config": "{}", 
  "emplid": 200000390, 
  "first_name": "Gmjzycef", 
  "last_name": "Student", 
  "middle_name": "", 
  "pref_first_name": "Gmjz", 
  "title": null, 
  "userid": "0yyy5"
 }, 
 "model": "coredata.person", 
 "pk": 291
},
{
 "fields": {
  "config": "{}", 
  "emplid": 200000172, 
  "first_name": "Gmzqixjt", 
  "last_name": "Student", 
  "middle_name": "", 
  "pref_first_name": "Gmzq", 
  "title": null, 
  "userid": "0eee7"
 }, 
 "model": "coredata.person", 
 "pk": 73
},
{
 "fields": {
  "config": "{}", 
  "emplid": 200000339, 
  "first_name": "Gomwysdo", 
  "last_name": "Student", 
  "middle_name": "", 
  "pref_first_name": "Gomw", 
  "title": null, 
  "userid": "0ttt9"
 }, 
 "model": "coredata.person", 
 "pk": 240
},
{
 "fields": {
  "config": "{}", 
  "emplid": 200000192, 
  "first_name": "Gqfqhhxi", 
  "last_name": "Student", 
  "middle_name": "", 
  "pref_first_name": "Gqfq", 
  "title": null, 
  "userid": "0ggg5"
 }, 
 "model": "coredata.person", 
 "pk": 93
},
{
 "fields": {
  "config": "{}", 
  "emplid": 200000221, 
  "first_name": "Gqvbmjgf", 
  "last_name": "Student", 
  "middle_name": "", 
  "pref_first_name": "Gqvb", 
  "title": null, 
  "userid": "0jjj1"
 }, 
 "model": "coredata.person", 
 "pk": 122
},
{
 "fields": {
  "config": "{}", 
  "emplid": 200000136, 
  "first_name": "Gulcimhi", 
  "last_name": "Student", 
  "middle_name": "", 
  "pref_first_name": "Gulc", 
  "title": null, 
  "userid": "0bbb4"
 }, 
 "model": "coredata.person", 
 "pk": 37
},
{
 "fields": {
  "config": "{}", 
  "emplid": 200000124, 
  "first_name": "Gxeouhiz", 
  "last_name": "Student", 
  "middle_name": "", 
  "pref_first_name": "Gxeo", 
  "title": null, 
  "userid": "0aaa3"
 }, 
 "model": "coredata.person", 
 "pk": 25
},
{
 "fields": {
  "config": "{}", 
  "emplid": 200000358, 
  "first_name": "Gymlfrgo", 
  "last_name": "Student", 
  "middle_name": "", 
  "pref_first_name": "Gyml", 
  "title": null, 
  "userid": "0vvv6"
 }, 
 "model": "coredata.person", 
 "pk": 259
},
{
 "fields": {
  "config": "{}", 
  "emplid": 200000317, 
  "first_name": "Hbdshwkw", 
  "last_name": "Student", 
  "middle_name": "", 
  "pref_first_name": "Hbds", 
  "title": null, 
  "userid": "0rrr9"
 }, 
 "model": "coredata.person", 
 "pk": 218
},
{
 "fields": {
  "config": "{}", 
  "emplid": 200000387, 
  "first_name": "Hdjzkmdk", 
  "last_name": "Student", 
  "middle_name": "", 
  "pref_first_name": "Hdjz", 
  "title": null, 
  "userid": "0yyy2"
 }, 
 "model": "coredata.person", 
 "pk": 288
},
{
 "fields": {
  "config": "{}", 
  "emplid": 200000346, 
  "first_name": "Hghcmkgp", 
  "last_name": "Student", 
  "middle_name": "", 
  "pref_first_name": "Hghc", 
  "title": null, 
  "userid": "0uuu5"
 }, 
 "model": "coredata.person", 
 "pk": 247
},
{
 "fields": {
  "config": "{}", 
  "emplid": 200000365, 
  "first_name": "Hglqzlqz", 
  "last_name": "Student", 
  "middle_name": "", 
  "pref_first_name": "Hglq", 
  "title": null, 
  "userid": "0www2"
 }, 
 "model": "coredata.person", 
 "pk": 266
},
{
 "fields": {
  "config": "{}", 
  "emplid": 200000308, 
  "first_name": "Hhkyeaws", 
  "last_name": "Student", 
  "middle_name": "", 
  "pref_first_name": "Hhky", 
  "title": null, 
  "userid": "0rrr0"
 }, 
 "model": "coredata.person", 
 "pk": 209
},
{
 "fields": {
  "config": "{}", 
  "emplid": 200000258, 
  "first_name": "Hikvgmui", 
  "last_name": "Student", 
  "middle_name": "", 
  "pref_first_name": "Hikv", 
  "title": null, 
  "userid": "0mmm5"
 }, 
 "model": "coredata.person", 
 "pk": 159
},
{
 "fields": {
  "config": "{}", 
  "emplid": 200000363, 
  "first_name": "Hizdqbhb", 
  "last_name": "Student", 
  "middle_name": "", 
  "pref_first_name": "Hizd", 
  "title": null, 
  "userid": "0www0"
 }, 
 "model": "coredata.person", 
 "pk": 264
},
{
 "fields": {
  "config": "{}", 
  "emplid": 200000177, 
  "first_name": "Hjtouopg", 
  "last_name": "Student", 
  "middle_name": "", 
  "pref_first_name": "Hjto", 
  "title": null, 
  "userid": "0fff1"
 }, 
 "model": "coredata.person", 
 "pk": 78
},
{
 "fields": {
  "config": "{}", 
  "emplid": 200000178, 
  "first_name": "Hmzkhdfs", 
  "last_name": "Student", 
  "middle_name": "", 
  "pref_first_name": "Hmzk", 
  "title": null, 
  "userid": "0fff2"
 }, 
 "model": "coredata.person", 
 "pk": 79
},
{
 "fields": {
  "config": "{}", 
  "emplid": 200000379, 
  "first_name": "Hnwwotbl", 
  "last_name": "Student", 
  "middle_name": "", 
  "pref_first_name": "Hnww", 
  "title": null, 
  "userid": "0xxx5"
 }, 
 "model": "coredata.person", 
 "pk": 280
},
{
 "fields": {
  "config": "{}", 
  "emplid": 200000201, 
  "first_name": "Hscivmly", 
  "last_name": "Student", 
  "middle_name": "", 
  "pref_first_name": "Hsci", 
  "title": null, 
  "userid": "0hhh3"
 }, 
 "model": "coredata.person", 
 "pk": 102
},
{
 "fields": {
  "config": "{}", 
  "emplid": 200000181, 
  "first_name": "Huvhhoha", 
  "last_name": "Student", 
  "middle_name": "", 
  "pref_first_name": "Huvh", 
  "title": null, 
  "userid": "0fff5"
 }, 
 "model": "coredata.person", 
 "pk": 82
},
{
 "fields": {
  "config": "{}", 
  "emplid": 200000377, 
  "first_name": "Hwadzsql", 
  "last_name": "Student", 
  "middle_name": "", 
  "pref_first_name": "Hwad", 
  "title": null, 
  "userid": "0xxx3"
 }, 
 "model": "coredata.person", 
 "pk": 278
},
{
 "fields": {
  "config": "{}", 
  "emplid": 200000289, 
  "first_name": "Ibezwpou", 
  "last_name": "Student", 
  "middle_name": "", 
  "pref_first_name": "Ibez", 
  "title": null, 
  "userid": "0ppp3"
 }, 
 "model": "coredata.person", 
 "pk": 190
},
{
 "fields": {
  "config": "{}", 
  "emplid": 200000204, 
  "first_name": "Iclxbbkn", 
  "last_name": "Student", 
  "middle_name": "", 
  "pref_first_name": "Iclx", 
  "title": null, 
  "userid": "0hhh6"
 }, 
 "model": "coredata.person", 
 "pk": 105
},
{
 "fields": {
  "config": "{}", 
  "emplid": 200000327, 
  "first_name": "Ihzbtfmf", 
  "last_name": "Student", 
  "middle_name": "", 
  "pref_first_name": "Ihzb", 
  "title": null, 
  "userid": "0sss8"
 }, 
 "model": "coredata.person", 
 "pk": 228
},
{
 "fields": {
  "config": "{}", 
  "emplid": 200000156, 
  "first_name": "Ilmmdbhh", 
  "last_name": "Student", 
  "middle_name": "", 
  "pref_first_name": "Ilmm", 
  "title": null, 
  "userid": "0ddd2"
 }, 
 "model": "coredata.person", 
 "pk": 57
},
{
 "fields": {
  "config": "{}", 
  "emplid": 200000183, 
  "first_name": "Iuqwmkgq", 
  "last_name": "Student", 
  "middle_name": "", 
  "pref_first_name": "Iuqw", 
  "title": null, 
  "userid": "0fff7"
 }, 
 "model": "coredata.person", 
 "pk": 84
},
{
 "fields": {
  "config": "{}", 
  "emplid": 200000210, 
  "first_name": "Ivauhpnx", 
  "last_name": "Student", 
  "middle_name": "", 
  "pref_first_name": "Ivau", 
  "title": null, 
  "userid": "0iii1"
 }, 
 "model": "coredata.person", 
 "pk": 111
},
{
 "fields": {
  "config": "{}", 
  "emplid": 200000314, 
  "first_name": "Iwbqnhhk", 
  "last_name": "Student", 
  "middle_name": "", 
  "pref_first_name": "Iwbq", 
  "title": null, 
  "userid": "0rrr6"
 }, 
 "model": "coredata.person", 
 "pk": 215
},
{
 "fields": {
  "config": "{}", 
  "emplid": 200000282, 
  "first_name": "Jaluihne", 
  "last_name": "Student", 
  "middle_name": "", 
  "pref_first_name": "Jalu", 
  "title": null, 
  "userid": "0ooo7"
 }, 
 "model": "coredata.person", 
 "pk": 183
},
{
 "fields": {
  "config": "{}", 
  "emplid": 200000264, 
  "first_name": "Jhdkzvvw", 
  "last_name": "Student", 
  "middle_name": "", 
  "pref_first_name": "Jhdk", 
  "title": null, 
  "userid": "0nnn0"
 }, 
 "model": "coredata.person", 
 "pk": 165
},
{
 "fields": {
  "config": "{\"sin\":123456789}", 
  "emplid": 200000316, 
  "first_name": "Jiymsswn", 
  "last_name": "Student", 
  "middle_name": "", 
  "pref_first_name": "Jiym", 
  "title": null, 
  "userid": "0rrr8"
 }, 
 "model": "coredata.person", 
 "pk": 217
},
{
 "fields": {
  "config": "{}", 
  "emplid": 200000151, 
  "first_name": "Jjhfvike", 
  "last_name": "Student", 
  "middle_name": "", 
  "pref_first_name": "Jjhf", 
  "title": null, 
  "userid": "0ccc8"
 }, 
 "model": "coredata.person", 
 "pk": 52
},
{
 "fields": {
  "config": "{}", 
  "emplid": 200000240, 
  "first_name": "Jjijgjxu", 
  "last_name": "Student", 
  "middle_name": "", 
  "pref_first_name": "Jjij", 
  "title": null, 
  "userid": "0kkk9"
 }, 
 "model": "coredata.person", 
 "pk": 141
},
{
 "fields": {
  "config": "{}", 
  "emplid": 200000144, 
  "first_name": "Jjyvrhnx", 
  "last_name": "Student", 
  "middle_name": "", 
  "pref_first_name": "Jjyv", 
  "title": null, 
  "userid": "0ccc1"
 }, 
 "model": "coredata.person", 
 "pk": 45
},
{
 "fields": {
  "config": "{}", 
  "emplid": 200000404, 
  "first_name": "Jniebtdr", 
  "last_name": "Student", 
  "middle_name": "", 
  "pref_first_name": "Jnie", 
  "title": null, 
  "userid": "0zzz8"
 }, 
 "model": "coredata.person", 
 "pk": 305
},
{
 "fields": {
  "config": "{}", 
  "emplid": 200000304, 
  "first_name": "Jpvwetep", 
  "last_name": "Student", 
  "middle_name": "", 
  "pref_first_name": "Jpvw", 
  "title": null, 
  "userid": "0qqq7"
 }, 
 "model": "coredata.person", 
 "pk": 205
},
{
 "fields": {
  "config": "{}", 
  "emplid": 200000331, 
  "first_name": "Jqdzpomd", 
  "last_name": "Student", 
  "middle_name": "", 
  "pref_first_name": "Jqdz", 
  "title": null, 
  "userid": "0ttt1"
 }, 
 "model": "coredata.person", 
 "pk": 232
},
{
 "fields": {
  "config": "{}", 
  "emplid": 200000243, 
  "first_name": "Jrifpmtz", 
  "last_name": "Student", 
  "middle_name": "", 
  "pref_first_name": "Jrif", 
  "title": null, 
  "userid": "0lll1"
 }, 
 "model": "coredata.person", 
 "pk": 144
},
{
 "fields": {
  "config": "{}", 
  "emplid": 200000202, 
  "first_name": "Jrwoaxan", 
  "last_name": "Student", 
  "middle_name": "", 
  "pref_first_name": "Jrwo", 
  "title": null, 
  "userid": "0hhh4"
 }, 
 "model": "coredata.person", 
 "pk": 103
},
{
 "fields": {
  "config": "{}", 
  "emplid": 200000330, 
  "first_name": "Jtlmtkvd", 
  "last_name": "Student", 
  "middle_name": "", 
  "pref_first_name": "Jtlm", 
  "title": null, 
  "userid": "0ttt0"
 }, 
 "model": "coredata.person", 
 "pk": 231
},
{
 "fields": {
  "config": "{}", 
  "emplid": 200000239, 
  "first_name": "Jumvynil", 
  "last_name": "Student", 
  "middle_name": "", 
  "pref_first_name": "Jumv", 
  "title": null, 
  "userid": "0kkk8"
 }, 
 "model": "coredata.person", 
 "pk": 140
},
{
 "fields": {
  "config": "{}", 
  "emplid": 200000348, 
  "first_name": "Jzutcmib", 
  "last_name": "Student", 
  "middle_name": "", 
  "pref_first_name": "Jzut", 
  "title": null, 
  "userid": "0uuu7"
 }, 
 "model": "coredata.person", 
 "pk": 249
},
{
 "fields": {
  "config": "{}", 
  "emplid": 200000169, 
  "first_name": "Kciicigd", 
  "last_name": "Student", 
  "middle_name": "", 
  "pref_first_name": "Kcii", 
  "title": null, 
  "userid": "0eee4"
 }, 
 "model": "coredata.person", 
 "pk": 70
},
{
 "fields": {
  "config": "{}", 
  "emplid": 200000176, 
  "first_name": "Kcrhocfv", 
  "last_name": "Student", 
  "middle_name": "", 
  "pref_first_name": "Kcrh", 
  "title": null, 
  "userid": "0fff0"
 }, 
 "model": "coredata.person", 
 "pk": 77
},
{
 "fields": {
  "config": "{}", 
  "emplid": 200000161, 
  "first_name": "Kihxnysi", 
  "last_name": "Student", 
  "middle_name": "", 
  "pref_first_name": "Kihx", 
  "title": null, 
  "userid": "0ddd7"
 }, 
 "model": "coredata.person", 
 "pk": 62
},
{
 "fields": {
  "config": "{}", 
  "emplid": 200000273, 
  "first_name": "Knycloig", 
  "last_name": "Student", 
  "middle_name": "", 
  "pref_first_name": "Knyc", 
  "title": null, 
  "userid": "0nnn9"
 }, 
 "model": "coredata.person", 
 "pk": 174
},
{
 "fields": {
  "config": "{}", 
  "emplid": 200000291, 
  "first_name": "Kurvobru", 
  "last_name": "Student", 
  "middle_name": "", 
  "pref_first_name": "Kurv", 
  "title": null, 
  "userid": "0ppp5"
 }, 
 "model": "coredata.person", 
 "pk": 192
},
{
 "fields": {
  "config": "{}", 
  "emplid": 200000400, 
  "first_name": "Kxpufbbf", 
  "last_name": "Student", 
  "middle_name": "", 
  "pref_first_name": "Kxpu", 
  "title": null, 
  "userid": "0zzz4"
 }, 
 "model": "coredata.person", 
 "pk": 301
},
{
 "fields": {
  "config": "{}", 
  "emplid": 200000160, 
  "first_name": "Kzuxqhly", 
  "last_name": "Student", 
  "middle_name": "", 
  "pref_first_name": "Kzux", 
  "title": null, 
  "userid": "0ddd6"
 }, 
 "model": "coredata.person", 
 "pk": 61
},
{
 "fields": {
  "config": "{}", 
  "emplid": 200000134, 
  "first_name": "Llnnuzrw", 
  "last_name": "Student", 
  "middle_name": "", 
  "pref_first_name": "Llnn", 
  "title": null, 
  "userid": "0bbb2"
 }, 
 "model": "coredata.person", 
 "pk": 35
},
{
 "fields": {
  "config": "{}", 
  "emplid": 200000157, 
  "first_name": "Lnoewngd", 
  "last_name": "Student", 
  "middle_name": "", 
  "pref_first_name": "Lnoe", 
  "title": null, 
  "userid": "0ddd3"
 }, 
 "model": "coredata.person", 
 "pk": 58
},
{
 "fields": {
  "config": "{}", 
  "emplid": 200000196, 
  "first_name": "Lrgbpeyg", 
  "last_name": "Student", 
  "middle_name": "", 
  "pref_first_name": "Lrgb", 
  "title": null, 
  "userid": "0ggg9"
 }, 
 "model": "coredata.person", 
 "pk": 97
},
{
 "fields": {
  "config": "{}", 
  "emplid": 200000200, 
  "first_name": "Lvymdyno", 
  "last_name": "Student", 
  "middle_name": "", 
  "pref_first_name": "Lvym", 
  "title": null, 
  "userid": "0hhh2"
 }, 
 "model": "coredata.person", 
 "pk": 101
},
{
 "fields": {
  "config": "{}", 
  "emplid": 200000121, 
  "first_name": "Lwaypjpv", 
  "last_name": "Student", 
  "middle_name": "", 
  "pref_first_name": "Lway", 
  "title": null, 
  "userid": "0aaa0"
 }, 
 "model": "coredata.person", 
 "pk": 22
},
{
 "fields": {
  "config": "{}", 
  "emplid": 200000345, 
  "first_name": "Lxtqpfmz", 
  "last_name": "Student", 
  "middle_name": "", 
  "pref_first_name": "Lxtq", 
  "title": null, 
  "userid": "0uuu4"
 }, 
 "model": "coredata.person", 
 "pk": 246
},
{
 "fields": {
  "config": "{}", 
  "emplid": 200000271, 
  "first_name": "Mabszgma", 
  "last_name": "Student", 
  "middle_name": "", 
  "pref_first_name": "Mabs", 
  "title": null, 
  "userid": "0nnn7"
 }, 
 "model": "coredata.person", 
 "pk": 172
},
{
 "fields": {
  "config": "{}", 
  "emplid": 200000223, 
  "first_name": "Mczrwvuf", 
  "last_name": "Student", 
  "middle_name": "", 
  "pref_first_name": "Mczr", 
  "title": null, 
  "userid": "0jjj3"
 }, 
 "model": "coredata.person", 
 "pk": 124
},
{
 "fields": {
  "config": "{}", 
  "emplid": 200000167, 
  "first_name": "Mdupzhex", 
  "last_name": "Student", 
  "middle_name": "", 
  "pref_first_name": "Mdup", 
  "title": null, 
  "userid": "0eee2"
 }, 
 "model": "coredata.person", 
 "pk": 68
},
{
 "fields": {
  "config": "{}", 
  "emplid": 200000313, 
  "first_name": "Mjbgemgp", 
  "last_name": "Student", 
  "middle_name": "", 
  "pref_first_name": "Mjbg", 
  "title": null, 
  "userid": "0rrr5"
 }, 
 "model": "coredata.person", 
 "pk": 214
},
{
 "fields": {
  "config": "{}", 
  "emplid": 200000133, 
  "first_name": "Mjrrqfoo", 
  "last_name": "Student", 
  "middle_name": "", 
  "pref_first_name": "Mjrr", 
  "title": null, 
  "userid": "0bbb1"
 }, 
 "model": "coredata.person", 
 "pk": 34
},
{
 "fields": {
  "config": "{}", 
  "emplid": 200000344, 
  "first_name": "Mpeucyxk", 
  "last_name": "Student", 
  "middle_name": "", 
  "pref_first_name": "Mpeu", 
  "title": null, 
  "userid": "0uuu3"
 }, 
 "model": "coredata.person", 
 "pk": 245
},
{
 "fields": {
  "config": "{}", 
  "emplid": 200000216, 
  "first_name": "Mvdlopfk", 
  "last_name": "Student", 
  "middle_name": "", 
  "pref_first_name": "Mvdl", 
  "title": null, 
  "userid": "0iii7"
 }, 
 "model": "coredata.person", 
 "pk": 117
},
{
 "fields": {
  "config": "{}", 
  "emplid": 200000295, 
  "first_name": "Nockyrzp", 
  "last_name": "Student", 
  "middle_name": "", 
  "pref_first_name": "Nock", 
  "title": null, 
  "userid": "0ppp9"
 }, 
 "model": "coredata.person", 
 "pk": 196
},
{
 "fields": {
  "config": "{}", 
  "emplid": 200000399, 
  "first_name": "Npyhxltc", 
  "last_name": "Student", 
  "middle_name": "", 
  "pref_first_name": "Npyh", 
  "title": null, 
  "userid": "0zzz3"
 }, 
 "model": "coredata.person", 
 "pk": 300
},
{
 "fields": {
  "config": "{}", 
  "emplid": 200000255, 
  "first_name": "Nwpozlkw", 
  "last_name": "Student", 
  "middle_name": "", 
  "pref_first_name": "Nwpo", 
  "title": null, 
  "userid": "0mmm2"
 }, 
 "model": "coredata.person", 
 "pk": 156
},
{
 "fields": {
  "config": "{}", 
  "emplid": 200000182, 
  "first_name": "Nwrvkgnu", 
  "last_name": "Student", 
  "middle_name": "", 
  "pref_first_name": "Nwrv", 
  "title": null, 
  "userid": "0fff6"
 }, 
 "model": "coredata.person", 
 "pk": 83
},
{
 "fields": {
  "config": "{}", 
  "emplid": 200000382, 
  "first_name": "Nwzikqau", 
  "last_name": "Student", 
  "middle_name": "", 
  "pref_first_name": "Nwzi", 
  "title": null, 
  "userid": "0xxx8"
 }, 
 "model": "coredata.person", 
 "pk": 283
},
{
 "fields": {
  "config": "{}", 
  "emplid": 200000268, 
  "first_name": "Oaceaojv", 
  "last_name": "Student", 
  "middle_name": "", 
  "pref_first_name": "Oace", 
  "title": null, 
  "userid": "0nnn4"
 }, 
 "model": "coredata.person", 
 "pk": 169
},
{
 "fields": {
  "config": "{}", 
  "emplid": 200000364, 
  "first_name": "Octylkim", 
  "last_name": "Student", 
  "middle_name": "", 
  "pref_first_name": "Octy", 
  "title": null, 
  "userid": "0www1"
 }, 
 "model": "coredata.person", 
 "pk": 265
},
{
 "fields": {
  "config": "{}", 
  "emplid": 200000277, 
  "first_name": "Ofbxwckv", 
  "last_name": "Student", 
  "middle_name": "", 
  "pref_first_name": "Ofbx", 
  "title": null, 
  "userid": "0ooo2"
 }, 
 "model": "coredata.person", 
 "pk": 178
},
{
 "fields": {
  "config": "{}", 
  "emplid": 200000328, 
  "first_name": "Ojlgaacb", 
  "last_name": "Student", 
  "middle_name": "", 
  "pref_first_name": "Ojlg", 
  "title": null, 
  "userid": "0sss9"
 }, 
 "model": "coredata.person", 
 "pk": 229
},
{
 "fields": {
  "config": "{}", 
  "emplid": 200000354, 
  "first_name": "Ollcshrm", 
  "last_name": "Student", 
  "middle_name": "", 
  "pref_first_name": "Ollc", 
  "title": null, 
  "userid": "0vvv2"
 }, 
 "model": "coredata.person", 
 "pk": 255
},
{
 "fields": {
  "config": "{}", 
  "emplid": 200000217, 
  "first_name": "Omlijjzg", 
  "last_name": "Student", 
  "middle_name": "", 
  "pref_first_name": "Omli", 
  "title": null, 
  "userid": "0iii8"
 }, 
 "model": "coredata.person", 
 "pk": 118
},
{
 "fields": {
  "config": "{}", 
  "emplid": 200000170, 
  "first_name": "Onembtgy", 
  "last_name": "Student", 
  "middle_name": "", 
  "pref_first_name": "Onem", 
  "title": null, 
  "userid": "0eee5"
 }, 
 "model": "coredata.person", 
 "pk": 71
},
{
 "fields": {
  "config": "{}", 
  "emplid": 200000343, 
  "first_name": "Opbwxpzz", 
  "last_name": "Student", 
  "middle_name": "", 
  "pref_first_name": "Opbw", 
  "title": null, 
  "userid": "0uuu2"
 }, 
 "model": "coredata.person", 
 "pk": 244
},
{
 "fields": {
  "config": "{}", 
  "emplid": 200000276, 
  "first_name": "Ordnajxr", 
  "last_name": "Student", 
  "middle_name": "", 
  "pref_first_name": "Ordn", 
  "title": null, 
  "userid": "0ooo1"
 }, 
 "model": "coredata.person", 
 "pk": 177
},
{
 "fields": {
  "config": "{}", 
  "emplid": 200000206, 
  "first_name": "Orunajqz", 
  "last_name": "Student", 
  "middle_name": "", 
  "pref_first_name": "Orun", 
  "title": null, 
  "userid": "0hhh8"
 }, 
 "model": "coredata.person", 
 "pk": 107
},
{
 "fields": {
  "config": "{}", 
  "emplid": 200000352, 
  "first_name": "Otbbzbyx", 
  "last_name": "Student", 
  "middle_name": "", 
  "pref_first_name": "Otbb", 
  "title": null, 
  "userid": "0vvv0"
 }, 
 "model": "coredata.person", 
 "pk": 253
},
{
 "fields": {
  "config": "{}", 
  "emplid": 200000265, 
  "first_name": "Ovjarihd", 
  "last_name": "Student", 
  "middle_name": "", 
  "pref_first_name": "Ovja", 
  "title": null, 
  "userid": "0nnn1"
 }, 
 "model": "coredata.person", 
 "pk": 166
},
{
 "fields": {
  "config": "{}", 
  "emplid": 200000211, 
  "first_name": "Ozhhnftd", 
  "last_name": "Student", 
  "middle_name": "", 
  "pref_first_name": "Ozhh", 
  "title": null, 
  "userid": "0iii2"
 }, 
 "model": "coredata.person", 
 "pk": 112
},
{
 "fields": {
  "config": "{}", 
  "emplid": 200000332, 
  "first_name": "Ozzzmcva", 
  "last_name": "Student", 
  "middle_name": "", 
  "pref_first_name": "Ozzz", 
  "title": null, 
  "userid": "0ttt2"
 }, 
 "model": "coredata.person", 
 "pk": 233
},
{
 "fields": {
  "config": "{}", 
  "emplid": 200000279, 
  "first_name": "Pbjdvlrk", 
  "last_name": "Student", 
  "middle_name": "", 
  "pref_first_name": "Pbjd", 
  "title": null, 
  "userid": "0ooo4"
 }, 
 "model": "coredata.person", 
 "pk": 180
},
{
 "fields": {
  "config": "{}", 
  "emplid": 200000138, 
  "first_name": "Pdcytdqy", 
  "last_name": "Student", 
  "middle_name": "", 
  "pref_first_name": "Pdcy", 
  "title": null, 
  "userid": "0bbb6"
 }, 
 "model": "coredata.person", 
 "pk": 39
},
{
 "fields": {
  "config": "{}", 
  "emplid": 200000228, 
  "first_name": "Pdovwttk", 
  "last_name": "Student", 
  "middle_name": "", 
  "pref_first_name": "Pdov", 
  "title": null, 
  "userid": "0jjj8"
 }, 
 "model": "coredata.person", 
 "pk": 129
},
{
 "fields": {
  "config": "{}", 
  "emplid": 200000184, 
  "first_name": "Phgjngvr", 
  "last_name": "Student", 
  "middle_name": "", 
  "pref_first_name": "Phgj", 
  "title": null, 
  "userid": "0fff8"
 }, 
 "model": "coredata.person", 
 "pk": 85
},
{
 "fields": {
  "config": "{}", 
  "emplid": 200000290, 
  "first_name": "Pkcidiix", 
  "last_name": "Student", 
  "middle_name": "", 
  "pref_first_name": "Pkci", 
  "title": null, 
  "userid": "0ppp4"
 }, 
 "model": "coredata.person", 
 "pk": 191
},
{
 "fields": {
  "config": "{}", 
  "emplid": 200000147, 
  "first_name": "Ppsaidhx", 
  "last_name": "Student", 
  "middle_name": "", 
  "pref_first_name": "Ppsa", 
  "title": null, 
  "userid": "0ccc4"
 }, 
 "model": "coredata.person", 
 "pk": 48
},
{
 "fields": {
  "config": "{}", 
  "emplid": 200000341, 
  "first_name": "Psdvcayq", 
  "last_name": "Student", 
  "middle_name": "", 
  "pref_first_name": "Psdv", 
  "title": null, 
  "userid": "0uuu0"
 }, 
 "model": "coredata.person", 
 "pk": 242
},
{
 "fields": {
  "config": "{}", 
  "emplid": 200000388, 
  "first_name": "Pupvihij", 
  "last_name": "Student", 
  "middle_name": "", 
  "pref_first_name": "Pupv", 
  "title": null, 
  "userid": "0yyy3"
 }, 
 "model": "coredata.person", 
 "pk": 289
},
{
 "fields": {
  "config": "{}", 
  "emplid": 200000250, 
  "first_name": "Pvtzcsno", 
  "last_name": "Student", 
  "middle_name": "", 
  "pref_first_name": "Pvtz", 
  "title": null, 
  "userid": "0lll8"
 }, 
 "model": "coredata.person", 
 "pk": 151
},
{
 "fields": {
  "config": "{}", 
  "emplid": 200000150, 
  "first_name": "Pybjrbki", 
  "last_name": "Student", 
  "middle_name": "", 
  "pref_first_name": "Pybj", 
  "title": null, 
  "userid": "0ccc7"
 }, 
 "model": "coredata.person", 
 "pk": 51
},
{
 "fields": {
  "config": "{}", 
  "emplid": 200000342, 
  "first_name": "Qekuhhpr", 
  "last_name": "Student", 
  "middle_name": "", 
  "pref_first_name": "Qeku", 
  "title": null, 
  "userid": "0uuu1"
 }, 
 "model": "coredata.person", 
 "pk": 243
},
{
 "fields": {
  "config": "{}", 
  "emplid": 200000171, 
  "first_name": "Qgjitiqm", 
  "last_name": "Student", 
  "middle_name": "", 
  "pref_first_name": "Qgji", 
  "title": null, 
  "userid": "0eee6"
 }, 
 "model": "coredata.person", 
 "pk": 72
},
{
 "fields": {
  "config": "{}", 
  "emplid": 200000166, 
  "first_name": "Qgpnzmwj", 
  "last_name": "Student", 
  "middle_name": "", 
  "pref_first_name": "Qgpn", 
  "title": null, 
  "userid": "0eee1"
 }, 
 "model": "coredata.person", 
 "pk": 67
},
{
 "fields": {
  "config": "{}", 
  "emplid": 200000323, 
  "first_name": "Qkbmlcvd", 
  "last_name": "Student", 
  "middle_name": "", 
  "pref_first_name": "Qkbm", 
  "title": null, 
  "userid": "0sss4"
 }, 
 "model": "coredata.person", 
 "pk": 224
},
{
 "fields": {
  "config": "{}", 
  "emplid": 200000146, 
  "first_name": "Qkizwbtp", 
  "last_name": "Student", 
  "middle_name": "", 
  "pref_first_name": "Qkiz", 
  "title": null, 
  "userid": "0ccc3"
 }, 
 "model": "coredata.person", 
 "pk": 47
},
{
 "fields": {
  "config": "{}", 
  "emplid": 200000349, 
  "first_name": "Qlzvtqoz", 
  "last_name": "Student", 
  "middle_name": "", 
  "pref_first_name": "Qlzv", 
  "title": null, 
  "userid": "0uuu8"
 }, 
 "model": "coredata.person", 
 "pk": 250
},
{
 "fields": {
  "config": "{}", 
  "emplid": 200000220, 
  "first_name": "Qpfnwzfb", 
  "last_name": "Student", 
  "middle_name": "", 
  "pref_first_name": "Qpfn", 
  "title": null, 
  "userid": "0jjj0"
 }, 
 "model": "coredata.person", 
 "pk": 121
},
{
 "fields": {
  "config": "{}", 
  "emplid": 200000224, 
  "first_name": "Qrdhnwux", 
  "last_name": "Student", 
  "middle_name": "", 
  "pref_first_name": "Qrdh", 
  "title": null, 
  "userid": "0jjj4"
 }, 
 "model": "coredata.person", 
 "pk": 125
},
{
 "fields": {
  "config": "{}", 
  "emplid": 200000260, 
  "first_name": "Quitsseg", 
  "last_name": "Student", 
  "middle_name": "", 
  "pref_first_name": "Quit", 
  "title": null, 
  "userid": "0mmm7"
 }, 
 "model": "coredata.person", 
 "pk": 161
},
{
 "fields": {
  "config": "{}", 
  "emplid": 200000262, 
  "first_name": "Qvngcacv", 
  "last_name": "Student", 
  "middle_name": "", 
  "pref_first_name": "Qvng", 
  "title": null, 
  "userid": "0mmm9"
 }, 
 "model": "coredata.person", 
 "pk": 163
},
{
 "fields": {
  "config": "{}", 
  "emplid": 200000222, 
  "first_name": "Qwkwjyro", 
  "last_name": "Student", 
  "middle_name": "", 
  "pref_first_name": "Qwkw", 
  "title": null, 
  "userid": "0jjj2"
 }, 
 "model": "coredata.person", 
 "pk": 123
},
{
 "fields": {
  "config": "{}", 
  "emplid": 200000402, 
  "first_name": "Qyhmutvu", 
  "last_name": "Student", 
  "middle_name": "", 
  "pref_first_name": "Qyhm", 
  "title": null, 
  "userid": "0zzz6"
 }, 
 "model": "coredata.person", 
 "pk": 303
},
{
 "fields": {
  "config": "{}", 
  "emplid": 200000259, 
  "first_name": "Raemseym", 
  "last_name": "Student", 
  "middle_name": "", 
  "pref_first_name": "Raem", 
  "title": null, 
  "userid": "0mmm6"
 }, 
 "model": "coredata.person", 
 "pk": 160
},
{
 "fields": {
  "config": "{}", 
  "emplid": 200000310, 
  "first_name": "Raosmhbs", 
  "last_name": "Student", 
  "middle_name": "", 
  "pref_first_name": "Raos", 
  "title": null, 
  "userid": "0rrr2"
 }, 
 "model": "coredata.person", 
 "pk": 211
},
{
 "fields": {
  "config": "{}", 
  "emplid": 200000372, 
  "first_name": "Rdnyzbln", 
  "last_name": "Student", 
  "middle_name": "", 
  "pref_first_name": "Rdny", 
  "title": null, 
  "userid": "0www9"
 }, 
 "model": "coredata.person", 
 "pk": 273
},
{
 "fields": {
  "config": "{}", 
  "emplid": 200000383, 
  "first_name": "Reqcwlxe", 
  "last_name": "Student", 
  "middle_name": "", 
  "pref_first_name": "Reqc", 
  "title": null, 
  "userid": "0xxx9"
 }, 
 "model": "coredata.person", 
 "pk": 284
},
{
 "fields": {
  "config": "{}", 
  "emplid": 200000173, 
  "first_name": "Rerblbxu", 
  "last_name": "Student", 
  "middle_name": "", 
  "pref_first_name": "Rerb", 
  "title": null, 
  "userid": "0eee8"
 }, 
 "model": "coredata.person", 
 "pk": 74
},
{
 "fields": {
  "config": "{}", 
  "emplid": 200000242, 
  "first_name": "Rffxknyl", 
  "last_name": "Student", 
  "middle_name": "", 
  "pref_first_name": "Rffx", 
  "title": null, 
  "userid": "0lll0"
 }, 
 "model": "coredata.person", 
 "pk": 143
},
{
 "fields": {
  "config": "{}", 
  "emplid": 200000355, 
  "first_name": "Rgbighvw", 
  "last_name": "Student", 
  "middle_name": "", 
  "pref_first_name": "Rgbi", 
  "title": null, 
  "userid": "0vvv3"
 }, 
 "model": "coredata.person", 
 "pk": 256
},
{
 "fields": {
  "config": "{}", 
  "emplid": 200000249, 
  "first_name": "Rjoeeoci", 
  "last_name": "Student", 
  "middle_name": "", 
  "pref_first_name": "Rjoe", 
  "title": null, 
  "userid": "0lll7"
 }, 
 "model": "coredata.person", 
 "pk": 150
},
{
 "fields": {
  "config": "{}", 
  "emplid": 200000132, 
  "first_name": "Rkwknqih", 
  "last_name": "Student", 
  "middle_name": "", 
  "pref_first_name": "Rkwk", 
  "title": null, 
  "userid": "0bbb0"
 }, 
 "model": "coredata.person", 
 "pk": 33
},
{
 "fields": {
  "config": "{}", 
  "emplid": 200000303, 
  "first_name": "Rmaollun", 
  "last_name": "Student", 
  "middle_name": "", 
  "pref_first_name": "Rmao", 
  "title": null, 
  "userid": "0qqq6"
 }, 
 "model": "coredata.person", 
 "pk": 204
},
{
 "fields": {
  "config": "{}", 
  "emplid": 200000195, 
  "first_name": "Rvqvtuwo", 
  "last_name": "Student", 
  "middle_name": "", 
  "pref_first_name": "Rvqv", 
  "title": null, 
  "userid": "0ggg8"
 }, 
 "model": "coredata.person", 
 "pk": 96
},
{
 "fields": {
  "config": "{}", 
  "emplid": 200000130, 
  "first_name": "Rzbbjsju", 
  "last_name": "Student", 
  "middle_name": "", 
  "pref_first_name": "Rzbb", 
  "title": null, 
  "userid": "0aaa9"
 }, 
 "model": "coredata.person", 
 "pk": 31
},
{
 "fields": {
  "config": "{}", 
  "emplid": 200000139, 
  "first_name": "Sbhyhfgi", 
  "last_name": "Student", 
  "middle_name": "", 
  "pref_first_name": "Sbhy", 
  "title": null, 
  "userid": "0bbb7"
 }, 
 "model": "coredata.person", 
 "pk": 40
},
{
 "fields": {
  "config": "{}", 
  "emplid": 200000312, 
  "first_name": "Scwgauul", 
  "last_name": "Student", 
  "middle_name": "", 
  "pref_first_name": "Scwg", 
  "title": null, 
  "userid": "0rrr4"
 }, 
 "model": "coredata.person", 
 "pk": 213
},
{
 "fields": {
  "config": "{}", 
  "emplid": 200000336, 
  "first_name": "Sfzfkqve", 
  "last_name": "Student", 
  "middle_name": "", 
  "pref_first_name": "Sfzf", 
  "title": null, 
  "userid": "0ttt6"
 }, 
 "model": "coredata.person", 
 "pk": 237
},
{
 "fields": {
  "config": "{}", 
  "emplid": 200000123, 
  "first_name": "Smeygefa", 
  "last_name": "Student", 
  "middle_name": "", 
  "pref_first_name": "Smey", 
  "title": null, 
  "userid": "0aaa2"
 }, 
 "model": "coredata.person", 
 "pk": 24
},
{
 "fields": {
  "config": "{}", 
  "emplid": 200000367, 
  "first_name": "Snvaxjwp", 
  "last_name": "Student", 
  "middle_name": "", 
  "pref_first_name": "Snva", 
  "title": null, 
  "userid": "0www4"
 }, 
 "model": "coredata.person", 
 "pk": 268
},
{
 "fields": {
  "config": "{}", 
  "emplid": 200000269, 
  "first_name": "Sonpjwia", 
  "last_name": "Student", 
  "middle_name": "", 
  "pref_first_name": "Sonp", 
  "title": null, 
  "userid": "0nnn5"
 }, 
 "model": "coredata.person", 
 "pk": 170
},
{
 "fields": {
  "config": "{}", 
  "emplid": 200000334, 
  "first_name": "Stflvokm", 
  "last_name": "Student", 
  "middle_name": "", 
  "pref_first_name": "Stfl", 
  "title": null, 
  "userid": "0ttt4"
 }, 
 "model": "coredata.person", 
 "pk": 235
},
{
 "fields": {
  "config": "{}", 
  "emplid": 200000180, 
  "first_name": "Sxcvumzm", 
  "last_name": "Student", 
  "middle_name": "", 
  "pref_first_name": "Sxcv", 
  "title": null, 
  "userid": "0fff4"
 }, 
 "model": "coredata.person", 
 "pk": 81
},
{
 "fields": {
  "config": "{}", 
  "emplid": 200000212, 
  "first_name": "Sztsgbld", 
  "last_name": "Student", 
  "middle_name": "", 
  "pref_first_name": "Szts", 
  "title": null, 
  "userid": "0iii3"
 }, 
 "model": "coredata.person", 
 "pk": 113
},
{
 "fields": {
  "config": "{}", 
  "emplid": 200000213, 
  "first_name": "Tehdvyex", 
  "last_name": "Student", 
  "middle_name": "", 
  "pref_first_name": "Tehd", 
  "title": null, 
  "userid": "0iii4"
 }, 
 "model": "coredata.person", 
 "pk": 114
},
{
 "fields": {
  "config": "{}", 
  "emplid": 200000194, 
  "first_name": "Teommifd", 
  "last_name": "Student", 
  "middle_name": "", 
  "pref_first_name": "Teom", 
  "title": null, 
  "userid": "0ggg7"
 }, 
 "model": "coredata.person", 
 "pk": 95
},
{
 "fields": {
  "config": "{}", 
  "emplid": 200000245, 
  "first_name": "Tinukosq", 
  "last_name": "Student", 
  "middle_name": "", 
  "pref_first_name": "Tinu", 
  "title": null, 
  "userid": "0lll3"
 }, 
 "model": "coredata.person", 
 "pk": 146
},
{
 "fields": {
  "config": "{}", 
  "emplid": 200000320, 
  "first_name": "Tqzeskud", 
  "last_name": "Student", 
  "middle_name": "", 
  "pref_first_name": "Tqze", 
  "title": null, 
  "userid": "0sss1"
 }, 
 "model": "coredata.person", 
 "pk": 221
},
{
 "fields": {
  "config": "{}", 
  "emplid": 200000333, 
  "first_name": "Trkgufas", 
  "last_name": "Student", 
  "middle_name": "", 
  "pref_first_name": "Trkg", 
  "title": null, 
  "userid": "0ttt3"
 }, 
 "model": "coredata.person", 
 "pk": 234
},
{
 "fields": {
  "config": "{}", 
  "emplid": 200000190, 
  "first_name": "Tsdtpyqh", 
  "last_name": "Student", 
  "middle_name": "", 
  "pref_first_name": "Tsdt", 
  "title": null, 
  "userid": "0ggg3"
 }, 
 "model": "coredata.person", 
 "pk": 91
},
{
 "fields": {
  "config": "{}", 
  "emplid": 200000257, 
  "first_name": "Tsklfvyw", 
  "last_name": "Student", 
  "middle_name": "", 
  "pref_first_name": "Tskl", 
  "title": null, 
  "userid": "0mmm4"
 }, 
 "model": "coredata.person", 
 "pk": 158
},
{
 "fields": {
  "config": "{}", 
  "emplid": 200000392, 
  "first_name": "Twjyjibp", 
  "last_name": "Student", 
  "middle_name": "", 
  "pref_first_name": "Twjy", 
  "title": null, 
  "userid": "0yyy7"
 }, 
 "model": "coredata.person", 
 "pk": 293
},
{
 "fields": {
  "config": "{}", 
  "emplid": 200000218, 
  "first_name": "Txngrmoz", 
  "last_name": "Student", 
  "middle_name": "", 
  "pref_first_name": "Txng", 
  "title": null, 
  "userid": "0iii9"
 }, 
 "model": "coredata.person", 
 "pk": 119
},
{
 "fields": {
  "config": "{\"sin\":123456789}", 
  "emplid": 200000299, 
  "first_name": "Ugcaqcpa", 
  "last_name": "Student", 
  "middle_name": "", 
  "pref_first_name": "Ugca", 
  "title": null, 
  "userid": "0qqq2"
 }, 
 "model": "coredata.person", 
 "pk": 200
},
{
 "fields": {
  "config": "{}", 
  "emplid": 200000187, 
  "first_name": "Ugfzpywp", 
  "last_name": "Student", 
  "middle_name": "", 
  "pref_first_name": "Ugfz", 
  "title": null, 
  "userid": "0ggg0"
 }, 
 "model": "coredata.person", 
 "pk": 88
},
{
 "fields": {
  "config": "{}", 
  "emplid": 200000405, 
  "first_name": "Uirqrmhn", 
  "last_name": "Student", 
  "middle_name": "", 
  "pref_first_name": "Uirq", 
  "title": null, 
  "userid": "0zzz9"
 }, 
 "model": "coredata.person", 
 "pk": 306
},
{
 "fields": {
  "config": "{}", 
  "emplid": 200000152, 
  "first_name": "Umngdoiu", 
  "last_name": "Student", 
  "middle_name": "", 
  "pref_first_name": "Umng", 
  "title": null, 
  "userid": "0ccc9"
 }, 
 "model": "coredata.person", 
 "pk": 53
},
{
 "fields": {
  "config": "{}", 
  "emplid": 200000154, 
  "first_name": "Uoinbhmy", 
  "last_name": "Student", 
  "middle_name": "", 
  "pref_first_name": "Uoin", 
  "title": null, 
  "userid": "0ddd0"
 }, 
 "model": "coredata.person", 
 "pk": 55
},
{
 "fields": {
  "config": "{}", 
  "emplid": 200000246, 
  "first_name": "Uptiwnmh", 
  "last_name": "Student", 
  "middle_name": "", 
  "pref_first_name": "Upti", 
  "title": null, 
  "userid": "0lll4"
 }, 
 "model": "coredata.person", 
 "pk": 147
},
{
 "fields": {
  "config": "{}", 
  "emplid": 200000306, 
  "first_name": "Uqsmjtui", 
  "last_name": "Student", 
  "middle_name": "", 
  "pref_first_name": "Uqsm", 
  "title": null, 
  "userid": "0qqq9"
 }, 
 "model": "coredata.person", 
 "pk": 207
},
{
 "fields": {
  "config": "{}", 
  "emplid": 200000127, 
  "first_name": "Utubnhen", 
  "last_name": "Student", 
  "middle_name": "", 
  "pref_first_name": "Utub", 
  "title": null, 
  "userid": "0aaa6"
 }, 
 "model": "coredata.person", 
 "pk": 28
},
{
 "fields": {
  "config": "{}", 
  "emplid": 200000266, 
  "first_name": "Uwubmzuq", 
  "last_name": "Student", 
  "middle_name": "", 
  "pref_first_name": "Uwub", 
  "title": null, 
  "userid": "0nnn2"
 }, 
 "model": "coredata.person", 
 "pk": 167
},
{
 "fields": {
  "config": "{}", 
  "emplid": 200000214, 
  "first_name": "Uxxeqhqp", 
  "last_name": "Student", 
  "middle_name": "", 
  "pref_first_name": "Uxxe", 
  "title": null, 
  "userid": "0iii5"
 }, 
 "model": "coredata.person", 
 "pk": 115
},
{
 "fields": {
  "config": "{}", 
  "emplid": 200000125, 
  "first_name": "Vazghcay", 
  "last_name": "Student", 
  "middle_name": "", 
  "pref_first_name": "Vazg", 
  "title": null, 
  "userid": "0aaa4"
 }, 
 "model": "coredata.person", 
 "pk": 26
},
{
 "fields": {
  "config": "{}", 
  "emplid": 200000149, 
  "first_name": "Vbnlfupy", 
  "last_name": "Student", 
  "middle_name": "", 
  "pref_first_name": "Vbnl", 
  "title": null, 
  "userid": "0ccc6"
 }, 
 "model": "coredata.person", 
 "pk": 50
},
{
 "fields": {
  "config": "{}", 
  "emplid": 200000286, 
  "first_name": "Venicbbc", 
  "last_name": "Student", 
  "middle_name": "", 
  "pref_first_name": "Veni", 
  "title": null, 
  "userid": "0ppp0"
 }, 
 "model": "coredata.person", 
 "pk": 187
},
{
 "fields": {
  "config": "{}", 
  "emplid": 200000225, 
  "first_name": "Vfnnyakw", 
  "last_name": "Student", 
  "middle_name": "", 
  "pref_first_name": "Vfnn", 
  "title": null, 
  "userid": "0jjj5"
 }, 
 "model": "coredata.person", 
 "pk": 126
},
{
 "fields": {
  "config": "{}", 
  "emplid": 200000396, 
  "first_name": "Vgyruddf", 
  "last_name": "Student", 
  "middle_name": "", 
  "pref_first_name": "Vgyr", 
  "title": null, 
  "userid": "0zzz0"
 }, 
 "model": "coredata.person", 
 "pk": 297
},
{
 "fields": {
  "config": "{}", 
  "emplid": 200000319, 
  "first_name": "Vjnzrxky", 
  "last_name": "Student", 
  "middle_name": "", 
  "pref_first_name": "Vjnz", 
  "title": null, 
  "userid": "0sss0"
 }, 
 "model": "coredata.person", 
 "pk": 220
},
{
 "fields": {
  "config": "{}", 
  "emplid": 200000324, 
  "first_name": "Vkffjhpt", 
  "last_name": "Student", 
  "middle_name": "", 
  "pref_first_name": "Vkff", 
  "title": null, 
  "userid": "0sss5"
 }, 
 "model": "coredata.person", 
 "pk": 225
},
{
 "fields": {
  "config": "{}", 
  "emplid": 200000386, 
  "first_name": "Vlcikmhq", 
  "last_name": "Student", 
  "middle_name": "", 
  "pref_first_name": "Vlci", 
  "title": null, 
  "userid": "0yyy1"
 }, 
 "model": "coredata.person", 
 "pk": 287
},
{
 "fields": {
  "config": "{}", 
  "emplid": 200000325, 
  "first_name": "Vmbywsgj", 
  "last_name": "Student", 
  "middle_name": "", 
  "pref_first_name": "Vmby", 
  "title": null, 
  "userid": "0sss6"
 }, 
 "model": "coredata.person", 
 "pk": 226
},
{
 "fields": {
  "config": "{}", 
  "emplid": 200000297, 
  "first_name": "Vpzecwdw", 
  "last_name": "Student", 
  "middle_name": "", 
  "pref_first_name": "Vpze", 
  "title": null, 
  "userid": "0qqq0"
 }, 
 "model": "coredata.person", 
 "pk": 198
},
{
 "fields": {
  "config": "{}", 
  "emplid": 200000335, 
  "first_name": "Vsmaagfi", 
  "last_name": "Student", 
  "middle_name": "", 
  "pref_first_name": "Vsma", 
  "title": null, 
  "userid": "0ttt5"
 }, 
 "model": "coredata.person", 
 "pk": 236
},
{
 "fields": {
  "config": "{}", 
  "emplid": 200000385, 
  "first_name": "Vvmtfnsa", 
  "last_name": "Student", 
  "middle_name": "", 
  "pref_first_name": "Vvmt", 
  "title": null, 
  "userid": "0yyy0"
 }, 
 "model": "coredata.person", 
 "pk": 286
},
{
 "fields": {
  "config": "{}", 
  "emplid": 200000288, 
  "first_name": "Vygyxokm", 
  "last_name": "Student", 
  "middle_name": "", 
  "pref_first_name": "Vygy", 
  "title": null, 
  "userid": "0ppp2"
 }, 
 "model": "coredata.person", 
 "pk": 189
},
{
 "fields": {
  "config": "{}", 
  "emplid": 200000284, 
  "first_name": "Vylnmcgp", 
  "last_name": "Student", 
  "middle_name": "", 
  "pref_first_name": "Vyln", 
  "title": null, 
  "userid": "0ooo9"
 }, 
 "model": "coredata.person", 
 "pk": 185
},
{
 "fields": {
  "config": "{}", 
  "emplid": 200000401, 
  "first_name": "Wbrqgowt", 
  "last_name": "Student", 
  "middle_name": "", 
  "pref_first_name": "Wbrq", 
  "title": null, 
  "userid": "0zzz5"
 }, 
 "model": "coredata.person", 
 "pk": 302
},
{
 "fields": {
  "config": "{}", 
  "emplid": 200000337, 
  "first_name": "Wcdxyqpw", 
  "last_name": "Student", 
  "middle_name": "", 
  "pref_first_name": "Wcdx", 
  "title": null, 
  "userid": "0ttt7"
 }, 
 "model": "coredata.person", 
 "pk": 238
},
{
 "fields": {
  "config": "{}", 
  "emplid": 200000315, 
  "first_name": "Wehpzkzj", 
  "last_name": "Student", 
  "middle_name": "", 
  "pref_first_name": "Wehp", 
  "title": null, 
  "userid": "0rrr7"
 }, 
 "model": "coredata.person", 
 "pk": 216
},
{
 "fields": {
  "config": "{}", 
  "emplid": 200000353, 
  "first_name": "Wfddvrxk", 
  "last_name": "Student", 
  "middle_name": "", 
  "pref_first_name": "Wfdd", 
  "title": null, 
  "userid": "0vvv1"
 }, 
 "model": "coredata.person", 
 "pk": 254
},
{
 "fields": {
  "config": "{}", 
  "emplid": 200000389, 
  "first_name": "Whuszdqd", 
  "last_name": "Student", 
  "middle_name": "", 
  "pref_first_name": "Whus", 
  "title": null, 
  "userid": "0yyy4"
 }, 
 "model": "coredata.person", 
 "pk": 290
},
{
 "fields": {
  "config": "{}", 
  "emplid": 200000238, 
  "first_name": "Wjtkscaj", 
  "last_name": "Student", 
  "middle_name": "", 
  "pref_first_name": "Wjtk", 
  "title": null, 
  "userid": "0kkk7"
 }, 
 "model": "coredata.person", 
 "pk": 139
},
{
 "fields": {
  "config": "{}", 
  "emplid": 200000278, 
  "first_name": "Wjwhxxst", 
  "last_name": "Student", 
  "middle_name": "", 
  "pref_first_name": "Wjwh", 
  "title": null, 
  "userid": "0ooo3"
 }, 
 "model": "coredata.person", 
 "pk": 179
},
{
 "fields": {
  "config": "{}", 
  "emplid": 200000281, 
  "first_name": "Wknpvogp", 
  "last_name": "Student", 
  "middle_name": "", 
  "pref_first_name": "Wknp", 
  "title": null, 
  "userid": "0ooo6"
 }, 
 "model": "coredata.person", 
 "pk": 182
},
{
 "fields": {
  "config": "{}", 
  "emplid": 200000376, 
  "first_name": "Wqfodugb", 
  "last_name": "Student", 
  "middle_name": "", 
  "pref_first_name": "Wqfo", 
  "title": null, 
  "userid": "0xxx2"
 }, 
 "model": "coredata.person", 
 "pk": 277
},
{
 "fields": {
  "config": "{}", 
  "emplid": 200000393, 
  "first_name": "Wrhzdmok", 
  "last_name": "Student", 
  "middle_name": "", 
  "pref_first_name": "Wrhz", 
  "title": null, 
  "userid": "0yyy8"
 }, 
 "model": "coredata.person", 
 "pk": 294
},
{
 "fields": {
  "config": "{}", 
  "emplid": 200000248, 
  "first_name": "Wvfcdvxg", 
  "last_name": "Student", 
  "middle_name": "", 
  "pref_first_name": "Wvfc", 
  "title": null, 
  "userid": "0lll6"
 }, 
 "model": "coredata.person", 
 "pk": 149
},
{
 "fields": {
  "config": "{}", 
  "emplid": 200000233, 
  "first_name": "Wyagfffi", 
  "last_name": "Student", 
  "middle_name": "", 
  "pref_first_name": "Wyag", 
  "title": null, 
  "userid": "0kkk2"
 }, 
 "model": "coredata.person", 
 "pk": 134
},
{
 "fields": {
  "config": "{}", 
  "emplid": 200000368, 
  "first_name": "Wywxmvvq", 
  "last_name": "Student", 
  "middle_name": "", 
  "pref_first_name": "Wywx", 
  "title": null, 
  "userid": "0www5"
 }, 
 "model": "coredata.person", 
 "pk": 269
},
{
 "fields": {
  "config": "{}", 
  "emplid": 200000287, 
  "first_name": "Xdcxvgtc", 
  "last_name": "Student", 
  "middle_name": "", 
  "pref_first_name": "Xdcx", 
  "title": null, 
  "userid": "0ppp1"
 }, 
 "model": "coredata.person", 
 "pk": 188
},
{
 "fields": {
  "config": "{}", 
  "emplid": 200000232, 
  "first_name": "Xflumhgi", 
  "last_name": "Student", 
  "middle_name": "", 
  "pref_first_name": "Xflu", 
  "title": null, 
  "userid": "0kkk1"
 }, 
 "model": "coredata.person", 
 "pk": 133
},
{
 "fields": {
  "config": "{}", 
  "emplid": 200000391, 
  "first_name": "Xjicjsau", 
  "last_name": "Student", 
  "middle_name": "", 
  "pref_first_name": "Xjic", 
  "title": null, 
  "userid": "0yyy6"
 }, 
 "model": "coredata.person", 
 "pk": 292
},
{
 "fields": {
  "config": "{}", 
  "emplid": 200000380, 
  "first_name": "Xjnwbxoi", 
  "last_name": "Student", 
  "middle_name": "", 
  "pref_first_name": "Xjnw", 
  "title": null, 
  "userid": "0xxx6"
 }, 
 "model": "coredata.person", 
 "pk": 281
},
{
 "fields": {
  "config": "{}", 
  "emplid": 200000256, 
  "first_name": "Xjpqysuz", 
  "last_name": "Student", 
  "middle_name": "", 
  "pref_first_name": "Xjpq", 
  "title": null, 
  "userid": "0mmm3"
 }, 
 "model": "coredata.person", 
 "pk": 157
},
{
 "fields": {
  "config": "{}", 
  "emplid": 200000369, 
  "first_name": "Xnrgcdxj", 
  "last_name": "Student", 
  "middle_name": "", 
  "pref_first_name": "Xnrg", 
  "title": null, 
  "userid": "0www6"
 }, 
 "model": "coredata.person", 
 "pk": 270
},
{
 "fields": {
  "config": "{}", 
  "emplid": 200000403, 
  "first_name": "Xqaztxhw", 
  "last_name": "Student", 
  "middle_name": "", 
  "pref_first_name": "Xqaz", 
  "title": null, 
  "userid": "0zzz7"
 }, 
 "model": "coredata.person", 
 "pk": 304
},
{
 "fields": {
  "config": "{}", 
  "emplid": 200000272, 
  "first_name": "Xrgnihbr", 
  "last_name": "Student", 
  "middle_name": "", 
  "pref_first_name": "Xrgn", 
  "title": null, 
  "userid": "0nnn8"
 }, 
 "model": "coredata.person", 
 "pk": 173
},
{
 "fields": {
  "config": "{}", 
  "emplid": 200000128, 
  "first_name": "Xvbyskyx", 
  "last_name": "Student", 
  "middle_name": "", 
  "pref_first_name": "Xvby", 
  "title": null, 
  "userid": "0aaa7"
 }, 
 "model": "coredata.person", 
 "pk": 29
},
{
 "fields": {
  "config": "{}", 
  "emplid": 200000360, 
  "first_name": "Yjkbywdv", 
  "last_name": "Student", 
  "middle_name": "", 
  "pref_first_name": "Yjkb", 
  "title": null, 
  "userid": "0vvv8"
 }, 
 "model": "coredata.person", 
 "pk": 261
},
{
 "fields": {
  "config": "{}", 
  "emplid": 200000234, 
  "first_name": "Yjtwvovc", 
  "last_name": "Student", 
  "middle_name": "", 
  "pref_first_name": "Yjtw", 
  "title": null, 
  "userid": "0kkk3"
 }, 
 "model": "coredata.person", 
 "pk": 135
},
{
 "fields": {
  "config": "{}", 
  "emplid": 200000321, 
  "first_name": "Yjwnwhkx", 
  "last_name": "Student", 
  "middle_name": "", 
  "pref_first_name": "Yjwn", 
  "title": null, 
  "userid": "0sss2"
 }, 
 "model": "coredata.person", 
 "pk": 222
},
{
 "fields": {
  "config": "{}", 
  "emplid": 200000231, 
  "first_name": "Ykxsmcqq", 
  "last_name": "Student", 
  "middle_name": "", 
  "pref_first_name": "Ykxs", 
  "title": null, 
  "userid": "0kkk0"
 }, 
 "model": "coredata.person", 
 "pk": 132
},
{
 "fields": {
  "config": "{}", 
  "emplid": 200000283, 
  "first_name": "Ymhgrbrz", 
  "last_name": "Student", 
  "middle_name": "", 
  "pref_first_name": "Ymhg", 
  "title": null, 
  "userid": "0ooo8"
 }, 
 "model": "coredata.person", 
 "pk": 184
},
{
 "fields": {
  "config": "{}", 
  "emplid": 200000326, 
  "first_name": "Yqznuojc", 
  "last_name": "Student", 
  "middle_name": "", 
  "pref_first_name": "Yqzn", 
  "title": null, 
  "userid": "0sss7"
 }, 
 "model": "coredata.person", 
 "pk": 227
},
{
 "fields": {
  "config": "{}", 
  "emplid": 200000168, 
  "first_name": "Yrmkpvic", 
  "last_name": "Student", 
  "middle_name": "", 
  "pref_first_name": "Yrmk", 
  "title": null, 
  "userid": "0eee3"
 }, 
 "model": "coredata.person", 
 "pk": 69
},
{
 "fields": {
  "config": "{}", 
  "emplid": 200000309, 
  "first_name": "Ywjnultn", 
  "last_name": "Student", 
  "middle_name": "", 
  "pref_first_name": "Ywjn", 
  "title": null, 
  "userid": "0rrr1"
 }, 
 "model": "coredata.person", 
 "pk": 210
},
{
 "fields": {
  "config": "{}", 
  "emplid": 200000366, 
  "first_name": "Yzliwvpc", 
  "last_name": "Student", 
  "middle_name": "", 
  "pref_first_name": "Yzli", 
  "title": null, 
  "userid": "0www3"
 }, 
 "model": "coredata.person", 
 "pk": 267
},
{
 "fields": {
  "config": "{}", 
  "emplid": 200000347, 
  "first_name": "Zamkmzub", 
  "last_name": "Student", 
  "middle_name": "", 
  "pref_first_name": "Zamk", 
  "title": null, 
  "userid": "0uuu6"
 }, 
 "model": "coredata.person", 
 "pk": 248
},
{
 "fields": {
  "config": "{}", 
  "emplid": 200000165, 
  "first_name": "Zbnynyfj", 
  "last_name": "Student", 
  "middle_name": "", 
  "pref_first_name": "Zbny", 
  "title": null, 
  "userid": "0eee0"
 }, 
 "model": "coredata.person", 
 "pk": 66
},
{
 "fields": {
  "config": "{}", 
  "emplid": 200000267, 
  "first_name": "Zebqjlqt", 
  "last_name": "Student", 
  "middle_name": "", 
  "pref_first_name": "Zebq", 
  "title": null, 
  "userid": "0nnn3"
 }, 
 "model": "coredata.person", 
 "pk": 168
},
{
 "fields": {
  "config": "{}", 
  "emplid": 200000359, 
  "first_name": "Zgrbufis", 
  "last_name": "Student", 
  "middle_name": "", 
  "pref_first_name": "Zgrb", 
  "title": null, 
  "userid": "0vvv7"
 }, 
 "model": "coredata.person", 
 "pk": 260
},
{
 "fields": {
  "config": "{}", 
  "emplid": 200000145, 
  "first_name": "Zilnjjrd", 
  "last_name": "Student", 
  "middle_name": "", 
  "pref_first_name": "Ziln", 
  "title": null, 
  "userid": "0ccc2"
 }, 
 "model": "coredata.person", 
 "pk": 46
},
{
 "fields": {
  "config": "{}", 
  "emplid": 200000207, 
  "first_name": "Zlcwtqap", 
  "last_name": "Student", 
  "middle_name": "", 
  "pref_first_name": "Zlcw", 
  "title": null, 
  "userid": "0hhh9"
 }, 
 "model": "coredata.person", 
 "pk": 108
},
{
 "fields": {
  "config": "{}", 
  "emplid": 200000381, 
  "first_name": "Znuztziz", 
  "last_name": "Student", 
  "middle_name": "", 
  "pref_first_name": "Znuz", 
  "title": null, 
  "userid": "0xxx7"
 }, 
 "model": "coredata.person", 
 "pk": 282
},
{
 "fields": {
  "config": "{}", 
  "emplid": 200000280, 
  "first_name": "Zoikowrh", 
  "last_name": "Student", 
  "middle_name": "", 
  "pref_first_name": "Zoik", 
  "title": null, 
  "userid": "0ooo5"
 }, 
 "model": "coredata.person", 
 "pk": 181
},
{
 "fields": {
  "config": "{}", 
  "emplid": 200000148, 
  "first_name": "Zuqeepla", 
  "last_name": "Student", 
  "middle_name": "", 
  "pref_first_name": "Zuqe", 
  "title": null, 
  "userid": "0ccc5"
 }, 
 "model": "coredata.person", 
 "pk": 49
},
{
 "fields": {
  "config": "{}", 
  "emplid": 200000188, 
  "first_name": "Zvtnyvqx", 
  "last_name": "Student", 
  "middle_name": "", 
  "pref_first_name": "Zvtn", 
  "title": null, 
  "userid": "0ggg1"
 }, 
 "model": "coredata.person", 
 "pk": 89
},
{
 "fields": {
  "config": "{}", 
  "emplid": 200000237, 
  "first_name": "Zybpfaus", 
  "last_name": "Student", 
  "middle_name": "", 
  "pref_first_name": "Zybp", 
  "title": null, 
  "userid": "0kkk6"
 }, 
 "model": "coredata.person", 
 "pk": 138
},
{
 "fields": {
  "config": "{\"lastimport\":1401488650}", 
  "emplid": 200000120, 
  "first_name": "Geoffrey", 
  "last_name": "Tien", 
  "middle_name": "Cheng-Li", 
  "pref_first_name": "Geoffrey", 
  "title": "Mr", 
  "userid": "gtien"
 }, 
 "model": "coredata.person", 
 "pk": 15
},
{
 "fields": {
  "config": "{\"privacy_signed\":true,\"privacy_version\":1,\"privacy_date\":\"2014-05-30\"}", 
  "emplid": 200000409, 
  "first_name": "Danyu", 
  "last_name": "Zhao", 
  "middle_name": null, 
  "pref_first_name": "Danyu", 
  "title": null, 
  "userid": "dzhao"
 }, 
 "model": "coredata.person", 
 "pk": 310
},
{
 "fields": {
  "added_reason": "AUTO", 
  "career": "NONS", 
  "config": "{}", 
  "credits": 0, 
  "labtut_section": null, 
  "offering": 24, 
  "official_grade": null, 
  "person": 32, 
  "role": "TA"
 }, 
 "model": "coredata.member", 
 "pk": 59
},
{
 "fields": {
  "added_reason": "AUTO", 
  "career": "NONS", 
  "config": "{}", 
  "credits": 0, 
  "labtut_section": null, 
  "offering": 24, 
  "official_grade": null, 
  "person": 1, 
  "role": "INST"
 }, 
 "model": "coredata.member", 
 "pk": 1
},
{
 "fields": {
  "added_reason": "AUTO", 
  "career": "UGRD", 
  "config": "{}", 
  "credits": 3, 
  "labtut_section": null, 
  "offering": 24, 
  "official_grade": null, 
  "person": 30, 
  "role": "STUD"
 }, 
 "model": "coredata.member", 
 "pk": 57
},
{
 "fields": {
  "added_reason": "AUTO", 
  "career": "UGRD", 
  "config": "{}", 
  "credits": 3, 
  "labtut_section": null, 
  "offering": 24, 
  "official_grade": null, 
  "person": 27, 
  "role": "STUD"
 }, 
 "model": "coredata.member", 
 "pk": 54
},
{
 "fields": {
  "added_reason": "AUTO", 
  "career": "UGRD", 
  "config": "{}", 
  "credits": 3, 
  "labtut_section": null, 
  "offering": 24, 
  "official_grade": null, 
  "person": 23, 
  "role": "STUD"
 }, 
 "model": "coredata.member", 
 "pk": 50
},
{
 "fields": {
  "added_reason": "AUTO", 
  "career": "UGRD", 
  "config": "{}", 
  "credits": 3, 
  "labtut_section": null, 
  "offering": 24, 
  "official_grade": null, 
  "person": 25, 
  "role": "STUD"
 }, 
 "model": "coredata.member", 
 "pk": 52
},
{
 "fields": {
  "added_reason": "AUTO", 
  "career": "UGRD", 
  "config": "{}", 
  "credits": 3, 
  "labtut_section": null, 
  "offering": 24, 
  "official_grade": null, 
  "person": 22, 
  "role": "STUD"
 }, 
 "model": "coredata.member", 
 "pk": 49
},
{
 "fields": {
  "added_reason": "AUTO", 
  "career": "UGRD", 
  "config": "{}", 
  "credits": 3, 
  "labtut_section": null, 
  "offering": 24, 
  "official_grade": null, 
  "person": 31, 
  "role": "STUD"
 }, 
 "model": "coredata.member", 
 "pk": 58
},
{
 "fields": {
  "added_reason": "AUTO", 
  "career": "UGRD", 
  "config": "{}", 
  "credits": 3, 
  "labtut_section": null, 
  "offering": 24, 
  "official_grade": null, 
  "person": 24, 
  "role": "STUD"
 }, 
 "model": "coredata.member", 
 "pk": 51
},
{
 "fields": {
  "added_reason": "AUTO", 
  "career": "UGRD", 
  "config": "{}", 
  "credits": 3, 
  "labtut_section": null, 
  "offering": 24, 
  "official_grade": null, 
  "person": 28, 
  "role": "STUD"
 }, 
 "model": "coredata.member", 
 "pk": 55
},
{
 "fields": {
  "added_reason": "AUTO", 
  "career": "UGRD", 
  "config": "{}", 
  "credits": 3, 
  "labtut_section": null, 
  "offering": 24, 
  "official_grade": null, 
  "person": 26, 
  "role": "STUD"
 }, 
 "model": "coredata.member", 
 "pk": 53
},
{
 "fields": {
  "added_reason": "AUTO", 
  "career": "UGRD", 
  "config": "{}", 
  "credits": 3, 
  "labtut_section": null, 
  "offering": 24, 
  "official_grade": null, 
  "person": 29, 
  "role": "STUD"
 }, 
 "model": "coredata.member", 
 "pk": 56
},
{
 "fields": {
  "added_reason": "AUTO", 
  "career": "NONS", 
  "config": "{}", 
  "credits": 0, 
  "labtut_section": null, 
  "offering": 32, 
  "official_grade": null, 
  "person": 2, 
  "role": "INST"
 }, 
 "model": "coredata.member", 
 "pk": 2
},
{
 "fields": {
  "added_reason": "AUTO", 
  "career": "NONS", 
  "config": "{}", 
  "credits": 0, 
  "labtut_section": null, 
  "offering": 32, 
  "official_grade": null, 
  "person": 65, 
  "role": "TA"
 }, 
 "model": "coredata.member", 
 "pk": 70
},
{
 "fields": {
  "added_reason": "AUTO", 
  "career": "UGRD", 
  "config": "{}", 
  "credits": 3, 
  "labtut_section": null, 
  "offering": 32, 
  "official_grade": null, 
  "person": 64, 
  "role": "STUD"
 }, 
 "model": "coredata.member", 
 "pk": 69
},
{
 "fields": {
  "added_reason": "AUTO", 
  "career": "UGRD", 
  "config": "{}", 
  "credits": 3, 
  "labtut_section": null, 
  "offering": 32, 
  "official_grade": null, 
  "person": 60, 
  "role": "STUD"
 }, 
 "model": "coredata.member", 
 "pk": 65
},
{
 "fields": {
  "added_reason": "AUTO", 
  "career": "UGRD", 
  "config": "{}", 
  "credits": 3, 
  "labtut_section": null, 
  "offering": 32, 
  "official_grade": null, 
  "person": 59, 
  "role": "STUD"
 }, 
 "model": "coredata.member", 
 "pk": 64
},
{
 "fields": {
  "added_reason": "AUTO", 
  "career": "UGRD", 
  "config": "{}", 
  "credits": 3, 
  "labtut_section": null, 
  "offering": 32, 
  "official_grade": null, 
  "person": 63, 
  "role": "STUD"
 }, 
 "model": "coredata.member", 
 "pk": 68
},
{
 "fields": {
  "added_reason": "AUTO", 
  "career": "UGRD", 
  "config": "{}", 
  "credits": 3, 
  "labtut_section": null, 
  "offering": 32, 
  "official_grade": null, 
  "person": 56, 
  "role": "STUD"
 }, 
 "model": "coredata.member", 
 "pk": 61
},
{
 "fields": {
  "added_reason": "AUTO", 
  "career": "UGRD", 
  "config": "{}", 
  "credits": 3, 
  "labtut_section": null, 
  "offering": 32, 
  "official_grade": null, 
  "person": 57, 
  "role": "STUD"
 }, 
 "model": "coredata.member", 
 "pk": 62
},
{
 "fields": {
  "added_reason": "AUTO", 
  "career": "UGRD", 
  "config": "{}", 
  "credits": 3, 
  "labtut_section": null, 
  "offering": 32, 
  "official_grade": null, 
  "person": 62, 
  "role": "STUD"
 }, 
 "model": "coredata.member", 
 "pk": 67
},
{
 "fields": {
  "added_reason": "AUTO", 
  "career": "UGRD", 
  "config": "{}", 
  "credits": 3, 
  "labtut_section": null, 
  "offering": 32, 
  "official_grade": null, 
  "person": 61, 
  "role": "STUD"
 }, 
 "model": "coredata.member", 
 "pk": 66
},
{
 "fields": {
  "added_reason": "AUTO", 
  "career": "UGRD", 
  "config": "{}", 
  "credits": 3, 
  "labtut_section": null, 
  "offering": 32, 
  "official_grade": null, 
  "person": 58, 
  "role": "STUD"
 }, 
 "model": "coredata.member", 
 "pk": 63
},
{
 "fields": {
  "added_reason": "AUTO", 
  "career": "UGRD", 
  "config": "{}", 
  "credits": 3, 
  "labtut_section": null, 
  "offering": 32, 
  "official_grade": null, 
  "person": 55, 
  "role": "STUD"
 }, 
 "model": "coredata.member", 
 "pk": 60
},
{
 "fields": {
  "added_reason": "AUTO", 
  "career": "NONS", 
  "config": "{}", 
  "credits": 0, 
  "labtut_section": null, 
  "offering": 33, 
  "official_grade": null, 
  "person": 2, 
  "role": "INST"
 }, 
 "model": "coredata.member", 
 "pk": 3
},
{
 "fields": {
  "added_reason": "AUTO", 
  "career": "NONS", 
  "config": "{}", 
  "credits": 0, 
  "labtut_section": null, 
  "offering": 33, 
  "official_grade": null, 
  "person": 263, 
  "role": "TA"
 }, 
 "model": "coredata.member", 
 "pk": 81
},
{
 "fields": {
  "added_reason": "AUTO", 
  "career": "UGRD", 
  "config": "{}", 
  "credits": 3, 
  "labtut_section": null, 
  "offering": 33, 
  "official_grade": null, 
  "person": 258, 
  "role": "STUD"
 }, 
 "model": "coredata.member", 
 "pk": 76
},
{
 "fields": {
  "added_reason": "AUTO", 
  "career": "UGRD", 
  "config": "{}", 
  "credits": 3, 
  "labtut_section": null, 
  "offering": 33, 
  "official_grade": null, 
  "person": 257, 
  "role": "STUD"
 }, 
 "model": "coredata.member", 
 "pk": 75
},
{
 "fields": {
  "added_reason": "AUTO", 
  "career": "UGRD", 
  "config": "{}", 
  "credits": 3, 
  "labtut_section": null, 
  "offering": 33, 
  "official_grade": null, 
  "person": 262, 
  "role": "STUD"
 }, 
 "model": "coredata.member", 
 "pk": 80
},
{
 "fields": {
  "added_reason": "AUTO", 
  "career": "UGRD", 
  "config": "{}", 
  "credits": 3, 
  "labtut_section": null, 
  "offering": 33, 
  "official_grade": null, 
  "person": 259, 
  "role": "STUD"
 }, 
 "model": "coredata.member", 
 "pk": 77
},
{
 "fields": {
  "added_reason": "AUTO", 
  "career": "UGRD", 
  "config": "{}", 
  "credits": 3, 
  "labtut_section": null, 
  "offering": 33, 
  "official_grade": null, 
  "person": 255, 
  "role": "STUD"
 }, 
 "model": "coredata.member", 
 "pk": 73
},
{
 "fields": {
  "added_reason": "AUTO", 
  "career": "UGRD", 
  "config": "{}", 
  "credits": 3, 
  "labtut_section": null, 
  "offering": 33, 
  "official_grade": null, 
  "person": 253, 
  "role": "STUD"
 }, 
 "model": "coredata.member", 
 "pk": 71
},
{
 "fields": {
  "added_reason": "AUTO", 
  "career": "UGRD", 
  "config": "{}", 
  "credits": 3, 
  "labtut_section": null, 
  "offering": 33, 
  "official_grade": null, 
  "person": 256, 
  "role": "STUD"
 }, 
 "model": "coredata.member", 
 "pk": 74
},
{
 "fields": {
  "added_reason": "AUTO", 
  "career": "UGRD", 
  "config": "{}", 
  "credits": 3, 
  "labtut_section": null, 
  "offering": 33, 
  "official_grade": null, 
  "person": 254, 
  "role": "STUD"
 }, 
 "model": "coredata.member", 
 "pk": 72
},
{
 "fields": {
  "added_reason": "AUTO", 
  "career": "UGRD", 
  "config": "{}", 
  "credits": 3, 
  "labtut_section": null, 
  "offering": 33, 
  "official_grade": null, 
  "person": 261, 
  "role": "STUD"
 }, 
 "model": "coredata.member", 
 "pk": 79
},
{
 "fields": {
  "added_reason": "AUTO", 
  "career": "UGRD", 
  "config": "{}", 
  "credits": 3, 
  "labtut_section": null, 
  "offering": 33, 
  "official_grade": null, 
  "person": 260, 
  "role": "STUD"
 }, 
 "model": "coredata.member", 
 "pk": 78
},
{
 "fields": {
  "added_reason": "AUTO", 
  "career": "NONS", 
  "config": "{}", 
  "credits": 0, 
  "labtut_section": null, 
  "offering": 34, 
  "official_grade": null, 
  "person": 2, 
  "role": "INST"
 }, 
 "model": "coredata.member", 
 "pk": 4
},
{
 "fields": {
  "added_reason": "AUTO", 
  "career": "NONS", 
  "config": "{}", 
  "credits": 0, 
  "labtut_section": null, 
  "offering": 34, 
  "official_grade": null, 
  "person": 120, 
  "role": "TA"
 }, 
 "model": "coredata.member", 
 "pk": 92
},
{
 "fields": {
  "added_reason": "AUTO", 
  "career": "UGRD", 
  "config": "{}", 
  "credits": 3, 
  "labtut_section": null, 
  "offering": 34, 
  "official_grade": null, 
  "person": 110, 
  "role": "STUD"
 }, 
 "model": "coredata.member", 
 "pk": 82
},
{
 "fields": {
  "added_reason": "AUTO", 
  "career": "UGRD", 
  "config": "{}", 
  "credits": 3, 
  "labtut_section": null, 
  "offering": 34, 
  "official_grade": null, 
  "person": 116, 
  "role": "STUD"
 }, 
 "model": "coredata.member", 
 "pk": 88
},
{
 "fields": {
  "added_reason": "AUTO", 
  "career": "UGRD", 
  "config": "{}", 
  "credits": 3, 
  "labtut_section": null, 
  "offering": 34, 
  "official_grade": null, 
  "person": 111, 
  "role": "STUD"
 }, 
 "model": "coredata.member", 
 "pk": 83
},
{
 "fields": {
  "added_reason": "AUTO", 
  "career": "UGRD", 
  "config": "{}", 
  "credits": 3, 
  "labtut_section": null, 
  "offering": 34, 
  "official_grade": null, 
  "person": 117, 
  "role": "STUD"
 }, 
 "model": "coredata.member", 
 "pk": 89
},
{
 "fields": {
  "added_reason": "AUTO", 
  "career": "UGRD", 
  "config": "{}", 
  "credits": 3, 
  "labtut_section": null, 
  "offering": 34, 
  "official_grade": null, 
  "person": 118, 
  "role": "STUD"
 }, 
 "model": "coredata.member", 
 "pk": 90
},
{
 "fields": {
  "added_reason": "AUTO", 
  "career": "UGRD", 
  "config": "{}", 
  "credits": 3, 
  "labtut_section": null, 
  "offering": 34, 
  "official_grade": null, 
  "person": 112, 
  "role": "STUD"
 }, 
 "model": "coredata.member", 
 "pk": 84
},
{
 "fields": {
  "added_reason": "AUTO", 
  "career": "UGRD", 
  "config": "{}", 
  "credits": 3, 
  "labtut_section": null, 
  "offering": 34, 
  "official_grade": null, 
  "person": 113, 
  "role": "STUD"
 }, 
 "model": "coredata.member", 
 "pk": 85
},
{
 "fields": {
  "added_reason": "AUTO", 
  "career": "UGRD", 
  "config": "{}", 
  "credits": 3, 
  "labtut_section": null, 
  "offering": 34, 
  "official_grade": null, 
  "person": 114, 
  "role": "STUD"
 }, 
 "model": "coredata.member", 
 "pk": 86
},
{
 "fields": {
  "added_reason": "AUTO", 
  "career": "UGRD", 
  "config": "{}", 
  "credits": 3, 
  "labtut_section": null, 
  "offering": 34, 
  "official_grade": null, 
  "person": 119, 
  "role": "STUD"
 }, 
 "model": "coredata.member", 
 "pk": 91
},
{
 "fields": {
  "added_reason": "AUTO", 
  "career": "UGRD", 
  "config": "{}", 
  "credits": 3, 
  "labtut_section": null, 
  "offering": 34, 
  "official_grade": null, 
  "person": 115, 
  "role": "STUD"
 }, 
 "model": "coredata.member", 
 "pk": 87
},
{
 "fields": {
  "added_reason": "AUTO", 
  "career": "NONS", 
  "config": "{}", 
  "credits": 0, 
  "labtut_section": null, 
  "offering": 35, 
  "official_grade": null, 
  "person": 2, 
  "role": "INST"
 }, 
 "model": "coredata.member", 
 "pk": 5
},
{
 "fields": {
  "added_reason": "AUTO", 
  "career": "NONS", 
  "config": "{}", 
  "credits": 0, 
  "labtut_section": null, 
  "offering": 35, 
  "official_grade": null, 
  "person": 186, 
  "role": "TA"
 }, 
 "model": "coredata.member", 
 "pk": 103
},
{
 "fields": {
  "added_reason": "AUTO", 
  "career": "UGRD", 
  "config": "{}", 
  "credits": 3, 
  "labtut_section": null, 
  "offering": 35, 
  "official_grade": null, 
  "person": 176, 
  "role": "STUD"
 }, 
 "model": "coredata.member", 
 "pk": 93
},
{
 "fields": {
  "added_reason": "AUTO", 
  "career": "UGRD", 
  "config": "{}", 
  "credits": 3, 
  "labtut_section": null, 
  "offering": 35, 
  "official_grade": null, 
  "person": 183, 
  "role": "STUD"
 }, 
 "model": "coredata.member", 
 "pk": 100
},
{
 "fields": {
  "added_reason": "AUTO", 
  "career": "UGRD", 
  "config": "{}", 
  "credits": 3, 
  "labtut_section": null, 
  "offering": 35, 
  "official_grade": null, 
  "person": 178, 
  "role": "STUD"
 }, 
 "model": "coredata.member", 
 "pk": 95
},
{
 "fields": {
  "added_reason": "AUTO", 
  "career": "UGRD", 
  "config": "{}", 
  "credits": 3, 
  "labtut_section": null, 
  "offering": 35, 
  "official_grade": null, 
  "person": 177, 
  "role": "STUD"
 }, 
 "model": "coredata.member", 
 "pk": 94
},
{
 "fields": {
  "added_reason": "AUTO", 
  "career": "UGRD", 
  "config": "{}", 
  "credits": 3, 
  "labtut_section": null, 
  "offering": 35, 
  "official_grade": null, 
  "person": 180, 
  "role": "STUD"
 }, 
 "model": "coredata.member", 
 "pk": 97
},
{
 "fields": {
  "added_reason": "AUTO", 
  "career": "UGRD", 
  "config": "{}", 
  "credits": 3, 
  "labtut_section": null, 
  "offering": 35, 
  "official_grade": null, 
  "person": 185, 
  "role": "STUD"
 }, 
 "model": "coredata.member", 
 "pk": 102
},
{
 "fields": {
  "added_reason": "AUTO", 
  "career": "UGRD", 
  "config": "{}", 
  "credits": 3, 
  "labtut_section": null, 
  "offering": 35, 
  "official_grade": null, 
  "person": 179, 
  "role": "STUD"
 }, 
 "model": "coredata.member", 
 "pk": 96
},
{
 "fields": {
  "added_reason": "AUTO", 
  "career": "UGRD", 
  "config": "{}", 
  "credits": 3, 
  "labtut_section": null, 
  "offering": 35, 
  "official_grade": null, 
  "person": 182, 
  "role": "STUD"
 }, 
 "model": "coredata.member", 
 "pk": 99
},
{
 "fields": {
  "added_reason": "AUTO", 
  "career": "UGRD", 
  "config": "{}", 
  "credits": 3, 
  "labtut_section": null, 
  "offering": 35, 
  "official_grade": null, 
  "person": 184, 
  "role": "STUD"
 }, 
 "model": "coredata.member", 
 "pk": 101
},
{
 "fields": {
  "added_reason": "AUTO", 
  "career": "UGRD", 
  "config": "{}", 
  "credits": 3, 
  "labtut_section": null, 
  "offering": 35, 
  "official_grade": null, 
  "person": 181, 
  "role": "STUD"
 }, 
 "model": "coredata.member", 
 "pk": 98
},
{
 "fields": {
  "added_reason": "AUTO", 
  "career": "NONS", 
  "config": "{}", 
  "credits": 0, 
  "labtut_section": null, 
  "offering": 1, 
  "official_grade": null, 
  "person": 109, 
  "role": "TA"
 }, 
 "model": "coredata.member", 
 "pk": 114
},
{
 "fields": {
  "added_reason": "AUTO", 
  "career": "NONS", 
  "config": "{}", 
  "credits": 0, 
  "labtut_section": null, 
  "offering": 1, 
  "official_grade": null, 
  "person": 3, 
  "role": "INST"
 }, 
 "model": "coredata.member", 
 "pk": 6
},
{
 "fields": {
  "added_reason": "AUTO", 
  "career": "UGRD", 
  "config": "{}", 
  "credits": 3, 
  "labtut_section": null, 
  "offering": 1, 
  "official_grade": null, 
  "person": 100, 
  "role": "STUD"
 }, 
 "model": "coredata.member", 
 "pk": 105
},
{
 "fields": {
  "added_reason": "AUTO", 
  "career": "UGRD", 
  "config": "{}", 
  "credits": 3, 
  "labtut_section": null, 
  "offering": 1, 
  "official_grade": null, 
  "person": 106, 
  "role": "STUD"
 }, 
 "model": "coredata.member", 
 "pk": 111
},
{
 "fields": {
  "added_reason": "AUTO", 
  "career": "UGRD", 
  "config": "{}", 
  "credits": 3, 
  "labtut_section": null, 
  "offering": 1, 
  "official_grade": null, 
  "person": 99, 
  "role": "STUD"
 }, 
 "model": "coredata.member", 
 "pk": 104
},
{
 "fields": {
  "added_reason": "AUTO", 
  "career": "UGRD", 
  "config": "{}", 
  "credits": 3, 
  "labtut_section": null, 
  "offering": 1, 
  "official_grade": null, 
  "person": 104, 
  "role": "STUD"
 }, 
 "model": "coredata.member", 
 "pk": 109
},
{
 "fields": {
  "added_reason": "AUTO", 
  "career": "UGRD", 
  "config": "{}", 
  "credits": 3, 
  "labtut_section": null, 
  "offering": 1, 
  "official_grade": null, 
  "person": 102, 
  "role": "STUD"
 }, 
 "model": "coredata.member", 
 "pk": 107
},
{
 "fields": {
  "added_reason": "AUTO", 
  "career": "UGRD", 
  "config": "{}", 
  "credits": 3, 
  "labtut_section": null, 
  "offering": 1, 
  "official_grade": null, 
  "person": 105, 
  "role": "STUD"
 }, 
 "model": "coredata.member", 
 "pk": 110
},
{
 "fields": {
  "added_reason": "AUTO", 
  "career": "UGRD", 
  "config": "{}", 
  "credits": 3, 
  "labtut_section": null, 
  "offering": 1, 
  "official_grade": null, 
  "person": 103, 
  "role": "STUD"
 }, 
 "model": "coredata.member", 
 "pk": 108
},
{
 "fields": {
  "added_reason": "AUTO", 
  "career": "UGRD", 
  "config": "{}", 
  "credits": 3, 
  "labtut_section": null, 
  "offering": 1, 
  "official_grade": null, 
  "person": 101, 
  "role": "STUD"
 }, 
 "model": "coredata.member", 
 "pk": 106
},
{
 "fields": {
  "added_reason": "AUTO", 
  "career": "UGRD", 
  "config": "{}", 
  "credits": 3, 
  "labtut_section": null, 
  "offering": 1, 
  "official_grade": null, 
  "person": 107, 
  "role": "STUD"
 }, 
 "model": "coredata.member", 
 "pk": 112
},
{
 "fields": {
  "added_reason": "AUTO", 
  "career": "UGRD", 
  "config": "{}", 
  "credits": 3, 
  "labtut_section": null, 
  "offering": 1, 
  "official_grade": null, 
  "person": 108, 
  "role": "STUD"
 }, 
 "model": "coredata.member", 
 "pk": 113
},
{
 "fields": {
  "added_reason": "AUTO", 
  "career": "NONS", 
  "config": "{}", 
  "credits": 0, 
  "labtut_section": null, 
  "offering": 40, 
  "official_grade": null, 
  "person": 241, 
  "role": "TA"
 }, 
 "model": "coredata.member", 
 "pk": 125
},
{
 "fields": {
  "added_reason": "AUTO", 
  "career": "NONS", 
  "config": "{}", 
  "credits": 0, 
  "labtut_section": null, 
  "offering": 40, 
  "official_grade": null, 
  "person": 4, 
  "role": "INST"
 }, 
 "model": "coredata.member", 
 "pk": 7
},
{
 "fields": {
  "added_reason": "AUTO", 
  "career": "UGRD", 
  "config": "{}", 
  "credits": 3, 
  "labtut_section": null, 
  "offering": 40, 
  "official_grade": null, 
  "person": 239, 
  "role": "STUD"
 }, 
 "model": "coredata.member", 
 "pk": 123
},
{
 "fields": {
  "added_reason": "AUTO", 
  "career": "UGRD", 
  "config": "{}", 
  "credits": 3, 
  "labtut_section": null, 
  "offering": 40, 
  "official_grade": null, 
  "person": 240, 
  "role": "STUD"
 }, 
 "model": "coredata.member", 
 "pk": 124
},
{
 "fields": {
  "added_reason": "AUTO", 
  "career": "UGRD", 
  "config": "{}", 
  "credits": 3, 
  "labtut_section": null, 
  "offering": 40, 
  "official_grade": null, 
  "person": 232, 
  "role": "STUD"
 }, 
 "model": "coredata.member", 
 "pk": 116
},
{
 "fields": {
  "added_reason": "AUTO", 
  "career": "UGRD", 
  "config": "{}", 
  "credits": 3, 
  "labtut_section": null, 
  "offering": 40, 
  "official_grade": null, 
  "person": 231, 
  "role": "STUD"
 }, 
 "model": "coredata.member", 
 "pk": 115
},
{
 "fields": {
  "added_reason": "AUTO", 
  "career": "UGRD", 
  "config": "{}", 
  "credits": 3, 
  "labtut_section": null, 
  "offering": 40, 
  "official_grade": null, 
  "person": 233, 
  "role": "STUD"
 }, 
 "model": "coredata.member", 
 "pk": 117
},
{
 "fields": {
  "added_reason": "AUTO", 
  "career": "UGRD", 
  "config": "{}", 
  "credits": 3, 
  "labtut_section": null, 
  "offering": 40, 
  "official_grade": null, 
  "person": 237, 
  "role": "STUD"
 }, 
 "model": "coredata.member", 
 "pk": 121
},
{
 "fields": {
  "added_reason": "AUTO", 
  "career": "UGRD", 
  "config": "{}", 
  "credits": 3, 
  "labtut_section": null, 
  "offering": 40, 
  "official_grade": null, 
  "person": 235, 
  "role": "STUD"
 }, 
 "model": "coredata.member", 
 "pk": 119
},
{
 "fields": {
  "added_reason": "AUTO", 
  "career": "UGRD", 
  "config": "{}", 
  "credits": 3, 
  "labtut_section": null, 
  "offering": 40, 
  "official_grade": null, 
  "person": 234, 
  "role": "STUD"
 }, 
 "model": "coredata.member", 
 "pk": 118
},
{
 "fields": {
  "added_reason": "AUTO", 
  "career": "UGRD", 
  "config": "{}", 
  "credits": 3, 
  "labtut_section": null, 
  "offering": 40, 
  "official_grade": null, 
  "person": 236, 
  "role": "STUD"
 }, 
 "model": "coredata.member", 
 "pk": 120
},
{
 "fields": {
  "added_reason": "AUTO", 
  "career": "UGRD", 
  "config": "{}", 
  "credits": 3, 
  "labtut_section": null, 
  "offering": 40, 
  "official_grade": null, 
  "person": 238, 
  "role": "STUD"
 }, 
 "model": "coredata.member", 
 "pk": 122
},
{
 "fields": {
  "added_reason": "AUTO", 
  "career": "NONS", 
  "config": "{}", 
  "credits": 0, 
  "labtut_section": null, 
  "offering": 41, 
  "official_grade": null, 
  "person": 5, 
  "role": "INST"
 }, 
 "model": "coredata.member", 
 "pk": 8
},
{
 "fields": {
  "added_reason": "AUTO", 
  "career": "NONS", 
  "config": "{}", 
  "credits": 0, 
  "labtut_section": null, 
  "offering": 41, 
  "official_grade": null, 
  "person": 32, 
  "role": "TA"
 }, 
 "model": "coredata.member", 
 "pk": 136
},
{
 "fields": {
  "added_reason": "AUTO", 
  "career": "UGRD", 
  "config": "{}", 
  "credits": 3, 
  "labtut_section": null, 
  "offering": 41, 
  "official_grade": null, 
  "person": 30, 
  "role": "STUD"
 }, 
 "model": "coredata.member", 
 "pk": 134
},
{
 "fields": {
  "added_reason": "AUTO", 
  "career": "UGRD", 
  "config": "{}", 
  "credits": 3, 
  "labtut_section": null, 
  "offering": 41, 
  "official_grade": null, 
  "person": 27, 
  "role": "STUD"
 }, 
 "model": "coredata.member", 
 "pk": 131
},
{
 "fields": {
  "added_reason": "AUTO", 
  "career": "UGRD", 
  "config": "{}", 
  "credits": 3, 
  "labtut_section": null, 
  "offering": 41, 
  "official_grade": null, 
  "person": 23, 
  "role": "STUD"
 }, 
 "model": "coredata.member", 
 "pk": 127
},
{
 "fields": {
  "added_reason": "AUTO", 
  "career": "UGRD", 
  "config": "{}", 
  "credits": 3, 
  "labtut_section": null, 
  "offering": 41, 
  "official_grade": null, 
  "person": 25, 
  "role": "STUD"
 }, 
 "model": "coredata.member", 
 "pk": 129
},
{
 "fields": {
  "added_reason": "AUTO", 
  "career": "UGRD", 
  "config": "{}", 
  "credits": 3, 
  "labtut_section": null, 
  "offering": 41, 
  "official_grade": null, 
  "person": 22, 
  "role": "STUD"
 }, 
 "model": "coredata.member", 
 "pk": 126
},
{
 "fields": {
  "added_reason": "AUTO", 
  "career": "UGRD", 
  "config": "{}", 
  "credits": 3, 
  "labtut_section": null, 
  "offering": 41, 
  "official_grade": null, 
  "person": 31, 
  "role": "STUD"
 }, 
 "model": "coredata.member", 
 "pk": 135
},
{
 "fields": {
  "added_reason": "AUTO", 
  "career": "UGRD", 
  "config": "{}", 
  "credits": 3, 
  "labtut_section": null, 
  "offering": 41, 
  "official_grade": null, 
  "person": 24, 
  "role": "STUD"
 }, 
 "model": "coredata.member", 
 "pk": 128
},
{
 "fields": {
  "added_reason": "AUTO", 
  "career": "UGRD", 
  "config": "{}", 
  "credits": 3, 
  "labtut_section": null, 
  "offering": 41, 
  "official_grade": null, 
  "person": 28, 
  "role": "STUD"
 }, 
 "model": "coredata.member", 
 "pk": 132
},
{
 "fields": {
  "added_reason": "AUTO", 
  "career": "UGRD", 
  "config": "{}", 
  "credits": 3, 
  "labtut_section": null, 
  "offering": 41, 
  "official_grade": null, 
  "person": 26, 
  "role": "STUD"
 }, 
 "model": "coredata.member", 
 "pk": 130
},
{
 "fields": {
  "added_reason": "AUTO", 
  "career": "UGRD", 
  "config": "{}", 
  "credits": 3, 
  "labtut_section": null, 
  "offering": 41, 
  "official_grade": null, 
  "person": 29, 
  "role": "STUD"
 }, 
 "model": "coredata.member", 
 "pk": 133
},
{
 "fields": {
  "added_reason": "AUTO", 
  "career": "NONS", 
  "config": "{}", 
  "credits": 0, 
  "labtut_section": null, 
  "offering": 44, 
  "official_grade": null, 
  "person": 6, 
  "role": "INST"
 }, 
 "model": "coredata.member", 
 "pk": 9
},
{
 "fields": {
  "added_reason": "AUTO", 
  "career": "NONS", 
  "config": "{}", 
  "credits": 0, 
  "labtut_section": null, 
  "offering": 44, 
  "official_grade": null, 
  "person": 109, 
  "role": "TA"
 }, 
 "model": "coredata.member", 
 "pk": 147
},
{
 "fields": {
  "added_reason": "AUTO", 
  "career": "UGRD", 
  "config": "{}", 
  "credits": 3, 
  "labtut_section": null, 
  "offering": 44, 
  "official_grade": null, 
  "person": 100, 
  "role": "STUD"
 }, 
 "model": "coredata.member", 
 "pk": 138
},
{
 "fields": {
  "added_reason": "AUTO", 
  "career": "UGRD", 
  "config": "{}", 
  "credits": 3, 
  "labtut_section": null, 
  "offering": 44, 
  "official_grade": null, 
  "person": 106, 
  "role": "STUD"
 }, 
 "model": "coredata.member", 
 "pk": 144
},
{
 "fields": {
  "added_reason": "AUTO", 
  "career": "UGRD", 
  "config": "{}", 
  "credits": 3, 
  "labtut_section": null, 
  "offering": 44, 
  "official_grade": null, 
  "person": 99, 
  "role": "STUD"
 }, 
 "model": "coredata.member", 
 "pk": 137
},
{
 "fields": {
  "added_reason": "AUTO", 
  "career": "UGRD", 
  "config": "{}", 
  "credits": 3, 
  "labtut_section": null, 
  "offering": 44, 
  "official_grade": null, 
  "person": 104, 
  "role": "STUD"
 }, 
 "model": "coredata.member", 
 "pk": 142
},
{
 "fields": {
  "added_reason": "AUTO", 
  "career": "UGRD", 
  "config": "{}", 
  "credits": 3, 
  "labtut_section": null, 
  "offering": 44, 
  "official_grade": null, 
  "person": 102, 
  "role": "STUD"
 }, 
 "model": "coredata.member", 
 "pk": 140
},
{
 "fields": {
  "added_reason": "AUTO", 
  "career": "UGRD", 
  "config": "{}", 
  "credits": 3, 
  "labtut_section": null, 
  "offering": 44, 
  "official_grade": null, 
  "person": 105, 
  "role": "STUD"
 }, 
 "model": "coredata.member", 
 "pk": 143
},
{
 "fields": {
  "added_reason": "AUTO", 
  "career": "UGRD", 
  "config": "{}", 
  "credits": 3, 
  "labtut_section": null, 
  "offering": 44, 
  "official_grade": null, 
  "person": 103, 
  "role": "STUD"
 }, 
 "model": "coredata.member", 
 "pk": 141
},
{
 "fields": {
  "added_reason": "AUTO", 
  "career": "UGRD", 
  "config": "{}", 
  "credits": 3, 
  "labtut_section": null, 
  "offering": 44, 
  "official_grade": null, 
  "person": 101, 
  "role": "STUD"
 }, 
 "model": "coredata.member", 
 "pk": 139
},
{
 "fields": {
  "added_reason": "AUTO", 
  "career": "UGRD", 
  "config": "{}", 
  "credits": 3, 
  "labtut_section": null, 
  "offering": 44, 
  "official_grade": null, 
  "person": 107, 
  "role": "STUD"
 }, 
 "model": "coredata.member", 
 "pk": 145
},
{
 "fields": {
  "added_reason": "AUTO", 
  "career": "UGRD", 
  "config": "{}", 
  "credits": 3, 
  "labtut_section": null, 
  "offering": 44, 
  "official_grade": null, 
  "person": 108, 
  "role": "STUD"
 }, 
 "model": "coredata.member", 
 "pk": 146
},
{
 "fields": {
  "added_reason": "AUTO", 
  "career": "NONS", 
  "config": "{}", 
  "credits": 0, 
  "labtut_section": null, 
  "offering": 45, 
  "official_grade": null, 
  "person": 6, 
  "role": "INST"
 }, 
 "model": "coredata.member", 
 "pk": 10
},
{
 "fields": {
  "added_reason": "AUTO", 
  "career": "NONS", 
  "config": "{}", 
  "credits": 0, 
  "labtut_section": null, 
  "offering": 45, 
  "official_grade": null, 
  "person": 186, 
  "role": "TA"
 }, 
 "model": "coredata.member", 
 "pk": 158
},
{
 "fields": {
  "added_reason": "AUTO", 
  "career": "UGRD", 
  "config": "{}", 
  "credits": 3, 
  "labtut_section": null, 
  "offering": 45, 
  "official_grade": null, 
  "person": 176, 
  "role": "STUD"
 }, 
 "model": "coredata.member", 
 "pk": 148
},
{
 "fields": {
  "added_reason": "AUTO", 
  "career": "UGRD", 
  "config": "{}", 
  "credits": 3, 
  "labtut_section": null, 
  "offering": 45, 
  "official_grade": null, 
  "person": 183, 
  "role": "STUD"
 }, 
 "model": "coredata.member", 
 "pk": 155
},
{
 "fields": {
  "added_reason": "AUTO", 
  "career": "UGRD", 
  "config": "{}", 
  "credits": 3, 
  "labtut_section": null, 
  "offering": 45, 
  "official_grade": null, 
  "person": 178, 
  "role": "STUD"
 }, 
 "model": "coredata.member", 
 "pk": 150
},
{
 "fields": {
  "added_reason": "AUTO", 
  "career": "UGRD", 
  "config": "{}", 
  "credits": 3, 
  "labtut_section": null, 
  "offering": 45, 
  "official_grade": null, 
  "person": 177, 
  "role": "STUD"
 }, 
 "model": "coredata.member", 
 "pk": 149
},
{
 "fields": {
  "added_reason": "AUTO", 
  "career": "UGRD", 
  "config": "{}", 
  "credits": 3, 
  "labtut_section": null, 
  "offering": 45, 
  "official_grade": null, 
  "person": 180, 
  "role": "STUD"
 }, 
 "model": "coredata.member", 
 "pk": 152
},
{
 "fields": {
  "added_reason": "AUTO", 
  "career": "UGRD", 
  "config": "{}", 
  "credits": 3, 
  "labtut_section": null, 
  "offering": 45, 
  "official_grade": null, 
  "person": 185, 
  "role": "STUD"
 }, 
 "model": "coredata.member", 
 "pk": 157
},
{
 "fields": {
  "added_reason": "AUTO", 
  "career": "UGRD", 
  "config": "{}", 
  "credits": 3, 
  "labtut_section": null, 
  "offering": 45, 
  "official_grade": null, 
  "person": 179, 
  "role": "STUD"
 }, 
 "model": "coredata.member", 
 "pk": 151
},
{
 "fields": {
  "added_reason": "AUTO", 
  "career": "UGRD", 
  "config": "{}", 
  "credits": 3, 
  "labtut_section": null, 
  "offering": 45, 
  "official_grade": null, 
  "person": 182, 
  "role": "STUD"
 }, 
 "model": "coredata.member", 
 "pk": 154
},
{
 "fields": {
  "added_reason": "AUTO", 
  "career": "UGRD", 
  "config": "{}", 
  "credits": 3, 
  "labtut_section": null, 
  "offering": 45, 
  "official_grade": null, 
  "person": 184, 
  "role": "STUD"
 }, 
 "model": "coredata.member", 
 "pk": 156
},
{
 "fields": {
  "added_reason": "AUTO", 
  "career": "UGRD", 
  "config": "{}", 
  "credits": 3, 
  "labtut_section": null, 
  "offering": 45, 
  "official_grade": null, 
  "person": 181, 
  "role": "STUD"
 }, 
 "model": "coredata.member", 
 "pk": 153
},
{
 "fields": {
  "added_reason": "AUTO", 
  "career": "NONS", 
  "config": "{}", 
  "credits": 0, 
  "labtut_section": null, 
  "offering": 28, 
  "official_grade": null, 
  "person": 7, 
  "role": "INST"
 }, 
 "model": "coredata.member", 
 "pk": 11
},
{
 "fields": {
  "added_reason": "AUTO", 
  "career": "NONS", 
  "config": "{}", 
  "credits": 0, 
  "labtut_section": null, 
  "offering": 28, 
  "official_grade": null, 
  "person": 208, 
  "role": "TA"
 }, 
 "model": "coredata.member", 
 "pk": 169
},
{
 "fields": {
  "added_reason": "AUTO", 
  "career": "UGRD", 
  "config": "{}", 
  "credits": 3, 
  "labtut_section": null, 
  "offering": 28, 
  "official_grade": null, 
  "person": 199, 
  "role": "STUD"
 }, 
 "model": "coredata.member", 
 "pk": 160
},
{
 "fields": {
  "added_reason": "AUTO", 
  "career": "UGRD", 
  "config": "{}", 
  "credits": 3, 
  "labtut_section": null, 
  "offering": 28, 
  "official_grade": null, 
  "person": 202, 
  "role": "STUD"
 }, 
 "model": "coredata.member", 
 "pk": 163
},
{
 "fields": {
  "added_reason": "AUTO", 
  "career": "UGRD", 
  "config": "{}", 
  "credits": 3, 
  "labtut_section": null, 
  "offering": 28, 
  "official_grade": null, 
  "person": 206, 
  "role": "STUD"
 }, 
 "model": "coredata.member", 
 "pk": 167
},
{
 "fields": {
  "added_reason": "AUTO", 
  "career": "UGRD", 
  "config": "{}", 
  "credits": 3, 
  "labtut_section": null, 
  "offering": 28, 
  "official_grade": null, 
  "person": 201, 
  "role": "STUD"
 }, 
 "model": "coredata.member", 
 "pk": 162
},
{
 "fields": {
  "added_reason": "AUTO", 
  "career": "UGRD", 
  "config": "{}", 
  "credits": 3, 
  "labtut_section": null, 
  "offering": 28, 
  "official_grade": null, 
  "person": 203, 
  "role": "STUD"
 }, 
 "model": "coredata.member", 
 "pk": 164
},
{
 "fields": {
  "added_reason": "AUTO", 
  "career": "UGRD", 
  "config": "{}", 
  "credits": 3, 
  "labtut_section": null, 
  "offering": 28, 
  "official_grade": null, 
  "person": 205, 
  "role": "STUD"
 }, 
 "model": "coredata.member", 
 "pk": 166
},
{
 "fields": {
  "added_reason": "AUTO", 
  "career": "UGRD", 
  "config": "{}", 
  "credits": 3, 
  "labtut_section": null, 
  "offering": 28, 
  "official_grade": null, 
  "person": 204, 
  "role": "STUD"
 }, 
 "model": "coredata.member", 
 "pk": 165
},
{
 "fields": {
  "added_reason": "AUTO", 
  "career": "UGRD", 
  "config": "{}", 
  "credits": 3, 
  "labtut_section": null, 
  "offering": 28, 
  "official_grade": null, 
  "person": 200, 
  "role": "STUD"
 }, 
 "model": "coredata.member", 
 "pk": 161
},
{
 "fields": {
  "added_reason": "AUTO", 
  "career": "UGRD", 
  "config": "{}", 
  "credits": 3, 
  "labtut_section": null, 
  "offering": 28, 
  "official_grade": null, 
  "person": 207, 
  "role": "STUD"
 }, 
 "model": "coredata.member", 
 "pk": 168
},
{
 "fields": {
  "added_reason": "AUTO", 
  "career": "UGRD", 
  "config": "{}", 
  "credits": 3, 
  "labtut_section": null, 
  "offering": 28, 
  "official_grade": null, 
  "person": 198, 
  "role": "STUD"
 }, 
 "model": "coredata.member", 
 "pk": 159
},
{
 "fields": {
  "added_reason": "AUTO", 
  "career": "NONS", 
  "config": "{}", 
  "credits": 0, 
  "labtut_section": null, 
  "offering": 3, 
  "official_grade": null, 
  "person": 230, 
  "role": "TA"
 }, 
 "model": "coredata.member", 
 "pk": 180
},
{
 "fields": {
  "added_reason": "AUTO", 
  "career": "UGRD", 
  "config": "{}", 
  "credits": 3, 
  "labtut_section": null, 
  "offering": 3, 
  "official_grade": null, 
  "person": 223, 
  "role": "STUD"
 }, 
 "model": "coredata.member", 
 "pk": 173
},
{
 "fields": {
  "added_reason": "AUTO", 
  "career": "UGRD", 
  "config": "{}", 
  "credits": 3, 
  "labtut_section": null, 
  "offering": 3, 
  "official_grade": null, 
  "person": 228, 
  "role": "STUD"
 }, 
 "model": "coredata.member", 
 "pk": 178
},
{
 "fields": {
  "added_reason": "AUTO", 
  "career": "UGRD", 
  "config": "{}", 
  "credits": 3, 
  "labtut_section": null, 
  "offering": 3, 
  "official_grade": null, 
  "person": 229, 
  "role": "STUD"
 }, 
 "model": "coredata.member", 
 "pk": 179
},
{
 "fields": {
  "added_reason": "AUTO", 
  "career": "UGRD", 
  "config": "{}", 
  "credits": 3, 
  "labtut_section": null, 
  "offering": 3, 
  "official_grade": null, 
  "person": 224, 
  "role": "STUD"
 }, 
 "model": "coredata.member", 
 "pk": 174
},
{
 "fields": {
  "added_reason": "AUTO", 
  "career": "UGRD", 
  "config": "{}", 
  "credits": 3, 
  "labtut_section": null, 
  "offering": 3, 
  "official_grade": null, 
  "person": 221, 
  "role": "STUD"
 }, 
 "model": "coredata.member", 
 "pk": 171
},
{
 "fields": {
  "added_reason": "AUTO", 
  "career": "UGRD", 
  "config": "{}", 
  "credits": 3, 
  "labtut_section": null, 
  "offering": 3, 
  "official_grade": null, 
  "person": 220, 
  "role": "STUD"
 }, 
 "model": "coredata.member", 
 "pk": 170
},
{
 "fields": {
  "added_reason": "AUTO", 
  "career": "UGRD", 
  "config": "{}", 
  "credits": 3, 
  "labtut_section": null, 
  "offering": 3, 
  "official_grade": null, 
  "person": 225, 
  "role": "STUD"
 }, 
 "model": "coredata.member", 
 "pk": 175
},
{
 "fields": {
  "added_reason": "AUTO", 
  "career": "UGRD", 
  "config": "{}", 
  "credits": 3, 
  "labtut_section": null, 
  "offering": 3, 
  "official_grade": null, 
  "person": 226, 
  "role": "STUD"
 }, 
 "model": "coredata.member", 
 "pk": 176
},
{
 "fields": {
  "added_reason": "AUTO", 
  "career": "UGRD", 
  "config": "{}", 
  "credits": 3, 
  "labtut_section": null, 
  "offering": 3, 
  "official_grade": null, 
  "person": 222, 
  "role": "STUD"
 }, 
 "model": "coredata.member", 
 "pk": 172
},
{
 "fields": {
  "added_reason": "AUTO", 
  "career": "UGRD", 
  "config": "{}", 
  "credits": 3, 
  "labtut_section": null, 
  "offering": 3, 
  "official_grade": null, 
  "person": 227, 
  "role": "STUD"
 }, 
 "model": "coredata.member", 
 "pk": 177
},
{
 "fields": {
  "added_reason": "AUTO", 
  "career": "NONS", 
  "config": "{}", 
  "credits": 0, 
  "labtut_section": null, 
  "offering": 4, 
  "official_grade": null, 
  "person": 98, 
  "role": "TA"
 }, 
 "model": "coredata.member", 
 "pk": 191
},
{
 "fields": {
  "added_reason": "AUTO", 
  "career": "UGRD", 
  "config": "{}", 
  "credits": 3, 
  "labtut_section": null, 
  "offering": 4, 
  "official_grade": null, 
  "person": 92, 
  "role": "STUD"
 }, 
 "model": "coredata.member", 
 "pk": 185
},
{
 "fields": {
  "added_reason": "AUTO", 
  "career": "UGRD", 
  "config": "{}", 
  "credits": 3, 
  "labtut_section": null, 
  "offering": 4, 
  "official_grade": null, 
  "person": 94, 
  "role": "STUD"
 }, 
 "model": "coredata.member", 
 "pk": 187
},
{
 "fields": {
  "added_reason": "AUTO", 
  "career": "UGRD", 
  "config": "{}", 
  "credits": 3, 
  "labtut_section": null, 
  "offering": 4, 
  "official_grade": null, 
  "person": 90, 
  "role": "STUD"
 }, 
 "model": "coredata.member", 
 "pk": 183
},
{
 "fields": {
  "added_reason": "AUTO", 
  "career": "UGRD", 
  "config": "{}", 
  "credits": 3, 
  "labtut_section": null, 
  "offering": 4, 
  "official_grade": null, 
  "person": 93, 
  "role": "STUD"
 }, 
 "model": "coredata.member", 
 "pk": 186
},
{
 "fields": {
  "added_reason": "AUTO", 
  "career": "UGRD", 
  "config": "{}", 
  "credits": 3, 
  "labtut_section": null, 
  "offering": 4, 
  "official_grade": null, 
  "person": 97, 
  "role": "STUD"
 }, 
 "model": "coredata.member", 
 "pk": 190
},
{
 "fields": {
  "added_reason": "AUTO", 
  "career": "UGRD", 
  "config": "{}", 
  "credits": 3, 
  "labtut_section": null, 
  "offering": 4, 
  "official_grade": null, 
  "person": 96, 
  "role": "STUD"
 }, 
 "model": "coredata.member", 
 "pk": 189
},
{
 "fields": {
  "added_reason": "AUTO", 
  "career": "UGRD", 
  "config": "{}", 
  "credits": 3, 
  "labtut_section": null, 
  "offering": 4, 
  "official_grade": null, 
  "person": 95, 
  "role": "STUD"
 }, 
 "model": "coredata.member", 
 "pk": 188
},
{
 "fields": {
  "added_reason": "AUTO", 
  "career": "UGRD", 
  "config": "{}", 
  "credits": 3, 
  "labtut_section": null, 
  "offering": 4, 
  "official_grade": null, 
  "person": 91, 
  "role": "STUD"
 }, 
 "model": "coredata.member", 
 "pk": 184
},
{
 "fields": {
  "added_reason": "AUTO", 
  "career": "UGRD", 
  "config": "{}", 
  "credits": 3, 
  "labtut_section": null, 
  "offering": 4, 
  "official_grade": null, 
  "person": 88, 
  "role": "STUD"
 }, 
 "model": "coredata.member", 
 "pk": 181
},
{
 "fields": {
  "added_reason": "AUTO", 
  "career": "UGRD", 
  "config": "{}", 
  "credits": 3, 
  "labtut_section": null, 
  "offering": 4, 
  "official_grade": null, 
  "person": 89, 
  "role": "STUD"
 }, 
 "model": "coredata.member", 
 "pk": 182
},
{
 "fields": {
  "added_reason": "AUTO", 
  "career": "NONS", 
  "config": "{}", 
  "credits": 0, 
  "labtut_section": null, 
  "offering": 5, 
  "official_grade": null, 
  "person": 285, 
  "role": "TA"
 }, 
 "model": "coredata.member", 
 "pk": 202
},
{
 "fields": {
  "added_reason": "AUTO", 
  "career": "UGRD", 
  "config": "{}", 
  "credits": 3, 
  "labtut_section": null, 
  "offering": 5, 
  "official_grade": null, 
  "person": 275, 
  "role": "STUD"
 }, 
 "model": "coredata.member", 
 "pk": 192
},
{
 "fields": {
  "added_reason": "AUTO", 
  "career": "UGRD", 
  "config": "{}", 
  "credits": 3, 
  "labtut_section": null, 
  "offering": 5, 
  "official_grade": null, 
  "person": 276, 
  "role": "STUD"
 }, 
 "model": "coredata.member", 
 "pk": 193
},
{
 "fields": {
  "added_reason": "AUTO", 
  "career": "UGRD", 
  "config": "{}", 
  "credits": 3, 
  "labtut_section": null, 
  "offering": 5, 
  "official_grade": null, 
  "person": 279, 
  "role": "STUD"
 }, 
 "model": "coredata.member", 
 "pk": 196
},
{
 "fields": {
  "added_reason": "AUTO", 
  "career": "UGRD", 
  "config": "{}", 
  "credits": 3, 
  "labtut_section": null, 
  "offering": 5, 
  "official_grade": null, 
  "person": 280, 
  "role": "STUD"
 }, 
 "model": "coredata.member", 
 "pk": 197
},
{
 "fields": {
  "added_reason": "AUTO", 
  "career": "UGRD", 
  "config": "{}", 
  "credits": 3, 
  "labtut_section": null, 
  "offering": 5, 
  "official_grade": null, 
  "person": 278, 
  "role": "STUD"
 }, 
 "model": "coredata.member", 
 "pk": 195
},
{
 "fields": {
  "added_reason": "AUTO", 
  "career": "UGRD", 
  "config": "{}", 
  "credits": 3, 
  "labtut_section": null, 
  "offering": 5, 
  "official_grade": null, 
  "person": 283, 
  "role": "STUD"
 }, 
 "model": "coredata.member", 
 "pk": 200
},
{
 "fields": {
  "added_reason": "AUTO", 
  "career": "UGRD", 
  "config": "{}", 
  "credits": 3, 
  "labtut_section": null, 
  "offering": 5, 
  "official_grade": null, 
  "person": 284, 
  "role": "STUD"
 }, 
 "model": "coredata.member", 
 "pk": 201
},
{
 "fields": {
  "added_reason": "AUTO", 
  "career": "UGRD", 
  "config": "{}", 
  "credits": 3, 
  "labtut_section": null, 
  "offering": 5, 
  "official_grade": null, 
  "person": 277, 
  "role": "STUD"
 }, 
 "model": "coredata.member", 
 "pk": 194
},
{
 "fields": {
  "added_reason": "AUTO", 
  "career": "UGRD", 
  "config": "{}", 
  "credits": 3, 
  "labtut_section": null, 
  "offering": 5, 
  "official_grade": null, 
  "person": 281, 
  "role": "STUD"
 }, 
 "model": "coredata.member", 
 "pk": 198
},
{
 "fields": {
  "added_reason": "AUTO", 
  "career": "UGRD", 
  "config": "{}", 
  "credits": 3, 
  "labtut_section": null, 
  "offering": 5, 
  "official_grade": null, 
  "person": 282, 
  "role": "STUD"
 }, 
 "model": "coredata.member", 
 "pk": 199
},
{
 "fields": {
  "added_reason": "AUTO", 
  "career": "NONS", 
  "config": "{}", 
  "credits": 0, 
  "labtut_section": null, 
  "offering": 6, 
  "official_grade": null, 
  "person": 263, 
  "role": "TA"
 }, 
 "model": "coredata.member", 
 "pk": 213
},
{
 "fields": {
  "added_reason": "AUTO", 
  "career": "UGRD", 
  "config": "{}", 
  "credits": 3, 
  "labtut_section": null, 
  "offering": 6, 
  "official_grade": null, 
  "person": 258, 
  "role": "STUD"
 }, 
 "model": "coredata.member", 
 "pk": 208
},
{
 "fields": {
  "added_reason": "AUTO", 
  "career": "UGRD", 
  "config": "{}", 
  "credits": 3, 
  "labtut_section": null, 
  "offering": 6, 
  "official_grade": null, 
  "person": 257, 
  "role": "STUD"
 }, 
 "model": "coredata.member", 
 "pk": 207
},
{
 "fields": {
  "added_reason": "AUTO", 
  "career": "UGRD", 
  "config": "{}", 
  "credits": 3, 
  "labtut_section": null, 
  "offering": 6, 
  "official_grade": null, 
  "person": 262, 
  "role": "STUD"
 }, 
 "model": "coredata.member", 
 "pk": 212
},
{
 "fields": {
  "added_reason": "AUTO", 
  "career": "UGRD", 
  "config": "{}", 
  "credits": 3, 
  "labtut_section": null, 
  "offering": 6, 
  "official_grade": null, 
  "person": 259, 
  "role": "STUD"
 }, 
 "model": "coredata.member", 
 "pk": 209
},
{
 "fields": {
  "added_reason": "AUTO", 
  "career": "UGRD", 
  "config": "{}", 
  "credits": 3, 
  "labtut_section": null, 
  "offering": 6, 
  "official_grade": null, 
  "person": 255, 
  "role": "STUD"
 }, 
 "model": "coredata.member", 
 "pk": 205
},
{
 "fields": {
  "added_reason": "AUTO", 
  "career": "UGRD", 
  "config": "{}", 
  "credits": 3, 
  "labtut_section": null, 
  "offering": 6, 
  "official_grade": null, 
  "person": 253, 
  "role": "STUD"
 }, 
 "model": "coredata.member", 
 "pk": 203
},
{
 "fields": {
  "added_reason": "AUTO", 
  "career": "UGRD", 
  "config": "{}", 
  "credits": 3, 
  "labtut_section": null, 
  "offering": 6, 
  "official_grade": null, 
  "person": 256, 
  "role": "STUD"
 }, 
 "model": "coredata.member", 
 "pk": 206
},
{
 "fields": {
  "added_reason": "AUTO", 
  "career": "UGRD", 
  "config": "{}", 
  "credits": 3, 
  "labtut_section": null, 
  "offering": 6, 
  "official_grade": null, 
  "person": 254, 
  "role": "STUD"
 }, 
 "model": "coredata.member", 
 "pk": 204
},
{
 "fields": {
  "added_reason": "AUTO", 
  "career": "UGRD", 
  "config": "{}", 
  "credits": 3, 
  "labtut_section": null, 
  "offering": 6, 
  "official_grade": null, 
  "person": 261, 
  "role": "STUD"
 }, 
 "model": "coredata.member", 
 "pk": 211
},
{
 "fields": {
  "added_reason": "AUTO", 
  "career": "UGRD", 
  "config": "{}", 
  "credits": 3, 
  "labtut_section": null, 
  "offering": 6, 
  "official_grade": null, 
  "person": 260, 
  "role": "STUD"
 }, 
 "model": "coredata.member", 
 "pk": 210
},
{
 "fields": {
  "added_reason": "AUTO", 
  "career": "NONS", 
  "config": "{}", 
  "credits": 0, 
  "labtut_section": null, 
  "offering": 7, 
  "official_grade": null, 
  "person": 120, 
  "role": "TA"
 }, 
 "model": "coredata.member", 
 "pk": 224
},
{
 "fields": {
  "added_reason": "AUTO", 
  "career": "UGRD", 
  "config": "{}", 
  "credits": 3, 
  "labtut_section": null, 
  "offering": 7, 
  "official_grade": null, 
  "person": 110, 
  "role": "STUD"
 }, 
 "model": "coredata.member", 
 "pk": 214
},
{
 "fields": {
  "added_reason": "AUTO", 
  "career": "UGRD", 
  "config": "{}", 
  "credits": 3, 
  "labtut_section": null, 
  "offering": 7, 
  "official_grade": null, 
  "person": 116, 
  "role": "STUD"
 }, 
 "model": "coredata.member", 
 "pk": 220
},
{
 "fields": {
  "added_reason": "AUTO", 
  "career": "UGRD", 
  "config": "{}", 
  "credits": 3, 
  "labtut_section": null, 
  "offering": 7, 
  "official_grade": null, 
  "person": 111, 
  "role": "STUD"
 }, 
 "model": "coredata.member", 
 "pk": 215
},
{
 "fields": {
  "added_reason": "AUTO", 
  "career": "UGRD", 
  "config": "{}", 
  "credits": 3, 
  "labtut_section": null, 
  "offering": 7, 
  "official_grade": null, 
  "person": 117, 
  "role": "STUD"
 }, 
 "model": "coredata.member", 
 "pk": 221
},
{
 "fields": {
  "added_reason": "AUTO", 
  "career": "UGRD", 
  "config": "{}", 
  "credits": 3, 
  "labtut_section": null, 
  "offering": 7, 
  "official_grade": null, 
  "person": 118, 
  "role": "STUD"
 }, 
 "model": "coredata.member", 
 "pk": 222
},
{
 "fields": {
  "added_reason": "AUTO", 
  "career": "UGRD", 
  "config": "{}", 
  "credits": 3, 
  "labtut_section": null, 
  "offering": 7, 
  "official_grade": null, 
  "person": 112, 
  "role": "STUD"
 }, 
 "model": "coredata.member", 
 "pk": 216
},
{
 "fields": {
  "added_reason": "AUTO", 
  "career": "UGRD", 
  "config": "{}", 
  "credits": 3, 
  "labtut_section": null, 
  "offering": 7, 
  "official_grade": null, 
  "person": 113, 
  "role": "STUD"
 }, 
 "model": "coredata.member", 
 "pk": 217
},
{
 "fields": {
  "added_reason": "AUTO", 
  "career": "UGRD", 
  "config": "{}", 
  "credits": 3, 
  "labtut_section": null, 
  "offering": 7, 
  "official_grade": null, 
  "person": 114, 
  "role": "STUD"
 }, 
 "model": "coredata.member", 
 "pk": 218
},
{
 "fields": {
  "added_reason": "AUTO", 
  "career": "UGRD", 
  "config": "{}", 
  "credits": 3, 
  "labtut_section": null, 
  "offering": 7, 
  "official_grade": null, 
  "person": 119, 
  "role": "STUD"
 }, 
 "model": "coredata.member", 
 "pk": 223
},
{
 "fields": {
  "added_reason": "AUTO", 
  "career": "UGRD", 
  "config": "{}", 
  "credits": 3, 
  "labtut_section": null, 
  "offering": 7, 
  "official_grade": null, 
  "person": 115, 
  "role": "STUD"
 }, 
 "model": "coredata.member", 
 "pk": 219
},
{
 "fields": {
  "added_reason": "AUTO", 
  "career": "NONS", 
  "config": "{}", 
  "credits": 0, 
  "labtut_section": null, 
  "offering": 8, 
  "official_grade": null, 
  "person": 87, 
  "role": "TA"
 }, 
 "model": "coredata.member", 
 "pk": 235
},
{
 "fields": {
  "added_reason": "AUTO", 
  "career": "UGRD", 
  "config": "{}", 
  "credits": 3, 
  "labtut_section": null, 
  "offering": 8, 
  "official_grade": null, 
  "person": 80, 
  "role": "STUD"
 }, 
 "model": "coredata.member", 
 "pk": 228
},
{
 "fields": {
  "added_reason": "AUTO", 
  "career": "UGRD", 
  "config": "{}", 
  "credits": 3, 
  "labtut_section": null, 
  "offering": 8, 
  "official_grade": null, 
  "person": 86, 
  "role": "STUD"
 }, 
 "model": "coredata.member", 
 "pk": 234
},
{
 "fields": {
  "added_reason": "AUTO", 
  "career": "UGRD", 
  "config": "{}", 
  "credits": 3, 
  "labtut_section": null, 
  "offering": 8, 
  "official_grade": null, 
  "person": 78, 
  "role": "STUD"
 }, 
 "model": "coredata.member", 
 "pk": 226
},
{
 "fields": {
  "added_reason": "AUTO", 
  "career": "UGRD", 
  "config": "{}", 
  "credits": 3, 
  "labtut_section": null, 
  "offering": 8, 
  "official_grade": null, 
  "person": 79, 
  "role": "STUD"
 }, 
 "model": "coredata.member", 
 "pk": 227
},
{
 "fields": {
  "added_reason": "AUTO", 
  "career": "UGRD", 
  "config": "{}", 
  "credits": 3, 
  "labtut_section": null, 
  "offering": 8, 
  "official_grade": null, 
  "person": 82, 
  "role": "STUD"
 }, 
 "model": "coredata.member", 
 "pk": 230
},
{
 "fields": {
  "added_reason": "AUTO", 
  "career": "UGRD", 
  "config": "{}", 
  "credits": 3, 
  "labtut_section": null, 
  "offering": 8, 
  "official_grade": null, 
  "person": 84, 
  "role": "STUD"
 }, 
 "model": "coredata.member", 
 "pk": 232
},
{
 "fields": {
  "added_reason": "AUTO", 
  "career": "UGRD", 
  "config": "{}", 
  "credits": 3, 
  "labtut_section": null, 
  "offering": 8, 
  "official_grade": null, 
  "person": 77, 
  "role": "STUD"
 }, 
 "model": "coredata.member", 
 "pk": 225
},
{
 "fields": {
  "added_reason": "AUTO", 
  "career": "UGRD", 
  "config": "{}", 
  "credits": 3, 
  "labtut_section": null, 
  "offering": 8, 
  "official_grade": null, 
  "person": 83, 
  "role": "STUD"
 }, 
 "model": "coredata.member", 
 "pk": 231
},
{
 "fields": {
  "added_reason": "AUTO", 
  "career": "UGRD", 
  "config": "{}", 
  "credits": 3, 
  "labtut_section": null, 
  "offering": 8, 
  "official_grade": null, 
  "person": 85, 
  "role": "STUD"
 }, 
 "model": "coredata.member", 
 "pk": 233
},
{
 "fields": {
  "added_reason": "AUTO", 
  "career": "UGRD", 
  "config": "{}", 
  "credits": 3, 
  "labtut_section": null, 
  "offering": 8, 
  "official_grade": null, 
  "person": 81, 
  "role": "STUD"
 }, 
 "model": "coredata.member", 
 "pk": 229
},
{
 "fields": {
  "added_reason": "AUTO", 
  "career": "NONS", 
  "config": "{}", 
  "credits": 0, 
  "labtut_section": null, 
  "offering": 9, 
  "official_grade": null, 
  "person": 263, 
  "role": "TA"
 }, 
 "model": "coredata.member", 
 "pk": 246
},
{
 "fields": {
  "added_reason": "AUTO", 
  "career": "NONS", 
  "config": "{}", 
  "credits": 0, 
  "labtut_section": null, 
  "offering": 9, 
  "official_grade": null, 
  "person": 8, 
  "role": "INST"
 }, 
 "model": "coredata.member", 
 "pk": 12
},
{
 "fields": {
  "added_reason": "AUTO", 
  "career": "UGRD", 
  "config": "{}", 
  "credits": 3, 
  "labtut_section": null, 
  "offering": 9, 
  "official_grade": null, 
  "person": 258, 
  "role": "STUD"
 }, 
 "model": "coredata.member", 
 "pk": 241
},
{
 "fields": {
  "added_reason": "AUTO", 
  "career": "UGRD", 
  "config": "{}", 
  "credits": 3, 
  "labtut_section": null, 
  "offering": 9, 
  "official_grade": null, 
  "person": 257, 
  "role": "STUD"
 }, 
 "model": "coredata.member", 
 "pk": 240
},
{
 "fields": {
  "added_reason": "AUTO", 
  "career": "UGRD", 
  "config": "{}", 
  "credits": 3, 
  "labtut_section": null, 
  "offering": 9, 
  "official_grade": null, 
  "person": 262, 
  "role": "STUD"
 }, 
 "model": "coredata.member", 
 "pk": 245
},
{
 "fields": {
  "added_reason": "AUTO", 
  "career": "UGRD", 
  "config": "{}", 
  "credits": 3, 
  "labtut_section": null, 
  "offering": 9, 
  "official_grade": null, 
  "person": 259, 
  "role": "STUD"
 }, 
 "model": "coredata.member", 
 "pk": 242
},
{
 "fields": {
  "added_reason": "AUTO", 
  "career": "UGRD", 
  "config": "{}", 
  "credits": 3, 
  "labtut_section": null, 
  "offering": 9, 
  "official_grade": null, 
  "person": 255, 
  "role": "STUD"
 }, 
 "model": "coredata.member", 
 "pk": 238
},
{
 "fields": {
  "added_reason": "AUTO", 
  "career": "UGRD", 
  "config": "{}", 
  "credits": 3, 
  "labtut_section": null, 
  "offering": 9, 
  "official_grade": null, 
  "person": 253, 
  "role": "STUD"
 }, 
 "model": "coredata.member", 
 "pk": 236
},
{
 "fields": {
  "added_reason": "AUTO", 
  "career": "UGRD", 
  "config": "{}", 
  "credits": 3, 
  "labtut_section": null, 
  "offering": 9, 
  "official_grade": null, 
  "person": 256, 
  "role": "STUD"
 }, 
 "model": "coredata.member", 
 "pk": 239
},
{
 "fields": {
  "added_reason": "AUTO", 
  "career": "UGRD", 
  "config": "{}", 
  "credits": 3, 
  "labtut_section": null, 
  "offering": 9, 
  "official_grade": null, 
  "person": 254, 
  "role": "STUD"
 }, 
 "model": "coredata.member", 
 "pk": 237
},
{
 "fields": {
  "added_reason": "AUTO", 
  "career": "UGRD", 
  "config": "{}", 
  "credits": 3, 
  "labtut_section": null, 
  "offering": 9, 
  "official_grade": null, 
  "person": 261, 
  "role": "STUD"
 }, 
 "model": "coredata.member", 
 "pk": 244
},
{
 "fields": {
  "added_reason": "AUTO", 
  "career": "UGRD", 
  "config": "{}", 
  "credits": 3, 
  "labtut_section": null, 
  "offering": 9, 
  "official_grade": null, 
  "person": 260, 
  "role": "STUD"
 }, 
 "model": "coredata.member", 
 "pk": 243
},
{
 "fields": {
  "added_reason": "AUTO", 
  "career": "NONS", 
  "config": "{}", 
  "credits": 0, 
  "labtut_section": null, 
  "offering": 10, 
  "official_grade": null, 
  "person": 296, 
  "role": "TA"
 }, 
 "model": "coredata.member", 
 "pk": 257
},
{
 "fields": {
  "added_reason": "AUTO", 
  "career": "NONS", 
  "config": "{}", 
  "credits": 0, 
  "labtut_section": null, 
  "offering": 10, 
  "official_grade": null, 
  "person": 8, 
  "role": "INST"
 }, 
 "model": "coredata.member", 
 "pk": 13
},
{
 "fields": {
  "added_reason": "AUTO", 
  "career": "UGRD", 
  "config": "{}", 
  "credits": 3, 
  "labtut_section": null, 
  "offering": 10, 
  "official_grade": null, 
  "person": 295, 
  "role": "STUD"
 }, 
 "model": "coredata.member", 
 "pk": 256
},
{
 "fields": {
  "added_reason": "AUTO", 
  "career": "UGRD", 
  "config": "{}", 
  "credits": 3, 
  "labtut_section": null, 
  "offering": 10, 
  "official_grade": null, 
  "person": 291, 
  "role": "STUD"
 }, 
 "model": "coredata.member", 
 "pk": 252
},
{
 "fields": {
  "added_reason": "AUTO", 
  "career": "UGRD", 
  "config": "{}", 
  "credits": 3, 
  "labtut_section": null, 
  "offering": 10, 
  "official_grade": null, 
  "person": 288, 
  "role": "STUD"
 }, 
 "model": "coredata.member", 
 "pk": 249
},
{
 "fields": {
  "added_reason": "AUTO", 
  "career": "UGRD", 
  "config": "{}", 
  "credits": 3, 
  "labtut_section": null, 
  "offering": 10, 
  "official_grade": null, 
  "person": 289, 
  "role": "STUD"
 }, 
 "model": "coredata.member", 
 "pk": 250
},
{
 "fields": {
  "added_reason": "AUTO", 
  "career": "UGRD", 
  "config": "{}", 
  "credits": 3, 
  "labtut_section": null, 
  "offering": 10, 
  "official_grade": null, 
  "person": 293, 
  "role": "STUD"
 }, 
 "model": "coredata.member", 
 "pk": 254
},
{
 "fields": {
  "added_reason": "AUTO", 
  "career": "UGRD", 
  "config": "{}", 
  "credits": 3, 
  "labtut_section": null, 
  "offering": 10, 
  "official_grade": null, 
  "person": 287, 
  "role": "STUD"
 }, 
 "model": "coredata.member", 
 "pk": 248
},
{
 "fields": {
  "added_reason": "AUTO", 
  "career": "UGRD", 
  "config": "{}", 
  "credits": 3, 
  "labtut_section": null, 
  "offering": 10, 
  "official_grade": null, 
  "person": 286, 
  "role": "STUD"
 }, 
 "model": "coredata.member", 
 "pk": 247
},
{
 "fields": {
  "added_reason": "AUTO", 
  "career": "UGRD", 
  "config": "{}", 
  "credits": 3, 
  "labtut_section": null, 
  "offering": 10, 
  "official_grade": null, 
  "person": 290, 
  "role": "STUD"
 }, 
 "model": "coredata.member", 
 "pk": 251
},
{
 "fields": {
  "added_reason": "AUTO", 
  "career": "UGRD", 
  "config": "{}", 
  "credits": 3, 
  "labtut_section": null, 
  "offering": 10, 
  "official_grade": null, 
  "person": 294, 
  "role": "STUD"
 }, 
 "model": "coredata.member", 
 "pk": 255
},
{
 "fields": {
  "added_reason": "AUTO", 
  "career": "UGRD", 
  "config": "{}", 
  "credits": 3, 
  "labtut_section": null, 
  "offering": 10, 
  "official_grade": null, 
  "person": 292, 
  "role": "STUD"
 }, 
 "model": "coredata.member", 
 "pk": 253
},
{
 "fields": {
  "added_reason": "AUTO", 
  "career": "NONS", 
  "config": "{}", 
  "credits": 0, 
  "labtut_section": null, 
  "offering": 48, 
  "official_grade": null, 
  "person": 9, 
  "role": "INST"
 }, 
 "model": "coredata.member", 
 "pk": 14
},
{
 "fields": {
  "added_reason": "AUTO", 
  "career": "NONS", 
  "config": "{}", 
  "credits": 0, 
  "labtut_section": null, 
  "offering": 48, 
  "official_grade": null, 
  "person": 43, 
  "role": "TA"
 }, 
 "model": "coredata.member", 
 "pk": 268
},
{
 "fields": {
  "added_reason": "AUTO", 
  "career": "UGRD", 
  "config": "{}", 
  "credits": 3, 
  "labtut_section": null, 
  "offering": 48, 
  "official_grade": null, 
  "person": 36, 
  "role": "STUD"
 }, 
 "model": "coredata.member", 
 "pk": 261
},
{
 "fields": {
  "added_reason": "AUTO", 
  "career": "UGRD", 
  "config": "{}", 
  "credits": 3, 
  "labtut_section": null, 
  "offering": 48, 
  "official_grade": null, 
  "person": 38, 
  "role": "STUD"
 }, 
 "model": "coredata.member", 
 "pk": 263
},
{
 "fields": {
  "added_reason": "AUTO", 
  "career": "UGRD", 
  "config": "{}", 
  "credits": 3, 
  "labtut_section": null, 
  "offering": 48, 
  "official_grade": null, 
  "person": 42, 
  "role": "STUD"
 }, 
 "model": "coredata.member", 
 "pk": 267
},
{
 "fields": {
  "added_reason": "AUTO", 
  "career": "UGRD", 
  "config": "{}", 
  "credits": 3, 
  "labtut_section": null, 
  "offering": 48, 
  "official_grade": null, 
  "person": 41, 
  "role": "STUD"
 }, 
 "model": "coredata.member", 
 "pk": 266
},
{
 "fields": {
  "added_reason": "AUTO", 
  "career": "UGRD", 
  "config": "{}", 
  "credits": 3, 
  "labtut_section": null, 
  "offering": 48, 
  "official_grade": null, 
  "person": 37, 
  "role": "STUD"
 }, 
 "model": "coredata.member", 
 "pk": 262
},
{
 "fields": {
  "added_reason": "AUTO", 
  "career": "UGRD", 
  "config": "{}", 
  "credits": 3, 
  "labtut_section": null, 
  "offering": 48, 
  "official_grade": null, 
  "person": 35, 
  "role": "STUD"
 }, 
 "model": "coredata.member", 
 "pk": 260
},
{
 "fields": {
  "added_reason": "AUTO", 
  "career": "UGRD", 
  "config": "{}", 
  "credits": 3, 
  "labtut_section": null, 
  "offering": 48, 
  "official_grade": null, 
  "person": 34, 
  "role": "STUD"
 }, 
 "model": "coredata.member", 
 "pk": 259
},
{
 "fields": {
  "added_reason": "AUTO", 
  "career": "UGRD", 
  "config": "{}", 
  "credits": 3, 
  "labtut_section": null, 
  "offering": 48, 
  "official_grade": null, 
  "person": 39, 
  "role": "STUD"
 }, 
 "model": "coredata.member", 
 "pk": 264
},
{
 "fields": {
  "added_reason": "AUTO", 
  "career": "UGRD", 
  "config": "{}", 
  "credits": 3, 
  "labtut_section": null, 
  "offering": 48, 
  "official_grade": null, 
  "person": 33, 
  "role": "STUD"
 }, 
 "model": "coredata.member", 
 "pk": 258
},
{
 "fields": {
  "added_reason": "AUTO", 
  "career": "UGRD", 
  "config": "{}", 
  "credits": 3, 
  "labtut_section": null, 
  "offering": 48, 
  "official_grade": null, 
  "person": 40, 
  "role": "STUD"
 }, 
 "model": "coredata.member", 
 "pk": 265
},
{
 "fields": {
  "added_reason": "AUTO", 
  "career": "NONS", 
  "config": "{}", 
  "credits": 0, 
  "labtut_section": null, 
  "offering": 30, 
  "official_grade": null, 
  "person": 7, 
  "role": "INST"
 }, 
 "model": "coredata.member", 
 "pk": 15
},
{
 "fields": {
  "added_reason": "AUTO", 
  "career": "NONS", 
  "config": "{}", 
  "credits": 0, 
  "labtut_section": null, 
  "offering": 30, 
  "official_grade": null, 
  "person": 32, 
  "role": "TA"
 }, 
 "model": "coredata.member", 
 "pk": 279
},
{
 "fields": {
  "added_reason": "AUTO", 
  "career": "UGRD", 
  "config": "{}", 
  "credits": 3, 
  "labtut_section": null, 
  "offering": 30, 
  "official_grade": null, 
  "person": 30, 
  "role": "STUD"
 }, 
 "model": "coredata.member", 
 "pk": 277
},
{
 "fields": {
  "added_reason": "AUTO", 
  "career": "UGRD", 
  "config": "{}", 
  "credits": 3, 
  "labtut_section": null, 
  "offering": 30, 
  "official_grade": null, 
  "person": 27, 
  "role": "STUD"
 }, 
 "model": "coredata.member", 
 "pk": 274
},
{
 "fields": {
  "added_reason": "AUTO", 
  "career": "UGRD", 
  "config": "{}", 
  "credits": 3, 
  "labtut_section": null, 
  "offering": 30, 
  "official_grade": null, 
  "person": 23, 
  "role": "STUD"
 }, 
 "model": "coredata.member", 
 "pk": 270
},
{
 "fields": {
  "added_reason": "AUTO", 
  "career": "UGRD", 
  "config": "{}", 
  "credits": 3, 
  "labtut_section": null, 
  "offering": 30, 
  "official_grade": null, 
  "person": 25, 
  "role": "STUD"
 }, 
 "model": "coredata.member", 
 "pk": 272
},
{
 "fields": {
  "added_reason": "AUTO", 
  "career": "UGRD", 
  "config": "{}", 
  "credits": 3, 
  "labtut_section": null, 
  "offering": 30, 
  "official_grade": null, 
  "person": 22, 
  "role": "STUD"
 }, 
 "model": "coredata.member", 
 "pk": 269
},
{
 "fields": {
  "added_reason": "AUTO", 
  "career": "UGRD", 
  "config": "{}", 
  "credits": 3, 
  "labtut_section": null, 
  "offering": 30, 
  "official_grade": null, 
  "person": 31, 
  "role": "STUD"
 }, 
 "model": "coredata.member", 
 "pk": 278
},
{
 "fields": {
  "added_reason": "AUTO", 
  "career": "UGRD", 
  "config": "{}", 
  "credits": 3, 
  "labtut_section": null, 
  "offering": 30, 
  "official_grade": null, 
  "person": 24, 
  "role": "STUD"
 }, 
 "model": "coredata.member", 
 "pk": 271
},
{
 "fields": {
  "added_reason": "AUTO", 
  "career": "UGRD", 
  "config": "{}", 
  "credits": 3, 
  "labtut_section": null, 
  "offering": 30, 
  "official_grade": null, 
  "person": 28, 
  "role": "STUD"
 }, 
 "model": "coredata.member", 
 "pk": 275
},
{
 "fields": {
  "added_reason": "AUTO", 
  "career": "UGRD", 
  "config": "{}", 
  "credits": 3, 
  "labtut_section": null, 
  "offering": 30, 
  "official_grade": null, 
  "person": 26, 
  "role": "STUD"
 }, 
 "model": "coredata.member", 
 "pk": 273
},
{
 "fields": {
  "added_reason": "AUTO", 
  "career": "UGRD", 
  "config": "{}", 
  "credits": 3, 
  "labtut_section": null, 
  "offering": 30, 
  "official_grade": null, 
  "person": 29, 
  "role": "STUD"
 }, 
 "model": "coredata.member", 
 "pk": 276
},
{
 "fields": {
  "added_reason": "AUTO", 
  "career": "NONS", 
  "config": "{}", 
  "credits": 0, 
  "labtut_section": null, 
  "offering": 12, 
  "official_grade": null, 
  "person": 7, 
  "role": "INST"
 }, 
 "model": "coredata.member", 
 "pk": 16
},
{
 "fields": {
  "added_reason": "AUTO", 
  "career": "NONS", 
  "config": "{}", 
  "credits": 0, 
  "labtut_section": null, 
  "offering": 12, 
  "official_grade": null, 
  "person": 197, 
  "role": "TA"
 }, 
 "model": "coredata.member", 
 "pk": 290
},
{
 "fields": {
  "added_reason": "AUTO", 
  "career": "UGRD", 
  "config": "{}", 
  "credits": 3, 
  "labtut_section": null, 
  "offering": 12, 
  "official_grade": null, 
  "person": 193, 
  "role": "STUD"
 }, 
 "model": "coredata.member", 
 "pk": 286
},
{
 "fields": {
  "added_reason": "AUTO", 
  "career": "UGRD", 
  "config": "{}", 
  "credits": 3, 
  "labtut_section": null, 
  "offering": 12, 
  "official_grade": null, 
  "person": 194, 
  "role": "STUD"
 }, 
 "model": "coredata.member", 
 "pk": 287
},
{
 "fields": {
  "added_reason": "AUTO", 
  "career": "UGRD", 
  "config": "{}", 
  "credits": 3, 
  "labtut_section": null, 
  "offering": 12, 
  "official_grade": null, 
  "person": 195, 
  "role": "STUD"
 }, 
 "model": "coredata.member", 
 "pk": 288
},
{
 "fields": {
  "added_reason": "AUTO", 
  "career": "UGRD", 
  "config": "{}", 
  "credits": 3, 
  "labtut_section": null, 
  "offering": 12, 
  "official_grade": null, 
  "person": 190, 
  "role": "STUD"
 }, 
 "model": "coredata.member", 
 "pk": 283
},
{
 "fields": {
  "added_reason": "AUTO", 
  "career": "UGRD", 
  "config": "{}", 
  "credits": 3, 
  "labtut_section": null, 
  "offering": 12, 
  "official_grade": null, 
  "person": 192, 
  "role": "STUD"
 }, 
 "model": "coredata.member", 
 "pk": 285
},
{
 "fields": {
  "added_reason": "AUTO", 
  "career": "UGRD", 
  "config": "{}", 
  "credits": 3, 
  "labtut_section": null, 
  "offering": 12, 
  "official_grade": null, 
  "person": 196, 
  "role": "STUD"
 }, 
 "model": "coredata.member", 
 "pk": 289
},
{
 "fields": {
  "added_reason": "AUTO", 
  "career": "UGRD", 
  "config": "{}", 
  "credits": 3, 
  "labtut_section": null, 
  "offering": 12, 
  "official_grade": null, 
  "person": 191, 
  "role": "STUD"
 }, 
 "model": "coredata.member", 
 "pk": 284
},
{
 "fields": {
  "added_reason": "AUTO", 
  "career": "UGRD", 
  "config": "{}", 
  "credits": 3, 
  "labtut_section": null, 
  "offering": 12, 
  "official_grade": null, 
  "person": 187, 
  "role": "STUD"
 }, 
 "model": "coredata.member", 
 "pk": 280
},
{
 "fields": {
  "added_reason": "AUTO", 
  "career": "UGRD", 
  "config": "{}", 
  "credits": 3, 
  "labtut_section": null, 
  "offering": 12, 
  "official_grade": null, 
  "person": 189, 
  "role": "STUD"
 }, 
 "model": "coredata.member", 
 "pk": 282
},
{
 "fields": {
  "added_reason": "AUTO", 
  "career": "UGRD", 
  "config": "{}", 
  "credits": 3, 
  "labtut_section": null, 
  "offering": 12, 
  "official_grade": null, 
  "person": 188, 
  "role": "STUD"
 }, 
 "model": "coredata.member", 
 "pk": 281
},
{
 "fields": {
  "added_reason": "AUTO", 
  "career": "NONS", 
  "config": "{}", 
  "credits": 0, 
  "labtut_section": null, 
  "offering": 13, 
  "official_grade": null, 
  "person": 7, 
  "role": "INST"
 }, 
 "model": "coredata.member", 
 "pk": 17
},
{
 "fields": {
  "added_reason": "AUTO", 
  "career": "NONS", 
  "config": "{}", 
  "credits": 0, 
  "labtut_section": null, 
  "offering": 13, 
  "official_grade": null, 
  "person": 109, 
  "role": "TA"
 }, 
 "model": "coredata.member", 
 "pk": 301
},
{
 "fields": {
  "added_reason": "AUTO", 
  "career": "UGRD", 
  "config": "{}", 
  "credits": 3, 
  "labtut_section": null, 
  "offering": 13, 
  "official_grade": null, 
  "person": 100, 
  "role": "STUD"
 }, 
 "model": "coredata.member", 
 "pk": 292
},
{
 "fields": {
  "added_reason": "AUTO", 
  "career": "UGRD", 
  "config": "{}", 
  "credits": 3, 
  "labtut_section": null, 
  "offering": 13, 
  "official_grade": null, 
  "person": 106, 
  "role": "STUD"
 }, 
 "model": "coredata.member", 
 "pk": 298
},
{
 "fields": {
  "added_reason": "AUTO", 
  "career": "UGRD", 
  "config": "{}", 
  "credits": 3, 
  "labtut_section": null, 
  "offering": 13, 
  "official_grade": null, 
  "person": 99, 
  "role": "STUD"
 }, 
 "model": "coredata.member", 
 "pk": 291
},
{
 "fields": {
  "added_reason": "AUTO", 
  "career": "UGRD", 
  "config": "{}", 
  "credits": 3, 
  "labtut_section": null, 
  "offering": 13, 
  "official_grade": null, 
  "person": 104, 
  "role": "STUD"
 }, 
 "model": "coredata.member", 
 "pk": 296
},
{
 "fields": {
  "added_reason": "AUTO", 
  "career": "UGRD", 
  "config": "{}", 
  "credits": 3, 
  "labtut_section": null, 
  "offering": 13, 
  "official_grade": null, 
  "person": 102, 
  "role": "STUD"
 }, 
 "model": "coredata.member", 
 "pk": 294
},
{
 "fields": {
  "added_reason": "AUTO", 
  "career": "UGRD", 
  "config": "{}", 
  "credits": 3, 
  "labtut_section": null, 
  "offering": 13, 
  "official_grade": null, 
  "person": 105, 
  "role": "STUD"
 }, 
 "model": "coredata.member", 
 "pk": 297
},
{
 "fields": {
  "added_reason": "AUTO", 
  "career": "UGRD", 
  "config": "{}", 
  "credits": 3, 
  "labtut_section": null, 
  "offering": 13, 
  "official_grade": null, 
  "person": 103, 
  "role": "STUD"
 }, 
 "model": "coredata.member", 
 "pk": 295
},
{
 "fields": {
  "added_reason": "AUTO", 
  "career": "UGRD", 
  "config": "{}", 
  "credits": 3, 
  "labtut_section": null, 
  "offering": 13, 
  "official_grade": null, 
  "person": 101, 
  "role": "STUD"
 }, 
 "model": "coredata.member", 
 "pk": 293
},
{
 "fields": {
  "added_reason": "AUTO", 
  "career": "UGRD", 
  "config": "{}", 
  "credits": 3, 
  "labtut_section": null, 
  "offering": 13, 
  "official_grade": null, 
  "person": 107, 
  "role": "STUD"
 }, 
 "model": "coredata.member", 
 "pk": 299
},
{
 "fields": {
  "added_reason": "AUTO", 
  "career": "UGRD", 
  "config": "{}", 
  "credits": 3, 
  "labtut_section": null, 
  "offering": 13, 
  "official_grade": null, 
  "person": 108, 
  "role": "STUD"
 }, 
 "model": "coredata.member", 
 "pk": 300
},
{
 "fields": {
  "added_reason": "AUTO", 
  "career": "NONS", 
  "config": "{}", 
  "credits": 0, 
  "labtut_section": null, 
  "offering": 11, 
  "official_grade": null, 
  "person": 7, 
  "role": "INST"
 }, 
 "model": "coredata.member", 
 "pk": 18
},
{
 "fields": {
  "added_reason": "AUTO", 
  "career": "NONS", 
  "config": "{}", 
  "credits": 0, 
  "labtut_section": null, 
  "offering": 11, 
  "official_grade": null, 
  "person": 263, 
  "role": "TA"
 }, 
 "model": "coredata.member", 
 "pk": 312
},
{
 "fields": {
  "added_reason": "AUTO", 
  "career": "UGRD", 
  "config": "{}", 
  "credits": 3, 
  "labtut_section": null, 
  "offering": 11, 
  "official_grade": null, 
  "person": 258, 
  "role": "STUD"
 }, 
 "model": "coredata.member", 
 "pk": 307
},
{
 "fields": {
  "added_reason": "AUTO", 
  "career": "UGRD", 
  "config": "{}", 
  "credits": 3, 
  "labtut_section": null, 
  "offering": 11, 
  "official_grade": null, 
  "person": 257, 
  "role": "STUD"
 }, 
 "model": "coredata.member", 
 "pk": 306
},
{
 "fields": {
  "added_reason": "AUTO", 
  "career": "UGRD", 
  "config": "{}", 
  "credits": 3, 
  "labtut_section": null, 
  "offering": 11, 
  "official_grade": null, 
  "person": 262, 
  "role": "STUD"
 }, 
 "model": "coredata.member", 
 "pk": 311
},
{
 "fields": {
  "added_reason": "AUTO", 
  "career": "UGRD", 
  "config": "{}", 
  "credits": 3, 
  "labtut_section": null, 
  "offering": 11, 
  "official_grade": null, 
  "person": 259, 
  "role": "STUD"
 }, 
 "model": "coredata.member", 
 "pk": 308
},
{
 "fields": {
  "added_reason": "AUTO", 
  "career": "UGRD", 
  "config": "{}", 
  "credits": 3, 
  "labtut_section": null, 
  "offering": 11, 
  "official_grade": null, 
  "person": 255, 
  "role": "STUD"
 }, 
 "model": "coredata.member", 
 "pk": 304
},
{
 "fields": {
  "added_reason": "AUTO", 
  "career": "UGRD", 
  "config": "{}", 
  "credits": 3, 
  "labtut_section": null, 
  "offering": 11, 
  "official_grade": null, 
  "person": 253, 
  "role": "STUD"
 }, 
 "model": "coredata.member", 
 "pk": 302
},
{
 "fields": {
  "added_reason": "AUTO", 
  "career": "UGRD", 
  "config": "{}", 
  "credits": 3, 
  "labtut_section": null, 
  "offering": 11, 
  "official_grade": null, 
  "person": 256, 
  "role": "STUD"
 }, 
 "model": "coredata.member", 
 "pk": 305
},
{
 "fields": {
  "added_reason": "AUTO", 
  "career": "UGRD", 
  "config": "{}", 
  "credits": 3, 
  "labtut_section": null, 
  "offering": 11, 
  "official_grade": null, 
  "person": 254, 
  "role": "STUD"
 }, 
 "model": "coredata.member", 
 "pk": 303
},
{
 "fields": {
  "added_reason": "AUTO", 
  "career": "UGRD", 
  "config": "{}", 
  "credits": 3, 
  "labtut_section": null, 
  "offering": 11, 
  "official_grade": null, 
  "person": 261, 
  "role": "STUD"
 }, 
 "model": "coredata.member", 
 "pk": 310
},
{
 "fields": {
  "added_reason": "AUTO", 
  "career": "UGRD", 
  "config": "{}", 
  "credits": 3, 
  "labtut_section": null, 
  "offering": 11, 
  "official_grade": null, 
  "person": 260, 
  "role": "STUD"
 }, 
 "model": "coredata.member", 
 "pk": 309
},
{
 "fields": {
  "added_reason": "AUTO", 
  "career": "NONS", 
  "config": "{}", 
  "credits": 0, 
  "labtut_section": null, 
  "offering": 14, 
  "official_grade": null, 
  "person": 7, 
  "role": "INST"
 }, 
 "model": "coredata.member", 
 "pk": 19
},
{
 "fields": {
  "added_reason": "AUTO", 
  "career": "NONS", 
  "config": "{}", 
  "credits": 0, 
  "labtut_section": null, 
  "offering": 14, 
  "official_grade": null, 
  "person": 109, 
  "role": "TA"
 }, 
 "model": "coredata.member", 
 "pk": 323
},
{
 "fields": {
  "added_reason": "AUTO", 
  "career": "UGRD", 
  "config": "{}", 
  "credits": 3, 
  "labtut_section": null, 
  "offering": 14, 
  "official_grade": null, 
  "person": 100, 
  "role": "STUD"
 }, 
 "model": "coredata.member", 
 "pk": 314
},
{
 "fields": {
  "added_reason": "AUTO", 
  "career": "UGRD", 
  "config": "{}", 
  "credits": 3, 
  "labtut_section": null, 
  "offering": 14, 
  "official_grade": null, 
  "person": 106, 
  "role": "STUD"
 }, 
 "model": "coredata.member", 
 "pk": 320
},
{
 "fields": {
  "added_reason": "AUTO", 
  "career": "UGRD", 
  "config": "{}", 
  "credits": 3, 
  "labtut_section": null, 
  "offering": 14, 
  "official_grade": null, 
  "person": 99, 
  "role": "STUD"
 }, 
 "model": "coredata.member", 
 "pk": 313
},
{
 "fields": {
  "added_reason": "AUTO", 
  "career": "UGRD", 
  "config": "{}", 
  "credits": 3, 
  "labtut_section": null, 
  "offering": 14, 
  "official_grade": null, 
  "person": 104, 
  "role": "STUD"
 }, 
 "model": "coredata.member", 
 "pk": 318
},
{
 "fields": {
  "added_reason": "AUTO", 
  "career": "UGRD", 
  "config": "{}", 
  "credits": 3, 
  "labtut_section": null, 
  "offering": 14, 
  "official_grade": null, 
  "person": 102, 
  "role": "STUD"
 }, 
 "model": "coredata.member", 
 "pk": 316
},
{
 "fields": {
  "added_reason": "AUTO", 
  "career": "UGRD", 
  "config": "{}", 
  "credits": 3, 
  "labtut_section": null, 
  "offering": 14, 
  "official_grade": null, 
  "person": 105, 
  "role": "STUD"
 }, 
 "model": "coredata.member", 
 "pk": 319
},
{
 "fields": {
  "added_reason": "AUTO", 
  "career": "UGRD", 
  "config": "{}", 
  "credits": 3, 
  "labtut_section": null, 
  "offering": 14, 
  "official_grade": null, 
  "person": 103, 
  "role": "STUD"
 }, 
 "model": "coredata.member", 
 "pk": 317
},
{
 "fields": {
  "added_reason": "AUTO", 
  "career": "UGRD", 
  "config": "{}", 
  "credits": 3, 
  "labtut_section": null, 
  "offering": 14, 
  "official_grade": null, 
  "person": 101, 
  "role": "STUD"
 }, 
 "model": "coredata.member", 
 "pk": 315
},
{
 "fields": {
  "added_reason": "AUTO", 
  "career": "UGRD", 
  "config": "{}", 
  "credits": 3, 
  "labtut_section": null, 
  "offering": 14, 
  "official_grade": null, 
  "person": 107, 
  "role": "STUD"
 }, 
 "model": "coredata.member", 
 "pk": 321
},
{
 "fields": {
  "added_reason": "AUTO", 
  "career": "UGRD", 
  "config": "{}", 
  "credits": 3, 
  "labtut_section": null, 
  "offering": 14, 
  "official_grade": null, 
  "person": 108, 
  "role": "STUD"
 }, 
 "model": "coredata.member", 
 "pk": 322
},
{
 "fields": {
  "added_reason": "AUTO", 
  "career": "NONS", 
  "config": "{}", 
  "credits": 0, 
  "labtut_section": null, 
  "offering": 15, 
  "official_grade": null, 
  "person": 252, 
  "role": "TA"
 }, 
 "model": "coredata.member", 
 "pk": 334
},
{
 "fields": {
  "added_reason": "AUTO", 
  "career": "NONS", 
  "config": "{}", 
  "credits": 0, 
  "labtut_section": null, 
  "offering": 15, 
  "official_grade": null, 
  "person": 4, 
  "role": "INST"
 }, 
 "model": "coredata.member", 
 "pk": 20
},
{
 "fields": {
  "added_reason": "AUTO", 
  "career": "UGRD", 
  "config": "{}", 
  "credits": 3, 
  "labtut_section": null, 
  "offering": 15, 
  "official_grade": null, 
  "person": 251, 
  "role": "STUD"
 }, 
 "model": "coredata.member", 
 "pk": 333
},
{
 "fields": {
  "added_reason": "AUTO", 
  "career": "UGRD", 
  "config": "{}", 
  "credits": 3, 
  "labtut_section": null, 
  "offering": 15, 
  "official_grade": null, 
  "person": 247, 
  "role": "STUD"
 }, 
 "model": "coredata.member", 
 "pk": 329
},
{
 "fields": {
  "added_reason": "AUTO", 
  "career": "UGRD", 
  "config": "{}", 
  "credits": 3, 
  "labtut_section": null, 
  "offering": 15, 
  "official_grade": null, 
  "person": 249, 
  "role": "STUD"
 }, 
 "model": "coredata.member", 
 "pk": 331
},
{
 "fields": {
  "added_reason": "AUTO", 
  "career": "UGRD", 
  "config": "{}", 
  "credits": 3, 
  "labtut_section": null, 
  "offering": 15, 
  "official_grade": null, 
  "person": 246, 
  "role": "STUD"
 }, 
 "model": "coredata.member", 
 "pk": 328
},
{
 "fields": {
  "added_reason": "AUTO", 
  "career": "UGRD", 
  "config": "{}", 
  "credits": 3, 
  "labtut_section": null, 
  "offering": 15, 
  "official_grade": null, 
  "person": 245, 
  "role": "STUD"
 }, 
 "model": "coredata.member", 
 "pk": 327
},
{
 "fields": {
  "added_reason": "AUTO", 
  "career": "UGRD", 
  "config": "{}", 
  "credits": 3, 
  "labtut_section": null, 
  "offering": 15, 
  "official_grade": null, 
  "person": 244, 
  "role": "STUD"
 }, 
 "model": "coredata.member", 
 "pk": 326
},
{
 "fields": {
  "added_reason": "AUTO", 
  "career": "UGRD", 
  "config": "{}", 
  "credits": 3, 
  "labtut_section": null, 
  "offering": 15, 
  "official_grade": null, 
  "person": 242, 
  "role": "STUD"
 }, 
 "model": "coredata.member", 
 "pk": 324
},
{
 "fields": {
  "added_reason": "AUTO", 
  "career": "UGRD", 
  "config": "{}", 
  "credits": 3, 
  "labtut_section": null, 
  "offering": 15, 
  "official_grade": null, 
  "person": 243, 
  "role": "STUD"
 }, 
 "model": "coredata.member", 
 "pk": 325
},
{
 "fields": {
  "added_reason": "AUTO", 
  "career": "UGRD", 
  "config": "{}", 
  "credits": 3, 
  "labtut_section": null, 
  "offering": 15, 
  "official_grade": null, 
  "person": 250, 
  "role": "STUD"
 }, 
 "model": "coredata.member", 
 "pk": 332
},
{
 "fields": {
  "added_reason": "AUTO", 
  "career": "UGRD", 
  "config": "{}", 
  "credits": 3, 
  "labtut_section": null, 
  "offering": 15, 
  "official_grade": null, 
  "person": 248, 
  "role": "STUD"
 }, 
 "model": "coredata.member", 
 "pk": 330
},
{
 "fields": {
  "added_reason": "AUTO", 
  "career": "NONS", 
  "config": "{}", 
  "credits": 0, 
  "labtut_section": null, 
  "offering": 50, 
  "official_grade": null, 
  "person": 9, 
  "role": "INST"
 }, 
 "model": "coredata.member", 
 "pk": 21
},
{
 "fields": {
  "added_reason": "AUTO", 
  "career": "NONS", 
  "config": "{}", 
  "credits": 0, 
  "labtut_section": null, 
  "offering": 50, 
  "official_grade": null, 
  "person": 208, 
  "role": "TA"
 }, 
 "model": "coredata.member", 
 "pk": 345
},
{
 "fields": {
  "added_reason": "AUTO", 
  "career": "UGRD", 
  "config": "{}", 
  "credits": 3, 
  "labtut_section": null, 
  "offering": 50, 
  "official_grade": null, 
  "person": 199, 
  "role": "STUD"
 }, 
 "model": "coredata.member", 
 "pk": 336
},
{
 "fields": {
  "added_reason": "AUTO", 
  "career": "UGRD", 
  "config": "{}", 
  "credits": 3, 
  "labtut_section": null, 
  "offering": 50, 
  "official_grade": null, 
  "person": 202, 
  "role": "STUD"
 }, 
 "model": "coredata.member", 
 "pk": 339
},
{
 "fields": {
  "added_reason": "AUTO", 
  "career": "UGRD", 
  "config": "{}", 
  "credits": 3, 
  "labtut_section": null, 
  "offering": 50, 
  "official_grade": null, 
  "person": 206, 
  "role": "STUD"
 }, 
 "model": "coredata.member", 
 "pk": 343
},
{
 "fields": {
  "added_reason": "AUTO", 
  "career": "UGRD", 
  "config": "{}", 
  "credits": 3, 
  "labtut_section": null, 
  "offering": 50, 
  "official_grade": null, 
  "person": 201, 
  "role": "STUD"
 }, 
 "model": "coredata.member", 
 "pk": 338
},
{
 "fields": {
  "added_reason": "AUTO", 
  "career": "UGRD", 
  "config": "{}", 
  "credits": 3, 
  "labtut_section": null, 
  "offering": 50, 
  "official_grade": null, 
  "person": 203, 
  "role": "STUD"
 }, 
 "model": "coredata.member", 
 "pk": 340
},
{
 "fields": {
  "added_reason": "AUTO", 
  "career": "UGRD", 
  "config": "{}", 
  "credits": 3, 
  "labtut_section": null, 
  "offering": 50, 
  "official_grade": null, 
  "person": 205, 
  "role": "STUD"
 }, 
 "model": "coredata.member", 
 "pk": 342
},
{
 "fields": {
  "added_reason": "AUTO", 
  "career": "UGRD", 
  "config": "{}", 
  "credits": 3, 
  "labtut_section": null, 
  "offering": 50, 
  "official_grade": null, 
  "person": 204, 
  "role": "STUD"
 }, 
 "model": "coredata.member", 
 "pk": 341
},
{
 "fields": {
  "added_reason": "AUTO", 
  "career": "UGRD", 
  "config": "{}", 
  "credits": 3, 
  "labtut_section": null, 
  "offering": 50, 
  "official_grade": null, 
  "person": 200, 
  "role": "STUD"
 }, 
 "model": "coredata.member", 
 "pk": 337
},
{
 "fields": {
  "added_reason": "AUTO", 
  "career": "UGRD", 
  "config": "{}", 
  "credits": 3, 
  "labtut_section": null, 
  "offering": 50, 
  "official_grade": null, 
  "person": 207, 
  "role": "STUD"
 }, 
 "model": "coredata.member", 
 "pk": 344
},
{
 "fields": {
  "added_reason": "AUTO", 
  "career": "UGRD", 
  "config": "{}", 
  "credits": 3, 
  "labtut_section": null, 
  "offering": 50, 
  "official_grade": null, 
  "person": 198, 
  "role": "STUD"
 }, 
 "model": "coredata.member", 
 "pk": 335
},
{
 "fields": {
  "added_reason": "AUTO", 
  "career": "NONS", 
  "config": "{}", 
  "credits": 0, 
  "labtut_section": null, 
  "offering": 20, 
  "official_grade": null, 
  "person": 230, 
  "role": "TA"
 }, 
 "model": "coredata.member", 
 "pk": 356
},
{
 "fields": {
  "added_reason": "AUTO", 
  "career": "NONS", 
  "config": "{}", 
  "credits": 0, 
  "labtut_section": null, 
  "offering": 20, 
  "official_grade": null, 
  "person": 10, 
  "role": "INST"
 }, 
 "model": "coredata.member", 
 "pk": 22
},
{
 "fields": {
  "added_reason": "AUTO", 
  "career": "UGRD", 
  "config": "{}", 
  "credits": 3, 
  "labtut_section": null, 
  "offering": 20, 
  "official_grade": null, 
  "person": 223, 
  "role": "STUD"
 }, 
 "model": "coredata.member", 
 "pk": 349
},
{
 "fields": {
  "added_reason": "AUTO", 
  "career": "UGRD", 
  "config": "{}", 
  "credits": 3, 
  "labtut_section": null, 
  "offering": 20, 
  "official_grade": null, 
  "person": 228, 
  "role": "STUD"
 }, 
 "model": "coredata.member", 
 "pk": 354
},
{
 "fields": {
  "added_reason": "AUTO", 
  "career": "UGRD", 
  "config": "{}", 
  "credits": 3, 
  "labtut_section": null, 
  "offering": 20, 
  "official_grade": null, 
  "person": 229, 
  "role": "STUD"
 }, 
 "model": "coredata.member", 
 "pk": 355
},
{
 "fields": {
  "added_reason": "AUTO", 
  "career": "UGRD", 
  "config": "{}", 
  "credits": 3, 
  "labtut_section": null, 
  "offering": 20, 
  "official_grade": null, 
  "person": 224, 
  "role": "STUD"
 }, 
 "model": "coredata.member", 
 "pk": 350
},
{
 "fields": {
  "added_reason": "AUTO", 
  "career": "UGRD", 
  "config": "{}", 
  "credits": 3, 
  "labtut_section": null, 
  "offering": 20, 
  "official_grade": null, 
  "person": 221, 
  "role": "STUD"
 }, 
 "model": "coredata.member", 
 "pk": 347
},
{
 "fields": {
  "added_reason": "AUTO", 
  "career": "UGRD", 
  "config": "{}", 
  "credits": 3, 
  "labtut_section": null, 
  "offering": 20, 
  "official_grade": null, 
  "person": 220, 
  "role": "STUD"
 }, 
 "model": "coredata.member", 
 "pk": 346
},
{
 "fields": {
  "added_reason": "AUTO", 
  "career": "UGRD", 
  "config": "{}", 
  "credits": 3, 
  "labtut_section": null, 
  "offering": 20, 
  "official_grade": null, 
  "person": 225, 
  "role": "STUD"
 }, 
 "model": "coredata.member", 
 "pk": 351
},
{
 "fields": {
  "added_reason": "AUTO", 
  "career": "UGRD", 
  "config": "{}", 
  "credits": 3, 
  "labtut_section": null, 
  "offering": 20, 
  "official_grade": null, 
  "person": 226, 
  "role": "STUD"
 }, 
 "model": "coredata.member", 
 "pk": 352
},
{
 "fields": {
  "added_reason": "AUTO", 
  "career": "UGRD", 
  "config": "{}", 
  "credits": 3, 
  "labtut_section": null, 
  "offering": 20, 
  "official_grade": null, 
  "person": 222, 
  "role": "STUD"
 }, 
 "model": "coredata.member", 
 "pk": 348
},
{
 "fields": {
  "added_reason": "AUTO", 
  "career": "UGRD", 
  "config": "{}", 
  "credits": 3, 
  "labtut_section": null, 
  "offering": 20, 
  "official_grade": null, 
  "person": 227, 
  "role": "STUD"
 }, 
 "model": "coredata.member", 
 "pk": 353
},
{
 "fields": {
  "added_reason": "AUTO", 
  "career": "NONS", 
  "config": "{}", 
  "credits": 0, 
  "labtut_section": null, 
  "offering": 21, 
  "official_grade": null, 
  "person": 11, 
  "role": "INST"
 }, 
 "model": "coredata.member", 
 "pk": 23
},
{
 "fields": {
  "added_reason": "AUTO", 
  "career": "NONS", 
  "config": "{}", 
  "credits": 0, 
  "labtut_section": null, 
  "offering": 21, 
  "official_grade": null, 
  "person": 296, 
  "role": "TA"
 }, 
 "model": "coredata.member", 
 "pk": 367
},
{
 "fields": {
  "added_reason": "AUTO", 
  "career": "UGRD", 
  "config": "{}", 
  "credits": 3, 
  "labtut_section": null, 
  "offering": 21, 
  "official_grade": null, 
  "person": 295, 
  "role": "STUD"
 }, 
 "model": "coredata.member", 
 "pk": 366
},
{
 "fields": {
  "added_reason": "AUTO", 
  "career": "UGRD", 
  "config": "{}", 
  "credits": 3, 
  "labtut_section": null, 
  "offering": 21, 
  "official_grade": null, 
  "person": 291, 
  "role": "STUD"
 }, 
 "model": "coredata.member", 
 "pk": 362
},
{
 "fields": {
  "added_reason": "AUTO", 
  "career": "UGRD", 
  "config": "{}", 
  "credits": 3, 
  "labtut_section": null, 
  "offering": 21, 
  "official_grade": null, 
  "person": 288, 
  "role": "STUD"
 }, 
 "model": "coredata.member", 
 "pk": 359
},
{
 "fields": {
  "added_reason": "AUTO", 
  "career": "UGRD", 
  "config": "{}", 
  "credits": 3, 
  "labtut_section": null, 
  "offering": 21, 
  "official_grade": null, 
  "person": 289, 
  "role": "STUD"
 }, 
 "model": "coredata.member", 
 "pk": 360
},
{
 "fields": {
  "added_reason": "AUTO", 
  "career": "UGRD", 
  "config": "{}", 
  "credits": 3, 
  "labtut_section": null, 
  "offering": 21, 
  "official_grade": null, 
  "person": 293, 
  "role": "STUD"
 }, 
 "model": "coredata.member", 
 "pk": 364
},
{
 "fields": {
  "added_reason": "AUTO", 
  "career": "UGRD", 
  "config": "{}", 
  "credits": 3, 
  "labtut_section": null, 
  "offering": 21, 
  "official_grade": null, 
  "person": 287, 
  "role": "STUD"
 }, 
 "model": "coredata.member", 
 "pk": 358
},
{
 "fields": {
  "added_reason": "AUTO", 
  "career": "UGRD", 
  "config": "{}", 
  "credits": 3, 
  "labtut_section": null, 
  "offering": 21, 
  "official_grade": null, 
  "person": 286, 
  "role": "STUD"
 }, 
 "model": "coredata.member", 
 "pk": 357
},
{
 "fields": {
  "added_reason": "AUTO", 
  "career": "UGRD", 
  "config": "{}", 
  "credits": 3, 
  "labtut_section": null, 
  "offering": 21, 
  "official_grade": null, 
  "person": 290, 
  "role": "STUD"
 }, 
 "model": "coredata.member", 
 "pk": 361
},
{
 "fields": {
  "added_reason": "AUTO", 
  "career": "UGRD", 
  "config": "{}", 
  "credits": 3, 
  "labtut_section": null, 
  "offering": 21, 
  "official_grade": null, 
  "person": 294, 
  "role": "STUD"
 }, 
 "model": "coredata.member", 
 "pk": 365
},
{
 "fields": {
  "added_reason": "AUTO", 
  "career": "UGRD", 
  "config": "{}", 
  "credits": 3, 
  "labtut_section": null, 
  "offering": 21, 
  "official_grade": null, 
  "person": 292, 
  "role": "STUD"
 }, 
 "model": "coredata.member", 
 "pk": 363
},
{
 "fields": {
  "added_reason": "AUTO", 
  "career": "NONS", 
  "config": "{}", 
  "credits": 0, 
  "labtut_section": null, 
  "offering": 26, 
  "official_grade": null, 
  "person": 12, 
  "role": "INST"
 }, 
 "model": "coredata.member", 
 "pk": 24
},
{
 "fields": {
  "added_reason": "AUTO", 
  "career": "NONS", 
  "config": "{}", 
  "credits": 0, 
  "labtut_section": null, 
  "offering": 26, 
  "official_grade": null, 
  "person": 197, 
  "role": "TA"
 }, 
 "model": "coredata.member", 
 "pk": 378
},
{
 "fields": {
  "added_reason": "AUTO", 
  "career": "UGRD", 
  "config": "{}", 
  "credits": 3, 
  "labtut_section": null, 
  "offering": 26, 
  "official_grade": null, 
  "person": 193, 
  "role": "STUD"
 }, 
 "model": "coredata.member", 
 "pk": 374
},
{
 "fields": {
  "added_reason": "AUTO", 
  "career": "UGRD", 
  "config": "{}", 
  "credits": 3, 
  "labtut_section": null, 
  "offering": 26, 
  "official_grade": null, 
  "person": 194, 
  "role": "STUD"
 }, 
 "model": "coredata.member", 
 "pk": 375
},
{
 "fields": {
  "added_reason": "AUTO", 
  "career": "UGRD", 
  "config": "{}", 
  "credits": 3, 
  "labtut_section": null, 
  "offering": 26, 
  "official_grade": null, 
  "person": 195, 
  "role": "STUD"
 }, 
 "model": "coredata.member", 
 "pk": 376
},
{
 "fields": {
  "added_reason": "AUTO", 
  "career": "UGRD", 
  "config": "{}", 
  "credits": 3, 
  "labtut_section": null, 
  "offering": 26, 
  "official_grade": null, 
  "person": 190, 
  "role": "STUD"
 }, 
 "model": "coredata.member", 
 "pk": 371
},
{
 "fields": {
  "added_reason": "AUTO", 
  "career": "UGRD", 
  "config": "{}", 
  "credits": 3, 
  "labtut_section": null, 
  "offering": 26, 
  "official_grade": null, 
  "person": 192, 
  "role": "STUD"
 }, 
 "model": "coredata.member", 
 "pk": 373
},
{
 "fields": {
  "added_reason": "AUTO", 
  "career": "UGRD", 
  "config": "{}", 
  "credits": 3, 
  "labtut_section": null, 
  "offering": 26, 
  "official_grade": null, 
  "person": 196, 
  "role": "STUD"
 }, 
 "model": "coredata.member", 
 "pk": 377
},
{
 "fields": {
  "added_reason": "AUTO", 
  "career": "UGRD", 
  "config": "{}", 
  "credits": 3, 
  "labtut_section": null, 
  "offering": 26, 
  "official_grade": null, 
  "person": 191, 
  "role": "STUD"
 }, 
 "model": "coredata.member", 
 "pk": 372
},
{
 "fields": {
  "added_reason": "AUTO", 
  "career": "UGRD", 
  "config": "{}", 
  "credits": 3, 
  "labtut_section": null, 
  "offering": 26, 
  "official_grade": null, 
  "person": 187, 
  "role": "STUD"
 }, 
 "model": "coredata.member", 
 "pk": 368
},
{
 "fields": {
  "added_reason": "AUTO", 
  "career": "UGRD", 
  "config": "{}", 
  "credits": 3, 
  "labtut_section": null, 
  "offering": 26, 
  "official_grade": null, 
  "person": 189, 
  "role": "STUD"
 }, 
 "model": "coredata.member", 
 "pk": 370
},
{
 "fields": {
  "added_reason": "AUTO", 
  "career": "UGRD", 
  "config": "{}", 
  "credits": 3, 
  "labtut_section": null, 
  "offering": 26, 
  "official_grade": null, 
  "person": 188, 
  "role": "STUD"
 }, 
 "model": "coredata.member", 
 "pk": 369
},
{
 "fields": {
  "added_reason": "AUTO", 
  "career": "NONS", 
  "config": "{}", 
  "credits": 0, 
  "labtut_section": null, 
  "offering": 27, 
  "official_grade": null, 
  "person": 7, 
  "role": "INST"
 }, 
 "model": "coredata.member", 
 "pk": 25
},
{
 "fields": {
  "added_reason": "AUTO", 
  "career": "NONS", 
  "config": "{}", 
  "credits": 0, 
  "labtut_section": null, 
  "offering": 27, 
  "official_grade": null, 
  "person": 120, 
  "role": "TA"
 }, 
 "model": "coredata.member", 
 "pk": 389
},
{
 "fields": {
  "added_reason": "AUTO", 
  "career": "UGRD", 
  "config": "{}", 
  "credits": 3, 
  "labtut_section": null, 
  "offering": 27, 
  "official_grade": null, 
  "person": 110, 
  "role": "STUD"
 }, 
 "model": "coredata.member", 
 "pk": 379
},
{
 "fields": {
  "added_reason": "AUTO", 
  "career": "UGRD", 
  "config": "{}", 
  "credits": 3, 
  "labtut_section": null, 
  "offering": 27, 
  "official_grade": null, 
  "person": 116, 
  "role": "STUD"
 }, 
 "model": "coredata.member", 
 "pk": 385
},
{
 "fields": {
  "added_reason": "AUTO", 
  "career": "UGRD", 
  "config": "{}", 
  "credits": 3, 
  "labtut_section": null, 
  "offering": 27, 
  "official_grade": null, 
  "person": 111, 
  "role": "STUD"
 }, 
 "model": "coredata.member", 
 "pk": 380
},
{
 "fields": {
  "added_reason": "AUTO", 
  "career": "UGRD", 
  "config": "{}", 
  "credits": 3, 
  "labtut_section": null, 
  "offering": 27, 
  "official_grade": null, 
  "person": 117, 
  "role": "STUD"
 }, 
 "model": "coredata.member", 
 "pk": 386
},
{
 "fields": {
  "added_reason": "AUTO", 
  "career": "UGRD", 
  "config": "{}", 
  "credits": 3, 
  "labtut_section": null, 
  "offering": 27, 
  "official_grade": null, 
  "person": 118, 
  "role": "STUD"
 }, 
 "model": "coredata.member", 
 "pk": 387
},
{
 "fields": {
  "added_reason": "AUTO", 
  "career": "UGRD", 
  "config": "{}", 
  "credits": 3, 
  "labtut_section": null, 
  "offering": 27, 
  "official_grade": null, 
  "person": 112, 
  "role": "STUD"
 }, 
 "model": "coredata.member", 
 "pk": 381
},
{
 "fields": {
  "added_reason": "AUTO", 
  "career": "UGRD", 
  "config": "{}", 
  "credits": 3, 
  "labtut_section": null, 
  "offering": 27, 
  "official_grade": null, 
  "person": 113, 
  "role": "STUD"
 }, 
 "model": "coredata.member", 
 "pk": 382
},
{
 "fields": {
  "added_reason": "AUTO", 
  "career": "UGRD", 
  "config": "{}", 
  "credits": 3, 
  "labtut_section": null, 
  "offering": 27, 
  "official_grade": null, 
  "person": 114, 
  "role": "STUD"
 }, 
 "model": "coredata.member", 
 "pk": 383
},
{
 "fields": {
  "added_reason": "AUTO", 
  "career": "UGRD", 
  "config": "{}", 
  "credits": 3, 
  "labtut_section": null, 
  "offering": 27, 
  "official_grade": null, 
  "person": 119, 
  "role": "STUD"
 }, 
 "model": "coredata.member", 
 "pk": 388
},
{
 "fields": {
  "added_reason": "AUTO", 
  "career": "UGRD", 
  "config": "{}", 
  "credits": 3, 
  "labtut_section": null, 
  "offering": 27, 
  "official_grade": null, 
  "person": 115, 
  "role": "STUD"
 }, 
 "model": "coredata.member", 
 "pk": 384
},
{
 "fields": {
  "added_reason": "AUTO", 
  "career": "NONS", 
  "config": "{}", 
  "credits": 0, 
  "labtut_section": null, 
  "offering": 52, 
  "official_grade": null, 
  "person": 7, 
  "role": "INST"
 }, 
 "model": "coredata.member", 
 "pk": 26
},
{
 "fields": {
  "added_reason": "AUTO", 
  "career": "NONS", 
  "config": "{}", 
  "credits": 0, 
  "labtut_section": null, 
  "offering": 52, 
  "official_grade": null, 
  "person": 76, 
  "role": "TA"
 }, 
 "model": "coredata.member", 
 "pk": 400
},
{
 "fields": {
  "added_reason": "AUTO", 
  "career": "UGRD", 
  "config": "{}", 
  "credits": 3, 
  "labtut_section": null, 
  "offering": 52, 
  "official_grade": null, 
  "person": 75, 
  "role": "STUD"
 }, 
 "model": "coredata.member", 
 "pk": 399
},
{
 "fields": {
  "added_reason": "AUTO", 
  "career": "UGRD", 
  "config": "{}", 
  "credits": 3, 
  "labtut_section": null, 
  "offering": 52, 
  "official_grade": null, 
  "person": 73, 
  "role": "STUD"
 }, 
 "model": "coredata.member", 
 "pk": 397
},
{
 "fields": {
  "added_reason": "AUTO", 
  "career": "UGRD", 
  "config": "{}", 
  "credits": 3, 
  "labtut_section": null, 
  "offering": 52, 
  "official_grade": null, 
  "person": 70, 
  "role": "STUD"
 }, 
 "model": "coredata.member", 
 "pk": 394
},
{
 "fields": {
  "added_reason": "AUTO", 
  "career": "UGRD", 
  "config": "{}", 
  "credits": 3, 
  "labtut_section": null, 
  "offering": 52, 
  "official_grade": null, 
  "person": 68, 
  "role": "STUD"
 }, 
 "model": "coredata.member", 
 "pk": 392
},
{
 "fields": {
  "added_reason": "AUTO", 
  "career": "UGRD", 
  "config": "{}", 
  "credits": 3, 
  "labtut_section": null, 
  "offering": 52, 
  "official_grade": null, 
  "person": 71, 
  "role": "STUD"
 }, 
 "model": "coredata.member", 
 "pk": 395
},
{
 "fields": {
  "added_reason": "AUTO", 
  "career": "UGRD", 
  "config": "{}", 
  "credits": 3, 
  "labtut_section": null, 
  "offering": 52, 
  "official_grade": null, 
  "person": 72, 
  "role": "STUD"
 }, 
 "model": "coredata.member", 
 "pk": 396
},
{
 "fields": {
  "added_reason": "AUTO", 
  "career": "UGRD", 
  "config": "{}", 
  "credits": 3, 
  "labtut_section": null, 
  "offering": 52, 
  "official_grade": null, 
  "person": 67, 
  "role": "STUD"
 }, 
 "model": "coredata.member", 
 "pk": 391
},
{
 "fields": {
  "added_reason": "AUTO", 
  "career": "UGRD", 
  "config": "{}", 
  "credits": 3, 
  "labtut_section": null, 
  "offering": 52, 
  "official_grade": null, 
  "person": 74, 
  "role": "STUD"
 }, 
 "model": "coredata.member", 
 "pk": 398
},
{
 "fields": {
  "added_reason": "AUTO", 
  "career": "UGRD", 
  "config": "{}", 
  "credits": 3, 
  "labtut_section": null, 
  "offering": 52, 
  "official_grade": null, 
  "person": 69, 
  "role": "STUD"
 }, 
 "model": "coredata.member", 
 "pk": 393
},
{
 "fields": {
  "added_reason": "AUTO", 
  "career": "UGRD", 
  "config": "{}", 
  "credits": 3, 
  "labtut_section": null, 
  "offering": 52, 
  "official_grade": null, 
  "person": 66, 
  "role": "STUD"
 }, 
 "model": "coredata.member", 
 "pk": 390
},
{
 "fields": {
  "added_reason": "AUTO", 
  "career": "NONS", 
  "config": "{}", 
  "credits": 0, 
  "labtut_section": null, 
  "offering": 37, 
  "official_grade": null, 
  "person": 2, 
  "role": "INST"
 }, 
 "model": "coredata.member", 
 "pk": 27
},
{
 "fields": {
  "added_reason": "AUTO", 
  "career": "NONS", 
  "config": "{}", 
  "credits": 0, 
  "labtut_section": null, 
  "offering": 37, 
  "official_grade": null, 
  "person": 285, 
  "role": "TA"
 }, 
 "model": "coredata.member", 
 "pk": 411
},
{
 "fields": {
  "added_reason": "AUTO", 
  "career": "UGRD", 
  "config": "{}", 
  "credits": 3, 
  "labtut_section": null, 
  "offering": 37, 
  "official_grade": null, 
  "person": 275, 
  "role": "STUD"
 }, 
 "model": "coredata.member", 
 "pk": 401
},
{
 "fields": {
  "added_reason": "AUTO", 
  "career": "UGRD", 
  "config": "{}", 
  "credits": 3, 
  "labtut_section": null, 
  "offering": 37, 
  "official_grade": null, 
  "person": 276, 
  "role": "STUD"
 }, 
 "model": "coredata.member", 
 "pk": 402
},
{
 "fields": {
  "added_reason": "AUTO", 
  "career": "UGRD", 
  "config": "{}", 
  "credits": 3, 
  "labtut_section": null, 
  "offering": 37, 
  "official_grade": null, 
  "person": 279, 
  "role": "STUD"
 }, 
 "model": "coredata.member", 
 "pk": 405
},
{
 "fields": {
  "added_reason": "AUTO", 
  "career": "UGRD", 
  "config": "{}", 
  "credits": 3, 
  "labtut_section": null, 
  "offering": 37, 
  "official_grade": null, 
  "person": 280, 
  "role": "STUD"
 }, 
 "model": "coredata.member", 
 "pk": 406
},
{
 "fields": {
  "added_reason": "AUTO", 
  "career": "UGRD", 
  "config": "{}", 
  "credits": 3, 
  "labtut_section": null, 
  "offering": 37, 
  "official_grade": null, 
  "person": 278, 
  "role": "STUD"
 }, 
 "model": "coredata.member", 
 "pk": 404
},
{
 "fields": {
  "added_reason": "AUTO", 
  "career": "UGRD", 
  "config": "{}", 
  "credits": 3, 
  "labtut_section": null, 
  "offering": 37, 
  "official_grade": null, 
  "person": 283, 
  "role": "STUD"
 }, 
 "model": "coredata.member", 
 "pk": 409
},
{
 "fields": {
  "added_reason": "AUTO", 
  "career": "UGRD", 
  "config": "{}", 
  "credits": 3, 
  "labtut_section": null, 
  "offering": 37, 
  "official_grade": null, 
  "person": 284, 
  "role": "STUD"
 }, 
 "model": "coredata.member", 
 "pk": 410
},
{
 "fields": {
  "added_reason": "AUTO", 
  "career": "UGRD", 
  "config": "{}", 
  "credits": 3, 
  "labtut_section": null, 
  "offering": 37, 
  "official_grade": null, 
  "person": 277, 
  "role": "STUD"
 }, 
 "model": "coredata.member", 
 "pk": 403
},
{
 "fields": {
  "added_reason": "AUTO", 
  "career": "UGRD", 
  "config": "{}", 
  "credits": 3, 
  "labtut_section": null, 
  "offering": 37, 
  "official_grade": null, 
  "person": 281, 
  "role": "STUD"
 }, 
 "model": "coredata.member", 
 "pk": 407
},
{
 "fields": {
  "added_reason": "AUTO", 
  "career": "UGRD", 
  "config": "{}", 
  "credits": 3, 
  "labtut_section": null, 
  "offering": 37, 
  "official_grade": null, 
  "person": 282, 
  "role": "STUD"
 }, 
 "model": "coredata.member", 
 "pk": 408
},
{
 "fields": {
  "added_reason": "AUTO", 
  "career": "NONS", 
  "config": "{}", 
  "credits": 0, 
  "labtut_section": null, 
  "offering": 36, 
  "official_grade": null, 
  "person": 2, 
  "role": "INST"
 }, 
 "model": "coredata.member", 
 "pk": 28
},
{
 "fields": {
  "added_reason": "AUTO", 
  "career": "NONS", 
  "config": "{}", 
  "credits": 0, 
  "labtut_section": null, 
  "offering": 36, 
  "official_grade": null, 
  "person": 153, 
  "role": "TA"
 }, 
 "model": "coredata.member", 
 "pk": 422
},
{
 "fields": {
  "added_reason": "AUTO", 
  "career": "UGRD", 
  "config": "{}", 
  "credits": 3, 
  "labtut_section": null, 
  "offering": 36, 
  "official_grade": null, 
  "person": 148, 
  "role": "STUD"
 }, 
 "model": "coredata.member", 
 "pk": 417
},
{
 "fields": {
  "added_reason": "AUTO", 
  "career": "UGRD", 
  "config": "{}", 
  "credits": 3, 
  "labtut_section": null, 
  "offering": 36, 
  "official_grade": null, 
  "person": 152, 
  "role": "STUD"
 }, 
 "model": "coredata.member", 
 "pk": 421
},
{
 "fields": {
  "added_reason": "AUTO", 
  "career": "UGRD", 
  "config": "{}", 
  "credits": 3, 
  "labtut_section": null, 
  "offering": 36, 
  "official_grade": null, 
  "person": 145, 
  "role": "STUD"
 }, 
 "model": "coredata.member", 
 "pk": 414
},
{
 "fields": {
  "added_reason": "AUTO", 
  "career": "UGRD", 
  "config": "{}", 
  "credits": 3, 
  "labtut_section": null, 
  "offering": 36, 
  "official_grade": null, 
  "person": 144, 
  "role": "STUD"
 }, 
 "model": "coredata.member", 
 "pk": 413
},
{
 "fields": {
  "added_reason": "AUTO", 
  "career": "UGRD", 
  "config": "{}", 
  "credits": 3, 
  "labtut_section": null, 
  "offering": 36, 
  "official_grade": null, 
  "person": 151, 
  "role": "STUD"
 }, 
 "model": "coredata.member", 
 "pk": 420
},
{
 "fields": {
  "added_reason": "AUTO", 
  "career": "UGRD", 
  "config": "{}", 
  "credits": 3, 
  "labtut_section": null, 
  "offering": 36, 
  "official_grade": null, 
  "person": 143, 
  "role": "STUD"
 }, 
 "model": "coredata.member", 
 "pk": 412
},
{
 "fields": {
  "added_reason": "AUTO", 
  "career": "UGRD", 
  "config": "{}", 
  "credits": 3, 
  "labtut_section": null, 
  "offering": 36, 
  "official_grade": null, 
  "person": 150, 
  "role": "STUD"
 }, 
 "model": "coredata.member", 
 "pk": 419
},
{
 "fields": {
  "added_reason": "AUTO", 
  "career": "UGRD", 
  "config": "{}", 
  "credits": 3, 
  "labtut_section": null, 
  "offering": 36, 
  "official_grade": null, 
  "person": 146, 
  "role": "STUD"
 }, 
 "model": "coredata.member", 
 "pk": 415
},
{
 "fields": {
  "added_reason": "AUTO", 
  "career": "UGRD", 
  "config": "{}", 
  "credits": 3, 
  "labtut_section": null, 
  "offering": 36, 
  "official_grade": null, 
  "person": 147, 
  "role": "STUD"
 }, 
 "model": "coredata.member", 
 "pk": 416
},
{
 "fields": {
  "added_reason": "AUTO", 
  "career": "UGRD", 
  "config": "{}", 
  "credits": 3, 
  "labtut_section": null, 
  "offering": 36, 
  "official_grade": null, 
  "person": 149, 
  "role": "STUD"
 }, 
 "model": "coredata.member", 
 "pk": 418
},
{
 "fields": {
  "added_reason": "AUTO", 
  "career": "NONS", 
  "config": "{}", 
  "credits": 0, 
  "labtut_section": null, 
  "offering": 42, 
  "official_grade": null, 
  "person": 12, 
  "role": "INST"
 }, 
 "model": "coredata.member", 
 "pk": 29
},
{
 "fields": {
  "added_reason": "AUTO", 
  "career": "NONS", 
  "config": "{}", 
  "credits": 0, 
  "labtut_section": null, 
  "offering": 42, 
  "official_grade": null, 
  "person": 285, 
  "role": "TA"
 }, 
 "model": "coredata.member", 
 "pk": 433
},
{
 "fields": {
  "added_reason": "AUTO", 
  "career": "UGRD", 
  "config": "{}", 
  "credits": 3, 
  "labtut_section": null, 
  "offering": 42, 
  "official_grade": null, 
  "person": 275, 
  "role": "STUD"
 }, 
 "model": "coredata.member", 
 "pk": 423
},
{
 "fields": {
  "added_reason": "AUTO", 
  "career": "UGRD", 
  "config": "{}", 
  "credits": 3, 
  "labtut_section": null, 
  "offering": 42, 
  "official_grade": null, 
  "person": 276, 
  "role": "STUD"
 }, 
 "model": "coredata.member", 
 "pk": 424
},
{
 "fields": {
  "added_reason": "AUTO", 
  "career": "UGRD", 
  "config": "{}", 
  "credits": 3, 
  "labtut_section": null, 
  "offering": 42, 
  "official_grade": null, 
  "person": 279, 
  "role": "STUD"
 }, 
 "model": "coredata.member", 
 "pk": 427
},
{
 "fields": {
  "added_reason": "AUTO", 
  "career": "UGRD", 
  "config": "{}", 
  "credits": 3, 
  "labtut_section": null, 
  "offering": 42, 
  "official_grade": null, 
  "person": 280, 
  "role": "STUD"
 }, 
 "model": "coredata.member", 
 "pk": 428
},
{
 "fields": {
  "added_reason": "AUTO", 
  "career": "UGRD", 
  "config": "{}", 
  "credits": 3, 
  "labtut_section": null, 
  "offering": 42, 
  "official_grade": null, 
  "person": 278, 
  "role": "STUD"
 }, 
 "model": "coredata.member", 
 "pk": 426
},
{
 "fields": {
  "added_reason": "AUTO", 
  "career": "UGRD", 
  "config": "{}", 
  "credits": 3, 
  "labtut_section": null, 
  "offering": 42, 
  "official_grade": null, 
  "person": 283, 
  "role": "STUD"
 }, 
 "model": "coredata.member", 
 "pk": 431
},
{
 "fields": {
  "added_reason": "AUTO", 
  "career": "UGRD", 
  "config": "{}", 
  "credits": 3, 
  "labtut_section": null, 
  "offering": 42, 
  "official_grade": null, 
  "person": 284, 
  "role": "STUD"
 }, 
 "model": "coredata.member", 
 "pk": 432
},
{
 "fields": {
  "added_reason": "AUTO", 
  "career": "UGRD", 
  "config": "{}", 
  "credits": 3, 
  "labtut_section": null, 
  "offering": 42, 
  "official_grade": null, 
  "person": 277, 
  "role": "STUD"
 }, 
 "model": "coredata.member", 
 "pk": 425
},
{
 "fields": {
  "added_reason": "AUTO", 
  "career": "UGRD", 
  "config": "{}", 
  "credits": 3, 
  "labtut_section": null, 
  "offering": 42, 
  "official_grade": null, 
  "person": 281, 
  "role": "STUD"
 }, 
 "model": "coredata.member", 
 "pk": 429
},
{
 "fields": {
  "added_reason": "AUTO", 
  "career": "UGRD", 
  "config": "{}", 
  "credits": 3, 
  "labtut_section": null, 
  "offering": 42, 
  "official_grade": null, 
  "person": 282, 
  "role": "STUD"
 }, 
 "model": "coredata.member", 
 "pk": 430
},
{
 "fields": {
  "added_reason": "AUTO", 
  "career": "NONS", 
  "config": "{}", 
  "credits": 0, 
  "labtut_section": null, 
  "offering": 46, 
  "official_grade": null, 
  "person": 153, 
  "role": "TA"
 }, 
 "model": "coredata.member", 
 "pk": 444
},
{
 "fields": {
  "added_reason": "AUTO", 
  "career": "NONS", 
  "config": "{}", 
  "credits": 0, 
  "labtut_section": null, 
  "offering": 46, 
  "official_grade": null, 
  "person": 13, 
  "role": "INST"
 }, 
 "model": "coredata.member", 
 "pk": 30
},
{
 "fields": {
  "added_reason": "AUTO", 
  "career": "UGRD", 
  "config": "{}", 
  "credits": 3, 
  "labtut_section": null, 
  "offering": 46, 
  "official_grade": null, 
  "person": 148, 
  "role": "STUD"
 }, 
 "model": "coredata.member", 
 "pk": 439
},
{
 "fields": {
  "added_reason": "AUTO", 
  "career": "UGRD", 
  "config": "{}", 
  "credits": 3, 
  "labtut_section": null, 
  "offering": 46, 
  "official_grade": null, 
  "person": 152, 
  "role": "STUD"
 }, 
 "model": "coredata.member", 
 "pk": 443
},
{
 "fields": {
  "added_reason": "AUTO", 
  "career": "UGRD", 
  "config": "{}", 
  "credits": 3, 
  "labtut_section": null, 
  "offering": 46, 
  "official_grade": null, 
  "person": 145, 
  "role": "STUD"
 }, 
 "model": "coredata.member", 
 "pk": 436
},
{
 "fields": {
  "added_reason": "AUTO", 
  "career": "UGRD", 
  "config": "{}", 
  "credits": 3, 
  "labtut_section": null, 
  "offering": 46, 
  "official_grade": null, 
  "person": 144, 
  "role": "STUD"
 }, 
 "model": "coredata.member", 
 "pk": 435
},
{
 "fields": {
  "added_reason": "AUTO", 
  "career": "UGRD", 
  "config": "{}", 
  "credits": 3, 
  "labtut_section": null, 
  "offering": 46, 
  "official_grade": null, 
  "person": 151, 
  "role": "STUD"
 }, 
 "model": "coredata.member", 
 "pk": 442
},
{
 "fields": {
  "added_reason": "AUTO", 
  "career": "UGRD", 
  "config": "{}", 
  "credits": 3, 
  "labtut_section": null, 
  "offering": 46, 
  "official_grade": null, 
  "person": 143, 
  "role": "STUD"
 }, 
 "model": "coredata.member", 
 "pk": 434
},
{
 "fields": {
  "added_reason": "AUTO", 
  "career": "UGRD", 
  "config": "{}", 
  "credits": 3, 
  "labtut_section": null, 
  "offering": 46, 
  "official_grade": null, 
  "person": 150, 
  "role": "STUD"
 }, 
 "model": "coredata.member", 
 "pk": 441
},
{
 "fields": {
  "added_reason": "AUTO", 
  "career": "UGRD", 
  "config": "{}", 
  "credits": 3, 
  "labtut_section": null, 
  "offering": 46, 
  "official_grade": null, 
  "person": 146, 
  "role": "STUD"
 }, 
 "model": "coredata.member", 
 "pk": 437
},
{
 "fields": {
  "added_reason": "AUTO", 
  "career": "UGRD", 
  "config": "{}", 
  "credits": 3, 
  "labtut_section": null, 
  "offering": 46, 
  "official_grade": null, 
  "person": 147, 
  "role": "STUD"
 }, 
 "model": "coredata.member", 
 "pk": 438
},
{
 "fields": {
  "added_reason": "AUTO", 
  "career": "UGRD", 
  "config": "{}", 
  "credits": 3, 
  "labtut_section": null, 
  "offering": 46, 
  "official_grade": null, 
  "person": 149, 
  "role": "STUD"
 }, 
 "model": "coredata.member", 
 "pk": 440
},
{
 "fields": {
  "added_reason": "AUTO", 
  "career": "NONS", 
  "config": "{}", 
  "credits": 0, 
  "labtut_section": null, 
  "offering": 29, 
  "official_grade": null, 
  "person": 14, 
  "role": "INST"
 }, 
 "model": "coredata.member", 
 "pk": 31
},
{
 "fields": {
  "added_reason": "AUTO", 
  "career": "NONS", 
  "config": "{}", 
  "credits": 0, 
  "labtut_section": null, 
  "offering": 29, 
  "official_grade": null, 
  "person": 142, 
  "role": "TA"
 }, 
 "model": "coredata.member", 
 "pk": 455
},
{
 "fields": {
  "added_reason": "AUTO", 
  "career": "UGRD", 
  "config": "{}", 
  "credits": 3, 
  "labtut_section": null, 
  "offering": 29, 
  "official_grade": null, 
  "person": 136, 
  "role": "STUD"
 }, 
 "model": "coredata.member", 
 "pk": 449
},
{
 "fields": {
  "added_reason": "AUTO", 
  "career": "UGRD", 
  "config": "{}", 
  "credits": 3, 
  "labtut_section": null, 
  "offering": 29, 
  "official_grade": null, 
  "person": 137, 
  "role": "STUD"
 }, 
 "model": "coredata.member", 
 "pk": 450
},
{
 "fields": {
  "added_reason": "AUTO", 
  "career": "UGRD", 
  "config": "{}", 
  "credits": 3, 
  "labtut_section": null, 
  "offering": 29, 
  "official_grade": null, 
  "person": 141, 
  "role": "STUD"
 }, 
 "model": "coredata.member", 
 "pk": 454
},
{
 "fields": {
  "added_reason": "AUTO", 
  "career": "UGRD", 
  "config": "{}", 
  "credits": 3, 
  "labtut_section": null, 
  "offering": 29, 
  "official_grade": null, 
  "person": 140, 
  "role": "STUD"
 }, 
 "model": "coredata.member", 
 "pk": 453
},
{
 "fields": {
  "added_reason": "AUTO", 
  "career": "UGRD", 
  "config": "{}", 
  "credits": 3, 
  "labtut_section": null, 
  "offering": 29, 
  "official_grade": null, 
  "person": 139, 
  "role": "STUD"
 }, 
 "model": "coredata.member", 
 "pk": 452
},
{
 "fields": {
  "added_reason": "AUTO", 
  "career": "UGRD", 
  "config": "{}", 
  "credits": 3, 
  "labtut_section": null, 
  "offering": 29, 
  "official_grade": null, 
  "person": 134, 
  "role": "STUD"
 }, 
 "model": "coredata.member", 
 "pk": 447
},
{
 "fields": {
  "added_reason": "AUTO", 
  "career": "UGRD", 
  "config": "{}", 
  "credits": 3, 
  "labtut_section": null, 
  "offering": 29, 
  "official_grade": null, 
  "person": 133, 
  "role": "STUD"
 }, 
 "model": "coredata.member", 
 "pk": 446
},
{
 "fields": {
  "added_reason": "AUTO", 
  "career": "UGRD", 
  "config": "{}", 
  "credits": 3, 
  "labtut_section": null, 
  "offering": 29, 
  "official_grade": null, 
  "person": 135, 
  "role": "STUD"
 }, 
 "model": "coredata.member", 
 "pk": 448
},
{
 "fields": {
  "added_reason": "AUTO", 
  "career": "UGRD", 
  "config": "{}", 
  "credits": 3, 
  "labtut_section": null, 
  "offering": 29, 
  "official_grade": null, 
  "person": 132, 
  "role": "STUD"
 }, 
 "model": "coredata.member", 
 "pk": 445
},
{
 "fields": {
  "added_reason": "AUTO", 
  "career": "UGRD", 
  "config": "{}", 
  "credits": 3, 
  "labtut_section": null, 
  "offering": 29, 
  "official_grade": null, 
  "person": 138, 
  "role": "STUD"
 }, 
 "model": "coredata.member", 
 "pk": 451
},
{
 "fields": {
  "added_reason": "AUTO", 
  "career": "NONS", 
  "config": "{}", 
  "credits": 0, 
  "labtut_section": null, 
  "offering": 47, 
  "official_grade": null, 
  "person": 14, 
  "role": "INST"
 }, 
 "model": "coredata.member", 
 "pk": 32
},
{
 "fields": {
  "added_reason": "AUTO", 
  "career": "NONS", 
  "config": "{}", 
  "credits": 0, 
  "labtut_section": null, 
  "offering": 47, 
  "official_grade": null, 
  "person": 120, 
  "role": "TA"
 }, 
 "model": "coredata.member", 
 "pk": 466
},
{
 "fields": {
  "added_reason": "AUTO", 
  "career": "UGRD", 
  "config": "{}", 
  "credits": 3, 
  "labtut_section": null, 
  "offering": 47, 
  "official_grade": null, 
  "person": 110, 
  "role": "STUD"
 }, 
 "model": "coredata.member", 
 "pk": 456
},
{
 "fields": {
  "added_reason": "AUTO", 
  "career": "UGRD", 
  "config": "{}", 
  "credits": 3, 
  "labtut_section": null, 
  "offering": 47, 
  "official_grade": null, 
  "person": 116, 
  "role": "STUD"
 }, 
 "model": "coredata.member", 
 "pk": 462
},
{
 "fields": {
  "added_reason": "AUTO", 
  "career": "UGRD", 
  "config": "{}", 
  "credits": 3, 
  "labtut_section": null, 
  "offering": 47, 
  "official_grade": null, 
  "person": 111, 
  "role": "STUD"
 }, 
 "model": "coredata.member", 
 "pk": 457
},
{
 "fields": {
  "added_reason": "AUTO", 
  "career": "UGRD", 
  "config": "{}", 
  "credits": 3, 
  "labtut_section": null, 
  "offering": 47, 
  "official_grade": null, 
  "person": 117, 
  "role": "STUD"
 }, 
 "model": "coredata.member", 
 "pk": 463
},
{
 "fields": {
  "added_reason": "AUTO", 
  "career": "UGRD", 
  "config": "{}", 
  "credits": 3, 
  "labtut_section": null, 
  "offering": 47, 
  "official_grade": null, 
  "person": 118, 
  "role": "STUD"
 }, 
 "model": "coredata.member", 
 "pk": 464
},
{
 "fields": {
  "added_reason": "AUTO", 
  "career": "UGRD", 
  "config": "{}", 
  "credits": 3, 
  "labtut_section": null, 
  "offering": 47, 
  "official_grade": null, 
  "person": 112, 
  "role": "STUD"
 }, 
 "model": "coredata.member", 
 "pk": 458
},
{
 "fields": {
  "added_reason": "AUTO", 
  "career": "UGRD", 
  "config": "{}", 
  "credits": 3, 
  "labtut_section": null, 
  "offering": 47, 
  "official_grade": null, 
  "person": 113, 
  "role": "STUD"
 }, 
 "model": "coredata.member", 
 "pk": 459
},
{
 "fields": {
  "added_reason": "AUTO", 
  "career": "UGRD", 
  "config": "{}", 
  "credits": 3, 
  "labtut_section": null, 
  "offering": 47, 
  "official_grade": null, 
  "person": 114, 
  "role": "STUD"
 }, 
 "model": "coredata.member", 
 "pk": 460
},
{
 "fields": {
  "added_reason": "AUTO", 
  "career": "UGRD", 
  "config": "{}", 
  "credits": 3, 
  "labtut_section": null, 
  "offering": 47, 
  "official_grade": null, 
  "person": 119, 
  "role": "STUD"
 }, 
 "model": "coredata.member", 
 "pk": 465
},
{
 "fields": {
  "added_reason": "AUTO", 
  "career": "UGRD", 
  "config": "{}", 
  "credits": 3, 
  "labtut_section": null, 
  "offering": 47, 
  "official_grade": null, 
  "person": 115, 
  "role": "STUD"
 }, 
 "model": "coredata.member", 
 "pk": 461
},
{
 "fields": {
  "added_reason": "AUTO", 
  "career": "NONS", 
  "config": "{}", 
  "credits": 0, 
  "labtut_section": null, 
  "offering": 49, 
  "official_grade": null, 
  "person": 9, 
  "role": "INST"
 }, 
 "model": "coredata.member", 
 "pk": 33
},
{
 "fields": {
  "added_reason": "AUTO", 
  "career": "NONS", 
  "config": "{}", 
  "credits": 0, 
  "labtut_section": null, 
  "offering": 49, 
  "official_grade": null, 
  "person": 285, 
  "role": "TA"
 }, 
 "model": "coredata.member", 
 "pk": 477
},
{
 "fields": {
  "added_reason": "AUTO", 
  "career": "UGRD", 
  "config": "{}", 
  "credits": 3, 
  "labtut_section": null, 
  "offering": 49, 
  "official_grade": null, 
  "person": 275, 
  "role": "STUD"
 }, 
 "model": "coredata.member", 
 "pk": 467
},
{
 "fields": {
  "added_reason": "AUTO", 
  "career": "UGRD", 
  "config": "{}", 
  "credits": 3, 
  "labtut_section": null, 
  "offering": 49, 
  "official_grade": null, 
  "person": 276, 
  "role": "STUD"
 }, 
 "model": "coredata.member", 
 "pk": 468
},
{
 "fields": {
  "added_reason": "AUTO", 
  "career": "UGRD", 
  "config": "{}", 
  "credits": 3, 
  "labtut_section": null, 
  "offering": 49, 
  "official_grade": null, 
  "person": 279, 
  "role": "STUD"
 }, 
 "model": "coredata.member", 
 "pk": 471
},
{
 "fields": {
  "added_reason": "AUTO", 
  "career": "UGRD", 
  "config": "{}", 
  "credits": 3, 
  "labtut_section": null, 
  "offering": 49, 
  "official_grade": null, 
  "person": 280, 
  "role": "STUD"
 }, 
 "model": "coredata.member", 
 "pk": 472
},
{
 "fields": {
  "added_reason": "AUTO", 
  "career": "UGRD", 
  "config": "{}", 
  "credits": 3, 
  "labtut_section": null, 
  "offering": 49, 
  "official_grade": null, 
  "person": 278, 
  "role": "STUD"
 }, 
 "model": "coredata.member", 
 "pk": 470
},
{
 "fields": {
  "added_reason": "AUTO", 
  "career": "UGRD", 
  "config": "{}", 
  "credits": 3, 
  "labtut_section": null, 
  "offering": 49, 
  "official_grade": null, 
  "person": 283, 
  "role": "STUD"
 }, 
 "model": "coredata.member", 
 "pk": 475
},
{
 "fields": {
  "added_reason": "AUTO", 
  "career": "UGRD", 
  "config": "{}", 
  "credits": 3, 
  "labtut_section": null, 
  "offering": 49, 
  "official_grade": null, 
  "person": 284, 
  "role": "STUD"
 }, 
 "model": "coredata.member", 
 "pk": 476
},
{
 "fields": {
  "added_reason": "AUTO", 
  "career": "UGRD", 
  "config": "{}", 
  "credits": 3, 
  "labtut_section": null, 
  "offering": 49, 
  "official_grade": null, 
  "person": 277, 
  "role": "STUD"
 }, 
 "model": "coredata.member", 
 "pk": 469
},
{
 "fields": {
  "added_reason": "AUTO", 
  "career": "UGRD", 
  "config": "{}", 
  "credits": 3, 
  "labtut_section": null, 
  "offering": 49, 
  "official_grade": null, 
  "person": 281, 
  "role": "STUD"
 }, 
 "model": "coredata.member", 
 "pk": 473
},
{
 "fields": {
  "added_reason": "AUTO", 
  "career": "UGRD", 
  "config": "{}", 
  "credits": 3, 
  "labtut_section": null, 
  "offering": 49, 
  "official_grade": null, 
  "person": 282, 
  "role": "STUD"
 }, 
 "model": "coredata.member", 
 "pk": 474
},
{
 "fields": {
  "added_reason": "AUTO", 
  "career": "NONS", 
  "config": "{}", 
  "credits": 0, 
  "labtut_section": null, 
  "offering": 31, 
  "official_grade": null, 
  "person": 241, 
  "role": "TA"
 }, 
 "model": "coredata.member", 
 "pk": 488
},
{
 "fields": {
  "added_reason": "AUTO", 
  "career": "UGRD", 
  "config": "{}", 
  "credits": 3, 
  "labtut_section": null, 
  "offering": 31, 
  "official_grade": null, 
  "person": 239, 
  "role": "STUD"
 }, 
 "model": "coredata.member", 
 "pk": 486
},
{
 "fields": {
  "added_reason": "AUTO", 
  "career": "UGRD", 
  "config": "{}", 
  "credits": 3, 
  "labtut_section": null, 
  "offering": 31, 
  "official_grade": null, 
  "person": 240, 
  "role": "STUD"
 }, 
 "model": "coredata.member", 
 "pk": 487
},
{
 "fields": {
  "added_reason": "AUTO", 
  "career": "UGRD", 
  "config": "{}", 
  "credits": 3, 
  "labtut_section": null, 
  "offering": 31, 
  "official_grade": null, 
  "person": 232, 
  "role": "STUD"
 }, 
 "model": "coredata.member", 
 "pk": 479
},
{
 "fields": {
  "added_reason": "AUTO", 
  "career": "UGRD", 
  "config": "{}", 
  "credits": 3, 
  "labtut_section": null, 
  "offering": 31, 
  "official_grade": null, 
  "person": 231, 
  "role": "STUD"
 }, 
 "model": "coredata.member", 
 "pk": 478
},
{
 "fields": {
  "added_reason": "AUTO", 
  "career": "UGRD", 
  "config": "{}", 
  "credits": 3, 
  "labtut_section": null, 
  "offering": 31, 
  "official_grade": null, 
  "person": 233, 
  "role": "STUD"
 }, 
 "model": "coredata.member", 
 "pk": 480
},
{
 "fields": {
  "added_reason": "AUTO", 
  "career": "UGRD", 
  "config": "{}", 
  "credits": 3, 
  "labtut_section": null, 
  "offering": 31, 
  "official_grade": null, 
  "person": 237, 
  "role": "STUD"
 }, 
 "model": "coredata.member", 
 "pk": 484
},
{
 "fields": {
  "added_reason": "AUTO", 
  "career": "UGRD", 
  "config": "{}", 
  "credits": 3, 
  "labtut_section": null, 
  "offering": 31, 
  "official_grade": null, 
  "person": 235, 
  "role": "STUD"
 }, 
 "model": "coredata.member", 
 "pk": 482
},
{
 "fields": {
  "added_reason": "AUTO", 
  "career": "UGRD", 
  "config": "{}", 
  "credits": 3, 
  "labtut_section": null, 
  "offering": 31, 
  "official_grade": null, 
  "person": 234, 
  "role": "STUD"
 }, 
 "model": "coredata.member", 
 "pk": 481
},
{
 "fields": {
  "added_reason": "AUTO", 
  "career": "UGRD", 
  "config": "{}", 
  "credits": 3, 
  "labtut_section": null, 
  "offering": 31, 
  "official_grade": null, 
  "person": 236, 
  "role": "STUD"
 }, 
 "model": "coredata.member", 
 "pk": 483
},
{
 "fields": {
  "added_reason": "AUTO", 
  "career": "UGRD", 
  "config": "{}", 
  "credits": 3, 
  "labtut_section": null, 
  "offering": 31, 
  "official_grade": null, 
  "person": 238, 
  "role": "STUD"
 }, 
 "model": "coredata.member", 
 "pk": 485
},
{
 "fields": {
  "added_reason": "AUTO", 
  "career": "NONS", 
  "config": "{}", 
  "credits": 0, 
  "labtut_section": null, 
  "offering": 31, 
  "official_grade": null, 
  "person": 15, 
  "role": "INST"
 }, 
 "model": "coredata.member", 
 "pk": 34
},
{
 "fields": {
  "added_reason": "AUTO", 
  "career": "NONS", 
  "config": "{}", 
  "credits": 0, 
  "labtut_section": null, 
  "offering": 16, 
  "official_grade": null, 
  "person": 16, 
  "role": "INST"
 }, 
 "model": "coredata.member", 
 "pk": 35
},
{
 "fields": {
  "added_reason": "AUTO", 
  "career": "NONS", 
  "config": "{}", 
  "credits": 0, 
  "labtut_section": null, 
  "offering": 16, 
  "official_grade": null, 
  "person": 7, 
  "role": "INST"
 }, 
 "model": "coredata.member", 
 "pk": 36
},
{
 "fields": {
  "added_reason": "AUTO", 
  "career": "NONS", 
  "config": "{}", 
  "credits": 0, 
  "labtut_section": null, 
  "offering": 16, 
  "official_grade": null, 
  "person": 43, 
  "role": "TA"
 }, 
 "model": "coredata.member", 
 "pk": 499
},
{
 "fields": {
  "added_reason": "AUTO", 
  "career": "NONS", 
  "config": "{}", 
  "credits": 0, 
  "labtut_section": null, 
  "offering": 16, 
  "official_grade": null, 
  "person": 308, 
  "role": "TA"
 }, 
 "model": "coredata.member", 
 "pk": 631
},
{
 "fields": {
  "added_reason": "AUTO", 
  "career": "UGRD", 
  "config": "{}", 
  "credits": 3, 
  "labtut_section": "D102", 
  "offering": 16, 
  "official_grade": null, 
  "person": 30, 
  "role": "STUD"
 }, 
 "model": "coredata.member", 
 "pk": 629
},
{
 "fields": {
  "added_reason": "AUTO", 
  "career": "UGRD", 
  "config": "{}", 
  "credits": 3, 
  "labtut_section": null, 
  "offering": 16, 
  "official_grade": null, 
  "person": 36, 
  "role": "STUD"
 }, 
 "model": "coredata.member", 
 "pk": 492
},
{
 "fields": {
  "added_reason": "AUTO", 
  "career": "UGRD", 
  "config": "{}", 
  "credits": 3, 
  "labtut_section": "D102", 
  "offering": 16, 
  "official_grade": null, 
  "person": 27, 
  "role": "STUD"
 }, 
 "model": "coredata.member", 
 "pk": 626
},
{
 "fields": {
  "added_reason": "AUTO", 
  "career": "UGRD", 
  "config": "{}", 
  "credits": 3, 
  "labtut_section": null, 
  "offering": 16, 
  "official_grade": null, 
  "person": 38, 
  "role": "STUD"
 }, 
 "model": "coredata.member", 
 "pk": 494
},
{
 "fields": {
  "added_reason": "AUTO", 
  "career": "UGRD", 
  "config": "{}", 
  "credits": 3, 
  "labtut_section": null, 
  "offering": 16, 
  "official_grade": null, 
  "person": 42, 
  "role": "STUD"
 }, 
 "model": "coredata.member", 
 "pk": 498
},
{
 "fields": {
  "added_reason": "AUTO", 
  "career": "UGRD", 
  "config": "{}", 
  "credits": 3, 
  "labtut_section": "D101", 
  "offering": 16, 
  "official_grade": null, 
  "person": 23, 
  "role": "STUD"
 }, 
 "model": "coredata.member", 
 "pk": 622
},
{
 "fields": {
  "added_reason": "AUTO", 
  "career": "UGRD", 
  "config": "{}", 
  "credits": 3, 
  "labtut_section": null, 
  "offering": 16, 
  "official_grade": null, 
  "person": 41, 
  "role": "STUD"
 }, 
 "model": "coredata.member", 
 "pk": 497
},
{
 "fields": {
  "added_reason": "AUTO", 
  "career": "UGRD", 
  "config": "{}", 
  "credits": 3, 
  "labtut_section": null, 
  "offering": 16, 
  "official_grade": null, 
  "person": 37, 
  "role": "STUD"
 }, 
 "model": "coredata.member", 
 "pk": 493
},
{
 "fields": {
  "added_reason": "AUTO", 
  "career": "UGRD", 
  "config": "{}", 
  "credits": 3, 
  "labtut_section": "D104", 
  "offering": 16, 
  "official_grade": null, 
  "person": 25, 
  "role": "STUD"
 }, 
 "model": "coredata.member", 
 "pk": 624
},
{
 "fields": {
  "added_reason": "AUTO", 
  "career": "UGRD", 
  "config": "{}", 
  "credits": 3, 
  "labtut_section": null, 
  "offering": 16, 
  "official_grade": null, 
  "person": 35, 
  "role": "STUD"
 }, 
 "model": "coredata.member", 
 "pk": 491
},
{
 "fields": {
  "added_reason": "AUTO", 
  "career": "UGRD", 
  "config": "{}", 
  "credits": 3, 
  "labtut_section": "D102", 
  "offering": 16, 
  "official_grade": null, 
  "person": 22, 
  "role": "STUD"
 }, 
 "model": "coredata.member", 
 "pk": 621
},
{
 "fields": {
  "added_reason": "AUTO", 
  "career": "UGRD", 
  "config": "{}", 
  "credits": 3, 
  "labtut_section": null, 
  "offering": 16, 
  "official_grade": null, 
  "person": 34, 
  "role": "STUD"
 }, 
 "model": "coredata.member", 
 "pk": 490
},
{
 "fields": {
  "added_reason": "AUTO", 
  "career": "UGRD", 
  "config": "{}", 
  "credits": 3, 
  "labtut_section": null, 
  "offering": 16, 
  "official_grade": null, 
  "person": 39, 
  "role": "STUD"
 }, 
 "model": "coredata.member", 
 "pk": 495
},
{
 "fields": {
  "added_reason": "AUTO", 
  "career": "UGRD", 
  "config": "{}", 
  "credits": 3, 
  "labtut_section": null, 
  "offering": 16, 
  "official_grade": null, 
  "person": 33, 
  "role": "STUD"
 }, 
 "model": "coredata.member", 
 "pk": 489
},
{
 "fields": {
  "added_reason": "AUTO", 
  "career": "UGRD", 
  "config": "{}", 
  "credits": 3, 
  "labtut_section": "D103", 
  "offering": 16, 
  "official_grade": null, 
  "person": 31, 
  "role": "STUD"
 }, 
 "model": "coredata.member", 
 "pk": 630
},
{
 "fields": {
  "added_reason": "AUTO", 
  "career": "UGRD", 
  "config": "{}", 
  "credits": 3, 
  "labtut_section": null, 
  "offering": 16, 
  "official_grade": null, 
  "person": 40, 
  "role": "STUD"
 }, 
 "model": "coredata.member", 
 "pk": 496
},
{
 "fields": {
  "added_reason": "AUTO", 
  "career": "UGRD", 
  "config": "{}", 
  "credits": 3, 
  "labtut_section": "D101", 
  "offering": 16, 
  "official_grade": null, 
  "person": 24, 
  "role": "STUD"
 }, 
 "model": "coredata.member", 
 "pk": 623
},
{
 "fields": {
  "added_reason": "AUTO", 
  "career": "UGRD", 
  "config": "{}", 
  "credits": 3, 
  "labtut_section": "D104", 
  "offering": 16, 
  "official_grade": null, 
  "person": 28, 
  "role": "STUD"
 }, 
 "model": "coredata.member", 
 "pk": 627
},
{
 "fields": {
  "added_reason": "AUTO", 
  "career": "UGRD", 
  "config": "{}", 
  "credits": 3, 
  "labtut_section": "D102", 
  "offering": 16, 
  "official_grade": null, 
  "person": 26, 
  "role": "STUD"
 }, 
 "model": "coredata.member", 
 "pk": 625
},
{
 "fields": {
  "added_reason": "AUTO", 
  "career": "UGRD", 
  "config": "{}", 
  "credits": 3, 
  "labtut_section": "D104", 
  "offering": 16, 
  "official_grade": null, 
  "person": 29, 
  "role": "STUD"
 }, 
 "model": "coredata.member", 
 "pk": 628
},
{
 "fields": {
  "added_reason": "AUTO", 
  "career": "NONS", 
  "config": "{}", 
  "credits": 0, 
  "labtut_section": null, 
  "offering": 17, 
  "official_grade": null, 
  "person": 16, 
  "role": "INST"
 }, 
 "model": "coredata.member", 
 "pk": 37
},
{
 "fields": {
  "added_reason": "AUTO", 
  "career": "NONS", 
  "config": "{}", 
  "credits": 0, 
  "labtut_section": null, 
  "offering": 17, 
  "official_grade": null, 
  "person": 7, 
  "role": "INST"
 }, 
 "model": "coredata.member", 
 "pk": 38
},
{
 "fields": {
  "added_reason": "AUTO", 
  "career": "NONS", 
  "config": "{}", 
  "credits": 0, 
  "labtut_section": null, 
  "offering": 17, 
  "official_grade": null, 
  "person": 186, 
  "role": "TA"
 }, 
 "model": "coredata.member", 
 "pk": 510
},
{
 "fields": {
  "added_reason": "AUTO", 
  "career": "UGRD", 
  "config": "{}", 
  "credits": 3, 
  "labtut_section": null, 
  "offering": 17, 
  "official_grade": null, 
  "person": 176, 
  "role": "STUD"
 }, 
 "model": "coredata.member", 
 "pk": 500
},
{
 "fields": {
  "added_reason": "AUTO", 
  "career": "UGRD", 
  "config": "{}", 
  "credits": 3, 
  "labtut_section": null, 
  "offering": 17, 
  "official_grade": null, 
  "person": 183, 
  "role": "STUD"
 }, 
 "model": "coredata.member", 
 "pk": 507
},
{
 "fields": {
  "added_reason": "AUTO", 
  "career": "UGRD", 
  "config": "{}", 
  "credits": 3, 
  "labtut_section": null, 
  "offering": 17, 
  "official_grade": null, 
  "person": 178, 
  "role": "STUD"
 }, 
 "model": "coredata.member", 
 "pk": 502
},
{
 "fields": {
  "added_reason": "AUTO", 
  "career": "UGRD", 
  "config": "{}", 
  "credits": 3, 
  "labtut_section": null, 
  "offering": 17, 
  "official_grade": null, 
  "person": 177, 
  "role": "STUD"
 }, 
 "model": "coredata.member", 
 "pk": 501
},
{
 "fields": {
  "added_reason": "AUTO", 
  "career": "UGRD", 
  "config": "{}", 
  "credits": 3, 
  "labtut_section": null, 
  "offering": 17, 
  "official_grade": null, 
  "person": 180, 
  "role": "STUD"
 }, 
 "model": "coredata.member", 
 "pk": 504
},
{
 "fields": {
  "added_reason": "AUTO", 
  "career": "UGRD", 
  "config": "{}", 
  "credits": 3, 
  "labtut_section": null, 
  "offering": 17, 
  "official_grade": null, 
  "person": 185, 
  "role": "STUD"
 }, 
 "model": "coredata.member", 
 "pk": 509
},
{
 "fields": {
  "added_reason": "AUTO", 
  "career": "UGRD", 
  "config": "{}", 
  "credits": 3, 
  "labtut_section": null, 
  "offering": 17, 
  "official_grade": null, 
  "person": 179, 
  "role": "STUD"
 }, 
 "model": "coredata.member", 
 "pk": 503
},
{
 "fields": {
  "added_reason": "AUTO", 
  "career": "UGRD", 
  "config": "{}", 
  "credits": 3, 
  "labtut_section": null, 
  "offering": 17, 
  "official_grade": null, 
  "person": 182, 
  "role": "STUD"
 }, 
 "model": "coredata.member", 
 "pk": 506
},
{
 "fields": {
  "added_reason": "AUTO", 
  "career": "UGRD", 
  "config": "{}", 
  "credits": 3, 
  "labtut_section": null, 
  "offering": 17, 
  "official_grade": null, 
  "person": 184, 
  "role": "STUD"
 }, 
 "model": "coredata.member", 
 "pk": 508
},
{
 "fields": {
  "added_reason": "AUTO", 
  "career": "UGRD", 
  "config": "{}", 
  "credits": 3, 
  "labtut_section": null, 
  "offering": 17, 
  "official_grade": null, 
  "person": 181, 
  "role": "STUD"
 }, 
 "model": "coredata.member", 
 "pk": 505
},
{
 "fields": {
  "added_reason": "AUTO", 
  "career": "NONS", 
  "config": "{}", 
  "credits": 0, 
  "labtut_section": null, 
  "offering": 18, 
  "official_grade": null, 
  "person": 17, 
  "role": "INST"
 }, 
 "model": "coredata.member", 
 "pk": 39
},
{
 "fields": {
  "added_reason": "AUTO", 
  "career": "NONS", 
  "config": "{}", 
  "credits": 0, 
  "labtut_section": null, 
  "offering": 18, 
  "official_grade": null, 
  "person": 65, 
  "role": "TA"
 }, 
 "model": "coredata.member", 
 "pk": 521
},
{
 "fields": {
  "added_reason": "AUTO", 
  "career": "UGRD", 
  "config": "{}", 
  "credits": 3, 
  "labtut_section": null, 
  "offering": 18, 
  "official_grade": null, 
  "person": 64, 
  "role": "STUD"
 }, 
 "model": "coredata.member", 
 "pk": 520
},
{
 "fields": {
  "added_reason": "AUTO", 
  "career": "UGRD", 
  "config": "{}", 
  "credits": 3, 
  "labtut_section": null, 
  "offering": 18, 
  "official_grade": null, 
  "person": 60, 
  "role": "STUD"
 }, 
 "model": "coredata.member", 
 "pk": 516
},
{
 "fields": {
  "added_reason": "AUTO", 
  "career": "UGRD", 
  "config": "{}", 
  "credits": 3, 
  "labtut_section": null, 
  "offering": 18, 
  "official_grade": null, 
  "person": 59, 
  "role": "STUD"
 }, 
 "model": "coredata.member", 
 "pk": 515
},
{
 "fields": {
  "added_reason": "AUTO", 
  "career": "UGRD", 
  "config": "{}", 
  "credits": 3, 
  "labtut_section": null, 
  "offering": 18, 
  "official_grade": null, 
  "person": 63, 
  "role": "STUD"
 }, 
 "model": "coredata.member", 
 "pk": 519
},
{
 "fields": {
  "added_reason": "AUTO", 
  "career": "UGRD", 
  "config": "{}", 
  "credits": 3, 
  "labtut_section": null, 
  "offering": 18, 
  "official_grade": null, 
  "person": 56, 
  "role": "STUD"
 }, 
 "model": "coredata.member", 
 "pk": 512
},
{
 "fields": {
  "added_reason": "AUTO", 
  "career": "UGRD", 
  "config": "{}", 
  "credits": 3, 
  "labtut_section": null, 
  "offering": 18, 
  "official_grade": null, 
  "person": 57, 
  "role": "STUD"
 }, 
 "model": "coredata.member", 
 "pk": 513
},
{
 "fields": {
  "added_reason": "AUTO", 
  "career": "UGRD", 
  "config": "{}", 
  "credits": 3, 
  "labtut_section": null, 
  "offering": 18, 
  "official_grade": null, 
  "person": 62, 
  "role": "STUD"
 }, 
 "model": "coredata.member", 
 "pk": 518
},
{
 "fields": {
  "added_reason": "AUTO", 
  "career": "UGRD", 
  "config": "{}", 
  "credits": 3, 
  "labtut_section": null, 
  "offering": 18, 
  "official_grade": null, 
  "person": 61, 
  "role": "STUD"
 }, 
 "model": "coredata.member", 
 "pk": 517
},
{
 "fields": {
  "added_reason": "AUTO", 
  "career": "UGRD", 
  "config": "{}", 
  "credits": 3, 
  "labtut_section": null, 
  "offering": 18, 
  "official_grade": null, 
  "person": 58, 
  "role": "STUD"
 }, 
 "model": "coredata.member", 
 "pk": 514
},
{
 "fields": {
  "added_reason": "AUTO", 
  "career": "UGRD", 
  "config": "{}", 
  "credits": 3, 
  "labtut_section": null, 
  "offering": 18, 
  "official_grade": null, 
  "person": 55, 
  "role": "STUD"
 }, 
 "model": "coredata.member", 
 "pk": 511
},
{
 "fields": {
  "added_reason": "AUTO", 
  "career": "NONS", 
  "config": "{}", 
  "credits": 0, 
  "labtut_section": null, 
  "offering": 19, 
  "official_grade": null, 
  "person": 142, 
  "role": "TA"
 }, 
 "model": "coredata.member", 
 "pk": 532
},
{
 "fields": {
  "added_reason": "AUTO", 
  "career": "NONS", 
  "config": "{}", 
  "credits": 0, 
  "labtut_section": null, 
  "offering": 19, 
  "official_grade": null, 
  "person": 4, 
  "role": "INST"
 }, 
 "model": "coredata.member", 
 "pk": 40
},
{
 "fields": {
  "added_reason": "AUTO", 
  "career": "UGRD", 
  "config": "{}", 
  "credits": 3, 
  "labtut_section": null, 
  "offering": 19, 
  "official_grade": null, 
  "person": 136, 
  "role": "STUD"
 }, 
 "model": "coredata.member", 
 "pk": 526
},
{
 "fields": {
  "added_reason": "AUTO", 
  "career": "UGRD", 
  "config": "{}", 
  "credits": 3, 
  "labtut_section": null, 
  "offering": 19, 
  "official_grade": null, 
  "person": 137, 
  "role": "STUD"
 }, 
 "model": "coredata.member", 
 "pk": 527
},
{
 "fields": {
  "added_reason": "AUTO", 
  "career": "UGRD", 
  "config": "{}", 
  "credits": 3, 
  "labtut_section": null, 
  "offering": 19, 
  "official_grade": null, 
  "person": 141, 
  "role": "STUD"
 }, 
 "model": "coredata.member", 
 "pk": 531
},
{
 "fields": {
  "added_reason": "AUTO", 
  "career": "UGRD", 
  "config": "{}", 
  "credits": 3, 
  "labtut_section": null, 
  "offering": 19, 
  "official_grade": null, 
  "person": 140, 
  "role": "STUD"
 }, 
 "model": "coredata.member", 
 "pk": 530
},
{
 "fields": {
  "added_reason": "AUTO", 
  "career": "UGRD", 
  "config": "{}", 
  "credits": 3, 
  "labtut_section": null, 
  "offering": 19, 
  "official_grade": null, 
  "person": 139, 
  "role": "STUD"
 }, 
 "model": "coredata.member", 
 "pk": 529
},
{
 "fields": {
  "added_reason": "AUTO", 
  "career": "UGRD", 
  "config": "{}", 
  "credits": 3, 
  "labtut_section": null, 
  "offering": 19, 
  "official_grade": null, 
  "person": 134, 
  "role": "STUD"
 }, 
 "model": "coredata.member", 
 "pk": 524
},
{
 "fields": {
  "added_reason": "AUTO", 
  "career": "UGRD", 
  "config": "{}", 
  "credits": 3, 
  "labtut_section": null, 
  "offering": 19, 
  "official_grade": null, 
  "person": 133, 
  "role": "STUD"
 }, 
 "model": "coredata.member", 
 "pk": 523
},
{
 "fields": {
  "added_reason": "AUTO", 
  "career": "UGRD", 
  "config": "{}", 
  "credits": 3, 
  "labtut_section": null, 
  "offering": 19, 
  "official_grade": null, 
  "person": 135, 
  "role": "STUD"
 }, 
 "model": "coredata.member", 
 "pk": 525
},
{
 "fields": {
  "added_reason": "AUTO", 
  "career": "UGRD", 
  "config": "{}", 
  "credits": 3, 
  "labtut_section": null, 
  "offering": 19, 
  "official_grade": null, 
  "person": 132, 
  "role": "STUD"
 }, 
 "model": "coredata.member", 
 "pk": 522
},
{
 "fields": {
  "added_reason": "AUTO", 
  "career": "UGRD", 
  "config": "{}", 
  "credits": 3, 
  "labtut_section": null, 
  "offering": 19, 
  "official_grade": null, 
  "person": 138, 
  "role": "STUD"
 }, 
 "model": "coredata.member", 
 "pk": 528
},
{
 "fields": {
  "added_reason": "AUTO", 
  "career": "NONS", 
  "config": "{}", 
  "credits": 0, 
  "labtut_section": null, 
  "offering": 51, 
  "official_grade": null, 
  "person": 9, 
  "role": "INST"
 }, 
 "model": "coredata.member", 
 "pk": 41
},
{
 "fields": {
  "added_reason": "AUTO", 
  "career": "NONS", 
  "config": "{}", 
  "credits": 0, 
  "labtut_section": null, 
  "offering": 51, 
  "official_grade": null, 
  "person": 98, 
  "role": "TA"
 }, 
 "model": "coredata.member", 
 "pk": 543
},
{
 "fields": {
  "added_reason": "AUTO", 
  "career": "UGRD", 
  "config": "{}", 
  "credits": 3, 
  "labtut_section": null, 
  "offering": 51, 
  "official_grade": null, 
  "person": 92, 
  "role": "STUD"
 }, 
 "model": "coredata.member", 
 "pk": 537
},
{
 "fields": {
  "added_reason": "AUTO", 
  "career": "UGRD", 
  "config": "{}", 
  "credits": 3, 
  "labtut_section": null, 
  "offering": 51, 
  "official_grade": null, 
  "person": 94, 
  "role": "STUD"
 }, 
 "model": "coredata.member", 
 "pk": 539
},
{
 "fields": {
  "added_reason": "AUTO", 
  "career": "UGRD", 
  "config": "{}", 
  "credits": 3, 
  "labtut_section": null, 
  "offering": 51, 
  "official_grade": null, 
  "person": 90, 
  "role": "STUD"
 }, 
 "model": "coredata.member", 
 "pk": 535
},
{
 "fields": {
  "added_reason": "AUTO", 
  "career": "UGRD", 
  "config": "{}", 
  "credits": 3, 
  "labtut_section": null, 
  "offering": 51, 
  "official_grade": null, 
  "person": 93, 
  "role": "STUD"
 }, 
 "model": "coredata.member", 
 "pk": 538
},
{
 "fields": {
  "added_reason": "AUTO", 
  "career": "UGRD", 
  "config": "{}", 
  "credits": 3, 
  "labtut_section": null, 
  "offering": 51, 
  "official_grade": null, 
  "person": 97, 
  "role": "STUD"
 }, 
 "model": "coredata.member", 
 "pk": 542
},
{
 "fields": {
  "added_reason": "AUTO", 
  "career": "UGRD", 
  "config": "{}", 
  "credits": 3, 
  "labtut_section": null, 
  "offering": 51, 
  "official_grade": null, 
  "person": 96, 
  "role": "STUD"
 }, 
 "model": "coredata.member", 
 "pk": 541
},
{
 "fields": {
  "added_reason": "AUTO", 
  "career": "UGRD", 
  "config": "{}", 
  "credits": 3, 
  "labtut_section": null, 
  "offering": 51, 
  "official_grade": null, 
  "person": 95, 
  "role": "STUD"
 }, 
 "model": "coredata.member", 
 "pk": 540
},
{
 "fields": {
  "added_reason": "AUTO", 
  "career": "UGRD", 
  "config": "{}", 
  "credits": 3, 
  "labtut_section": null, 
  "offering": 51, 
  "official_grade": null, 
  "person": 91, 
  "role": "STUD"
 }, 
 "model": "coredata.member", 
 "pk": 536
},
{
 "fields": {
  "added_reason": "AUTO", 
  "career": "UGRD", 
  "config": "{}", 
  "credits": 3, 
  "labtut_section": null, 
  "offering": 51, 
  "official_grade": null, 
  "person": 88, 
  "role": "STUD"
 }, 
 "model": "coredata.member", 
 "pk": 533
},
{
 "fields": {
  "added_reason": "AUTO", 
  "career": "UGRD", 
  "config": "{}", 
  "credits": 3, 
  "labtut_section": null, 
  "offering": 51, 
  "official_grade": null, 
  "person": 89, 
  "role": "STUD"
 }, 
 "model": "coredata.member", 
 "pk": 534
},
{
 "fields": {
  "added_reason": "AUTO", 
  "career": "NONS", 
  "config": "{}", 
  "credits": 0, 
  "labtut_section": null, 
  "offering": 22, 
  "official_grade": null, 
  "person": 11, 
  "role": "INST"
 }, 
 "model": "coredata.member", 
 "pk": 42
},
{
 "fields": {
  "added_reason": "AUTO", 
  "career": "NONS", 
  "config": "{}", 
  "credits": 0, 
  "labtut_section": null, 
  "offering": 22, 
  "official_grade": null, 
  "person": 54, 
  "role": "TA"
 }, 
 "model": "coredata.member", 
 "pk": 554
},
{
 "fields": {
  "added_reason": "AUTO", 
  "career": "UGRD", 
  "config": "{}", 
  "credits": 3, 
  "labtut_section": null, 
  "offering": 22, 
  "official_grade": null, 
  "person": 44, 
  "role": "STUD"
 }, 
 "model": "coredata.member", 
 "pk": 544
},
{
 "fields": {
  "added_reason": "AUTO", 
  "career": "UGRD", 
  "config": "{}", 
  "credits": 3, 
  "labtut_section": null, 
  "offering": 22, 
  "official_grade": null, 
  "person": 52, 
  "role": "STUD"
 }, 
 "model": "coredata.member", 
 "pk": 552
},
{
 "fields": {
  "added_reason": "AUTO", 
  "career": "UGRD", 
  "config": "{}", 
  "credits": 3, 
  "labtut_section": null, 
  "offering": 22, 
  "official_grade": null, 
  "person": 45, 
  "role": "STUD"
 }, 
 "model": "coredata.member", 
 "pk": 545
},
{
 "fields": {
  "added_reason": "AUTO", 
  "career": "UGRD", 
  "config": "{}", 
  "credits": 3, 
  "labtut_section": null, 
  "offering": 22, 
  "official_grade": null, 
  "person": 48, 
  "role": "STUD"
 }, 
 "model": "coredata.member", 
 "pk": 548
},
{
 "fields": {
  "added_reason": "AUTO", 
  "career": "UGRD", 
  "config": "{}", 
  "credits": 3, 
  "labtut_section": null, 
  "offering": 22, 
  "official_grade": null, 
  "person": 51, 
  "role": "STUD"
 }, 
 "model": "coredata.member", 
 "pk": 551
},
{
 "fields": {
  "added_reason": "AUTO", 
  "career": "UGRD", 
  "config": "{}", 
  "credits": 3, 
  "labtut_section": null, 
  "offering": 22, 
  "official_grade": null, 
  "person": 47, 
  "role": "STUD"
 }, 
 "model": "coredata.member", 
 "pk": 547
},
{
 "fields": {
  "added_reason": "AUTO", 
  "career": "UGRD", 
  "config": "{}", 
  "credits": 3, 
  "labtut_section": null, 
  "offering": 22, 
  "official_grade": null, 
  "person": 53, 
  "role": "STUD"
 }, 
 "model": "coredata.member", 
 "pk": 553
},
{
 "fields": {
  "added_reason": "AUTO", 
  "career": "UGRD", 
  "config": "{}", 
  "credits": 3, 
  "labtut_section": null, 
  "offering": 22, 
  "official_grade": null, 
  "person": 50, 
  "role": "STUD"
 }, 
 "model": "coredata.member", 
 "pk": 550
},
{
 "fields": {
  "added_reason": "AUTO", 
  "career": "UGRD", 
  "config": "{}", 
  "credits": 3, 
  "labtut_section": null, 
  "offering": 22, 
  "official_grade": null, 
  "person": 46, 
  "role": "STUD"
 }, 
 "model": "coredata.member", 
 "pk": 546
},
{
 "fields": {
  "added_reason": "AUTO", 
  "career": "UGRD", 
  "config": "{}", 
  "credits": 3, 
  "labtut_section": null, 
  "offering": 22, 
  "official_grade": null, 
  "person": 49, 
  "role": "STUD"
 }, 
 "model": "coredata.member", 
 "pk": 549
},
{
 "fields": {
  "added_reason": "AUTO", 
  "career": "NONS", 
  "config": "{}", 
  "credits": 0, 
  "labtut_section": null, 
  "offering": 23, 
  "official_grade": null, 
  "person": 285, 
  "role": "TA"
 }, 
 "model": "coredata.member", 
 "pk": 565
},
{
 "fields": {
  "added_reason": "AUTO", 
  "career": "NONS", 
  "config": "{}", 
  "credits": 0, 
  "labtut_section": null, 
  "offering": 23, 
  "official_grade": null, 
  "person": 18, 
  "role": "INST"
 }, 
 "model": "coredata.member", 
 "pk": 43
},
{
 "fields": {
  "added_reason": "AUTO", 
  "career": "UGRD", 
  "config": "{}", 
  "credits": 3, 
  "labtut_section": null, 
  "offering": 23, 
  "official_grade": null, 
  "person": 275, 
  "role": "STUD"
 }, 
 "model": "coredata.member", 
 "pk": 555
},
{
 "fields": {
  "added_reason": "AUTO", 
  "career": "UGRD", 
  "config": "{}", 
  "credits": 3, 
  "labtut_section": null, 
  "offering": 23, 
  "official_grade": null, 
  "person": 276, 
  "role": "STUD"
 }, 
 "model": "coredata.member", 
 "pk": 556
},
{
 "fields": {
  "added_reason": "AUTO", 
  "career": "UGRD", 
  "config": "{}", 
  "credits": 3, 
  "labtut_section": null, 
  "offering": 23, 
  "official_grade": null, 
  "person": 279, 
  "role": "STUD"
 }, 
 "model": "coredata.member", 
 "pk": 559
},
{
 "fields": {
  "added_reason": "AUTO", 
  "career": "UGRD", 
  "config": "{}", 
  "credits": 3, 
  "labtut_section": null, 
  "offering": 23, 
  "official_grade": null, 
  "person": 280, 
  "role": "STUD"
 }, 
 "model": "coredata.member", 
 "pk": 560
},
{
 "fields": {
  "added_reason": "AUTO", 
  "career": "UGRD", 
  "config": "{}", 
  "credits": 3, 
  "labtut_section": null, 
  "offering": 23, 
  "official_grade": null, 
  "person": 278, 
  "role": "STUD"
 }, 
 "model": "coredata.member", 
 "pk": 558
},
{
 "fields": {
  "added_reason": "AUTO", 
  "career": "UGRD", 
  "config": "{}", 
  "credits": 3, 
  "labtut_section": null, 
  "offering": 23, 
  "official_grade": null, 
  "person": 283, 
  "role": "STUD"
 }, 
 "model": "coredata.member", 
 "pk": 563
},
{
 "fields": {
  "added_reason": "AUTO", 
  "career": "UGRD", 
  "config": "{}", 
  "credits": 3, 
  "labtut_section": null, 
  "offering": 23, 
  "official_grade": null, 
  "person": 284, 
  "role": "STUD"
 }, 
 "model": "coredata.member", 
 "pk": 564
},
{
 "fields": {
  "added_reason": "AUTO", 
  "career": "UGRD", 
  "config": "{}", 
  "credits": 3, 
  "labtut_section": null, 
  "offering": 23, 
  "official_grade": null, 
  "person": 277, 
  "role": "STUD"
 }, 
 "model": "coredata.member", 
 "pk": 557
},
{
 "fields": {
  "added_reason": "AUTO", 
  "career": "UGRD", 
  "config": "{}", 
  "credits": 3, 
  "labtut_section": null, 
  "offering": 23, 
  "official_grade": null, 
  "person": 281, 
  "role": "STUD"
 }, 
 "model": "coredata.member", 
 "pk": 561
},
{
 "fields": {
  "added_reason": "AUTO", 
  "career": "UGRD", 
  "config": "{}", 
  "credits": 3, 
  "labtut_section": null, 
  "offering": 23, 
  "official_grade": null, 
  "person": 282, 
  "role": "STUD"
 }, 
 "model": "coredata.member", 
 "pk": 562
},
{
 "fields": {
  "added_reason": "AUTO", 
  "career": "NONS", 
  "config": "{}", 
  "credits": 0, 
  "labtut_section": null, 
  "offering": 53, 
  "official_grade": null, 
  "person": 153, 
  "role": "TA"
 }, 
 "model": "coredata.member", 
 "pk": 576
},
{
 "fields": {
  "added_reason": "AUTO", 
  "career": "NONS", 
  "config": "{}", 
  "credits": 0, 
  "labtut_section": null, 
  "offering": 53, 
  "official_grade": null, 
  "person": 8, 
  "role": "INST"
 }, 
 "model": "coredata.member", 
 "pk": 44
},
{
 "fields": {
  "added_reason": "AUTO", 
  "career": "UGRD", 
  "config": "{}", 
  "credits": 3, 
  "labtut_section": null, 
  "offering": 53, 
  "official_grade": null, 
  "person": 148, 
  "role": "STUD"
 }, 
 "model": "coredata.member", 
 "pk": 571
},
{
 "fields": {
  "added_reason": "AUTO", 
  "career": "UGRD", 
  "config": "{}", 
  "credits": 3, 
  "labtut_section": null, 
  "offering": 53, 
  "official_grade": null, 
  "person": 152, 
  "role": "STUD"
 }, 
 "model": "coredata.member", 
 "pk": 575
},
{
 "fields": {
  "added_reason": "AUTO", 
  "career": "UGRD", 
  "config": "{}", 
  "credits": 3, 
  "labtut_section": null, 
  "offering": 53, 
  "official_grade": null, 
  "person": 145, 
  "role": "STUD"
 }, 
 "model": "coredata.member", 
 "pk": 568
},
{
 "fields": {
  "added_reason": "AUTO", 
  "career": "UGRD", 
  "config": "{}", 
  "credits": 3, 
  "labtut_section": null, 
  "offering": 53, 
  "official_grade": null, 
  "person": 144, 
  "role": "STUD"
 }, 
 "model": "coredata.member", 
 "pk": 567
},
{
 "fields": {
  "added_reason": "AUTO", 
  "career": "UGRD", 
  "config": "{}", 
  "credits": 3, 
  "labtut_section": null, 
  "offering": 53, 
  "official_grade": null, 
  "person": 151, 
  "role": "STUD"
 }, 
 "model": "coredata.member", 
 "pk": 574
},
{
 "fields": {
  "added_reason": "AUTO", 
  "career": "UGRD", 
  "config": "{}", 
  "credits": 3, 
  "labtut_section": null, 
  "offering": 53, 
  "official_grade": null, 
  "person": 143, 
  "role": "STUD"
 }, 
 "model": "coredata.member", 
 "pk": 566
},
{
 "fields": {
  "added_reason": "AUTO", 
  "career": "UGRD", 
  "config": "{}", 
  "credits": 3, 
  "labtut_section": null, 
  "offering": 53, 
  "official_grade": null, 
  "person": 150, 
  "role": "STUD"
 }, 
 "model": "coredata.member", 
 "pk": 573
},
{
 "fields": {
  "added_reason": "AUTO", 
  "career": "UGRD", 
  "config": "{}", 
  "credits": 3, 
  "labtut_section": null, 
  "offering": 53, 
  "official_grade": null, 
  "person": 146, 
  "role": "STUD"
 }, 
 "model": "coredata.member", 
 "pk": 569
},
{
 "fields": {
  "added_reason": "AUTO", 
  "career": "UGRD", 
  "config": "{}", 
  "credits": 3, 
  "labtut_section": null, 
  "offering": 53, 
  "official_grade": null, 
  "person": 147, 
  "role": "STUD"
 }, 
 "model": "coredata.member", 
 "pk": 570
},
{
 "fields": {
  "added_reason": "AUTO", 
  "career": "UGRD", 
  "config": "{}", 
  "credits": 3, 
  "labtut_section": null, 
  "offering": 53, 
  "official_grade": null, 
  "person": 149, 
  "role": "STUD"
 }, 
 "model": "coredata.member", 
 "pk": 572
},
{
 "fields": {
  "added_reason": "AUTO", 
  "career": "NONS", 
  "config": "{}", 
  "credits": 0, 
  "labtut_section": null, 
  "offering": 2, 
  "official_grade": null, 
  "person": 19, 
  "role": "INST"
 }, 
 "model": "coredata.member", 
 "pk": 45
},
{
 "fields": {
  "added_reason": "AUTO", 
  "career": "NONS", 
  "config": "{}", 
  "credits": 0, 
  "labtut_section": null, 
  "offering": 2, 
  "official_grade": null, 
  "person": 98, 
  "role": "TA"
 }, 
 "model": "coredata.member", 
 "pk": 587
},
{
 "fields": {
  "added_reason": "AUTO", 
  "career": "UGRD", 
  "config": "{}", 
  "credits": 3, 
  "labtut_section": null, 
  "offering": 2, 
  "official_grade": null, 
  "person": 92, 
  "role": "STUD"
 }, 
 "model": "coredata.member", 
 "pk": 581
},
{
 "fields": {
  "added_reason": "AUTO", 
  "career": "UGRD", 
  "config": "{}", 
  "credits": 3, 
  "labtut_section": null, 
  "offering": 2, 
  "official_grade": null, 
  "person": 94, 
  "role": "STUD"
 }, 
 "model": "coredata.member", 
 "pk": 583
},
{
 "fields": {
  "added_reason": "AUTO", 
  "career": "UGRD", 
  "config": "{}", 
  "credits": 3, 
  "labtut_section": null, 
  "offering": 2, 
  "official_grade": null, 
  "person": 90, 
  "role": "STUD"
 }, 
 "model": "coredata.member", 
 "pk": 579
},
{
 "fields": {
  "added_reason": "AUTO", 
  "career": "UGRD", 
  "config": "{}", 
  "credits": 3, 
  "labtut_section": null, 
  "offering": 2, 
  "official_grade": null, 
  "person": 93, 
  "role": "STUD"
 }, 
 "model": "coredata.member", 
 "pk": 582
},
{
 "fields": {
  "added_reason": "AUTO", 
  "career": "UGRD", 
  "config": "{}", 
  "credits": 3, 
  "labtut_section": null, 
  "offering": 2, 
  "official_grade": null, 
  "person": 97, 
  "role": "STUD"
 }, 
 "model": "coredata.member", 
 "pk": 586
},
{
 "fields": {
  "added_reason": "AUTO", 
  "career": "UGRD", 
  "config": "{}", 
  "credits": 3, 
  "labtut_section": null, 
  "offering": 2, 
  "official_grade": null, 
  "person": 96, 
  "role": "STUD"
 }, 
 "model": "coredata.member", 
 "pk": 585
},
{
 "fields": {
  "added_reason": "AUTO", 
  "career": "UGRD", 
  "config": "{}", 
  "credits": 3, 
  "labtut_section": null, 
  "offering": 2, 
  "official_grade": null, 
  "person": 95, 
  "role": "STUD"
 }, 
 "model": "coredata.member", 
 "pk": 584
},
{
 "fields": {
  "added_reason": "AUTO", 
  "career": "UGRD", 
  "config": "{}", 
  "credits": 3, 
  "labtut_section": null, 
  "offering": 2, 
  "official_grade": null, 
  "person": 91, 
  "role": "STUD"
 }, 
 "model": "coredata.member", 
 "pk": 580
},
{
 "fields": {
  "added_reason": "AUTO", 
  "career": "UGRD", 
  "config": "{}", 
  "credits": 3, 
  "labtut_section": null, 
  "offering": 2, 
  "official_grade": null, 
  "person": 88, 
  "role": "STUD"
 }, 
 "model": "coredata.member", 
 "pk": 577
},
{
 "fields": {
  "added_reason": "AUTO", 
  "career": "UGRD", 
  "config": "{}", 
  "credits": 3, 
  "labtut_section": null, 
  "offering": 2, 
  "official_grade": null, 
  "person": 89, 
  "role": "STUD"
 }, 
 "model": "coredata.member", 
 "pk": 578
},
{
 "fields": {
  "added_reason": "AUTO", 
  "career": "NONS", 
  "config": "{}", 
  "credits": 0, 
  "labtut_section": null, 
  "offering": 25, 
  "official_grade": null, 
  "person": 241, 
  "role": "TA"
 }, 
 "model": "coredata.member", 
 "pk": 598
},
{
 "fields": {
  "added_reason": "AUTO", 
  "career": "NONS", 
  "config": "{}", 
  "credits": 0, 
  "labtut_section": null, 
  "offering": 25, 
  "official_grade": null, 
  "person": 20, 
  "role": "INST"
 }, 
 "model": "coredata.member", 
 "pk": 46
},
{
 "fields": {
  "added_reason": "AUTO", 
  "career": "UGRD", 
  "config": "{}", 
  "credits": 3, 
  "labtut_section": null, 
  "offering": 25, 
  "official_grade": null, 
  "person": 239, 
  "role": "STUD"
 }, 
 "model": "coredata.member", 
 "pk": 596
},
{
 "fields": {
  "added_reason": "AUTO", 
  "career": "UGRD", 
  "config": "{}", 
  "credits": 3, 
  "labtut_section": null, 
  "offering": 25, 
  "official_grade": null, 
  "person": 240, 
  "role": "STUD"
 }, 
 "model": "coredata.member", 
 "pk": 597
},
{
 "fields": {
  "added_reason": "AUTO", 
  "career": "UGRD", 
  "config": "{}", 
  "credits": 3, 
  "labtut_section": null, 
  "offering": 25, 
  "official_grade": null, 
  "person": 232, 
  "role": "STUD"
 }, 
 "model": "coredata.member", 
 "pk": 589
},
{
 "fields": {
  "added_reason": "AUTO", 
  "career": "UGRD", 
  "config": "{}", 
  "credits": 3, 
  "labtut_section": null, 
  "offering": 25, 
  "official_grade": null, 
  "person": 231, 
  "role": "STUD"
 }, 
 "model": "coredata.member", 
 "pk": 588
},
{
 "fields": {
  "added_reason": "AUTO", 
  "career": "UGRD", 
  "config": "{}", 
  "credits": 3, 
  "labtut_section": null, 
  "offering": 25, 
  "official_grade": null, 
  "person": 233, 
  "role": "STUD"
 }, 
 "model": "coredata.member", 
 "pk": 590
},
{
 "fields": {
  "added_reason": "AUTO", 
  "career": "UGRD", 
  "config": "{}", 
  "credits": 3, 
  "labtut_section": null, 
  "offering": 25, 
  "official_grade": null, 
  "person": 237, 
  "role": "STUD"
 }, 
 "model": "coredata.member", 
 "pk": 594
},
{
 "fields": {
  "added_reason": "AUTO", 
  "career": "UGRD", 
  "config": "{}", 
  "credits": 3, 
  "labtut_section": null, 
  "offering": 25, 
  "official_grade": null, 
  "person": 235, 
  "role": "STUD"
 }, 
 "model": "coredata.member", 
 "pk": 592
},
{
 "fields": {
  "added_reason": "AUTO", 
  "career": "UGRD", 
  "config": "{}", 
  "credits": 3, 
  "labtut_section": null, 
  "offering": 25, 
  "official_grade": null, 
  "person": 234, 
  "role": "STUD"
 }, 
 "model": "coredata.member", 
 "pk": 591
},
{
 "fields": {
  "added_reason": "AUTO", 
  "career": "UGRD", 
  "config": "{}", 
  "credits": 3, 
  "labtut_section": null, 
  "offering": 25, 
  "official_grade": null, 
  "person": 236, 
  "role": "STUD"
 }, 
 "model": "coredata.member", 
 "pk": 593
},
{
 "fields": {
  "added_reason": "AUTO", 
  "career": "UGRD", 
  "config": "{}", 
  "credits": 3, 
  "labtut_section": null, 
  "offering": 25, 
  "official_grade": null, 
  "person": 238, 
  "role": "STUD"
 }, 
 "model": "coredata.member", 
 "pk": 595
},
{
 "fields": {
  "added_reason": "AUTO", 
  "career": "NONS", 
  "config": "{}", 
  "credits": 0, 
  "labtut_section": null, 
  "offering": 38, 
  "official_grade": null, 
  "person": 2, 
  "role": "INST"
 }, 
 "model": "coredata.member", 
 "pk": 47
},
{
 "fields": {
  "added_reason": "AUTO", 
  "career": "NONS", 
  "config": "{}", 
  "credits": 0, 
  "labtut_section": null, 
  "offering": 38, 
  "official_grade": null, 
  "person": 197, 
  "role": "TA"
 }, 
 "model": "coredata.member", 
 "pk": 609
},
{
 "fields": {
  "added_reason": "AUTO", 
  "career": "UGRD", 
  "config": "{}", 
  "credits": 3, 
  "labtut_section": null, 
  "offering": 38, 
  "official_grade": null, 
  "person": 193, 
  "role": "STUD"
 }, 
 "model": "coredata.member", 
 "pk": 605
},
{
 "fields": {
  "added_reason": "AUTO", 
  "career": "UGRD", 
  "config": "{}", 
  "credits": 3, 
  "labtut_section": null, 
  "offering": 38, 
  "official_grade": null, 
  "person": 194, 
  "role": "STUD"
 }, 
 "model": "coredata.member", 
 "pk": 606
},
{
 "fields": {
  "added_reason": "AUTO", 
  "career": "UGRD", 
  "config": "{}", 
  "credits": 3, 
  "labtut_section": null, 
  "offering": 38, 
  "official_grade": null, 
  "person": 195, 
  "role": "STUD"
 }, 
 "model": "coredata.member", 
 "pk": 607
},
{
 "fields": {
  "added_reason": "AUTO", 
  "career": "UGRD", 
  "config": "{}", 
  "credits": 3, 
  "labtut_section": null, 
  "offering": 38, 
  "official_grade": null, 
  "person": 190, 
  "role": "STUD"
 }, 
 "model": "coredata.member", 
 "pk": 602
},
{
 "fields": {
  "added_reason": "AUTO", 
  "career": "UGRD", 
  "config": "{}", 
  "credits": 3, 
  "labtut_section": null, 
  "offering": 38, 
  "official_grade": null, 
  "person": 192, 
  "role": "STUD"
 }, 
 "model": "coredata.member", 
 "pk": 604
},
{
 "fields": {
  "added_reason": "AUTO", 
  "career": "UGRD", 
  "config": "{}", 
  "credits": 3, 
  "labtut_section": null, 
  "offering": 38, 
  "official_grade": null, 
  "person": 196, 
  "role": "STUD"
 }, 
 "model": "coredata.member", 
 "pk": 608
},
{
 "fields": {
  "added_reason": "AUTO", 
  "career": "UGRD", 
  "config": "{}", 
  "credits": 3, 
  "labtut_section": null, 
  "offering": 38, 
  "official_grade": null, 
  "person": 191, 
  "role": "STUD"
 }, 
 "model": "coredata.member", 
 "pk": 603
},
{
 "fields": {
  "added_reason": "AUTO", 
  "career": "UGRD", 
  "config": "{}", 
  "credits": 3, 
  "labtut_section": null, 
  "offering": 38, 
  "official_grade": null, 
  "person": 187, 
  "role": "STUD"
 }, 
 "model": "coredata.member", 
 "pk": 599
},
{
 "fields": {
  "added_reason": "AUTO", 
  "career": "UGRD", 
  "config": "{}", 
  "credits": 3, 
  "labtut_section": null, 
  "offering": 38, 
  "official_grade": null, 
  "person": 189, 
  "role": "STUD"
 }, 
 "model": "coredata.member", 
 "pk": 601
},
{
 "fields": {
  "added_reason": "AUTO", 
  "career": "UGRD", 
  "config": "{}", 
  "credits": 3, 
  "labtut_section": null, 
  "offering": 38, 
  "official_grade": null, 
  "person": 188, 
  "role": "STUD"
 }, 
 "model": "coredata.member", 
 "pk": 600
},
{
 "fields": {
  "added_reason": "AUTO", 
  "career": "NONS", 
  "config": "{}", 
  "credits": 0, 
  "labtut_section": null, 
  "offering": 39, 
  "official_grade": null, 
  "person": 2, 
  "role": "INST"
 }, 
 "model": "coredata.member", 
 "pk": 48
},
{
 "fields": {
  "added_reason": "AUTO", 
  "career": "NONS", 
  "config": "{}", 
  "credits": 0, 
  "labtut_section": null, 
  "offering": 39, 
  "official_grade": null, 
  "person": 109, 
  "role": "TA"
 }, 
 "model": "coredata.member", 
 "pk": 620
},
{
 "fields": {
  "added_reason": "AUTO", 
  "career": "UGRD", 
  "config": "{}", 
  "credits": 3, 
  "labtut_section": null, 
  "offering": 39, 
  "official_grade": null, 
  "person": 100, 
  "role": "STUD"
 }, 
 "model": "coredata.member", 
 "pk": 611
},
{
 "fields": {
  "added_reason": "AUTO", 
  "career": "UGRD", 
  "config": "{}", 
  "credits": 3, 
  "labtut_section": null, 
  "offering": 39, 
  "official_grade": null, 
  "person": 106, 
  "role": "STUD"
 }, 
 "model": "coredata.member", 
 "pk": 617
},
{
 "fields": {
  "added_reason": "AUTO", 
  "career": "UGRD", 
  "config": "{}", 
  "credits": 3, 
  "labtut_section": null, 
  "offering": 39, 
  "official_grade": null, 
  "person": 99, 
  "role": "STUD"
 }, 
 "model": "coredata.member", 
 "pk": 610
},
{
 "fields": {
  "added_reason": "AUTO", 
  "career": "UGRD", 
  "config": "{}", 
  "credits": 3, 
  "labtut_section": null, 
  "offering": 39, 
  "official_grade": null, 
  "person": 104, 
  "role": "STUD"
 }, 
 "model": "coredata.member", 
 "pk": 615
},
{
 "fields": {
  "added_reason": "AUTO", 
  "career": "UGRD", 
  "config": "{}", 
  "credits": 3, 
  "labtut_section": null, 
  "offering": 39, 
  "official_grade": null, 
  "person": 102, 
  "role": "STUD"
 }, 
 "model": "coredata.member", 
 "pk": 613
},
{
 "fields": {
  "added_reason": "AUTO", 
  "career": "UGRD", 
  "config": "{}", 
  "credits": 3, 
  "labtut_section": null, 
  "offering": 39, 
  "official_grade": null, 
  "person": 105, 
  "role": "STUD"
 }, 
 "model": "coredata.member", 
 "pk": 616
},
{
 "fields": {
  "added_reason": "AUTO", 
  "career": "UGRD", 
  "config": "{}", 
  "credits": 3, 
  "labtut_section": null, 
  "offering": 39, 
  "official_grade": null, 
  "person": 103, 
  "role": "STUD"
 }, 
 "model": "coredata.member", 
 "pk": 614
},
{
 "fields": {
  "added_reason": "AUTO", 
  "career": "UGRD", 
  "config": "{}", 
  "credits": 3, 
  "labtut_section": null, 
  "offering": 39, 
  "official_grade": null, 
  "person": 101, 
  "role": "STUD"
 }, 
 "model": "coredata.member", 
 "pk": 612
},
{
 "fields": {
  "added_reason": "AUTO", 
  "career": "UGRD", 
  "config": "{}", 
  "credits": 3, 
  "labtut_section": null, 
  "offering": 39, 
  "official_grade": null, 
  "person": 107, 
  "role": "STUD"
 }, 
 "model": "coredata.member", 
 "pk": 618
},
{
 "fields": {
  "added_reason": "AUTO", 
  "career": "UGRD", 
  "config": "{}", 
  "credits": 3, 
  "labtut_section": null, 
  "offering": 39, 
  "official_grade": null, 
  "person": 108, 
  "role": "STUD"
 }, 
 "model": "coredata.member", 
 "pk": 619
},
{
 "fields": {
  "config": "{\"url\":\"http://www.cs.sfu.ca/CC/165/common/a1\"}", 
  "deleted": false, 
  "due_date": "2014-07-04T00:00:00", 
  "group": false, 
  "name": "Assignment 1", 
  "offering": 16, 
  "percent": "10", 
  "position": 1, 
  "short_name": "A1", 
  "slug": "a1", 
  "status": "RLS"
 }, 
 "model": "grades.activity", 
 "pk": 1
},
{
 "fields": {
  "config": "{}", 
  "deleted": false, 
  "due_date": "2014-07-14T00:00:00", 
  "group": true, 
  "name": "Assignment 2", 
  "offering": 16, 
  "percent": "10", 
  "position": 2, 
  "short_name": "A2", 
  "slug": "a2", 
  "status": "URLS"
 }, 
 "model": "grades.activity", 
 "pk": 2
},
{
 "fields": {
  "config": "{}", 
  "deleted": false, 
  "due_date": "2014-07-24T00:00:00", 
  "group": true, 
  "name": "Project", 
  "offering": 16, 
  "percent": "40", 
  "position": 3, 
  "short_name": "Proj", 
  "slug": "proj", 
  "status": "URLS"
 }, 
 "model": "grades.activity", 
 "pk": 3
},
{
 "fields": {
  "config": "{}", 
  "deleted": false, 
  "due_date": "2014-07-25T00:00:00", 
  "group": false, 
  "name": "Report", 
  "offering": 16, 
  "percent": "10", 
  "position": 4, 
  "short_name": "Rep", 
  "slug": "rep", 
  "status": "URLS"
 }, 
 "model": "grades.activity", 
 "pk": 4
},
{
 "fields": {
  "config": "{}", 
  "deleted": false, 
  "due_date": null, 
  "group": false, 
  "name": "Final Exam", 
  "offering": 16, 
  "percent": "30", 
  "position": 5, 
  "short_name": "Exam", 
  "slug": "exam", 
  "status": "URLS"
 }, 
 "model": "grades.activity", 
 "pk": 5
},
{
 "fields": {
  "config": "{}", 
  "deleted": false, 
  "due_date": null, 
  "group": false, 
  "name": "Final Percent", 
  "offering": 16, 
  "percent": "0", 
  "position": 6, 
  "short_name": "Perc", 
  "slug": "perc", 
  "status": "INVI"
 }, 
 "model": "grades.activity", 
 "pk": 6
},
{
 "fields": {
  "config": "{}", 
  "deleted": false, 
  "due_date": null, 
  "group": false, 
  "name": "Letter Grade", 
  "offering": 16, 
  "percent": "0", 
  "position": 6, 
  "short_name": "Letter", 
  "slug": "letter", 
  "status": "INVI"
 }, 
 "model": "grades.activity", 
 "pk": 7
},
{
 "fields": {
  "max_grade": "10"
 }, 
 "model": "grades.numericactivity", 
 "pk": 1
},
{
 "fields": {
  "max_grade": "20"
 }, 
 "model": "grades.numericactivity", 
 "pk": 2
},
{
 "fields": {
  "max_grade": "90"
 }, 
 "model": "grades.numericactivity", 
 "pk": 5
},
{
 "fields": {
  "max_grade": "100"
 }, 
 "model": "grades.numericactivity", 
 "pk": 6
},
{
 "fields": {}, 
 "model": "grades.letteractivity", 
 "pk": 3
},
{
 "fields": {}, 
 "model": "grades.letteractivity", 
 "pk": 4
},
{
 "fields": {}, 
 "model": "grades.letteractivity", 
 "pk": 7
},
{
 "fields": {
  "formula": "[[activitytotal]]"
 }, 
 "model": "grades.calnumericactivity", 
 "pk": 6
},
{
 "fields": {
  "exam_activity": null, 
  "letter_cutoffs": "[95, 90, 85, 80, 75, 70, 65, 60, 55, 50]", 
  "numeric_activity": 6
 }, 
 "model": "grades.calletteractivity", 
 "pk": 7
},
{
 "fields": {
  "activity": 1, 
  "deleted": false, 
  "description": "The code you're submitting.", 
  "position": 1, 
  "slug": "code-file", 
  "specified_filename": "", 
  "title": "Code File"
 }, 
 "model": "submission.submissioncomponent", 
 "pk": 1
},
{
 "fields": {
  "activity": 1, 
  "deleted": false, 
  "description": "Report on what you did.", 
  "position": 2, 
  "slug": "report", 
  "specified_filename": "report.pdf", 
  "title": "Report"
 }, 
 "model": "submission.submissioncomponent", 
 "pk": 2
},
{
 "fields": {
  "allowed": ".py,.java", 
  "max_size": 1000
 }, 
 "model": "submission.codecomponent", 
 "pk": 1
},
{
 "fields": {
  "max_size": 5000
 }, 
 "model": "submission.pdfcomponent", 
 "pk": 2
},
{
 "fields": {
  "deleted": false, 
  "description": "Part 1 was done well and seems to work.", 
  "max_mark": "5", 
  "numeric_activity": 1, 
  "position": 1, 
  "slug": "part-1", 
  "title": "Part 1"
 }, 
 "model": "marking.activitycomponent", 
 "pk": 1
},
{
 "fields": {
  "deleted": false, 
  "description": "Part 2 was done well and seems to work.", 
  "max_mark": "5", 
  "numeric_activity": 1, 
  "position": 2, 
  "slug": "part-2", 
  "title": "Part 2"
 }, 
 "model": "marking.activitycomponent", 
 "pk": 2
},
{
 "fields": {
  "courseoffering": 16, 
  "groupForSemester": true, 
  "manager": 625, 
  "name": "AnotherGroup", 
  "slug": "g-anothergroup", 
  "svn_slug": "g-anothergroup"
 }, 
 "model": "groups.group", 
 "pk": 2
},
{
 "fields": {
  "courseoffering": 16, 
  "groupForSemester": true, 
  "manager": 621, 
  "name": "SomeGroup", 
  "slug": "g-somegroup", 
  "svn_slug": "g-somegroup"
 }, 
 "model": "groups.group", 
 "pk": 1
},
{
 "fields": {
  "activity": 2, 
  "confirmed": true, 
  "group": 1, 
  "student": 629
 }, 
 "model": "groups.groupmember", 
 "pk": 4
},
{
 "fields": {
  "activity": 2, 
  "confirmed": true, 
  "group": 1, 
  "student": 626
 }, 
 "model": "groups.groupmember", 
 "pk": 3
},
{
 "fields": {
  "activity": 2, 
  "confirmed": true, 
  "group": 1, 
  "student": 622
 }, 
 "model": "groups.groupmember", 
 "pk": 2
},
{
 "fields": {
  "activity": 2, 
  "confirmed": true, 
  "group": 1, 
  "student": 621
 }, 
 "model": "groups.groupmember", 
 "pk": 1
},
{
 "fields": {
  "activity": 2, 
  "confirmed": true, 
  "group": 2, 
  "student": 623
 }, 
 "model": "groups.groupmember", 
 "pk": 11
},
{
 "fields": {
  "activity": 3, 
  "confirmed": true, 
  "group": 2, 
  "student": 623
 }, 
 "model": "groups.groupmember", 
 "pk": 12
},
{
 "fields": {
  "activity": 2, 
  "confirmed": true, 
  "group": 2, 
  "student": 627
 }, 
 "model": "groups.groupmember", 
 "pk": 7
},
{
 "fields": {
  "activity": 3, 
  "confirmed": true, 
  "group": 2, 
  "student": 627
 }, 
 "model": "groups.groupmember", 
 "pk": 8
},
{
 "fields": {
  "activity": 2, 
  "confirmed": true, 
  "group": 2, 
  "student": 625
 }, 
 "model": "groups.groupmember", 
 "pk": 5
},
{
 "fields": {
  "activity": 3, 
  "confirmed": true, 
  "group": 2, 
  "student": 625
 }, 
 "model": "groups.groupmember", 
 "pk": 6
},
{
 "fields": {
  "activity": 2, 
  "confirmed": true, 
  "group": 2, 
  "student": 628
 }, 
 "model": "groups.groupmember", 
 "pk": 9
},
{
 "fields": {
  "activity": 3, 
  "confirmed": true, 
  "group": 2, 
  "student": 628
 }, 
 "model": "groups.groupmember", 
 "pk": 10
},
{
 "fields": {
  "config": "{}", 
  "person": 309, 
  "role": "GRAD", 
  "unit": 4
 }, 
 "model": "coredata.role", 
 "pk": 1
},
{
 "fields": {
  "config": "{}", 
  "person": 310, 
  "role": "ADVS", 
  "unit": 4
 }, 
 "model": "coredata.role", 
 "pk": 2
},
{
 "fields": {
  "config": "{}", 
  "person": 12, 
  "role": "PLAN", 
  "unit": 4
 }, 
 "model": "coredata.role", 
 "pk": 3
},
{
 "fields": {
  "config": "{}", 
  "person": 16, 
  "role": "FAC", 
  "unit": 4
 }, 
 "model": "coredata.role", 
 "pk": 4
},
{
 "fields": {
  "config": "{}", 
  "person": 12, 
  "role": "FAC", 
  "unit": 4
 }, 
 "model": "coredata.role", 
 "pk": 5
},
{
 "fields": {
  "config": "{}", 
  "person": 6, 
  "role": "FAC", 
  "unit": 4
 }, 
 "model": "coredata.role", 
 "pk": 6
},
{
 "fields": {
  "config": "{}", 
  "person": 16, 
  "role": "GRAD", 
  "unit": 4
 }, 
 "model": "coredata.role", 
 "pk": 7
},
{
 "fields": {
  "config": "{}", 
  "person": 16, 
  "role": "ADMN", 
  "unit": 4
 }, 
 "model": "coredata.role", 
 "pk": 8
},
{
 "fields": {
  "config": "{}", 
  "person": 16, 
  "role": "TAAD", 
  "unit": 4
 }, 
 "model": "coredata.role", 
 "pk": 9
},
{
 "fields": {
  "config": "{}", 
  "person": 16, 
  "role": "FUND", 
  "unit": 4
 }, 
 "model": "coredata.role", 
 "pk": 10
},
{
 "fields": {
  "config": "{}", 
  "person": 21, 
  "role": "GRPD", 
  "unit": 4
 }, 
 "model": "coredata.role", 
 "pk": 11
},
{
 "fields": {
  "config": "{}", 
  "person": 312, 
  "role": "TADM", 
  "unit": 4
 }, 
 "model": "coredata.role", 
 "pk": 12
},
{
 "fields": {
  "config": "{}", 
  "person": 313, 
  "role": "TECH", 
  "unit": 4
 }, 
 "model": "coredata.role", 
 "pk": 13
},
{
 "fields": {
  "config": "{}", 
  "person": 313, 
  "role": "SYSA", 
  "unit": 4
 }, 
 "model": "coredata.role", 
 "pk": 14
},
{
 "fields": {
  "config": "{}", 
  "person": 18, 
  "role": "FAC", 
  "unit": 4
 }, 
 "model": "coredata.role", 
 "pk": 15
},
{
 "fields": {
  "config": "{}", 
  "person": 7, 
  "role": "FAC", 
  "unit": 4
 }, 
 "model": "coredata.role", 
 "pk": 16
},
{
 "fields": {
  "config": "{}", 
  "person": 11, 
  "role": "FAC", 
  "unit": 4
 }, 
 "model": "coredata.role", 
 "pk": 17
},
{
 "fields": {
  "config": "{}", 
  "person": 4, 
  "role": "FAC", 
  "unit": 4
 }, 
 "model": "coredata.role", 
 "pk": 18
},
{
 "fields": {
  "config": "{}", 
  "person": 8, 
  "role": "FAC", 
  "unit": 4
 }, 
 "model": "coredata.role", 
 "pk": 19
},
{
 "fields": {
  "config": "{}", 
  "person": 5, 
  "role": "FAC", 
  "unit": 4
 }, 
 "model": "coredata.role", 
 "pk": 20
},
{
 "fields": {
  "config": "{}", 
  "person": 3, 
  "role": "FAC", 
  "unit": 4
 }, 
 "model": "coredata.role", 
 "pk": 21
},
{
 "fields": {
  "config": "{}", 
  "person": 15, 
  "role": "FAC", 
  "unit": 4
 }, 
 "model": "coredata.role", 
 "pk": 22
},
{
 "fields": {
  "config": "{}", 
  "person": 16, 
  "role": "SYSA", 
  "unit": 1
 }, 
 "model": "coredata.role", 
 "pk": 23
},
{
 "fields": {
  "config": "{}", 
  "person": 309, 
  "role": "SYSA", 
  "unit": 1
 }, 
 "model": "coredata.role", 
 "pk": 24
},
{
 "fields": {
  "acad_org": "COMP SCI", 
  "config": "{\"deptid\":\"12345\",\"web\":\"http://www.cs.sfu.ca/\",\"fax\":\"778-782-3045\",\"tel\":\"778-782-4277\",\"informal_name\":\"Computing Science\",\"address\":[\"9971 Applied Sciences Building\",\"8888 University Drive, Burnaby, BC\",\"Canada V5A 1S6\"],\"sessional_pay\":10000,\"email\":\"csdept@sfu.ca\"}", 
  "label": "CMPT", 
  "name": "School of Computing Science", 
  "parent": null, 
  "slug": "cmpt"
 }, 
 "model": "coredata.unit", 
 "pk": 4
},
{
 "fields": {
  "acad_org": "ENG SCI", 
  "config": "{}", 
  "label": "ENSC", 
  "name": "School of Engineering Science", 
  "parent": null, 
  "slug": "ensc"
 }, 
 "model": "coredata.unit", 
 "pk": 3
},
{
 "fields": {
  "acad_org": null, 
  "config": "{}", 
  "label": "FAS", 
  "name": "Faculty of Applied Sciences", 
  "parent": 1, 
  "slug": "fas"
 }, 
 "model": "coredata.unit", 
 "pk": 2
},
{
 "fields": {
  "acad_org": null, 
  "config": "{}", 
  "label": "UNIV", 
  "name": "Simon Fraser University", 
  "parent": null, 
  "slug": "univ"
 }, 
 "model": "coredata.unit", 
 "pk": 1
},
{
 "fields": {
  "created_at": "2014-05-30T15:26:43.608", 
  "created_by": "", 
  "description": "MSc Project option", 
  "hidden": false, 
  "label": "MSc Project", 
  "modified_by": null, 
  "slug": "mscproject", 
  "unit": 4, 
  "updated_at": "2014-05-30T15:26:43.608"
 }, 
 "model": "grad.gradprogram", 
 "pk": 1
},
{
 "fields": {
  "created_at": "2014-05-30T15:26:43.867", 
  "created_by": "", 
  "description": "MSc Thesis option", 
  "hidden": false, 
  "label": "MSc Thesis", 
  "modified_by": null, 
  "slug": "mscthesis", 
  "unit": 4, 
  "updated_at": "2014-05-30T15:26:43.867"
 }, 
 "model": "grad.gradprogram", 
 "pk": 2
},
{
 "fields": {
  "created_at": "2014-05-30T15:26:44.100", 
  "created_by": "", 
  "description": "PhD", 
  "hidden": false, 
  "label": "PhD", 
  "modified_by": null, 
  "slug": "phd", 
  "unit": 4, 
  "updated_at": "2014-05-30T15:26:44.100"
 }, 
 "model": "grad.gradprogram", 
 "pk": 3
},
{
 "fields": {
  "created_at": "2014-05-30T15:26:44.468", 
  "created_by": "", 
  "description": "Masters in Engineering", 
  "hidden": false, 
  "label": "MEng", 
  "modified_by": null, 
  "slug": "meng", 
  "unit": 3, 
  "updated_at": "2014-05-30T15:26:44.468"
 }, 
 "model": "grad.gradprogram", 
 "pk": 4
},
{
 "fields": {
  "created_at": "2014-05-30T15:26:44.619", 
  "created_by": "", 
  "description": "PhD", 
  "hidden": false, 
  "label": "PhD", 
  "modified_by": null, 
  "slug": "phd", 
  "unit": 3, 
  "updated_at": "2014-05-30T15:26:44.619"
 }, 
 "model": "grad.gradprogram", 
 "pk": 5
},
{
 "fields": {
  "campus": "VANCR", 
  "comments": "", 
  "config": "{}", 
  "created_at": "2014-05-30T15:26:45.046", 
  "created_by": "", 
  "current_status": "LEAV", 
  "end_semester": null, 
  "english_fluency": "", 
  "is_canadian": null, 
  "modified_by": null, 
  "mother_tongue": "", 
  "passport_issued_by": "", 
  "person": 164, 
  "program": 4, 
  "research_area": "", 
  "slug": "0mmmgrad-meng", 
  "start_semester": 1, 
  "updated_at": "2014-05-30T15:26:45.741"
 }, 
 "model": "grad.gradstudent", 
 "pk": 1
},
{
 "fields": {
  "campus": "GNWC", 
  "comments": "", 
  "config": "{}", 
  "created_at": "2014-05-30T15:26:46.179", 
  "created_by": "", 
  "current_status": "GRAD", 
  "end_semester": 5, 
  "english_fluency": "", 
  "is_canadian": null, 
  "modified_by": null, 
  "mother_tongue": "", 
  "passport_issued_by": "", 
  "person": 98, 
  "program": 3, 
  "research_area": "", 
  "slug": "0ggggrad-phd", 
  "start_semester": 2, 
  "updated_at": "2014-05-30T15:26:47.246"
 }, 
 "model": "grad.gradstudent", 
 "pk": 2
},
{
 "fields": {
  "campus": "VANCR", 
  "comments": "", 
  "config": "{}", 
  "created_at": "2014-05-30T15:26:47.789", 
  "created_by": "", 
  "current_status": "WIDR", 
  "end_semester": 10, 
  "english_fluency": "", 
  "is_canadian": null, 
  "modified_by": null, 
  "mother_tongue": "", 
  "passport_issued_by": "", 
  "person": 241, 
  "program": 1, 
  "research_area": "", 
  "slug": "0tttgrad-mscproject", 
  "start_semester": 7, 
  "updated_at": "2014-05-30T15:26:48.835"
 }, 
 "model": "grad.gradstudent", 
 "pk": 3
},
{
 "fields": {
  "campus": "VANCR", 
  "comments": "", 
  "config": "{}", 
  "created_at": "2014-05-30T15:26:49.321", 
  "created_by": "", 
  "current_status": "LEAV", 
  "end_semester": null, 
  "english_fluency": "", 
  "is_canadian": null, 
  "modified_by": null, 
  "mother_tongue": "", 
  "passport_issued_by": "", 
  "person": 142, 
  "program": 5, 
  "research_area": "", 
  "slug": "0kkkgrad-phd", 
  "start_semester": 10, 
  "updated_at": "2014-05-30T15:26:49.896"
 }, 
 "model": "grad.gradstudent", 
 "pk": 4
},
{
 "fields": {
  "campus": "BRNBY", 
  "comments": "", 
  "config": "{}", 
  "created_at": "2014-05-30T15:26:50.656", 
  "created_by": "", 
  "current_status": "ACTI", 
  "end_semester": null, 
  "english_fluency": "", 
  "is_canadian": null, 
  "modified_by": null, 
  "mother_tongue": "", 
  "passport_issued_by": "", 
  "person": 109, 
  "program": 3, 
  "research_area": "", 
  "slug": "0hhhgrad-phd", 
  "start_semester": 10, 
  "updated_at": "2014-05-30T15:26:51.249"
 }, 
 "model": "grad.gradstudent", 
 "pk": 5
},
{
 "fields": {
  "campus": "BRNBY", 
  "comments": "", 
  "config": "{}", 
  "created_at": "2014-05-30T15:26:52.019", 
  "created_by": "", 
  "current_status": "ACTI", 
  "end_semester": null, 
  "english_fluency": "", 
  "is_canadian": null, 
  "modified_by": null, 
  "mother_tongue": "", 
  "passport_issued_by": "", 
  "person": 76, 
  "program": 4, 
  "research_area": "", 
  "slug": "0eeegrad-meng", 
  "start_semester": 8, 
  "updated_at": "2014-05-30T15:26:52.722"
 }, 
 "model": "grad.gradstudent", 
 "pk": 6
},
{
 "fields": {
  "campus": "SURRY", 
  "comments": "", 
  "config": "{}", 
  "created_at": "2014-05-30T15:26:53.283", 
  "created_by": "", 
  "current_status": "ACTI", 
  "end_semester": null, 
  "english_fluency": "", 
  "is_canadian": null, 
  "modified_by": null, 
  "mother_tongue": "", 
  "passport_issued_by": "", 
  "person": 252, 
  "program": 5, 
  "research_area": "", 
  "slug": "0uuugrad-phd", 
  "start_semester": 8, 
  "updated_at": "2014-05-30T15:26:53.998"
 }, 
 "model": "grad.gradstudent", 
 "pk": 7
},
{
 "fields": {
  "campus": "SURRY", 
  "comments": "", 
  "config": "{}", 
  "created_at": "2014-05-30T15:26:54.495", 
  "created_by": "", 
  "current_status": "GRAD", 
  "end_semester": 9, 
  "english_fluency": "", 
  "is_canadian": null, 
  "modified_by": null, 
  "mother_tongue": "", 
  "passport_issued_by": "", 
  "person": 54, 
  "program": 5, 
  "research_area": "", 
  "slug": "0cccgrad-phd", 
  "start_semester": 7, 
  "updated_at": "2014-05-30T15:26:55.579"
 }, 
 "model": "grad.gradstudent", 
 "pk": 8
},
{
 "fields": {
  "campus": "OFFST", 
  "comments": "", 
  "config": "{}", 
  "created_at": "2014-05-30T15:26:56.156", 
  "created_by": "", 
  "current_status": "LEAV", 
  "end_semester": null, 
  "english_fluency": "", 
  "is_canadian": null, 
  "modified_by": null, 
  "mother_tongue": "", 
  "passport_issued_by": "", 
  "person": 186, 
  "program": 3, 
  "research_area": "", 
  "slug": "0ooograd-phd", 
  "start_semester": 1, 
  "updated_at": "2014-05-30T15:26:56.925"
 }, 
 "model": "grad.gradstudent", 
 "pk": 9
},
{
 "fields": {
  "campus": "OFFST", 
  "comments": "", 
  "config": "{}", 
  "created_at": "2014-05-30T15:26:57.061", 
  "created_by": "", 
  "current_status": "WIDR", 
  "end_semester": 11, 
  "english_fluency": "", 
  "is_canadian": null, 
  "modified_by": null, 
  "mother_tongue": "", 
  "passport_issued_by": "", 
  "person": 208, 
  "program": 1, 
  "research_area": "", 
  "slug": "0qqqgrad-mscproject", 
  "start_semester": 9, 
  "updated_at": "2014-05-30T15:26:58.624"
 }, 
 "model": "grad.gradstudent", 
 "pk": 10
},
{
 "fields": {
  "campus": "BRNBY", 
  "comments": "", 
  "config": "{}", 
  "created_at": "2014-05-30T15:26:59.203", 
  "created_by": "", 
  "current_status": "ACTI", 
  "end_semester": null, 
  "english_fluency": "", 
  "is_canadian": null, 
  "modified_by": null, 
  "mother_tongue": "", 
  "passport_issued_by": "", 
  "person": 131, 
  "program": 2, 
  "research_area": "", 
  "slug": "0jjjgrad-mscthesis", 
  "start_semester": 9, 
  "updated_at": "2014-05-30T15:26:59.912"
 }, 
 "model": "grad.gradstudent", 
 "pk": 11
},
{
 "fields": {
  "campus": "GNWC", 
  "comments": "", 
  "config": "{}", 
  "created_at": "2014-05-30T15:27:00.551", 
  "created_by": "", 
  "current_status": "GRAD", 
  "end_semester": 4, 
  "english_fluency": "", 
  "is_canadian": null, 
  "modified_by": null, 
  "mother_tongue": "", 
  "passport_issued_by": "", 
  "person": 120, 
  "program": 4, 
  "research_area": "", 
  "slug": "0iiigrad-meng", 
  "start_semester": 1, 
  "updated_at": "2014-05-30T15:27:01.657"
 }, 
 "model": "grad.gradstudent", 
 "pk": 12
},
{
 "fields": {
  "campus": "METRO", 
  "comments": "", 
  "config": "{}", 
  "created_at": "2014-05-30T15:27:02.303", 
  "created_by": "", 
  "current_status": "LEAV", 
  "end_semester": null, 
  "english_fluency": "", 
  "is_canadian": null, 
  "modified_by": null, 
  "mother_tongue": "", 
  "passport_issued_by": "", 
  "person": 32, 
  "program": 4, 
  "research_area": "", 
  "slug": "0aaagrad-meng", 
  "start_semester": 8, 
  "updated_at": "2014-05-30T15:27:03.122"
 }, 
 "model": "grad.gradstudent", 
 "pk": 13
},
{
 "fields": {
  "campus": "OFFST", 
  "comments": "", 
  "config": "{}", 
  "created_at": "2014-05-30T15:27:03.648", 
  "created_by": "", 
  "current_status": "GRAD", 
  "end_semester": 10, 
  "english_fluency": "", 
  "is_canadian": null, 
  "modified_by": null, 
  "mother_tongue": "", 
  "passport_issued_by": "", 
  "person": 197, 
  "program": 1, 
  "research_area": "", 
  "slug": "0pppgrad-mscproject", 
  "start_semester": 7, 
  "updated_at": "2014-05-30T15:27:04.863"
 }, 
 "model": "grad.gradstudent", 
 "pk": 14
},
{
 "fields": {
  "campus": "OFFST", 
  "comments": "", 
  "config": "{}", 
  "created_at": "2014-05-30T15:27:05.370", 
  "created_by": "", 
  "current_status": "LEAV", 
  "end_semester": null, 
  "english_fluency": "", 
  "is_canadian": null, 
  "modified_by": null, 
  "mother_tongue": "", 
  "passport_issued_by": "", 
  "person": 263, 
  "program": 3, 
  "research_area": "", 
  "slug": "0vvvgrad-phd", 
  "start_semester": 10, 
  "updated_at": "2014-05-30T15:27:06.080"
 }, 
 "model": "grad.gradstudent", 
 "pk": 15
},
{
 "fields": {
  "campus": "METRO", 
  "comments": "", 
  "config": "{}", 
  "created_at": "2014-05-30T15:27:06.991", 
  "created_by": "", 
  "current_status": "WIDR", 
  "end_semester": 10, 
  "english_fluency": "", 
  "is_canadian": null, 
  "modified_by": null, 
  "mother_tongue": "", 
  "passport_issued_by": "", 
  "person": 219, 
  "program": 3, 
  "research_area": "", 
  "slug": "0rrrgrad-phd", 
  "start_semester": 7, 
  "updated_at": "2014-05-30T15:27:08.242"
 }, 
 "model": "grad.gradstudent", 
 "pk": 16
},
{
 "fields": {
  "campus": "VANCR", 
  "comments": "", 
  "config": "{}", 
  "created_at": "2014-05-30T15:27:08.745", 
  "created_by": "", 
  "current_status": "ACTI", 
  "end_semester": null, 
  "english_fluency": "", 
  "is_canadian": null, 
  "modified_by": null, 
  "mother_tongue": "", 
  "passport_issued_by": "", 
  "person": 285, 
  "program": 2, 
  "research_area": "", 
  "slug": "0xxxgrad-mscthesis", 
  "start_semester": 9, 
  "updated_at": "2014-05-30T15:27:09.401"
 }, 
 "model": "grad.gradstudent", 
 "pk": 17
},
{
 "fields": {
  "campus": "VANCR", 
  "comments": "", 
  "config": "{}", 
  "created_at": "2014-05-30T15:27:09.903", 
  "created_by": "", 
  "current_status": "LEAV", 
  "end_semester": null, 
  "english_fluency": "", 
  "is_canadian": null, 
  "modified_by": null, 
  "mother_tongue": "", 
  "passport_issued_by": "", 
  "person": 65, 
  "program": 4, 
  "research_area": "", 
  "slug": "0dddgrad-meng", 
  "start_semester": 8, 
  "updated_at": "2014-05-30T15:27:10.590"
 }, 
 "model": "grad.gradstudent", 
 "pk": 18
},
{
 "fields": {
  "campus": "GNWC", 
  "comments": "", 
  "config": "{}", 
  "created_at": "2014-05-30T15:27:11.109", 
  "created_by": "", 
  "current_status": "GRAD", 
  "end_semester": 8, 
  "english_fluency": "", 
  "is_canadian": null, 
  "modified_by": null, 
  "mother_tongue": "", 
  "passport_issued_by": "", 
  "person": 307, 
  "program": 1, 
  "research_area": "", 
  "slug": "0zzzgrad-mscproject", 
  "start_semester": 5, 
  "updated_at": "2014-05-30T15:27:12.293"
 }, 
 "model": "grad.gradstudent", 
 "pk": 19
},
{
 "fields": {
  "campus": "SURRY", 
  "comments": "", 
  "config": "{}", 
  "created_at": "2014-05-30T15:27:12.826", 
  "created_by": "", 
  "current_status": "ACTI", 
  "end_semester": null, 
  "english_fluency": "", 
  "is_canadian": null, 
  "modified_by": null, 
  "mother_tongue": "", 
  "passport_issued_by": "", 
  "person": 87, 
  "program": 2, 
  "research_area": "", 
  "slug": "0fffgrad-mscthesis", 
  "start_semester": 3, 
  "updated_at": "2014-05-30T15:27:13.484"
 }, 
 "model": "grad.gradstudent", 
 "pk": 20
},
{
 "fields": {
  "campus": "OFFST", 
  "comments": "", 
  "config": "{}", 
  "created_at": "2014-05-30T15:27:13.626", 
  "created_by": "", 
  "current_status": "ACTI", 
  "end_semester": null, 
  "english_fluency": "", 
  "is_canadian": null, 
  "modified_by": null, 
  "mother_tongue": "", 
  "passport_issued_by": "", 
  "person": 43, 
  "program": 1, 
  "research_area": "", 
  "slug": "0bbbgrad-mscproject", 
  "start_semester": 6, 
  "updated_at": "2014-05-30T15:27:14.253"
 }, 
 "model": "grad.gradstudent", 
 "pk": 21
},
{
 "fields": {
  "campus": "OFFST", 
  "comments": "", 
  "config": "{}", 
  "created_at": "2014-05-30T15:27:14.895", 
  "created_by": "", 
  "current_status": "GRAD", 
  "end_semester": 10, 
  "english_fluency": "", 
  "is_canadian": null, 
  "modified_by": null, 
  "mother_tongue": "", 
  "passport_issued_by": "", 
  "person": 296, 
  "program": 3, 
  "research_area": "", 
  "slug": "0yyygrad-phd", 
  "start_semester": 8, 
  "updated_at": "2014-05-30T15:27:15.983"
 }, 
 "model": "grad.gradstudent", 
 "pk": 22
},
{
 "fields": {
  "campus": "OFFST", 
  "comments": "", 
  "config": "{}", 
  "created_at": "2014-05-30T15:27:16.596", 
  "created_by": "", 
  "current_status": "WIDR", 
  "end_semester": 11, 
  "english_fluency": "", 
  "is_canadian": null, 
  "modified_by": null, 
  "mother_tongue": "", 
  "passport_issued_by": "", 
  "person": 175, 
  "program": 2, 
  "research_area": "", 
  "slug": "0nnngrad-mscthesis", 
  "start_semester": 8, 
  "updated_at": "2014-05-30T15:27:17.716"
 }, 
 "model": "grad.gradstudent", 
 "pk": 23
},
{
 "fields": {
  "campus": "VANCR", 
  "comments": "", 
  "config": "{}", 
  "created_at": "2014-05-30T15:27:18.362", 
  "created_by": "", 
  "current_status": "ACTI", 
  "end_semester": null, 
  "english_fluency": "", 
  "is_canadian": null, 
  "modified_by": null, 
  "mother_tongue": "", 
  "passport_issued_by": "", 
  "person": 274, 
  "program": 1, 
  "research_area": "", 
  "slug": "0wwwgrad-mscproject", 
  "start_semester": 5, 
  "updated_at": "2014-05-30T15:27:19.059"
 }, 
 "model": "grad.gradstudent", 
 "pk": 24
},
{
 "fields": {
  "campus": "GNWC", 
  "comments": "", 
  "config": "{}", 
  "created_at": "2014-05-30T15:27:19.543", 
  "created_by": "", 
  "current_status": "LEAV", 
  "end_semester": null, 
  "english_fluency": "", 
  "is_canadian": null, 
  "modified_by": null, 
  "mother_tongue": "", 
  "passport_issued_by": "", 
  "person": 230, 
  "program": 2, 
  "research_area": "", 
  "slug": "0sssgrad-mscthesis", 
  "start_semester": 8, 
  "updated_at": "2014-05-30T15:27:20.312"
 }, 
 "model": "grad.gradstudent", 
 "pk": 25
},
{
 "fields": {
  "campus": "METRO", 
  "comments": "", 
  "config": "{}", 
  "created_at": "2014-05-30T15:27:20.830", 
  "created_by": "", 
  "current_status": "ACTI", 
  "end_semester": null, 
  "english_fluency": "", 
  "is_canadian": null, 
  "modified_by": null, 
  "mother_tongue": "", 
  "passport_issued_by": "", 
  "person": 153, 
  "program": 2, 
  "research_area": "", 
  "slug": "0lllgrad-mscthesis", 
  "start_semester": 3, 
  "updated_at": "2014-05-30T15:27:21.503"
 }, 
 "model": "grad.gradstudent", 
 "pk": 26
},
{
 "fields": {
  "created_at": "2014-05-30T15:26:45.188", 
  "end": 2, 
  "hidden": false, 
  "notes": "", 
  "start": 1, 
  "start_date": "2014-05-30", 
  "status": "COMP", 
  "student": 1, 
  "updated_at": "2014-05-30T15:26:45.625"
 }, 
 "model": "grad.gradstatus", 
 "pk": 1
},
{
 "fields": {
  "created_at": "2014-05-30T15:26:45.500", 
  "end": null, 
  "hidden": false, 
  "notes": "", 
  "start": 2, 
  "start_date": null, 
  "status": "LEAV", 
  "student": 1, 
  "updated_at": "2014-05-30T15:26:45.500"
 }, 
 "model": "grad.gradstatus", 
 "pk": 2
},
{
 "fields": {
  "created_at": "2014-05-30T15:26:46.327", 
  "end": 3, 
  "hidden": false, 
  "notes": "", 
  "start": 2, 
  "start_date": "2014-05-30", 
  "status": "COMP", 
  "student": 2, 
  "updated_at": "2014-05-30T15:26:46.708"
 }, 
 "model": "grad.gradstatus", 
 "pk": 3
},
{
 "fields": {
  "created_at": "2014-05-30T15:26:46.597", 
  "end": 5, 
  "hidden": false, 
  "notes": "", 
  "start": 3, 
  "start_date": null, 
  "status": "LEAV", 
  "student": 2, 
  "updated_at": "2014-05-30T15:26:47.102"
 }, 
 "model": "grad.gradstatus", 
 "pk": 4
},
{
 "fields": {
  "created_at": "2014-05-30T15:26:46.946", 
  "end": null, 
  "hidden": false, 
  "notes": "", 
  "start": 5, 
  "start_date": null, 
  "status": "GRAD", 
  "student": 2, 
  "updated_at": "2014-05-30T15:26:46.946"
 }, 
 "model": "grad.gradstatus", 
 "pk": 5
},
{
 "fields": {
  "created_at": "2014-05-30T15:26:47.908", 
  "end": 8, 
  "hidden": false, 
  "notes": "", 
  "start": 7, 
  "start_date": "2014-05-30", 
  "status": "COMP", 
  "student": 3, 
  "updated_at": "2014-05-30T15:26:48.284"
 }, 
 "model": "grad.gradstatus", 
 "pk": 6
},
{
 "fields": {
  "created_at": "2014-05-30T15:26:48.156", 
  "end": 10, 
  "hidden": false, 
  "notes": "", 
  "start": 8, 
  "start_date": null, 
  "status": "LEAV", 
  "student": 3, 
  "updated_at": "2014-05-30T15:26:48.685"
 }, 
 "model": "grad.gradstatus", 
 "pk": 7
},
{
 "fields": {
  "created_at": "2014-05-30T15:26:48.560", 
  "end": null, 
  "hidden": false, 
  "notes": "", 
  "start": 10, 
  "start_date": null, 
  "status": "WIDR", 
  "student": 3, 
  "updated_at": "2014-05-30T15:26:48.560"
 }, 
 "model": "grad.gradstatus", 
 "pk": 8
},
{
 "fields": {
  "created_at": "2014-05-30T15:26:49.439", 
  "end": 11, 
  "hidden": false, 
  "notes": "", 
  "start": 10, 
  "start_date": "2014-05-30", 
  "status": "COMP", 
  "student": 4, 
  "updated_at": "2014-05-30T15:26:49.775"
 }, 
 "model": "grad.gradstatus", 
 "pk": 9
},
{
 "fields": {
  "created_at": "2014-05-30T15:26:49.664", 
  "end": 13, 
  "hidden": false, 
  "notes": "", 
  "start": 11, 
  "start_date": null, 
  "status": "LEAV", 
  "student": 4, 
  "updated_at": "2014-05-30T15:26:50.118"
 }, 
 "model": "grad.gradstatus", 
 "pk": 10
},
{
 "fields": {
  "created_at": "2014-05-30T15:26:50.006", 
  "end": null, 
  "hidden": false, 
  "notes": "", 
  "start": 13, 
  "start_date": null, 
  "status": "GRAD", 
  "student": 4, 
  "updated_at": "2014-05-30T15:26:50.006"
 }, 
 "model": "grad.gradstatus", 
 "pk": 11
},
{
 "fields": {
  "created_at": "2014-05-30T15:26:50.768", 
  "end": 10, 
  "hidden": false, 
  "notes": "", 
  "start": 9, 
  "start_date": "2014-05-30", 
  "status": "COMP", 
  "student": 5, 
  "updated_at": "2014-05-30T15:26:51.132"
 }, 
 "model": "grad.gradstatus", 
 "pk": 12
},
{
 "fields": {
  "created_at": "2014-05-30T15:26:51.008", 
  "end": 12, 
  "hidden": false, 
  "notes": "", 
  "start": 10, 
  "start_date": null, 
  "status": "ACTI", 
  "student": 5, 
  "updated_at": "2014-05-30T15:26:51.495"
 }, 
 "model": "grad.gradstatus", 
 "pk": 13
},
{
 "fields": {
  "created_at": "2014-05-30T15:26:51.370", 
  "end": null, 
  "hidden": false, 
  "notes": "", 
  "start": 12, 
  "start_date": null, 
  "status": "GRAD", 
  "student": 5, 
  "updated_at": "2014-05-30T15:26:51.370"
 }, 
 "model": "grad.gradstatus", 
 "pk": 14
},
{
 "fields": {
  "created_at": "2014-05-30T15:26:52.137", 
  "end": 8, 
  "hidden": false, 
  "notes": "", 
  "start": 7, 
  "start_date": "2014-05-30", 
  "status": "COMP", 
  "student": 6, 
  "updated_at": "2014-05-30T15:26:52.548"
 }, 
 "model": "grad.gradstatus", 
 "pk": 15
},
{
 "fields": {
  "created_at": "2014-05-30T15:26:52.380", 
  "end": null, 
  "hidden": false, 
  "notes": "", 
  "start": 8, 
  "start_date": null, 
  "status": "ACTI", 
  "student": 6, 
  "updated_at": "2014-05-30T15:26:52.380"
 }, 
 "model": "grad.gradstatus", 
 "pk": 16
},
{
 "fields": {
  "created_at": "2014-05-30T15:26:53.417", 
  "end": 8, 
  "hidden": false, 
  "notes": "", 
  "start": 7, 
  "start_date": "2014-05-30", 
  "status": "COMP", 
  "student": 7, 
  "updated_at": "2014-05-30T15:26:53.835"
 }, 
 "model": "grad.gradstatus", 
 "pk": 17
},
{
 "fields": {
  "created_at": "2014-05-30T15:26:53.668", 
  "end": null, 
  "hidden": false, 
  "notes": "", 
  "start": 8, 
  "start_date": null, 
  "status": "ACTI", 
  "student": 7, 
  "updated_at": "2014-05-30T15:26:53.668"
 }, 
 "model": "grad.gradstatus", 
 "pk": 18
},
{
 "fields": {
  "created_at": "2014-05-30T15:26:54.617", 
  "end": 7, 
  "hidden": false, 
  "notes": "", 
  "start": 6, 
  "start_date": "2014-05-30", 
  "status": "COMP", 
  "student": 8, 
  "updated_at": "2014-05-30T15:26:54.987"
 }, 
 "model": "grad.gradstatus", 
 "pk": 19
},
{
 "fields": {
  "created_at": "2014-05-30T15:26:54.849", 
  "end": 9, 
  "hidden": false, 
  "notes": "", 
  "start": 7, 
  "start_date": null, 
  "status": "ACTI", 
  "student": 8, 
  "updated_at": "2014-05-30T15:26:55.429"
 }, 
 "model": "grad.gradstatus", 
 "pk": 20
},
{
 "fields": {
  "created_at": "2014-05-30T15:26:55.265", 
  "end": null, 
  "hidden": false, 
  "notes": "", 
  "start": 9, 
  "start_date": null, 
  "status": "GRAD", 
  "student": 8, 
  "updated_at": "2014-05-30T15:26:55.265"
 }, 
 "model": "grad.gradstatus", 
 "pk": 21
},
{
 "fields": {
  "created_at": "2014-05-30T15:26:56.342", 
  "end": 2, 
  "hidden": false, 
  "notes": "", 
  "start": 1, 
  "start_date": "2014-05-30", 
  "status": "COMP", 
  "student": 9, 
  "updated_at": "2014-05-30T15:26:56.767"
 }, 
 "model": "grad.gradstatus", 
 "pk": 22
},
{
 "fields": {
  "created_at": "2014-05-30T15:26:56.633", 
  "end": null, 
  "hidden": false, 
  "notes": "", 
  "start": 2, 
  "start_date": null, 
  "status": "LEAV", 
  "student": 9, 
  "updated_at": "2014-05-30T15:26:56.633"
 }, 
 "model": "grad.gradstatus", 
 "pk": 23
},
{
 "fields": {
  "created_at": "2014-05-30T15:26:57.311", 
  "end": 9, 
  "hidden": false, 
  "notes": "", 
  "start": 8, 
  "start_date": "2014-05-30", 
  "status": "COMP", 
  "student": 10, 
  "updated_at": "2014-05-30T15:26:57.985"
 }, 
 "model": "grad.gradstatus", 
 "pk": 24
},
{
 "fields": {
  "created_at": "2014-05-30T15:26:57.807", 
  "end": 11, 
  "hidden": false, 
  "notes": "", 
  "start": 9, 
  "start_date": null, 
  "status": "ACTI", 
  "student": 10, 
  "updated_at": "2014-05-30T15:26:58.443"
 }, 
 "model": "grad.gradstatus", 
 "pk": 25
},
{
 "fields": {
  "created_at": "2014-05-30T15:26:58.302", 
  "end": null, 
  "hidden": false, 
  "notes": "", 
  "start": 11, 
  "start_date": null, 
  "status": "WIDR", 
  "student": 10, 
  "updated_at": "2014-05-30T15:26:58.302"
 }, 
 "model": "grad.gradstatus", 
 "pk": 26
},
{
 "fields": {
  "created_at": "2014-05-30T15:26:59.321", 
  "end": 9, 
  "hidden": false, 
  "notes": "", 
  "start": 8, 
  "start_date": "2014-05-30", 
  "status": "COMP", 
  "student": 11, 
  "updated_at": "2014-05-30T15:26:59.775"
 }, 
 "model": "grad.gradstatus", 
 "pk": 27
},
{
 "fields": {
  "created_at": "2014-05-30T15:26:59.653", 
  "end": null, 
  "hidden": false, 
  "notes": "", 
  "start": 9, 
  "start_date": null, 
  "status": "ACTI", 
  "student": 11, 
  "updated_at": "2014-05-30T15:26:59.653"
 }, 
 "model": "grad.gradstatus", 
 "pk": 28
},
{
 "fields": {
  "created_at": "2014-05-30T15:27:00.691", 
  "end": 2, 
  "hidden": false, 
  "notes": "", 
  "start": 1, 
  "start_date": "2014-05-30", 
  "status": "COMP", 
  "student": 12, 
  "updated_at": "2014-05-30T15:27:01.126"
 }, 
 "model": "grad.gradstatus", 
 "pk": 29
},
{
 "fields": {
  "created_at": "2014-05-30T15:27:00.981", 
  "end": 4, 
  "hidden": false, 
  "notes": "", 
  "start": 2, 
  "start_date": null, 
  "status": "LEAV", 
  "student": 12, 
  "updated_at": "2014-05-30T15:27:01.507"
 }, 
 "model": "grad.gradstatus", 
 "pk": 30
},
{
 "fields": {
  "created_at": "2014-05-30T15:27:01.385", 
  "end": null, 
  "hidden": false, 
  "notes": "", 
  "start": 4, 
  "start_date": null, 
  "status": "GRAD", 
  "student": 12, 
  "updated_at": "2014-05-30T15:27:01.385"
 }, 
 "model": "grad.gradstatus", 
 "pk": 31
},
{
 "fields": {
  "created_at": "2014-05-30T15:27:02.485", 
  "end": 9, 
  "hidden": false, 
  "notes": "", 
  "start": 8, 
  "start_date": "2014-05-30", 
  "status": "COMP", 
  "student": 13, 
  "updated_at": "2014-05-30T15:27:02.980"
 }, 
 "model": "grad.gradstatus", 
 "pk": 32
},
{
 "fields": {
  "created_at": "2014-05-30T15:27:02.744", 
  "end": null, 
  "hidden": false, 
  "notes": "", 
  "start": 9, 
  "start_date": null, 
  "status": "LEAV", 
  "student": 13, 
  "updated_at": "2014-05-30T15:27:02.744"
 }, 
 "model": "grad.gradstatus", 
 "pk": 33
},
{
 "fields": {
  "created_at": "2014-05-30T15:27:03.825", 
  "end": 8, 
  "hidden": false, 
  "notes": "", 
  "start": 7, 
  "start_date": "2014-05-30", 
  "status": "COMP", 
  "student": 14, 
  "updated_at": "2014-05-30T15:27:04.278"
 }, 
 "model": "grad.gradstatus", 
 "pk": 34
},
{
 "fields": {
  "created_at": "2014-05-30T15:27:04.132", 
  "end": 10, 
  "hidden": false, 
  "notes": "", 
  "start": 8, 
  "start_date": null, 
  "status": "LEAV", 
  "student": 14, 
  "updated_at": "2014-05-30T15:27:04.711"
 }, 
 "model": "grad.gradstatus", 
 "pk": 35
},
{
 "fields": {
  "created_at": "2014-05-30T15:27:04.577", 
  "end": null, 
  "hidden": false, 
  "notes": "", 
  "start": 10, 
  "start_date": null, 
  "status": "GRAD", 
  "student": 14, 
  "updated_at": "2014-05-30T15:27:04.577"
 }, 
 "model": "grad.gradstatus", 
 "pk": 36
},
{
 "fields": {
  "created_at": "2014-05-30T15:27:05.484", 
  "end": 11, 
  "hidden": false, 
  "notes": "", 
  "start": 10, 
  "start_date": "2014-05-30", 
  "status": "COMP", 
  "student": 15, 
  "updated_at": "2014-05-30T15:27:05.948"
 }, 
 "model": "grad.gradstatus", 
 "pk": 37
},
{
 "fields": {
  "created_at": "2014-05-30T15:27:05.767", 
  "end": null, 
  "hidden": false, 
  "notes": "", 
  "start": 11, 
  "start_date": null, 
  "status": "LEAV", 
  "student": 15, 
  "updated_at": "2014-05-30T15:27:05.767"
 }, 
 "model": "grad.gradstatus", 
 "pk": 38
},
{
 "fields": {
  "created_at": "2014-05-30T15:27:07.133", 
  "end": 8, 
  "hidden": false, 
  "notes": "", 
  "start": 7, 
  "start_date": "2014-05-30", 
  "status": "COMP", 
  "student": 16, 
  "updated_at": "2014-05-30T15:27:07.610"
 }, 
 "model": "grad.gradstatus", 
 "pk": 39
},
{
 "fields": {
  "created_at": "2014-05-30T15:27:07.491", 
  "end": 10, 
  "hidden": false, 
  "notes": "", 
  "start": 8, 
  "start_date": null, 
  "status": "LEAV", 
  "student": 16, 
  "updated_at": "2014-05-30T15:27:08.111"
 }, 
 "model": "grad.gradstatus", 
 "pk": 40
},
{
 "fields": {
  "created_at": "2014-05-30T15:27:07.884", 
  "end": null, 
  "hidden": false, 
  "notes": "", 
  "start": 10, 
  "start_date": null, 
  "status": "WIDR", 
  "student": 16, 
  "updated_at": "2014-05-30T15:27:07.884"
 }, 
 "model": "grad.gradstatus", 
 "pk": 41
},
{
 "fields": {
  "created_at": "2014-05-30T15:27:08.857", 
  "end": 9, 
  "hidden": false, 
  "notes": "", 
  "start": 8, 
  "start_date": "2014-05-30", 
  "status": "COMP", 
  "student": 17, 
  "updated_at": "2014-05-30T15:27:09.272"
 }, 
 "model": "grad.gradstatus", 
 "pk": 42
},
{
 "fields": {
  "created_at": "2014-05-30T15:27:09.148", 
  "end": null, 
  "hidden": false, 
  "notes": "", 
  "start": 9, 
  "start_date": null, 
  "status": "ACTI", 
  "student": 17, 
  "updated_at": "2014-05-30T15:27:09.148"
 }, 
 "model": "grad.gradstatus", 
 "pk": 43
},
{
 "fields": {
  "created_at": "2014-05-30T15:27:10.054", 
  "end": 9, 
  "hidden": false, 
  "notes": "", 
  "start": 8, 
  "start_date": "2014-05-30", 
  "status": "COMP", 
  "student": 18, 
  "updated_at": "2014-05-30T15:27:10.465"
 }, 
 "model": "grad.gradstatus", 
 "pk": 44
},
{
 "fields": {
  "created_at": "2014-05-30T15:27:10.323", 
  "end": null, 
  "hidden": false, 
  "notes": "", 
  "start": 9, 
  "start_date": null, 
  "status": "LEAV", 
  "student": 18, 
  "updated_at": "2014-05-30T15:27:10.323"
 }, 
 "model": "grad.gradstatus", 
 "pk": 45
},
{
 "fields": {
  "created_at": "2014-05-30T15:27:11.312", 
  "end": 6, 
  "hidden": false, 
  "notes": "", 
  "start": 5, 
  "start_date": "2014-05-30", 
  "status": "COMP", 
  "student": 19, 
  "updated_at": "2014-05-30T15:27:11.771"
 }, 
 "model": "grad.gradstatus", 
 "pk": 46
},
{
 "fields": {
  "created_at": "2014-05-30T15:27:11.594", 
  "end": 8, 
  "hidden": false, 
  "notes": "", 
  "start": 6, 
  "start_date": null, 
  "status": "LEAV", 
  "student": 19, 
  "updated_at": "2014-05-30T15:27:12.139"
 }, 
 "model": "grad.gradstatus", 
 "pk": 47
},
{
 "fields": {
  "created_at": "2014-05-30T15:27:12.006", 
  "end": null, 
  "hidden": false, 
  "notes": "", 
  "start": 8, 
  "start_date": null, 
  "status": "GRAD", 
  "student": 19, 
  "updated_at": "2014-05-30T15:27:12.006"
 }, 
 "model": "grad.gradstatus", 
 "pk": 48
},
{
 "fields": {
  "created_at": "2014-05-30T15:27:12.961", 
  "end": 3, 
  "hidden": false, 
  "notes": "", 
  "start": 2, 
  "start_date": "2014-05-30", 
  "status": "COMP", 
  "student": 20, 
  "updated_at": "2014-05-30T15:27:13.343"
 }, 
 "model": "grad.gradstatus", 
 "pk": 49
},
{
 "fields": {
  "created_at": "2014-05-30T15:27:13.208", 
  "end": null, 
  "hidden": false, 
  "notes": "", 
  "start": 3, 
  "start_date": null, 
  "status": "ACTI", 
  "student": 20, 
  "updated_at": "2014-05-30T15:27:13.208"
 }, 
 "model": "grad.gradstatus", 
 "pk": 50
},
{
 "fields": {
  "created_at": "2014-05-30T15:27:13.735", 
  "end": 6, 
  "hidden": false, 
  "notes": "", 
  "start": 5, 
  "start_date": "2014-05-30", 
  "status": "COMP", 
  "student": 21, 
  "updated_at": "2014-05-30T15:27:14.116"
 }, 
 "model": "grad.gradstatus", 
 "pk": 51
},
{
 "fields": {
  "created_at": "2014-05-30T15:27:13.992", 
  "end": null, 
  "hidden": false, 
  "notes": "", 
  "start": 6, 
  "start_date": null, 
  "status": "ACTI", 
  "student": 21, 
  "updated_at": "2014-05-30T15:27:13.992"
 }, 
 "model": "grad.gradstatus", 
 "pk": 52
},
{
 "fields": {
  "created_at": "2014-05-30T15:27:15.031", 
  "end": 8, 
  "hidden": false, 
  "notes": "", 
  "start": 7, 
  "start_date": "2014-05-30", 
  "status": "COMP", 
  "student": 22, 
  "updated_at": "2014-05-30T15:27:15.457"
 }, 
 "model": "grad.gradstatus", 
 "pk": 53
},
{
 "fields": {
  "created_at": "2014-05-30T15:27:15.330", 
  "end": 10, 
  "hidden": false, 
  "notes": "", 
  "start": 8, 
  "start_date": null, 
  "status": "ACTI", 
  "student": 22, 
  "updated_at": "2014-05-30T15:27:15.809"
 }, 
 "model": "grad.gradstatus", 
 "pk": 54
},
{
 "fields": {
  "created_at": "2014-05-30T15:27:15.692", 
  "end": null, 
  "hidden": false, 
  "notes": "", 
  "start": 10, 
  "start_date": null, 
  "status": "GRAD", 
  "student": 22, 
  "updated_at": "2014-05-30T15:27:15.692"
 }, 
 "model": "grad.gradstatus", 
 "pk": 55
},
{
 "fields": {
  "created_at": "2014-05-30T15:27:16.714", 
  "end": 9, 
  "hidden": false, 
  "notes": "", 
  "start": 8, 
  "start_date": "2014-05-30", 
  "status": "COMP", 
  "student": 23, 
  "updated_at": "2014-05-30T15:27:17.116"
 }, 
 "model": "grad.gradstatus", 
 "pk": 56
},
{
 "fields": {
  "created_at": "2014-05-30T15:27:16.985", 
  "end": 11, 
  "hidden": false, 
  "notes": "", 
  "start": 9, 
  "start_date": null, 
  "status": "LEAV", 
  "student": 23, 
  "updated_at": "2014-05-30T15:27:17.516"
 }, 
 "model": "grad.gradstatus", 
 "pk": 57
},
{
 "fields": {
  "created_at": "2014-05-30T15:27:17.392", 
  "end": null, 
  "hidden": false, 
  "notes": "", 
  "start": 11, 
  "start_date": null, 
  "status": "WIDR", 
  "student": 23, 
  "updated_at": "2014-05-30T15:27:17.392"
 }, 
 "model": "grad.gradstatus", 
 "pk": 58
},
{
 "fields": {
  "created_at": "2014-05-30T15:27:18.489", 
  "end": 5, 
  "hidden": false, 
  "notes": "", 
  "start": 4, 
  "start_date": "2014-05-30", 
  "status": "COMP", 
  "student": 24, 
  "updated_at": "2014-05-30T15:27:18.872"
 }, 
 "model": "grad.gradstatus", 
 "pk": 59
},
{
 "fields": {
  "created_at": "2014-05-30T15:27:18.755", 
  "end": null, 
  "hidden": false, 
  "notes": "", 
  "start": 5, 
  "start_date": null, 
  "status": "ACTI", 
  "student": 24, 
  "updated_at": "2014-05-30T15:27:18.755"
 }, 
 "model": "grad.gradstatus", 
 "pk": 60
},
{
 "fields": {
  "created_at": "2014-05-30T15:27:19.761", 
  "end": 9, 
  "hidden": false, 
  "notes": "", 
  "start": 8, 
  "start_date": "2014-05-30", 
  "status": "COMP", 
  "student": 25, 
  "updated_at": "2014-05-30T15:27:20.172"
 }, 
 "model": "grad.gradstatus", 
 "pk": 61
},
{
 "fields": {
  "created_at": "2014-05-30T15:27:20.077", 
  "end": null, 
  "hidden": false, 
  "notes": "", 
  "start": 9, 
  "start_date": null, 
  "status": "LEAV", 
  "student": 25, 
  "updated_at": "2014-05-30T15:27:20.077"
 }, 
 "model": "grad.gradstatus", 
 "pk": 62
},
{
 "fields": {
  "created_at": "2014-05-30T15:27:20.951", 
  "end": 3, 
  "hidden": false, 
  "notes": "", 
  "start": 2, 
  "start_date": "2014-05-30", 
  "status": "COMP", 
  "student": 26, 
  "updated_at": "2014-05-30T15:27:21.383"
 }, 
 "model": "grad.gradstatus", 
 "pk": 63
},
{
 "fields": {
  "created_at": "2014-05-30T15:27:21.251", 
  "end": null, 
  "hidden": false, 
  "notes": "", 
  "start": 3, 
  "start_date": null, 
  "status": "ACTI", 
  "student": 26, 
  "updated_at": "2014-05-30T15:27:21.251"
 }, 
 "model": "grad.gradstatus", 
 "pk": 64
},
{
 "fields": {
  "created_at": "2014-05-30T15:26:43.736", 
  "description": "Formed Committee", 
  "hidden": false, 
  "program": 1, 
  "series": 1, 
  "updated_at": "2014-05-30T15:26:43.736"
 }, 
 "model": "grad.gradrequirement", 
 "pk": 1
},
{
 "fields": {
  "created_at": "2014-05-30T15:26:43.983", 
  "description": "Formed Committee", 
  "hidden": false, 
  "program": 2, 
  "series": 1, 
  "updated_at": "2014-05-30T15:26:43.983"
 }, 
 "model": "grad.gradrequirement", 
 "pk": 2
},
{
 "fields": {
  "created_at": "2014-05-30T15:26:44.218", 
  "description": "Defended Thesis", 
  "hidden": false, 
  "program": 3, 
  "series": 2, 
  "updated_at": "2014-05-30T15:26:44.218"
 }, 
 "model": "grad.gradrequirement", 
 "pk": 3
},
{
 "fields": {
  "created_at": "2014-05-30T15:26:44.335", 
  "description": "Formed Committee", 
  "hidden": false, 
  "program": 3, 
  "series": 1, 
  "updated_at": "2014-05-30T15:26:44.335"
 }, 
 "model": "grad.gradrequirement", 
 "pk": 4
},
{
 "fields": {
  "label": "Special Specialist Program", 
  "unit": 4
 }, 
 "model": "grad.gradflag", 
 "pk": 1
},
{
 "fields": {
  "config": "{}", 
  "created_at": "2014-05-30T15:26:45.851", 
  "created_by": "", 
  "external": null, 
  "modified_by": null, 
  "removed": false, 
  "student": 1, 
  "supervisor": 5, 
  "supervisor_type": "SEN", 
  "updated_at": "2014-05-30T15:26:45.851"
 }, 
 "model": "grad.supervisor", 
 "pk": 1
},
{
 "fields": {
  "config": "{}", 
  "created_at": "2014-05-30T15:26:45.965", 
  "created_by": "", 
  "external": null, 
  "modified_by": null, 
  "removed": false, 
  "student": 1, 
  "supervisor": 16, 
  "supervisor_type": "COM", 
  "updated_at": "2014-05-30T15:26:45.965"
 }, 
 "model": "grad.supervisor", 
 "pk": 2
},
{
 "fields": {
  "config": "{}", 
  "created_at": "2014-05-30T15:26:46.069", 
  "created_by": "", 
  "external": null, 
  "modified_by": null, 
  "removed": false, 
  "student": 1, 
  "supervisor": 18, 
  "supervisor_type": "COM", 
  "updated_at": "2014-05-30T15:26:46.069"
 }, 
 "model": "grad.supervisor", 
 "pk": 3
},
{
 "fields": {
  "config": "{}", 
  "created_at": "2014-05-30T15:26:47.353", 
  "created_by": "", 
  "external": null, 
  "modified_by": null, 
  "removed": false, 
  "student": 2, 
  "supervisor": 18, 
  "supervisor_type": "SEN", 
  "updated_at": "2014-05-30T15:26:47.353"
 }, 
 "model": "grad.supervisor", 
 "pk": 4
},
{
 "fields": {
  "config": "{}", 
  "created_at": "2014-05-30T15:26:47.487", 
  "created_by": "", 
  "external": null, 
  "modified_by": null, 
  "removed": false, 
  "student": 2, 
  "supervisor": 12, 
  "supervisor_type": "COM", 
  "updated_at": "2014-05-30T15:26:47.487"
 }, 
 "model": "grad.supervisor", 
 "pk": 5
},
{
 "fields": {
  "config": "{}", 
  "created_at": "2014-05-30T15:26:47.638", 
  "created_by": "", 
  "external": null, 
  "modified_by": null, 
  "removed": false, 
  "student": 2, 
  "supervisor": 8, 
  "supervisor_type": "COM", 
  "updated_at": "2014-05-30T15:26:47.638"
 }, 
 "model": "grad.supervisor", 
 "pk": 6
},
{
 "fields": {
  "config": "{}", 
  "created_at": "2014-05-30T15:26:48.959", 
  "created_by": "", 
  "external": null, 
  "modified_by": null, 
  "removed": false, 
  "student": 3, 
  "supervisor": 10, 
  "supervisor_type": "SEN", 
  "updated_at": "2014-05-30T15:26:48.959"
 }, 
 "model": "grad.supervisor", 
 "pk": 7
},
{
 "fields": {
  "config": "{}", 
  "created_at": "2014-05-30T15:26:49.077", 
  "created_by": "", 
  "external": null, 
  "modified_by": null, 
  "removed": false, 
  "student": 3, 
  "supervisor": 3, 
  "supervisor_type": "COM", 
  "updated_at": "2014-05-30T15:26:49.077"
 }, 
 "model": "grad.supervisor", 
 "pk": 8
},
{
 "fields": {
  "config": "{}", 
  "created_at": "2014-05-30T15:26:49.186", 
  "created_by": "", 
  "external": null, 
  "modified_by": null, 
  "removed": false, 
  "student": 3, 
  "supervisor": 11, 
  "supervisor_type": "COM", 
  "updated_at": "2014-05-30T15:26:49.186"
 }, 
 "model": "grad.supervisor", 
 "pk": 9
},
{
 "fields": {
  "config": "{}", 
  "created_at": "2014-05-30T15:26:50.254", 
  "created_by": "", 
  "external": null, 
  "modified_by": null, 
  "removed": false, 
  "student": 4, 
  "supervisor": 10, 
  "supervisor_type": "SEN", 
  "updated_at": "2014-05-30T15:26:50.254"
 }, 
 "model": "grad.supervisor", 
 "pk": 10
},
{
 "fields": {
  "config": "{}", 
  "created_at": "2014-05-30T15:26:50.375", 
  "created_by": "", 
  "external": null, 
  "modified_by": null, 
  "removed": false, 
  "student": 4, 
  "supervisor": 12, 
  "supervisor_type": "COM", 
  "updated_at": "2014-05-30T15:26:50.375"
 }, 
 "model": "grad.supervisor", 
 "pk": 11
},
{
 "fields": {
  "config": "{\"email\":\"external@example.com\"}", 
  "created_at": "2014-05-30T15:26:50.518", 
  "created_by": "", 
  "external": "Some External Supervisor", 
  "modified_by": null, 
  "removed": false, 
  "student": 4, 
  "supervisor": null, 
  "supervisor_type": "COM", 
  "updated_at": "2014-05-30T15:26:50.518"
 }, 
 "model": "grad.supervisor", 
 "pk": 12
},
{
 "fields": {
  "config": "{}", 
  "created_at": "2014-05-30T15:26:51.627", 
  "created_by": "", 
  "external": null, 
  "modified_by": null, 
  "removed": false, 
  "student": 5, 
  "supervisor": 15, 
  "supervisor_type": "SEN", 
  "updated_at": "2014-05-30T15:26:51.627"
 }, 
 "model": "grad.supervisor", 
 "pk": 13
},
{
 "fields": {
  "config": "{}", 
  "created_at": "2014-05-30T15:26:51.760", 
  "created_by": "", 
  "external": null, 
  "modified_by": null, 
  "removed": false, 
  "student": 5, 
  "supervisor": 8, 
  "supervisor_type": "COM", 
  "updated_at": "2014-05-30T15:26:51.760"
 }, 
 "model": "grad.supervisor", 
 "pk": 14
},
{
 "fields": {
  "config": "{}", 
  "created_at": "2014-05-30T15:26:51.885", 
  "created_by": "", 
  "external": null, 
  "modified_by": null, 
  "removed": false, 
  "student": 5, 
  "supervisor": 14, 
  "supervisor_type": "COM", 
  "updated_at": "2014-05-30T15:26:51.885"
 }, 
 "model": "grad.supervisor", 
 "pk": 15
},
{
 "fields": {
  "config": "{}", 
  "created_at": "2014-05-30T15:26:52.855", 
  "created_by": "", 
  "external": null, 
  "modified_by": null, 
  "removed": false, 
  "student": 6, 
  "supervisor": 16, 
  "supervisor_type": "SEN", 
  "updated_at": "2014-05-30T15:26:52.855"
 }, 
 "model": "grad.supervisor", 
 "pk": 16
},
{
 "fields": {
  "config": "{}", 
  "created_at": "2014-05-30T15:26:52.972", 
  "created_by": "", 
  "external": null, 
  "modified_by": null, 
  "removed": false, 
  "student": 6, 
  "supervisor": 7, 
  "supervisor_type": "COM", 
  "updated_at": "2014-05-30T15:26:52.972"
 }, 
 "model": "grad.supervisor", 
 "pk": 17
},
{
 "fields": {
  "config": "{\"email\":\"external@example.com\"}", 
  "created_at": "2014-05-30T15:26:53.130", 
  "created_by": "", 
  "external": "Some External Supervisor", 
  "modified_by": null, 
  "removed": false, 
  "student": 6, 
  "supervisor": null, 
  "supervisor_type": "COM", 
  "updated_at": "2014-05-30T15:26:53.130"
 }, 
 "model": "grad.supervisor", 
 "pk": 18
},
{
 "fields": {
  "config": "{}", 
  "created_at": "2014-05-30T15:26:54.119", 
  "created_by": "", 
  "external": null, 
  "modified_by": null, 
  "removed": false, 
  "student": 7, 
  "supervisor": 10, 
  "supervisor_type": "SEN", 
  "updated_at": "2014-05-30T15:26:54.119"
 }, 
 "model": "grad.supervisor", 
 "pk": 19
},
{
 "fields": {
  "config": "{}", 
  "created_at": "2014-05-30T15:26:54.250", 
  "created_by": "", 
  "external": null, 
  "modified_by": null, 
  "removed": false, 
  "student": 7, 
  "supervisor": 6, 
  "supervisor_type": "COM", 
  "updated_at": "2014-05-30T15:26:54.250"
 }, 
 "model": "grad.supervisor", 
 "pk": 20
},
{
 "fields": {
  "config": "{\"email\":\"external@example.com\"}", 
  "created_at": "2014-05-30T15:26:54.359", 
  "created_by": "", 
  "external": "Some External Supervisor", 
  "modified_by": null, 
  "removed": false, 
  "student": 7, 
  "supervisor": null, 
  "supervisor_type": "COM", 
  "updated_at": "2014-05-30T15:26:54.359"
 }, 
 "model": "grad.supervisor", 
 "pk": 21
},
{
 "fields": {
  "config": "{}", 
  "created_at": "2014-05-30T15:26:55.721", 
  "created_by": "", 
  "external": null, 
  "modified_by": null, 
  "removed": false, 
  "student": 8, 
  "supervisor": 16, 
  "supervisor_type": "SEN", 
  "updated_at": "2014-05-30T15:26:55.721"
 }, 
 "model": "grad.supervisor", 
 "pk": 22
},
{
 "fields": {
  "config": "{}", 
  "created_at": "2014-05-30T15:26:55.838", 
  "created_by": "", 
  "external": null, 
  "modified_by": null, 
  "removed": false, 
  "student": 8, 
  "supervisor": 18, 
  "supervisor_type": "COM", 
  "updated_at": "2014-05-30T15:26:55.838"
 }, 
 "model": "grad.supervisor", 
 "pk": 23
},
{
 "fields": {
  "config": "{\"email\":\"external@example.com\"}", 
  "created_at": "2014-05-30T15:26:56.005", 
  "created_by": "", 
  "external": "Some External Supervisor", 
  "modified_by": null, 
  "removed": false, 
  "student": 8, 
  "supervisor": null, 
  "supervisor_type": "COM", 
  "updated_at": "2014-05-30T15:26:56.005"
 }, 
 "model": "grad.supervisor", 
 "pk": 24
},
{
 "fields": {
  "config": "{}", 
  "created_at": "2014-05-30T15:26:58.783", 
  "created_by": "", 
  "external": null, 
  "modified_by": null, 
  "removed": false, 
  "student": 10, 
  "supervisor": 16, 
  "supervisor_type": "SEN", 
  "updated_at": "2014-05-30T15:26:58.783"
 }, 
 "model": "grad.supervisor", 
 "pk": 25
},
{
 "fields": {
  "config": "{}", 
  "created_at": "2014-05-30T15:26:58.926", 
  "created_by": "", 
  "external": null, 
  "modified_by": null, 
  "removed": false, 
  "student": 10, 
  "supervisor": 8, 
  "supervisor_type": "COM", 
  "updated_at": "2014-05-30T15:26:58.926"
 }, 
 "model": "grad.supervisor", 
 "pk": 26
},
{
 "fields": {
  "config": "{\"email\":\"external@example.com\"}", 
  "created_at": "2014-05-30T15:26:59.043", 
  "created_by": "", 
  "external": "Some External Supervisor", 
  "modified_by": null, 
  "removed": false, 
  "student": 10, 
  "supervisor": null, 
  "supervisor_type": "COM", 
  "updated_at": "2014-05-30T15:26:59.043"
 }, 
 "model": "grad.supervisor", 
 "pk": 27
},
{
 "fields": {
  "config": "{}", 
  "created_at": "2014-05-30T15:27:00.062", 
  "created_by": "", 
  "external": null, 
  "modified_by": null, 
  "removed": false, 
  "student": 11, 
  "supervisor": 11, 
  "supervisor_type": "SEN", 
  "updated_at": "2014-05-30T15:27:00.062"
 }, 
 "model": "grad.supervisor", 
 "pk": 28
},
{
 "fields": {
  "config": "{}", 
  "created_at": "2014-05-30T15:27:00.263", 
  "created_by": "", 
  "external": null, 
  "modified_by": null, 
  "removed": false, 
  "student": 11, 
  "supervisor": 16, 
  "supervisor_type": "COM", 
  "updated_at": "2014-05-30T15:27:00.263"
 }, 
 "model": "grad.supervisor", 
 "pk": 29
},
{
 "fields": {
  "config": "{\"email\":\"external@example.com\"}", 
  "created_at": "2014-05-30T15:27:00.421", 
  "created_by": "", 
  "external": "Some External Supervisor", 
  "modified_by": null, 
  "removed": false, 
  "student": 11, 
  "supervisor": null, 
  "supervisor_type": "COM", 
  "updated_at": "2014-05-30T15:27:00.421"
 }, 
 "model": "grad.supervisor", 
 "pk": 30
},
{
 "fields": {
  "config": "{}", 
  "created_at": "2014-05-30T15:27:01.822", 
  "created_by": "", 
  "external": null, 
  "modified_by": null, 
  "removed": false, 
  "student": 12, 
  "supervisor": 15, 
  "supervisor_type": "SEN", 
  "updated_at": "2014-05-30T15:27:01.822"
 }, 
 "model": "grad.supervisor", 
 "pk": 31
},
{
 "fields": {
  "config": "{}", 
  "created_at": "2014-05-30T15:27:01.976", 
  "created_by": "", 
  "external": null, 
  "modified_by": null, 
  "removed": false, 
  "student": 12, 
  "supervisor": 12, 
  "supervisor_type": "COM", 
  "updated_at": "2014-05-30T15:27:01.976"
 }, 
 "model": "grad.supervisor", 
 "pk": 32
},
{
 "fields": {
  "config": "{\"email\":\"external@example.com\"}", 
  "created_at": "2014-05-30T15:27:02.142", 
  "created_by": "", 
  "external": "Some External Supervisor", 
  "modified_by": null, 
  "removed": false, 
  "student": 12, 
  "supervisor": null, 
  "supervisor_type": "COM", 
  "updated_at": "2014-05-30T15:27:02.142"
 }, 
 "model": "grad.supervisor", 
 "pk": 33
},
{
 "fields": {
  "config": "{}", 
  "created_at": "2014-05-30T15:27:03.245", 
  "created_by": "", 
  "external": null, 
  "modified_by": null, 
  "removed": false, 
  "student": 13, 
  "supervisor": 8, 
  "supervisor_type": "SEN", 
  "updated_at": "2014-05-30T15:27:03.245"
 }, 
 "model": "grad.supervisor", 
 "pk": 34
},
{
 "fields": {
  "config": "{}", 
  "created_at": "2014-05-30T15:27:03.387", 
  "created_by": "", 
  "external": null, 
  "modified_by": null, 
  "removed": false, 
  "student": 13, 
  "supervisor": 9, 
  "supervisor_type": "COM", 
  "updated_at": "2014-05-30T15:27:03.387"
 }, 
 "model": "grad.supervisor", 
 "pk": 35
},
{
 "fields": {
  "config": "{\"email\":\"external@example.com\"}", 
  "created_at": "2014-05-30T15:27:03.530", 
  "created_by": "", 
  "external": "Some External Supervisor", 
  "modified_by": null, 
  "removed": false, 
  "student": 13, 
  "supervisor": null, 
  "supervisor_type": "COM", 
  "updated_at": "2014-05-30T15:27:03.530"
 }, 
 "model": "grad.supervisor", 
 "pk": 36
},
{
 "fields": {
  "config": "{}", 
  "created_at": "2014-05-30T15:27:04.992", 
  "created_by": "", 
  "external": null, 
  "modified_by": null, 
  "removed": false, 
  "student": 14, 
  "supervisor": 17, 
  "supervisor_type": "SEN", 
  "updated_at": "2014-05-30T15:27:04.992"
 }, 
 "model": "grad.supervisor", 
 "pk": 37
},
{
 "fields": {
  "config": "{}", 
  "created_at": "2014-05-30T15:27:05.109", 
  "created_by": "", 
  "external": null, 
  "modified_by": null, 
  "removed": false, 
  "student": 14, 
  "supervisor": 11, 
  "supervisor_type": "COM", 
  "updated_at": "2014-05-30T15:27:05.109"
 }, 
 "model": "grad.supervisor", 
 "pk": 38
},
{
 "fields": {
  "config": "{}", 
  "created_at": "2014-05-30T15:27:05.243", 
  "created_by": "", 
  "external": null, 
  "modified_by": null, 
  "removed": false, 
  "student": 14, 
  "supervisor": 9, 
  "supervisor_type": "COM", 
  "updated_at": "2014-05-30T15:27:05.243"
 }, 
 "model": "grad.supervisor", 
 "pk": 39
},
{
 "fields": {
  "config": "{}", 
  "created_at": "2014-05-30T15:27:06.564", 
  "created_by": "", 
  "external": null, 
  "modified_by": null, 
  "removed": false, 
  "student": 15, 
  "supervisor": 8, 
  "supervisor_type": "SEN", 
  "updated_at": "2014-05-30T15:27:06.564"
 }, 
 "model": "grad.supervisor", 
 "pk": 40
},
{
 "fields": {
  "config": "{}", 
  "created_at": "2014-05-30T15:27:06.705", 
  "created_by": "", 
  "external": null, 
  "modified_by": null, 
  "removed": false, 
  "student": 15, 
  "supervisor": 17, 
  "supervisor_type": "COM", 
  "updated_at": "2014-05-30T15:27:06.705"
 }, 
 "model": "grad.supervisor", 
 "pk": 41
},
{
 "fields": {
  "config": "{}", 
  "created_at": "2014-05-30T15:27:06.847", 
  "created_by": "", 
  "external": null, 
  "modified_by": null, 
  "removed": false, 
  "student": 15, 
  "supervisor": 6, 
  "supervisor_type": "COM", 
  "updated_at": "2014-05-30T15:27:06.847"
 }, 
 "model": "grad.supervisor", 
 "pk": 42
},
{
 "fields": {
  "config": "{}", 
  "created_at": "2014-05-30T15:27:08.367", 
  "created_by": "", 
  "external": null, 
  "modified_by": null, 
  "removed": false, 
  "student": 16, 
  "supervisor": 18, 
  "supervisor_type": "SEN", 
  "updated_at": "2014-05-30T15:27:08.367"
 }, 
 "model": "grad.supervisor", 
 "pk": 43
},
{
 "fields": {
  "config": "{}", 
  "created_at": "2014-05-30T15:27:08.492", 
  "created_by": "", 
  "external": null, 
  "modified_by": null, 
  "removed": false, 
  "student": 16, 
  "supervisor": 5, 
  "supervisor_type": "COM", 
  "updated_at": "2014-05-30T15:27:08.493"
 }, 
 "model": "grad.supervisor", 
 "pk": 44
},
{
 "fields": {
  "config": "{}", 
  "created_at": "2014-05-30T15:27:08.602", 
  "created_by": "", 
  "external": null, 
  "modified_by": null, 
  "removed": false, 
  "student": 16, 
  "supervisor": 16, 
  "supervisor_type": "COM", 
  "updated_at": "2014-05-30T15:27:08.602"
 }, 
 "model": "grad.supervisor", 
 "pk": 45
},
{
 "fields": {
  "config": "{}", 
  "created_at": "2014-05-30T15:27:09.516", 
  "created_by": "", 
  "external": null, 
  "modified_by": null, 
  "removed": false, 
  "student": 17, 
  "supervisor": 9, 
  "supervisor_type": "SEN", 
  "updated_at": "2014-05-30T15:27:09.516"
 }, 
 "model": "grad.supervisor", 
 "pk": 46
},
{
 "fields": {
  "config": "{}", 
  "created_at": "2014-05-30T15:27:09.641", 
  "created_by": "", 
  "external": null, 
  "modified_by": null, 
  "removed": false, 
  "student": 17, 
  "supervisor": 16, 
  "supervisor_type": "COM", 
  "updated_at": "2014-05-30T15:27:09.641"
 }, 
 "model": "grad.supervisor", 
 "pk": 47
},
{
 "fields": {
  "config": "{\"email\":\"external@example.com\"}", 
  "created_at": "2014-05-30T15:27:09.780", 
  "created_by": "", 
  "external": "Some External Supervisor", 
  "modified_by": null, 
  "removed": false, 
  "student": 17, 
  "supervisor": null, 
  "supervisor_type": "COM", 
  "updated_at": "2014-05-30T15:27:09.780"
 }, 
 "model": "grad.supervisor", 
 "pk": 48
},
{
 "fields": {
  "config": "{}", 
  "created_at": "2014-05-30T15:27:10.707", 
  "created_by": "", 
  "external": null, 
  "modified_by": null, 
  "removed": false, 
  "student": 18, 
  "supervisor": 14, 
  "supervisor_type": "SEN", 
  "updated_at": "2014-05-30T15:27:10.707"
 }, 
 "model": "grad.supervisor", 
 "pk": 49
},
{
 "fields": {
  "config": "{}", 
  "created_at": "2014-05-30T15:27:10.825", 
  "created_by": "", 
  "external": null, 
  "modified_by": null, 
  "removed": false, 
  "student": 18, 
  "supervisor": 18, 
  "supervisor_type": "COM", 
  "updated_at": "2014-05-30T15:27:10.825"
 }, 
 "model": "grad.supervisor", 
 "pk": 50
},
{
 "fields": {
  "config": "{\"email\":\"external@example.com\"}", 
  "created_at": "2014-05-30T15:27:10.942", 
  "created_by": "", 
  "external": "Some External Supervisor", 
  "modified_by": null, 
  "removed": false, 
  "student": 18, 
  "supervisor": null, 
  "supervisor_type": "COM", 
  "updated_at": "2014-05-30T15:27:10.942"
 }, 
 "model": "grad.supervisor", 
 "pk": 51
},
{
 "fields": {
  "config": "{}", 
  "created_at": "2014-05-30T15:27:12.404", 
  "created_by": "", 
  "external": null, 
  "modified_by": null, 
  "removed": false, 
  "student": 19, 
  "supervisor": 17, 
  "supervisor_type": "SEN", 
  "updated_at": "2014-05-30T15:27:12.404"
 }, 
 "model": "grad.supervisor", 
 "pk": 52
},
{
 "fields": {
  "config": "{}", 
  "created_at": "2014-05-30T15:27:12.546", 
  "created_by": "", 
  "external": null, 
  "modified_by": null, 
  "removed": false, 
  "student": 19, 
  "supervisor": 17, 
  "supervisor_type": "COM", 
  "updated_at": "2014-05-30T15:27:12.546"
 }, 
 "model": "grad.supervisor", 
 "pk": 53
},
{
 "fields": {
  "config": "{\"email\":\"external@example.com\"}", 
  "created_at": "2014-05-30T15:27:12.673", 
  "created_by": "", 
  "external": "Some External Supervisor", 
  "modified_by": null, 
  "removed": false, 
  "student": 19, 
  "supervisor": null, 
  "supervisor_type": "COM", 
  "updated_at": "2014-05-30T15:27:12.673"
 }, 
 "model": "grad.supervisor", 
 "pk": 54
},
{
 "fields": {
  "config": "{}", 
  "created_at": "2014-05-30T15:27:14.391", 
  "created_by": "", 
  "external": null, 
  "modified_by": null, 
  "removed": false, 
  "student": 21, 
  "supervisor": 9, 
  "supervisor_type": "SEN", 
  "updated_at": "2014-05-30T15:27:14.391"
 }, 
 "model": "grad.supervisor", 
 "pk": 55
},
{
 "fields": {
  "config": "{}", 
  "created_at": "2014-05-30T15:27:14.552", 
  "created_by": "", 
  "external": null, 
  "modified_by": null, 
  "removed": false, 
  "student": 21, 
  "supervisor": 7, 
  "supervisor_type": "COM", 
  "updated_at": "2014-05-30T15:27:14.552"
 }, 
 "model": "grad.supervisor", 
 "pk": 56
},
{
 "fields": {
  "config": "{}", 
  "created_at": "2014-05-30T15:27:14.735", 
  "created_by": "", 
  "external": null, 
  "modified_by": null, 
  "removed": false, 
  "student": 21, 
  "supervisor": 4, 
  "supervisor_type": "COM", 
  "updated_at": "2014-05-30T15:27:14.735"
 }, 
 "model": "grad.supervisor", 
 "pk": 57
},
{
 "fields": {
  "config": "{}", 
  "created_at": "2014-05-30T15:27:16.100", 
  "created_by": "", 
  "external": null, 
  "modified_by": null, 
  "removed": false, 
  "student": 22, 
  "supervisor": 4, 
  "supervisor_type": "SEN", 
  "updated_at": "2014-05-30T15:27:16.100"
 }, 
 "model": "grad.supervisor", 
 "pk": 58
},
{
 "fields": {
  "config": "{}", 
  "created_at": "2014-05-30T15:27:16.316", 
  "created_by": "", 
  "external": null, 
  "modified_by": null, 
  "removed": false, 
  "student": 22, 
  "supervisor": 18, 
  "supervisor_type": "COM", 
  "updated_at": "2014-05-30T15:27:16.316"
 }, 
 "model": "grad.supervisor", 
 "pk": 59
},
{
 "fields": {
  "config": "{\"email\":\"external@example.com\"}", 
  "created_at": "2014-05-30T15:27:16.477", 
  "created_by": "", 
  "external": "Some External Supervisor", 
  "modified_by": null, 
  "removed": false, 
  "student": 22, 
  "supervisor": null, 
  "supervisor_type": "COM", 
  "updated_at": "2014-05-30T15:27:16.477"
 }, 
 "model": "grad.supervisor", 
 "pk": 60
},
{
 "fields": {
  "config": "{}", 
  "created_at": "2014-05-30T15:27:17.849", 
  "created_by": "", 
  "external": null, 
  "modified_by": null, 
  "removed": false, 
  "student": 23, 
  "supervisor": 15, 
  "supervisor_type": "SEN", 
  "updated_at": "2014-05-30T15:27:17.849"
 }, 
 "model": "grad.supervisor", 
 "pk": 61
},
{
 "fields": {
  "config": "{}", 
  "created_at": "2014-05-30T15:27:18.058", 
  "created_by": "", 
  "external": null, 
  "modified_by": null, 
  "removed": false, 
  "student": 23, 
  "supervisor": 5, 
  "supervisor_type": "COM", 
  "updated_at": "2014-05-30T15:27:18.058"
 }, 
 "model": "grad.supervisor", 
 "pk": 62
},
{
 "fields": {
  "config": "{}", 
  "created_at": "2014-05-30T15:27:18.179", 
  "created_by": "", 
  "external": null, 
  "modified_by": null, 
  "removed": false, 
  "student": 23, 
  "supervisor": 9, 
  "supervisor_type": "COM", 
  "updated_at": "2014-05-30T15:27:18.179"
 }, 
 "model": "grad.supervisor", 
 "pk": 63
},
{
 "fields": {
  "config": "{}", 
  "created_at": "2014-05-30T15:27:19.173", 
  "created_by": "", 
  "external": null, 
  "modified_by": null, 
  "removed": false, 
  "student": 24, 
  "supervisor": 16, 
  "supervisor_type": "SEN", 
  "updated_at": "2014-05-30T15:27:19.173"
 }, 
 "model": "grad.supervisor", 
 "pk": 64
},
{
 "fields": {
  "config": "{}", 
  "created_at": "2014-05-30T15:27:19.291", 
  "created_by": "", 
  "external": null, 
  "modified_by": null, 
  "removed": false, 
  "student": 24, 
  "supervisor": 13, 
  "supervisor_type": "COM", 
  "updated_at": "2014-05-30T15:27:19.291"
 }, 
 "model": "grad.supervisor", 
 "pk": 65
},
{
 "fields": {
  "config": "{}", 
  "created_at": "2014-05-30T15:27:19.408", 
  "created_by": "", 
  "external": null, 
  "modified_by": null, 
  "removed": false, 
  "student": 24, 
  "supervisor": 9, 
  "supervisor_type": "COM", 
  "updated_at": "2014-05-30T15:27:19.408"
 }, 
 "model": "grad.supervisor", 
 "pk": 66
},
{
 "fields": {
  "config": "{}", 
  "created_at": "2014-05-30T15:27:20.463", 
  "created_by": "", 
  "external": null, 
  "modified_by": null, 
  "removed": false, 
  "student": 25, 
  "supervisor": 5, 
  "supervisor_type": "SEN", 
  "updated_at": "2014-05-30T15:27:20.463"
 }, 
 "model": "grad.supervisor", 
 "pk": 67
},
{
 "fields": {
  "config": "{}", 
  "created_at": "2014-05-30T15:27:20.572", 
  "created_by": "", 
  "external": null, 
  "modified_by": null, 
  "removed": false, 
  "student": 25, 
  "supervisor": 16, 
  "supervisor_type": "COM", 
  "updated_at": "2014-05-30T15:27:20.572"
 }, 
 "model": "grad.supervisor", 
 "pk": 68
},
{
 "fields": {
  "config": "{\"email\":\"external@example.com\"}", 
  "created_at": "2014-05-30T15:27:20.695", 
  "created_by": "", 
  "external": "Some External Supervisor", 
  "modified_by": null, 
  "removed": false, 
  "student": 25, 
  "supervisor": null, 
  "supervisor_type": "COM", 
  "updated_at": "2014-05-30T15:27:20.695"
 }, 
 "model": "grad.supervisor", 
 "pk": 69
},
{
 "fields": {
  "config": "{}", 
  "created_at": "2014-05-30T15:27:21.610", 
  "created_by": "", 
  "external": null, 
  "modified_by": null, 
  "removed": false, 
  "student": 26, 
  "supervisor": 9, 
  "supervisor_type": "SEN", 
  "updated_at": "2014-05-30T15:27:21.610"
 }, 
 "model": "grad.supervisor", 
 "pk": 70
},
{
 "fields": {
  "config": "{}", 
  "created_at": "2014-05-30T15:27:21.720", 
  "created_by": "", 
  "external": null, 
  "modified_by": null, 
  "removed": false, 
  "student": 26, 
  "supervisor": 8, 
  "supervisor_type": "COM", 
  "updated_at": "2014-05-30T15:27:21.720"
 }, 
 "model": "grad.supervisor", 
 "pk": 71
},
{
 "fields": {
  "config": "{}", 
  "created_at": "2014-05-30T15:27:21.865", 
  "created_by": "", 
  "external": null, 
  "modified_by": null, 
  "removed": false, 
  "student": 26, 
  "supervisor": 15, 
  "supervisor_type": "COM", 
  "updated_at": "2014-05-30T15:27:21.865"
 }, 
 "model": "grad.supervisor", 
 "pk": 72
},
{
 "fields": {
  "comments": null, 
  "eligible": true, 
  "hidden": false, 
  "name": "Some Scholarship", 
  "unit": 4
 }, 
 "model": "grad.scholarshiptype", 
 "pk": 1
},
{
 "fields": {
  "field": "contact_email_text", 
  "label": "generic", 
  "text": "DESCRIPTION OF INCIDENT. This does not usually occur unless there is a violation of SFU's Code of Academic Integrity and Good Conduct, Policy S10.01. I take academic honesty very seriously and intend to pursue this apparent violation of SFU's standards for academic honesty.\r\n\r\nAs required by SFU Policy S10.02, Principles and Procedures for Academic Discipline, I am offering you the opportunity to meet with me to discuss this incident. You are not required to accept this offer. If you would like to meet, please contact me to make an appointment outside of my regular office hours.\r\n\r\nYou may wish to refer to SFU's policies and procedures on academic integrity,\r\n  http://www.sfu.ca/policies/Students/index.html .\r\nYou can also contact the Office of the Ombudsperson for assistance in navigating University procedures.\r\n"
 }, 
 "model": "discipline.disciplinetemplate", 
 "pk": 1
},
{
 "fields": {
  "field": "contact_email_text", 
  "label": "not your work", 
  "text": "Your submission for {{ACTIVITIES}} contains work that does not appear to be your own. This indicates that there is a violation of SFU's Code of Academic Integrity and Good Conduct, Policy S10.01. I take academic honesty very seriously and intend to pursue this apparent violation of SFU's standards for academic honesty.\r\n\r\nAs required by SFU Policy S10.02, Principles and Procedures for Academic Discipline, I am offering you the opportunity to meet with me to discuss this incident. You are not required to accept this offer. If you would like to meet, please contact me to make an appointment outside of my regular office hours.\r\n\r\nYou may wish to refer to SFU's policies and procedures on academic integrity,\r\n  http://www.sfu.ca/policies/Students/index.html .\r\nYou can also contact the Office of the Ombudsperson for assistance in navigating University procedures.\r\n"
 }, 
 "model": "discipline.disciplinetemplate", 
 "pk": 2
},
{
 "fields": {
  "field": "contact_email_text", 
  "label": "simiar work (group)", 
  "text": "You and other students submitted very similar work on {{ACTIVITIES}}. This level of similarity does not usually occur unless collaboration exceeds the limits allowed by SFU's Code of Academic Integrity and Good Conduct, Policy S10.01. I take academic honesty very seriously and intend to pursue this apparent violation of SFU's standards for academic honesty.\r\n\r\nAs required by SFU Policy S10.02, Principles and Procedures for Academic Discipline, I am offering you the opportunity to meet with me to discuss this incident. You are not required to accept this offer. If you would like to meet, please contact me to make an appointment outside of my regular office hours.\r\n\r\nYou may wish to refer to SFU's policies and procedures on academic integrity,\r\n  http://www.sfu.ca/policies/Students/index.html .\r\nYou can also contact the Office of the Ombudsperson for assistance in navigating University procedures.\r\n"
 }, 
 "model": "discipline.disciplinetemplate", 
 "pk": 4
},
{
 "fields": {
  "field": "facts", 
  "label": "attachment", 
  "text": "See details in attached file facts.pdf."
 }, 
 "model": "discipline.disciplinetemplate", 
 "pk": 3
},
{
 "fields": {
  "field": "facts", 
  "label": "copied (other knew)", 
  "text": "{{FNAME}} was given a solution to {{ACTIVITIES}} by another student. The other student seems to have completed the work independently. Both students submitted the work as their own."
 }, 
 "model": "discipline.disciplinetemplate", 
 "pk": 5
},
{
 "fields": {
  "field": "facts", 
  "label": "copied (without knowledge)", 
  "text": "{{FNAME}} copied the work of another student on {{ACTIVITIES}} without his/her knowledge.  Both students submitted the work as their own."
 }, 
 "model": "discipline.disciplinetemplate", 
 "pk": 6
},
{
 "fields": {
  "field": "meeting_summary", 
  "label": "admitted", 
  "text": "The student admitted academic dishonesty as described below in \u201cfacts of the case\u201d."
 }, 
 "model": "discipline.disciplinetemplate", 
 "pk": 7
},
{
 "fields": {
  "field": "meeting_summary", 
  "label": "explained", 
  "text": "{{FNAME}} explained that..."
 }, 
 "model": "discipline.disciplinetemplate", 
 "pk": 9
},
{
 "fields": {
  "field": "meeting_summary", 
  "label": "quote email", 
  "text": "The student explained the situation in his/her email:\r\n\r\nbq. PASTE QUOTE HERE"
 }, 
 "model": "discipline.disciplinetemplate", 
 "pk": 8
},
{
 "fields": {
  "content": "Congratulations, {{first_name}}, we would like to offer you admission to the {{program}} program in Computing Science at SFU.\r\n\r\nThis is good news. Really.", 
  "created_at": "2014-05-30T15:26:37.041", 
  "created_by": "", 
  "hidden": false, 
  "label": "offer", 
  "slug": "cmpt-offer", 
  "unit": 4
 }, 
 "model": "grad.lettertemplate", 
 "pk": 1
},
{
 "fields": {
  "content": "This is to confirm that {{title}} {{first_name}} {{last_name}} is currently enrolled as a full time student in the {{program}} in the School of Computing Science at SFU.", 
  "created_at": "2014-05-30T15:26:37.188", 
  "created_by": "", 
  "hidden": false, 
  "label": "visa", 
  "slug": "cmpt-visa", 
  "unit": 4
 }, 
 "model": "grad.lettertemplate", 
 "pk": 2
},
{
 "fields": {
  "content": "This is to confirm that {{title}} {{first_name}} {{last_name}} is a student in the School of Computing Science's {{program}} program. {{He_She}} has been employed as follows:\r\n\r\n{% if tafunding %}Teaching assistant responsibilities include providing tutorials, office hours and marking assignments. {{title}} {{last_name}}'s assignments have been:\r\n\r\n{{ tafunding }}{% endif %}\r\n{% if rafunding %}Research assistants assist/provide research services to faculty. {{title}} {{last_name}}'s assignments have been:\r\n\r\n{{ rafunding }}{% endif %}\r\n{% if scholarships %}{{title}} {{last_name}} has received the following scholarships:\r\n\r\n{{ scholarships }}{% endif %}\r\n\r\n{{title}} {{last_name}} is making satisfactory progress.", 
  "created_at": "2014-05-30T15:26:37.306", 
  "created_by": "", 
  "hidden": false, 
  "label": "Funding", 
  "slug": "cmpt-funding", 
  "unit": 4
 }, 
 "model": "grad.lettertemplate", 
 "pk": 3
},
{
 "fields": {
  "account_number": 12345, 
  "hidden": false, 
  "position_number": 12345, 
  "slug": "cmpt-12345-msc-ta", 
  "title": "MSc TA", 
  "unit": 4
 }, 
 "model": "ra.account", 
 "pk": 1
},
{
 "fields": {
  "account_number": 12346, 
  "hidden": false, 
  "position_number": 12346, 
  "slug": "cmpt-12346-phd-ta", 
  "title": "PhD TA", 
  "unit": 4
 }, 
 "model": "ra.account", 
 "pk": 2
},
{
 "fields": {
  "account_number": 12347, 
  "hidden": false, 
  "position_number": 12347, 
  "slug": "cmpt-12347-external-ta", 
  "title": "External TA", 
  "unit": 4
 }, 
 "model": "ra.account", 
 "pk": 3
},
{
 "fields": {
  "account_number": 12348, 
  "hidden": false, 
  "position_number": 12348, 
  "slug": "cmpt-12348-undergrad-ta", 
  "title": "Undergrad TA", 
  "unit": 4
 }, 
 "model": "ra.account", 
 "pk": 4
},
{
 "fields": {
  "account_number": 12349, 
  "hidden": false, 
  "position_number": 12349, 
  "slug": "cmpt-12349-nserc-ra", 
  "title": "NSERC RA", 
  "unit": 4
 }, 
 "model": "ra.account", 
 "pk": 5
},
{
 "fields": {
  "key": "advisor-token", 
  "user": 310, 
  "value": "{\"token\":\"30378700c0091f34412ec9a082dca267\"}"
 }, 
 "model": "dashboard.userconfig", 
 "pk": 1
},
{
 "fields": {
  "key": "advisor-token", 
  "user": 16, 
  "value": "{\"token\":\"082dca26730378700c0091f34412ec9a\"}"
 }, 
 "model": "dashboard.userconfig", 
 "pk": 2
},
{
 "fields": {
  "key": "problems-token", 
  "user": 311, 
  "value": "{\"token\":\"30378700c0091f34412ec9a082dca268\"}"
 }, 
 "model": "dashboard.userconfig", 
 "pk": 3
},
{
 "fields": {
  "config": "{}", 
  "name": "Admins", 
  "slug": "cmpt-admins", 
  "unit": 4
 }, 
 "model": "onlineforms.formgroup", 
 "pk": 1
},
{
 "fields": {
  "config": "{}", 
  "formgroup": 1, 
  "person": 16
 }, 
 "model": "onlineforms.formgroupmember", 
 "pk": 1
},
{
 "fields": {
  "config": "{}", 
  "formgroup": 1, 
  "person": 313
 }, 
 "model": "onlineforms.formgroupmember", 
 "pk": 2
},
{
 "fields": {
  "active": true, 
  "advisor_visible": false, 
  "config": "{}", 
  "created_date": "2014-05-30T15:26:41.838", 
  "description": "Simple test form.", 
  "initiators": "ANY", 
  "last_modified": "2014-05-30T15:26:41.842", 
  "original": 1, 
  "owner": 1, 
  "slug": "cmpt-simple-form", 
  "title": "Simple Form", 
  "unit": 4
 }, 
 "model": "onlineforms.form", 
 "pk": 1
},
{
 "fields": {
  "active": true, 
  "advisor_visible": true, 
  "config": "{}", 
  "created_date": "2014-05-30T15:26:42.496", 
  "description": "An all-purpose appeal form to appeal things with", 
  "initiators": "LOG", 
  "last_modified": "2014-05-30T15:26:42.499", 
  "original": 2, 
  "owner": 1, 
  "slug": "cmpt-appeal-form", 
  "title": "Appeal Form", 
  "unit": 4
 }, 
 "model": "onlineforms.form", 
 "pk": 2
},
{
 "fields": {
  "active": true, 
  "can_view": "NON", 
  "config": "{}", 
  "created_date": "2014-05-30T15:26:41.955", 
  "form": 1, 
  "is_initial": true, 
  "last_modified": "2014-05-30T15:26:41.958", 
  "order": 0, 
  "original": 1, 
  "slug": "initial-sheet", 
  "title": "Initial sheet"
 }, 
 "model": "onlineforms.sheet", 
 "pk": 1
},
{
 "fields": {
  "active": true, 
  "can_view": "NON", 
  "config": "{}", 
  "created_date": "2014-05-30T15:26:42.655", 
  "form": 2, 
  "is_initial": true, 
  "last_modified": "2014-05-30T15:26:42.657", 
  "order": 0, 
  "original": 2, 
  "slug": "student-appeal", 
  "title": "Student Appeal"
 }, 
 "model": "onlineforms.sheet", 
 "pk": 2
},
{
 "fields": {
  "active": true, 
  "can_view": "ALL", 
  "config": "{}", 
  "created_date": "2014-05-30T15:26:43.232", 
  "form": 2, 
  "is_initial": false, 
  "last_modified": "2014-05-30T15:26:43.235", 
  "order": 1, 
  "original": 3, 
  "slug": "decision", 
  "title": "Decision"
 }, 
 "model": "onlineforms.sheet", 
 "pk": 3
},
{
 "fields": {
  "active": true, 
  "config": "{\"help_text\":\"\",\"min_length\":1,\"max_length\":\"100\",\"label\":\"Favorite Color\",\"required\":true}", 
  "created_date": "2014-05-30T15:26:42.091", 
  "fieldtype": "SMTX", 
  "label": "Favorite Color", 
  "last_modified": "2014-05-30T15:26:42.094", 
  "order": 0, 
  "original": 1, 
  "sheet": 1, 
  "slug": "favorite-color"
 }, 
 "model": "onlineforms.field", 
 "pk": 1
},
{
 "fields": {
  "active": true, 
  "config": "{\"help_text\":\"Why?\",\"min_length\":10,\"max_length\":\"400\",\"label\":\"Reason\",\"required\":true}", 
  "created_date": "2014-05-30T15:26:42.207", 
  "fieldtype": "MDTX", 
  "label": "Reason", 
  "last_modified": "2014-05-30T15:26:42.210", 
  "order": 1, 
  "original": 2, 
  "sheet": 1, 
  "slug": "reason"
 }, 
 "model": "onlineforms.field", 
 "pk": 2
},
{
 "fields": {
  "active": true, 
  "config": "{\"help_text\":\"\",\"min_length\":1,\"max_length\":\"100\",\"label\":\"Second Favorite Color\",\"required\":false}", 
  "created_date": "2014-05-30T15:26:42.338", 
  "fieldtype": "SMTX", 
  "label": "Second Favorite Color", 
  "last_modified": "2014-05-30T15:26:42.341", 
  "order": 2, 
  "original": 3, 
  "sheet": 1, 
  "slug": "second-favorite-color"
 }, 
 "model": "onlineforms.field", 
 "pk": 3
},
{
 "fields": {
  "active": true, 
  "config": "{\"help_text\":\"What do you want to appeal?\",\"min_length\":1,\"max_length\":\"100\",\"label\":\"Appeal\",\"required\":true}", 
  "created_date": "2014-05-30T15:26:42.798", 
  "fieldtype": "SMTX", 
  "label": "Appeal", 
  "last_modified": "2014-05-30T15:26:42.800", 
  "order": 0, 
  "original": 4, 
  "sheet": 2, 
  "slug": "appeal"
 }, 
 "model": "onlineforms.field", 
 "pk": 4
},
{
 "fields": {
  "active": true, 
  "config": "{\"help_text\":\"Why do you think you deserve it?\",\"min_length\":1,\"max_length\":\"1000\",\"label\":\"Reasons\",\"required\":true}", 
  "created_date": "2014-05-30T15:26:42.957", 
  "fieldtype": "LGTX", 
  "label": "Reasons", 
  "last_modified": "2014-05-30T15:26:42.959", 
  "order": 1, 
  "original": 5, 
  "sheet": 2, 
  "slug": "reasons"
 }, 
 "model": "onlineforms.field", 
 "pk": 5
},
{
 "fields": {
  "active": true, 
  "config": "{\"required\":false,\"label\":\"Prediction\",\"choice_1\":\"Yes\",\"choice_2\":\"No\",\"choice_3\":\"Huh?\",\"help_text\":\"Do you think it's likely this will be approved?\"}", 
  "created_date": "2014-05-30T15:26:43.082", 
  "fieldtype": "RADI", 
  "label": "Prediction", 
  "last_modified": "2014-05-30T15:26:43.085", 
  "order": 2, 
  "original": 6, 
  "sheet": 2, 
  "slug": "prediction"
 }, 
 "model": "onlineforms.field", 
 "pk": 6
},
{
 "fields": {
  "active": true, 
  "config": "{\"required\":true,\"label\":\"Decision\",\"choice_1\":\"Yes\",\"choice_2\":\"No\",\"choice_3\":\"See comments\",\"help_text\":\"Do you approve this appeal?\"}", 
  "created_date": "2014-05-30T15:26:43.349", 
  "fieldtype": "RADI", 
  "label": "Decision", 
  "last_modified": "2014-05-30T15:26:43.352", 
  "order": 0, 
  "original": 7, 
  "sheet": 3, 
  "slug": "decision"
 }, 
 "model": "onlineforms.field", 
 "pk": 7
},
{
 "fields": {
  "active": true, 
  "config": "{\"help_text\":\"Any additional comments\",\"min_length\":1,\"max_length\":\"1000\",\"label\":\"Comments\",\"required\":false}", 
  "created_date": "2014-05-30T15:26:43.491", 
  "fieldtype": "MDTX", 
  "label": "Comments", 
  "last_modified": "2014-05-30T15:26:43.494", 
  "order": 1, 
  "original": 8, 
  "sheet": 3, 
  "slug": "comments"
 }, 
 "model": "onlineforms.field", 
 "pk": 8
},
{
 "fields": {
  "closes": "2014-04-15", 
  "config": "{\"salary\":[972,972,972,972],\"end\":\"2014-08-01\",\"payperiods\":7.5,\"start\":\"2014-05-05\",\"contact\":12,\"accounts\":[1,2,3,4],\"offer_text\":\"This is **your** TA offer.\\n\\nThere are various conditions that are too numerous to list here.\",\"deadline\":\"2014-04-25\",\"scholarship\":[135,340,0,0]}", 
  "opens": "2014-01-25", 
  "semester": 11, 
  "slug": "2014su-cmpt", 
  "unit": 4
 }, 
 "model": "ta.taposting", 
 "pk": 1
},
{
 "fields": {
  "admin_created": false, 
  "base_units": "4", 
  "category": "GTA2", 
  "comments": null, 
  "config": "{}", 
  "course_load": "", 
  "current_program": "CMPT", 
  "experience": null, 
  "late": false, 
  "other_support": null, 
  "person": 164, 
  "posting": 1, 
  "rank": 0, 
  "sin": "123456789"
 }, 
 "model": "ta.taapplication", 
 "pk": 1
},
{
 "fields": {
  "admin_created": false, 
  "base_units": "5", 
  "category": "GTA1", 
  "comments": null, 
  "config": "{}", 
  "course_load": "", 
  "current_program": "CMPT", 
  "experience": null, 
  "late": false, 
  "other_support": null, 
  "person": 98, 
  "posting": 1, 
  "rank": 0, 
  "sin": "123456789"
 }, 
 "model": "ta.taapplication", 
 "pk": 2
},
{
 "fields": {
  "admin_created": false, 
  "base_units": "3", 
  "category": "GTA1", 
  "comments": null, 
  "config": "{}", 
  "course_load": "", 
  "current_program": "CMPT", 
  "experience": null, 
  "late": false, 
  "other_support": null, 
  "person": 241, 
  "posting": 1, 
  "rank": 0, 
  "sin": "123456789"
 }, 
 "model": "ta.taapplication", 
 "pk": 3
},
{
 "fields": {
  "admin_created": false, 
  "base_units": "5", 
  "category": "GTA1", 
  "comments": null, 
  "config": "{}", 
  "course_load": "", 
  "current_program": "CMPT", 
  "experience": null, 
  "late": false, 
  "other_support": null, 
  "person": 142, 
  "posting": 1, 
  "rank": 0, 
  "sin": "123456789"
 }, 
 "model": "ta.taapplication", 
 "pk": 4
},
{
 "fields": {
  "admin_created": false, 
  "base_units": "5", 
  "category": "GTA2", 
  "comments": null, 
  "config": "{}", 
  "course_load": "", 
  "current_program": "CMPT", 
  "experience": null, 
  "late": false, 
  "other_support": null, 
  "person": 109, 
  "posting": 1, 
  "rank": 0, 
  "sin": "123456789"
 }, 
 "model": "ta.taapplication", 
 "pk": 5
},
{
 "fields": {
  "admin_created": false, 
  "base_units": "5", 
  "category": "GTA2", 
  "comments": null, 
  "config": "{}", 
  "course_load": "", 
  "current_program": "CMPT", 
  "experience": null, 
  "late": false, 
  "other_support": null, 
  "person": 76, 
  "posting": 1, 
  "rank": 0, 
  "sin": "123456789"
 }, 
 "model": "ta.taapplication", 
 "pk": 6
},
{
 "fields": {
  "admin_created": false, 
  "base_units": "4", 
  "category": "GTA2", 
  "comments": null, 
  "config": "{}", 
  "course_load": "", 
  "current_program": "CMPT", 
  "experience": null, 
  "late": false, 
  "other_support": null, 
  "person": 252, 
  "posting": 1, 
  "rank": 0, 
  "sin": "123456789"
 }, 
 "model": "ta.taapplication", 
 "pk": 7
},
{
 "fields": {
  "admin_created": false, 
  "base_units": "4", 
  "category": "GTA1", 
  "comments": null, 
  "config": "{}", 
  "course_load": "", 
  "current_program": "CMPT", 
  "experience": null, 
  "late": false, 
  "other_support": null, 
  "person": 54, 
  "posting": 1, 
  "rank": 0, 
  "sin": "123456789"
 }, 
 "model": "ta.taapplication", 
 "pk": 8
},
{
 "fields": {
  "admin_created": false, 
  "base_units": "4", 
  "category": "GTA1", 
  "comments": null, 
  "config": "{}", 
  "course_load": "", 
  "current_program": "CMPT", 
  "experience": null, 
  "late": false, 
  "other_support": null, 
  "person": 186, 
  "posting": 1, 
  "rank": 0, 
  "sin": "123456789"
 }, 
 "model": "ta.taapplication", 
 "pk": 9
},
{
 "fields": {
  "admin_created": false, 
  "base_units": "5", 
  "category": "GTA1", 
  "comments": null, 
  "config": "{}", 
  "course_load": "", 
  "current_program": "CMPT", 
  "experience": null, 
  "late": false, 
  "other_support": null, 
  "person": 208, 
  "posting": 1, 
  "rank": 0, 
  "sin": "123456789"
 }, 
 "model": "ta.taapplication", 
 "pk": 10
},
{
 "fields": {
  "admin_created": false, 
  "base_units": "5", 
  "category": "GTA2", 
  "comments": null, 
  "config": "{}", 
  "course_load": "", 
  "current_program": "CMPT", 
  "experience": null, 
  "late": false, 
  "other_support": null, 
  "person": 131, 
  "posting": 1, 
  "rank": 0, 
  "sin": "123456789"
 }, 
 "model": "ta.taapplication", 
 "pk": 11
},
{
 "fields": {
  "admin_created": false, 
  "base_units": "4", 
  "category": "GTA2", 
  "comments": null, 
  "config": "{}", 
  "course_load": "", 
  "current_program": "CMPT", 
  "experience": null, 
  "late": false, 
  "other_support": null, 
  "person": 120, 
  "posting": 1, 
  "rank": 0, 
  "sin": "123456789"
 }, 
 "model": "ta.taapplication", 
 "pk": 12
},
{
 "fields": {
  "admin_created": false, 
  "base_units": "3", 
  "category": "GTA1", 
  "comments": null, 
  "config": "{}", 
  "course_load": "", 
  "current_program": "CMPT", 
  "experience": null, 
  "late": false, 
  "other_support": null, 
  "person": 32, 
  "posting": 1, 
  "rank": 0, 
  "sin": "123456789"
 }, 
 "model": "ta.taapplication", 
 "pk": 13
},
{
 "fields": {
  "admin_created": false, 
  "base_units": "5", 
  "category": "GTA2", 
  "comments": null, 
  "config": "{}", 
  "course_load": "", 
  "current_program": "CMPT", 
  "experience": null, 
  "late": false, 
  "other_support": null, 
  "person": 197, 
  "posting": 1, 
  "rank": 0, 
  "sin": "123456789"
 }, 
 "model": "ta.taapplication", 
 "pk": 14
},
{
 "fields": {
  "admin_created": false, 
  "base_units": "5", 
  "category": "GTA1", 
  "comments": null, 
  "config": "{}", 
  "course_load": "", 
  "current_program": "CMPT", 
  "experience": null, 
  "late": false, 
  "other_support": null, 
  "person": 263, 
  "posting": 1, 
  "rank": 0, 
  "sin": "123456789"
 }, 
 "model": "ta.taapplication", 
 "pk": 15
},
{
 "fields": {
  "admin_created": false, 
  "base_units": "3", 
  "category": "GTA1", 
  "comments": null, 
  "config": "{}", 
  "course_load": "", 
  "current_program": "CMPT", 
  "experience": null, 
  "late": false, 
  "other_support": null, 
  "person": 219, 
  "posting": 1, 
  "rank": 0, 
  "sin": "123456789"
 }, 
 "model": "ta.taapplication", 
 "pk": 16
},
{
 "fields": {
  "admin_created": false, 
  "base_units": "5", 
  "category": "GTA1", 
  "comments": null, 
  "config": "{}", 
  "course_load": "", 
  "current_program": "CMPT", 
  "experience": null, 
  "late": false, 
  "other_support": null, 
  "person": 285, 
  "posting": 1, 
  "rank": 0, 
  "sin": "123456789"
 }, 
 "model": "ta.taapplication", 
 "pk": 17
},
{
 "fields": {
  "admin_created": false, 
  "base_units": "4", 
  "category": "GTA2", 
  "comments": null, 
  "config": "{}", 
  "course_load": "", 
  "current_program": "CMPT", 
  "experience": null, 
  "late": false, 
  "other_support": null, 
  "person": 65, 
  "posting": 1, 
  "rank": 0, 
  "sin": "123456789"
 }, 
 "model": "ta.taapplication", 
 "pk": 18
},
{
 "fields": {
  "admin_created": false, 
  "base_units": "3", 
  "category": "GTA1", 
  "comments": null, 
  "config": "{}", 
  "course_load": "", 
  "current_program": "CMPT", 
  "experience": null, 
  "late": false, 
  "other_support": null, 
  "person": 307, 
  "posting": 1, 
  "rank": 0, 
  "sin": "123456789"
 }, 
 "model": "ta.taapplication", 
 "pk": 19
},
{
 "fields": {
  "admin_created": false, 
  "base_units": "5", 
  "category": "GTA2", 
  "comments": null, 
  "config": "{}", 
  "course_load": "", 
  "current_program": "CMPT", 
  "experience": null, 
  "late": false, 
  "other_support": null, 
  "person": 87, 
  "posting": 1, 
  "rank": 0, 
  "sin": "123456789"
 }, 
 "model": "ta.taapplication", 
 "pk": 20
},
{
 "fields": {
  "admin_created": false, 
  "base_units": "3", 
  "category": "GTA1", 
  "comments": null, 
  "config": "{}", 
  "course_load": "", 
  "current_program": "CMPT", 
  "experience": null, 
  "late": false, 
  "other_support": null, 
  "person": 43, 
  "posting": 1, 
  "rank": 0, 
  "sin": "123456789"
 }, 
 "model": "ta.taapplication", 
 "pk": 21
},
{
 "fields": {
  "admin_created": false, 
  "base_units": "5", 
  "category": "GTA1", 
  "comments": null, 
  "config": "{}", 
  "course_load": "", 
  "current_program": "CMPT", 
  "experience": null, 
  "late": false, 
  "other_support": null, 
  "person": 296, 
  "posting": 1, 
  "rank": 0, 
  "sin": "123456789"
 }, 
 "model": "ta.taapplication", 
 "pk": 22
},
{
 "fields": {
  "admin_created": false, 
  "base_units": "4", 
  "category": "GTA2", 
  "comments": null, 
  "config": "{}", 
  "course_load": "", 
  "current_program": "CMPT", 
  "experience": null, 
  "late": false, 
  "other_support": null, 
  "person": 175, 
  "posting": 1, 
  "rank": 0, 
  "sin": "123456789"
 }, 
 "model": "ta.taapplication", 
 "pk": 23
},
{
 "fields": {
  "admin_created": false, 
  "base_units": "5", 
  "category": "GTA2", 
  "comments": null, 
  "config": "{}", 
  "course_load": "", 
  "current_program": "CMPT", 
  "experience": null, 
  "late": false, 
  "other_support": null, 
  "person": 274, 
  "posting": 1, 
  "rank": 0, 
  "sin": "123456789"
 }, 
 "model": "ta.taapplication", 
 "pk": 24
},
{
 "fields": {
  "admin_created": false, 
  "base_units": "3", 
  "category": "GTA2", 
  "comments": null, 
  "config": "{}", 
  "course_load": "", 
  "current_program": "CMPT", 
  "experience": null, 
  "late": false, 
  "other_support": null, 
  "person": 230, 
  "posting": 1, 
  "rank": 0, 
  "sin": "123456789"
 }, 
 "model": "ta.taapplication", 
 "pk": 25
},
{
 "fields": {
  "admin_created": false, 
  "base_units": "5", 
  "category": "GTA2", 
  "comments": null, 
  "config": "{}", 
  "course_load": "", 
  "current_program": "CMPT", 
  "experience": null, 
  "late": false, 
  "other_support": null, 
  "person": 153, 
  "posting": 1, 
  "rank": 0, 
  "sin": "123456789"
 }, 
 "model": "ta.taapplication", 
 "pk": 26
},
{
 "fields": {
  "app": 1, 
  "course": 13, 
  "exper": "FAM", 
  "rank": 1, 
  "taken": "YES"
 }, 
 "model": "ta.coursepreference", 
 "pk": 1
},
{
 "fields": {
  "app": 1, 
  "course": 5, 
  "exper": "SOM", 
  "rank": 2, 
  "taken": "KNO"
 }, 
 "model": "ta.coursepreference", 
 "pk": 2
},
{
 "fields": {
  "app": 1, 
  "course": 9, 
  "exper": "FAM", 
  "rank": 3, 
  "taken": "KNO"
 }, 
 "model": "ta.coursepreference", 
 "pk": 3
},
{
 "fields": {
  "app": 1, 
  "course": 6, 
  "exper": "NOT", 
  "rank": 4, 
  "taken": "KNO"
 }, 
 "model": "ta.coursepreference", 
 "pk": 4
},
{
 "fields": {
  "app": 1, 
  "course": 14, 
  "exper": "NOT", 
  "rank": 5, 
  "taken": "SIM"
 }, 
 "model": "ta.coursepreference", 
 "pk": 5
},
{
 "fields": {
  "app": 2, 
  "course": 17, 
  "exper": "FAM", 
  "rank": 1, 
  "taken": "KNO"
 }, 
 "model": "ta.coursepreference", 
 "pk": 6
},
{
 "fields": {
  "app": 2, 
  "course": 5, 
  "exper": "NOT", 
  "rank": 2, 
  "taken": "YES"
 }, 
 "model": "ta.coursepreference", 
 "pk": 7
},
{
 "fields": {
  "app": 2, 
  "course": 13, 
  "exper": "SOM", 
  "rank": 3, 
  "taken": "YES"
 }, 
 "model": "ta.coursepreference", 
 "pk": 8
},
{
 "fields": {
  "app": 2, 
  "course": 5, 
  "exper": "FAM", 
  "rank": 4, 
  "taken": "SIM"
 }, 
 "model": "ta.coursepreference", 
 "pk": 9
},
{
 "fields": {
  "app": 2, 
  "course": 14, 
  "exper": "NOT", 
  "rank": 5, 
  "taken": "YES"
 }, 
 "model": "ta.coursepreference", 
 "pk": 10
},
{
 "fields": {
  "app": 3, 
  "course": 14, 
  "exper": "SOM", 
  "rank": 1, 
  "taken": "YES"
 }, 
 "model": "ta.coursepreference", 
 "pk": 11
},
{
 "fields": {
  "app": 3, 
  "course": 6, 
  "exper": "FAM", 
  "rank": 2, 
  "taken": "NO"
 }, 
 "model": "ta.coursepreference", 
 "pk": 12
},
{
 "fields": {
  "app": 3, 
  "course": 13, 
  "exper": "NOT", 
  "rank": 3, 
  "taken": "KNO"
 }, 
 "model": "ta.coursepreference", 
 "pk": 13
},
{
 "fields": {
  "app": 3, 
  "course": 5, 
  "exper": "FAM", 
  "rank": 4, 
  "taken": "KNO"
 }, 
 "model": "ta.coursepreference", 
 "pk": 14
},
{
 "fields": {
  "app": 3, 
  "course": 13, 
  "exper": "NOT", 
  "rank": 5, 
  "taken": "NO"
 }, 
 "model": "ta.coursepreference", 
 "pk": 15
},
{
 "fields": {
  "app": 4, 
  "course": 13, 
  "exper": "FAM", 
  "rank": 1, 
  "taken": "NO"
 }, 
 "model": "ta.coursepreference", 
 "pk": 16
},
{
 "fields": {
  "app": 4, 
  "course": 5, 
  "exper": "FAM", 
  "rank": 2, 
  "taken": "SIM"
 }, 
 "model": "ta.coursepreference", 
 "pk": 17
},
{
 "fields": {
  "app": 4, 
  "course": 13, 
  "exper": "NOT", 
  "rank": 3, 
  "taken": "NO"
 }, 
 "model": "ta.coursepreference", 
 "pk": 18
},
{
 "fields": {
  "app": 4, 
  "course": 5, 
  "exper": "NOT", 
  "rank": 4, 
  "taken": "KNO"
 }, 
 "model": "ta.coursepreference", 
 "pk": 19
},
{
 "fields": {
  "app": 4, 
  "course": 18, 
  "exper": "FAM", 
  "rank": 5, 
  "taken": "YES"
 }, 
 "model": "ta.coursepreference", 
 "pk": 20
},
{
 "fields": {
  "app": 5, 
  "course": 13, 
  "exper": "NOT", 
  "rank": 1, 
  "taken": "NO"
 }, 
 "model": "ta.coursepreference", 
 "pk": 21
},
{
 "fields": {
  "app": 5, 
  "course": 5, 
  "exper": "SOM", 
  "rank": 2, 
  "taken": "YES"
 }, 
 "model": "ta.coursepreference", 
 "pk": 22
},
{
 "fields": {
  "app": 5, 
  "course": 9, 
  "exper": "NOT", 
  "rank": 3, 
  "taken": "NO"
 }, 
 "model": "ta.coursepreference", 
 "pk": 23
},
{
 "fields": {
  "app": 5, 
  "course": 15, 
  "exper": "SOM", 
  "rank": 4, 
  "taken": "SIM"
 }, 
 "model": "ta.coursepreference", 
 "pk": 24
},
{
 "fields": {
  "app": 5, 
  "course": 5, 
  "exper": "FAM", 
  "rank": 5, 
  "taken": "NO"
 }, 
 "model": "ta.coursepreference", 
 "pk": 25
},
{
 "fields": {
  "app": 6, 
  "course": 6, 
  "exper": "NOT", 
  "rank": 1, 
  "taken": "KNO"
 }, 
 "model": "ta.coursepreference", 
 "pk": 26
},
{
 "fields": {
  "app": 6, 
  "course": 19, 
  "exper": "NOT", 
  "rank": 2, 
  "taken": "YES"
 }, 
 "model": "ta.coursepreference", 
 "pk": 27
},
{
 "fields": {
  "app": 6, 
  "course": 9, 
  "exper": "SOM", 
  "rank": 3, 
  "taken": "SIM"
 }, 
 "model": "ta.coursepreference", 
 "pk": 28
},
{
 "fields": {
  "app": 6, 
  "course": 5, 
  "exper": "NOT", 
  "rank": 4, 
  "taken": "YES"
 }, 
 "model": "ta.coursepreference", 
 "pk": 29
},
{
 "fields": {
  "app": 6, 
  "course": 5, 
  "exper": "FAM", 
  "rank": 5, 
  "taken": "YES"
 }, 
 "model": "ta.coursepreference", 
 "pk": 30
},
{
 "fields": {
  "app": 7, 
  "course": 14, 
  "exper": "SOM", 
  "rank": 1, 
  "taken": "YES"
 }, 
 "model": "ta.coursepreference", 
 "pk": 31
},
{
 "fields": {
  "app": 7, 
  "course": 6, 
  "exper": "SOM", 
  "rank": 2, 
  "taken": "NO"
 }, 
 "model": "ta.coursepreference", 
 "pk": 32
},
{
 "fields": {
  "app": 7, 
  "course": 13, 
  "exper": "SOM", 
  "rank": 3, 
  "taken": "NO"
 }, 
 "model": "ta.coursepreference", 
 "pk": 33
},
{
 "fields": {
  "app": 7, 
  "course": 6, 
  "exper": "FAM", 
  "rank": 4, 
  "taken": "YES"
 }, 
 "model": "ta.coursepreference", 
 "pk": 34
},
{
 "fields": {
  "app": 7, 
  "course": 5, 
  "exper": "SOM", 
  "rank": 5, 
  "taken": "KNO"
 }, 
 "model": "ta.coursepreference", 
 "pk": 35
},
{
 "fields": {
  "app": 8, 
  "course": 5, 
  "exper": "NOT", 
  "rank": 1, 
  "taken": "NO"
 }, 
 "model": "ta.coursepreference", 
 "pk": 36
},
{
 "fields": {
  "app": 8, 
  "course": 6, 
  "exper": "SOM", 
  "rank": 2, 
  "taken": "KNO"
 }, 
 "model": "ta.coursepreference", 
 "pk": 37
},
{
 "fields": {
  "app": 8, 
  "course": 15, 
  "exper": "SOM", 
  "rank": 3, 
  "taken": "KNO"
 }, 
 "model": "ta.coursepreference", 
 "pk": 38
},
{
 "fields": {
  "app": 8, 
  "course": 14, 
  "exper": "NOT", 
  "rank": 4, 
  "taken": "KNO"
 }, 
 "model": "ta.coursepreference", 
 "pk": 39
},
{
 "fields": {
  "app": 8, 
  "course": 5, 
  "exper": "NOT", 
  "rank": 5, 
  "taken": "SIM"
 }, 
 "model": "ta.coursepreference", 
 "pk": 40
},
{
 "fields": {
  "app": 9, 
  "course": 5, 
  "exper": "NOT", 
  "rank": 1, 
  "taken": "KNO"
 }, 
 "model": "ta.coursepreference", 
 "pk": 41
},
{
 "fields": {
  "app": 9, 
  "course": 15, 
  "exper": "FAM", 
  "rank": 2, 
  "taken": "SIM"
 }, 
 "model": "ta.coursepreference", 
 "pk": 42
},
{
 "fields": {
  "app": 9, 
  "course": 5, 
  "exper": "SOM", 
  "rank": 3, 
  "taken": "NO"
 }, 
 "model": "ta.coursepreference", 
 "pk": 43
},
{
 "fields": {
  "app": 9, 
  "course": 13, 
  "exper": "SOM", 
  "rank": 4, 
  "taken": "NO"
 }, 
 "model": "ta.coursepreference", 
 "pk": 44
},
{
 "fields": {
  "app": 9, 
  "course": 6, 
  "exper": "NOT", 
  "rank": 5, 
  "taken": "KNO"
 }, 
 "model": "ta.coursepreference", 
 "pk": 45
},
{
 "fields": {
  "app": 10, 
  "course": 6, 
  "exper": "FAM", 
  "rank": 1, 
  "taken": "KNO"
 }, 
 "model": "ta.coursepreference", 
 "pk": 46
},
{
 "fields": {
  "app": 10, 
  "course": 13, 
  "exper": "NOT", 
  "rank": 2, 
  "taken": "SIM"
 }, 
 "model": "ta.coursepreference", 
 "pk": 47
},
{
 "fields": {
  "app": 10, 
  "course": 5, 
  "exper": "NOT", 
  "rank": 3, 
  "taken": "NO"
 }, 
 "model": "ta.coursepreference", 
 "pk": 48
},
{
 "fields": {
  "app": 10, 
  "course": 5, 
  "exper": "SOM", 
  "rank": 4, 
  "taken": "KNO"
 }, 
 "model": "ta.coursepreference", 
 "pk": 49
},
{
 "fields": {
  "app": 10, 
  "course": 15, 
  "exper": "SOM", 
  "rank": 5, 
  "taken": "KNO"
 }, 
 "model": "ta.coursepreference", 
 "pk": 50
},
{
 "fields": {
  "app": 11, 
  "course": 6, 
  "exper": "NOT", 
  "rank": 1, 
  "taken": "NO"
 }, 
 "model": "ta.coursepreference", 
 "pk": 51
},
{
 "fields": {
  "app": 11, 
  "course": 9, 
  "exper": "NOT", 
  "rank": 2, 
  "taken": "SIM"
 }, 
 "model": "ta.coursepreference", 
 "pk": 52
},
{
 "fields": {
  "app": 11, 
  "course": 5, 
  "exper": "FAM", 
  "rank": 3, 
  "taken": "KNO"
 }, 
 "model": "ta.coursepreference", 
 "pk": 53
},
{
 "fields": {
  "app": 11, 
  "course": 6, 
  "exper": "FAM", 
  "rank": 4, 
  "taken": "KNO"
 }, 
 "model": "ta.coursepreference", 
 "pk": 54
},
{
 "fields": {
  "app": 11, 
  "course": 19, 
  "exper": "NOT", 
  "rank": 5, 
  "taken": "SIM"
 }, 
 "model": "ta.coursepreference", 
 "pk": 55
},
{
 "fields": {
  "app": 12, 
  "course": 17, 
  "exper": "NOT", 
  "rank": 1, 
  "taken": "NO"
 }, 
 "model": "ta.coursepreference", 
 "pk": 56
},
{
 "fields": {
  "app": 12, 
  "course": 18, 
  "exper": "FAM", 
  "rank": 2, 
  "taken": "KNO"
 }, 
 "model": "ta.coursepreference", 
 "pk": 57
},
{
 "fields": {
  "app": 12, 
  "course": 5, 
  "exper": "FAM", 
  "rank": 3, 
  "taken": "YES"
 }, 
 "model": "ta.coursepreference", 
 "pk": 58
},
{
 "fields": {
  "app": 12, 
  "course": 13, 
  "exper": "NOT", 
  "rank": 4, 
  "taken": "NO"
 }, 
 "model": "ta.coursepreference", 
 "pk": 59
},
{
 "fields": {
  "app": 12, 
  "course": 6, 
  "exper": "FAM", 
  "rank": 5, 
  "taken": "NO"
 }, 
 "model": "ta.coursepreference", 
 "pk": 60
},
{
 "fields": {
  "app": 13, 
  "course": 10, 
  "exper": "SOM", 
  "rank": 1, 
  "taken": "KNO"
 }, 
 "model": "ta.coursepreference", 
 "pk": 61
},
{
 "fields": {
  "app": 13, 
  "course": 9, 
  "exper": "SOM", 
  "rank": 2, 
  "taken": "SIM"
 }, 
 "model": "ta.coursepreference", 
 "pk": 62
},
{
 "fields": {
  "app": 13, 
  "course": 6, 
  "exper": "SOM", 
  "rank": 3, 
  "taken": "KNO"
 }, 
 "model": "ta.coursepreference", 
 "pk": 63
},
{
 "fields": {
  "app": 13, 
  "course": 13, 
  "exper": "NOT", 
  "rank": 4, 
  "taken": "YES"
 }, 
 "model": "ta.coursepreference", 
 "pk": 64
},
{
 "fields": {
  "app": 13, 
  "course": 19, 
  "exper": "FAM", 
  "rank": 5, 
  "taken": "KNO"
 }, 
 "model": "ta.coursepreference", 
 "pk": 65
},
{
 "fields": {
  "app": 14, 
  "course": 15, 
  "exper": "NOT", 
  "rank": 1, 
  "taken": "KNO"
 }, 
 "model": "ta.coursepreference", 
 "pk": 66
},
{
 "fields": {
  "app": 14, 
  "course": 6, 
  "exper": "FAM", 
  "rank": 2, 
  "taken": "SIM"
 }, 
 "model": "ta.coursepreference", 
 "pk": 67
},
{
 "fields": {
  "app": 14, 
  "course": 18, 
  "exper": "FAM", 
  "rank": 3, 
  "taken": "SIM"
 }, 
 "model": "ta.coursepreference", 
 "pk": 68
},
{
 "fields": {
  "app": 14, 
  "course": 9, 
  "exper": "SOM", 
  "rank": 4, 
  "taken": "NO"
 }, 
 "model": "ta.coursepreference", 
 "pk": 69
},
{
 "fields": {
  "app": 14, 
  "course": 19, 
  "exper": "SOM", 
  "rank": 5, 
  "taken": "SIM"
 }, 
 "model": "ta.coursepreference", 
 "pk": 70
},
{
 "fields": {
  "app": 15, 
  "course": 15, 
  "exper": "FAM", 
  "rank": 1, 
  "taken": "SIM"
 }, 
 "model": "ta.coursepreference", 
 "pk": 71
},
{
 "fields": {
  "app": 15, 
  "course": 6, 
  "exper": "SOM", 
  "rank": 2, 
  "taken": "SIM"
 }, 
 "model": "ta.coursepreference", 
 "pk": 72
},
{
 "fields": {
  "app": 15, 
  "course": 14, 
  "exper": "SOM", 
  "rank": 3, 
  "taken": "NO"
 }, 
 "model": "ta.coursepreference", 
 "pk": 73
},
{
 "fields": {
  "app": 15, 
  "course": 5, 
  "exper": "FAM", 
  "rank": 4, 
  "taken": "SIM"
 }, 
 "model": "ta.coursepreference", 
 "pk": 74
},
{
 "fields": {
  "app": 15, 
  "course": 5, 
  "exper": "SOM", 
  "rank": 5, 
  "taken": "YES"
 }, 
 "model": "ta.coursepreference", 
 "pk": 75
},
{
 "fields": {
  "app": 16, 
  "course": 5, 
  "exper": "SOM", 
  "rank": 1, 
  "taken": "SIM"
 }, 
 "model": "ta.coursepreference", 
 "pk": 76
},
{
 "fields": {
  "app": 16, 
  "course": 5, 
  "exper": "FAM", 
  "rank": 2, 
  "taken": "YES"
 }, 
 "model": "ta.coursepreference", 
 "pk": 77
},
{
 "fields": {
  "app": 16, 
  "course": 19, 
  "exper": "SOM", 
  "rank": 3, 
  "taken": "NO"
 }, 
 "model": "ta.coursepreference", 
 "pk": 78
},
{
 "fields": {
  "app": 16, 
  "course": 9, 
  "exper": "FAM", 
  "rank": 4, 
  "taken": "KNO"
 }, 
 "model": "ta.coursepreference", 
 "pk": 79
},
{
 "fields": {
  "app": 16, 
  "course": 13, 
  "exper": "NOT", 
  "rank": 5, 
  "taken": "NO"
 }, 
 "model": "ta.coursepreference", 
 "pk": 80
},
{
 "fields": {
  "app": 17, 
  "course": 19, 
  "exper": "FAM", 
  "rank": 1, 
  "taken": "NO"
 }, 
 "model": "ta.coursepreference", 
 "pk": 81
},
{
 "fields": {
  "app": 17, 
  "course": 5, 
  "exper": "NOT", 
  "rank": 2, 
  "taken": "SIM"
 }, 
 "model": "ta.coursepreference", 
 "pk": 82
},
{
 "fields": {
  "app": 17, 
  "course": 6, 
  "exper": "FAM", 
  "rank": 3, 
  "taken": "NO"
 }, 
 "model": "ta.coursepreference", 
 "pk": 83
},
{
 "fields": {
  "app": 17, 
  "course": 17, 
  "exper": "SOM", 
  "rank": 4, 
  "taken": "KNO"
 }, 
 "model": "ta.coursepreference", 
 "pk": 84
},
{
 "fields": {
  "app": 17, 
  "course": 6, 
  "exper": "NOT", 
  "rank": 5, 
  "taken": "YES"
 }, 
 "model": "ta.coursepreference", 
 "pk": 85
},
{
 "fields": {
  "app": 18, 
  "course": 14, 
  "exper": "SOM", 
  "rank": 1, 
  "taken": "NO"
 }, 
 "model": "ta.coursepreference", 
 "pk": 86
},
{
 "fields": {
  "app": 18, 
  "course": 13, 
  "exper": "FAM", 
  "rank": 2, 
  "taken": "NO"
 }, 
 "model": "ta.coursepreference", 
 "pk": 87
},
{
 "fields": {
  "app": 18, 
  "course": 5, 
  "exper": "FAM", 
  "rank": 3, 
  "taken": "SIM"
 }, 
 "model": "ta.coursepreference", 
 "pk": 88
},
{
 "fields": {
  "app": 18, 
  "course": 6, 
  "exper": "NOT", 
  "rank": 4, 
  "taken": "KNO"
 }, 
 "model": "ta.coursepreference", 
 "pk": 89
},
{
 "fields": {
  "app": 18, 
  "course": 17, 
  "exper": "NOT", 
  "rank": 5, 
  "taken": "YES"
 }, 
 "model": "ta.coursepreference", 
 "pk": 90
},
{
 "fields": {
  "app": 19, 
  "course": 13, 
  "exper": "SOM", 
  "rank": 1, 
  "taken": "KNO"
 }, 
 "model": "ta.coursepreference", 
 "pk": 91
},
{
 "fields": {
  "app": 19, 
  "course": 13, 
  "exper": "SOM", 
  "rank": 2, 
  "taken": "SIM"
 }, 
 "model": "ta.coursepreference", 
 "pk": 92
},
{
 "fields": {
  "app": 19, 
  "course": 17, 
  "exper": "FAM", 
  "rank": 3, 
  "taken": "KNO"
 }, 
 "model": "ta.coursepreference", 
 "pk": 93
},
{
 "fields": {
  "app": 19, 
  "course": 5, 
  "exper": "SOM", 
  "rank": 4, 
  "taken": "NO"
 }, 
 "model": "ta.coursepreference", 
 "pk": 94
},
{
 "fields": {
  "app": 19, 
  "course": 18, 
  "exper": "FAM", 
  "rank": 5, 
  "taken": "SIM"
 }, 
 "model": "ta.coursepreference", 
 "pk": 95
},
{
 "fields": {
  "app": 20, 
  "course": 17, 
  "exper": "SOM", 
  "rank": 1, 
  "taken": "YES"
 }, 
 "model": "ta.coursepreference", 
 "pk": 96
},
{
 "fields": {
  "app": 20, 
  "course": 15, 
  "exper": "NOT", 
  "rank": 2, 
  "taken": "YES"
 }, 
 "model": "ta.coursepreference", 
 "pk": 97
},
{
 "fields": {
  "app": 20, 
  "course": 6, 
  "exper": "FAM", 
  "rank": 3, 
  "taken": "SIM"
 }, 
 "model": "ta.coursepreference", 
 "pk": 98
},
{
 "fields": {
  "app": 20, 
  "course": 6, 
  "exper": "FAM", 
  "rank": 4, 
  "taken": "YES"
 }, 
 "model": "ta.coursepreference", 
 "pk": 99
},
{
 "fields": {
  "app": 20, 
  "course": 19, 
  "exper": "SOM", 
  "rank": 5, 
  "taken": "NO"
 }, 
 "model": "ta.coursepreference", 
 "pk": 100
},
{
 "fields": {
  "app": 21, 
  "course": 17, 
  "exper": "NOT", 
  "rank": 1, 
  "taken": "KNO"
 }, 
 "model": "ta.coursepreference", 
 "pk": 101
},
{
 "fields": {
  "app": 21, 
  "course": 14, 
  "exper": "NOT", 
  "rank": 2, 
  "taken": "YES"
 }, 
 "model": "ta.coursepreference", 
 "pk": 102
},
{
 "fields": {
  "app": 21, 
  "course": 15, 
  "exper": "FAM", 
  "rank": 3, 
  "taken": "SIM"
 }, 
 "model": "ta.coursepreference", 
 "pk": 103
},
{
 "fields": {
  "app": 21, 
  "course": 5, 
  "exper": "FAM", 
  "rank": 4, 
  "taken": "KNO"
 }, 
 "model": "ta.coursepreference", 
 "pk": 104
},
{
 "fields": {
  "app": 21, 
  "course": 5, 
  "exper": "SOM", 
  "rank": 5, 
  "taken": "NO"
 }, 
 "model": "ta.coursepreference", 
 "pk": 105
},
{
 "fields": {
  "app": 22, 
  "course": 13, 
  "exper": "FAM", 
  "rank": 1, 
  "taken": "NO"
 }, 
 "model": "ta.coursepreference", 
 "pk": 106
},
{
 "fields": {
  "app": 22, 
  "course": 13, 
  "exper": "FAM", 
  "rank": 2, 
  "taken": "KNO"
 }, 
 "model": "ta.coursepreference", 
 "pk": 107
},
{
 "fields": {
  "app": 22, 
  "course": 5, 
  "exper": "SOM", 
  "rank": 3, 
  "taken": "KNO"
 }, 
 "model": "ta.coursepreference", 
 "pk": 108
},
{
 "fields": {
  "app": 22, 
  "course": 15, 
  "exper": "FAM", 
  "rank": 4, 
  "taken": "KNO"
 }, 
 "model": "ta.coursepreference", 
 "pk": 109
},
{
 "fields": {
  "app": 22, 
  "course": 5, 
  "exper": "SOM", 
  "rank": 5, 
  "taken": "YES"
 }, 
 "model": "ta.coursepreference", 
 "pk": 110
},
{
 "fields": {
  "app": 23, 
  "course": 9, 
  "exper": "NOT", 
  "rank": 1, 
  "taken": "NO"
 }, 
 "model": "ta.coursepreference", 
 "pk": 111
},
{
 "fields": {
  "app": 23, 
  "course": 18, 
  "exper": "NOT", 
  "rank": 2, 
  "taken": "YES"
 }, 
 "model": "ta.coursepreference", 
 "pk": 112
},
{
 "fields": {
  "app": 23, 
  "course": 13, 
  "exper": "SOM", 
  "rank": 3, 
  "taken": "YES"
 }, 
 "model": "ta.coursepreference", 
 "pk": 113
},
{
 "fields": {
  "app": 23, 
  "course": 5, 
  "exper": "FAM", 
  "rank": 4, 
  "taken": "NO"
 }, 
 "model": "ta.coursepreference", 
 "pk": 114
},
{
 "fields": {
  "app": 23, 
  "course": 10, 
  "exper": "SOM", 
  "rank": 5, 
  "taken": "SIM"
 }, 
 "model": "ta.coursepreference", 
 "pk": 115
},
{
 "fields": {
  "app": 24, 
  "course": 14, 
  "exper": "FAM", 
  "rank": 1, 
  "taken": "SIM"
 }, 
 "model": "ta.coursepreference", 
 "pk": 116
},
{
 "fields": {
  "app": 24, 
  "course": 13, 
  "exper": "FAM", 
  "rank": 2, 
  "taken": "KNO"
 }, 
 "model": "ta.coursepreference", 
 "pk": 117
},
{
 "fields": {
  "app": 24, 
  "course": 13, 
  "exper": "FAM", 
  "rank": 3, 
  "taken": "KNO"
 }, 
 "model": "ta.coursepreference", 
 "pk": 118
},
{
 "fields": {
  "app": 24, 
  "course": 9, 
  "exper": "FAM", 
  "rank": 4, 
  "taken": "YES"
 }, 
 "model": "ta.coursepreference", 
 "pk": 119
},
{
 "fields": {
  "app": 24, 
  "course": 6, 
  "exper": "SOM", 
  "rank": 5, 
  "taken": "KNO"
 }, 
 "model": "ta.coursepreference", 
 "pk": 120
},
{
 "fields": {
  "app": 25, 
  "course": 6, 
  "exper": "FAM", 
  "rank": 1, 
  "taken": "SIM"
 }, 
 "model": "ta.coursepreference", 
 "pk": 121
},
{
 "fields": {
  "app": 25, 
  "course": 18, 
  "exper": "NOT", 
  "rank": 2, 
  "taken": "KNO"
 }, 
 "model": "ta.coursepreference", 
 "pk": 122
},
{
 "fields": {
  "app": 25, 
  "course": 6, 
  "exper": "FAM", 
  "rank": 3, 
  "taken": "SIM"
 }, 
 "model": "ta.coursepreference", 
 "pk": 123
},
{
 "fields": {
  "app": 25, 
  "course": 13, 
  "exper": "FAM", 
  "rank": 4, 
  "taken": "YES"
 }, 
 "model": "ta.coursepreference", 
 "pk": 124
},
{
 "fields": {
  "app": 25, 
  "course": 5, 
  "exper": "FAM", 
  "rank": 5, 
  "taken": "SIM"
 }, 
 "model": "ta.coursepreference", 
 "pk": 125
},
{
 "fields": {
  "app": 26, 
  "course": 15, 
  "exper": "FAM", 
  "rank": 1, 
  "taken": "NO"
 }, 
 "model": "ta.coursepreference", 
 "pk": 126
},
{
 "fields": {
  "app": 26, 
  "course": 6, 
  "exper": "NOT", 
  "rank": 2, 
  "taken": "SIM"
 }, 
 "model": "ta.coursepreference", 
 "pk": 127
},
{
 "fields": {
  "app": 26, 
  "course": 9, 
  "exper": "NOT", 
  "rank": 3, 
  "taken": "NO"
 }, 
 "model": "ta.coursepreference", 
 "pk": 128
},
{
 "fields": {
  "app": 26, 
  "course": 10, 
  "exper": "FAM", 
  "rank": 4, 
  "taken": "NO"
 }, 
 "model": "ta.coursepreference", 
 "pk": 129
},
{
 "fields": {
  "app": 26, 
  "course": 13, 
  "exper": "NOT", 
  "rank": 5, 
  "taken": "YES"
 }, 
 "model": "ta.coursepreference", 
 "pk": 130
},
{
 "fields": {
  "config": "{}", 
  "description": "Office/Marking", 
  "hidden": false, 
  "labtut": false, 
  "unit": 4
 }, 
 "model": "ta.coursedescription", 
 "pk": 1
},
{
 "fields": {
  "config": "{}", 
  "description": "Office/Marking/Lab", 
  "hidden": false, 
  "labtut": true, 
  "unit": 4
 }, 
 "model": "ta.coursedescription", 
 "pk": 2
},
{
 "fields": {
  "application": 1, 
  "appt": "INIT", 
  "appt_category": "GTA2", 
  "appt_cond": false, 
  "appt_tssu": true, 
  "created_at": "2014-05-30T15:27:23.120", 
  "created_by": "", 
  "deadline": "2014-04-25", 
  "pay_end": "2014-08-01", 
  "pay_per_bu": "972", 
  "pay_start": "2014-05-05", 
  "position_number": 2, 
  "posting": 1, 
  "remarks": "", 
  "scholarship_per_bu": "340", 
  "sin": "123456789", 
  "status": "NEW", 
  "updated_at": "2014-05-30T15:27:23.120"
 }, 
 "model": "ta.tacontract", 
 "pk": 1
},
{
 "fields": {
  "application": 3, 
  "appt": "INIT", 
  "appt_category": "GTA1", 
  "appt_cond": false, 
  "appt_tssu": true, 
  "created_at": "2014-05-30T15:27:25.034", 
  "created_by": "", 
  "deadline": "2014-04-25", 
  "pay_end": "2014-08-01", 
  "pay_per_bu": "972", 
  "pay_start": "2014-05-05", 
  "position_number": 1, 
  "posting": 1, 
  "remarks": "", 
  "scholarship_per_bu": "135", 
  "sin": "123456789", 
  "status": "NEW", 
  "updated_at": "2014-05-30T15:27:25.034"
 }, 
 "model": "ta.tacontract", 
 "pk": 2
},
{
 "fields": {
  "application": 4, 
  "appt": "INIT", 
  "appt_category": "GTA1", 
  "appt_cond": false, 
  "appt_tssu": true, 
  "created_at": "2014-05-30T15:27:26.330", 
  "created_by": "", 
  "deadline": "2014-04-25", 
  "pay_end": "2014-08-01", 
  "pay_per_bu": "972", 
  "pay_start": "2014-05-05", 
  "position_number": 1, 
  "posting": 1, 
  "remarks": "", 
  "scholarship_per_bu": "135", 
  "sin": "123456789", 
  "status": "OPN", 
  "updated_at": "2014-05-30T15:27:26.330"
 }, 
 "model": "ta.tacontract", 
 "pk": 3
},
{
 "fields": {
  "application": 6, 
  "appt": "INIT", 
  "appt_category": "GTA2", 
  "appt_cond": false, 
  "appt_tssu": true, 
  "created_at": "2014-05-30T15:27:28.590", 
  "created_by": "", 
  "deadline": "2014-04-25", 
  "pay_end": "2014-08-01", 
  "pay_per_bu": "972", 
  "pay_start": "2014-05-05", 
  "position_number": 2, 
  "posting": 1, 
  "remarks": "", 
  "scholarship_per_bu": "340", 
  "sin": "123456789", 
  "status": "OPN", 
  "updated_at": "2014-05-30T15:27:28.590"
 }, 
 "model": "ta.tacontract", 
 "pk": 4
},
{
 "fields": {
  "application": 7, 
  "appt": "INIT", 
  "appt_category": "GTA2", 
  "appt_cond": false, 
  "appt_tssu": true, 
  "created_at": "2014-05-30T15:27:29.932", 
  "created_by": "", 
  "deadline": "2014-04-25", 
  "pay_end": "2014-08-01", 
  "pay_per_bu": "972", 
  "pay_start": "2014-05-05", 
  "position_number": 2, 
  "posting": 1, 
  "remarks": "", 
  "scholarship_per_bu": "340", 
  "sin": "123456789", 
  "status": "ACC", 
  "updated_at": "2014-05-30T15:27:29.932"
 }, 
 "model": "ta.tacontract", 
 "pk": 5
},
{
 "fields": {
  "application": 14, 
  "appt": "INIT", 
  "appt_category": "GTA2", 
  "appt_cond": false, 
  "appt_tssu": true, 
  "created_at": "2014-05-30T15:27:37.170", 
  "created_by": "", 
  "deadline": "2014-04-25", 
  "pay_end": "2014-08-01", 
  "pay_per_bu": "972", 
  "pay_start": "2014-05-05", 
  "position_number": 2, 
  "posting": 1, 
  "remarks": "", 
  "scholarship_per_bu": "340", 
  "sin": "123456789", 
  "status": "OPN", 
  "updated_at": "2014-05-30T15:27:37.170"
 }, 
 "model": "ta.tacontract", 
 "pk": 6
},
{
 "fields": {
  "application": 15, 
  "appt": "INIT", 
  "appt_category": "GTA1", 
  "appt_cond": false, 
  "appt_tssu": true, 
  "created_at": "2014-05-30T15:27:38.680", 
  "created_by": "", 
  "deadline": "2014-04-25", 
  "pay_end": "2014-08-01", 
  "pay_per_bu": "972", 
  "pay_start": "2014-05-05", 
  "position_number": 1, 
  "posting": 1, 
  "remarks": "", 
  "scholarship_per_bu": "135", 
  "sin": "123456789", 
  "status": "ACC", 
  "updated_at": "2014-05-30T15:27:38.680"
 }, 
 "model": "ta.tacontract", 
 "pk": 7
},
{
 "fields": {
  "application": 16, 
  "appt": "INIT", 
  "appt_category": "GTA1", 
  "appt_cond": false, 
  "appt_tssu": true, 
  "created_at": "2014-05-30T15:27:39.951", 
  "created_by": "", 
  "deadline": "2014-04-25", 
  "pay_end": "2014-08-01", 
  "pay_per_bu": "972", 
  "pay_start": "2014-05-05", 
  "position_number": 1, 
  "posting": 1, 
  "remarks": "", 
  "scholarship_per_bu": "135", 
  "sin": "123456789", 
  "status": "ACC", 
  "updated_at": "2014-05-30T15:27:39.951"
 }, 
 "model": "ta.tacontract", 
 "pk": 8
},
{
 "fields": {
  "application": 17, 
  "appt": "INIT", 
  "appt_category": "GTA1", 
  "appt_cond": false, 
  "appt_tssu": true, 
  "created_at": "2014-05-30T15:27:41.137", 
  "created_by": "", 
  "deadline": "2014-04-25", 
  "pay_end": "2014-08-01", 
  "pay_per_bu": "972", 
  "pay_start": "2014-05-05", 
  "position_number": 1, 
  "posting": 1, 
  "remarks": "", 
  "scholarship_per_bu": "135", 
  "sin": "123456789", 
  "status": "OPN", 
  "updated_at": "2014-05-30T15:27:41.137"
 }, 
 "model": "ta.tacontract", 
 "pk": 9
},
{
 "fields": {
  "application": 18, 
  "appt": "INIT", 
  "appt_category": "GTA2", 
  "appt_cond": false, 
  "appt_tssu": true, 
  "created_at": "2014-05-30T15:27:42.817", 
  "created_by": "", 
  "deadline": "2014-04-25", 
  "pay_end": "2014-08-01", 
  "pay_per_bu": "972", 
  "pay_start": "2014-05-05", 
  "position_number": 2, 
  "posting": 1, 
  "remarks": "", 
  "scholarship_per_bu": "340", 
  "sin": "123456789", 
  "status": "ACC", 
  "updated_at": "2014-05-30T15:27:42.817"
 }, 
 "model": "ta.tacontract", 
 "pk": 10
},
{
 "fields": {
  "application": 19, 
  "appt": "INIT", 
  "appt_category": "GTA1", 
  "appt_cond": false, 
  "appt_tssu": true, 
  "created_at": "2014-05-30T15:27:44.262", 
  "created_by": "", 
  "deadline": "2014-04-25", 
  "pay_end": "2014-08-01", 
  "pay_per_bu": "972", 
  "pay_start": "2014-05-05", 
  "position_number": 1, 
  "posting": 1, 
  "remarks": "", 
  "scholarship_per_bu": "135", 
  "sin": "123456789", 
  "status": "NEW", 
  "updated_at": "2014-05-30T15:27:44.263"
 }, 
 "model": "ta.tacontract", 
 "pk": 11
},
{
 "fields": {
  "application": 20, 
  "appt": "INIT", 
  "appt_category": "GTA2", 
  "appt_cond": false, 
  "appt_tssu": true, 
  "created_at": "2014-05-30T15:27:45.467", 
  "created_by": "", 
  "deadline": "2014-04-25", 
  "pay_end": "2014-08-01", 
  "pay_per_bu": "972", 
  "pay_start": "2014-05-05", 
  "position_number": 2, 
  "posting": 1, 
  "remarks": "", 
  "scholarship_per_bu": "340", 
  "sin": "123456789", 
  "status": "NEW", 
  "updated_at": "2014-05-30T15:27:45.467"
 }, 
 "model": "ta.tacontract", 
 "pk": 12
},
{
 "fields": {
  "application": 23, 
  "appt": "INIT", 
  "appt_category": "GTA2", 
  "appt_cond": false, 
  "appt_tssu": true, 
  "created_at": "2014-05-30T15:27:48.767", 
  "created_by": "", 
  "deadline": "2014-04-25", 
  "pay_end": "2014-08-01", 
  "pay_per_bu": "972", 
  "pay_start": "2014-05-05", 
  "position_number": 2, 
  "posting": 1, 
  "remarks": "", 
  "scholarship_per_bu": "340", 
  "sin": "123456789", 
  "status": "OPN", 
  "updated_at": "2014-05-30T15:27:48.767"
 }, 
 "model": "ta.tacontract", 
 "pk": 13
},
{
 "fields": {
  "application": 24, 
  "appt": "INIT", 
  "appt_category": "GTA2", 
  "appt_cond": false, 
  "appt_tssu": true, 
  "created_at": "2014-05-30T15:27:50.165", 
  "created_by": "", 
  "deadline": "2014-04-25", 
  "pay_end": "2014-08-01", 
  "pay_per_bu": "972", 
  "pay_start": "2014-05-05", 
  "position_number": 2, 
  "posting": 1, 
  "remarks": "", 
  "scholarship_per_bu": "340", 
  "sin": "123456789", 
  "status": "NEW", 
  "updated_at": "2014-05-30T15:27:50.165"
 }, 
 "model": "ta.tacontract", 
 "pk": 14
},
{
 "fields": {
  "application": 25, 
  "appt": "INIT", 
  "appt_category": "GTA2", 
  "appt_cond": false, 
  "appt_tssu": true, 
  "created_at": "2014-05-30T15:27:51.366", 
  "created_by": "", 
  "deadline": "2014-04-25", 
  "pay_end": "2014-08-01", 
  "pay_per_bu": "972", 
  "pay_start": "2014-05-05", 
  "position_number": 2, 
  "posting": 1, 
  "remarks": "", 
  "scholarship_per_bu": "340", 
  "sin": "123456789", 
  "status": "ACC", 
  "updated_at": "2014-05-30T15:27:51.367"
 }, 
 "model": "ta.tacontract", 
 "pk": 15
},
{
 "fields": {
  "bu": "4", 
  "contract": 1, 
  "course": 18, 
  "description": 1
 }, 
 "model": "ta.tacourse", 
 "pk": 1
},
{
 "fields": {
  "bu": "3", 
  "contract": 2, 
  "course": 46, 
  "description": 1
 }, 
 "model": "ta.tacourse", 
 "pk": 2
},
{
 "fields": {
  "bu": "5", 
  "contract": 3, 
  "course": 19, 
  "description": 1
 }, 
 "model": "ta.tacourse", 
 "pk": 3
},
{
 "fields": {
  "bu": "5", 
  "contract": 4, 
  "course": 23, 
  "description": 1
 }, 
 "model": "ta.tacourse", 
 "pk": 4
},
{
 "fields": {
  "bu": "4", 
  "contract": 5, 
  "course": 46, 
  "description": 1
 }, 
 "model": "ta.tacourse", 
 "pk": 5
},
{
 "fields": {
  "bu": "4", 
  "contract": 5, 
  "course": 43, 
  "description": 1
 }, 
 "model": "ta.tacourse", 
 "pk": 6
},
{
 "fields": {
  "bu": "5", 
  "contract": 6, 
  "course": 47, 
  "description": 1
 }, 
 "model": "ta.tacourse", 
 "pk": 7
},
{
 "fields": {
  "bu": "5", 
  "contract": 6, 
  "course": 29, 
  "description": 1
 }, 
 "model": "ta.tacourse", 
 "pk": 8
},
{
 "fields": {
  "bu": "5", 
  "contract": 7, 
  "course": 46, 
  "description": 1
 }, 
 "model": "ta.tacourse", 
 "pk": 9
},
{
 "fields": {
  "bu": "3", 
  "contract": 8, 
  "course": 17, 
  "description": 1
 }, 
 "model": "ta.tacourse", 
 "pk": 10
},
{
 "fields": {
  "bu": "5", 
  "contract": 9, 
  "course": 53, 
  "description": 1
 }, 
 "model": "ta.tacourse", 
 "pk": 11
},
{
 "fields": {
  "bu": "5", 
  "contract": 9, 
  "course": 16, 
  "description": 2
 }, 
 "model": "ta.tacourse", 
 "pk": 12
},
{
 "fields": {
  "bu": "5", 
  "contract": 9, 
  "course": 23, 
  "description": 1
 }, 
 "model": "ta.tacourse", 
 "pk": 13
},
{
 "fields": {
  "bu": "4", 
  "contract": 10, 
  "course": 46, 
  "description": 1
 }, 
 "model": "ta.tacourse", 
 "pk": 14
},
{
 "fields": {
  "bu": "4", 
  "contract": 10, 
  "course": 22, 
  "description": 1
 }, 
 "model": "ta.tacourse", 
 "pk": 15
},
{
 "fields": {
  "bu": "3", 
  "contract": 11, 
  "course": 43, 
  "description": 1
 }, 
 "model": "ta.tacourse", 
 "pk": 16
},
{
 "fields": {
  "bu": "5", 
  "contract": 12, 
  "course": 49, 
  "description": 1
 }, 
 "model": "ta.tacourse", 
 "pk": 17
},
{
 "fields": {
  "bu": "4", 
  "contract": 13, 
  "course": 43, 
  "description": 1
 }, 
 "model": "ta.tacourse", 
 "pk": 18
},
{
 "fields": {
  "bu": "4", 
  "contract": 13, 
  "course": 18, 
  "description": 1
 }, 
 "model": "ta.tacourse", 
 "pk": 19
},
{
 "fields": {
  "bu": "5", 
  "contract": 14, 
  "course": 46, 
  "description": 1
 }, 
 "model": "ta.tacourse", 
 "pk": 20
},
{
 "fields": {
  "bu": "3", 
  "contract": 15, 
  "course": 22, 
  "description": 1
 }, 
 "model": "ta.tacourse", 
 "pk": 21
},
{
 "fields": {
  "account": 5, 
  "biweekly_pay": "0", 
  "comments": "", 
  "config": "{\"use_hourly\":false}", 
  "created_at": "2014-05-30T15:27:54.077", 
  "deleted": false, 
  "dental_benefits": false, 
  "end_date": "2014-04-01", 
  "hiring_category": "RAR", 
  "hiring_faculty": 16, 
  "hourly_pay": "0", 
  "hours": "0", 
  "lump_sum_hours": null, 
  "lump_sum_pay": "4000", 
  "medical_benefits": false, 
  "notes": "", 
  "offer_letter_text": null, 
  "pay_frequency": "L", 
  "pay_periods": "8", 
  "person": 241, 
  "project": 1, 
  "reappointment": false, 
  "scholarship": null, 
  "sin": 123456789, 
  "slug": "cmpt-2014-0tttgrad", 
  "start_date": "2014-01-05", 
  "unit": 4
 }, 
 "model": "ra.raappointment", 
 "pk": 3
},
{
 "fields": {
  "account": 5, 
  "biweekly_pay": "0", 
  "comments": "", 
  "config": "{\"use_hourly\":false}", 
  "created_at": "2014-05-30T15:27:56.365", 
  "deleted": false, 
  "dental_benefits": false, 
  "end_date": "2014-04-01", 
  "hiring_category": "PDF", 
  "hiring_faculty": 16, 
  "hourly_pay": "0", 
  "hours": "0", 
  "lump_sum_hours": null, 
  "lump_sum_pay": "4000", 
  "medical_benefits": false, 
  "notes": "", 
  "offer_letter_text": null, 
  "pay_frequency": "L", 
  "pay_periods": "8", 
  "person": 241, 
  "project": 2, 
  "reappointment": false, 
  "scholarship": null, 
  "sin": 123456789, 
  "slug": "cmpt-2014-0tttgrad-2", 
  "start_date": "2014-01-05", 
  "unit": 4
 }, 
 "model": "ra.raappointment", 
 "pk": 12
},
{
 "fields": {
  "account": 5, 
  "biweekly_pay": "0", 
  "comments": "", 
  "config": "{\"use_hourly\":false}", 
  "created_at": "2014-05-30T15:27:58.191", 
  "deleted": false, 
  "dental_benefits": false, 
  "end_date": "2014-04-01", 
  "hiring_category": "RSS", 
  "hiring_faculty": 16, 
  "hourly_pay": "0", 
  "hours": "0", 
  "lump_sum_hours": null, 
  "lump_sum_pay": "4000", 
  "medical_benefits": false, 
  "notes": "", 
  "offer_letter_text": null, 
  "pay_frequency": "L", 
  "pay_periods": "8", 
  "person": 241, 
  "project": 2, 
  "reappointment": false, 
  "scholarship": null, 
  "sin": 123456789, 
  "slug": "cmpt-2014-0tttgrad-3", 
  "start_date": "2014-01-05", 
  "unit": 4
 }, 
 "model": "ra.raappointment", 
 "pk": 22
},
{
 "fields": {
  "account": 5, 
  "biweekly_pay": "1250", 
  "comments": "", 
  "config": "{\"use_hourly\":false}", 
  "created_at": "2014-05-30T15:27:54.950", 
  "deleted": false, 
  "dental_benefits": false, 
  "end_date": "2014-04-01", 
  "hiring_category": "PDF", 
  "hiring_faculty": 16, 
  "hourly_pay": "31", 
  "hours": "40", 
  "lump_sum_hours": null, 
  "lump_sum_pay": "10000", 
  "medical_benefits": false, 
  "notes": "", 
  "offer_letter_text": null, 
  "pay_frequency": "B", 
  "pay_periods": "8", 
  "person": 142, 
  "project": 2, 
  "reappointment": false, 
  "scholarship": null, 
  "sin": 123456789, 
  "slug": "cmpt-2014-0kkkgrad", 
  "start_date": "2014-01-05", 
  "unit": 4
 }, 
 "model": "ra.raappointment", 
 "pk": 6
},
{
 "fields": {
  "account": 5, 
  "biweekly_pay": "1250", 
  "comments": "", 
  "config": "{\"use_hourly\":true}", 
  "created_at": "2014-05-30T15:27:59.337", 
  "deleted": false, 
  "dental_benefits": false, 
  "end_date": "2014-04-01", 
  "hiring_category": "RA2", 
  "hiring_faculty": 3, 
  "hourly_pay": "31", 
  "hours": "40", 
  "lump_sum_hours": null, 
  "lump_sum_pay": "10000", 
  "medical_benefits": false, 
  "notes": "", 
  "offer_letter_text": null, 
  "pay_frequency": "B", 
  "pay_periods": "8", 
  "person": 109, 
  "project": 2, 
  "reappointment": false, 
  "scholarship": null, 
  "sin": 123456789, 
  "slug": "cmpt-2014-0hhhgrad", 
  "start_date": "2014-01-05", 
  "unit": 4
 }, 
 "model": "ra.raappointment", 
 "pk": 27
},
{
 "fields": {
  "account": 5, 
  "biweekly_pay": "1250", 
  "comments": "", 
  "config": "{\"use_hourly\":true}", 
  "created_at": "2014-05-30T15:27:53.541", 
  "deleted": false, 
  "dental_benefits": false, 
  "end_date": "2014-04-01", 
  "hiring_category": "PDF", 
  "hiring_faculty": 7, 
  "hourly_pay": "31", 
  "hours": "40", 
  "lump_sum_hours": null, 
  "lump_sum_pay": "10000", 
  "medical_benefits": false, 
  "notes": "", 
  "offer_letter_text": null, 
  "pay_frequency": "B", 
  "pay_periods": "8", 
  "person": 186, 
  "project": 2, 
  "reappointment": false, 
  "scholarship": null, 
  "sin": 123456789, 
  "slug": "cmpt-2014-0ooograd", 
  "start_date": "2014-01-05", 
  "unit": 4
 }, 
 "model": "ra.raappointment", 
 "pk": 1
},
{
 "fields": {
  "account": 5, 
  "biweekly_pay": "0", 
  "comments": "", 
  "config": "{\"use_hourly\":true}", 
  "created_at": "2014-05-30T15:27:54.604", 
  "deleted": false, 
  "dental_benefits": false, 
  "end_date": "2014-04-01", 
  "hiring_category": "RSS", 
  "hiring_faculty": 11, 
  "hourly_pay": "0", 
  "hours": "0", 
  "lump_sum_hours": null, 
  "lump_sum_pay": "4000", 
  "medical_benefits": false, 
  "notes": "", 
  "offer_letter_text": null, 
  "pay_frequency": "L", 
  "pay_periods": "8", 
  "person": 131, 
  "project": 2, 
  "reappointment": false, 
  "scholarship": null, 
  "sin": 123456789, 
  "slug": "cmpt-2014-0jjjgrad", 
  "start_date": "2014-01-05", 
  "unit": 4
 }, 
 "model": "ra.raappointment", 
 "pk": 5
},
{
 "fields": {
  "account": 5, 
  "biweekly_pay": "0", 
  "comments": "", 
  "config": "{\"use_hourly\":true}", 
  "created_at": "2014-05-30T15:27:56.666", 
  "deleted": false, 
  "dental_benefits": false, 
  "end_date": "2014-04-01", 
  "hiring_category": "NS", 
  "hiring_faculty": 16, 
  "hourly_pay": "0", 
  "hours": "0", 
  "lump_sum_hours": null, 
  "lump_sum_pay": "4000", 
  "medical_benefits": false, 
  "notes": "", 
  "offer_letter_text": null, 
  "pay_frequency": "L", 
  "pay_periods": "8", 
  "person": 131, 
  "project": 2, 
  "reappointment": false, 
  "scholarship": null, 
  "sin": 123456789, 
  "slug": "cmpt-2014-0jjjgrad-2", 
  "start_date": "2014-01-05", 
  "unit": 4
 }, 
 "model": "ra.raappointment", 
 "pk": 14
},
{
 "fields": {
  "account": 5, 
  "biweekly_pay": "0", 
  "comments": "", 
  "config": "{\"use_hourly\":true}", 
  "created_at": "2014-05-30T15:27:57.282", 
  "deleted": false, 
  "dental_benefits": false, 
  "end_date": "2014-04-01", 
  "hiring_category": "RA", 
  "hiring_faculty": 15, 
  "hourly_pay": "0", 
  "hours": "0", 
  "lump_sum_hours": null, 
  "lump_sum_pay": "4000", 
  "medical_benefits": false, 
  "notes": "", 
  "offer_letter_text": null, 
  "pay_frequency": "L", 
  "pay_periods": "8", 
  "person": 131, 
  "project": 2, 
  "reappointment": false, 
  "scholarship": null, 
  "sin": 123456789, 
  "slug": "cmpt-2014-0jjjgrad-3", 
  "start_date": "2014-01-05", 
  "unit": 4
 }, 
 "model": "ra.raappointment", 
 "pk": 17
},
{
 "fields": {
  "account": 5, 
  "biweekly_pay": "0", 
  "comments": "", 
  "config": "{\"use_hourly\":false}", 
  "created_at": "2014-05-30T15:27:57.431", 
  "deleted": false, 
  "dental_benefits": false, 
  "end_date": "2014-04-01", 
  "hiring_category": "RA", 
  "hiring_faculty": 6, 
  "hourly_pay": "0", 
  "hours": "0", 
  "lump_sum_hours": null, 
  "lump_sum_pay": "4000", 
  "medical_benefits": false, 
  "notes": "", 
  "offer_letter_text": null, 
  "pay_frequency": "L", 
  "pay_periods": "8", 
  "person": 131, 
  "project": 2, 
  "reappointment": false, 
  "scholarship": null, 
  "sin": 123456789, 
  "slug": "cmpt-2014-0jjjgrad-4", 
  "start_date": "2014-01-05", 
  "unit": 4
 }, 
 "model": "ra.raappointment", 
 "pk": 18
},
{
 "fields": {
  "account": 5, 
  "biweekly_pay": "1250", 
  "comments": "", 
  "config": "{\"use_hourly\":true}", 
  "created_at": "2014-05-30T15:27:59.804", 
  "deleted": false, 
  "dental_benefits": false, 
  "end_date": "2014-04-01", 
  "hiring_category": "RSS", 
  "hiring_faculty": 4, 
  "hourly_pay": "31", 
  "hours": "40", 
  "lump_sum_hours": null, 
  "lump_sum_pay": "10000", 
  "medical_benefits": false, 
  "notes": "", 
  "offer_letter_text": null, 
  "pay_frequency": "B", 
  "pay_periods": "8", 
  "person": 120, 
  "project": 1, 
  "reappointment": false, 
  "scholarship": null, 
  "sin": 123456789, 
  "slug": "cmpt-2014-0iiigrad", 
  "start_date": "2014-01-05", 
  "unit": 4
 }, 
 "model": "ra.raappointment", 
 "pk": 29
},
{
 "fields": {
  "account": 5, 
  "biweekly_pay": "0", 
  "comments": "", 
  "config": "{\"use_hourly\":true}", 
  "created_at": "2014-05-30T15:27:53.789", 
  "deleted": false, 
  "dental_benefits": false, 
  "end_date": "2014-04-01", 
  "hiring_category": "ONC", 
  "hiring_faculty": 12, 
  "hourly_pay": "0", 
  "hours": "0", 
  "lump_sum_hours": null, 
  "lump_sum_pay": "4000", 
  "medical_benefits": false, 
  "notes": "", 
  "offer_letter_text": null, 
  "pay_frequency": "L", 
  "pay_periods": "8", 
  "person": 197, 
  "project": 2, 
  "reappointment": false, 
  "scholarship": null, 
  "sin": 123456789, 
  "slug": "cmpt-2014-0pppgrad", 
  "start_date": "2014-01-05", 
  "unit": 4
 }, 
 "model": "ra.raappointment", 
 "pk": 2
},
{
 "fields": {
  "account": 5, 
  "biweekly_pay": "1250", 
  "comments": "", 
  "config": "{\"use_hourly\":false}", 
  "created_at": "2014-05-30T15:27:57.149", 
  "deleted": false, 
  "dental_benefits": false, 
  "end_date": "2014-04-01", 
  "hiring_category": "RA", 
  "hiring_faculty": 4, 
  "hourly_pay": "31", 
  "hours": "40", 
  "lump_sum_hours": null, 
  "lump_sum_pay": "10000", 
  "medical_benefits": false, 
  "notes": "", 
  "offer_letter_text": null, 
  "pay_frequency": "B", 
  "pay_periods": "8", 
  "person": 197, 
  "project": 2, 
  "reappointment": false, 
  "scholarship": null, 
  "sin": 123456789, 
  "slug": "cmpt-2014-0pppgrad-2", 
  "start_date": "2014-01-05", 
  "unit": 4
 }, 
 "model": "ra.raappointment", 
 "pk": 16
},
{
 "fields": {
  "account": 5, 
  "biweekly_pay": "0", 
  "comments": "", 
  "config": "{\"use_hourly\":false}", 
  "created_at": "2014-05-30T15:27:58.634", 
  "deleted": false, 
  "dental_benefits": false, 
  "end_date": "2014-04-01", 
  "hiring_category": "RSS", 
  "hiring_faculty": 3, 
  "hourly_pay": "0", 
  "hours": "0", 
  "lump_sum_hours": null, 
  "lump_sum_pay": "4000", 
  "medical_benefits": false, 
  "notes": "", 
  "offer_letter_text": null, 
  "pay_frequency": "L", 
  "pay_periods": "8", 
  "person": 263, 
  "project": 2, 
  "reappointment": false, 
  "scholarship": null, 
  "sin": 123456789, 
  "slug": "cmpt-2014-0vvvgrad", 
  "start_date": "2014-01-05", 
  "unit": 4
 }, 
 "model": "ra.raappointment", 
 "pk": 24
},
{
 "fields": {
  "account": 5, 
  "biweekly_pay": "1250", 
  "comments": "", 
  "config": "{\"use_hourly\":false}", 
  "created_at": "2014-05-30T15:27:58.058", 
  "deleted": false, 
  "dental_benefits": false, 
  "end_date": "2014-04-01", 
  "hiring_category": "RA", 
  "hiring_faculty": 12, 
  "hourly_pay": "31", 
  "hours": "40", 
  "lump_sum_hours": null, 
  "lump_sum_pay": "10000", 
  "medical_benefits": false, 
  "notes": "", 
  "offer_letter_text": null, 
  "pay_frequency": "B", 
  "pay_periods": "8", 
  "person": 219, 
  "project": 2, 
  "reappointment": false, 
  "scholarship": null, 
  "sin": 123456789, 
  "slug": "cmpt-2014-0rrrgrad", 
  "start_date": "2014-01-05", 
  "unit": 4
 }, 
 "model": "ra.raappointment", 
 "pk": 21
},
{
 "fields": {
  "account": 5, 
  "biweekly_pay": "0", 
  "comments": "", 
  "config": "{\"use_hourly\":true}", 
  "created_at": "2014-05-30T15:27:56.053", 
  "deleted": false, 
  "dental_benefits": false, 
  "end_date": "2014-04-01", 
  "hiring_category": "GRA", 
  "hiring_faculty": 18, 
  "hourly_pay": "0", 
  "hours": "0", 
  "lump_sum_hours": null, 
  "lump_sum_pay": "4000", 
  "medical_benefits": false, 
  "notes": "", 
  "offer_letter_text": null, 
  "pay_frequency": "L", 
  "pay_periods": "8", 
  "person": 307, 
  "project": 1, 
  "reappointment": false, 
  "scholarship": null, 
  "sin": 123456789, 
  "slug": "cmpt-2014-0zzzgrad", 
  "start_date": "2014-01-05", 
  "unit": 4
 }, 
 "model": "ra.raappointment", 
 "pk": 10
},
{
 "fields": {
  "account": 5, 
  "biweekly_pay": "0", 
  "comments": "", 
  "config": "{\"use_hourly\":true}", 
  "created_at": "2014-05-30T15:27:55.509", 
  "deleted": false, 
  "dental_benefits": false, 
  "end_date": "2014-04-01", 
  "hiring_category": "RAR", 
  "hiring_faculty": 8, 
  "hourly_pay": "0", 
  "hours": "0", 
  "lump_sum_hours": null, 
  "lump_sum_pay": "4000", 
  "medical_benefits": false, 
  "notes": "", 
  "offer_letter_text": null, 
  "pay_frequency": "L", 
  "pay_periods": "8", 
  "person": 87, 
  "project": 2, 
  "reappointment": false, 
  "scholarship": null, 
  "sin": 123456789, 
  "slug": "cmpt-2014-0fffgrad", 
  "start_date": "2014-01-05", 
  "unit": 4
 }, 
 "model": "ra.raappointment", 
 "pk": 8
},
{
 "fields": {
  "account": 5, 
  "biweekly_pay": "1250", 
  "comments": "", 
  "config": "{\"use_hourly\":true}", 
  "created_at": "2014-05-30T15:27:56.174", 
  "deleted": false, 
  "dental_benefits": false, 
  "end_date": "2014-04-01", 
  "hiring_category": "NS", 
  "hiring_faculty": 15, 
  "hourly_pay": "31", 
  "hours": "40", 
  "lump_sum_hours": null, 
  "lump_sum_pay": "10000", 
  "medical_benefits": false, 
  "notes": "", 
  "offer_letter_text": null, 
  "pay_frequency": "B", 
  "pay_periods": "8", 
  "person": 87, 
  "project": 1, 
  "reappointment": false, 
  "scholarship": null, 
  "sin": 123456789, 
  "slug": "cmpt-2014-0fffgrad-2", 
  "start_date": "2014-01-05", 
  "unit": 4
 }, 
 "model": "ra.raappointment", 
 "pk": 11
},
{
 "fields": {
  "account": 5, 
  "biweekly_pay": "0", 
  "comments": "", 
  "config": "{\"use_hourly\":false}", 
  "created_at": "2014-05-30T15:27:59.035", 
  "deleted": false, 
  "dental_benefits": false, 
  "end_date": "2014-04-01", 
  "hiring_category": "RAR", 
  "hiring_faculty": 4, 
  "hourly_pay": "0", 
  "hours": "0", 
  "lump_sum_hours": null, 
  "lump_sum_pay": "4000", 
  "medical_benefits": false, 
  "notes": "", 
  "offer_letter_text": null, 
  "pay_frequency": "L", 
  "pay_periods": "8", 
  "person": 87, 
  "project": 2, 
  "reappointment": false, 
  "scholarship": null, 
  "sin": 123456789, 
  "slug": "cmpt-2014-0fffgrad-3", 
  "start_date": "2014-01-05", 
  "unit": 4
 }, 
 "model": "ra.raappointment", 
 "pk": 26
},
{
 "fields": {
  "account": 5, 
  "biweekly_pay": "1250", 
  "comments": "", 
  "config": "{\"use_hourly\":false}", 
  "created_at": "2014-05-30T15:27:59.945", 
  "deleted": false, 
  "dental_benefits": false, 
  "end_date": "2014-04-01", 
  "hiring_category": "NS", 
  "hiring_faculty": 8, 
  "hourly_pay": "31", 
  "hours": "40", 
  "lump_sum_hours": null, 
  "lump_sum_pay": "10000", 
  "medical_benefits": false, 
  "notes": "", 
  "offer_letter_text": null, 
  "pay_frequency": "B", 
  "pay_periods": "8", 
  "person": 87, 
  "project": 2, 
  "reappointment": false, 
  "scholarship": null, 
  "sin": 123456789, 
  "slug": "cmpt-2014-0fffgrad-4", 
  "start_date": "2014-01-05", 
  "unit": 4
 }, 
 "model": "ra.raappointment", 
 "pk": 30
},
{
 "fields": {
  "account": 5, 
  "biweekly_pay": "0", 
  "comments": "", 
  "config": "{\"use_hourly\":false}", 
  "created_at": "2014-05-30T15:27:58.891", 
  "deleted": false, 
  "dental_benefits": false, 
  "end_date": "2014-04-01", 
  "hiring_category": "RA2", 
  "hiring_faculty": 5, 
  "hourly_pay": "0", 
  "hours": "0", 
  "lump_sum_hours": null, 
  "lump_sum_pay": "4000", 
  "medical_benefits": false, 
  "notes": "", 
  "offer_letter_text": null, 
  "pay_frequency": "L", 
  "pay_periods": "8", 
  "person": 43, 
  "project": 1, 
  "reappointment": false, 
  "scholarship": null, 
  "sin": 123456789, 
  "slug": "cmpt-2014-0bbbgrad", 
  "start_date": "2014-01-05", 
  "unit": 4
 }, 
 "model": "ra.raappointment", 
 "pk": 25
},
{
 "fields": {
  "account": 5, 
  "biweekly_pay": "0", 
  "comments": "", 
  "config": "{\"use_hourly\":false}", 
  "created_at": "2014-05-30T15:27:54.336", 
  "deleted": false, 
  "dental_benefits": false, 
  "end_date": "2014-04-01", 
  "hiring_category": "RA", 
  "hiring_faculty": 3, 
  "hourly_pay": "0", 
  "hours": "0", 
  "lump_sum_hours": null, 
  "lump_sum_pay": "4000", 
  "medical_benefits": false, 
  "notes": "", 
  "offer_letter_text": null, 
  "pay_frequency": "L", 
  "pay_periods": "8", 
  "person": 230, 
  "project": 2, 
  "reappointment": false, 
  "scholarship": null, 
  "sin": 123456789, 
  "slug": "cmpt-2014-0sssgrad", 
  "start_date": "2014-01-05", 
  "unit": 4
 }, 
 "model": "ra.raappointment", 
 "pk": 4
},
{
 "fields": {
  "account": 5, 
  "biweekly_pay": "0", 
  "comments": "", 
  "config": "{\"use_hourly\":true}", 
  "created_at": "2014-05-30T15:27:57.577", 
  "deleted": false, 
  "dental_benefits": false, 
  "end_date": "2014-04-01", 
  "hiring_category": "GRA", 
  "hiring_faculty": 11, 
  "hourly_pay": "0", 
  "hours": "0", 
  "lump_sum_hours": null, 
  "lump_sum_pay": "4000", 
  "medical_benefits": false, 
  "notes": "", 
  "offer_letter_text": null, 
  "pay_frequency": "L", 
  "pay_periods": "8", 
  "person": 230, 
  "project": 1, 
  "reappointment": false, 
  "scholarship": null, 
  "sin": 123456789, 
  "slug": "cmpt-2014-0sssgrad-2", 
  "start_date": "2014-01-05", 
  "unit": 4
 }, 
 "model": "ra.raappointment", 
 "pk": 19
},
{
 "fields": {
  "account": 5, 
  "biweekly_pay": "1250", 
  "comments": "", 
  "config": "{\"use_hourly\":false}", 
  "created_at": "2014-05-30T15:27:57.736", 
  "deleted": false, 
  "dental_benefits": false, 
  "end_date": "2014-04-01", 
  "hiring_category": "RAR", 
  "hiring_faculty": 7, 
  "hourly_pay": "31", 
  "hours": "40", 
  "lump_sum_hours": null, 
  "lump_sum_pay": "10000", 
  "medical_benefits": false, 
  "notes": "", 
  "offer_letter_text": null, 
  "pay_frequency": "B", 
  "pay_periods": "8", 
  "person": 230, 
  "project": 2, 
  "reappointment": false, 
  "scholarship": null, 
  "sin": 123456789, 
  "slug": "cmpt-2014-0sssgrad-3", 
  "start_date": "2014-01-05", 
  "unit": 4
 }, 
 "model": "ra.raappointment", 
 "pk": 20
},
{
 "fields": {
  "account": 5, 
  "biweekly_pay": "0", 
  "comments": "", 
  "config": "{\"use_hourly\":true}", 
  "created_at": "2014-05-30T15:27:56.999", 
  "deleted": false, 
  "dental_benefits": false, 
  "end_date": "2014-04-01", 
  "hiring_category": "ONC", 
  "hiring_faculty": 16, 
  "hourly_pay": "0", 
  "hours": "0", 
  "lump_sum_hours": null, 
  "lump_sum_pay": "4000", 
  "medical_benefits": false, 
  "notes": "", 
  "offer_letter_text": null, 
  "pay_frequency": "L", 
  "pay_periods": "8", 
  "person": 100, 
  "project": 1, 
  "reappointment": false, 
  "scholarship": null, 
  "sin": 123456789, 
  "slug": "cmpt-2014-0hhh1", 
  "start_date": "2014-01-05", 
  "unit": 4
 }, 
 "model": "ra.raappointment", 
 "pk": 15
},
{
 "fields": {
  "account": 5, 
  "biweekly_pay": "0", 
  "comments": "", 
  "config": "{\"use_hourly\":true}", 
  "created_at": "2014-05-30T15:27:55.779", 
  "deleted": false, 
  "dental_benefits": false, 
  "end_date": "2014-04-01", 
  "hiring_category": "GRA", 
  "hiring_faculty": 12, 
  "hourly_pay": "0", 
  "hours": "0", 
  "lump_sum_hours": null, 
  "lump_sum_pay": "4000", 
  "medical_benefits": false, 
  "notes": "", 
  "offer_letter_text": null, 
  "pay_frequency": "L", 
  "pay_periods": "8", 
  "person": 262, 
  "project": 1, 
  "reappointment": false, 
  "scholarship": null, 
  "sin": 123456789, 
  "slug": "cmpt-2014-0vvv9", 
  "start_date": "2014-01-05", 
  "unit": 4
 }, 
 "model": "ra.raappointment", 
 "pk": 9
},
{
 "fields": {
  "account": 5, 
  "biweekly_pay": "1250", 
  "comments": "", 
  "config": "{\"use_hourly\":true}", 
  "created_at": "2014-05-30T15:27:58.345", 
  "deleted": false, 
  "dental_benefits": false, 
  "end_date": "2014-04-01", 
  "hiring_category": "RA", 
  "hiring_faculty": 11, 
  "hourly_pay": "31", 
  "hours": "40", 
  "lump_sum_hours": null, 
  "lump_sum_pay": "10000", 
  "medical_benefits": false, 
  "notes": "", 
  "offer_letter_text": null, 
  "pay_frequency": "B", 
  "pay_periods": "8", 
  "person": 262, 
  "project": 2, 
  "reappointment": false, 
  "scholarship": null, 
  "sin": 123456789, 
  "slug": "cmpt-2014-0vvv9-2", 
  "start_date": "2014-01-05", 
  "unit": 4
 }, 
 "model": "ra.raappointment", 
 "pk": 23
},
{
 "fields": {
  "account": 5, 
  "biweekly_pay": "1250", 
  "comments": "", 
  "config": "{\"use_hourly\":false}", 
  "created_at": "2014-05-30T15:27:59.571", 
  "deleted": false, 
  "dental_benefits": false, 
  "end_date": "2014-04-01", 
  "hiring_category": "NS", 
  "hiring_faculty": 7, 
  "hourly_pay": "31", 
  "hours": "40", 
  "lump_sum_hours": null, 
  "lump_sum_pay": "10000", 
  "medical_benefits": false, 
  "notes": "", 
  "offer_letter_text": null, 
  "pay_frequency": "B", 
  "pay_periods": "8", 
  "person": 217, 
  "project": 1, 
  "reappointment": false, 
  "scholarship": null, 
  "sin": 123456789, 
  "slug": "cmpt-2014-0rrr8", 
  "start_date": "2014-01-05", 
  "unit": 4
 }, 
 "model": "ra.raappointment", 
 "pk": 28
},
{
 "fields": {
  "account": 5, 
  "biweekly_pay": "1250", 
  "comments": "", 
  "config": "{\"use_hourly\":true}", 
  "created_at": "2014-05-30T15:27:55.252", 
  "deleted": false, 
  "dental_benefits": false, 
  "end_date": "2014-04-01", 
  "hiring_category": "ONC", 
  "hiring_faculty": 7, 
  "hourly_pay": "31", 
  "hours": "40", 
  "lump_sum_hours": null, 
  "lump_sum_pay": "10000", 
  "medical_benefits": false, 
  "notes": "", 
  "offer_letter_text": null, 
  "pay_frequency": "B", 
  "pay_periods": "8", 
  "person": 200, 
  "project": 2, 
  "reappointment": false, 
  "scholarship": null, 
  "sin": 123456789, 
  "slug": "cmpt-2014-0qqq2", 
  "start_date": "2014-01-05", 
  "unit": 4
 }, 
 "model": "ra.raappointment", 
 "pk": 7
},
{
 "fields": {
  "account": 5, 
  "biweekly_pay": "1250", 
  "comments": "", 
  "config": "{\"use_hourly\":false}", 
  "created_at": "2014-05-30T15:27:56.515", 
  "deleted": false, 
  "dental_benefits": false, 
  "end_date": "2014-04-01", 
  "hiring_category": "ONC", 
  "hiring_faculty": 6, 
  "hourly_pay": "31", 
  "hours": "40", 
  "lump_sum_hours": null, 
  "lump_sum_pay": "10000", 
  "medical_benefits": false, 
  "notes": "", 
  "offer_letter_text": null, 
  "pay_frequency": "B", 
  "pay_periods": "8", 
  "person": 200, 
  "project": 2, 
  "reappointment": false, 
  "scholarship": null, 
  "sin": 123456789, 
  "slug": "cmpt-2014-0qqq2-2", 
  "start_date": "2014-01-05", 
  "unit": 4
 }, 
 "model": "ra.raappointment", 
 "pk": 13
},
{
 "fields": {
  "fund_number": 13, 
  "hidden": false, 
  "project_number": 876543, 
  "slug": "cmpt-876543", 
  "unit": 4
 }, 
 "model": "ra.project", 
 "pk": 2
},
{
 "fields": {
  "fund_number": 31, 
  "hidden": false, 
  "project_number": 987654, 
  "slug": "cmpt-987654", 
  "unit": 4
 }, 
 "model": "ra.project", 
 "pk": 1
}
]
