[
 {
  "fields": {
   "end": "2011-08-08",
   "name": "1114",
   "start": "2011-05-09"
  },
  "model": "coredata.semester",
  "pk": 1
 },
 {
  "fields": {
   "end": "2011-12-05",
   "name": "1117",
   "start": "2011-09-06"
  },
  "model": "coredata.semester",
  "pk": 2
 },
 {
  "fields": {
   "end": "2012-04-11",
   "name": "1121",
   "start": "2012-01-05"
  },
  "model": "coredata.semester",
  "pk": 3
 },
 {
  "fields": {
   "end": "2012-08-03",
   "name": "1124",
   "start": "2012-05-07"
  },
  "model": "coredata.semester",
  "pk": 4
 },
 {
  "fields": {
   "end": "2012-12-03",
   "name": "1127",
   "start": "2012-09-04"
  },
  "model": "coredata.semester",
  "pk": 5
 },
 {
  "fields": {
   "end": "2013-04-12",
   "name": "1131",
   "start": "2013-01-07"
  },
  "model": "coredata.semester",
  "pk": 6
 },
 {
  "fields": {
   "end": "2013-08-02",
   "name": "1134",
   "start": "2013-05-06"
  },
  "model": "coredata.semester",
  "pk": 7
 },
 {
  "fields": {
   "monday": "2011-05-09",
   "semester": 1,
   "week": 1
  },
  "model": "coredata.semesterweek",
  "pk": 1
 },
 {
  "fields": {
   "monday": "2011-09-05",
   "semester": 2,
   "week": 1
  },
  "model": "coredata.semesterweek",
  "pk": 2
 },
 {
  "fields": {
   "monday": "2012-01-09",
   "semester": 3,
   "week": 1
  },
  "model": "coredata.semesterweek",
  "pk": 3
 },
 {
  "fields": {
   "monday": "2012-02-20",
   "semester": 3,
   "week": 6
  },
  "model": "coredata.semesterweek",
  "pk": 4
 },
 {
  "fields": {
   "monday": "2012-05-07",
   "semester": 4,
   "week": 1
  },
  "model": "coredata.semesterweek",
  "pk": 5
 },
 {
  "fields": {
   "monday": "2012-09-03",
   "semester": 5,
   "week": 1
  },
  "model": "coredata.semesterweek",
  "pk": 6
 },
 {
  "fields": {
   "monday": "2013-01-07",
   "semester": 6,
   "week": 1
  },
  "model": "coredata.semesterweek",
  "pk": 7
 },
 {
  "fields": {
   "monday": "2013-02-25",
   "semester": 6,
   "week": 7
  },
  "model": "coredata.semesterweek",
  "pk": 8
 },
 {
  "fields": {
   "monday": "2013-05-06",
   "semester": 7,
   "week": 1
  },
  "model": "coredata.semesterweek",
  "pk": 9
 },
 {
  "fields": {
   "campus": "BRNBY",
   "class_nbr": 3552,
   "component": "LEC",
   "config": "{}",
   "course": 1,
   "crse_id": 8150,
   "enrl_cap": 60,
   "enrl_tot": 0,
   "graded": true,
   "number": "225",
   "owner": 2,
   "section": "D100",
   "semester": 7,
   "slug": "2013su-ensc-225-d1",
   "subject": "ENSC",
   "title": "Microelectronics I",
   "wait_tot": 0
  },
  "model": "coredata.courseoffering",
  "pk": 1
 },
 {
  "fields": {
   "campus": "BRNBY",
   "class_nbr": 3556,
   "component": "SEC",
   "config": "{}",
   "course": 2,
   "crse_id": 8126,
   "enrl_cap": 50,
   "enrl_tot": 0,
   "graded": true,
   "number": "295",
   "owner": 2,
   "section": "D100",
   "semester": 7,
   "slug": "2013su-ensc-295-d1",
   "subject": "ENSC",
   "title": "Industrial Internship II",
   "wait_tot": 0
  },
  "model": "coredata.courseoffering",
  "pk": 4
 },
 {
  "fields": {
   "campus": "SURRY",
   "class_nbr": 4196,
   "component": "SEC",
   "config": "{}",
   "course": 2,
   "crse_id": 8126,
   "enrl_cap": 50,
   "enrl_tot": 0,
   "graded": true,
   "number": "295",
   "owner": 2,
   "section": "D300",
   "semester": 7,
   "slug": "2013su-ensc-295-d3",
   "subject": "ENSC",
   "title": "Industrial Internship II",
   "wait_tot": 0
  },
  "model": "coredata.courseoffering",
  "pk": 5
 },
 {
  "fields": {
   "campus": "BRNBY",
   "class_nbr": 9482,
   "component": "LEC",
   "config": "{}",
   "course": 1,
   "crse_id": 8150,
   "enrl_cap": 90,
   "enrl_tot": 0,
   "graded": true,
   "number": "225",
   "owner": 2,
   "section": "D100",
   "semester": 6,
   "slug": "2013sp-ensc-225-d1",
   "subject": "ENSC",
   "title": "Microelectronics I",
   "wait_tot": 0
  },
  "model": "coredata.courseoffering",
  "pk": 2
 },
 {
  "fields": {
   "campus": "BRNBY",
   "class_nbr": 9406,
   "component": "SEC",
   "config": "{}",
   "course": 2,
   "crse_id": 8126,
   "enrl_cap": 25,
   "enrl_tot": 0,
   "graded": true,
   "number": "295",
   "owner": 2,
   "section": "D100",
   "semester": 6,
   "slug": "2013sp-ensc-295-d1",
   "subject": "ENSC",
   "title": "Industrial Internship II",
   "wait_tot": 0
  },
  "model": "coredata.courseoffering",
  "pk": 7
 },
 {
  "fields": {
   "campus": "SURRY",
   "class_nbr": 2814,
   "component": "SEC",
   "config": "{}",
   "course": 2,
   "crse_id": 8126,
   "enrl_cap": 25,
   "enrl_tot": 0,
   "graded": true,
   "number": "295",
   "owner": 2,
   "section": "D300",
   "semester": 6,
   "slug": "2013sp-ensc-295-d3",
   "subject": "ENSC",
   "title": "Industrial Internship II",
   "wait_tot": 0
  },
  "model": "coredata.courseoffering",
  "pk": 6
 },
 {
  "fields": {
   "campus": "BRNBY",
   "class_nbr": 13810,
   "component": "LEC",
   "config": "{}",
   "course": 999,
   "crse_id": 11459,
   "enrl_cap": 65,
   "enrl_tot": 0,
   "graded": true,
   "number": "383",
   "owner": 3,
   "section": "D100",
   "semester": 5,
   "slug": "2012fa-cmpt-383-d1",
   "subject": "CMPT",
   "title": "Programming Langs.",
   "wait_tot": 0
  },
  "model": "coredata.courseoffering",
  "pk": 14
 },
 {
  "fields": {
   "campus": "BRNBY",
   "class_nbr": 13819,
   "component": "LEC",
   "config": "{}",
   "course": 9,
   "crse_id": 11374,
   "enrl_cap": 65,
   "enrl_tot": 0,
   "graded": true,
   "number": "470",
   "owner": 3,
   "section": "E100",
   "semester": 5,
   "slug": "2012fa-cmpt-470-e1",
   "subject": "CMPT",
   "title": "Web-Based Info Syst",
   "wait_tot": 0
  },
  "model": "coredata.courseoffering",
  "pk": 26
 },
 {
  "fields": {
   "campus": "BRNBY",
   "class_nbr": null,
   "component": "LEC",
   "config": "{}",
   "course": 11,
   "crse_id": null,
   "enrl_cap": 70,
   "enrl_tot": 10,
   "graded": true,
   "number": "120",
   "owner": 3,
   "section": "E100",
   "semester": 3,
   "slug": "2012fa-cmpt-120-e1",
   "subject": "CMPT",
   "title": "Intro Comp. Sci. and Prog.",
   "wait_tot": 0
  },
  "model": "coredata.courseoffering",
  "pk": 28
 },
 {
  "fields": {
   "campus": "BRNBY",
   "class_nbr": 13820,
   "component": "CAN",
   "config": "{}",
   "course": 7,
   "crse_id": 11373,
   "enrl_cap": 50,
   "enrl_tot": 0,
   "graded": true,
   "number": "471",
   "owner": 3,
   "section": "D100",
   "semester": 5,
   "slug": "2012fa-cmpt-471-d1",
   "subject": "CMPT",
   "title": "Networking II",
   "wait_tot": 0
  },
  "model": "coredata.courseoffering",
  "pk": 20
 },
 {
  "fields": {
   "campus": "SURRY",
   "class_nbr": 14436,
   "component": "LEC",
   "config": "{}",
   "course": 7,
   "crse_id": 11373,
   "enrl_cap": 24,
   "enrl_tot": 0,
   "graded": true,
   "number": "471",
   "owner": 3,
   "section": "D200",
   "semester": 5,
   "slug": "2012fa-cmpt-471-d2",
   "subject": "CMPT",
   "title": "Networking II",
   "wait_tot": 0
  },
  "model": "coredata.courseoffering",
  "pk": 21
 },
 {
  "fields": {
   "campus": "BRNBY",
   "class_nbr": 13821,
   "component": "LEC",
   "config": "{}",
   "course": 4,
   "crse_id": 11372,
   "enrl_cap": 65,
   "enrl_tot": 0,
   "graded": true,
   "number": "475",
   "owner": 3,
   "section": "E100",
   "semester": 5,
   "slug": "2012fa-cmpt-475-e1",
   "subject": "CMPT",
   "title": "Software Engineering II",
   "wait_tot": 0
  },
  "model": "coredata.courseoffering",
  "pk": 16
 },
 {
  "fields": {
   "campus": "SURRY",
   "class_nbr": 14560,
   "component": "LEC",
   "config": "{}",
   "course": 6,
   "crse_id": 14296,
   "enrl_cap": 24,
   "enrl_tot": 0,
   "graded": true,
   "number": "479",
   "owner": 3,
   "section": "D100",
   "semester": 5,
   "slug": "2012fa-cmpt-479-d1",
   "subject": "CMPT",
   "title": "Spec.Topics/Computing Systems",
   "wait_tot": 0
  },
  "model": "coredata.courseoffering",
  "pk": 19
 },
 {
  "fields": {
   "campus": "BRNBY",
   "class_nbr": 12337,
   "component": "LEC",
   "config": "{}",
   "course": 8,
   "crse_id": 15800,
   "enrl_cap": 88,
   "enrl_tot": 0,
   "graded": true,
   "number": "215",
   "owner": 2,
   "section": "D100",
   "semester": 5,
   "slug": "2012fa-ensc-215-d1",
   "subject": "ENSC",
   "title": "Microcontrollers/Assembly Prog",
   "wait_tot": 0
  },
  "model": "coredata.courseoffering",
  "pk": 23
 },
 {
  "fields": {
   "campus": "BRNBY",
   "class_nbr": 12181,
   "component": "SEC",
   "config": "{}",
   "course": 2,
   "crse_id": 8126,
   "enrl_cap": 25,
   "enrl_tot": 0,
   "graded": true,
   "number": "295",
   "owner": 2,
   "section": "D100",
   "semester": 5,
   "slug": "2012fa-ensc-295-d1",
   "subject": "ENSC",
   "title": "Industrial Internship II",
   "wait_tot": 0
  },
  "model": "coredata.courseoffering",
  "pk": 9
 },
 {
  "fields": {
   "campus": "SURRY",
   "class_nbr": 8984,
   "component": "SEC",
   "config": "{}",
   "course": 2,
   "crse_id": 8126,
   "enrl_cap": 25,
   "enrl_tot": 0,
   "graded": true,
   "number": "295",
   "owner": 2,
   "section": "D300",
   "semester": 5,
   "slug": "2012fa-ensc-295-d3",
   "subject": "ENSC",
   "title": "Industrial Internship II",
   "wait_tot": 0
  },
  "model": "coredata.courseoffering",
  "pk": 8
 },
 {
  "fields": {
   "campus": "BRNBY",
   "class_nbr": 6617,
   "component": "LEC",
   "config": "{\"url\": \"http://www.cs.sfu.ca/CC/165/common/\", \"taemail\": \"cmpt-165-contact@sfu.ca\", \"labtut\": true, \"discussion\": true}",
   "course": 999,
   "crse_id": 11459,
   "enrl_cap": 100,
   "enrl_tot": 101,
   "graded": true,
   "number": "383",
   "owner": 3,
   "section": "D100",
   "semester": 4,
   "slug": "2012su-cmpt-383-d1",
   "subject": "CMPT",
   "title": "Programming Langs.",
   "wait_tot": 11
  },
  "model": "coredata.courseoffering",
  "pk": 15
 },
 {
  "fields": {
   "campus": "VANCR",
   "class_nbr": 6734,
   "component": "LEC",
   "config": "{}",
   "course": 9,
   "crse_id": 11374,
   "enrl_cap": 65,
   "enrl_tot": 66,
   "graded": true,
   "number": "470",
   "owner": 3,
   "section": "E100",
   "semester": 4,
   "slug": "2012su-cmpt-470-e1",
   "subject": "CMPT",
   "title": "Web-Based Info Syst",
   "wait_tot": 0
  },
  "model": "coredata.courseoffering",
  "pk": 27
 },
 {
  "fields": {
   "campus": "BRNBY",
   "class_nbr": 6622,
   "component": "LEC",
   "config": "{}",
   "course": 7,
   "crse_id": 11373,
   "enrl_cap": 55,
   "enrl_tot": 41,
   "graded": true,
   "number": "471",
   "owner": 3,
   "section": "D100",
   "semester": 4,
   "slug": "2012su-cmpt-471-d1",
   "subject": "CMPT",
   "title": "Networking II",
   "wait_tot": 0
  },
  "model": "coredata.courseoffering",
  "pk": 22
 },
 {
  "fields": {
   "campus": "BRNBY",
   "class_nbr": 6623,
   "component": "CAN",
   "config": "{}",
   "course": 5,
   "crse_id": 15074,
   "enrl_cap": 25,
   "enrl_tot": 0,
   "graded": true,
   "number": "477",
   "owner": 3,
   "section": "D100",
   "semester": 4,
   "slug": "2012su-cmpt-477-d1",
   "subject": "CMPT",
   "title": "Intro to Formal Verification",
   "wait_tot": 0
  },
  "model": "coredata.courseoffering",
  "pk": 17
 },
 {
  "fields": {
   "campus": "BRNBY",
   "class_nbr": 8198,
   "component": "LEC",
   "config": "{}",
   "course": 5,
   "crse_id": 15074,
   "enrl_cap": 40,
   "enrl_tot": 38,
   "graded": true,
   "number": "477",
   "owner": 3,
   "section": "D200",
   "semester": 4,
   "slug": "2012su-cmpt-477-d2",
   "subject": "CMPT",
   "title": "Intro to Formal Verification",
   "wait_tot": 0
  },
  "model": "coredata.courseoffering",
  "pk": 18
 },
 {
  "fields": {
   "campus": "BRNBY",
   "class_nbr": 3407,
   "component": "CAN",
   "config": "{}",
   "course": 8,
   "crse_id": 15800,
   "enrl_cap": 88,
   "enrl_tot": 0,
   "graded": true,
   "number": "215",
   "owner": 2,
   "section": "D100",
   "semester": 4,
   "slug": "2012su-ensc-215-d1",
   "subject": "ENSC",
   "title": "Microcontrollers/Assembly Prog",
   "wait_tot": 0
  },
  "model": "coredata.courseoffering",
  "pk": 24
 },
 {
  "fields": {
   "campus": "BRNBY",
   "class_nbr": 8279,
   "component": "LEC",
   "config": "{}",
   "course": 8,
   "crse_id": 15800,
   "enrl_cap": 88,
   "enrl_tot": 76,
   "graded": true,
   "number": "215",
   "owner": 2,
   "section": "D200",
   "semester": 4,
   "slug": "2012su-ensc-215-d2",
   "subject": "ENSC",
   "title": "Microcontrollers/Assembly Prog",
   "wait_tot": 0
  },
  "model": "coredata.courseoffering",
  "pk": 25
 },
 {
  "fields": {
   "campus": "BRNBY",
   "class_nbr": 3373,
   "component": "LEC",
   "config": "{}",
   "course": 1,
   "crse_id": 8150,
   "enrl_cap": 80,
   "enrl_tot": 81,
   "graded": true,
   "number": "225",
   "owner": 2,
   "section": "D100",
   "semester": 4,
   "slug": "2012su-ensc-225-d1",
   "subject": "ENSC",
   "title": "Microelectronics I",
   "wait_tot": 0
  },
  "model": "coredata.courseoffering",
  "pk": 3
 },
 {
  "fields": {
   "campus": "BRNBY",
   "class_nbr": 3377,
   "component": "SEC",
   "config": "{}",
   "course": 2,
   "crse_id": 8126,
   "enrl_cap": 50,
   "enrl_tot": 37,
   "graded": true,
   "number": "295",
   "owner": 2,
   "section": "D100",
   "semester": 4,
   "slug": "2012su-ensc-295-d1",
   "subject": "ENSC",
   "title": "Industrial Internship II",
   "wait_tot": 0
  },
  "model": "coredata.courseoffering",
  "pk": 10
 },
 {
  "fields": {
   "campus": "OFFST",
   "class_nbr": 3439,
   "component": "SEC",
   "config": "{}",
   "course": 2,
   "crse_id": 8126,
   "enrl_cap": 20,
   "enrl_tot": 19,
   "graded": true,
   "number": "295",
   "owner": 2,
   "section": "D200",
   "semester": 4,
   "slug": "2012su-ensc-295-d2",
   "subject": "ENSC",
   "title": "Industrial Internship II",
   "wait_tot": 0
  },
  "model": "coredata.courseoffering",
  "pk": 11
 },
 {
  "fields": {
   "campus": "SURRY",
   "class_nbr": 3487,
   "component": "SEC",
   "config": "{}",
   "course": 2,
   "crse_id": 8126,
   "enrl_cap": 50,
   "enrl_tot": 10,
   "graded": true,
   "number": "295",
   "owner": 2,
   "section": "D300",
   "semester": 4,
   "slug": "2012su-ensc-295-d3",
   "subject": "ENSC",
   "title": "Industrial Internship II",
   "wait_tot": 0
  },
  "model": "coredata.courseoffering",
  "pk": 12
 },
 {
  "fields": {
   "campus": "BRNBY",
   "component": "LEC",
   "config": "{}",
   "course": 38,
   "subject": "CMPT",
   "number": "102",
   "title": "Intro. to Sci. Comp. Prog.",
   "owner": 3,
   "section": "C100",
   "semester": 5,
   "slug": "2012fa-cmnpt-102-c1",
   "class_nbr": null,
   "crse_id": null,
   "wait_tot": 0,
   "enrl_tot": 10,
   "enrl_cap": 50
  },
  "model": "coredata.courseoffering",
  "pk": 100
 },
{
  "fields":{
    "campus":"BRNBY",
    "component":"LEC",
    "config":"{}",
    "course":10,
    "subject":"CMPT",
    "number":"110",
    "title":"Programming in Visual Basic",
    "owner":3,
    "section":"C100",
    "semester":5,
    "slug":"2012fa-cmpt-110-c1",
    "class_nbr":null,
    "crse_id":null,
    "wait_tot":0,
    "enrl_tot":10,
    "enrl_cap":50
  },
  "model":"coredata.courseoffering",
  "pk":102
},
{
  "fields":{
    "campus":"BRNBY",
    "component":"LEC",
    "config":"{}",
    "course":11,
    "subject":"CMPT",
    "number":"120",
    "title":"Intro Comp. Sci. and Prog.",
    "owner":3,
    "section":"C100",
    "semester":5,
    "slug":"2012fa-cmpt-120-c1",
    "class_nbr":null,
    "crse_id":null,
    "wait_tot":0,
    "enrl_tot":10,
    "enrl_cap":50
  },
  "model":"coredata.courseoffering",
  "pk":103
},
{
  "fields":{
    "campus":"BRNBY",
    "component":"LEC",
    "config":"{}",
    "course":12,
    "subject":"CMPT",
    "number":"125",
    "title":"Intro Comp. Sci. and Prog. II",
    "owner":3,
    "section":"C100",
    "semester":5,
    "slug":"2012fa-cmpt-125-c1",
    "class_nbr":null,
    "crse_id":null,
    "wait_tot":0,
    "enrl_tot":10,
    "enrl_cap":50
  },
  "model":"coredata.courseoffering",
  "pk":104
},
{
  "fields":{
    "campus":"BRNBY",
    "component":"LEC",
    "config":"{}",
    "course":13,
    "subject":"CMPT",
    "number":"126",
    "title":"Intro Comp. Sci. and Prog. II",
    "owner":3,
    "section":"C100",
    "semester":5,
    "slug":"2012fa-cmpt-126-c1",
    "class_nbr":null,
    "crse_id":null,
    "wait_tot":0,
    "enrl_tot":10,
    "enrl_cap":50
  },
  "model":"coredata.courseoffering",
  "pk":105
},
{
  "fields":{
    "campus":"BRNBY",
    "component":"LEC",
    "config":"{}",
    "course":14,
    "subject":"CMPT",
    "number":"128",
    "title":"Intro to Comp. Sci. and Prog.",
    "owner":3,
    "section":"C100",
    "semester":5,
    "slug":"2012fa-cmpt-128-c1",
    "class_nbr":null,
    "crse_id":null,
    "wait_tot":0,
    "enrl_tot":10,
    "enrl_cap":50
  },
  "model":"coredata.courseoffering",
  "pk":106
},
{
  "fields":{
    "campus":"BRNBY",
    "component":"LEC",
    "config":"{}",
    "course":15,
    "subject":"CMPT",
    "number":"150",
    "title":"Intro to Computer Design",
    "owner":3,
    "section":"C100",
    "semester":5,
    "slug":"2012fa-cmpt-150-c1",
    "class_nbr":null,
    "crse_id":null,
    "wait_tot":0,
    "enrl_tot":10,
    "enrl_cap":50
  },
  "model":"coredata.courseoffering",
  "pk":107
},
{
  "fields":{
    "campus":"BRNBY",
    "component":"LEC",
    "config":"{}",
    "course":16,
    "subject":"CMPT",
    "number":"165",
    "title":"Intro to Internet and WWW",
    "owner":3,
    "section":"C100",
    "semester":5,
    "slug":"2012fa-cmpt-165-c1",
    "class_nbr":null,
    "crse_id":null,
    "wait_tot":0,
    "enrl_tot":10,
    "enrl_cap":50
  },
  "model":"coredata.courseoffering",
  "pk":108
},
{
  "fields":{
    "campus":"BRNBY",
    "component":"LEC",
    "config":"{}",
    "course":17,
    "subject":"MACM",
    "number":"101",
    "title":"Discrete Mathematics",
    "owner":3,
    "section":"C100",
    "semester":5,
    "slug":"2012fa-macm-101-c1",
    "class_nbr":null,
    "crse_id":null,
    "wait_tot":0,
    "enrl_tot":10,
    "enrl_cap":50
  },
  "model":"coredata.courseoffering",
  "pk":109
},
{
  "fields":{
    "campus":"BRNBY",
    "component":"LEC",
    "config":"{}",
    "course":18,
    "subject":"CMPT",
    "number":"225",
    "title":"Data Structures and Prog.",
    "owner":3,
    "section":"C100",
    "semester":5,
    "slug":"2012fa-cmpt-225-c1",
    "class_nbr":null,
    "crse_id":null,
    "wait_tot":0,
    "enrl_tot":10,
    "enrl_cap":50
  },
  "model":"coredata.courseoffering",
  "pk":110
},
{
  "fields":{
    "campus":"BRNBY",
    "component":"LEC",
    "config":"{}",
    "course":19,
    "subject":"CMPT",
    "number":"250",
    "title":"Intro to Computer Architecture",
    "owner":3,
    "section":"C100",
    "semester":5,
    "slug":"2012fa-cmpt-250-c1",
    "class_nbr":null,
    "crse_id":null,
    "wait_tot":0,
    "enrl_tot":10,
    "enrl_cap":50
  },
  "model":"coredata.courseoffering",
  "pk":111
},
{
  "fields":{
    "campus":"BRNBY",
    "component":"LEC",
    "config":"{}",
    "course":20,
    "subject":"CMPT",
    "number":"275",
    "title":"Software Engineering I",
    "owner":3,
    "section":"C100",
    "semester":5,
    "slug":"2012fa-cmpt-275-c1",
    "class_nbr":null,
    "crse_id":null,
    "wait_tot":0,
    "enrl_tot":10,
    "enrl_cap":50
  },
  "model":"coredata.courseoffering",
  "pk":112
},
{
  "fields":{
    "campus":"BRNBY",
    "component":"LEC",
    "config":"{}",
    "course":21,
    "subject":"CMPT",
    "number":"300",
    "title":"Operating Systems I",
    "owner":3,
    "section":"C100",
    "semester":5,
    "slug":"2012fa-cmpt-300-c1",
    "class_nbr":null,
    "crse_id":null,
    "wait_tot":0,
    "enrl_tot":10,
    "enrl_cap":50
  },
  "model":"coredata.courseoffering",
  "pk":113
},
{
  "fields":{
    "campus":"BRNBY",
    "component":"LEC",
    "config":"{}",
    "course":22,
    "subject":"CMPT",
    "number":"307",
    "title":"Data Strcutures and Algorithms",
    "owner":3,
    "section":"C100",
    "semester":5,
    "slug":"2012fa-cmpt-307-c1",
    "class_nbr":null,
    "crse_id":null,
    "wait_tot":0,
    "enrl_tot":10,
    "enrl_cap":50
  },
  "model":"coredata.courseoffering",
  "pk":114
},
{
  "fields":{
    "campus":"BRNBY",
    "component":"LEC",
    "config":"{}",
    "course":23,
    "subject":"CMPT",
    "number":"308",
    "title":"Computability and Complexity",
    "owner":3,
    "section":"C100",
    "semester":5,
    "slug":"2012fa-cmpt-308-c1",
    "class_nbr":null,
    "crse_id":null,
    "wait_tot":0,
    "enrl_tot":10,
    "enrl_cap":50
  },
  "model":"coredata.courseoffering",
  "pk":115
},
{
  "fields":{
    "campus":"BRNBY",
    "component":"LEC",
    "config":"{}",
    "course":24,
    "subject":"CMPT",
    "number":"310",
    "title":"Artificial Intelligence Survey",
    "owner":3,
    "section":"C100",
    "semester":5,
    "slug":"2012fa-cmpt-310-c1",
    "class_nbr":null,
    "crse_id":null,
    "wait_tot":0,
    "enrl_tot":10,
    "enrl_cap":50
  },
  "model":"coredata.courseoffering",
  "pk":116
},
{
  "fields":{
    "campus":"BRNBY",
    "component":"LEC",
    "config":"{}",
    "course":25,
    "subject":"CMPT",
    "number":"354",
    "title":"Database Systems I",
    "owner":3,
    "section":"C100",
    "semester":5,
    "slug":"2012fa-cmpt-354-c1",
    "class_nbr":null,
    "crse_id":null,
    "wait_tot":0,
    "enrl_tot":10,
    "enrl_cap":50
  },
  "model":"coredata.courseoffering",
  "pk":117
},
{
  "fields":{
    "campus":"BRNBY",
    "component":"LEC",
    "config":"{}",
    "course":26,
    "subject":"CMPT",
    "number":"361",
    "title":"Intro to Computer Graphics",
    "owner":3,
    "section":"C100",
    "semester":5,
    "slug":"2012fa-cmpt-361-c1",
    "class_nbr":null,
    "crse_id":null,
    "wait_tot":0,
    "enrl_tot":10,
    "enrl_cap":50
  },
  "model":"coredata.courseoffering",
  "pk":118
},
{
  "fields":{
    "campus":"BRNBY",
    "component":"LEC",
    "config":"{}",
    "course":27,
    "subject":"CMPT",
    "number":"363",
    "title":"User Interface Design",
    "owner":3,
    "section":"C100",
    "semester":5,
    "slug":"2012fa-cmpt-363-c1",
    "class_nbr":null,
    "crse_id":null,
    "wait_tot":0,
    "enrl_tot":10,
    "enrl_cap":50
  },
  "model":"coredata.courseoffering",
  "pk":119
},
{
  "fields":{
    "campus":"BRNBY",
    "component":"LEC",
    "config":"{}",
    "course":28,
    "subject":"CMPT",
    "number":"371",
    "title":"Data Comm. and Networking",
    "owner":3,
    "section":"C100",
    "semester":5,
    "slug":"2012fa-cmpt-371-c1",
    "class_nbr":null,
    "crse_id":null,
    "wait_tot":0,
    "enrl_tot":10,
    "enrl_cap":50
  },
  "model":"coredata.courseoffering",
  "pk":120
},
{
  "fields":{
    "campus":"BRNBY",
    "component":"LEC",
    "config":"{}",
    "course":29,
    "subject":"CMPT",
    "number":"376",
    "title":"Tech. Writing / Group Dynamics",
    "owner":3,
    "section":"C100",
    "semester":5,
    "slug":"2012fa-cmpt-376-c1",
    "class_nbr":null,
    "crse_id":null,
    "wait_tot":0,
    "enrl_tot":10,
    "enrl_cap":50
  },
  "model":"coredata.courseoffering",
  "pk":121
},
{
  "fields":{
    "campus":"BRNBY",
    "component":"LEC",
    "config":"{}",
    "course":30,
    "subject":"CMPT",
    "number":"379",
    "title":"Principles of Compiler Design",
    "owner":3,
    "section":"C100",
    "semester":5,
    "slug":"2012fa-cmpt-379-c1",
    "class_nbr":null,
    "crse_id":null,
    "wait_tot":0,
    "enrl_tot":10,
    "enrl_cap":50
  },
  "model":"coredata.courseoffering",
  "pk":122
},
{
  "fields":{
    "campus":"BRNBY",
    "component":"LEC",
    "config":"{}",
    "course":31,
    "subject":"MACM",
    "number":"300",
    "title":"Formal Languages and Automata",
    "owner":3,
    "section":"C100",
    "semester":5,
    "slug":"2012fa-macm-300-c1",
    "class_nbr":null,
    "crse_id":null,
    "wait_tot":0,
    "enrl_tot":10,
    "enrl_cap":50
  },
  "model":"coredata.courseoffering",
  "pk":123
},
{
  "fields":{
    "campus":"BRNBY",
    "component":"LEC",
    "config":"{}",
    "course":32,
    "subject":"CMPT",
    "number":"405",
    "title":"Computing Algorithms",
    "owner":3,
    "section":"C100",
    "semester":5,
    "slug":"2012fa-cmpt-405-c1",
    "class_nbr":null,
    "crse_id":null,
    "wait_tot":0,
    "enrl_tot":10,
    "enrl_cap":50
  },
  "model":"coredata.courseoffering",
  "pk":124
},
{
  "fields":{
    "campus":"BRNBY",
    "component":"LEC",
    "config":"{}",
    "course":33,
    "subject":"CMPT",
    "number":"408",
    "title":"Theory of Comp. Networks",
    "owner":3,
    "section":"C100",
    "semester":5,
    "slug":"2012fa-cmpt-408-c1",
    "class_nbr":null,
    "crse_id":null,
    "wait_tot":0,
    "enrl_tot":10,
    "enrl_cap":50
  },
  "model":"coredata.courseoffering",
  "pk":125
},
{
  "fields":{
    "campus":"BRNBY",
    "component":"LEC",
    "config":"{}",
    "course":35,
    "subject":"CMPT",
    "number":"411",
    "title":"Knowledge Representation",
    "owner":3,
    "section":"C100",
    "semester":5,
    "slug":"2012fa-cmpt-411-c1",
    "class_nbr":null,
    "crse_id":null,
    "wait_tot":0,
    "enrl_tot":10,
    "enrl_cap":50
  },
  "model":"coredata.courseoffering",
  "pk":126
},
{
  "fields":{
    "campus":"BRNBY",
    "component":"LEC",
    "config":"{}",
    "course":36,
    "subject":"CMPT",
    "number":"441",
    "title":"Computational Biology",
    "owner":3,
    "section":"C100",
    "semester":5,
    "slug":"2012fa-cmpt-441-c1",
    "class_nbr":null,
    "crse_id":null,
    "wait_tot":0,
    "enrl_tot":10,
    "enrl_cap":50
  },
  "model":"coredata.courseoffering",
  "pk":127
},
{
  "fields":{
    "campus":"BRNBY",
    "component":"LEC",
    "config":"{}",
    "course":37,
    "subject":"CMPT",
    "number":"454",
    "title":"Database Systems II",
    "owner":3,
    "section":"C100",
    "semester":5,
    "slug":"2012fa-cmpt-454-c1",
    "class_nbr":null,
    "crse_id":null,
    "wait_tot":0,
    "enrl_tot":10,
    "enrl_cap":50
  },
  "model":"coredata.courseoffering",
  "pk":128
},
 {
  "fields": {
   "config": "{}",
   "number": "102",
   "subject": "CMPT",
   "title": "Intro. to Sci. Comp. Prog."
  },
  "model": "coredata.course",
  "pk": 38
 },
 {
  "fields": {
   "config": "{}",
   "number": "110",
   "subject": "CMPT",
   "title": "Programming in Visual Basic"
  },
  "model": "coredata.course",
  "pk": 10
 },
 {
  "fields": {
   "config": "{}",
   "number": "120",
   "subject": "CMPT",
   "title": "Intro Comp. Sci. and Prog."
  },
  "model": "coredata.course",
  "pk": 11
 },
 {
  "fields": {
   "config": "{}",
   "number": "125",
   "subject": "CMPT",
   "title": "Intro Comp. Sci. and Prog. II"
  },
  "model": "coredata.course",
  "pk": 12
 },
 {
  "fields": {
   "config": "{}",
   "number": "126",
   "subject": "CMPT",
   "title": "Intro Comp. Sci. and Prog. II"
  },
  "model": "coredata.course",
  "pk": 13
 },
 {
  "fields": {
   "config": "{}",
   "number": "128",
   "subject": "CMPT",
   "title": "Intro to Comp. Sci. and Prog."
  },
  "model": "coredata.course",
  "pk": 14
 },
 {
  "fields": {
   "config": "{}",
   "number": "150",
   "subject": "CMPT",
   "title": "Intro to Computer Design"
  },
  "model": "coredata.course",
  "pk": 15
 },
 {
  "fields": {
   "config": "{}",
   "number": "165",
   "subject": "CMPT",
   "title": "Intro to Internet and WWW"
  },
  "model": "coredata.course",
  "pk": 16
 },
 {
  "fields": {
   "config": "{}",
   "number": "101",
   "subject": "MACM",
   "title": "Discrete Mathematics"
  },
  "model": "coredata.course",
  "pk": 17
 },
 {
  "fields": {
   "config": "{}",
   "number": "225",
   "subject": "CMPT",
   "title": "Data Structures and Prog."
  },
  "model": "coredata.course",
  "pk": 18
 },
 {
  "fields": {
   "config": "{}",
   "number": "250",
   "subject": "CMPT",
   "title": "Intro to Computer Architecture"
  },
  "model": "coredata.course",
  "pk": 19
 },
 {
  "fields": {
   "config": "{}",
   "number": "275",
   "subject": "CMPT",
   "title": "Software Engineering I"
  },
  "model": "coredata.course",
  "pk": 20
 },
 {
  "fields": {
   "config": "{}",
   "number": "300",
   "subject": "CMPT",
   "title": "Operating Systems I"
  },
  "model": "coredata.course",
  "pk": 21
 },
 {
  "fields": {
   "config": "{}",
   "number": "307",
   "subject": "CMPT",
   "title": "Data Strcutures and Algorithms"
  },
  "model": "coredata.course",
  "pk": 22
 },
 {
  "fields": {
   "config": "{}",
   "number": "308",
   "subject": "CMPT",
   "title": "Computability and Complexity"
  },
  "model": "coredata.course",
  "pk": 23
 },
 {
  "fields": {
   "config": "{}",
   "number": "310",
   "subject": "CMPT",
   "title": "Artificial Intelligence Survey"
  },
  "model": "coredata.course",
  "pk": 24
 },
 {
  "fields": {
   "config": "{}",
   "number": "354",
   "subject": "CMPT",
   "title": "Database Systems I"
  },
  "model": "coredata.course",
  "pk": 25
 },
 {
  "fields": {
   "config": "{}",
   "number": "361",
   "subject": "CMPT",
   "title": "Intro to Computer Graphics"
  },
  "model": "coredata.course",
  "pk": 26
 },
 {
  "fields": {
   "config": "{}",
   "number": "363",
   "subject": "CMPT",
   "title": "User Interface Design"
  },
  "model": "coredata.course",
  "pk": 27
 },
 {
  "fields": {
   "config": "{}",
   "number": "371",
   "subject": "CMPT",
   "title": "Data Comm. and Networking"
  },
  "model": "coredata.course",
  "pk": 28
 },
 {
  "fields": {
   "config": "{}",
   "number": "376",
   "subject": "CMPT",
   "title": "Tech. Writing / Group Dynamics"
  },
  "model": "coredata.course",
  "pk": 29
 },
 {
  "fields": {
   "config": "{}",
   "number": "379",
   "subject": "CMPT",
   "title": "Principles of Compiler Design"
  },
  "model": "coredata.course",
  "pk": 30
 },
 {
  "fields": {
   "config": "{}",
   "number": "383",
   "subject": "CMPT",
   "title": "Comparative Programming Languages"
  },
  "model": "coredata.course",
  "pk": 999
 },
 {
  "fields": {
   "config": "{}",
   "number": "300",
   "subject": "MACM",
   "title": "Formal Languages and Automata"
  },
  "model": "coredata.course",
  "pk": 31
 },
 {
  "fields": {
   "config": "{}",
   "number": "405",
   "subject": "CMPT",
   "title": "Computing Algorithms"
  },
  "model": "coredata.course",
  "pk": 32
 },
 {
  "fields": {
   "config": "{}",
   "number": "408",
   "subject": "CMPT",
   "title": "Theory of Comp. Networks"
  },
  "model": "coredata.course",
  "pk": 33
 },
 {
  "fields": {
   "config": "{}",
   "number": "411",
   "subject": "CMPT",
   "title": "Knowledge Representation"
  },
  "model": "coredata.course",
  "pk": 35
 },
 {
  "fields": {
   "config": "{}",
   "number": "441",
   "subject": "CMPT",
   "title": "Computational Biology"
  },
  "model": "coredata.course",
  "pk": 36
 },
 {
  "fields": {
   "config": "{}",
   "number": "454",
   "subject": "CMPT",
   "title": "Database Systems II"
  },
  "model": "coredata.course",
  "pk": 37
 },
 {
  "fields": {
   "config": "{}",
   "number": "470",
   "subject": "CMPT",
   "title": "Web-Based Info Syst"
  },
  "model": "coredata.course",
  "pk": 9
 },
 {
  "fields": {
   "config": "{}",
   "number": "471",
   "subject": "CMPT",
   "title": "Networking II"
  },
  "model": "coredata.course",
  "pk": 7
 },
 {
  "fields": {
   "config": "{}",
   "number": "475",
   "subject": "CMPT",
   "title": "Software Engineering II"
  },
  "model": "coredata.course",
  "pk": 4
 },
 {
  "fields": {
   "config": "{}",
   "number": "477",
   "subject": "CMPT",
   "title": "Intro to Formal Verification"
  },
  "model": "coredata.course",
  "pk": 5
 },
 {
  "fields": {
   "config": "{}",
   "number": "479",
   "subject": "CMPT",
   "title": "Spec.Topics/Computing Systems"
  },
  "model": "coredata.course",
  "pk": 6
 },
 {
  "fields": {
   "config": "{}",
   "number": "215",
   "subject": "ENSC",
   "title": "Microcontrollers/Assembly Prog"
  },
  "model": "coredata.course",
  "pk": 8
 },
 {
  "fields": {
   "config": "{}",
   "number": "225",
   "subject": "ENSC",
   "title": "Microelectronics I"
  },
  "model": "coredata.course",
  "pk": 1
 },
 {
  "fields": {
   "config": "{}",
   "number": "295",
   "subject": "ENSC",
   "title": "Industrial Internship II"
  },
  "model": "coredata.course",
  "pk": 2
 },
 {
  "fields": {
   "end_day": "2013-04-12",
   "end_time": "17:00:00",
   "exam": false,
   "labtut_section": null,
   "meeting_type": "LEC",
   "offering": 6,
   "room": "",
   "start_day": "2013-01-07",
   "start_time": "08:00:00",
   "weekday": 0
  },
  "model": "coredata.meetingtime",
  "pk": 1
 },
 {
  "fields": {
   "end_day": "2012-12-03",
   "end_time": "14:20:00",
   "exam": false,
   "labtut_section": null,
   "meeting_type": "LEC",
   "offering": 14,
   "room": "AQ3154",
   "start_day": "2012-09-04",
   "start_time": "13:30:00",
   "weekday": 0
  },
  "model": "coredata.meetingtime",
  "pk": 6
 },
 {
  "fields": {
   "end_day": "2012-12-03",
   "end_time": "14:20:00",
   "exam": false,
   "labtut_section": null,
   "meeting_type": "LEC",
   "offering": 21,
   "room": "SUR3130",
   "start_day": "2012-09-04",
   "start_time": "12:30:00",
   "weekday": 0
  },
  "model": "coredata.meetingtime",
  "pk": 10
 },
 {
  "fields": {
   "end_day": "2012-12-03",
   "end_time": "17:00:00",
   "exam": false,
   "labtut_section": null,
   "meeting_type": "LEC",
   "offering": 9,
   "room": "",
   "start_day": "2012-09-04",
   "start_time": "08:00:00",
   "weekday": 0
  },
  "model": "coredata.meetingtime",
  "pk": 18
 },
 {
  "fields": {
   "end_day": "2012-12-03",
   "end_time": "17:00:00",
   "exam": false,
   "labtut_section": null,
   "meeting_type": "LEC",
   "offering": 8,
   "room": "",
   "start_day": "2012-09-04",
   "start_time": "08:00:00",
   "weekday": 0
  },
  "model": "coredata.meetingtime",
  "pk": 23
 },
 {
  "fields": {
   "end_day": "2012-08-03",
   "end_time": "13:20:00",
   "exam": false,
   "labtut_section": null,
   "meeting_type": "LEC",
   "offering": 15,
   "room": "AQ3154",
   "start_day": "2012-05-07",
   "start_time": "12:30:00",
   "weekday": 0
  },
  "model": "coredata.meetingtime",
  "pk": 28
 },
 {
  "fields": {
   "end_day": "2012-08-03",
   "end_time": "20:20:00",
   "exam": false,
   "labtut_section": null,
   "meeting_type": "LEC",
   "offering": 27,
   "room": "HCC1700",
   "start_day": "2012-05-07",
   "start_time": "17:30:00",
   "weekday": 0
  },
  "model": "coredata.meetingtime",
  "pk": 32
 },
 {
  "fields": {
   "end_day": "2012-08-13",
   "end_time": "22:00:00",
   "exam": false,
   "labtut_section": null,
   "meeting_type": "EXAM",
   "offering": 27,
   "room": "",
   "start_day": "2012-08-13",
   "start_time": "19:00:00",
   "weekday": 0
  },
  "model": "coredata.meetingtime",
  "pk": 33
 },
 {
  "fields": {
   "end_day": "2012-08-03",
   "end_time": "10:20:00",
   "exam": false,
   "labtut_section": null,
   "meeting_type": "LEC",
   "offering": 22,
   "room": "AQ3005",
   "start_day": "2012-05-07",
   "start_time": "09:30:00",
   "weekday": 0
  },
  "model": "coredata.meetingtime",
  "pk": 34
 },
 {
  "fields": {
   "end_day": "2013-04-12",
   "end_time": "17:00:00",
   "exam": false,
   "labtut_section": null,
   "meeting_type": "LEC",
   "offering": 6,
   "room": "",
   "start_day": "2013-01-07",
   "start_time": "08:00:00",
   "weekday": 1
  },
  "model": "coredata.meetingtime",
  "pk": 2
 },
 {
  "fields": {
   "end_day": "2012-12-03",
   "end_time": "20:20:00",
   "exam": false,
   "labtut_section": null,
   "meeting_type": "LEC",
   "offering": 26,
   "room": "RCB8100",
   "start_day": "2012-09-04",
   "start_time": "17:30:00",
   "weekday": 1
  },
  "model": "coredata.meetingtime",
  "pk": 9
 },
 {
  "fields": {
   "end_day": "2012-12-03",
   "end_time": "13:20:00",
   "exam": false,
   "labtut_section": null,
   "meeting_type": "LEC",
   "offering": 23,
   "room": "AQ3005",
   "start_day": "2012-09-04",
   "start_time": "11:30:00",
   "weekday": 1
  },
  "model": "coredata.meetingtime",
  "pk": 16
 },
 {
  "fields": {
   "end_day": "2012-12-03",
   "end_time": "17:00:00",
   "exam": false,
   "labtut_section": null,
   "meeting_type": "LEC",
   "offering": 9,
   "room": "",
   "start_day": "2012-09-04",
   "start_time": "08:00:00",
   "weekday": 1
  },
  "model": "coredata.meetingtime",
  "pk": 19
 },
 {
  "fields": {
   "end_day": "2012-12-03",
   "end_time": "17:00:00",
   "exam": false,
   "labtut_section": null,
   "meeting_type": "LEC",
   "offering": 8,
   "room": "",
   "start_day": "2012-09-04",
   "start_time": "08:00:00",
   "weekday": 1
  },
  "model": "coredata.meetingtime",
  "pk": 24
 },
 {
  "fields": {
   "end_day": "2012-08-07",
   "end_time": "18:30:00",
   "exam": false,
   "labtut_section": null,
   "meeting_type": "EXAM",
   "offering": 15,
   "room": "",
   "start_day": "2012-08-07",
   "start_time": "15:30:00",
   "weekday": 1
  },
  "model": "coredata.meetingtime",
  "pk": 31
 },
 {
  "fields": {
   "end_day": "2012-08-03",
   "end_time": "17:20:00",
   "exam": false,
   "labtut_section": null,
   "meeting_type": "LEC",
   "offering": 18,
   "room": "WMC3210",
   "start_day": "2012-06-26",
   "start_time": "14:30:00",
   "weekday": 1
  },
  "model": "coredata.meetingtime",
  "pk": 38
 },
 {
  "fields": {
   "end_day": "2012-08-14",
   "end_time": "15:00:00",
   "exam": false,
   "labtut_section": null,
   "meeting_type": "EXAM",
   "offering": 18,
   "room": "",
   "start_day": "2012-08-14",
   "start_time": "12:00:00",
   "weekday": 1
  },
  "model": "coredata.meetingtime",
  "pk": 40
 },
 {
  "fields": {
   "end_day": "2012-08-03",
   "end_time": "10:20:00",
   "exam": false,
   "labtut_section": null,
   "meeting_type": "LEC",
   "offering": 25,
   "room": "AQ3005",
   "start_day": "2012-05-07",
   "start_time": "08:30:00",
   "weekday": 1
  },
  "model": "coredata.meetingtime",
  "pk": 41
 },
 {
  "fields": {
   "end_day": "2012-08-03",
   "end_time": "13:20:00",
   "exam": false,
   "labtut_section": "D201",
   "meeting_type": "LAB",
   "offering": 25,
   "room": "AQ3005",
   "start_day": "2012-05-07",
   "start_time": "12:30:00",
   "weekday": 1
  },
  "model": "coredata.meetingtime",
  "pk": 42
 },
 {
  "fields": {
   "end_day": "2012-08-03",
   "end_time": "15:20:00",
   "exam": false,
   "labtut_section": "D101",
   "meeting_type": "LAB",
   "offering": 3,
   "room": "AQ3182",
   "start_day": "2012-05-07",
   "start_time": "14:30:00",
   "weekday": 1
  },
  "model": "coredata.meetingtime",
  "pk": 45
 },
 {
  "fields": {
   "end_day": "2012-08-03",
   "end_time": "14:20:00",
   "exam": false,
   "labtut_section": null,
   "meeting_type": "LEC",
   "offering": 3,
   "room": "AQ3182",
   "start_day": "2012-05-07",
   "start_time": "13:30:00",
   "weekday": 1
  },
  "model": "coredata.meetingtime",
  "pk": 46
 },
 {
  "fields": {
   "end_day": "2013-04-12",
   "end_time": "17:00:00",
   "exam": false,
   "labtut_section": null,
   "meeting_type": "LEC",
   "offering": 6,
   "room": "",
   "start_day": "2013-01-07",
   "start_time": "08:00:00",
   "weekday": 2
  },
  "model": "coredata.meetingtime",
  "pk": 3
 },
 {
  "fields": {
   "end_day": "2012-12-03",
   "end_time": "14:20:00",
   "exam": false,
   "labtut_section": null,
   "meeting_type": "LEC",
   "offering": 14,
   "room": "AQ3005",
   "start_day": "2012-09-04",
   "start_time": "13:30:00",
   "weekday": 2
  },
  "model": "coredata.meetingtime",
  "pk": 7
 },
 {
  "fields": {
   "end_day": "2012-12-03",
   "end_time": "13:20:00",
   "exam": false,
   "labtut_section": null,
   "meeting_type": "LEC",
   "offering": 21,
   "room": "SUR3130",
   "start_day": "2012-09-04",
   "start_time": "12:30:00",
   "weekday": 2
  },
  "model": "coredata.meetingtime",
  "pk": 11
 },
 {
  "fields": {
   "end_day": "2012-12-03",
   "end_time": "20:20:00",
   "exam": false,
   "labtut_section": null,
   "meeting_type": "LEC",
   "offering": 16,
   "room": "WMC3210",
   "start_day": "2012-09-04",
   "start_time": "17:30:00",
   "weekday": 2
  },
  "model": "coredata.meetingtime",
  "pk": 12
 },
 {
  "fields": {
   "end_day": "2012-12-03",
   "end_time": "16:20:00",
   "exam": false,
   "labtut_section": null,
   "meeting_type": "LEC",
   "offering": 19,
   "room": "SUR3300",
   "start_day": "2012-09-04",
   "start_time": "15:30:00",
   "weekday": 2
  },
  "model": "coredata.meetingtime",
  "pk": 13
 },
 {
  "fields": {
   "end_day": "2012-12-03",
   "end_time": "17:00:00",
   "exam": false,
   "labtut_section": null,
   "meeting_type": "LEC",
   "offering": 9,
   "room": "",
   "start_day": "2012-09-04",
   "start_time": "08:00:00",
   "weekday": 2
  },
  "model": "coredata.meetingtime",
  "pk": 20
 },
 {
  "fields": {
   "end_day": "2012-12-03",
   "end_time": "17:00:00",
   "exam": false,
   "labtut_section": null,
   "meeting_type": "LEC",
   "offering": 8,
   "room": "",
   "start_day": "2012-09-04",
   "start_time": "08:00:00",
   "weekday": 2
  },
  "model": "coredata.meetingtime",
  "pk": 25
 },
 {
  "fields": {
   "end_day": "2012-08-03",
   "end_time": "13:20:00",
   "exam": false,
   "labtut_section": null,
   "meeting_type": "LEC",
   "offering": 15,
   "room": "AQ3154",
   "start_day": "2012-05-07",
   "start_time": "12:30:00",
   "weekday": 2
  },
  "model": "coredata.meetingtime",
  "pk": 29
 },
 {
  "fields": {
   "end_day": "2012-08-03",
   "end_time": "10:20:00",
   "exam": false,
   "labtut_section": null,
   "meeting_type": "LEC",
   "offering": 22,
   "room": "AQ3005",
   "start_day": "2012-05-07",
   "start_time": "09:30:00",
   "weekday": 2
  },
  "model": "coredata.meetingtime",
  "pk": 35
 },
 {
  "fields": {
   "end_day": "2013-04-12",
   "end_time": "17:00:00",
   "exam": false,
   "labtut_section": null,
   "meeting_type": "LEC",
   "offering": 6,
   "room": "",
   "start_day": "2013-01-07",
   "start_time": "08:00:00",
   "weekday": 3
  },
  "model": "coredata.meetingtime",
  "pk": 4
 },
 {
  "fields": {
   "end_day": "2012-12-03",
   "end_time": "13:20:00",
   "exam": false,
   "labtut_section": "D101",
   "meeting_type": "LAB",
   "offering": 23,
   "room": "BLU9660",
   "start_day": "2012-09-04",
   "start_time": "12:30:00",
   "weekday": 3
  },
  "model": "coredata.meetingtime",
  "pk": 15
 },
 {
  "fields": {
   "end_day": "2012-12-03",
   "end_time": "12:20:00",
   "exam": false,
   "labtut_section": null,
   "meeting_type": "LEC",
   "offering": 23,
   "room": "BLU9660",
   "start_day": "2012-09-04",
   "start_time": "11:30:00",
   "weekday": 3
  },
  "model": "coredata.meetingtime",
  "pk": 17
 },
 {
  "fields": {
   "end_day": "2012-12-03",
   "end_time": "17:00:00",
   "exam": false,
   "labtut_section": null,
   "meeting_type": "LEC",
   "offering": 9,
   "room": "",
   "start_day": "2012-09-04",
   "start_time": "08:00:00",
   "weekday": 3
  },
  "model": "coredata.meetingtime",
  "pk": 21
 },
 {
  "fields": {
   "end_day": "2012-12-03",
   "end_time": "17:00:00",
   "exam": false,
   "labtut_section": null,
   "meeting_type": "LEC",
   "offering": 8,
   "room": "",
   "start_day": "2012-09-04",
   "start_time": "08:00:00",
   "weekday": 3
  },
  "model": "coredata.meetingtime",
  "pk": 26
 },
 {
  "fields": {
   "end_day": "2012-08-03",
   "end_time": "17:20:00",
   "exam": false,
   "labtut_section": null,
   "meeting_type": "LEC",
   "offering": 18,
   "room": "WMC3210",
   "start_day": "2012-06-26",
   "start_time": "14:30:00",
   "weekday": 3
  },
  "model": "coredata.meetingtime",
  "pk": 39
 },
 {
  "fields": {
   "end_day": "2012-08-03",
   "end_time": "09:20:00",
   "exam": false,
   "labtut_section": null,
   "meeting_type": "LEC",
   "offering": 25,
   "room": "AQ3003",
   "start_day": "2012-05-07",
   "start_time": "08:30:00",
   "weekday": 3
  },
  "model": "coredata.meetingtime",
  "pk": 43
 },
 {
  "fields": {
   "end_day": "2012-08-03",
   "end_time": "14:20:00",
   "exam": false,
   "labtut_section": null,
   "meeting_type": "LEC",
   "offering": 3,
   "room": "AQ3003",
   "start_day": "2012-05-07",
   "start_time": "12:30:00",
   "weekday": 3
  },
  "model": "coredata.meetingtime",
  "pk": 47
 },
 {
  "fields": {
   "end_day": "2013-04-12",
   "end_time": "17:00:00",
   "exam": false,
   "labtut_section": null,
   "meeting_type": "LEC",
   "offering": 6,
   "room": "",
   "start_day": "2013-01-07",
   "start_time": "08:00:00",
   "weekday": 4
  },
  "model": "coredata.meetingtime",
  "pk": 5
 },
 {
  "fields": {
   "end_day": "2012-12-03",
   "end_time": "14:20:00",
   "exam": false,
   "labtut_section": null,
   "meeting_type": "LEC",
   "offering": 14,
   "room": "AQ3005",
   "start_day": "2012-09-04",
   "start_time": "13:30:00",
   "weekday": 4
  },
  "model": "coredata.meetingtime",
  "pk": 8
 },
 {
  "fields": {
   "end_day": "2012-12-03",
   "end_time": "16:20:00",
   "exam": false,
   "labtut_section": null,
   "meeting_type": "LEC",
   "offering": 19,
   "room": "SUR3300",
   "start_day": "2012-09-04",
   "start_time": "14:30:00",
   "weekday": 4
  },
  "model": "coredata.meetingtime",
  "pk": 14
 },
 {
  "fields": {
   "end_day": "2012-12-03",
   "end_time": "17:00:00",
   "exam": false,
   "labtut_section": null,
   "meeting_type": "LEC",
   "offering": 9,
   "room": "",
   "start_day": "2012-09-04",
   "start_time": "08:00:00",
   "weekday": 4
  },
  "model": "coredata.meetingtime",
  "pk": 22
 },
 {
  "fields": {
   "end_day": "2012-12-03",
   "end_time": "17:00:00",
   "exam": false,
   "labtut_section": null,
   "meeting_type": "LEC",
   "offering": 8,
   "room": "",
   "start_day": "2012-09-04",
   "start_time": "08:00:00",
   "weekday": 4
  },
  "model": "coredata.meetingtime",
  "pk": 27
 },
 {
  "fields": {
   "end_day": "2012-08-03",
   "end_time": "13:20:00",
   "exam": false,
   "labtut_section": null,
   "meeting_type": "LEC",
   "offering": 15,
   "room": "AQ3154",
   "start_day": "2012-05-07",
   "start_time": "12:30:00",
   "weekday": 4
  },
  "model": "coredata.meetingtime",
  "pk": 30
 },
 {
  "fields": {
   "end_day": "2012-08-03",
   "end_time": "10:20:00",
   "exam": false,
   "labtut_section": null,
   "meeting_type": "LEC",
   "offering": 22,
   "room": "AQ3005",
   "start_day": "2012-05-07",
   "start_time": "09:30:00",
   "weekday": 4
  },
  "model": "coredata.meetingtime",
  "pk": 36
 },
 {
  "fields": {
   "end_day": "2012-08-10",
   "end_time": "11:30:00",
   "exam": false,
   "labtut_section": null,
   "meeting_type": "EXAM",
   "offering": 22,
   "room": "",
   "start_day": "2012-08-10",
   "start_time": "08:30:00",
   "weekday": 4
  },
  "model": "coredata.meetingtime",
  "pk": 37
 },
 {
  "fields": {
   "end_day": "2012-08-11",
   "end_time": "15:00:00",
   "exam": false,
   "labtut_section": null,
   "meeting_type": "EXAM",
   "offering": 25,
   "room": "",
   "start_day": "2012-08-11",
   "start_time": "12:00:00",
   "weekday": 5
  },
  "model": "coredata.meetingtime",
  "pk": 44
 },
 {
  "fields": {
   "end_day": "2012-08-11",
   "end_time": "18:30:00",
   "exam": false,
   "labtut_section": null,
   "meeting_type": "EXAM",
   "offering": 3,
   "room": "",
   "start_day": "2012-08-11",
   "start_time": "15:30:00",
   "weekday": 5
  },
  "model": "coredata.meetingtime",
  "pk": 48
 },
 {
  "fields": {
   "config": "{}",
   "emplid": 200000101,
   "first_name": "Gregory",
   "last_name": "Baker",
   "middle_name": "Garnet",
   "pref_first_name": "Gregory",
   "title": "Mr",
   "userid": "ggbaker"
  },
  "model": "coredata.person",
  "pk": 8
 },
 {
  "fields": {
   "config": "{}",
   "emplid": 200000102,
   "first_name": ".",
   "last_name": "Faculty",
   "middle_name": "",
   "pref_first_name": ".",
   "title": "",
   "userid": null
  },
  "model": "coredata.person",
  "pk": 3
 },
 {
  "fields": {
   "config": "{}",
   "emplid": 200000103,
   "first_name": "Uwe",
   "last_name": "Glaesser",
   "middle_name": "Peter",
   "pref_first_name": "Uwe",
   "title": "Dr",
   "userid": "glaesser"
  },
  "model": "coredata.person",
  "pk": 5
 },
 {
  "fields": {
   "config": "{}",
   "emplid": 200000404,
   "first_name": "Bwzeeeei",
   "last_name": "Grad",
   "middle_name": "",
   "pref_first_name": "Bwze",
   "title": null,
   "userid": "0nnngrad"
  },
  "model": "coredata.person",
  "pk": 304
 },
 {
  "fields": {
   "config": "{}",
   "emplid": 200000299,
   "first_name": "Cclhcfsz",
   "last_name": "Grad",
   "middle_name": "",
   "pref_first_name": "Cclh",
   "title": null,
   "userid": "0iiigrad"
  },
  "model": "coredata.person",
  "pk": 199
 },
 {
  "fields": {
   "config": "{}",
   "emplid": 200000215,
   "first_name": "Ccynheec",
   "last_name": "Grad",
   "middle_name": "",
   "pref_first_name": "Ccyn",
   "title": null,
   "userid": "0eeegrad"
  },
  "model": "coredata.person",
  "pk": 115
 },
 {
  "fields": {
   "config": "{}",
   "emplid": 200000530,
   "first_name": "Cfesfwto",
   "last_name": "Grad",
   "middle_name": "",
   "pref_first_name": "Cfes",
   "title": null,
   "userid": "0tttgrad"
  },
  "model": "coredata.person",
  "pk": 430
 },
 {
  "fields": {
   "config": "{}",
   "emplid": 200000131,
   "first_name": "Cvewpbyq",
   "last_name": "Grad",
   "middle_name": "",
   "pref_first_name": "Cvew",
   "title": null,
   "userid": "0aaagrad"
  },
  "model": "coredata.person",
  "pk": 31
 },
 {
  "fields": {
   "config": "{}",
   "emplid": 200000614,
   "first_name": "Cvkskhyu",
   "last_name": "Grad",
   "middle_name": "",
   "pref_first_name": "Cvks",
   "title": null,
   "userid": "0xxxgrad"
  },
  "model": "coredata.person",
  "pk": 514
 },
 {
  "fields": {
   "config": "{}",
   "emplid": 200000509,
   "first_name": "Dynzsxmb",
   "last_name": "Grad",
   "middle_name": "",
   "pref_first_name": "Dynz",
   "title": null,
   "userid": "0sssgrad"
  },
  "model": "coredata.person",
  "pk": 409
 },
 {
  "fields": {
   "config": "{}",
   "emplid": 200000635,
   "first_name": "Gtkahfxh",
   "last_name": "Grad",
   "middle_name": "",
   "pref_first_name": "Gtka",
   "title": null,
   "userid": "0yyygrad"
  },
  "model": "coredata.person",
  "pk": 535
 },
 {
  "fields": {
   "config": "{}",
   "emplid": 200000236,
   "first_name": "Hngmztxz",
   "last_name": "Grad",
   "middle_name": "",
   "pref_first_name": "Hngm",
   "title": null,
   "userid": "0fffgrad"
  },
  "model": "coredata.person",
  "pk": 136
 },
 {
  "fields": {
   "config": "{}",
   "emplid": 200000593,
   "first_name": "Hofqvqdu",
   "last_name": "Grad",
   "middle_name": "",
   "pref_first_name": "Hofq",
   "title": null,
   "userid": "0wwwgrad"
  },
  "model": "coredata.person",
  "pk": 493
 },
 {
  "fields": {
   "config": "{}",
   "emplid": 200000467,
   "first_name": "Hwuynwrr",
   "last_name": "Grad",
   "middle_name": "",
   "pref_first_name": "Hwuy",
   "title": null,
   "userid": "0qqqgrad"
  },
  "model": "coredata.person",
  "pk": 367
 },
 {
  "fields": {
   "config": "{}",
   "emplid": 200000341,
   "first_name": "Ibhwvawh",
   "last_name": "Grad",
   "middle_name": "",
   "pref_first_name": "Ibhw",
   "title": null,
   "userid": "0kkkgrad"
  },
  "model": "coredata.person",
  "pk": 241
 },
 {
  "fields": {
   "config": "{}",
   "emplid": 200000362,
   "first_name": "Iwgiswbl",
   "last_name": "Grad",
   "middle_name": "",
   "pref_first_name": "Iwgi",
   "title": null,
   "userid": "0lllgrad"
  },
  "model": "coredata.person",
  "pk": 262
 },
 {
  "fields": {
   "config": "{}",
   "emplid": 200000551,
   "first_name": "Knokbtdx",
   "last_name": "Grad",
   "middle_name": "",
   "pref_first_name": "Knok",
   "title": null,
   "userid": "0uuugrad"
  },
  "model": "coredata.person",
  "pk": 451
 },
 {
  "fields": {
   "config": "{}",
   "emplid": 200000446,
   "first_name": "Kuvfctej",
   "last_name": "Grad",
   "middle_name": "",
   "pref_first_name": "Kuvf",
   "title": null,
   "userid": "0pppgrad"
  },
  "model": "coredata.person",
  "pk": 346
 },
 {
  "fields": {
   "config": "{}",
   "emplid": 200000383,
   "first_name": "Lletmzdv",
   "last_name": "Grad",
   "middle_name": "",
   "pref_first_name": "Llet",
   "title": null,
   "userid": "0mmmgrad"
  },
  "model": "coredata.person",
  "pk": 283
 },
 {
  "fields": {
   "config": "{}",
   "emplid": 200000320,
   "first_name": "Mteingjk",
   "last_name": "Grad",
   "middle_name": "",
   "pref_first_name": "Mtei",
   "title": null,
   "userid": "0jjjgrad"
  },
  "model": "coredata.person",
  "pk": 220
 },
 {
  "fields": {
   "config": "{}",
   "emplid": 200000425,
   "first_name": "Pgezqklk",
   "last_name": "Grad",
   "middle_name": "",
   "pref_first_name": "Pgez",
   "title": null,
   "userid": "0ooograd"
  },
  "model": "coredata.person",
  "pk": 325
 },
 {
  "fields": {
   "config": "{}",
   "emplid": 200000152,
   "first_name": "Plwhzjun",
   "last_name": "Grad",
   "middle_name": "",
   "pref_first_name": "Plwh",
   "title": null,
   "userid": "0bbbgrad"
  },
  "model": "coredata.person",
  "pk": 52
 },
 {
  "fields": {
   "config": "{}",
   "emplid": 200000488,
   "first_name": "Pyayvtty",
   "last_name": "Grad",
   "middle_name": "",
   "pref_first_name": "Pyay",
   "title": null,
   "userid": "0rrrgrad"
  },
  "model": "coredata.person",
  "pk": 388
 },
 {
  "fields": {
   "config": "{}",
   "emplid": 200000194,
   "first_name": "Pzfwffpm",
   "last_name": "Grad",
   "middle_name": "",
   "pref_first_name": "Pzfw",
   "title": null,
   "userid": "0dddgrad"
  },
  "model": "coredata.person",
  "pk": 94
 },
 {
  "fields": {
   "config": "{}",
   "emplid": 200000572,
   "first_name": "Tipiztje",
   "last_name": "Grad",
   "middle_name": "",
   "pref_first_name": "Tipi",
   "title": null,
   "userid": "0vvvgrad"
  },
  "model": "coredata.person",
  "pk": 472
 },
 {
  "fields": {
   "config": "{}",
   "emplid": 200000257,
   "first_name": "Uchutjrq",
   "last_name": "Grad",
   "middle_name": "",
   "pref_first_name": "Uchu",
   "title": null,
   "userid": "0ggggrad"
  },
  "model": "coredata.person",
  "pk": 157
 },
 {
  "fields": {
   "config": "{}",
   "emplid": 200000173,
   "first_name": "Vwmjqugo",
   "last_name": "Grad",
   "middle_name": "",
   "pref_first_name": "Vwmj",
   "title": null,
   "userid": "0cccgrad"
  },
  "model": "coredata.person",
  "pk": 73
 },
 {
  "fields": {
   "config": "{}",
   "emplid": 200000278,
   "first_name": "Xpnlodca",
   "last_name": "Grad",
   "middle_name": "",
   "pref_first_name": "Xpnl",
   "title": null,
   "userid": "0hhhgrad"
  },
  "model": "coredata.person",
  "pk": 178
 },
 {
  "fields": {
   "config": "{}",
   "emplid": 200000656,
   "first_name": "Xzznxgwd",
   "last_name": "Grad",
   "middle_name": "",
   "pref_first_name": "Xzzn",
   "title": null,
   "userid": "0zzzgrad"
  },
  "model": "coredata.person",
  "pk": 556
 },
 {
  "fields": {
   "config": "{}",
   "emplid": 200000657,
   "first_name": "Douglas",
   "last_name": "Gradstudent",
   "middle_name": "",
   "pref_first_name": "Doug",
   "title": null,
   "userid": "0grad1"
  },
  "model": "coredata.person",
  "pk": 557
 },
 {
  "fields": {
   "config": "{}",
   "emplid": 200000104,
   "first_name": "Qianping",
   "last_name": "Gu",
   "middle_name": "",
   "pref_first_name": "Qianping",
   "title": "Dr",
   "userid": "qgu"
  },
  "model": "coredata.person",
  "pk": 4
 },
 {
  "fields": {
   "config": "{}",
   "emplid": 200000658,
   "first_name": "Susan",
   "last_name": "Kindersley",
   "middle_name": null,
   "pref_first_name": "sumo",
   "title": null,
   "userid": "sumo"
  },
  "model": "coredata.person",
  "pk": 558
 },
 {
  "fields": {
   "config": "{}",
   "emplid": 200000105,
   "first_name": "Meenakshinathan",
   "last_name": "Parameswaran",
   "middle_name": "",
   "pref_first_name": "Ash",
   "title": "Dr",
   "userid": "paramesw"
  },
  "model": "coredata.person",
  "pk": 1
 },
 {
  "fields": {
   "config": "{}",
   "emplid": 200000106,
   "first_name": "Janice",
   "last_name": "Regan",
   "middle_name": "",
   "pref_first_name": "Janice",
   "title": "Ms",
   "userid": "jregan"
  },
  "model": "coredata.person",
  "pk": 9
 },
 {
  "fields": {
   "config": "{}",
   "emplid": 200000107,
   "first_name": "William",
   "last_name": "Scratchley",
   "middle_name": "Craig",
   "pref_first_name": "Craig",
   "title": "Mr",
   "userid": "wcs"
  },
  "model": "coredata.person",
  "pk": 7
 },
 {
  "fields": {
   "config": "{}",
   "emplid": 200000108,
   "first_name": "Arrvindh",
   "last_name": "Shriraman",
   "middle_name": "",
   "pref_first_name": "Arrvindh",
   "title": "Dr",
   "userid": "ashriram"
  },
  "model": "coredata.person",
  "pk": 6
 },
 {
  "fields": {
   "config": "{}",
   "emplid": 200000172,
   "first_name": "Aarseurn",
   "last_name": "Student",
   "middle_name": "",
   "pref_first_name": "Aars",
   "title": null,
   "userid": "0ccc19"
  },
  "model": "coredata.person",
  "pk": 72
 },
 {
  "fields": {
   "config": "{}",
   "emplid": 200000156,
   "first_name": "Abjwnixy",
   "last_name": "Student",
   "middle_name": "",
   "pref_first_name": "Abjw",
   "title": null,
   "userid": "0ccc3"
  },
  "model": "coredata.person",
  "pk": 56
 },
 {
  "fields": {
   "config": "{}",
   "emplid": 200000475,
   "first_name": "Aerygtnd",
   "last_name": "Student",
   "middle_name": "",
   "pref_first_name": "Aery",
   "title": null,
   "userid": "0rrr7"
  },
  "model": "coredata.person",
  "pk": 375
 },
 {
  "fields": {
   "config": "{}",
   "emplid": 200000161,
   "first_name": "Agdwrryo",
   "last_name": "Student",
   "middle_name": "",
   "pref_first_name": "Agdw",
   "title": null,
   "userid": "0ccc8"
  },
  "model": "coredata.person",
  "pk": 61
 },
 {
  "fields": {
   "config": "{}",
   "emplid": 200000437,
   "first_name": "Aklrdrlj",
   "last_name": "Student",
   "middle_name": "",
   "pref_first_name": "Aklr",
   "title": null,
   "userid": "0ppp11"
  },
  "model": "coredata.person",
  "pk": 337
 },
 {
  "fields": {
   "config": "{}",
   "emplid": 200000174,
   "first_name": "Akzfkheh",
   "last_name": "Student",
   "middle_name": "",
   "pref_first_name": "Akzf",
   "title": null,
   "userid": "0ddd0"
  },
  "model": "coredata.person",
  "pk": 74
 },
 {
  "fields": {
   "config": "{}",
   "emplid": 200000373,
   "first_name": "Amevixxi",
   "last_name": "Student",
   "middle_name": "",
   "pref_first_name": "Amev",
   "title": null,
   "userid": "0mmm10"
  },
  "model": "coredata.person",
  "pk": 273
 },
 {
  "fields": {
   "config": "{}",
   "emplid": 200000603,
   "first_name": "Aqqkjbll",
   "last_name": "Student",
   "middle_name": "",
   "pref_first_name": "Aqqk",
   "title": null,
   "userid": "0xxx9"
  },
  "model": "coredata.person",
  "pk": 503
 },
 {
  "fields": {
   "config": "{}",
   "emplid": 200000637,
   "first_name": "Aqxjqozs",
   "last_name": "Student",
   "middle_name": "",
   "pref_first_name": "Aqxj",
   "title": null,
   "userid": "0zzz1"
  },
  "model": "coredata.person",
  "pk": 537
 },
 {
  "fields": {
   "config": "{}",
   "emplid": 200000399,
   "first_name": "Atmzhzar",
   "last_name": "Student",
   "middle_name": "",
   "pref_first_name": "Atmz",
   "title": null,
   "userid": "0nnn15"
  },
  "model": "coredata.person",
  "pk": 299
 },
 {
  "fields": {
   "config": "{}",
   "emplid": 200000559,
   "first_name": "Atukhkgi",
   "last_name": "Student",
   "middle_name": "",
   "pref_first_name": "Atuk",
   "title": null,
   "userid": "0vvv7"
  },
  "model": "coredata.person",
  "pk": 459
 },
 {
  "fields": {
   "config": "{}",
   "emplid": 200000620,
   "first_name": "Aybvtebg",
   "last_name": "Student",
   "middle_name": "",
   "pref_first_name": "Aybv",
   "title": null,
   "userid": "0yyy5"
  },
  "model": "coredata.person",
  "pk": 520
 },
 {
  "fields": {
   "config": "{}",
   "emplid": 200000335,
   "first_name": "Aygfvaky",
   "last_name": "Student",
   "middle_name": "",
   "pref_first_name": "Aygf",
   "title": null,
   "userid": "0kkk14"
  },
  "model": "coredata.person",
  "pk": 235
 },
 {
  "fields": {
   "config": "{}",
   "emplid": 200000360,
   "first_name": "Bayisbwg",
   "last_name": "Student",
   "middle_name": "",
   "pref_first_name": "Bayi",
   "title": null,
   "userid": "0lll18"
  },
  "model": "coredata.person",
  "pk": 260
 },
 {
  "fields": {
   "config": "{}",
   "emplid": 200000192,
   "first_name": "Bbnyjiis",
   "last_name": "Student",
   "middle_name": "",
   "pref_first_name": "Bbny",
   "title": null,
   "userid": "0ddd18"
  },
  "model": "coredata.person",
  "pk": 92
 },
 {
  "fields": {
   "config": "{}",
   "emplid": 200000242,
   "first_name": "Bbruwbpm",
   "last_name": "Student",
   "middle_name": "",
   "pref_first_name": "Bbru",
   "title": null,
   "userid": "0ggg5"
  },
  "model": "coredata.person",
  "pk": 142
 },
 {
  "fields": {
   "config": "{}",
   "emplid": 200000643,
   "first_name": "Bbskycis",
   "last_name": "Student",
   "middle_name": "",
   "pref_first_name": "Bbsk",
   "title": null,
   "userid": "0zzz7"
  },
  "model": "coredata.person",
  "pk": 543
 },
 {
  "fields": {
   "config": "{}",
   "emplid": 200000553,
   "first_name": "Bdxywain",
   "last_name": "Student",
   "middle_name": "",
   "pref_first_name": "Bdxy",
   "title": null,
   "userid": "0vvv1"
  },
  "model": "coredata.person",
  "pk": 453
 },
 {
  "fields": {
   "config": "{}",
   "emplid": 200000140,
   "first_name": "Bejsmewh",
   "last_name": "Student",
   "middle_name": "",
   "pref_first_name": "Bejs",
   "title": null,
   "userid": "0bbb8"
  },
  "model": "coredata.person",
  "pk": 40
 },
 {
  "fields": {
   "config": "{}",
   "emplid": 200000142,
   "first_name": "Bfhinfsv",
   "last_name": "Student",
   "middle_name": "",
   "pref_first_name": "Bfhi",
   "title": null,
   "userid": "0bbb10"
  },
  "model": "coredata.person",
  "pk": 42
 },
 {
  "fields": {
   "config": "{}",
   "emplid": 200000440,
   "first_name": "Bghvcfvq",
   "last_name": "Student",
   "middle_name": "",
   "pref_first_name": "Bghv",
   "title": null,
   "userid": "0ppp14"
  },
  "model": "coredata.person",
  "pk": 340
 },
 {
  "fields": {
   "config": "{}",
   "emplid": 200000351,
   "first_name": "Bhkhdbef",
   "last_name": "Student",
   "middle_name": "",
   "pref_first_name": "Bhkh",
   "title": null,
   "userid": "0lll9"
  },
  "model": "coredata.person",
  "pk": 251
 },
 {
  "fields": {
   "config": "{}",
   "emplid": 200000554,
   "first_name": "Bkpvmmnc",
   "last_name": "Student",
   "middle_name": "",
   "pref_first_name": "Bkpv",
   "title": null,
   "userid": "0vvv2"
  },
  "model": "coredata.person",
  "pk": 454
 },
 {
  "fields": {
   "config": "{}",
   "emplid": 200000409,
   "first_name": "Bpfuktuv",
   "last_name": "Student",
   "middle_name": "",
   "pref_first_name": "Bpfu",
   "title": null,
   "userid": "0ooo4"
  },
  "model": "coredata.person",
  "pk": 309
 },
 {
  "fields": {
   "config": "{}",
   "emplid": 200000199,
   "first_name": "Bpkkkoiu",
   "last_name": "Student",
   "middle_name": "",
   "pref_first_name": "Bpkk",
   "title": null,
   "userid": "0eee4"
  },
  "model": "coredata.person",
  "pk": 99
 },
 {
  "fields": {
   "config": "{}",
   "emplid": 200000522,
   "first_name": "Bpyjglnx",
   "last_name": "Student",
   "middle_name": "",
   "pref_first_name": "Bpyj",
   "title": null,
   "userid": "0ttt12"
  },
  "model": "coredata.person",
  "pk": 422
 },
 {
  "fields": {
   "config": "{}",
   "emplid": 200000445,
   "first_name": "Bsitkwmp",
   "last_name": "Student",
   "middle_name": "",
   "pref_first_name": "Bsit",
   "title": null,
   "userid": "0ppp19"
  },
  "model": "coredata.person",
  "pk": 345
 },
 {
  "fields": {
   "config": "{}",
   "emplid": 200000355,
   "first_name": "Bthdmkah",
   "last_name": "Student",
   "middle_name": "",
   "pref_first_name": "Bthd",
   "title": null,
   "userid": "0lll13"
  },
  "model": "coredata.person",
  "pk": 255
 },
 {
  "fields": {
   "config": "{}",
   "emplid": 200000504,
   "first_name": "Bxbbiadz",
   "last_name": "Student",
   "middle_name": "",
   "pref_first_name": "Bxbb",
   "title": null,
   "userid": "0sss15"
  },
  "model": "coredata.person",
  "pk": 404
 },
 {
  "fields": {
   "config": "{}",
   "emplid": 200000200,
   "first_name": "Carelzqy",
   "last_name": "Student",
   "middle_name": "",
   "pref_first_name": "Care",
   "title": null,
   "userid": "0eee5"
  },
  "model": "coredata.person",
  "pk": 100
 },
 {
  "fields": {
   "config": "{}",
   "emplid": 200000190,
   "first_name": "Cbdmureb",
   "last_name": "Student",
   "middle_name": "",
   "pref_first_name": "Cbdm",
   "title": null,
   "userid": "0ddd16"
  },
  "model": "coredata.person",
  "pk": 90
 },
 {
  "fields": {
   "config": "{}",
   "emplid": 200000256,
   "first_name": "Ccdlagkj",
   "last_name": "Student",
   "middle_name": "",
   "pref_first_name": "Ccdl",
   "title": null,
   "userid": "0ggg19"
  },
  "model": "coredata.person",
  "pk": 156
 },
 {
  "fields": {
   "config": "{}",
   "emplid": 200000359,
   "first_name": "Cdflvlwl",
   "last_name": "Student",
   "middle_name": "",
   "pref_first_name": "Cdfl",
   "title": null,
   "userid": "0lll17"
  },
  "model": "coredata.person",
  "pk": 259
 },
 {
  "fields": {
   "config": "{}",
   "emplid": 200000483,
   "first_name": "Cekegvod",
   "last_name": "Student",
   "middle_name": "",
   "pref_first_name": "Ceke",
   "title": null,
   "userid": "0rrr15"
  },
  "model": "coredata.person",
  "pk": 383
 },
 {
  "fields": {
   "config": "{}",
   "emplid": 200000315,
   "first_name": "Cgbsgrvn",
   "last_name": "Student",
   "middle_name": "",
   "pref_first_name": "Cgbs",
   "title": null,
   "userid": "0jjj15"
  },
  "model": "coredata.person",
  "pk": 215
 },
 {
  "fields": {
   "config": "{}",
   "emplid": 200000210,
   "first_name": "Cgniczwr",
   "last_name": "Student",
   "middle_name": "",
   "pref_first_name": "Cgni",
   "title": null,
   "userid": "0eee15"
  },
  "model": "coredata.person",
  "pk": 110
 },
 {
  "fields": {
   "config": "{}",
   "emplid": 200000406,
   "first_name": "Chwbhalh",
   "last_name": "Student",
   "middle_name": "",
   "pref_first_name": "Chwb",
   "title": null,
   "userid": "0ooo1"
  },
  "model": "coredata.person",
  "pk": 306
 },
 {
  "fields": {
   "config": "{}",
   "emplid": 200000136,
   "first_name": "Cjmeznvo",
   "last_name": "Student",
   "middle_name": "",
   "pref_first_name": "Cjme",
   "title": null,
   "userid": "0bbb4"
  },
  "model": "coredata.person",
  "pk": 36
 },
 {
  "fields": {
   "config": "{}",
   "emplid": 200000515,
   "first_name": "Ckfbiowv",
   "last_name": "Student",
   "middle_name": "",
   "pref_first_name": "Ckfb",
   "title": null,
   "userid": "0ttt5"
  },
  "model": "coredata.person",
  "pk": 415
 },
 {
  "fields": {
   "config": "{}",
   "emplid": 200000328,
   "first_name": "Ckfphoar",
   "last_name": "Student",
   "middle_name": "",
   "pref_first_name": "Ckfp",
   "title": null,
   "userid": "0kkk7"
  },
  "model": "coredata.person",
  "pk": 228
 },
 {
  "fields": {
   "config": "{}",
   "emplid": 200000476,
   "first_name": "Cnfrjkhx",
   "last_name": "Student",
   "middle_name": "",
   "pref_first_name": "Cnfr",
   "title": null,
   "userid": "0rrr8"
  },
  "model": "coredata.person",
  "pk": 376
 },
 {
  "fields": {
   "config": "{}",
   "emplid": 200000205,
   "first_name": "Cnmwmlbz",
   "last_name": "Student",
   "middle_name": "",
   "pref_first_name": "Cnmw",
   "title": null,
   "userid": "0eee10"
  },
  "model": "coredata.person",
  "pk": 105
 },
 {
  "fields": {
   "config": "{}",
   "emplid": 200000413,
   "first_name": "Cotmqvrp",
   "last_name": "Student",
   "middle_name": "",
   "pref_first_name": "Cotm",
   "title": null,
   "userid": "0ooo8"
  },
  "model": "coredata.person",
  "pk": 313
 },
 {
  "fields": {
   "config": "{}",
   "emplid": 200000111,
   "first_name": "Cpvfdeys",
   "last_name": "Student",
   "middle_name": "",
   "pref_first_name": "Cpvf",
   "title": null,
   "userid": "0aaa0"
  },
  "model": "coredata.person",
  "pk": 11
 },
 {
  "fields": {
   "config": "{}",
   "emplid": 200000207,
   "first_name": "Crdfback",
   "last_name": "Student",
   "middle_name": "",
   "pref_first_name": "Crdf",
   "title": null,
   "userid": "0eee12"
  },
  "model": "coredata.person",
  "pk": 107
 },
 {
  "fields": {
   "config": "{}",
   "emplid": 200000617,
   "first_name": "Crdppevp",
   "last_name": "Student",
   "middle_name": "",
   "pref_first_name": "Crdp",
   "title": null,
   "userid": "0yyy2"
  },
  "model": "coredata.person",
  "pk": 517
 },
 {
  "fields": {
   "config": "{}",
   "emplid": 200000402,
   "first_name": "Csewfcjp",
   "last_name": "Student",
   "middle_name": "",
   "pref_first_name": "Csew",
   "title": null,
   "userid": "0nnn18"
  },
  "model": "coredata.person",
  "pk": 302
 },
 {
  "fields": {
   "config": "{}",
   "emplid": 200000561,
   "first_name": "Csntbfac",
   "last_name": "Student",
   "middle_name": "",
   "pref_first_name": "Csnt",
   "title": null,
   "userid": "0vvv9"
  },
  "model": "coredata.person",
  "pk": 461
 },
 {
  "fields": {
   "config": "{}",
   "emplid": 200000405,
   "first_name": "Cubwonsr",
   "last_name": "Student",
   "middle_name": "",
   "pref_first_name": "Cubw",
   "title": null,
   "userid": "0ooo0"
  },
  "model": "coredata.person",
  "pk": 305
 },
 {
  "fields": {
   "config": "{}",
   "emplid": 200000143,
   "first_name": "Cvcxnjxd",
   "last_name": "Student",
   "middle_name": "",
   "pref_first_name": "Cvcx",
   "title": null,
   "userid": "0bbb11"
  },
  "model": "coredata.person",
  "pk": 43
 },
 {
  "fields": {
   "config": "{}",
   "emplid": 200000305,
   "first_name": "Cwponxzh",
   "last_name": "Student",
   "middle_name": "",
   "pref_first_name": "Cwpo",
   "title": null,
   "userid": "0jjj5"
  },
  "model": "coredata.person",
  "pk": 205
 },
 {
  "fields": {
   "config": "{}",
   "emplid": 200000171,
   "first_name": "Cxigplbe",
   "last_name": "Student",
   "middle_name": "",
   "pref_first_name": "Cxig",
   "title": null,
   "userid": "0ccc18"
  },
  "model": "coredata.person",
  "pk": 71
 },
 {
  "fields": {
   "config": "{}",
   "emplid": 200000265,
   "first_name": "Cyhekddn",
   "last_name": "Student",
   "middle_name": "",
   "pref_first_name": "Cyhe",
   "title": null,
   "userid": "0hhh7"
  },
  "model": "coredata.person",
  "pk": 165
 },
 {
  "fields": {
   "config": "{}",
   "emplid": 200000439,
   "first_name": "Cztswprj",
   "last_name": "Student",
   "middle_name": "",
   "pref_first_name": "Czts",
   "title": null,
   "userid": "0ppp13"
  },
  "model": "coredata.person",
  "pk": 339
 },
 {
  "fields": {
   "config": "{}",
   "emplid": 200000214,
   "first_name": "Czxwbkao",
   "last_name": "Student",
   "middle_name": "",
   "pref_first_name": "Czxw",
   "title": null,
   "userid": "0eee19"
  },
  "model": "coredata.person",
  "pk": 114
 },
 {
  "fields": {
   "config": "{}",
   "emplid": 200000403,
   "first_name": "Dcwfndlw",
   "last_name": "Student",
   "middle_name": "",
   "pref_first_name": "Dcwf",
   "title": null,
   "userid": "0nnn19"
  },
  "model": "coredata.person",
  "pk": 303
 },
 {
  "fields": {
   "config": "{}",
   "emplid": 200000213,
   "first_name": "Ddjgtswi",
   "last_name": "Student",
   "middle_name": "",
   "pref_first_name": "Ddjg",
   "title": null,
   "userid": "0eee18"
  },
  "model": "coredata.person",
  "pk": 113
 },
 {
  "fields": {
   "config": "{}",
   "emplid": 200000595,
   "first_name": "Deslqzxn",
   "last_name": "Student",
   "middle_name": "",
   "pref_first_name": "Desl",
   "title": null,
   "userid": "0xxx1"
  },
  "model": "coredata.person",
  "pk": 495
 },
 {
  "fields": {
   "config": "{}",
   "emplid": 200000260,
   "first_name": "Diokgzrs",
   "last_name": "Student",
   "middle_name": "",
   "pref_first_name": "Diok",
   "title": null,
   "userid": "0hhh2"
  },
  "model": "coredata.person",
  "pk": 160
 },
 {
  "fields": {
   "config": "{}",
   "emplid": 200000122,
   "first_name": "Diygfcjj",
   "last_name": "Student",
   "middle_name": "",
   "pref_first_name": "Diyg",
   "title": null,
   "userid": "0aaa11"
  },
  "model": "coredata.person",
  "pk": 22
 },
 {
  "fields": {
   "config": "{}",
   "emplid": 200000442,
   "first_name": "Dmthkwmh",
   "last_name": "Student",
   "middle_name": "",
   "pref_first_name": "Dmth",
   "title": null,
   "userid": "0ppp16"
  },
  "model": "coredata.person",
  "pk": 342
 },
 {
  "fields": {
   "config": "{}",
   "emplid": 200000421,
   "first_name": "Dohvozuv",
   "last_name": "Student",
   "middle_name": "",
   "pref_first_name": "Dohv",
   "title": null,
   "userid": "0ooo16"
  },
  "model": "coredata.person",
  "pk": 321
 },
 {
  "fields": {
   "config": "{}",
   "emplid": 200000590,
   "first_name": "Dpmpwdyt",
   "last_name": "Student",
   "middle_name": "",
   "pref_first_name": "Dpmp",
   "title": null,
   "userid": "0www17"
  },
  "model": "coredata.person",
  "pk": 490
 },
 {
  "fields": {
   "config": "{}",
   "emplid": 200000134,
   "first_name": "Dqxziqvb",
   "last_name": "Student",
   "middle_name": "",
   "pref_first_name": "Dqxz",
   "title": null,
   "userid": "0bbb2"
  },
  "model": "coredata.person",
  "pk": 34
 },
 {
  "fields": {
   "config": "{}",
   "emplid": 200000228,
   "first_name": "Dsqhlijh",
   "last_name": "Student",
   "middle_name": "",
   "pref_first_name": "Dsqh",
   "title": null,
   "userid": "0fff12"
  },
  "model": "coredata.person",
  "pk": 128
 },
 {
  "fields": {
   "config": "{}",
   "emplid": 200000177,
   "first_name": "Dwgmkwlu",
   "last_name": "Student",
   "middle_name": "",
   "pref_first_name": "Dwgm",
   "title": null,
   "userid": "0ddd3"
  },
  "model": "coredata.person",
  "pk": 77
 },
 {
  "fields": {
   "config": "{}",
   "emplid": 200000336,
   "first_name": "Dynkifrn",
   "last_name": "Student",
   "middle_name": "",
   "pref_first_name": "Dynk",
   "title": null,
   "userid": "0kkk15"
  },
  "model": "coredata.person",
  "pk": 236
 },
 {
  "fields": {
   "config": "{}",
   "emplid": 200000206,
   "first_name": "Ebialfou",
   "last_name": "Student",
   "middle_name": "",
   "pref_first_name": "Ebia",
   "title": null,
   "userid": "0eee11"
  },
  "model": "coredata.person",
  "pk": 106
 },
 {
  "fields": {
   "config": "{}",
   "emplid": 200000348,
   "first_name": "Eblzhrih",
   "last_name": "Student",
   "middle_name": "",
   "pref_first_name": "Eblz",
   "title": null,
   "userid": "0lll6"
  },
  "model": "coredata.person",
  "pk": 248
 },
 {
  "fields": {
   "config": "{}",
   "emplid": 200000124,
   "first_name": "Edukjjji",
   "last_name": "Student",
   "middle_name": "",
   "pref_first_name": "Eduk",
   "title": null,
   "userid": "0aaa13"
  },
  "model": "coredata.person",
  "pk": 24
 },
 {
  "fields": {
   "config": "{}",
   "emplid": 200000601,
   "first_name": "Efvvawbp",
   "last_name": "Student",
   "middle_name": "",
   "pref_first_name": "Efvv",
   "title": null,
   "userid": "0xxx7"
  },
  "model": "coredata.person",
  "pk": 501
 },
 {
  "fields": {
   "config": "{}",
   "emplid": 200000473,
   "first_name": "Ejgrnpdd",
   "last_name": "Student",
   "middle_name": "",
   "pref_first_name": "Ejgr",
   "title": null,
   "userid": "0rrr5"
  },
  "model": "coredata.person",
  "pk": 373
 },
 {
  "fields": {
   "config": "{}",
   "emplid": 200000444,
   "first_name": "Ekxfxqij",
   "last_name": "Student",
   "middle_name": "",
   "pref_first_name": "Ekxf",
   "title": null,
   "userid": "0ppp18"
  },
  "model": "coredata.person",
  "pk": 344
 },
 {
  "fields": {
   "config": "{}",
   "emplid": 200000619,
   "first_name": "Elypfjao",
   "last_name": "Student",
   "middle_name": "",
   "pref_first_name": "Elyp",
   "title": null,
   "userid": "0yyy4"
  },
  "model": "coredata.person",
  "pk": 519
 },
 {
  "fields": {
   "config": "{}",
   "emplid": 200000502,
   "first_name": "Endyurye",
   "last_name": "Student",
   "middle_name": "",
   "pref_first_name": "Endy",
   "title": null,
   "userid": "0sss13"
  },
  "model": "coredata.person",
  "pk": 402
 },
 {
  "fields": {
   "config": "{}",
   "emplid": 200000284,
   "first_name": "Eohytvnf",
   "last_name": "Student",
   "middle_name": "",
   "pref_first_name": "Eohy",
   "title": null,
   "userid": "0iii5"
  },
  "model": "coredata.person",
  "pk": 184
 },
 {
  "fields": {
   "config": "{}",
   "emplid": 200000407,
   "first_name": "Epppaqxx",
   "last_name": "Student",
   "middle_name": "",
   "pref_first_name": "Eppp",
   "title": null,
   "userid": "0ooo2"
  },
  "model": "coredata.person",
  "pk": 307
 },
 {
  "fields": {
   "config": "{}",
   "emplid": 200000347,
   "first_name": "Epqsbooh",
   "last_name": "Student",
   "middle_name": "",
   "pref_first_name": "Epqs",
   "title": null,
   "userid": "0lll5"
  },
  "model": "coredata.person",
  "pk": 247
 },
 {
  "fields": {
   "config": "{}",
   "emplid": 200000621,
   "first_name": "Erlkglln",
   "last_name": "Student",
   "middle_name": "",
   "pref_first_name": "Erlk",
   "title": null,
   "userid": "0yyy6"
  },
  "model": "coredata.person",
  "pk": 521
 },
 {
  "fields": {
   "config": "{}",
   "emplid": 200000302,
   "first_name": "Ermubxdv",
   "last_name": "Student",
   "middle_name": "",
   "pref_first_name": "Ermu",
   "title": null,
   "userid": "0jjj2"
  },
  "model": "coredata.person",
  "pk": 202
 },
 {
  "fields": {
   "config": "{}",
   "emplid": 200000544,
   "first_name": "Etgfpzci",
   "last_name": "Student",
   "middle_name": "",
   "pref_first_name": "Etgf",
   "title": null,
   "userid": "0uuu13"
  },
  "model": "coredata.person",
  "pk": 444
 },
 {
  "fields": {
   "config": "{}",
   "emplid": 200000182,
   "first_name": "Etitmfdo",
   "last_name": "Student",
   "middle_name": "",
   "pref_first_name": "Etit",
   "title": null,
   "userid": "0ddd8"
  },
  "model": "coredata.person",
  "pk": 82
 },
 {
  "fields": {
   "config": "{}",
   "emplid": 200000392,
   "first_name": "Ewejbhwi",
   "last_name": "Student",
   "middle_name": "",
   "pref_first_name": "Ewej",
   "title": null,
   "userid": "0nnn8"
  },
  "model": "coredata.person",
  "pk": 292
 },
 {
  "fields": {
   "config": "{}",
   "emplid": 200000491,
   "first_name": "Exdyspks",
   "last_name": "Student",
   "middle_name": "",
   "pref_first_name": "Exdy",
   "title": null,
   "userid": "0sss2"
  },
  "model": "coredata.person",
  "pk": 391
 },
 {
  "fields": {
   "config": "{}",
   "emplid": 200000301,
   "first_name": "Eyvmkuui",
   "last_name": "Student",
   "middle_name": "",
   "pref_first_name": "Eyvm",
   "title": null,
   "userid": "0jjj1"
  },
  "model": "coredata.person",
  "pk": 201
 },
 {
  "fields": {
   "config": "{}",
   "emplid": 200000581,
   "first_name": "Faqaxdqo",
   "last_name": "Student",
   "middle_name": "",
   "pref_first_name": "Faqa",
   "title": null,
   "userid": "0www8"
  },
  "model": "coredata.person",
  "pk": 481
 },
 {
  "fields": {
   "config": "{}",
   "emplid": 200000549,
   "first_name": "Fbzzgwja",
   "last_name": "Student",
   "middle_name": "",
   "pref_first_name": "Fbzz",
   "title": null,
   "userid": "0uuu18"
  },
  "model": "coredata.person",
  "pk": 449
 },
 {
  "fields": {
   "config": "{}",
   "emplid": 200000596,
   "first_name": "Fchbevih",
   "last_name": "Student",
   "middle_name": "",
   "pref_first_name": "Fchb",
   "title": null,
   "userid": "0xxx2"
  },
  "model": "coredata.person",
  "pk": 496
 },
 {
  "fields": {
   "config": "{}",
   "emplid": 200000346,
   "first_name": "Fcribggd",
   "last_name": "Student",
   "middle_name": "",
   "pref_first_name": "Fcri",
   "title": null,
   "userid": "0lll4"
  },
  "model": "coredata.person",
  "pk": 246
 },
 {
  "fields": {
   "config": "{}",
   "emplid": 200000221,
   "first_name": "Fderwqgi",
   "last_name": "Student",
   "middle_name": "",
   "pref_first_name": "Fder",
   "title": null,
   "userid": "0fff5"
  },
  "model": "coredata.person",
  "pk": 121
 },
 {
  "fields": {
   "config": "{}",
   "emplid": 200000560,
   "first_name": "Fdhigelf",
   "last_name": "Student",
   "middle_name": "",
   "pref_first_name": "Fdhi",
   "title": null,
   "userid": "0vvv8"
  },
  "model": "coredata.person",
  "pk": 460
 },
 {
  "fields": {
   "config": "{}",
   "emplid": 200000324,
   "first_name": "Ffjgueqg",
   "last_name": "Student",
   "middle_name": "",
   "pref_first_name": "Ffjg",
   "title": null,
   "userid": "0kkk3"
  },
  "model": "coredata.person",
  "pk": 224
 },
 {
  "fields": {
   "config": "{}",
   "emplid": 200000235,
   "first_name": "Fgdciwke",
   "last_name": "Student",
   "middle_name": "",
   "pref_first_name": "Fgdc",
   "title": null,
   "userid": "0fff19"
  },
  "model": "coredata.person",
  "pk": 135
 },
 {
  "fields": {
   "config": "{}",
   "emplid": 200000353,
   "first_name": "Fgflznhc",
   "last_name": "Student",
   "middle_name": "",
   "pref_first_name": "Fgfl",
   "title": null,
   "userid": "0lll11"
  },
  "model": "coredata.person",
  "pk": 253
 },
 {
  "fields": {
   "config": "{}",
   "emplid": 200000313,
   "first_name": "Fgofikmo",
   "last_name": "Student",
   "middle_name": "",
   "pref_first_name": "Fgof",
   "title": null,
   "userid": "0jjj13"
  },
  "model": "coredata.person",
  "pk": 213
 },
 {
  "fields": {
   "config": "{}",
   "emplid": 200000430,
   "first_name": "Fgzqzmpk",
   "last_name": "Student",
   "middle_name": "",
   "pref_first_name": "Fgzq",
   "title": null,
   "userid": "0ppp4"
  },
  "model": "coredata.person",
  "pk": 330
 },
 {
  "fields": {
   "config": "{}",
   "emplid": 200000184,
   "first_name": "Fjlkozvg",
   "last_name": "Student",
   "middle_name": "",
   "pref_first_name": "Fjlk",
   "title": null,
   "userid": "0ddd10"
  },
  "model": "coredata.person",
  "pk": 84
 },
 {
  "fields": {
   "config": "{}",
   "emplid": 200000307,
   "first_name": "Fmanvhuo",
   "last_name": "Student",
   "middle_name": "",
   "pref_first_name": "Fman",
   "title": null,
   "userid": "0jjj7"
  },
  "model": "coredata.person",
  "pk": 207
 },
 {
  "fields": {
   "config": "{}",
   "emplid": 200000516,
   "first_name": "Fmrkzerz",
   "last_name": "Student",
   "middle_name": "",
   "pref_first_name": "Fmrk",
   "title": null,
   "userid": "0ttt6"
  },
  "model": "coredata.person",
  "pk": 416
 },
 {
  "fields": {
   "config": "{}",
   "emplid": 200000231,
   "first_name": "Fogfxnlf",
   "last_name": "Student",
   "middle_name": "",
   "pref_first_name": "Fogf",
   "title": null,
   "userid": "0fff15"
  },
  "model": "coredata.person",
  "pk": 131
 },
 {
  "fields": {
   "config": "{}",
   "emplid": 200000393,
   "first_name": "Fomgzfvo",
   "last_name": "Student",
   "middle_name": "",
   "pref_first_name": "Fomg",
   "title": null,
   "userid": "0nnn9"
  },
  "model": "coredata.person",
  "pk": 293
 },
 {
  "fields": {
   "config": "{}",
   "emplid": 200000648,
   "first_name": "Fotpktxj",
   "last_name": "Student",
   "middle_name": "",
   "pref_first_name": "Fotp",
   "title": null,
   "userid": "0zzz12"
  },
  "model": "coredata.person",
  "pk": 548
 },
 {
  "fields": {
   "config": "{}",
   "emplid": 200000339,
   "first_name": "Fuacvroh",
   "last_name": "Student",
   "middle_name": "",
   "pref_first_name": "Fuac",
   "title": null,
   "userid": "0kkk18"
  },
  "model": "coredata.person",
  "pk": 239
 },
 {
  "fields": {
   "config": "{}",
   "emplid": 200000400,
   "first_name": "Fummkbyv",
   "last_name": "Student",
   "middle_name": "",
   "pref_first_name": "Fumm",
   "title": null,
   "userid": "0nnn16"
  },
  "model": "coredata.person",
  "pk": 300
 },
 {
  "fields": {
   "config": "{}",
   "emplid": 200000247,
   "first_name": "Furxjhem",
   "last_name": "Student",
   "middle_name": "",
   "pref_first_name": "Furx",
   "title": null,
   "userid": "0ggg10"
  },
  "model": "coredata.person",
  "pk": 147
 },
 {
  "fields": {
   "config": "{}",
   "emplid": 200000148,
   "first_name": "Fvqxyjcw",
   "last_name": "Student",
   "middle_name": "",
   "pref_first_name": "Fvqx",
   "title": null,
   "userid": "0bbb16"
  },
  "model": "coredata.person",
  "pk": 48
 },
 {
  "fields": {
   "config": "{}",
   "emplid": 200000636,
   "first_name": "Fybjfzso",
   "last_name": "Student",
   "middle_name": "",
   "pref_first_name": "Fybj",
   "title": null,
   "userid": "0zzz0"
  },
  "model": "coredata.person",
  "pk": 536
 },
 {
  "fields": {
   "config": "{}",
   "emplid": 200000273,
   "first_name": "Fydxelvn",
   "last_name": "Student",
   "middle_name": "",
   "pref_first_name": "Fydx",
   "title": null,
   "userid": "0hhh15"
  },
  "model": "coredata.person",
  "pk": 173
 },
 {
  "fields": {
   "config": "{}",
   "emplid": 200000500,
   "first_name": "Fyrlhyon",
   "last_name": "Student",
   "middle_name": "",
   "pref_first_name": "Fyrl",
   "title": null,
   "userid": "0sss11"
  },
  "model": "coredata.person",
  "pk": 400
 },
 {
  "fields": {
   "config": "{}",
   "emplid": 200000342,
   "first_name": "Fyxngulr",
   "last_name": "Student",
   "middle_name": "",
   "pref_first_name": "Fyxn",
   "title": null,
   "userid": "0lll0"
  },
  "model": "coredata.person",
  "pk": 242
 },
 {
  "fields": {
   "config": "{}",
   "emplid": 200000535,
   "first_name": "Fzmzskde",
   "last_name": "Student",
   "middle_name": "",
   "pref_first_name": "Fzmz",
   "title": null,
   "userid": "0uuu4"
  },
  "model": "coredata.person",
  "pk": 435
 },
 {
  "fields": {
   "config": "{}",
   "emplid": 200000300,
   "first_name": "Gbjjqfvs",
   "last_name": "Student",
   "middle_name": "",
   "pref_first_name": "Gbjj",
   "title": null,
   "userid": "0jjj0"
  },
  "model": "coredata.person",
  "pk": 200
 },
 {
  "fields": {
   "config": "{}",
   "emplid": 200000238,
   "first_name": "Gbtlqtqy",
   "last_name": "Student",
   "middle_name": "",
   "pref_first_name": "Gbtl",
   "title": null,
   "userid": "0ggg1"
  },
  "model": "coredata.person",
  "pk": 138
 },
 {
  "fields": {
   "config": "{}",
   "emplid": 200000582,
   "first_name": "Gcobvsgi",
   "last_name": "Student",
   "middle_name": "",
   "pref_first_name": "Gcob",
   "title": null,
   "userid": "0www9"
  },
  "model": "coredata.person",
  "pk": 482
 },
 {
  "fields": {
   "config": "{}",
   "emplid": 200000326,
   "first_name": "Gdpqxskw",
   "last_name": "Student",
   "middle_name": "",
   "pref_first_name": "Gdpq",
   "title": null,
   "userid": "0kkk5"
  },
  "model": "coredata.person",
  "pk": 226
 },
 {
  "fields": {
   "config": "{}",
   "emplid": 200000186,
   "first_name": "Gfmzqinu",
   "last_name": "Student",
   "middle_name": "",
   "pref_first_name": "Gfmz",
   "title": null,
   "userid": "0ddd12"
  },
  "model": "coredata.person",
  "pk": 86
 },
 {
  "fields": {
   "config": "{}",
   "emplid": 200000651,
   "first_name": "Ggikfkbj",
   "last_name": "Student",
   "middle_name": "",
   "pref_first_name": "Ggik",
   "title": null,
   "userid": "0zzz15"
  },
  "model": "coredata.person",
  "pk": 551
 },
 {
  "fields": {
   "config": "{}",
   "emplid": 200000586,
   "first_name": "Gihtksni",
   "last_name": "Student",
   "middle_name": "",
   "pref_first_name": "Giht",
   "title": null,
   "userid": "0www13"
  },
  "model": "coredata.person",
  "pk": 486
 },
 {
  "fields": {
   "config": "{}",
   "emplid": 200000170,
   "first_name": "Gityooqx",
   "last_name": "Student",
   "middle_name": "",
   "pref_first_name": "Gity",
   "title": null,
   "userid": "0ccc17"
  },
  "model": "coredata.person",
  "pk": 70
 },
 {
  "fields": {
   "config": "{}",
   "emplid": 200000294,
   "first_name": "Gjjedxvq",
   "last_name": "Student",
   "middle_name": "",
   "pref_first_name": "Gjje",
   "title": null,
   "userid": "0iii15"
  },
  "model": "coredata.person",
  "pk": 194
 },
 {
  "fields": {
   "config": "{}",
   "emplid": 200000125,
   "first_name": "Gjmxeieh",
   "last_name": "Student",
   "middle_name": "",
   "pref_first_name": "Gjmx",
   "title": null,
   "userid": "0aaa14"
  },
  "model": "coredata.person",
  "pk": 25
 },
 {
  "fields": {
   "config": "{}",
   "emplid": 200000576,
   "first_name": "Gjtmmlxr",
   "last_name": "Student",
   "middle_name": "",
   "pref_first_name": "Gjtm",
   "title": null,
   "userid": "0www3"
  },
  "model": "coredata.person",
  "pk": 476
 },
 {
  "fields": {
   "config": "{}",
   "emplid": 200000524,
   "first_name": "Gmsapdfi",
   "last_name": "Student",
   "middle_name": "",
   "pref_first_name": "Gmsa",
   "title": null,
   "userid": "0ttt14"
  },
  "model": "coredata.person",
  "pk": 424
 },
 {
  "fields": {
   "config": "{}",
   "emplid": 200000506,
   "first_name": "Gmxijjgt",
   "last_name": "Student",
   "middle_name": "",
   "pref_first_name": "Gmxi",
   "title": null,
   "userid": "0sss17"
  },
  "model": "coredata.person",
  "pk": 406
 },
 {
  "fields": {
   "config": "{}",
   "emplid": 200000479,
   "first_name": "Gpsoebmq",
   "last_name": "Student",
   "middle_name": "",
   "pref_first_name": "Gpso",
   "title": null,
   "userid": "0rrr11"
  },
  "model": "coredata.person",
  "pk": 379
 },
 {
  "fields": {
   "config": "{}",
   "emplid": 200000384,
   "first_name": "Gqtgqaws",
   "last_name": "Student",
   "middle_name": "",
   "pref_first_name": "Gqtg",
   "title": null,
   "userid": "0nnn0"
  },
  "model": "coredata.person",
  "pk": 284
 },
 {
  "fields": {
   "config": "{}",
   "emplid": 200000654,
   "first_name": "Gqvktrwb",
   "last_name": "Student",
   "middle_name": "",
   "pref_first_name": "Gqvk",
   "title": null,
   "userid": "0zzz18"
  },
  "model": "coredata.person",
  "pk": 554
 },
 {
  "fields": {
   "config": "{}",
   "emplid": 200000208,
   "first_name": "Gqwkrpzp",
   "last_name": "Student",
   "middle_name": "",
   "pref_first_name": "Gqwk",
   "title": null,
   "userid": "0eee13"
  },
  "model": "coredata.person",
  "pk": 108
 },
 {
  "fields": {
   "config": "{}",
   "emplid": 200000618,
   "first_name": "Gucnmlai",
   "last_name": "Student",
   "middle_name": "",
   "pref_first_name": "Gucn",
   "title": null,
   "userid": "0yyy3"
  },
  "model": "coredata.person",
  "pk": 518
 },
 {
  "fields": {
   "config": "{}",
   "emplid": 200000372,
   "first_name": "Gulhkxcu",
   "last_name": "Student",
   "middle_name": "",
   "pref_first_name": "Gulh",
   "title": null,
   "userid": "0mmm9"
  },
  "model": "coredata.person",
  "pk": 272
 },
 {
  "fields": {
   "config": "{}",
   "emplid": 200000157,
   "first_name": "Gwhlfanh",
   "last_name": "Student",
   "middle_name": "",
   "pref_first_name": "Gwhl",
   "title": null,
   "userid": "0ccc4"
  },
  "model": "coredata.person",
  "pk": 57
 },
 {
  "fields": {
   "config": "{}",
   "emplid": 200000627,
   "first_name": "Hapkzzzl",
   "last_name": "Student",
   "middle_name": "",
   "pref_first_name": "Hapk",
   "title": null,
   "userid": "0yyy12"
  },
  "model": "coredata.person",
  "pk": 527
 },
 {
  "fields": {
   "config": "{}",
   "emplid": 200000492,
   "first_name": "Hbapyzlp",
   "last_name": "Student",
   "middle_name": "",
   "pref_first_name": "Hbap",
   "title": null,
   "userid": "0sss3"
  },
  "model": "coredata.person",
  "pk": 392
 },
 {
  "fields": {
   "config": "{}",
   "emplid": 200000243,
   "first_name": "Hbvsbvdt",
   "last_name": "Student",
   "middle_name": "",
   "pref_first_name": "Hbvs",
   "title": null,
   "userid": "0ggg6"
  },
  "model": "coredata.person",
  "pk": 143
 },
 {
  "fields": {
   "config": "{}",
   "emplid": 200000133,
   "first_name": "Hcxnztza",
   "last_name": "Student",
   "middle_name": "",
   "pref_first_name": "Hcxn",
   "title": null,
   "userid": "0bbb1"
  },
  "model": "coredata.person",
  "pk": 33
 },
 {
  "fields": {
   "config": "{}",
   "emplid": 200000652,
   "first_name": "Hdibrvud",
   "last_name": "Student",
   "middle_name": "",
   "pref_first_name": "Hdib",
   "title": null,
   "userid": "0zzz16"
  },
  "model": "coredata.person",
  "pk": 552
 },
 {
  "fields": {
   "config": "{}",
   "emplid": 200000394,
   "first_name": "Heghkmku",
   "last_name": "Student",
   "middle_name": "",
   "pref_first_name": "Hegh",
   "title": null,
   "userid": "0nnn10"
  },
  "model": "coredata.person",
  "pk": 294
 },
 {
  "fields": {
   "config": "{}",
   "emplid": 200000239,
   "first_name": "Heuastrk",
   "last_name": "Student",
   "middle_name": "",
   "pref_first_name": "Heua",
   "title": null,
   "userid": "0ggg2"
  },
  "model": "coredata.person",
  "pk": 139
 },
 {
  "fields": {
   "config": "{}",
   "emplid": 200000436,
   "first_name": "Hghrkvuc",
   "last_name": "Student",
   "middle_name": "",
   "pref_first_name": "Hghr",
   "title": null,
   "userid": "0ppp10"
  },
  "model": "coredata.person",
  "pk": 336
 },
 {
  "fields": {
   "config": "{}",
   "emplid": 200000412,
   "first_name": "Hgjnwqmo",
   "last_name": "Student",
   "middle_name": "",
   "pref_first_name": "Hgjn",
   "title": null,
   "userid": "0ooo7"
  },
  "model": "coredata.person",
  "pk": 312
 },
 {
  "fields": {
   "config": "{}",
   "emplid": 200000361,
   "first_name": "Hgmixwef",
   "last_name": "Student",
   "middle_name": "",
   "pref_first_name": "Hgmi",
   "title": null,
   "userid": "0lll19"
  },
  "model": "coredata.person",
  "pk": 261
 },
 {
  "fields": {
   "config": "{}",
   "emplid": 200000323,
   "first_name": "Hgnknvax",
   "last_name": "Student",
   "middle_name": "",
   "pref_first_name": "Hgnk",
   "title": null,
   "userid": "0kkk2"
  },
  "model": "coredata.person",
  "pk": 223
 },
 {
  "fields": {
   "config": "{}",
   "emplid": 200000241,
   "first_name": "Hhmltcom",
   "last_name": "Student",
   "middle_name": "",
   "pref_first_name": "Hhml",
   "title": null,
   "userid": "0ggg4"
  },
  "model": "coredata.person",
  "pk": 141
 },
 {
  "fields": {
   "config": "{}",
   "emplid": 200000216,
   "first_name": "Hiedwhks",
   "last_name": "Student",
   "middle_name": "",
   "pref_first_name": "Hied",
   "title": null,
   "userid": "0fff0"
  },
  "model": "coredata.person",
  "pk": 116
 },
 {
  "fields": {
   "config": "{}",
   "emplid": 200000160,
   "first_name": "Hmluassg",
   "last_name": "Student",
   "middle_name": "",
   "pref_first_name": "Hmlu",
   "title": null,
   "userid": "0ccc7"
  },
  "model": "coredata.person",
  "pk": 60
 },
 {
  "fields": {
   "config": "{}",
   "emplid": 200000567,
   "first_name": "Hnnpbfle",
   "last_name": "Student",
   "middle_name": "",
   "pref_first_name": "Hnnp",
   "title": null,
   "userid": "0vvv15"
  },
  "model": "coredata.person",
  "pk": 467
 },
 {
  "fields": {
   "config": "{}",
   "emplid": 200000364,
   "first_name": "Hoxnmrva",
   "last_name": "Student",
   "middle_name": "",
   "pref_first_name": "Hoxn",
   "title": null,
   "userid": "0mmm1"
  },
  "model": "coredata.person",
  "pk": 264
 },
 {
  "fields": {
   "config": "{}",
   "emplid": 200000197,
   "first_name": "Hqyzwuts",
   "last_name": "Student",
   "middle_name": "",
   "pref_first_name": "Hqyz",
   "title": null,
   "userid": "0eee2"
  },
  "model": "coredata.person",
  "pk": 97
 },
 {
  "fields": {
   "config": "{}",
   "emplid": 200000127,
   "first_name": "Hrryphiy",
   "last_name": "Student",
   "middle_name": "",
   "pref_first_name": "Hrry",
   "title": null,
   "userid": "0aaa16"
  },
  "model": "coredata.person",
  "pk": 27
 },
 {
  "fields": {
   "config": "{}",
   "emplid": 200000376,
   "first_name": "Hsgsxauo",
   "last_name": "Student",
   "middle_name": "",
   "pref_first_name": "Hsgs",
   "title": null,
   "userid": "0mmm13"
  },
  "model": "coredata.person",
  "pk": 276
 },
 {
  "fields": {
   "config": "{}",
   "emplid": 200000564,
   "first_name": "Hsyhszul",
   "last_name": "Student",
   "middle_name": "",
   "pref_first_name": "Hsyh",
   "title": null,
   "userid": "0vvv12"
  },
  "model": "coredata.person",
  "pk": 464
 },
 {
  "fields": {
   "config": "{}",
   "emplid": 200000588,
   "first_name": "Htgjdkcr",
   "last_name": "Student",
   "middle_name": "",
   "pref_first_name": "Htgj",
   "title": null,
   "userid": "0www15"
  },
  "model": "coredata.person",
  "pk": 488
 },
 {
  "fields": {
   "config": "{}",
   "emplid": 200000283,
   "first_name": "Huootkuv",
   "last_name": "Student",
   "middle_name": "",
   "pref_first_name": "Huoo",
   "title": null,
   "userid": "0iii4"
  },
  "model": "coredata.person",
  "pk": 183
 },
 {
  "fields": {
   "config": "{}",
   "emplid": 200000119,
   "first_name": "Hupxlcch",
   "last_name": "Student",
   "middle_name": "",
   "pref_first_name": "Hupx",
   "title": null,
   "userid": "0aaa8"
  },
  "model": "coredata.person",
  "pk": 19
 },
 {
  "fields": {
   "config": "{}",
   "emplid": 200000649,
   "first_name": "Huwnpvpy",
   "last_name": "Student",
   "middle_name": "",
   "pref_first_name": "Huwn",
   "title": null,
   "userid": "0zzz13"
  },
  "model": "coredata.person",
  "pk": 549
 },
 {
  "fields": {
   "config": "{}",
   "emplid": 200000628,
   "first_name": "Hvhazgmg",
   "last_name": "Student",
   "middle_name": "",
   "pref_first_name": "Hvha",
   "title": null,
   "userid": "0yyy13"
  },
  "model": "coredata.person",
  "pk": 528
 },
 {
  "fields": {
   "config": "{}",
   "emplid": 200000599,
   "first_name": "Hwdmjjnr",
   "last_name": "Student",
   "middle_name": "",
   "pref_first_name": "Hwdm",
   "title": null,
   "userid": "0xxx5"
  },
  "model": "coredata.person",
  "pk": 499
 },
 {
  "fields": {
   "config": "{}",
   "emplid": 200000622,
   "first_name": "Hyldousf",
   "last_name": "Student",
   "middle_name": "",
   "pref_first_name": "Hyld",
   "title": null,
   "userid": "0yyy7"
  },
  "model": "coredata.person",
  "pk": 522
 },
 {
  "fields": {
   "config": "{}",
   "emplid": 200000497,
   "first_name": "Hzattghh",
   "last_name": "Student",
   "middle_name": "",
   "pref_first_name": "Hzat",
   "title": null,
   "userid": "0sss8"
  },
  "model": "coredata.person",
  "pk": 397
 },
 {
  "fields": {
   "config": "{}",
   "emplid": 200000293,
   "first_name": "Hzgajdxq",
   "last_name": "Student",
   "middle_name": "",
   "pref_first_name": "Hzga",
   "title": null,
   "userid": "0iii14"
  },
  "model": "coredata.person",
  "pk": 193
 },
 {
  "fields": {
   "config": "{}",
   "emplid": 200000345,
   "first_name": "Hzlzqmwr",
   "last_name": "Student",
   "middle_name": "",
   "pref_first_name": "Hzlz",
   "title": null,
   "userid": "0lll3"
  },
  "model": "coredata.person",
  "pk": 245
 },
 {
  "fields": {
   "config": "{}",
   "emplid": 200000533,
   "first_name": "Iajqxxko",
   "last_name": "Student",
   "middle_name": "",
   "pref_first_name": "Iajq",
   "title": null,
   "userid": "0uuu2"
  },
  "model": "coredata.person",
  "pk": 433
 },
 {
  "fields": {
   "config": "{}",
   "emplid": 200000113,
   "first_name": "Icrnnltm",
   "last_name": "Student",
   "middle_name": "",
   "pref_first_name": "Icrn",
   "title": null,
   "userid": "0aaa2"
  },
  "model": "coredata.person",
  "pk": 13
 },
 {
  "fields": {
   "config": "{}",
   "emplid": 200000520,
   "first_name": "Idmughco",
   "last_name": "Student",
   "middle_name": "",
   "pref_first_name": "Idmu",
   "title": null,
   "userid": "0ttt10"
  },
  "model": "coredata.person",
  "pk": 420
 },
 {
  "fields": {
   "config": "{}",
   "emplid": 200000304,
   "first_name": "Ifedmmca",
   "last_name": "Student",
   "middle_name": "",
   "pref_first_name": "Ifed",
   "title": null,
   "userid": "0jjj4"
  },
  "model": "coredata.person",
  "pk": 204
 },
 {
  "fields": {
   "config": "{}",
   "emplid": 200000416,
   "first_name": "Igkjhubu",
   "last_name": "Student",
   "middle_name": "",
   "pref_first_name": "Igkj",
   "title": null,
   "userid": "0ooo11"
  },
  "model": "coredata.person",
  "pk": 316
 },
 {
  "fields": {
   "config": "{}",
   "emplid": 200000121,
   "first_name": "Iiarirhs",
   "last_name": "Student",
   "middle_name": "",
   "pref_first_name": "Iiar",
   "title": null,
   "userid": "0aaa10"
  },
  "model": "coredata.person",
  "pk": 21
 },
 {
  "fields": {
   "config": "{}",
   "emplid": 200000321,
   "first_name": "Ijjkjuzq",
   "last_name": "Student",
   "middle_name": "",
   "pref_first_name": "Ijjk",
   "title": null,
   "userid": "0kkk0"
  },
  "model": "coredata.person",
  "pk": 221
 },
 {
  "fields": {
   "config": "{}",
   "emplid": 200000298,
   "first_name": "Ijzpylff",
   "last_name": "Student",
   "middle_name": "",
   "pref_first_name": "Ijzp",
   "title": null,
   "userid": "0iii19"
  },
  "model": "coredata.person",
  "pk": 198
 },
 {
  "fields": {
   "config": "{}",
   "emplid": 200000155,
   "first_name": "Ikdxjtog",
   "last_name": "Student",
   "middle_name": "",
   "pref_first_name": "Ikdx",
   "title": null,
   "userid": "0ccc2"
  },
  "model": "coredata.person",
  "pk": 55
 },
 {
  "fields": {
   "config": "{}",
   "emplid": 200000585,
   "first_name": "Ikgexqnq",
   "last_name": "Student",
   "middle_name": "",
   "pref_first_name": "Ikge",
   "title": null,
   "userid": "0www12"
  },
  "model": "coredata.person",
  "pk": 485
 },
 {
  "fields": {
   "config": "{}",
   "emplid": 200000330,
   "first_name": "Inhdwwbb",
   "last_name": "Student",
   "middle_name": "",
   "pref_first_name": "Inhd",
   "title": null,
   "userid": "0kkk9"
  },
  "model": "coredata.person",
  "pk": 230
 },
 {
  "fields": {
   "config": "{}",
   "emplid": 200000271,
   "first_name": "Irxucxra",
   "last_name": "Student",
   "middle_name": "",
   "pref_first_name": "Irxu",
   "title": null,
   "userid": "0hhh13"
  },
  "model": "coredata.person",
  "pk": 171
 },
 {
  "fields": {
   "config": "{}",
   "emplid": 200000150,
   "first_name": "Iswdqsoy",
   "last_name": "Student",
   "middle_name": "",
   "pref_first_name": "Iswd",
   "title": null,
   "userid": "0bbb18"
  },
  "model": "coredata.person",
  "pk": 50
 },
 {
  "fields": {
   "config": "{}",
   "emplid": 200000178,
   "first_name": "Itygffty",
   "last_name": "Student",
   "middle_name": "",
   "pref_first_name": "Ityg",
   "title": null,
   "userid": "0ddd4"
  },
  "model": "coredata.person",
  "pk": 78
 },
 {
  "fields": {
   "config": "{}",
   "emplid": 200000605,
   "first_name": "Ivaqbtrc",
   "last_name": "Student",
   "middle_name": "",
   "pref_first_name": "Ivaq",
   "title": null,
   "userid": "0xxx11"
  },
  "model": "coredata.person",
  "pk": 505
 },
 {
  "fields": {
   "config": "{}",
   "emplid": 200000433,
   "first_name": "Ivqeypxv",
   "last_name": "Student",
   "middle_name": "",
   "pref_first_name": "Ivqe",
   "title": null,
   "userid": "0ppp7"
  },
  "model": "coredata.person",
  "pk": 333
 },
 {
  "fields": {
   "config": "{}",
   "emplid": 200000540,
   "first_name": "Ivrdedhd",
   "last_name": "Student",
   "middle_name": "",
   "pref_first_name": "Ivrd",
   "title": null,
   "userid": "0uuu9"
  },
  "model": "coredata.person",
  "pk": 440
 },
 {
  "fields": {
   "config": "{}",
   "emplid": 200000514,
   "first_name": "Iwaujprr",
   "last_name": "Student",
   "middle_name": "",
   "pref_first_name": "Iwau",
   "title": null,
   "userid": "0ttt4"
  },
  "model": "coredata.person",
  "pk": 414
 },
 {
  "fields": {
   "config": "{}",
   "emplid": 200000485,
   "first_name": "Ixllmaae",
   "last_name": "Student",
   "middle_name": "",
   "pref_first_name": "Ixll",
   "title": null,
   "userid": "0rrr17"
  },
  "model": "coredata.person",
  "pk": 385
 },
 {
  "fields": {
   "config": "{}",
   "emplid": 200000583,
   "first_name": "Ixzbbffr",
   "last_name": "Student",
   "middle_name": "",
   "pref_first_name": "Ixzb",
   "title": null,
   "userid": "0www10"
  },
  "model": "coredata.person",
  "pk": 483
 },
 {
  "fields": {
   "config": "{}",
   "emplid": 200000230,
   "first_name": "Iylxonwg",
   "last_name": "Student",
   "middle_name": "",
   "pref_first_name": "Iylx",
   "title": null,
   "userid": "0fff14"
  },
  "model": "coredata.person",
  "pk": 130
 },
 {
  "fields": {
   "config": "{}",
   "emplid": 200000592,
   "first_name": "Izsdcxmt",
   "last_name": "Student",
   "middle_name": "",
   "pref_first_name": "Izsd",
   "title": null,
   "userid": "0www19"
  },
  "model": "coredata.person",
  "pk": 492
 },
 {
  "fields": {
   "config": "{}",
   "emplid": 200000642,
   "first_name": "Jcnsiujq",
   "last_name": "Student",
   "middle_name": "",
   "pref_first_name": "Jcns",
   "title": null,
   "userid": "0zzz6"
  },
  "model": "coredata.person",
  "pk": 542
 },
 {
  "fields": {
   "config": "{}",
   "emplid": 200000653,
   "first_name": "Jepgepop",
   "last_name": "Student",
   "middle_name": "",
   "pref_first_name": "Jepg",
   "title": null,
   "userid": "0zzz17"
  },
  "model": "coredata.person",
  "pk": 553
 },
 {
  "fields": {
   "config": "{}",
   "emplid": 200000310,
   "first_name": "Jhyztbze",
   "last_name": "Student",
   "middle_name": "",
   "pref_first_name": "Jhyz",
   "title": null,
   "userid": "0jjj10"
  },
  "model": "coredata.person",
  "pk": 210
 },
 {
  "fields": {
   "config": "{}",
   "emplid": 200000523,
   "first_name": "Jitpqonv",
   "last_name": "Student",
   "middle_name": "",
   "pref_first_name": "Jitp",
   "title": null,
   "userid": "0ttt13"
  },
  "model": "coredata.person",
  "pk": 423
 },
 {
  "fields": {
   "config": "{}",
   "emplid": 200000332,
   "first_name": "Jkcwgqud",
   "last_name": "Student",
   "middle_name": "",
   "pref_first_name": "Jkcw",
   "title": null,
   "userid": "0kkk11"
  },
  "model": "coredata.person",
  "pk": 232
 },
 {
  "fields": {
   "config": "{}",
   "emplid": 200000608,
   "first_name": "Jkeovygl",
   "last_name": "Student",
   "middle_name": "",
   "pref_first_name": "Jkeo",
   "title": null,
   "userid": "0xxx14"
  },
  "model": "coredata.person",
  "pk": 508
 },
 {
  "fields": {
   "config": "{}",
   "emplid": 200000275,
   "first_name": "Jlaxiyza",
   "last_name": "Student",
   "middle_name": "",
   "pref_first_name": "Jlax",
   "title": null,
   "userid": "0hhh17"
  },
  "model": "coredata.person",
  "pk": 175
 },
 {
  "fields": {
   "config": "{}",
   "emplid": 200000329,
   "first_name": "Jlihkuyd",
   "last_name": "Student",
   "middle_name": "",
   "pref_first_name": "Jlih",
   "title": null,
   "userid": "0kkk8"
  },
  "model": "coredata.person",
  "pk": 229
 },
 {
  "fields": {
   "config": "{}",
   "emplid": 200000365,
   "first_name": "Jnaedmnz",
   "last_name": "Student",
   "middle_name": "",
   "pref_first_name": "Jnae",
   "title": null,
   "userid": "0mmm2"
  },
  "model": "coredata.person",
  "pk": 265
 },
 {
  "fields": {
   "config": "{}",
   "emplid": 200000129,
   "first_name": "Jrbzpicx",
   "last_name": "Student",
   "middle_name": "",
   "pref_first_name": "Jrbz",
   "title": null,
   "userid": "0aaa18"
  },
  "model": "coredata.person",
  "pk": 29
 },
 {
  "fields": {
   "config": "{}",
   "emplid": 200000123,
   "first_name": "Jrvzhmrl",
   "last_name": "Student",
   "middle_name": "",
   "pref_first_name": "Jrvz",
   "title": null,
   "userid": "0aaa12"
  },
  "model": "coredata.person",
  "pk": 23
 },
 {
  "fields": {
   "config": "{}",
   "emplid": 200000632,
   "first_name": "Junfewze",
   "last_name": "Student",
   "middle_name": "",
   "pref_first_name": "Junf",
   "title": null,
   "userid": "0yyy17"
  },
  "model": "coredata.person",
  "pk": 532
 },
 {
  "fields": {
   "config": "{}",
   "emplid": 200000640,
   "first_name": "Jvypkkif",
   "last_name": "Student",
   "middle_name": "",
   "pref_first_name": "Jvyp",
   "title": null,
   "userid": "0zzz4"
  },
  "model": "coredata.person",
  "pk": 540
 },
 {
  "fields": {
   "config": "{}",
   "emplid": 200000419,
   "first_name": "Jwclqeuz",
   "last_name": "Student",
   "middle_name": "",
   "pref_first_name": "Jwcl",
   "title": null,
   "userid": "0ooo14"
  },
  "model": "coredata.person",
  "pk": 319
 },
 {
  "fields": {
   "config": "{}",
   "emplid": 200000357,
   "first_name": "Jzcraelp",
   "last_name": "Student",
   "middle_name": "",
   "pref_first_name": "Jzcr",
   "title": null,
   "userid": "0lll15"
  },
  "model": "coredata.person",
  "pk": 257
 },
 {
  "fields": {
   "config": "{}",
   "emplid": 200000449,
   "first_name": "Jzjzjhyl",
   "last_name": "Student",
   "middle_name": "",
   "pref_first_name": "Jzjz",
   "title": null,
   "userid": "0qqq2"
  },
  "model": "coredata.person",
  "pk": 349
 },
 {
  "fields": {
   "config": "{}",
   "emplid": 200000443,
   "first_name": "Jzlroump",
   "last_name": "Student",
   "middle_name": "",
   "pref_first_name": "Jzlr",
   "title": null,
   "userid": "0ppp17"
  },
  "model": "coredata.person",
  "pk": 343
 },
 {
  "fields": {
   "config": "{}",
   "emplid": 200000183,
   "first_name": "Kabrjvex",
   "last_name": "Student",
   "middle_name": "",
   "pref_first_name": "Kabr",
   "title": null,
   "userid": "0ddd9"
  },
  "model": "coredata.person",
  "pk": 83
 },
 {
  "fields": {
   "config": "{}",
   "emplid": 200000571,
   "first_name": "Kezqgxcc",
   "last_name": "Student",
   "middle_name": "",
   "pref_first_name": "Kezq",
   "title": null,
   "userid": "0vvv19"
  },
  "model": "coredata.person",
  "pk": 471
 },
 {
  "fields": {
   "config": "{}",
   "emplid": 200000244,
   "first_name": "Kfcylwry",
   "last_name": "Student",
   "middle_name": "",
   "pref_first_name": "Kfcy",
   "title": null,
   "userid": "0ggg7"
  },
  "model": "coredata.person",
  "pk": 144
 },
 {
  "fields": {
   "config": "{}",
   "emplid": 200000196,
   "first_name": "Kfxklvrz",
   "last_name": "Student",
   "middle_name": "",
   "pref_first_name": "Kfxk",
   "title": null,
   "userid": "0eee1"
  },
  "model": "coredata.person",
  "pk": 96
 },
 {
  "fields": {
   "config": "{}",
   "emplid": 200000226,
   "first_name": "Kggyyayy",
   "last_name": "Student",
   "middle_name": "",
   "pref_first_name": "Kggy",
   "title": null,
   "userid": "0fff10"
  },
  "model": "coredata.person",
  "pk": 126
 },
 {
  "fields": {
   "config": "{}",
   "emplid": 200000542,
   "first_name": "Khihacjf",
   "last_name": "Student",
   "middle_name": "",
   "pref_first_name": "Khih",
   "title": null,
   "userid": "0uuu11"
  },
  "model": "coredata.person",
  "pk": 442
 },
 {
  "fields": {
   "config": "{}",
   "emplid": 200000629,
   "first_name": "Kkxofonh",
   "last_name": "Student",
   "middle_name": "",
   "pref_first_name": "Kkxo",
   "title": null,
   "userid": "0yyy14"
  },
  "model": "coredata.person",
  "pk": 529
 },
 {
  "fields": {
   "config": "{}",
   "emplid": 200000354,
   "first_name": "Kpwyfhnv",
   "last_name": "Student",
   "middle_name": "",
   "pref_first_name": "Kpwy",
   "title": null,
   "userid": "0lll12"
  },
  "model": "coredata.person",
  "pk": 254
 },
 {
  "fields": {
   "config": "{}",
   "emplid": 200000469,
   "first_name": "Kruogjey",
   "last_name": "Student",
   "middle_name": "",
   "pref_first_name": "Kruo",
   "title": null,
   "userid": "0rrr1"
  },
  "model": "coredata.person",
  "pk": 369
 },
 {
  "fields": {
   "config": "{}",
   "emplid": 200000460,
   "first_name": "Ktptzjis",
   "last_name": "Student",
   "middle_name": "",
   "pref_first_name": "Ktpt",
   "title": null,
   "userid": "0qqq13"
  },
  "model": "coredata.person",
  "pk": 360
 },
 {
  "fields": {
   "config": "{}",
   "emplid": 200000641,
   "first_name": "Ktuvwupd",
   "last_name": "Student",
   "middle_name": "",
   "pref_first_name": "Ktuv",
   "title": null,
   "userid": "0zzz5"
  },
  "model": "coredata.person",
  "pk": 541
 },
 {
  "fields": {
   "config": "{}",
   "emplid": 200000290,
   "first_name": "Kuagkvcm",
   "last_name": "Student",
   "middle_name": "",
   "pref_first_name": "Kuag",
   "title": null,
   "userid": "0iii11"
  },
  "model": "coredata.person",
  "pk": 190
 },
 {
  "fields": {
   "config": "{}",
   "emplid": 200000309,
   "first_name": "Kuqoshmp",
   "last_name": "Student",
   "middle_name": "",
   "pref_first_name": "Kuqo",
   "title": null,
   "userid": "0jjj9"
  },
  "model": "coredata.person",
  "pk": 209
 },
 {
  "fields": {
   "config": "{}",
   "emplid": 200000534,
   "first_name": "Kvbypqrj",
   "last_name": "Student",
   "middle_name": "",
   "pref_first_name": "Kvby",
   "title": null,
   "userid": "0uuu3"
  },
  "model": "coredata.person",
  "pk": 434
 },
 {
  "fields": {
   "config": "{}",
   "emplid": 200000224,
   "first_name": "Kxvhzofq",
   "last_name": "Student",
   "middle_name": "",
   "pref_first_name": "Kxvh",
   "title": null,
   "userid": "0fff8"
  },
  "model": "coredata.person",
  "pk": 124
 },
 {
  "fields": {
   "config": "{}",
   "emplid": 200000529,
   "first_name": "Kyrhsljd",
   "last_name": "Student",
   "middle_name": "",
   "pref_first_name": "Kyrh",
   "title": null,
   "userid": "0ttt19"
  },
  "model": "coredata.person",
  "pk": 429
 },
 {
  "fields": {
   "config": "{}",
   "emplid": 200000634,
   "first_name": "Kyuixbaj",
   "last_name": "Student",
   "middle_name": "",
   "pref_first_name": "Kyui",
   "title": null,
   "userid": "0yyy19"
  },
  "model": "coredata.person",
  "pk": 534
 },
 {
  "fields": {
   "config": "{}",
   "emplid": 200000279,
   "first_name": "Kzokduze",
   "last_name": "Student",
   "middle_name": "",
   "pref_first_name": "Kzok",
   "title": null,
   "userid": "0iii0"
  },
  "model": "coredata.person",
  "pk": 179
 },
 {
  "fields": {
   "config": "{}",
   "emplid": 200000374,
   "first_name": "Lajucday",
   "last_name": "Student",
   "middle_name": "",
   "pref_first_name": "Laju",
   "title": null,
   "userid": "0mmm11"
  },
  "model": "coredata.person",
  "pk": 274
 },
 {
  "fields": {
   "config": "{}",
   "emplid": 200000282,
   "first_name": "Lbclvmua",
   "last_name": "Student",
   "middle_name": "",
   "pref_first_name": "Lbcl",
   "title": null,
   "userid": "0iii3"
  },
  "model": "coredata.person",
  "pk": 182
 },
 {
  "fields": {
   "config": "{}",
   "emplid": 200000317,
   "first_name": "Lccmgavu",
   "last_name": "Student",
   "middle_name": "",
   "pref_first_name": "Lccm",
   "title": null,
   "userid": "0jjj17"
  },
  "model": "coredata.person",
  "pk": 217
 },
 {
  "fields": {
   "config": "{}",
   "emplid": 200000474,
   "first_name": "Levztjqj",
   "last_name": "Student",
   "middle_name": "",
   "pref_first_name": "Levz",
   "title": null,
   "userid": "0rrr6"
  },
  "model": "coredata.person",
  "pk": 374
 },
 {
  "fields": {
   "config": "{}",
   "emplid": 200000114,
   "first_name": "Lftfosqy",
   "last_name": "Student",
   "middle_name": "",
   "pref_first_name": "Lftf",
   "title": null,
   "userid": "0aaa3"
  },
  "model": "coredata.person",
  "pk": 14
 },
 {
  "fields": {
   "config": "{}",
   "emplid": 200000447,
   "first_name": "Lioprzxf",
   "last_name": "Student",
   "middle_name": "",
   "pref_first_name": "Liop",
   "title": null,
   "userid": "0qqq0"
  },
  "model": "coredata.person",
  "pk": 347
 },
 {
  "fields": {
   "config": "{}",
   "emplid": 200000382,
   "first_name": "Ljiupdxp",
   "last_name": "Student",
   "middle_name": "",
   "pref_first_name": "Ljiu",
   "title": null,
   "userid": "0mmm19"
  },
  "model": "coredata.person",
  "pk": 282
 },
 {
  "fields": {
   "config": "{}",
   "emplid": 200000389,
   "first_name": "Lkcbdvdb",
   "last_name": "Student",
   "middle_name": "",
   "pref_first_name": "Lkcb",
   "title": null,
   "userid": "0nnn5"
  },
  "model": "coredata.person",
  "pk": 289
 },
 {
  "fields": {
   "config": "{}",
   "emplid": 200000646,
   "first_name": "Lkjugyon",
   "last_name": "Student",
   "middle_name": "",
   "pref_first_name": "Lkju",
   "title": null,
   "userid": "0zzz10"
  },
  "model": "coredata.person",
  "pk": 546
 },
 {
  "fields": {
   "config": "{}",
   "emplid": 200000146,
   "first_name": "Lkxhdvcs",
   "last_name": "Student",
   "middle_name": "",
   "pref_first_name": "Lkxh",
   "title": null,
   "userid": "0bbb14"
  },
  "model": "coredata.person",
  "pk": 46
 },
 {
  "fields": {
   "config": "{}",
   "emplid": 200000253,
   "first_name": "Lnujmyzy",
   "last_name": "Student",
   "middle_name": "",
   "pref_first_name": "Lnuj",
   "title": null,
   "userid": "0ggg16"
  },
  "model": "coredata.person",
  "pk": 153
 },
 {
  "fields": {
   "config": "{}",
   "emplid": 200000246,
   "first_name": "Lofmdhde",
   "last_name": "Student",
   "middle_name": "",
   "pref_first_name": "Lofm",
   "title": null,
   "userid": "0ggg9"
  },
  "model": "coredata.person",
  "pk": 146
 },
 {
  "fields": {
   "config": "{}",
   "emplid": 200000116,
   "first_name": "Louhinnf",
   "last_name": "Student",
   "middle_name": "",
   "pref_first_name": "Louh",
   "title": null,
   "userid": "0aaa5"
  },
  "model": "coredata.person",
  "pk": 16
 },
 {
  "fields": {
   "config": "{}",
   "emplid": 200000344,
   "first_name": "Lpowaqjh",
   "last_name": "Student",
   "middle_name": "",
   "pref_first_name": "Lpow",
   "title": null,
   "userid": "0lll2"
  },
  "model": "coredata.person",
  "pk": 244
 },
 {
  "fields": {
   "config": "{}",
   "emplid": 200000480,
   "first_name": "Lqirnozi",
   "last_name": "Student",
   "middle_name": "",
   "pref_first_name": "Lqir",
   "title": null,
   "userid": "0rrr12"
  },
  "model": "coredata.person",
  "pk": 380
 },
 {
  "fields": {
   "config": "{}",
   "emplid": 200000130,
   "first_name": "Lqllzrpf",
   "last_name": "Student",
   "middle_name": "",
   "pref_first_name": "Lqll",
   "title": null,
   "userid": "0aaa19"
  },
  "model": "coredata.person",
  "pk": 30
 },
 {
  "fields": {
   "config": "{}",
   "emplid": 200000261,
   "first_name": "Lqvvrufl",
   "last_name": "Student",
   "middle_name": "",
   "pref_first_name": "Lqvv",
   "title": null,
   "userid": "0hhh3"
  },
  "model": "coredata.person",
  "pk": 161
 },
 {
  "fields": {
   "config": "{}",
   "emplid": 200000158,
   "first_name": "Lsptjcum",
   "last_name": "Student",
   "middle_name": "",
   "pref_first_name": "Lspt",
   "title": null,
   "userid": "0ccc5"
  },
  "model": "coredata.person",
  "pk": 58
 },
 {
  "fields": {
   "config": "{}",
   "emplid": 200000432,
   "first_name": "Lsptjdis",
   "last_name": "Student",
   "middle_name": "",
   "pref_first_name": "Lspt",
   "title": null,
   "userid": "0ppp6"
  },
  "model": "coredata.person",
  "pk": 332
 },
 {
  "fields": {
   "config": "{}",
   "emplid": 200000415,
   "first_name": "Lvlndydj",
   "last_name": "Student",
   "middle_name": "",
   "pref_first_name": "Lvln",
   "title": null,
   "userid": "0ooo10"
  },
  "model": "coredata.person",
  "pk": 315
 },
 {
  "fields": {
   "config": "{}",
   "emplid": 200000212,
   "first_name": "Lwowvlft",
   "last_name": "Student",
   "middle_name": "",
   "pref_first_name": "Lwow",
   "title": null,
   "userid": "0eee17"
  },
  "model": "coredata.person",
  "pk": 112
 },
 {
  "fields": {
   "config": "{}",
   "emplid": 200000575,
   "first_name": "Mdtrcsuq",
   "last_name": "Student",
   "middle_name": "",
   "pref_first_name": "Mdtr",
   "title": null,
   "userid": "0www2"
  },
  "model": "coredata.person",
  "pk": 475
 },
 {
  "fields": {
   "config": "{}",
   "emplid": 200000558,
   "first_name": "Mexfftgi",
   "last_name": "Student",
   "middle_name": "",
   "pref_first_name": "Mexf",
   "title": null,
   "userid": "0vvv6"
  },
  "model": "coredata.person",
  "pk": 458
 },
 {
  "fields": {
   "config": "{}",
   "emplid": 200000457,
   "first_name": "Mfpukkub",
   "last_name": "Student",
   "middle_name": "",
   "pref_first_name": "Mfpu",
   "title": null,
   "userid": "0qqq10"
  },
  "model": "coredata.person",
  "pk": 357
 },
 {
  "fields": {
   "config": "{}",
   "emplid": 200000464,
   "first_name": "Mgadqegu",
   "last_name": "Student",
   "middle_name": "",
   "pref_first_name": "Mgad",
   "title": null,
   "userid": "0qqq17"
  },
  "model": "coredata.person",
  "pk": 364
 },
 {
  "fields": {
   "config": "{}",
   "emplid": 200000255,
   "first_name": "Mglibalw",
   "last_name": "Student",
   "middle_name": "",
   "pref_first_name": "Mgli",
   "title": null,
   "userid": "0ggg18"
  },
  "model": "coredata.person",
  "pk": 155
 },
 {
  "fields": {
   "config": "{}",
   "emplid": 200000202,
   "first_name": "Mgzbqpvk",
   "last_name": "Student",
   "middle_name": "",
   "pref_first_name": "Mgzb",
   "title": null,
   "userid": "0eee7"
  },
  "model": "coredata.person",
  "pk": 102
 },
 {
  "fields": {
   "config": "{}",
   "emplid": 200000538,
   "first_name": "Mhcjqbrh",
   "last_name": "Student",
   "middle_name": "",
   "pref_first_name": "Mhcj",
   "title": null,
   "userid": "0uuu7"
  },
  "model": "coredata.person",
  "pk": 438
 },
 {
  "fields": {
   "config": "{}",
   "emplid": 200000234,
   "first_name": "Mhsxwkwv",
   "last_name": "Student",
   "middle_name": "",
   "pref_first_name": "Mhsx",
   "title": null,
   "userid": "0fff18"
  },
  "model": "coredata.person",
  "pk": 134
 },
 {
  "fields": {
   "config": "{}",
   "emplid": 200000139,
   "first_name": "Mjixemap",
   "last_name": "Student",
   "middle_name": "",
   "pref_first_name": "Mjix",
   "title": null,
   "userid": "0bbb7"
  },
  "model": "coredata.person",
  "pk": 39
 },
 {
  "fields": {
   "config": "{}",
   "emplid": 200000490,
   "first_name": "Mjmxbbej",
   "last_name": "Student",
   "middle_name": "",
   "pref_first_name": "Mjmx",
   "title": null,
   "userid": "0sss1"
  },
  "model": "coredata.person",
  "pk": 390
 },
 {
  "fields": {
   "config": "{}",
   "emplid": 200000468,
   "first_name": "Mmrmmfxb",
   "last_name": "Student",
   "middle_name": "",
   "pref_first_name": "Mmrm",
   "title": null,
   "userid": "0rrr0"
  },
  "model": "coredata.person",
  "pk": 368
 },
 {
  "fields": {
   "config": "{}",
   "emplid": 200000193,
   "first_name": "Mmyemjcb",
   "last_name": "Student",
   "middle_name": "",
   "pref_first_name": "Mmye",
   "title": null,
   "userid": "0ddd19"
  },
  "model": "coredata.person",
  "pk": 93
 },
 {
  "fields": {
   "config": "{}",
   "emplid": 200000655,
   "first_name": "Mnvcpedl",
   "last_name": "Student",
   "middle_name": "",
   "pref_first_name": "Mnvc",
   "title": null,
   "userid": "0zzz19"
  },
  "model": "coredata.person",
  "pk": 555
 },
 {
  "fields": {
   "config": "{}",
   "emplid": 200000552,
   "first_name": "Moranzng",
   "last_name": "Student",
   "middle_name": "",
   "pref_first_name": "Mora",
   "title": null,
   "userid": "0vvv0"
  },
  "model": "coredata.person",
  "pk": 452
 },
 {
  "fields": {
   "config": "{}",
   "emplid": 200000477,
   "first_name": "Mqnhgtaa",
   "last_name": "Student",
   "middle_name": "",
   "pref_first_name": "Mqnh",
   "title": null,
   "userid": "0rrr9"
  },
  "model": "coredata.person",
  "pk": 377
 },
 {
  "fields": {
   "config": "{}",
   "emplid": 200000578,
   "first_name": "Mqnzgaxk",
   "last_name": "Student",
   "middle_name": "",
   "pref_first_name": "Mqnz",
   "title": null,
   "userid": "0www5"
  },
  "model": "coredata.person",
  "pk": 478
 },
 {
  "fields": {
   "config": "{}",
   "emplid": 200000248,
   "first_name": "Mtuueowf",
   "last_name": "Student",
   "middle_name": "",
   "pref_first_name": "Mtuu",
   "title": null,
   "userid": "0ggg11"
  },
  "model": "coredata.person",
  "pk": 148
 },
 {
  "fields": {
   "config": "{}",
   "emplid": 200000465,
   "first_name": "Mtzmbvwp",
   "last_name": "Student",
   "middle_name": "",
   "pref_first_name": "Mtzm",
   "title": null,
   "userid": "0qqq18"
  },
  "model": "coredata.person",
  "pk": 365
 },
 {
  "fields": {
   "config": "{}",
   "emplid": 200000489,
   "first_name": "Mvjrjybk",
   "last_name": "Student",
   "middle_name": "",
   "pref_first_name": "Mvjr",
   "title": null,
   "userid": "0sss0"
  },
  "model": "coredata.person",
  "pk": 389
 },
 {
  "fields": {
   "config": "{}",
   "emplid": 200000259,
   "first_name": "Mxfyimzc",
   "last_name": "Student",
   "middle_name": "",
   "pref_first_name": "Mxfy",
   "title": null,
   "userid": "0hhh1"
  },
  "model": "coredata.person",
  "pk": 159
 },
 {
  "fields": {
   "config": "{}",
   "emplid": 200000484,
   "first_name": "Nbpmabmk",
   "last_name": "Student",
   "middle_name": "",
   "pref_first_name": "Nbpm",
   "title": null,
   "userid": "0rrr16"
  },
  "model": "coredata.person",
  "pk": 384
 },
 {
  "fields": {
   "config": "{}",
   "emplid": 200000169,
   "first_name": "Nbsfkblk",
   "last_name": "Student",
   "middle_name": "",
   "pref_first_name": "Nbsf",
   "title": null,
   "userid": "0ccc16"
  },
  "model": "coredata.person",
  "pk": 69
 },
 {
  "fields": {
   "config": "{}",
   "emplid": 200000369,
   "first_name": "Nbwgstxx",
   "last_name": "Student",
   "middle_name": "",
   "pref_first_name": "Nbwg",
   "title": null,
   "userid": "0mmm6"
  },
  "model": "coredata.person",
  "pk": 269
 },
 {
  "fields": {
   "config": "{}",
   "emplid": 200000602,
   "first_name": "Ncwzetba",
   "last_name": "Student",
   "middle_name": "",
   "pref_first_name": "Ncwz",
   "title": null,
   "userid": "0xxx8"
  },
  "model": "coredata.person",
  "pk": 502
 },
 {
  "fields": {
   "config": "{}",
   "emplid": 200000115,
   "first_name": "Nekkdbqr",
   "last_name": "Student",
   "middle_name": "",
   "pref_first_name": "Nekk",
   "title": null,
   "userid": "0aaa4"
  },
  "model": "coredata.person",
  "pk": 15
 },
 {
  "fields": {
   "config": "{}",
   "emplid": 200000550,
   "first_name": "Ngjkzobh",
   "last_name": "Student",
   "middle_name": "",
   "pref_first_name": "Ngjk",
   "title": null,
   "userid": "0uuu19"
  },
  "model": "coredata.person",
  "pk": 450
 },
 {
  "fields": {
   "config": "{}",
   "emplid": 200000203,
   "first_name": "Nhizupzn",
   "last_name": "Student",
   "middle_name": "",
   "pref_first_name": "Nhiz",
   "title": null,
   "userid": "0eee8"
  },
  "model": "coredata.person",
  "pk": 103
 },
 {
  "fields": {
   "config": "{}",
   "emplid": 200000175,
   "first_name": "Nigtwvfc",
   "last_name": "Student",
   "middle_name": "",
   "pref_first_name": "Nigt",
   "title": null,
   "userid": "0ddd1"
  },
  "model": "coredata.person",
  "pk": 75
 },
 {
  "fields": {
   "config": "{}",
   "emplid": 200000584,
   "first_name": "Niyrhyjg",
   "last_name": "Student",
   "middle_name": "",
   "pref_first_name": "Niyr",
   "title": null,
   "userid": "0www11"
  },
  "model": "coredata.person",
  "pk": 484
 },
 {
  "fields": {
   "config": "{}",
   "emplid": 200000220,
   "first_name": "Nmdqjfxi",
   "last_name": "Student",
   "middle_name": "",
   "pref_first_name": "Nmdq",
   "title": null,
   "userid": "0fff4"
  },
  "model": "coredata.person",
  "pk": 120
 },
 {
  "fields": {
   "config": "{}",
   "emplid": 200000237,
   "first_name": "Nojdwauw",
   "last_name": "Student",
   "middle_name": "",
   "pref_first_name": "Nojd",
   "title": null,
   "userid": "0ggg0"
  },
  "model": "coredata.person",
  "pk": 137
 },
 {
  "fields": {
   "config": "{}",
   "emplid": 200000291,
   "first_name": "Noseevgy",
   "last_name": "Student",
   "middle_name": "",
   "pref_first_name": "Nose",
   "title": null,
   "userid": "0iii12"
  },
  "model": "coredata.person",
  "pk": 191
 },
 {
  "fields": {
   "config": "{}",
   "emplid": 200000639,
   "first_name": "Nqpdukzx",
   "last_name": "Student",
   "middle_name": "",
   "pref_first_name": "Nqpd",
   "title": null,
   "userid": "0zzz3"
  },
  "model": "coredata.person",
  "pk": 539
 },
 {
  "fields": {
   "config": "{}",
   "emplid": 200000251,
   "first_name": "Nsuujpae",
   "last_name": "Student",
   "middle_name": "",
   "pref_first_name": "Nsuu",
   "title": null,
   "userid": "0ggg14"
  },
  "model": "coredata.person",
  "pk": 151
 },
 {
  "fields": {
   "config": "{}",
   "emplid": 200000472,
   "first_name": "Nxzqcnyl",
   "last_name": "Student",
   "middle_name": "",
   "pref_first_name": "Nxzq",
   "title": null,
   "userid": "0rrr4"
  },
  "model": "coredata.person",
  "pk": 372
 },
 {
  "fields": {
   "config": "{}",
   "emplid": 200000414,
   "first_name": "Nysuryrm",
   "last_name": "Student",
   "middle_name": "",
   "pref_first_name": "Nysu",
   "title": null,
   "userid": "0ooo9"
  },
  "model": "coredata.person",
  "pk": 314
 },
 {
  "fields": {
   "config": "{}",
   "emplid": 200000426,
   "first_name": "Obffdnqd",
   "last_name": "Student",
   "middle_name": "",
   "pref_first_name": "Obff",
   "title": null,
   "userid": "0ppp0"
  },
  "model": "coredata.person",
  "pk": 326
 },
 {
  "fields": {
   "config": "{}",
   "emplid": 200000574,
   "first_name": "Obsniqxj",
   "last_name": "Student",
   "middle_name": "",
   "pref_first_name": "Obsn",
   "title": null,
   "userid": "0www1"
  },
  "model": "coredata.person",
  "pk": 474
 },
 {
  "fields": {
   "config": "{}",
   "emplid": 200000306,
   "first_name": "Ocpvanuf",
   "last_name": "Student",
   "middle_name": "",
   "pref_first_name": "Ocpv",
   "title": null,
   "userid": "0jjj6"
  },
  "model": "coredata.person",
  "pk": 206
 },
 {
  "fields": {
   "config": "{}",
   "emplid": 200000135,
   "first_name": "Ocsewheb",
   "last_name": "Student",
   "middle_name": "",
   "pref_first_name": "Ocse",
   "title": null,
   "userid": "0bbb3"
  },
  "model": "coredata.person",
  "pk": 35
 },
 {
  "fields": {
   "config": "{}",
   "emplid": 200000547,
   "first_name": "Ocxtnvcl",
   "last_name": "Student",
   "middle_name": "",
   "pref_first_name": "Ocxt",
   "title": null,
   "userid": "0uuu16"
  },
  "model": "coredata.person",
  "pk": 447
 },
 {
  "fields": {
   "config": "{}",
   "emplid": 200000525,
   "first_name": "Ofnqsvck",
   "last_name": "Student",
   "middle_name": "",
   "pref_first_name": "Ofnq",
   "title": null,
   "userid": "0ttt15"
  },
  "model": "coredata.person",
  "pk": 425
 },
 {
  "fields": {
   "config": "{}",
   "emplid": 200000258,
   "first_name": "Oiiubmtt",
   "last_name": "Student",
   "middle_name": "",
   "pref_first_name": "Oiiu",
   "title": null,
   "userid": "0hhh0"
  },
  "model": "coredata.person",
  "pk": 158
 },
 {
  "fields": {
   "config": "{}",
   "emplid": 200000565,
   "first_name": "Oivndbqr",
   "last_name": "Student",
   "middle_name": "",
   "pref_first_name": "Oivn",
   "title": null,
   "userid": "0vvv13"
  },
  "model": "coredata.person",
  "pk": 465
 },
 {
  "fields": {
   "config": "{}",
   "emplid": 200000569,
   "first_name": "Ojagwglt",
   "last_name": "Student",
   "middle_name": "",
   "pref_first_name": "Ojag",
   "title": null,
   "userid": "0vvv17"
  },
  "model": "coredata.person",
  "pk": 469
 },
 {
  "fields": {
   "config": "{}",
   "emplid": 200000511,
   "first_name": "Ojczmrxi",
   "last_name": "Student",
   "middle_name": "",
   "pref_first_name": "Ojcz",
   "title": null,
   "userid": "0ttt1"
  },
  "model": "coredata.person",
  "pk": 411
 },
 {
  "fields": {
   "config": "{}",
   "emplid": 200000463,
   "first_name": "Oloaovpo",
   "last_name": "Student",
   "middle_name": "",
   "pref_first_name": "Oloa",
   "title": null,
   "userid": "0qqq16"
  },
  "model": "coredata.person",
  "pk": 363
 },
 {
  "fields": {
   "config": "{}",
   "emplid": 200000128,
   "first_name": "Onfcbhyk",
   "last_name": "Student",
   "middle_name": "",
   "pref_first_name": "Onfc",
   "title": null,
   "userid": "0aaa17"
  },
  "model": "coredata.person",
  "pk": 28
 },
 {
  "fields": {
   "config": "{}",
   "emplid": 200000319,
   "first_name": "Onxusrtx",
   "last_name": "Student",
   "middle_name": "",
   "pref_first_name": "Onxu",
   "title": null,
   "userid": "0jjj19"
  },
  "model": "coredata.person",
  "pk": 219
 },
 {
  "fields": {
   "config": "{}",
   "emplid": 200000312,
   "first_name": "Oobmypea",
   "last_name": "Student",
   "middle_name": "",
   "pref_first_name": "Oobm",
   "title": null,
   "userid": "0jjj12"
  },
  "model": "coredata.person",
  "pk": 212
 },
 {
  "fields": {
   "config": "{}",
   "emplid": 200000481,
   "first_name": "Oomadzco",
   "last_name": "Student",
   "middle_name": "",
   "pref_first_name": "Ooma",
   "title": null,
   "userid": "0rrr13"
  },
  "model": "coredata.person",
  "pk": 381
 },
 {
  "fields": {
   "config": "{}",
   "emplid": 200000526,
   "first_name": "Opmjhzmo",
   "last_name": "Student",
   "middle_name": "",
   "pref_first_name": "Opmj",
   "title": null,
   "userid": "0ttt16"
  },
  "model": "coredata.person",
  "pk": 426
 },
 {
  "fields": {
   "config": "{}",
   "emplid": 200000185,
   "first_name": "Osnsvtnt",
   "last_name": "Student",
   "middle_name": "",
   "pref_first_name": "Osns",
   "title": null,
   "userid": "0ddd11"
  },
  "model": "coredata.person",
  "pk": 85
 },
 {
  "fields": {
   "config": "{}",
   "emplid": 200000254,
   "first_name": "Otzfmvpn",
   "last_name": "Student",
   "middle_name": "",
   "pref_first_name": "Otzf",
   "title": null,
   "userid": "0ggg17"
  },
  "model": "coredata.person",
  "pk": 154
 },
 {
  "fields": {
   "config": "{}",
   "emplid": 200000609,
   "first_name": "Owkfojck",
   "last_name": "Student",
   "middle_name": "",
   "pref_first_name": "Owkf",
   "title": null,
   "userid": "0xxx15"
  },
  "model": "coredata.person",
  "pk": 509
 },
 {
  "fields": {
   "config": "{}",
   "emplid": 200000368,
   "first_name": "Owwybqvt",
   "last_name": "Student",
   "middle_name": "",
   "pref_first_name": "Owwy",
   "title": null,
   "userid": "0mmm5"
  },
  "model": "coredata.person",
  "pk": 268
 },
 {
  "fields": {
   "config": "{}",
   "emplid": 200000333,
   "first_name": "Owzjxcsr",
   "last_name": "Student",
   "middle_name": "",
   "pref_first_name": "Owzj",
   "title": null,
   "userid": "0kkk12"
  },
  "model": "coredata.person",
  "pk": 233
 },
 {
  "fields": {
   "config": "{}",
   "emplid": 200000249,
   "first_name": "Oxbdqfjj",
   "last_name": "Student",
   "middle_name": "",
   "pref_first_name": "Oxbd",
   "title": null,
   "userid": "0ggg12"
  },
  "model": "coredata.person",
  "pk": 149
 },
 {
  "fields": {
   "config": "{}",
   "emplid": 200000316,
   "first_name": "Oxqvfrhx",
   "last_name": "Student",
   "middle_name": "",
   "pref_first_name": "Oxqv",
   "title": null,
   "userid": "0jjj16"
  },
  "model": "coredata.person",
  "pk": 216
 },
 {
  "fields": {
   "config": "{}",
   "emplid": 200000543,
   "first_name": "Oykpmpiq",
   "last_name": "Student",
   "middle_name": "",
   "pref_first_name": "Oykp",
   "title": null,
   "userid": "0uuu12"
  },
  "model": "coredata.person",
  "pk": 443
 },
 {
  "fields": {
   "config": "{}",
   "emplid": 200000204,
   "first_name": "Ozqbaukz",
   "last_name": "Student",
   "middle_name": "",
   "pref_first_name": "Ozqb",
   "title": null,
   "userid": "0eee9"
  },
  "model": "coredata.person",
  "pk": 104
 },
 {
  "fields": {
   "config": "{}",
   "emplid": 200000527,
   "first_name": "Paklfhvm",
   "last_name": "Student",
   "middle_name": "",
   "pref_first_name": "Pakl",
   "title": null,
   "userid": "0ttt17"
  },
  "model": "coredata.person",
  "pk": 427
 },
 {
  "fields": {
   "config": "{}",
   "emplid": 200000428,
   "first_name": "Pcvdlusv",
   "last_name": "Student",
   "middle_name": "",
   "pref_first_name": "Pcvd",
   "title": null,
   "userid": "0ppp2"
  },
  "model": "coredata.person",
  "pk": 328
 },
 {
  "fields": {
   "config": "{}",
   "emplid": 200000536,
   "first_name": "Peatvaic",
   "last_name": "Student",
   "middle_name": "",
   "pref_first_name": "Peat",
   "title": null,
   "userid": "0uuu5"
  },
  "model": "coredata.person",
  "pk": 436
 },
 {
  "fields": {
   "config": "{}",
   "emplid": 200000289,
   "first_name": "Pfbrqcwm",
   "last_name": "Student",
   "middle_name": "",
   "pref_first_name": "Pfbr",
   "title": null,
   "userid": "0iii10"
  },
  "model": "coredata.person",
  "pk": 189
 },
 {
  "fields": {
   "config": "{}",
   "emplid": 200000495,
   "first_name": "Pjkjrium",
   "last_name": "Student",
   "middle_name": "",
   "pref_first_name": "Pjkj",
   "title": null,
   "userid": "0sss6"
  },
  "model": "coredata.person",
  "pk": 395
 },
 {
  "fields": {
   "config": "{}",
   "emplid": 200000334,
   "first_name": "Pkksamnc",
   "last_name": "Student",
   "middle_name": "",
   "pref_first_name": "Pkks",
   "title": null,
   "userid": "0kkk13"
  },
  "model": "coredata.person",
  "pk": 234
 },
 {
  "fields": {
   "config": "{}",
   "emplid": 200000245,
   "first_name": "Pmcqdbdn",
   "last_name": "Student",
   "middle_name": "",
   "pref_first_name": "Pmcq",
   "title": null,
   "userid": "0ggg8"
  },
  "model": "coredata.person",
  "pk": 145
 },
 {
  "fields": {
   "config": "{}",
   "emplid": 200000510,
   "first_name": "Pmgygafz",
   "last_name": "Student",
   "middle_name": "",
   "pref_first_name": "Pmgy",
   "title": null,
   "userid": "0ttt0"
  },
  "model": "coredata.person",
  "pk": 410
 },
 {
  "fields": {
   "config": "{}",
   "emplid": 200000631,
   "first_name": "Pmspgggd",
   "last_name": "Student",
   "middle_name": "",
   "pref_first_name": "Pmsp",
   "title": null,
   "userid": "0yyy16"
  },
  "model": "coredata.person",
  "pk": 531
 },
 {
  "fields": {
   "config": "{}",
   "emplid": 200000141,
   "first_name": "Pmulwuoc",
   "last_name": "Student",
   "middle_name": "",
   "pref_first_name": "Pmul",
   "title": null,
   "userid": "0bbb9"
  },
  "model": "coredata.person",
  "pk": 41
 },
 {
  "fields": {
   "config": "{}",
   "emplid": 200000498,
   "first_name": "Pngorabs",
   "last_name": "Student",
   "middle_name": "",
   "pref_first_name": "Pngo",
   "title": null,
   "userid": "0sss9"
  },
  "model": "coredata.person",
  "pk": 398
 },
 {
  "fields": {
   "config": "{}",
   "emplid": 200000296,
   "first_name": "Prnufanf",
   "last_name": "Student",
   "middle_name": "",
   "pref_first_name": "Prnu",
   "title": null,
   "userid": "0iii17"
  },
  "model": "coredata.person",
  "pk": 196
 },
 {
  "fields": {
   "config": "{}",
   "emplid": 200000391,
   "first_name": "Pruzixti",
   "last_name": "Student",
   "middle_name": "",
   "pref_first_name": "Pruz",
   "title": null,
   "userid": "0nnn7"
  },
  "model": "coredata.person",
  "pk": 291
 },
 {
  "fields": {
   "config": "{}",
   "emplid": 200000645,
   "first_name": "Prvhhnkj",
   "last_name": "Student",
   "middle_name": "",
   "pref_first_name": "Prvh",
   "title": null,
   "userid": "0zzz9"
  },
  "model": "coredata.person",
  "pk": 545
 },
 {
  "fields": {
   "config": "{}",
   "emplid": 200000209,
   "first_name": "Pumgixut",
   "last_name": "Student",
   "middle_name": "",
   "pref_first_name": "Pumg",
   "title": null,
   "userid": "0eee14"
  },
  "model": "coredata.person",
  "pk": 109
 },
 {
  "fields": {
   "config": "{}",
   "emplid": 200000367,
   "first_name": "Puupclsn",
   "last_name": "Student",
   "middle_name": "",
   "pref_first_name": "Puup",
   "title": null,
   "userid": "0mmm4"
  },
  "model": "coredata.person",
  "pk": 267
 },
 {
  "fields": {
   "config": "{}",
   "emplid": 200000371,
   "first_name": "Pwcumlrf",
   "last_name": "Student",
   "middle_name": "",
   "pref_first_name": "Pwcu",
   "title": null,
   "userid": "0mmm8"
  },
  "model": "coredata.person",
  "pk": 271
 },
 {
  "fields": {
   "config": "{}",
   "emplid": 200000144,
   "first_name": "Pxgbaiwq",
   "last_name": "Student",
   "middle_name": "",
   "pref_first_name": "Pxgb",
   "title": null,
   "userid": "0bbb12"
  },
  "model": "coredata.person",
  "pk": 44
 },
 {
  "fields": {
   "config": "{}",
   "emplid": 200000288,
   "first_name": "Pxzykuqk",
   "last_name": "Student",
   "middle_name": "",
   "pref_first_name": "Pxzy",
   "title": null,
   "userid": "0iii9"
  },
  "model": "coredata.person",
  "pk": 188
 },
 {
  "fields": {
   "config": "{}",
   "emplid": 200000223,
   "first_name": "Qcygotbo",
   "last_name": "Student",
   "middle_name": "",
   "pref_first_name": "Qcyg",
   "title": null,
   "userid": "0fff7"
  },
  "model": "coredata.person",
  "pk": 123
 },
 {
  "fields": {
   "config": "{}",
   "emplid": 200000395,
   "first_name": "Qhfobtty",
   "last_name": "Student",
   "middle_name": "",
   "pref_first_name": "Qhfo",
   "title": null,
   "userid": "0nnn11"
  },
  "model": "coredata.person",
  "pk": 295
 },
 {
  "fields": {
   "config": "{}",
   "emplid": 200000132,
   "first_name": "Qiwfhltc",
   "last_name": "Student",
   "middle_name": "",
   "pref_first_name": "Qiwf",
   "title": null,
   "userid": "0bbb0"
  },
  "model": "coredata.person",
  "pk": 32
 },
 {
  "fields": {
   "config": "{}",
   "emplid": 200000548,
   "first_name": "Qlsoauqx",
   "last_name": "Student",
   "middle_name": "",
   "pref_first_name": "Qlso",
   "title": null,
   "userid": "0uuu17"
  },
  "model": "coredata.person",
  "pk": 448
 },
 {
  "fields": {
   "config": "{}",
   "emplid": 200000573,
   "first_name": "Qmandadg",
   "last_name": "Student",
   "middle_name": "",
   "pref_first_name": "Qman",
   "title": null,
   "userid": "0www0"
  },
  "model": "coredata.person",
  "pk": 473
 },
 {
  "fields": {
   "config": "{}",
   "emplid": 200000518,
   "first_name": "Qofbetiv",
   "last_name": "Student",
   "middle_name": "",
   "pref_first_name": "Qofb",
   "title": null,
   "userid": "0ttt8"
  },
  "model": "coredata.person",
  "pk": 418
 },
 {
  "fields": {
   "config": "{}",
   "emplid": 200000266,
   "first_name": "Qopumpib",
   "last_name": "Student",
   "middle_name": "",
   "pref_first_name": "Qopu",
   "title": null,
   "userid": "0hhh8"
  },
  "model": "coredata.person",
  "pk": 166
 },
 {
  "fields": {
   "config": "{}",
   "emplid": 200000218,
   "first_name": "Qouijalk",
   "last_name": "Student",
   "middle_name": "",
   "pref_first_name": "Qoui",
   "title": null,
   "userid": "0fff2"
  },
  "model": "coredata.person",
  "pk": 118
 },
 {
  "fields": {
   "config": "{}",
   "emplid": 200000386,
   "first_name": "Qoutyyxh",
   "last_name": "Student",
   "middle_name": "",
   "pref_first_name": "Qout",
   "title": null,
   "userid": "0nnn2"
  },
  "model": "coredata.person",
  "pk": 286
 },
 {
  "fields": {
   "config": "{}",
   "emplid": 200000427,
   "first_name": "Qqamkevw",
   "last_name": "Student",
   "middle_name": "",
   "pref_first_name": "Qqam",
   "title": null,
   "userid": "0ppp1"
  },
  "model": "coredata.person",
  "pk": 327
 },
 {
  "fields": {
   "config": "{}",
   "emplid": 200000501,
   "first_name": "Qsfxjeva",
   "last_name": "Student",
   "middle_name": "",
   "pref_first_name": "Qsfx",
   "title": null,
   "userid": "0sss12"
  },
  "model": "coredata.person",
  "pk": 401
 },
 {
  "fields": {
   "config": "{}",
   "emplid": 200000517,
   "first_name": "Qsmehdlo",
   "last_name": "Student",
   "middle_name": "",
   "pref_first_name": "Qsme",
   "title": null,
   "userid": "0ttt7"
  },
  "model": "coredata.person",
  "pk": 417
 },
 {
  "fields": {
   "config": "{}",
   "emplid": 200000537,
   "first_name": "Qtseoquj",
   "last_name": "Student",
   "middle_name": "",
   "pref_first_name": "Qtse",
   "title": null,
   "userid": "0uuu6"
  },
  "model": "coredata.person",
  "pk": 437
 },
 {
  "fields": {
   "config": "{}",
   "emplid": 200000626,
   "first_name": "Quggjjdm",
   "last_name": "Student",
   "middle_name": "",
   "pref_first_name": "Qugg",
   "title": null,
   "userid": "0yyy11"
  },
  "model": "coredata.person",
  "pk": 526
 },
 {
  "fields": {
   "config": "{}",
   "emplid": 200000268,
   "first_name": "Qxmptmuy",
   "last_name": "Student",
   "middle_name": "",
   "pref_first_name": "Qxmp",
   "title": null,
   "userid": "0hhh10"
  },
  "model": "coredata.person",
  "pk": 168
 },
 {
  "fields": {
   "config": "{}",
   "emplid": 200000650,
   "first_name": "Qxzmcxhb",
   "last_name": "Student",
   "middle_name": "",
   "pref_first_name": "Qxzm",
   "title": null,
   "userid": "0zzz14"
  },
  "model": "coredata.person",
  "pk": 550
 },
 {
  "fields": {
   "config": "{}",
   "emplid": 200000112,
   "first_name": "Qzfilijz",
   "last_name": "Student",
   "middle_name": "",
   "pref_first_name": "Qzfi",
   "title": null,
   "userid": "0aaa1"
  },
  "model": "coredata.person",
  "pk": 12
 },
 {
  "fields": {
   "config": "{}",
   "emplid": 200000531,
   "first_name": "Qznbubyp",
   "last_name": "Student",
   "middle_name": "",
   "pref_first_name": "Qznb",
   "title": null,
   "userid": "0uuu0"
  },
  "model": "coredata.person",
  "pk": 431
 },
 {
  "fields": {
   "config": "{}",
   "emplid": 200000168,
   "first_name": "Rcabaoqc",
   "last_name": "Student",
   "middle_name": "",
   "pref_first_name": "Rcab",
   "title": null,
   "userid": "0ccc15"
  },
  "model": "coredata.person",
  "pk": 68
 },
 {
  "fields": {
   "config": "{}",
   "emplid": 200000453,
   "first_name": "Rcprplqk",
   "last_name": "Student",
   "middle_name": "",
   "pref_first_name": "Rcpr",
   "title": null,
   "userid": "0qqq6"
  },
  "model": "coredata.person",
  "pk": 353
 },
 {
  "fields": {
   "config": "{}",
   "emplid": 200000263,
   "first_name": "Recekxri",
   "last_name": "Student",
   "middle_name": "",
   "pref_first_name": "Rece",
   "title": null,
   "userid": "0hhh5"
  },
  "model": "coredata.person",
  "pk": 163
 },
 {
  "fields": {
   "config": "{}",
   "emplid": 200000513,
   "first_name": "Rhpfaosq",
   "last_name": "Student",
   "middle_name": "",
   "pref_first_name": "Rhpf",
   "title": null,
   "userid": "0ttt3"
  },
  "model": "coredata.person",
  "pk": 413
 },
 {
  "fields": {
   "config": "{}",
   "emplid": 200000286,
   "first_name": "Rhwqkqbb",
   "last_name": "Student",
   "middle_name": "",
   "pref_first_name": "Rhwq",
   "title": null,
   "userid": "0iii7"
  },
  "model": "coredata.person",
  "pk": 186
 },
 {
  "fields": {
   "config": "{}",
   "emplid": 200000587,
   "first_name": "Rjdadpdy",
   "last_name": "Student",
   "middle_name": "",
   "pref_first_name": "Rjda",
   "title": null,
   "userid": "0www14"
  },
  "model": "coredata.person",
  "pk": 487
 },
 {
  "fields": {
   "config": "{}",
   "emplid": 200000625,
   "first_name": "Rkkxbidh",
   "last_name": "Student",
   "middle_name": "",
   "pref_first_name": "Rkkx",
   "title": null,
   "userid": "0yyy10"
  },
  "model": "coredata.person",
  "pk": 525
 },
 {
  "fields": {
   "config": "{}",
   "emplid": 200000388,
   "first_name": "Rlrnycgx",
   "last_name": "Student",
   "middle_name": "",
   "pref_first_name": "Rlrn",
   "title": null,
   "userid": "0nnn4"
  },
  "model": "coredata.person",
  "pk": 288
 },
 {
  "fields": {
   "config": "{}",
   "emplid": 200000397,
   "first_name": "Rmfkhtnf",
   "last_name": "Student",
   "middle_name": "",
   "pref_first_name": "Rmfk",
   "title": null,
   "userid": "0nnn13"
  },
  "model": "coredata.person",
  "pk": 297
 },
 {
  "fields": {
   "config": "{}",
   "emplid": 200000138,
   "first_name": "Rrlfygfi",
   "last_name": "Student",
   "middle_name": "",
   "pref_first_name": "Rrlf",
   "title": null,
   "userid": "0bbb6"
  },
  "model": "coredata.person",
  "pk": 38
 },
 {
  "fields": {
   "config": "{}",
   "emplid": 200000166,
   "first_name": "Rtvhwqnd",
   "last_name": "Student",
   "middle_name": "",
   "pref_first_name": "Rtvh",
   "title": null,
   "userid": "0ccc13"
  },
  "model": "coredata.person",
  "pk": 66
 },
 {
  "fields": {
   "config": "{}",
   "emplid": 200000615,
   "first_name": "Ruailmad",
   "last_name": "Student",
   "middle_name": "",
   "pref_first_name": "Ruai",
   "title": null,
   "userid": "0yyy0"
  },
  "model": "coredata.person",
  "pk": 515
 },
 {
  "fields": {
   "config": "{}",
   "emplid": 200000280,
   "first_name": "Sbqjwykn",
   "last_name": "Student",
   "middle_name": "",
   "pref_first_name": "Sbqj",
   "title": null,
   "userid": "0iii1"
  },
  "model": "coredata.person",
  "pk": 180
 },
 {
  "fields": {
   "config": "{}",
   "emplid": 200000327,
   "first_name": "Sbvpnfia",
   "last_name": "Student",
   "middle_name": "",
   "pref_first_name": "Sbvp",
   "title": null,
   "userid": "0kkk6"
  },
  "model": "coredata.person",
  "pk": 227
 },
 {
  "fields": {
   "config": "{}",
   "emplid": 200000456,
   "first_name": "Sdeydpsc",
   "last_name": "Student",
   "middle_name": "",
   "pref_first_name": "Sdey",
   "title": null,
   "userid": "0qqq9"
  },
  "model": "coredata.person",
  "pk": 356
 },
 {
  "fields": {
   "config": "{}",
   "emplid": 200000610,
   "first_name": "Sexysrnj",
   "last_name": "Student",
   "middle_name": "",
   "pref_first_name": "Sexy",
   "title": null,
   "userid": "0xxx16"
  },
  "model": "coredata.person",
  "pk": 510
 },
 {
  "fields": {
   "config": "{}",
   "emplid": 200000252,
   "first_name": "Shshfxmy",
   "last_name": "Student",
   "middle_name": "",
   "pref_first_name": "Shsh",
   "title": null,
   "userid": "0ggg15"
  },
  "model": "coredata.person",
  "pk": 152
 },
 {
  "fields": {
   "config": "{}",
   "emplid": 200000471,
   "first_name": "Shvaqlok",
   "last_name": "Student",
   "middle_name": "",
   "pref_first_name": "Shva",
   "title": null,
   "userid": "0rrr3"
  },
  "model": "coredata.person",
  "pk": 371
 },
 {
  "fields": {
   "config": "{}",
   "emplid": 200000580,
   "first_name": "Slgwywuc",
   "last_name": "Student",
   "middle_name": "",
   "pref_first_name": "Slgw",
   "title": null,
   "userid": "0www7"
  },
  "model": "coredata.person",
  "pk": 480
 },
 {
  "fields": {
   "config": "{}",
   "emplid": 200000539,
   "first_name": "Slmdzngw",
   "last_name": "Student",
   "middle_name": "",
   "pref_first_name": "Slmd",
   "title": null,
   "userid": "0uuu8"
  },
  "model": "coredata.person",
  "pk": 439
 },
 {
  "fields": {
   "config": "{}",
   "emplid": 200000487,
   "first_name": "Snfjfkut",
   "last_name": "Student",
   "middle_name": "",
   "pref_first_name": "Snfj",
   "title": null,
   "userid": "0rrr19"
  },
  "model": "coredata.person",
  "pk": 387
 },
 {
  "fields": {
   "config": "{}",
   "emplid": 200000512,
   "first_name": "Sortmups",
   "last_name": "Student",
   "middle_name": "",
   "pref_first_name": "Sort",
   "title": null,
   "userid": "0ttt2"
  },
  "model": "coredata.person",
  "pk": 412
 },
 {
  "fields": {
   "config": "{}",
   "emplid": 200000325,
   "first_name": "Soskibae",
   "last_name": "Student",
   "middle_name": "",
   "pref_first_name": "Sosk",
   "title": null,
   "userid": "0kkk4"
  },
  "model": "coredata.person",
  "pk": 225
 },
 {
  "fields": {
   "config": "{}",
   "emplid": 200000462,
   "first_name": "Spbadtbl",
   "last_name": "Student",
   "middle_name": "",
   "pref_first_name": "Spba",
   "title": null,
   "userid": "0qqq15"
  },
  "model": "coredata.person",
  "pk": 362
 },
 {
  "fields": {
   "config": "{}",
   "emplid": 200000417,
   "first_name": "Sqagexyr",
   "last_name": "Student",
   "middle_name": "",
   "pref_first_name": "Sqag",
   "title": null,
   "userid": "0ooo12"
  },
  "model": "coredata.person",
  "pk": 317
 },
 {
  "fields": {
   "config": "{}",
   "emplid": 200000556,
   "first_name": "Sqierxle",
   "last_name": "Student",
   "middle_name": "",
   "pref_first_name": "Sqie",
   "title": null,
   "userid": "0vvv4"
  },
  "model": "coredata.person",
  "pk": 456
 },
 {
  "fields": {
   "config": "{}",
   "emplid": 200000322,
   "first_name": "Svuaefry",
   "last_name": "Student",
   "middle_name": "",
   "pref_first_name": "Svua",
   "title": null,
   "userid": "0kkk1"
  },
  "model": "coredata.person",
  "pk": 222
 },
 {
  "fields": {
   "config": "{}",
   "emplid": 200000285,
   "first_name": "Sweauhml",
   "last_name": "Student",
   "middle_name": "",
   "pref_first_name": "Swea",
   "title": null,
   "userid": "0iii6"
  },
  "model": "coredata.person",
  "pk": 185
 },
 {
  "fields": {
   "config": "{}",
   "emplid": 200000272,
   "first_name": "Sxzwropv",
   "last_name": "Student",
   "middle_name": "",
   "pref_first_name": "Sxzw",
   "title": null,
   "userid": "0hhh14"
  },
  "model": "coredata.person",
  "pk": 172
 },
 {
  "fields": {
   "config": "{}",
   "emplid": 200000555,
   "first_name": "Syiyqboq",
   "last_name": "Student",
   "middle_name": "",
   "pref_first_name": "Syiy",
   "title": null,
   "userid": "0vvv3"
  },
  "model": "coredata.person",
  "pk": 455
 },
 {
  "fields": {
   "config": "{}",
   "emplid": 200000611,
   "first_name": "Syltikbm",
   "last_name": "Student",
   "middle_name": "",
   "pref_first_name": "Sylt",
   "title": null,
   "userid": "0xxx17"
  },
  "model": "coredata.person",
  "pk": 511
 },
 {
  "fields": {
   "config": "{}",
   "emplid": 200000568,
   "first_name": "Syvjnkrv",
   "last_name": "Student",
   "middle_name": "",
   "pref_first_name": "Syvj",
   "title": null,
   "userid": "0vvv16"
  },
  "model": "coredata.person",
  "pk": 468
 },
 {
  "fields": {
   "config": "{}",
   "emplid": 200000594,
   "first_name": "Szfuajvi",
   "last_name": "Student",
   "middle_name": "",
   "pref_first_name": "Szfu",
   "title": null,
   "userid": "0xxx0"
  },
  "model": "coredata.person",
  "pk": 494
 },
 {
  "fields": {
   "config": "{}",
   "emplid": 200000423,
   "first_name": "Tacpnxkt",
   "last_name": "Student",
   "middle_name": "",
   "pref_first_name": "Tacp",
   "title": null,
   "userid": "0ooo18"
  },
  "model": "coredata.person",
  "pk": 323
 },
 {
  "fields": {
   "config": "{}",
   "emplid": 200000541,
   "first_name": "Tbfqzstx",
   "last_name": "Student",
   "middle_name": "",
   "pref_first_name": "Tbfq",
   "title": null,
   "userid": "0uuu10"
  },
  "model": "coredata.person",
  "pk": 441
 },
 {
  "fields": {
   "config": "{}",
   "emplid": 200000147,
   "first_name": "Tcedpowk",
   "last_name": "Student",
   "middle_name": "",
   "pref_first_name": "Tced",
   "title": null,
   "userid": "0bbb15"
  },
  "model": "coredata.person",
  "pk": 47
 },
 {
  "fields": {
   "config": "{}",
   "emplid": 200000438,
   "first_name": "Tcmggnor",
   "last_name": "Student",
   "middle_name": "",
   "pref_first_name": "Tcmg",
   "title": null,
   "userid": "0ppp12"
  },
  "model": "coredata.person",
  "pk": 338
 },
 {
  "fields": {
   "config": "{}",
   "emplid": 200000528,
   "first_name": "Tcutufhb",
   "last_name": "Student",
   "middle_name": "",
   "pref_first_name": "Tcut",
   "title": null,
   "userid": "0ttt18"
  },
  "model": "coredata.person",
  "pk": 428
 },
 {
  "fields": {
   "config": "{}",
   "emplid": 200000295,
   "first_name": "Tcvabjkb",
   "last_name": "Student",
   "middle_name": "",
   "pref_first_name": "Tcva",
   "title": null,
   "userid": "0iii16"
  },
  "model": "coredata.person",
  "pk": 195
 },
 {
  "fields": {
   "config": "{}",
   "emplid": 200000276,
   "first_name": "Tfuqugnu",
   "last_name": "Student",
   "middle_name": "",
   "pref_first_name": "Tfuq",
   "title": null,
   "userid": "0hhh18"
  },
  "model": "coredata.person",
  "pk": 176
 },
 {
  "fields": {
   "config": "{}",
   "emplid": 200000117,
   "first_name": "Tgdcunuk",
   "last_name": "Student",
   "middle_name": "",
   "pref_first_name": "Tgdc",
   "title": null,
   "userid": "0aaa6"
  },
  "model": "coredata.person",
  "pk": 17
 },
 {
  "fields": {
   "config": "{}",
   "emplid": 200000349,
   "first_name": "Thtxizot",
   "last_name": "Student",
   "middle_name": "",
   "pref_first_name": "Thtx",
   "title": null,
   "userid": "0lll7"
  },
  "model": "coredata.person",
  "pk": 249
 },
 {
  "fields": {
   "config": "{}",
   "emplid": 200000201,
   "first_name": "Tijsnccw",
   "last_name": "Student",
   "middle_name": "",
   "pref_first_name": "Tijs",
   "title": null,
   "userid": "0eee6"
  },
  "model": "coredata.person",
  "pk": 101
 },
 {
  "fields": {
   "config": "{}",
   "emplid": 200000217,
   "first_name": "Tlmtjrku",
   "last_name": "Student",
   "middle_name": "",
   "pref_first_name": "Tlmt",
   "title": null,
   "userid": "0fff1"
  },
  "model": "coredata.person",
  "pk": 117
 },
 {
  "fields": {
   "config": "{}",
   "emplid": 200000363,
   "first_name": "Tluwnypz",
   "last_name": "Student",
   "middle_name": "",
   "pref_first_name": "Tluw",
   "title": null,
   "userid": "0mmm0"
  },
  "model": "coredata.person",
  "pk": 263
 },
 {
  "fields": {
   "config": "{}",
   "emplid": 200000434,
   "first_name": "Tlxbtrbh",
   "last_name": "Student",
   "middle_name": "",
   "pref_first_name": "Tlxb",
   "title": null,
   "userid": "0ppp8"
  },
  "model": "coredata.person",
  "pk": 334
 },
 {
  "fields": {
   "config": "{}",
   "emplid": 200000493,
   "first_name": "Tnxdbowb",
   "last_name": "Student",
   "middle_name": "",
   "pref_first_name": "Tnxd",
   "title": null,
   "userid": "0sss4"
  },
  "model": "coredata.person",
  "pk": 393
 },
 {
  "fields": {
   "config": "{}",
   "emplid": 200000616,
   "first_name": "Tsdwgqha",
   "last_name": "Student",
   "middle_name": "",
   "pref_first_name": "Tsdw",
   "title": null,
   "userid": "0yyy1"
  },
  "model": "coredata.person",
  "pk": 516
 },
 {
  "fields": {
   "config": "{}",
   "emplid": 200000448,
   "first_name": "Tsqyrbdi",
   "last_name": "Student",
   "middle_name": "",
   "pref_first_name": "Tsqy",
   "title": null,
   "userid": "0qqq1"
  },
  "model": "coredata.person",
  "pk": 348
 },
 {
  "fields": {
   "config": "{}",
   "emplid": 200000644,
   "first_name": "Ttgwywgz",
   "last_name": "Student",
   "middle_name": "",
   "pref_first_name": "Ttgw",
   "title": null,
   "userid": "0zzz8"
  },
  "model": "coredata.person",
  "pk": 544
 },
 {
  "fields": {
   "config": "{}",
   "emplid": 200000277,
   "first_name": "Ttwdndvo",
   "last_name": "Student",
   "middle_name": "",
   "pref_first_name": "Ttwd",
   "title": null,
   "userid": "0hhh19"
  },
  "model": "coredata.person",
  "pk": 177
 },
 {
  "fields": {
   "config": "{}",
   "emplid": 200000607,
   "first_name": "Tuqvytln",
   "last_name": "Student",
   "middle_name": "",
   "pref_first_name": "Tuqv",
   "title": null,
   "userid": "0xxx13"
  },
  "model": "coredata.person",
  "pk": 507
 },
 {
  "fields": {
   "config": "{}",
   "emplid": 200000187,
   "first_name": "Turocgrh",
   "last_name": "Student",
   "middle_name": "",
   "pref_first_name": "Turo",
   "title": null,
   "userid": "0ddd13"
  },
  "model": "coredata.person",
  "pk": 87
 },
 {
  "fields": {
   "config": "{}",
   "emplid": 200000219,
   "first_name": "Tuzbjqet",
   "last_name": "Student",
   "middle_name": "",
   "pref_first_name": "Tuzb",
   "title": null,
   "userid": "0fff3"
  },
  "model": "coredata.person",
  "pk": 119
 },
 {
  "fields": {
   "config": "{}",
   "emplid": 200000401,
   "first_name": "Tvskxile",
   "last_name": "Student",
   "middle_name": "",
   "pref_first_name": "Tvsk",
   "title": null,
   "userid": "0nnn17"
  },
  "model": "coredata.person",
  "pk": 301
 },
 {
  "fields": {
   "config": "{}",
   "emplid": 200000422,
   "first_name": "Twrtgbba",
   "last_name": "Student",
   "middle_name": "",
   "pref_first_name": "Twrt",
   "title": null,
   "userid": "0ooo17"
  },
  "model": "coredata.person",
  "pk": 322
 },
 {
  "fields": {
   "config": "{}",
   "emplid": 200000505,
   "first_name": "Txfibjrn",
   "last_name": "Student",
   "middle_name": "",
   "pref_first_name": "Txfi",
   "title": null,
   "userid": "0sss16"
  },
  "model": "coredata.person",
  "pk": 405
 },
 {
  "fields": {
   "config": "{}",
   "emplid": 200000508,
   "first_name": "Txvlowds",
   "last_name": "Student",
   "middle_name": "",
   "pref_first_name": "Txvl",
   "title": null,
   "userid": "0sss19"
  },
  "model": "coredata.person",
  "pk": 408
 },
 {
  "fields": {
   "config": "{}",
   "emplid": 200000153,
   "first_name": "Tymaothu",
   "last_name": "Student",
   "middle_name": "",
   "pref_first_name": "Tyma",
   "title": null,
   "userid": "0ccc0"
  },
  "model": "coredata.person",
  "pk": 53
 },
 {
  "fields": {
   "config": "{}",
   "emplid": 200000478,
   "first_name": "Tyvazeks",
   "last_name": "Student",
   "middle_name": "",
   "pref_first_name": "Tyva",
   "title": null,
   "userid": "0rrr10"
  },
  "model": "coredata.person",
  "pk": 378
 },
 {
  "fields": {
   "config": "{}",
   "emplid": 200000233,
   "first_name": "Tyvgsufu",
   "last_name": "Student",
   "middle_name": "",
   "pref_first_name": "Tyvg",
   "title": null,
   "userid": "0fff17"
  },
  "model": "coredata.person",
  "pk": 133
 },
 {
  "fields": {
   "config": "{}",
   "emplid": 200000337,
   "first_name": "Tzrdbluw",
   "last_name": "Student",
   "middle_name": "",
   "pref_first_name": "Tzrd",
   "title": null,
   "userid": "0kkk16"
  },
  "model": "coredata.person",
  "pk": 237
 },
 {
  "fields": {
   "config": "{}",
   "emplid": 200000591,
   "first_name": "Uabhushl",
   "last_name": "Student",
   "middle_name": "",
   "pref_first_name": "Uabh",
   "title": null,
   "userid": "0www18"
  },
  "model": "coredata.person",
  "pk": 491
 },
 {
  "fields": {
   "config": "{}",
   "emplid": 200000379,
   "first_name": "Uavezbjg",
   "last_name": "Student",
   "middle_name": "",
   "pref_first_name": "Uave",
   "title": null,
   "userid": "0mmm16"
  },
  "model": "coredata.person",
  "pk": 279
 },
 {
  "fields": {
   "config": "{}",
   "emplid": 200000303,
   "first_name": "Udqzktpl",
   "last_name": "Student",
   "middle_name": "",
   "pref_first_name": "Udqz",
   "title": null,
   "userid": "0jjj3"
  },
  "model": "coredata.person",
  "pk": 203
 },
 {
  "fields": {
   "config": "{}",
   "emplid": 200000287,
   "first_name": "Udrcuhpa",
   "last_name": "Student",
   "middle_name": "",
   "pref_first_name": "Udrc",
   "title": null,
   "userid": "0iii8"
  },
  "model": "coredata.person",
  "pk": 187
 },
 {
  "fields": {
   "config": "{}",
   "emplid": 200000420,
   "first_name": "Uetbpxwt",
   "last_name": "Student",
   "middle_name": "",
   "pref_first_name": "Uetb",
   "title": null,
   "userid": "0ooo15"
  },
  "model": "coredata.person",
  "pk": 320
 },
 {
  "fields": {
   "config": "{}",
   "emplid": 200000387,
   "first_name": "Ugxzxhtd",
   "last_name": "Student",
   "middle_name": "",
   "pref_first_name": "Ugxz",
   "title": null,
   "userid": "0nnn3"
  },
  "model": "coredata.person",
  "pk": 287
 },
 {
  "fields": {
   "config": "{}",
   "emplid": 200000466,
   "first_name": "Uhwxtcij",
   "last_name": "Student",
   "middle_name": "",
   "pref_first_name": "Uhwx",
   "title": null,
   "userid": "0qqq19"
  },
  "model": "coredata.person",
  "pk": 366
 },
 {
  "fields": {
   "config": "{}",
   "emplid": 200000600,
   "first_name": "Uizmplth",
   "last_name": "Student",
   "middle_name": "",
   "pref_first_name": "Uizm",
   "title": null,
   "userid": "0xxx6"
  },
  "model": "coredata.person",
  "pk": 500
 },
 {
  "fields": {
   "config": "{}",
   "emplid": 200000385,
   "first_name": "Ujtzveqd",
   "last_name": "Student",
   "middle_name": "",
   "pref_first_name": "Ujtz",
   "title": null,
   "userid": "0nnn1"
  },
  "model": "coredata.person",
  "pk": 285
 },
 {
  "fields": {
   "config": "{}",
   "emplid": 200000521,
   "first_name": "Ulgokahn",
   "last_name": "Student",
   "middle_name": "",
   "pref_first_name": "Ulgo",
   "title": null,
   "userid": "0ttt11"
  },
  "model": "coredata.person",
  "pk": 421
 },
 {
  "fields": {
   "config": "{}",
   "emplid": 200000441,
   "first_name": "Unapfjwa",
   "last_name": "Student",
   "middle_name": "",
   "pref_first_name": "Unap",
   "title": null,
   "userid": "0ppp15"
  },
  "model": "coredata.person",
  "pk": 341
 },
 {
  "fields": {
   "config": "{}",
   "emplid": 200000176,
   "first_name": "Unoozuzk",
   "last_name": "Student",
   "middle_name": "",
   "pref_first_name": "Unoo",
   "title": null,
   "userid": "0ddd2"
  },
  "model": "coredata.person",
  "pk": 76
 },
 {
  "fields": {
   "config": "{}",
   "emplid": 200000180,
   "first_name": "Uoojcrji",
   "last_name": "Student",
   "middle_name": "",
   "pref_first_name": "Uooj",
   "title": null,
   "userid": "0ddd6"
  },
  "model": "coredata.person",
  "pk": 80
 },
 {
  "fields": {
   "config": "{}",
   "emplid": 200000381,
   "first_name": "Urjglsbd",
   "last_name": "Student",
   "middle_name": "",
   "pref_first_name": "Urjg",
   "title": null,
   "userid": "0mmm18"
  },
  "model": "coredata.person",
  "pk": 281
 },
 {
  "fields": {
   "config": "{}",
   "emplid": 200000232,
   "first_name": "Usqayonu",
   "last_name": "Student",
   "middle_name": "",
   "pref_first_name": "Usqa",
   "title": null,
   "userid": "0fff16"
  },
  "model": "coredata.person",
  "pk": 132
 },
 {
  "fields": {
   "config": "{}",
   "emplid": 200000297,
   "first_name": "Utcopbmo",
   "last_name": "Student",
   "middle_name": "",
   "pref_first_name": "Utco",
   "title": null,
   "userid": "0iii18"
  },
  "model": "coredata.person",
  "pk": 197
 },
 {
  "fields": {
   "config": "{}",
   "emplid": 200000624,
   "first_name": "Uujnekow",
   "last_name": "Student",
   "middle_name": "",
   "pref_first_name": "Uujn",
   "title": null,
   "userid": "0yyy9"
  },
  "model": "coredata.person",
  "pk": 524
 },
 {
  "fields": {
   "config": "{}",
   "emplid": 200000494,
   "first_name": "Uwzoymbo",
   "last_name": "Student",
   "middle_name": "",
   "pref_first_name": "Uwzo",
   "title": null,
   "userid": "0sss5"
  },
  "model": "coredata.person",
  "pk": 394
 },
 {
  "fields": {
   "config": "{}",
   "emplid": 200000151,
   "first_name": "Vavmndyr",
   "last_name": "Student",
   "middle_name": "",
   "pref_first_name": "Vavm",
   "title": null,
   "userid": "0bbb19"
  },
  "model": "coredata.person",
  "pk": 51
 },
 {
  "fields": {
   "config": "{}",
   "emplid": 200000612,
   "first_name": "Vdnkjapk",
   "last_name": "Student",
   "middle_name": "",
   "pref_first_name": "Vdnk",
   "title": null,
   "userid": "0xxx18"
  },
  "model": "coredata.person",
  "pk": 512
 },
 {
  "fields": {
   "config": "{}",
   "emplid": 200000308,
   "first_name": "Vecfgqpz",
   "last_name": "Student",
   "middle_name": "",
   "pref_first_name": "Vecf",
   "title": null,
   "userid": "0jjj8"
  },
  "model": "coredata.person",
  "pk": 208
 },
 {
  "fields": {
   "config": "{}",
   "emplid": 200000154,
   "first_name": "Veveladx",
   "last_name": "Student",
   "middle_name": "",
   "pref_first_name": "Veve",
   "title": null,
   "userid": "0ccc1"
  },
  "model": "coredata.person",
  "pk": 54
 },
 {
  "fields": {
   "config": "{}",
   "emplid": 200000222,
   "first_name": "Vjskngkc",
   "last_name": "Student",
   "middle_name": "",
   "pref_first_name": "Vjsk",
   "title": null,
   "userid": "0fff6"
  },
  "model": "coredata.person",
  "pk": 122
 },
 {
  "fields": {
   "config": "{}",
   "emplid": 200000557,
   "first_name": "Vkilqhhn",
   "last_name": "Student",
   "middle_name": "",
   "pref_first_name": "Vkil",
   "title": null,
   "userid": "0vvv5"
  },
  "model": "coredata.person",
  "pk": 457
 },
 {
  "fields": {
   "config": "{}",
   "emplid": 200000292,
   "first_name": "Vlftguhv",
   "last_name": "Student",
   "middle_name": "",
   "pref_first_name": "Vlft",
   "title": null,
   "userid": "0iii13"
  },
  "model": "coredata.person",
  "pk": 192
 },
 {
  "fields": {
   "config": "{}",
   "emplid": 200000356,
   "first_name": "Vnarepld",
   "last_name": "Student",
   "middle_name": "",
   "pref_first_name": "Vnar",
   "title": null,
   "userid": "0lll14"
  },
  "model": "coredata.person",
  "pk": 256
 },
 {
  "fields": {
   "config": "{}",
   "emplid": 200000189,
   "first_name": "Vnqfkbgr",
   "last_name": "Student",
   "middle_name": "",
   "pref_first_name": "Vnqf",
   "title": null,
   "userid": "0ddd15"
  },
  "model": "coredata.person",
  "pk": 89
 },
 {
  "fields": {
   "config": "{}",
   "emplid": 200000149,
   "first_name": "Vntjeuev",
   "last_name": "Student",
   "middle_name": "",
   "pref_first_name": "Vntj",
   "title": null,
   "userid": "0bbb17"
  },
  "model": "coredata.person",
  "pk": 49
 },
 {
  "fields": {
   "config": "{}",
   "emplid": 200000338,
   "first_name": "Vnvxeuwu",
   "last_name": "Student",
   "middle_name": "",
   "pref_first_name": "Vnvx",
   "title": null,
   "userid": "0kkk17"
  },
  "model": "coredata.person",
  "pk": 238
 },
 {
  "fields": {
   "config": "{}",
   "emplid": 200000343,
   "first_name": "Vofpwzpb",
   "last_name": "Student",
   "middle_name": "",
   "pref_first_name": "Vofp",
   "title": null,
   "userid": "0lll1"
  },
  "model": "coredata.person",
  "pk": 243
 },
 {
  "fields": {
   "config": "{}",
   "emplid": 200000563,
   "first_name": "Vorhjqtj",
   "last_name": "Student",
   "middle_name": "",
   "pref_first_name": "Vorh",
   "title": null,
   "userid": "0vvv11"
  },
  "model": "coredata.person",
  "pk": 463
 },
 {
  "fields": {
   "config": "{}",
   "emplid": 200000613,
   "first_name": "Vsoqjbzr",
   "last_name": "Student",
   "middle_name": "",
   "pref_first_name": "Vsoq",
   "title": null,
   "userid": "0xxx19"
  },
  "model": "coredata.person",
  "pk": 513
 },
 {
  "fields": {
   "config": "{}",
   "emplid": 200000167,
   "first_name": "Vtexpktb",
   "last_name": "Student",
   "middle_name": "",
   "pref_first_name": "Vtex",
   "title": null,
   "userid": "0ccc14"
  },
  "model": "coredata.person",
  "pk": 67
 },
 {
  "fields": {
   "config": "{}",
   "emplid": 200000459,
   "first_name": "Vtrdlntw",
   "last_name": "Student",
   "middle_name": "",
   "pref_first_name": "Vtrd",
   "title": null,
   "userid": "0qqq12"
  },
  "model": "coredata.person",
  "pk": 359
 },
 {
  "fields": {
   "config": "{}",
   "emplid": 200000503,
   "first_name": "Vtrysisk",
   "last_name": "Student",
   "middle_name": "",
   "pref_first_name": "Vtry",
   "title": null,
   "userid": "0sss14"
  },
  "model": "coredata.person",
  "pk": 403
 },
 {
  "fields": {
   "config": "{}",
   "emplid": 200000408,
   "first_name": "Vuuslsha",
   "last_name": "Student",
   "middle_name": "",
   "pref_first_name": "Vuus",
   "title": null,
   "userid": "0ooo3"
  },
  "model": "coredata.person",
  "pk": 308
 },
 {
  "fields": {
   "config": "{}",
   "emplid": 200000264,
   "first_name": "Vvncnnwv",
   "last_name": "Student",
   "middle_name": "",
   "pref_first_name": "Vvnc",
   "title": null,
   "userid": "0hhh6"
  },
  "model": "coredata.person",
  "pk": 164
 },
 {
  "fields": {
   "config": "{}",
   "emplid": 200000418,
   "first_name": "Vwfgzgfh",
   "last_name": "Student",
   "middle_name": "",
   "pref_first_name": "Vwfg",
   "title": null,
   "userid": "0ooo13"
  },
  "model": "coredata.person",
  "pk": 318
 },
 {
  "fields": {
   "config": "{}",
   "emplid": 200000318,
   "first_name": "Vwpzfjpx",
   "last_name": "Student",
   "middle_name": "",
   "pref_first_name": "Vwpz",
   "title": null,
   "userid": "0jjj18"
  },
  "model": "coredata.person",
  "pk": 218
 },
 {
  "fields": {
   "config": "{}",
   "emplid": 200000431,
   "first_name": "Waysapty",
   "last_name": "Student",
   "middle_name": "",
   "pref_first_name": "Ways",
   "title": null,
   "userid": "0ppp5"
  },
  "model": "coredata.person",
  "pk": 331
 },
 {
  "fields": {
   "config": "{}",
   "emplid": 200000350,
   "first_name": "Wgipemsf",
   "last_name": "Student",
   "middle_name": "",
   "pref_first_name": "Wgip",
   "title": null,
   "userid": "0lll8"
  },
  "model": "coredata.person",
  "pk": 250
 },
 {
  "fields": {
   "config": "{}",
   "emplid": 200000451,
   "first_name": "Wipaoeui",
   "last_name": "Student",
   "middle_name": "",
   "pref_first_name": "Wipa",
   "title": null,
   "userid": "0qqq4"
  },
  "model": "coredata.person",
  "pk": 351
 },
 {
  "fields": {
   "config": "{}",
   "emplid": 200000198,
   "first_name": "Wixcfcun",
   "last_name": "Student",
   "middle_name": "",
   "pref_first_name": "Wixc",
   "title": null,
   "userid": "0eee3"
  },
  "model": "coredata.person",
  "pk": 98
 },
 {
  "fields": {
   "config": "{}",
   "emplid": 200000269,
   "first_name": "Wkarswso",
   "last_name": "Student",
   "middle_name": "",
   "pref_first_name": "Wkar",
   "title": null,
   "userid": "0hhh11"
  },
  "model": "coredata.person",
  "pk": 169
 },
 {
  "fields": {
   "config": "{}",
   "emplid": 200000579,
   "first_name": "Wkrsvtrg",
   "last_name": "Student",
   "middle_name": "",
   "pref_first_name": "Wkrs",
   "title": null,
   "userid": "0www6"
  },
  "model": "coredata.person",
  "pk": 479
 },
 {
  "fields": {
   "config": "{}",
   "emplid": 200000486,
   "first_name": "Wlcuksup",
   "last_name": "Student",
   "middle_name": "",
   "pref_first_name": "Wlcu",
   "title": null,
   "userid": "0rrr18"
  },
  "model": "coredata.person",
  "pk": 386
 },
 {
  "fields": {
   "config": "{}",
   "emplid": 200000281,
   "first_name": "Wloahfji",
   "last_name": "Student",
   "middle_name": "",
   "pref_first_name": "Wloa",
   "title": null,
   "userid": "0iii2"
  },
  "model": "coredata.person",
  "pk": 181
 },
 {
  "fields": {
   "config": "{}",
   "emplid": 200000164,
   "first_name": "Wsmlekin",
   "last_name": "Student",
   "middle_name": "",
   "pref_first_name": "Wsml",
   "title": null,
   "userid": "0ccc11"
  },
  "model": "coredata.person",
  "pk": 64
 },
 {
  "fields": {
   "config": "{}",
   "emplid": 200000163,
   "first_name": "Wvgglqqi",
   "last_name": "Student",
   "middle_name": "",
   "pref_first_name": "Wvgg",
   "title": null,
   "userid": "0ccc10"
  },
  "model": "coredata.person",
  "pk": 63
 },
 {
  "fields": {
   "config": "{}",
   "emplid": 200000375,
   "first_name": "Wwvwcstt",
   "last_name": "Student",
   "middle_name": "",
   "pref_first_name": "Wwvw",
   "title": null,
   "userid": "0mmm12"
  },
  "model": "coredata.person",
  "pk": 275
 },
 {
  "fields": {
   "config": "{}",
   "emplid": 200000532,
   "first_name": "Wyjvgfvj",
   "last_name": "Student",
   "middle_name": "",
   "pref_first_name": "Wyjv",
   "title": null,
   "userid": "0uuu1"
  },
  "model": "coredata.person",
  "pk": 432
 },
 {
  "fields": {
   "config": "{}",
   "emplid": 200000454,
   "first_name": "Wzghfsvo",
   "last_name": "Student",
   "middle_name": "",
   "pref_first_name": "Wzgh",
   "title": null,
   "userid": "0qqq7"
  },
  "model": "coredata.person",
  "pk": 354
 },
 {
  "fields": {
   "config": "{}",
   "emplid": 200000165,
   "first_name": "Xblivtfi",
   "last_name": "Student",
   "middle_name": "",
   "pref_first_name": "Xbli",
   "title": null,
   "userid": "0ccc12"
  },
  "model": "coredata.person",
  "pk": 65
 },
 {
  "fields": {
   "config": "{}",
   "emplid": 200000358,
   "first_name": "Xblsabup",
   "last_name": "Student",
   "middle_name": "",
   "pref_first_name": "Xbls",
   "title": null,
   "userid": "0lll16"
  },
  "model": "coredata.person",
  "pk": 258
 },
 {
  "fields": {
   "config": "{}",
   "emplid": 200000162,
   "first_name": "Xboicohl",
   "last_name": "Student",
   "middle_name": "",
   "pref_first_name": "Xboi",
   "title": null,
   "userid": "0ccc9"
  },
  "model": "coredata.person",
  "pk": 62
 },
 {
  "fields": {
   "config": "{}",
   "emplid": 200000159,
   "first_name": "Xbybljqi",
   "last_name": "Student",
   "middle_name": "",
   "pref_first_name": "Xbyb",
   "title": null,
   "userid": "0ccc6"
  },
  "model": "coredata.person",
  "pk": 59
 },
 {
  "fields": {
   "config": "{}",
   "emplid": 200000604,
   "first_name": "Xcybgouz",
   "last_name": "Student",
   "middle_name": "",
   "pref_first_name": "Xcyb",
   "title": null,
   "userid": "0xxx10"
  },
  "model": "coredata.person",
  "pk": 504
 },
 {
  "fields": {
   "config": "{}",
   "emplid": 200000398,
   "first_name": "Xdzpakct",
   "last_name": "Student",
   "middle_name": "",
   "pref_first_name": "Xdzp",
   "title": null,
   "userid": "0nnn14"
  },
  "model": "coredata.person",
  "pk": 298
 },
 {
  "fields": {
   "config": "{}",
   "emplid": 200000126,
   "first_name": "Xgbgvhey",
   "last_name": "Student",
   "middle_name": "",
   "pref_first_name": "Xgbg",
   "title": null,
   "userid": "0aaa15"
  },
  "model": "coredata.person",
  "pk": 26
 },
 {
  "fields": {
   "config": "{}",
   "emplid": 200000370,
   "first_name": "Xhaieikd",
   "last_name": "Student",
   "middle_name": "",
   "pref_first_name": "Xhai",
   "title": null,
   "userid": "0mmm7"
  },
  "model": "coredata.person",
  "pk": 270
 },
 {
  "fields": {
   "config": "{}",
   "emplid": 200000181,
   "first_name": "Xjhoejgc",
   "last_name": "Student",
   "middle_name": "",
   "pref_first_name": "Xjho",
   "title": null,
   "userid": "0ddd7"
  },
  "model": "coredata.person",
  "pk": 81
 },
 {
  "fields": {
   "config": "{}",
   "emplid": 200000470,
   "first_name": "Xjobggno",
   "last_name": "Student",
   "middle_name": "",
   "pref_first_name": "Xjob",
   "title": null,
   "userid": "0rrr2"
  },
  "model": "coredata.person",
  "pk": 370
 },
 {
  "fields": {
   "config": "{}",
   "emplid": 200000366,
   "first_name": "Xmeuhnjw",
   "last_name": "Student",
   "middle_name": "",
   "pref_first_name": "Xmeu",
   "title": null,
   "userid": "0mmm3"
  },
  "model": "coredata.person",
  "pk": 266
 },
 {
  "fields": {
   "config": "{}",
   "emplid": 200000211,
   "first_name": "Xmiuarsx",
   "last_name": "Student",
   "middle_name": "",
   "pref_first_name": "Xmiu",
   "title": null,
   "userid": "0eee16"
  },
  "model": "coredata.person",
  "pk": 111
 },
 {
  "fields": {
   "config": "{}",
   "emplid": 200000331,
   "first_name": "Xpqihezp",
   "last_name": "Student",
   "middle_name": "",
   "pref_first_name": "Xpqi",
   "title": null,
   "userid": "0kkk10"
  },
  "model": "coredata.person",
  "pk": 231
 },
 {
  "fields": {
   "config": "{}",
   "emplid": 200000429,
   "first_name": "Xtkhnyzz",
   "last_name": "Student",
   "middle_name": "",
   "pref_first_name": "Xtkh",
   "title": null,
   "userid": "0ppp3"
  },
  "model": "coredata.person",
  "pk": 329
 },
 {
  "fields": {
   "config": "{}",
   "emplid": 200000546,
   "first_name": "Xulajfpb",
   "last_name": "Student",
   "middle_name": "",
   "pref_first_name": "Xula",
   "title": null,
   "userid": "0uuu15"
  },
  "model": "coredata.person",
  "pk": 446
 },
 {
  "fields": {
   "config": "{}",
   "emplid": 200000482,
   "first_name": "Xwckvqqr",
   "last_name": "Student",
   "middle_name": "",
   "pref_first_name": "Xwck",
   "title": null,
   "userid": "0rrr14"
  },
  "model": "coredata.person",
  "pk": 382
 },
 {
  "fields": {
   "config": "{}",
   "emplid": 200000227,
   "first_name": "Xwliekps",
   "last_name": "Student",
   "middle_name": "",
   "pref_first_name": "Xwli",
   "title": null,
   "userid": "0fff11"
  },
  "model": "coredata.person",
  "pk": 127
 },
 {
  "fields": {
   "config": "{}",
   "emplid": 200000225,
   "first_name": "Xxctqdul",
   "last_name": "Student",
   "middle_name": "",
   "pref_first_name": "Xxct",
   "title": null,
   "userid": "0fff9"
  },
  "model": "coredata.person",
  "pk": 125
 },
 {
  "fields": {
   "config": "{}",
   "emplid": 200000270,
   "first_name": "Xzdydtdz",
   "last_name": "Student",
   "middle_name": "",
   "pref_first_name": "Xzdy",
   "title": null,
   "userid": "0hhh12"
  },
  "model": "coredata.person",
  "pk": 170
 },
 {
  "fields": {
   "config": "{}",
   "emplid": 200000577,
   "first_name": "Xztmpsrw",
   "last_name": "Student",
   "middle_name": "",
   "pref_first_name": "Xztm",
   "title": null,
   "userid": "0www4"
  },
  "model": "coredata.person",
  "pk": 477
 },
 {
  "fields": {
   "config": "{}",
   "emplid": 200000519,
   "first_name": "Ybsazxfl",
   "last_name": "Student",
   "middle_name": "",
   "pref_first_name": "Ybsa",
   "title": null,
   "userid": "0ttt9"
  },
  "model": "coredata.person",
  "pk": 419
 },
 {
  "fields": {
   "config": "{}",
   "emplid": 200000267,
   "first_name": "Ybtmgfed",
   "last_name": "Student",
   "middle_name": "",
   "pref_first_name": "Ybtm",
   "title": null,
   "userid": "0hhh9"
  },
  "model": "coredata.person",
  "pk": 167
 },
 {
  "fields": {
   "config": "{}",
   "emplid": 200000396,
   "first_name": "Ycdldnrd",
   "last_name": "Student",
   "middle_name": "",
   "pref_first_name": "Ycdl",
   "title": null,
   "userid": "0nnn12"
  },
  "model": "coredata.person",
  "pk": 296
 },
 {
  "fields": {
   "config": "{}",
   "emplid": 200000598,
   "first_name": "Ydvzefsw",
   "last_name": "Student",
   "middle_name": "",
   "pref_first_name": "Ydvz",
   "title": null,
   "userid": "0xxx4"
  },
  "model": "coredata.person",
  "pk": 498
 },
 {
  "fields": {
   "config": "{}",
   "emplid": 200000411,
   "first_name": "Ygajmwbl",
   "last_name": "Student",
   "middle_name": "",
   "pref_first_name": "Ygaj",
   "title": null,
   "userid": "0ooo6"
  },
  "model": "coredata.person",
  "pk": 311
 },
 {
  "fields": {
   "config": "{}",
   "emplid": 200000562,
   "first_name": "Yhdgpuon",
   "last_name": "Student",
   "middle_name": "",
   "pref_first_name": "Yhdg",
   "title": null,
   "userid": "0vvv10"
  },
  "model": "coredata.person",
  "pk": 462
 },
 {
  "fields": {
   "config": "{}",
   "emplid": 200000229,
   "first_name": "Yiqsugxn",
   "last_name": "Student",
   "middle_name": "",
   "pref_first_name": "Yiqs",
   "title": null,
   "userid": "0fff13"
  },
  "model": "coredata.person",
  "pk": 129
 },
 {
  "fields": {
   "config": "{}",
   "emplid": 200000191,
   "first_name": "Yjabppte",
   "last_name": "Student",
   "middle_name": "",
   "pref_first_name": "Yjab",
   "title": null,
   "userid": "0ddd17"
  },
  "model": "coredata.person",
  "pk": 91
 },
 {
  "fields": {
   "config": "{}",
   "emplid": 200000435,
   "first_name": "Ykheygfl",
   "last_name": "Student",
   "middle_name": "",
   "pref_first_name": "Ykhe",
   "title": null,
   "userid": "0ppp9"
  },
  "model": "coredata.person",
  "pk": 335
 },
 {
  "fields": {
   "config": "{}",
   "emplid": 200000606,
   "first_name": "Yknwdbmo",
   "last_name": "Student",
   "middle_name": "",
   "pref_first_name": "Yknw",
   "title": null,
   "userid": "0xxx12"
  },
  "model": "coredata.person",
  "pk": 506
 },
 {
  "fields": {
   "config": "{}",
   "emplid": 200000638,
   "first_name": "Ymoxmsou",
   "last_name": "Student",
   "middle_name": "",
   "pref_first_name": "Ymox",
   "title": null,
   "userid": "0zzz2"
  },
  "model": "coredata.person",
  "pk": 538
 },
 {
  "fields": {
   "config": "{}",
   "emplid": 200000250,
   "first_name": "Ymungrip",
   "last_name": "Student",
   "middle_name": "",
   "pref_first_name": "Ymun",
   "title": null,
   "userid": "0ggg13"
  },
  "model": "coredata.person",
  "pk": 150
 },
 {
  "fields": {
   "config": "{}",
   "emplid": 200000340,
   "first_name": "Ynflcmhq",
   "last_name": "Student",
   "middle_name": "",
   "pref_first_name": "Ynfl",
   "title": null,
   "userid": "0kkk19"
  },
  "model": "coredata.person",
  "pk": 240
 },
 {
  "fields": {
   "config": "{}",
   "emplid": 200000589,
   "first_name": "Ynfoirit",
   "last_name": "Student",
   "middle_name": "",
   "pref_first_name": "Ynfo",
   "title": null,
   "userid": "0www16"
  },
  "model": "coredata.person",
  "pk": 489
 },
 {
  "fields": {
   "config": "{}",
   "emplid": 200000240,
   "first_name": "Yosmbwqq",
   "last_name": "Student",
   "middle_name": "",
   "pref_first_name": "Yosm",
   "title": null,
   "userid": "0ggg3"
  },
  "model": "coredata.person",
  "pk": 140
 },
 {
  "fields": {
   "config": "{}",
   "emplid": 200000188,
   "first_name": "Yqyyropm",
   "last_name": "Student",
   "middle_name": "",
   "pref_first_name": "Yqyy",
   "title": null,
   "userid": "0ddd14"
  },
  "model": "coredata.person",
  "pk": 88
 },
 {
  "fields": {
   "config": "{}",
   "emplid": 200000630,
   "first_name": "Yrjzncxu",
   "last_name": "Student",
   "middle_name": "",
   "pref_first_name": "Yrjz",
   "title": null,
   "userid": "0yyy15"
  },
  "model": "coredata.person",
  "pk": 530
 },
 {
  "fields": {
   "config": "{}",
   "emplid": 200000380,
   "first_name": "Ysaccfhd",
   "last_name": "Student",
   "middle_name": "",
   "pref_first_name": "Ysac",
   "title": null,
   "userid": "0mmm17"
  },
  "model": "coredata.person",
  "pk": 280
 },
 {
  "fields": {
   "config": "{}",
   "emplid": 200000461,
   "first_name": "Ytgudhsm",
   "last_name": "Student",
   "middle_name": "",
   "pref_first_name": "Ytgu",
   "title": null,
   "userid": "0qqq14"
  },
  "model": "coredata.person",
  "pk": 361
 },
 {
  "fields": {
   "config": "{}",
   "emplid": 200000496,
   "first_name": "Ytshruct",
   "last_name": "Student",
   "middle_name": "",
   "pref_first_name": "Ytsh",
   "title": null,
   "userid": "0sss7"
  },
  "model": "coredata.person",
  "pk": 396
 },
 {
  "fields": {
   "config": "{}",
   "emplid": 200000274,
   "first_name": "Ytwvrbxp",
   "last_name": "Student",
   "middle_name": "",
   "pref_first_name": "Ytwv",
   "title": null,
   "userid": "0hhh16"
  },
  "model": "coredata.person",
  "pk": 174
 },
 {
  "fields": {
   "config": "{}",
   "emplid": 200000424,
   "first_name": "Yylcsrrd",
   "last_name": "Student",
   "middle_name": "",
   "pref_first_name": "Yylc",
   "title": null,
   "userid": "0ooo19"
  },
  "model": "coredata.person",
  "pk": 324
 },
 {
  "fields": {
   "config": "{}",
   "emplid": 200000390,
   "first_name": "Yzlwiqpp",
   "last_name": "Student",
   "middle_name": "",
   "pref_first_name": "Yzlw",
   "title": null,
   "userid": "0nnn6"
  },
  "model": "coredata.person",
  "pk": 290
 },
 {
  "fields": {
   "config": "{}",
   "emplid": 200000145,
   "first_name": "Zbujmnvw",
   "last_name": "Student",
   "middle_name": "",
   "pref_first_name": "Zbuj",
   "title": null,
   "userid": "0bbb13"
  },
  "model": "coredata.person",
  "pk": 45
 },
 {
  "fields": {
   "config": "{}",
   "emplid": 200000450,
   "first_name": "Zcdgvaae",
   "last_name": "Student",
   "middle_name": "",
   "pref_first_name": "Zcdg",
   "title": null,
   "userid": "0qqq3"
  },
  "model": "coredata.person",
  "pk": 350
 },
 {
  "fields": {
   "config": "{}",
   "emplid": 200000566,
   "first_name": "Zebtqlgb",
   "last_name": "Student",
   "middle_name": "",
   "pref_first_name": "Zebt",
   "title": null,
   "userid": "0vvv14"
  },
  "model": "coredata.person",
  "pk": 466
 },
 {
  "fields": {
   "config": "{}",
   "emplid": 200000118,
   "first_name": "Zgguesuo",
   "last_name": "Student",
   "middle_name": "",
   "pref_first_name": "Zggu",
   "title": null,
   "userid": "0aaa7"
  },
  "model": "coredata.person",
  "pk": 18
 },
 {
  "fields": {
   "config": "{}",
   "emplid": 200000458,
   "first_name": "Zhfywrep",
   "last_name": "Student",
   "middle_name": "",
   "pref_first_name": "Zhfy",
   "title": null,
   "userid": "0qqq11"
  },
  "model": "coredata.person",
  "pk": 358
 },
 {
  "fields": {
   "config": "{}",
   "emplid": 200000137,
   "first_name": "Zhvcetgx",
   "last_name": "Student",
   "middle_name": "",
   "pref_first_name": "Zhvc",
   "title": null,
   "userid": "0bbb5"
  },
  "model": "coredata.person",
  "pk": 37
 },
 {
  "fields": {
   "config": "{}",
   "emplid": 200000378,
   "first_name": "Ziyiggui",
   "last_name": "Student",
   "middle_name": "",
   "pref_first_name": "Ziyi",
   "title": null,
   "userid": "0mmm15"
  },
  "model": "coredata.person",
  "pk": 278
 },
 {
  "fields": {
   "config": "{}",
   "emplid": 200000499,
   "first_name": "Zkidpvqw",
   "last_name": "Student",
   "middle_name": "",
   "pref_first_name": "Zkid",
   "title": null,
   "userid": "0sss10"
  },
  "model": "coredata.person",
  "pk": 399
 },
 {
  "fields": {
   "config": "{}",
   "emplid": 200000452,
   "first_name": "Zltvhkpw",
   "last_name": "Student",
   "middle_name": "",
   "pref_first_name": "Zltv",
   "title": null,
   "userid": "0qqq5"
  },
  "model": "coredata.person",
  "pk": 352
 },
 {
  "fields": {
   "config": "{}",
   "emplid": 200000633,
   "first_name": "Zoblusbk",
   "last_name": "Student",
   "middle_name": "",
   "pref_first_name": "Zobl",
   "title": null,
   "userid": "0yyy18"
  },
  "model": "coredata.person",
  "pk": 533
 },
 {
  "fields": {
   "config": "{}",
   "emplid": 200000570,
   "first_name": "Zoocpjnq",
   "last_name": "Student",
   "middle_name": "",
   "pref_first_name": "Zooc",
   "title": null,
   "userid": "0vvv18"
  },
  "model": "coredata.person",
  "pk": 470
 },
 {
  "fields": {
   "config": "{}",
   "emplid": 200000545,
   "first_name": "Zpfdcxyt",
   "last_name": "Student",
   "middle_name": "",
   "pref_first_name": "Zpfd",
   "title": null,
   "userid": "0uuu14"
  },
  "model": "coredata.person",
  "pk": 445
 },
 {
  "fields": {
   "config": "{}",
   "emplid": 200000410,
   "first_name": "Zplyjwtn",
   "last_name": "Student",
   "middle_name": "",
   "pref_first_name": "Zply",
   "title": null,
   "userid": "0ooo5"
  },
  "model": "coredata.person",
  "pk": 310
 },
 {
  "fields": {
   "config": "{}",
   "emplid": 200000647,
   "first_name": "Zqggnydm",
   "last_name": "Student",
   "middle_name": "",
   "pref_first_name": "Zqgg",
   "title": null,
   "userid": "0zzz11"
  },
  "model": "coredata.person",
  "pk": 547
 },
 {
  "fields": {
   "config": "{}",
   "emplid": 200000262,
   "first_name": "Zqibqtcg",
   "last_name": "Student",
   "middle_name": "",
   "pref_first_name": "Zqib",
   "title": null,
   "userid": "0hhh4"
  },
  "model": "coredata.person",
  "pk": 162
 },
 {
  "fields": {
   "config": "{}",
   "emplid": 200000195,
   "first_name": "Zqkmrffd",
   "last_name": "Student",
   "middle_name": "",
   "pref_first_name": "Zqkm",
   "title": null,
   "userid": "0eee0"
  },
  "model": "coredata.person",
  "pk": 95
 },
 {
  "fields": {
   "config": "{}",
   "emplid": 200000623,
   "first_name": "Zqtntzpv",
   "last_name": "Student",
   "middle_name": "",
   "pref_first_name": "Zqtn",
   "title": null,
   "userid": "0yyy8"
  },
  "model": "coredata.person",
  "pk": 523
 },
 {
  "fields": {
   "config": "{}",
   "emplid": 200000314,
   "first_name": "Zsgxedpg",
   "last_name": "Student",
   "middle_name": "",
   "pref_first_name": "Zsgx",
   "title": null,
   "userid": "0jjj14"
  },
  "model": "coredata.person",
  "pk": 214
 },
 {
  "fields": {
   "config": "{}",
   "emplid": 200000597,
   "first_name": "Ztdejtuz",
   "last_name": "Student",
   "middle_name": "",
   "pref_first_name": "Ztde",
   "title": null,
   "userid": "0xxx3"
  },
  "model": "coredata.person",
  "pk": 497
 },
 {
  "fields": {
   "config": "{}",
   "emplid": 200000377,
   "first_name": "Zuukvaek",
   "last_name": "Student",
   "middle_name": "",
   "pref_first_name": "Zuuk",
   "title": null,
   "userid": "0mmm14"
  },
  "model": "coredata.person",
  "pk": 277
 },
 {
  "fields": {
   "config": "{}",
   "emplid": 200000352,
   "first_name": "Zvfxqnws",
   "last_name": "Student",
   "middle_name": "",
   "pref_first_name": "Zvfx",
   "title": null,
   "userid": "0lll10"
  },
  "model": "coredata.person",
  "pk": 252
 },
 {
  "fields": {
   "config": "{}",
   "emplid": 200000179,
   "first_name": "Zwaiolrb",
   "last_name": "Student",
   "middle_name": "",
   "pref_first_name": "Zwai",
   "title": null,
   "userid": "0ddd5"
  },
  "model": "coredata.person",
  "pk": 79
 },
 {
  "fields": {
   "config": "{}",
   "emplid": 200000507,
   "first_name": "Zwcrccub",
   "last_name": "Student",
   "middle_name": "",
   "pref_first_name": "Zwcr",
   "title": null,
   "userid": "0sss18"
  },
  "model": "coredata.person",
  "pk": 407
 },
 {
  "fields": {
   "config": "{}",
   "emplid": 200000311,
   "first_name": "Zwhlhvwa",
   "last_name": "Student",
   "middle_name": "",
   "pref_first_name": "Zwhl",
   "title": null,
   "userid": "0jjj11"
  },
  "model": "coredata.person",
  "pk": 211
 },
 {
  "fields": {
   "config": "{}",
   "emplid": 200000455,
   "first_name": "Zxjleucx",
   "last_name": "Student",
   "middle_name": "",
   "pref_first_name": "Zxjl",
   "title": null,
   "userid": "0qqq8"
  },
  "model": "coredata.person",
  "pk": 355
 },
 {
  "fields": {
   "config": "{}",
   "emplid": 200000120,
   "first_name": "Zzgcbkgz",
   "last_name": "Student",
   "middle_name": "",
   "pref_first_name": "Zzgc",
   "title": null,
   "userid": "0aaa9"
  },
  "model": "coredata.person",
  "pk": 20
 },
 {
  "fields": {
   "config": "{}",
   "emplid": 200000109,
   "first_name": "Marek",
   "last_name": "Syrzycki",
   "middle_name": "",
   "pref_first_name": "Marek",
   "title": "Prof",
   "userid": "syrzycki"
  },
  "model": "coredata.person",
  "pk": 2
 },
 {
  "fields": {
   "config": "{}",
   "emplid": 200000110,
   "first_name": "Evgenia",
   "last_name": "Ternovska",
   "middle_name": "",
   "pref_first_name": "Evgenia",
   "title": "Ms",
   "userid": "ter"
  },
  "model": "coredata.person",
  "pk": 10
 },
 {
  "fields": {
   "config": "{}",
   "emplid": 200000659,
   "first_name": "Danyu",
   "last_name": "Zhao",
   "middle_name": null,
   "pref_first_name": "Danyu",
   "title": null,
   "userid": "dzhao"
  },
  "model": "coredata.person",
  "pk": 559
 },
 {
  "fields": {
   "added_reason": "AUTO",
   "career": "NONS",
   "config": "{}",
   "credits": 0,
   "labtut_section": null,
   "offering": 1,
   "official_grade": null,
   "person": 157,
   "role": "TA"
  },
  "model": "coredata.member",
  "pk": 36
 },
 {
  "fields": {
   "added_reason": "AUTO",
   "career": "NONS",
   "config": "{}",
   "credits": 0,
   "labtut_section": null,
   "offering": 1,
   "official_grade": null,
   "person": 1,
   "role": "INST"
  },
  "model": "coredata.member",
  "pk": 1
 },
 {
  "fields": {
   "added_reason": "AUTO",
   "career": "UGRD",
   "config": "{}",
   "credits": 3,
   "labtut_section": null,
   "offering": 1,
   "official_grade": null,
   "person": 142,
   "role": "STUD"
  },
  "model": "coredata.member",
  "pk": 21
 },
 {
  "fields": {
   "added_reason": "AUTO",
   "career": "UGRD",
   "config": "{}",
   "credits": 3,
   "labtut_section": null,
   "offering": 1,
   "official_grade": null,
   "person": 156,
   "role": "STUD"
  },
  "model": "coredata.member",
  "pk": 35
 },
 {
  "fields": {
   "added_reason": "AUTO",
   "career": "UGRD",
   "config": "{}",
   "credits": 3,
   "labtut_section": null,
   "offering": 1,
   "official_grade": null,
   "person": 147,
   "role": "STUD"
  },
  "model": "coredata.member",
  "pk": 26
 },
 {
  "fields": {
   "added_reason": "AUTO",
   "career": "UGRD",
   "config": "{}",
   "credits": 3,
   "labtut_section": null,
   "offering": 1,
   "official_grade": null,
   "person": 138,
   "role": "STUD"
  },
  "model": "coredata.member",
  "pk": 17
 },
 {
  "fields": {
   "added_reason": "AUTO",
   "career": "UGRD",
   "config": "{}",
   "credits": 3,
   "labtut_section": null,
   "offering": 1,
   "official_grade": null,
   "person": 143,
   "role": "STUD"
  },
  "model": "coredata.member",
  "pk": 22
 },
 {
  "fields": {
   "added_reason": "AUTO",
   "career": "UGRD",
   "config": "{}",
   "credits": 3,
   "labtut_section": null,
   "offering": 1,
   "official_grade": null,
   "person": 139,
   "role": "STUD"
  },
  "model": "coredata.member",
  "pk": 18
 },
 {
  "fields": {
   "added_reason": "AUTO",
   "career": "UGRD",
   "config": "{}",
   "credits": 3,
   "labtut_section": null,
   "offering": 1,
   "official_grade": null,
   "person": 141,
   "role": "STUD"
  },
  "model": "coredata.member",
  "pk": 20
 },
 {
  "fields": {
   "added_reason": "AUTO",
   "career": "UGRD",
   "config": "{}",
   "credits": 3,
   "labtut_section": null,
   "offering": 1,
   "official_grade": null,
   "person": 144,
   "role": "STUD"
  },
  "model": "coredata.member",
  "pk": 23
 },
 {
  "fields": {
   "added_reason": "AUTO",
   "career": "UGRD",
   "config": "{}",
   "credits": 3,
   "labtut_section": null,
   "offering": 1,
   "official_grade": null,
   "person": 153,
   "role": "STUD"
  },
  "model": "coredata.member",
  "pk": 32
 },
 {
  "fields": {
   "added_reason": "AUTO",
   "career": "UGRD",
   "config": "{}",
   "credits": 3,
   "labtut_section": null,
   "offering": 1,
   "official_grade": null,
   "person": 146,
   "role": "STUD"
  },
  "model": "coredata.member",
  "pk": 25
 },
 {
  "fields": {
   "added_reason": "AUTO",
   "career": "UGRD",
   "config": "{}",
   "credits": 3,
   "labtut_section": null,
   "offering": 1,
   "official_grade": null,
   "person": 155,
   "role": "STUD"
  },
  "model": "coredata.member",
  "pk": 34
 },
 {
  "fields": {
   "added_reason": "AUTO",
   "career": "UGRD",
   "config": "{}",
   "credits": 3,
   "labtut_section": null,
   "offering": 1,
   "official_grade": null,
   "person": 148,
   "role": "STUD"
  },
  "model": "coredata.member",
  "pk": 27
 },
 {
  "fields": {
   "added_reason": "AUTO",
   "career": "UGRD",
   "config": "{}",
   "credits": 3,
   "labtut_section": null,
   "offering": 1,
   "official_grade": null,
   "person": 137,
   "role": "STUD"
  },
  "model": "coredata.member",
  "pk": 16
 },
 {
  "fields": {
   "added_reason": "AUTO",
   "career": "UGRD",
   "config": "{}",
   "credits": 3,
   "labtut_section": null,
   "offering": 1,
   "official_grade": null,
   "person": 151,
   "role": "STUD"
  },
  "model": "coredata.member",
  "pk": 30
 },
 {
  "fields": {
   "added_reason": "AUTO",
   "career": "UGRD",
   "config": "{}",
   "credits": 3,
   "labtut_section": null,
   "offering": 1,
   "official_grade": null,
   "person": 154,
   "role": "STUD"
  },
  "model": "coredata.member",
  "pk": 33
 },
 {
  "fields": {
   "added_reason": "AUTO",
   "career": "UGRD",
   "config": "{}",
   "credits": 3,
   "labtut_section": null,
   "offering": 1,
   "official_grade": null,
   "person": 149,
   "role": "STUD"
  },
  "model": "coredata.member",
  "pk": 28
 },
 {
  "fields": {
   "added_reason": "AUTO",
   "career": "UGRD",
   "config": "{}",
   "credits": 3,
   "labtut_section": null,
   "offering": 1,
   "official_grade": null,
   "person": 145,
   "role": "STUD"
  },
  "model": "coredata.member",
  "pk": 24
 },
 {
  "fields": {
   "added_reason": "AUTO",
   "career": "UGRD",
   "config": "{}",
   "credits": 3,
   "labtut_section": null,
   "offering": 1,
   "official_grade": null,
   "person": 152,
   "role": "STUD"
  },
  "model": "coredata.member",
  "pk": 31
 },
 {
  "fields": {
   "added_reason": "AUTO",
   "career": "UGRD",
   "config": "{}",
   "credits": 3,
   "labtut_section": null,
   "offering": 1,
   "official_grade": null,
   "person": 150,
   "role": "STUD"
  },
  "model": "coredata.member",
  "pk": 29
 },
 {
  "fields": {
   "added_reason": "AUTO",
   "career": "UGRD",
   "config": "{}",
   "credits": 3,
   "labtut_section": null,
   "offering": 1,
   "official_grade": null,
   "person": 140,
   "role": "STUD"
  },
  "model": "coredata.member",
  "pk": 19
 },
 {
  "fields": {
   "added_reason": "AUTO",
   "career": "NONS",
   "config": "{}",
   "credits": 0,
   "labtut_section": null,
   "offering": 4,
   "official_grade": null,
   "person": 325,
   "role": "TA"
  },
  "model": "coredata.member",
  "pk": 57
 },
 {
  "fields": {
   "added_reason": "AUTO",
   "career": "UGRD",
   "config": "{}",
   "credits": 3,
   "labtut_section": null,
   "offering": 4,
   "official_grade": null,
   "person": 309,
   "role": "STUD"
  },
  "model": "coredata.member",
  "pk": 41
 },
 {
  "fields": {
   "added_reason": "AUTO",
   "career": "UGRD",
   "config": "{}",
   "credits": 3,
   "labtut_section": null,
   "offering": 4,
   "official_grade": null,
   "person": 306,
   "role": "STUD"
  },
  "model": "coredata.member",
  "pk": 38
 },
 {
  "fields": {
   "added_reason": "AUTO",
   "career": "UGRD",
   "config": "{}",
   "credits": 3,
   "labtut_section": null,
   "offering": 4,
   "official_grade": null,
   "person": 313,
   "role": "STUD"
  },
  "model": "coredata.member",
  "pk": 45
 },
 {
  "fields": {
   "added_reason": "AUTO",
   "career": "UGRD",
   "config": "{}",
   "credits": 3,
   "labtut_section": null,
   "offering": 4,
   "official_grade": null,
   "person": 305,
   "role": "STUD"
  },
  "model": "coredata.member",
  "pk": 37
 },
 {
  "fields": {
   "added_reason": "AUTO",
   "career": "UGRD",
   "config": "{}",
   "credits": 3,
   "labtut_section": null,
   "offering": 4,
   "official_grade": null,
   "person": 321,
   "role": "STUD"
  },
  "model": "coredata.member",
  "pk": 53
 },
 {
  "fields": {
   "added_reason": "AUTO",
   "career": "UGRD",
   "config": "{}",
   "credits": 3,
   "labtut_section": null,
   "offering": 4,
   "official_grade": null,
   "person": 307,
   "role": "STUD"
  },
  "model": "coredata.member",
  "pk": 39
 },
 {
  "fields": {
   "added_reason": "AUTO",
   "career": "UGRD",
   "config": "{}",
   "credits": 3,
   "labtut_section": null,
   "offering": 4,
   "official_grade": null,
   "person": 312,
   "role": "STUD"
  },
  "model": "coredata.member",
  "pk": 44
 },
 {
  "fields": {
   "added_reason": "AUTO",
   "career": "UGRD",
   "config": "{}",
   "credits": 3,
   "labtut_section": null,
   "offering": 4,
   "official_grade": null,
   "person": 316,
   "role": "STUD"
  },
  "model": "coredata.member",
  "pk": 48
 },
 {
  "fields": {
   "added_reason": "AUTO",
   "career": "UGRD",
   "config": "{}",
   "credits": 3,
   "labtut_section": null,
   "offering": 4,
   "official_grade": null,
   "person": 319,
   "role": "STUD"
  },
  "model": "coredata.member",
  "pk": 51
 },
 {
  "fields": {
   "added_reason": "AUTO",
   "career": "UGRD",
   "config": "{}",
   "credits": 3,
   "labtut_section": null,
   "offering": 4,
   "official_grade": null,
   "person": 315,
   "role": "STUD"
  },
  "model": "coredata.member",
  "pk": 47
 },
 {
  "fields": {
   "added_reason": "AUTO",
   "career": "UGRD",
   "config": "{}",
   "credits": 3,
   "labtut_section": null,
   "offering": 4,
   "official_grade": null,
   "person": 314,
   "role": "STUD"
  },
  "model": "coredata.member",
  "pk": 46
 },
 {
  "fields": {
   "added_reason": "AUTO",
   "career": "UGRD",
   "config": "{}",
   "credits": 3,
   "labtut_section": null,
   "offering": 4,
   "official_grade": null,
   "person": 317,
   "role": "STUD"
  },
  "model": "coredata.member",
  "pk": 49
 },
 {
  "fields": {
   "added_reason": "AUTO",
   "career": "UGRD",
   "config": "{}",
   "credits": 3,
   "labtut_section": null,
   "offering": 4,
   "official_grade": null,
   "person": 323,
   "role": "STUD"
  },
  "model": "coredata.member",
  "pk": 55
 },
 {
  "fields": {
   "added_reason": "AUTO",
   "career": "UGRD",
   "config": "{}",
   "credits": 3,
   "labtut_section": null,
   "offering": 4,
   "official_grade": null,
   "person": 322,
   "role": "STUD"
  },
  "model": "coredata.member",
  "pk": 54
 },
 {
  "fields": {
   "added_reason": "AUTO",
   "career": "UGRD",
   "config": "{}",
   "credits": 3,
   "labtut_section": null,
   "offering": 4,
   "official_grade": null,
   "person": 320,
   "role": "STUD"
  },
  "model": "coredata.member",
  "pk": 52
 },
 {
  "fields": {
   "added_reason": "AUTO",
   "career": "UGRD",
   "config": "{}",
   "credits": 3,
   "labtut_section": null,
   "offering": 4,
   "official_grade": null,
   "person": 308,
   "role": "STUD"
  },
  "model": "coredata.member",
  "pk": 40
 },
 {
  "fields": {
   "added_reason": "AUTO",
   "career": "UGRD",
   "config": "{}",
   "credits": 3,
   "labtut_section": null,
   "offering": 4,
   "official_grade": null,
   "person": 318,
   "role": "STUD"
  },
  "model": "coredata.member",
  "pk": 50
 },
 {
  "fields": {
   "added_reason": "AUTO",
   "career": "UGRD",
   "config": "{}",
   "credits": 3,
   "labtut_section": null,
   "offering": 4,
   "official_grade": null,
   "person": 311,
   "role": "STUD"
  },
  "model": "coredata.member",
  "pk": 43
 },
 {
  "fields": {
   "added_reason": "AUTO",
   "career": "UGRD",
   "config": "{}",
   "credits": 3,
   "labtut_section": null,
   "offering": 4,
   "official_grade": null,
   "person": 324,
   "role": "STUD"
  },
  "model": "coredata.member",
  "pk": 56
 },
 {
  "fields": {
   "added_reason": "AUTO",
   "career": "UGRD",
   "config": "{}",
   "credits": 3,
   "labtut_section": null,
   "offering": 4,
   "official_grade": null,
   "person": 310,
   "role": "STUD"
  },
  "model": "coredata.member",
  "pk": 42
 },
 {
  "fields": {
   "added_reason": "AUTO",
   "career": "NONS",
   "config": "{}",
   "credits": 0,
   "labtut_section": null,
   "offering": 5,
   "official_grade": null,
   "person": 367,
   "role": "TA"
  },
  "model": "coredata.member",
  "pk": 78
 },
 {
  "fields": {
   "added_reason": "AUTO",
   "career": "UGRD",
   "config": "{}",
   "credits": 3,
   "labtut_section": null,
   "offering": 5,
   "official_grade": null,
   "person": 349,
   "role": "STUD"
  },
  "model": "coredata.member",
  "pk": 60
 },
 {
  "fields": {
   "added_reason": "AUTO",
   "career": "UGRD",
   "config": "{}",
   "credits": 3,
   "labtut_section": null,
   "offering": 5,
   "official_grade": null,
   "person": 360,
   "role": "STUD"
  },
  "model": "coredata.member",
  "pk": 71
 },
 {
  "fields": {
   "added_reason": "AUTO",
   "career": "UGRD",
   "config": "{}",
   "credits": 3,
   "labtut_section": null,
   "offering": 5,
   "official_grade": null,
   "person": 347,
   "role": "STUD"
  },
  "model": "coredata.member",
  "pk": 58
 },
 {
  "fields": {
   "added_reason": "AUTO",
   "career": "UGRD",
   "config": "{}",
   "credits": 3,
   "labtut_section": null,
   "offering": 5,
   "official_grade": null,
   "person": 357,
   "role": "STUD"
  },
  "model": "coredata.member",
  "pk": 68
 },
 {
  "fields": {
   "added_reason": "AUTO",
   "career": "UGRD",
   "config": "{}",
   "credits": 3,
   "labtut_section": null,
   "offering": 5,
   "official_grade": null,
   "person": 364,
   "role": "STUD"
  },
  "model": "coredata.member",
  "pk": 75
 },
 {
  "fields": {
   "added_reason": "AUTO",
   "career": "UGRD",
   "config": "{}",
   "credits": 3,
   "labtut_section": null,
   "offering": 5,
   "official_grade": null,
   "person": 365,
   "role": "STUD"
  },
  "model": "coredata.member",
  "pk": 76
 },
 {
  "fields": {
   "added_reason": "AUTO",
   "career": "UGRD",
   "config": "{}",
   "credits": 3,
   "labtut_section": null,
   "offering": 5,
   "official_grade": null,
   "person": 363,
   "role": "STUD"
  },
  "model": "coredata.member",
  "pk": 74
 },
 {
  "fields": {
   "added_reason": "AUTO",
   "career": "UGRD",
   "config": "{}",
   "credits": 3,
   "labtut_section": null,
   "offering": 5,
   "official_grade": null,
   "person": 353,
   "role": "STUD"
  },
  "model": "coredata.member",
  "pk": 64
 },
 {
  "fields": {
   "added_reason": "AUTO",
   "career": "UGRD",
   "config": "{}",
   "credits": 3,
   "labtut_section": null,
   "offering": 5,
   "official_grade": null,
   "person": 356,
   "role": "STUD"
  },
  "model": "coredata.member",
  "pk": 67
 },
 {
  "fields": {
   "added_reason": "AUTO",
   "career": "UGRD",
   "config": "{}",
   "credits": 3,
   "labtut_section": null,
   "offering": 5,
   "official_grade": null,
   "person": 362,
   "role": "STUD"
  },
  "model": "coredata.member",
  "pk": 73
 },
 {
  "fields": {
   "added_reason": "AUTO",
   "career": "UGRD",
   "config": "{}",
   "credits": 3,
   "labtut_section": null,
   "offering": 5,
   "official_grade": null,
   "person": 348,
   "role": "STUD"
  },
  "model": "coredata.member",
  "pk": 59
 },
 {
  "fields": {
   "added_reason": "AUTO",
   "career": "UGRD",
   "config": "{}",
   "credits": 3,
   "labtut_section": null,
   "offering": 5,
   "official_grade": null,
   "person": 366,
   "role": "STUD"
  },
  "model": "coredata.member",
  "pk": 77
 },
 {
  "fields": {
   "added_reason": "AUTO",
   "career": "UGRD",
   "config": "{}",
   "credits": 3,
   "labtut_section": null,
   "offering": 5,
   "official_grade": null,
   "person": 359,
   "role": "STUD"
  },
  "model": "coredata.member",
  "pk": 70
 },
 {
  "fields": {
   "added_reason": "AUTO",
   "career": "UGRD",
   "config": "{}",
   "credits": 3,
   "labtut_section": null,
   "offering": 5,
   "official_grade": null,
   "person": 351,
   "role": "STUD"
  },
  "model": "coredata.member",
  "pk": 62
 },
 {
  "fields": {
   "added_reason": "AUTO",
   "career": "UGRD",
   "config": "{}",
   "credits": 3,
   "labtut_section": null,
   "offering": 5,
   "official_grade": null,
   "person": 354,
   "role": "STUD"
  },
  "model": "coredata.member",
  "pk": 65
 },
 {
  "fields": {
   "added_reason": "AUTO",
   "career": "UGRD",
   "config": "{}",
   "credits": 3,
   "labtut_section": null,
   "offering": 5,
   "official_grade": null,
   "person": 361,
   "role": "STUD"
  },
  "model": "coredata.member",
  "pk": 72
 },
 {
  "fields": {
   "added_reason": "AUTO",
   "career": "UGRD",
   "config": "{}",
   "credits": 3,
   "labtut_section": null,
   "offering": 5,
   "official_grade": null,
   "person": 350,
   "role": "STUD"
  },
  "model": "coredata.member",
  "pk": 61
 },
 {
  "fields": {
   "added_reason": "AUTO",
   "career": "UGRD",
   "config": "{}",
   "credits": 3,
   "labtut_section": null,
   "offering": 5,
   "official_grade": null,
   "person": 358,
   "role": "STUD"
  },
  "model": "coredata.member",
  "pk": 69
 },
 {
  "fields": {
   "added_reason": "AUTO",
   "career": "UGRD",
   "config": "{}",
   "credits": 3,
   "labtut_section": null,
   "offering": 5,
   "official_grade": null,
   "person": 352,
   "role": "STUD"
  },
  "model": "coredata.member",
  "pk": 63
 },
 {
  "fields": {
   "added_reason": "AUTO",
   "career": "UGRD",
   "config": "{}",
   "credits": 3,
   "labtut_section": null,
   "offering": 5,
   "official_grade": null,
   "person": 355,
   "role": "STUD"
  },
  "model": "coredata.member",
  "pk": 66
 },
 {
  "fields": {
   "added_reason": "AUTO",
   "career": "NONS",
   "config": "{}",
   "credits": 0,
   "labtut_section": null,
   "offering": 2,
   "official_grade": null,
   "person": 178,
   "role": "TA"
  },
  "model": "coredata.member",
  "pk": 99
 },
 {
  "fields": {
   "added_reason": "AUTO",
   "career": "UGRD",
   "config": "{}",
   "credits": 3,
   "labtut_section": null,
   "offering": 2,
   "official_grade": null,
   "person": 165,
   "role": "STUD"
  },
  "model": "coredata.member",
  "pk": 86
 },
 {
  "fields": {
   "added_reason": "AUTO",
   "career": "UGRD",
   "config": "{}",
   "credits": 3,
   "labtut_section": null,
   "offering": 2,
   "official_grade": null,
   "person": 160,
   "role": "STUD"
  },
  "model": "coredata.member",
  "pk": 81
 },
 {
  "fields": {
   "added_reason": "AUTO",
   "career": "UGRD",
   "config": "{}",
   "credits": 3,
   "labtut_section": null,
   "offering": 2,
   "official_grade": null,
   "person": 173,
   "role": "STUD"
  },
  "model": "coredata.member",
  "pk": 94
 },
 {
  "fields": {
   "added_reason": "AUTO",
   "career": "UGRD",
   "config": "{}",
   "credits": 3,
   "labtut_section": null,
   "offering": 2,
   "official_grade": null,
   "person": 171,
   "role": "STUD"
  },
  "model": "coredata.member",
  "pk": 92
 },
 {
  "fields": {
   "added_reason": "AUTO",
   "career": "UGRD",
   "config": "{}",
   "credits": 3,
   "labtut_section": null,
   "offering": 2,
   "official_grade": null,
   "person": 175,
   "role": "STUD"
  },
  "model": "coredata.member",
  "pk": 96
 },
 {
  "fields": {
   "added_reason": "AUTO",
   "career": "UGRD",
   "config": "{}",
   "credits": 3,
   "labtut_section": null,
   "offering": 2,
   "official_grade": null,
   "person": 161,
   "role": "STUD"
  },
  "model": "coredata.member",
  "pk": 82
 },
 {
  "fields": {
   "added_reason": "AUTO",
   "career": "UGRD",
   "config": "{}",
   "credits": 3,
   "labtut_section": null,
   "offering": 2,
   "official_grade": null,
   "person": 159,
   "role": "STUD"
  },
  "model": "coredata.member",
  "pk": 80
 },
 {
  "fields": {
   "added_reason": "AUTO",
   "career": "UGRD",
   "config": "{}",
   "credits": 3,
   "labtut_section": null,
   "offering": 2,
   "official_grade": null,
   "person": 158,
   "role": "STUD"
  },
  "model": "coredata.member",
  "pk": 79
 },
 {
  "fields": {
   "added_reason": "AUTO",
   "career": "UGRD",
   "config": "{}",
   "credits": 3,
   "labtut_section": null,
   "offering": 2,
   "official_grade": null,
   "person": 166,
   "role": "STUD"
  },
  "model": "coredata.member",
  "pk": 87
 },
 {
  "fields": {
   "added_reason": "AUTO",
   "career": "UGRD",
   "config": "{}",
   "credits": 3,
   "labtut_section": null,
   "offering": 2,
   "official_grade": null,
   "person": 168,
   "role": "STUD"
  },
  "model": "coredata.member",
  "pk": 89
 },
 {
  "fields": {
   "added_reason": "AUTO",
   "career": "UGRD",
   "config": "{}",
   "credits": 3,
   "labtut_section": null,
   "offering": 2,
   "official_grade": null,
   "person": 163,
   "role": "STUD"
  },
  "model": "coredata.member",
  "pk": 84
 },
 {
  "fields": {
   "added_reason": "AUTO",
   "career": "UGRD",
   "config": "{}",
   "credits": 3,
   "labtut_section": null,
   "offering": 2,
   "official_grade": null,
   "person": 172,
   "role": "STUD"
  },
  "model": "coredata.member",
  "pk": 93
 },
 {
  "fields": {
   "added_reason": "AUTO",
   "career": "UGRD",
   "config": "{}",
   "credits": 3,
   "labtut_section": null,
   "offering": 2,
   "official_grade": null,
   "person": 176,
   "role": "STUD"
  },
  "model": "coredata.member",
  "pk": 97
 },
 {
  "fields": {
   "added_reason": "AUTO",
   "career": "UGRD",
   "config": "{}",
   "credits": 3,
   "labtut_section": null,
   "offering": 2,
   "official_grade": null,
   "person": 177,
   "role": "STUD"
  },
  "model": "coredata.member",
  "pk": 98
 },
 {
  "fields": {
   "added_reason": "AUTO",
   "career": "UGRD",
   "config": "{}",
   "credits": 3,
   "labtut_section": null,
   "offering": 2,
   "official_grade": null,
   "person": 164,
   "role": "STUD"
  },
  "model": "coredata.member",
  "pk": 85
 },
 {
  "fields": {
   "added_reason": "AUTO",
   "career": "UGRD",
   "config": "{}",
   "credits": 3,
   "labtut_section": null,
   "offering": 2,
   "official_grade": null,
   "person": 169,
   "role": "STUD"
  },
  "model": "coredata.member",
  "pk": 90
 },
 {
  "fields": {
   "added_reason": "AUTO",
   "career": "UGRD",
   "config": "{}",
   "credits": 3,
   "labtut_section": null,
   "offering": 2,
   "official_grade": null,
   "person": 170,
   "role": "STUD"
  },
  "model": "coredata.member",
  "pk": 91
 },
 {
  "fields": {
   "added_reason": "AUTO",
   "career": "UGRD",
   "config": "{}",
   "credits": 3,
   "labtut_section": null,
   "offering": 2,
   "official_grade": null,
   "person": 167,
   "role": "STUD"
  },
  "model": "coredata.member",
  "pk": 88
 },
 {
  "fields": {
   "added_reason": "AUTO",
   "career": "UGRD",
   "config": "{}",
   "credits": 3,
   "labtut_section": null,
   "offering": 2,
   "official_grade": null,
   "person": 174,
   "role": "STUD"
  },
  "model": "coredata.member",
  "pk": 95
 },
 {
  "fields": {
   "added_reason": "AUTO",
   "career": "UGRD",
   "config": "{}",
   "credits": 3,
   "labtut_section": null,
   "offering": 2,
   "official_grade": null,
   "person": 162,
   "role": "STUD"
  },
  "model": "coredata.member",
  "pk": 83
 },
 {
  "fields": {
   "added_reason": "AUTO",
   "career": "NONS",
   "config": "{}",
   "credits": 0,
   "labtut_section": null,
   "offering": 2,
   "official_grade": null,
   "person": 2,
   "role": "INST"
  },
  "model": "coredata.member",
  "pk": 2
 },
 {
  "fields": {
   "added_reason": "AUTO",
   "career": "NONS",
   "config": "{}",
   "credits": 0,
   "labtut_section": null,
   "offering": 7,
   "official_grade": null,
   "person": 325,
   "role": "TA"
  },
  "model": "coredata.member",
  "pk": 120
 },
 {
  "fields": {
   "added_reason": "AUTO",
   "career": "UGRD",
   "config": "{}",
   "credits": 3,
   "labtut_section": null,
   "offering": 7,
   "official_grade": null,
   "person": 309,
   "role": "STUD"
  },
  "model": "coredata.member",
  "pk": 104
 },
 {
  "fields": {
   "added_reason": "AUTO",
   "career": "UGRD",
   "config": "{}",
   "credits": 3,
   "labtut_section": null,
   "offering": 7,
   "official_grade": null,
   "person": 306,
   "role": "STUD"
  },
  "model": "coredata.member",
  "pk": 101
 },
 {
  "fields": {
   "added_reason": "AUTO",
   "career": "UGRD",
   "config": "{}",
   "credits": 3,
   "labtut_section": null,
   "offering": 7,
   "official_grade": null,
   "person": 313,
   "role": "STUD"
  },
  "model": "coredata.member",
  "pk": 108
 },
 {
  "fields": {
   "added_reason": "AUTO",
   "career": "UGRD",
   "config": "{}",
   "credits": 3,
   "labtut_section": null,
   "offering": 7,
   "official_grade": null,
   "person": 305,
   "role": "STUD"
  },
  "model": "coredata.member",
  "pk": 100
 },
 {
  "fields": {
   "added_reason": "AUTO",
   "career": "UGRD",
   "config": "{}",
   "credits": 3,
   "labtut_section": null,
   "offering": 7,
   "official_grade": null,
   "person": 321,
   "role": "STUD"
  },
  "model": "coredata.member",
  "pk": 116
 },
 {
  "fields": {
   "added_reason": "AUTO",
   "career": "UGRD",
   "config": "{}",
   "credits": 3,
   "labtut_section": null,
   "offering": 7,
   "official_grade": null,
   "person": 307,
   "role": "STUD"
  },
  "model": "coredata.member",
  "pk": 102
 },
 {
  "fields": {
   "added_reason": "AUTO",
   "career": "UGRD",
   "config": "{}",
   "credits": 3,
   "labtut_section": null,
   "offering": 7,
   "official_grade": null,
   "person": 312,
   "role": "STUD"
  },
  "model": "coredata.member",
  "pk": 107
 },
 {
  "fields": {
   "added_reason": "AUTO",
   "career": "UGRD",
   "config": "{}",
   "credits": 3,
   "labtut_section": null,
   "offering": 7,
   "official_grade": null,
   "person": 316,
   "role": "STUD"
  },
  "model": "coredata.member",
  "pk": 111
 },
 {
  "fields": {
   "added_reason": "AUTO",
   "career": "UGRD",
   "config": "{}",
   "credits": 3,
   "labtut_section": null,
   "offering": 7,
   "official_grade": null,
   "person": 319,
   "role": "STUD"
  },
  "model": "coredata.member",
  "pk": 114
 },
 {
  "fields": {
   "added_reason": "AUTO",
   "career": "UGRD",
   "config": "{}",
   "credits": 3,
   "labtut_section": null,
   "offering": 7,
   "official_grade": null,
   "person": 315,
   "role": "STUD"
  },
  "model": "coredata.member",
  "pk": 110
 },
 {
  "fields": {
   "added_reason": "AUTO",
   "career": "UGRD",
   "config": "{}",
   "credits": 3,
   "labtut_section": null,
   "offering": 7,
   "official_grade": null,
   "person": 314,
   "role": "STUD"
  },
  "model": "coredata.member",
  "pk": 109
 },
 {
  "fields": {
   "added_reason": "AUTO",
   "career": "UGRD",
   "config": "{}",
   "credits": 3,
   "labtut_section": null,
   "offering": 7,
   "official_grade": null,
   "person": 317,
   "role": "STUD"
  },
  "model": "coredata.member",
  "pk": 112
 },
 {
  "fields": {
   "added_reason": "AUTO",
   "career": "UGRD",
   "config": "{}",
   "credits": 3,
   "labtut_section": null,
   "offering": 7,
   "official_grade": null,
   "person": 323,
   "role": "STUD"
  },
  "model": "coredata.member",
  "pk": 118
 },
 {
  "fields": {
   "added_reason": "AUTO",
   "career": "UGRD",
   "config": "{}",
   "credits": 3,
   "labtut_section": null,
   "offering": 7,
   "official_grade": null,
   "person": 322,
   "role": "STUD"
  },
  "model": "coredata.member",
  "pk": 117
 },
 {
  "fields": {
   "added_reason": "AUTO",
   "career": "UGRD",
   "config": "{}",
   "credits": 3,
   "labtut_section": null,
   "offering": 7,
   "official_grade": null,
   "person": 320,
   "role": "STUD"
  },
  "model": "coredata.member",
  "pk": 115
 },
 {
  "fields": {
   "added_reason": "AUTO",
   "career": "UGRD",
   "config": "{}",
   "credits": 3,
   "labtut_section": null,
   "offering": 7,
   "official_grade": null,
   "person": 308,
   "role": "STUD"
  },
  "model": "coredata.member",
  "pk": 103
 },
 {
  "fields": {
   "added_reason": "AUTO",
   "career": "UGRD",
   "config": "{}",
   "credits": 3,
   "labtut_section": null,
   "offering": 7,
   "official_grade": null,
   "person": 318,
   "role": "STUD"
  },
  "model": "coredata.member",
  "pk": 113
 },
 {
  "fields": {
   "added_reason": "AUTO",
   "career": "UGRD",
   "config": "{}",
   "credits": 3,
   "labtut_section": null,
   "offering": 7,
   "official_grade": null,
   "person": 311,
   "role": "STUD"
  },
  "model": "coredata.member",
  "pk": 106
 },
 {
  "fields": {
   "added_reason": "AUTO",
   "career": "UGRD",
   "config": "{}",
   "credits": 3,
   "labtut_section": null,
   "offering": 7,
   "official_grade": null,
   "person": 324,
   "role": "STUD"
  },
  "model": "coredata.member",
  "pk": 119
 },
 {
  "fields": {
   "added_reason": "AUTO",
   "career": "UGRD",
   "config": "{}",
   "credits": 3,
   "labtut_section": null,
   "offering": 7,
   "official_grade": null,
   "person": 310,
   "role": "STUD"
  },
  "model": "coredata.member",
  "pk": 105
 },
 {
  "fields": {
   "added_reason": "AUTO",
   "career": "NONS",
   "config": "{}",
   "credits": 0,
   "labtut_section": null,
   "offering": 6,
   "official_grade": null,
   "person": 115,
   "role": "TA"
  },
  "model": "coredata.member",
  "pk": 141
 },
 {
  "fields": {
   "added_reason": "AUTO",
   "career": "UGRD",
   "config": "{}",
   "credits": 3,
   "labtut_section": null,
   "offering": 6,
   "official_grade": null,
   "person": 99,
   "role": "STUD"
  },
  "model": "coredata.member",
  "pk": 125
 },
 {
  "fields": {
   "added_reason": "AUTO",
   "career": "UGRD",
   "config": "{}",
   "credits": 3,
   "labtut_section": null,
   "offering": 6,
   "official_grade": null,
   "person": 100,
   "role": "STUD"
  },
  "model": "coredata.member",
  "pk": 126
 },
 {
  "fields": {
   "added_reason": "AUTO",
   "career": "UGRD",
   "config": "{}",
   "credits": 3,
   "labtut_section": null,
   "offering": 6,
   "official_grade": null,
   "person": 110,
   "role": "STUD"
  },
  "model": "coredata.member",
  "pk": 136
 },
 {
  "fields": {
   "added_reason": "AUTO",
   "career": "UGRD",
   "config": "{}",
   "credits": 3,
   "labtut_section": null,
   "offering": 6,
   "official_grade": null,
   "person": 105,
   "role": "STUD"
  },
  "model": "coredata.member",
  "pk": 131
 },
 {
  "fields": {
   "added_reason": "AUTO",
   "career": "UGRD",
   "config": "{}",
   "credits": 3,
   "labtut_section": null,
   "offering": 6,
   "official_grade": null,
   "person": 107,
   "role": "STUD"
  },
  "model": "coredata.member",
  "pk": 133
 },
 {
  "fields": {
   "added_reason": "AUTO",
   "career": "UGRD",
   "config": "{}",
   "credits": 3,
   "labtut_section": null,
   "offering": 6,
   "official_grade": null,
   "person": 114,
   "role": "STUD"
  },
  "model": "coredata.member",
  "pk": 140
 },
 {
  "fields": {
   "added_reason": "AUTO",
   "career": "UGRD",
   "config": "{}",
   "credits": 3,
   "labtut_section": null,
   "offering": 6,
   "official_grade": null,
   "person": 113,
   "role": "STUD"
  },
  "model": "coredata.member",
  "pk": 139
 },
 {
  "fields": {
   "added_reason": "AUTO",
   "career": "UGRD",
   "config": "{}",
   "credits": 3,
   "labtut_section": null,
   "offering": 6,
   "official_grade": null,
   "person": 106,
   "role": "STUD"
  },
  "model": "coredata.member",
  "pk": 132
 },
 {
  "fields": {
   "added_reason": "AUTO",
   "career": "UGRD",
   "config": "{}",
   "credits": 3,
   "labtut_section": null,
   "offering": 6,
   "official_grade": null,
   "person": 108,
   "role": "STUD"
  },
  "model": "coredata.member",
  "pk": 134
 },
 {
  "fields": {
   "added_reason": "AUTO",
   "career": "UGRD",
   "config": "{}",
   "credits": 3,
   "labtut_section": null,
   "offering": 6,
   "official_grade": null,
   "person": 97,
   "role": "STUD"
  },
  "model": "coredata.member",
  "pk": 123
 },
 {
  "fields": {
   "added_reason": "AUTO",
   "career": "UGRD",
   "config": "{}",
   "credits": 3,
   "labtut_section": null,
   "offering": 6,
   "official_grade": null,
   "person": 96,
   "role": "STUD"
  },
  "model": "coredata.member",
  "pk": 122
 },
 {
  "fields": {
   "added_reason": "AUTO",
   "career": "UGRD",
   "config": "{}",
   "credits": 3,
   "labtut_section": null,
   "offering": 6,
   "official_grade": null,
   "person": 112,
   "role": "STUD"
  },
  "model": "coredata.member",
  "pk": 138
 },
 {
  "fields": {
   "added_reason": "AUTO",
   "career": "UGRD",
   "config": "{}",
   "credits": 3,
   "labtut_section": null,
   "offering": 6,
   "official_grade": null,
   "person": 102,
   "role": "STUD"
  },
  "model": "coredata.member",
  "pk": 128
 },
 {
  "fields": {
   "added_reason": "AUTO",
   "career": "UGRD",
   "config": "{}",
   "credits": 3,
   "labtut_section": null,
   "offering": 6,
   "official_grade": null,
   "person": 103,
   "role": "STUD"
  },
  "model": "coredata.member",
  "pk": 129
 },
 {
  "fields": {
   "added_reason": "AUTO",
   "career": "UGRD",
   "config": "{}",
   "credits": 3,
   "labtut_section": null,
   "offering": 6,
   "official_grade": null,
   "person": 104,
   "role": "STUD"
  },
  "model": "coredata.member",
  "pk": 130
 },
 {
  "fields": {
   "added_reason": "AUTO",
   "career": "UGRD",
   "config": "{}",
   "credits": 3,
   "labtut_section": null,
   "offering": 6,
   "official_grade": null,
   "person": 109,
   "role": "STUD"
  },
  "model": "coredata.member",
  "pk": 135
 },
 {
  "fields": {
   "added_reason": "AUTO",
   "career": "UGRD",
   "config": "{}",
   "credits": 3,
   "labtut_section": null,
   "offering": 6,
   "official_grade": null,
   "person": 101,
   "role": "STUD"
  },
  "model": "coredata.member",
  "pk": 127
 },
 {
  "fields": {
   "added_reason": "AUTO",
   "career": "UGRD",
   "config": "{}",
   "credits": 3,
   "labtut_section": null,
   "offering": 6,
   "official_grade": null,
   "person": 98,
   "role": "STUD"
  },
  "model": "coredata.member",
  "pk": 124
 },
 {
  "fields": {
   "added_reason": "AUTO",
   "career": "UGRD",
   "config": "{}",
   "credits": 3,
   "labtut_section": null,
   "offering": 6,
   "official_grade": null,
   "person": 111,
   "role": "STUD"
  },
  "model": "coredata.member",
  "pk": 137
 },
 {
  "fields": {
   "added_reason": "AUTO",
   "career": "UGRD",
   "config": "{}",
   "credits": 3,
   "labtut_section": null,
   "offering": 6,
   "official_grade": null,
   "person": 95,
   "role": "STUD"
  },
  "model": "coredata.member",
  "pk": 121
 },
 {
  "fields": {
   "added_reason": "AUTO",
   "career": "NONS",
   "config": "{}",
   "credits": 0,
   "labtut_section": null,
   "offering": 14,
   "official_grade": null,
   "person": 3,
   "role": "INST"
  },
  "model": "coredata.member",
  "pk": 3
 },
 {
  "fields": {
   "added_reason": "AUTO",
   "career": "NONS",
   "config": "{}",
   "credits": 0,
   "labtut_section": null,
   "offering": 14,
   "official_grade": null,
   "person": 325,
   "role": "TA"
  },
  "model": "coredata.member",
  "pk": 162
 },
 {
  "fields": {
   "added_reason": "AUTO",
   "career": "UGRD",
   "config": "{}",
   "credits": 3,
   "labtut_section": null,
   "offering": 14,
   "official_grade": null,
   "person": 309,
   "role": "STUD"
  },
  "model": "coredata.member",
  "pk": 146
 },
 {
  "fields": {
   "added_reason": "AUTO",
   "career": "UGRD",
   "config": "{}",
   "credits": 3,
   "labtut_section": null,
   "offering": 14,
   "official_grade": null,
   "person": 306,
   "role": "STUD"
  },
  "model": "coredata.member",
  "pk": 143
 },
 {
  "fields": {
   "added_reason": "AUTO",
   "career": "UGRD",
   "config": "{}",
   "credits": 3,
   "labtut_section": null,
   "offering": 14,
   "official_grade": null,
   "person": 313,
   "role": "STUD"
  },
  "model": "coredata.member",
  "pk": 150
 },
 {
  "fields": {
   "added_reason": "AUTO",
   "career": "UGRD",
   "config": "{}",
   "credits": 3,
   "labtut_section": null,
   "offering": 14,
   "official_grade": null,
   "person": 305,
   "role": "STUD"
  },
  "model": "coredata.member",
  "pk": 142
 },
 {
  "fields": {
   "added_reason": "AUTO",
   "career": "UGRD",
   "config": "{}",
   "credits": 3,
   "labtut_section": null,
   "offering": 14,
   "official_grade": null,
   "person": 321,
   "role": "STUD"
  },
  "model": "coredata.member",
  "pk": 158
 },
 {
  "fields": {
   "added_reason": "AUTO",
   "career": "UGRD",
   "config": "{}",
   "credits": 3,
   "labtut_section": null,
   "offering": 14,
   "official_grade": null,
   "person": 307,
   "role": "STUD"
  },
  "model": "coredata.member",
  "pk": 144
 },
 {
  "fields": {
   "added_reason": "AUTO",
   "career": "UGRD",
   "config": "{}",
   "credits": 3,
   "labtut_section": null,
   "offering": 14,
   "official_grade": null,
   "person": 312,
   "role": "STUD"
  },
  "model": "coredata.member",
  "pk": 149
 },
 {
  "fields": {
   "added_reason": "AUTO",
   "career": "UGRD",
   "config": "{}",
   "credits": 3,
   "labtut_section": null,
   "offering": 14,
   "official_grade": null,
   "person": 316,
   "role": "STUD"
  },
  "model": "coredata.member",
  "pk": 153
 },
 {
  "fields": {
   "added_reason": "AUTO",
   "career": "UGRD",
   "config": "{}",
   "credits": 3,
   "labtut_section": null,
   "offering": 14,
   "official_grade": null,
   "person": 319,
   "role": "STUD"
  },
  "model": "coredata.member",
  "pk": 156
 },
 {
  "fields": {
   "added_reason": "AUTO",
   "career": "UGRD",
   "config": "{}",
   "credits": 3,
   "labtut_section": null,
   "offering": 14,
   "official_grade": null,
   "person": 315,
   "role": "STUD"
  },
  "model": "coredata.member",
  "pk": 152
 },
 {
  "fields": {
   "added_reason": "AUTO",
   "career": "UGRD",
   "config": "{}",
   "credits": 3,
   "labtut_section": null,
   "offering": 14,
   "official_grade": null,
   "person": 314,
   "role": "STUD"
  },
  "model": "coredata.member",
  "pk": 151
 },
 {
  "fields": {
   "added_reason": "AUTO",
   "career": "UGRD",
   "config": "{}",
   "credits": 3,
   "labtut_section": null,
   "offering": 14,
   "official_grade": null,
   "person": 317,
   "role": "STUD"
  },
  "model": "coredata.member",
  "pk": 154
 },
 {
  "fields": {
   "added_reason": "AUTO",
   "career": "UGRD",
   "config": "{}",
   "credits": 3,
   "labtut_section": null,
   "offering": 14,
   "official_grade": null,
   "person": 323,
   "role": "STUD"
  },
  "model": "coredata.member",
  "pk": 160
 },
 {
  "fields": {
   "added_reason": "AUTO",
   "career": "UGRD",
   "config": "{}",
   "credits": 3,
   "labtut_section": null,
   "offering": 14,
   "official_grade": null,
   "person": 322,
   "role": "STUD"
  },
  "model": "coredata.member",
  "pk": 159
 },
 {
  "fields": {
   "added_reason": "AUTO",
   "career": "UGRD",
   "config": "{}",
   "credits": 3,
   "labtut_section": null,
   "offering": 14,
   "official_grade": null,
   "person": 320,
   "role": "STUD"
  },
  "model": "coredata.member",
  "pk": 157
 },
 {
  "fields": {
   "added_reason": "AUTO",
   "career": "UGRD",
   "config": "{}",
   "credits": 3,
   "labtut_section": null,
   "offering": 14,
   "official_grade": null,
   "person": 308,
   "role": "STUD"
  },
  "model": "coredata.member",
  "pk": 145
 },
 {
  "fields": {
   "added_reason": "AUTO",
   "career": "UGRD",
   "config": "{}",
   "credits": 3,
   "labtut_section": null,
   "offering": 14,
   "official_grade": null,
   "person": 318,
   "role": "STUD"
  },
  "model": "coredata.member",
  "pk": 155
 },
 {
  "fields": {
   "added_reason": "AUTO",
   "career": "UGRD",
   "config": "{}",
   "credits": 3,
   "labtut_section": null,
   "offering": 14,
   "official_grade": null,
   "person": 311,
   "role": "STUD"
  },
  "model": "coredata.member",
  "pk": 148
 },
 {
  "fields": {
   "added_reason": "AUTO",
   "career": "UGRD",
   "config": "{}",
   "credits": 3,
   "labtut_section": null,
   "offering": 14,
   "official_grade": null,
   "person": 324,
   "role": "STUD"
  },
  "model": "coredata.member",
  "pk": 161
 },
 {
  "fields": {
   "added_reason": "AUTO",
   "career": "UGRD",
   "config": "{}",
   "credits": 3,
   "labtut_section": null,
   "offering": 14,
   "official_grade": null,
   "person": 310,
   "role": "STUD"
  },
  "model": "coredata.member",
  "pk": 147
 },
 {
  "fields": {
   "added_reason": "AUTO",
   "career": "NONS",
   "config": "{}",
   "credits": 0,
   "labtut_section": null,
   "offering": 26,
   "official_grade": null,
   "person": 3,
   "role": "INST"
  },
  "model": "coredata.member",
  "pk": 4
 },
 {
  "fields": {
   "added_reason": "AUTO",
   "career": "NONS",
   "config": "{}",
   "credits": 0,
   "labtut_section": null,
   "offering": 26,
   "official_grade": null,
   "person": 304,
   "role": "TA"
  },
  "model": "coredata.member",
  "pk": 183
 },
 {
  "fields": {
   "added_reason": "AUTO",
   "career": "UGRD",
   "config": "{}",
   "credits": 3,
   "labtut_section": null,
   "offering": 26,
   "official_grade": null,
   "person": 299,
   "role": "STUD"
  },
  "model": "coredata.member",
  "pk": 178
 },
 {
  "fields": {
   "added_reason": "AUTO",
   "career": "UGRD",
   "config": "{}",
   "credits": 3,
   "labtut_section": null,
   "offering": 26,
   "official_grade": null,
   "person": 302,
   "role": "STUD"
  },
  "model": "coredata.member",
  "pk": 181
 },
 {
  "fields": {
   "added_reason": "AUTO",
   "career": "UGRD",
   "config": "{}",
   "credits": 3,
   "labtut_section": null,
   "offering": 26,
   "official_grade": null,
   "person": 303,
   "role": "STUD"
  },
  "model": "coredata.member",
  "pk": 182
 },
 {
  "fields": {
   "added_reason": "AUTO",
   "career": "UGRD",
   "config": "{}",
   "credits": 3,
   "labtut_section": null,
   "offering": 26,
   "official_grade": null,
   "person": 292,
   "role": "STUD"
  },
  "model": "coredata.member",
  "pk": 171
 },
 {
  "fields": {
   "added_reason": "AUTO",
   "career": "UGRD",
   "config": "{}",
   "credits": 3,
   "labtut_section": null,
   "offering": 26,
   "official_grade": null,
   "person": 293,
   "role": "STUD"
  },
  "model": "coredata.member",
  "pk": 172
 },
 {
  "fields": {
   "added_reason": "AUTO",
   "career": "UGRD",
   "config": "{}",
   "credits": 3,
   "labtut_section": null,
   "offering": 26,
   "official_grade": null,
   "person": 300,
   "role": "STUD"
  },
  "model": "coredata.member",
  "pk": 179
 },
 {
  "fields": {
   "added_reason": "AUTO",
   "career": "UGRD",
   "config": "{}",
   "credits": 3,
   "labtut_section": null,
   "offering": 26,
   "official_grade": null,
   "person": 284,
   "role": "STUD"
  },
  "model": "coredata.member",
  "pk": 163
 },
 {
  "fields": {
   "added_reason": "AUTO",
   "career": "UGRD",
   "config": "{}",
   "credits": 3,
   "labtut_section": null,
   "offering": 26,
   "official_grade": null,
   "person": 294,
   "role": "STUD"
  },
  "model": "coredata.member",
  "pk": 173
 },
 {
  "fields": {
   "added_reason": "AUTO",
   "career": "UGRD",
   "config": "{}",
   "credits": 3,
   "labtut_section": null,
   "offering": 26,
   "official_grade": null,
   "person": 289,
   "role": "STUD"
  },
  "model": "coredata.member",
  "pk": 168
 },
 {
  "fields": {
   "added_reason": "AUTO",
   "career": "UGRD",
   "config": "{}",
   "credits": 3,
   "labtut_section": null,
   "offering": 26,
   "official_grade": null,
   "person": 291,
   "role": "STUD"
  },
  "model": "coredata.member",
  "pk": 170
 },
 {
  "fields": {
   "added_reason": "AUTO",
   "career": "UGRD",
   "config": "{}",
   "credits": 3,
   "labtut_section": null,
   "offering": 26,
   "official_grade": null,
   "person": 295,
   "role": "STUD"
  },
  "model": "coredata.member",
  "pk": 174
 },
 {
  "fields": {
   "added_reason": "AUTO",
   "career": "UGRD",
   "config": "{}",
   "credits": 3,
   "labtut_section": null,
   "offering": 26,
   "official_grade": null,
   "person": 286,
   "role": "STUD"
  },
  "model": "coredata.member",
  "pk": 165
 },
 {
  "fields": {
   "added_reason": "AUTO",
   "career": "UGRD",
   "config": "{}",
   "credits": 3,
   "labtut_section": null,
   "offering": 26,
   "official_grade": null,
   "person": 288,
   "role": "STUD"
  },
  "model": "coredata.member",
  "pk": 167
 },
 {
  "fields": {
   "added_reason": "AUTO",
   "career": "UGRD",
   "config": "{}",
   "credits": 3,
   "labtut_section": null,
   "offering": 26,
   "official_grade": null,
   "person": 297,
   "role": "STUD"
  },
  "model": "coredata.member",
  "pk": 176
 },
 {
  "fields": {
   "added_reason": "AUTO",
   "career": "UGRD",
   "config": "{}",
   "credits": 3,
   "labtut_section": null,
   "offering": 26,
   "official_grade": null,
   "person": 301,
   "role": "STUD"
  },
  "model": "coredata.member",
  "pk": 180
 },
 {
  "fields": {
   "added_reason": "AUTO",
   "career": "UGRD",
   "config": "{}",
   "credits": 3,
   "labtut_section": null,
   "offering": 26,
   "official_grade": null,
   "person": 287,
   "role": "STUD"
  },
  "model": "coredata.member",
  "pk": 166
 },
 {
  "fields": {
   "added_reason": "AUTO",
   "career": "UGRD",
   "config": "{}",
   "credits": 3,
   "labtut_section": null,
   "offering": 26,
   "official_grade": null,
   "person": 285,
   "role": "STUD"
  },
  "model": "coredata.member",
  "pk": 164
 },
 {
  "fields": {
   "added_reason": "AUTO",
   "career": "UGRD",
   "config": "{}",
   "credits": 3,
   "labtut_section": null,
   "offering": 26,
   "official_grade": null,
   "person": 298,
   "role": "STUD"
  },
  "model": "coredata.member",
  "pk": 177
 },
 {
  "fields": {
   "added_reason": "AUTO",
   "career": "UGRD",
   "config": "{}",
   "credits": 3,
   "labtut_section": null,
   "offering": 26,
   "official_grade": null,
   "person": 296,
   "role": "STUD"
  },
  "model": "coredata.member",
  "pk": 175
 },
 {
  "fields": {
   "added_reason": "AUTO",
   "career": "UGRD",
   "config": "{}",
   "credits": 3,
   "labtut_section": null,
   "offering": 26,
   "official_grade": null,
   "person": 290,
   "role": "STUD"
  },
  "model": "coredata.member",
  "pk": 169
 },
 {
  "fields": {
   "added_reason": "AUTO",
   "career": "NONS",
   "config": "{}",
   "credits": 0,
   "labtut_section": null,
   "offering": 21,
   "official_grade": null,
   "person": 94,
   "role": "TA"
  },
  "model": "coredata.member",
  "pk": 204
 },
 {
  "fields": {
   "added_reason": "AUTO",
   "career": "NONS",
   "config": "{}",
   "credits": 0,
   "labtut_section": null,
   "offering": 21,
   "official_grade": null,
   "person": 4,
   "role": "INST"
  },
  "model": "coredata.member",
  "pk": 5
 },
 {
  "fields": {
   "added_reason": "AUTO",
   "career": "UGRD",
   "config": "{}",
   "credits": 3,
   "labtut_section": null,
   "offering": 21,
   "official_grade": null,
   "person": 74,
   "role": "STUD"
  },
  "model": "coredata.member",
  "pk": 184
 },
 {
  "fields": {
   "added_reason": "AUTO",
   "career": "UGRD",
   "config": "{}",
   "credits": 3,
   "labtut_section": null,
   "offering": 21,
   "official_grade": null,
   "person": 92,
   "role": "STUD"
  },
  "model": "coredata.member",
  "pk": 202
 },
 {
  "fields": {
   "added_reason": "AUTO",
   "career": "UGRD",
   "config": "{}",
   "credits": 3,
   "labtut_section": null,
   "offering": 21,
   "official_grade": null,
   "person": 90,
   "role": "STUD"
  },
  "model": "coredata.member",
  "pk": 200
 },
 {
  "fields": {
   "added_reason": "AUTO",
   "career": "UGRD",
   "config": "{}",
   "credits": 3,
   "labtut_section": null,
   "offering": 21,
   "official_grade": null,
   "person": 77,
   "role": "STUD"
  },
  "model": "coredata.member",
  "pk": 187
 },
 {
  "fields": {
   "added_reason": "AUTO",
   "career": "UGRD",
   "config": "{}",
   "credits": 3,
   "labtut_section": null,
   "offering": 21,
   "official_grade": null,
   "person": 82,
   "role": "STUD"
  },
  "model": "coredata.member",
  "pk": 192
 },
 {
  "fields": {
   "added_reason": "AUTO",
   "career": "UGRD",
   "config": "{}",
   "credits": 3,
   "labtut_section": null,
   "offering": 21,
   "official_grade": null,
   "person": 84,
   "role": "STUD"
  },
  "model": "coredata.member",
  "pk": 194
 },
 {
  "fields": {
   "added_reason": "AUTO",
   "career": "UGRD",
   "config": "{}",
   "credits": 3,
   "labtut_section": null,
   "offering": 21,
   "official_grade": null,
   "person": 86,
   "role": "STUD"
  },
  "model": "coredata.member",
  "pk": 196
 },
 {
  "fields": {
   "added_reason": "AUTO",
   "career": "UGRD",
   "config": "{}",
   "credits": 3,
   "labtut_section": null,
   "offering": 21,
   "official_grade": null,
   "person": 78,
   "role": "STUD"
  },
  "model": "coredata.member",
  "pk": 188
 },
 {
  "fields": {
   "added_reason": "AUTO",
   "career": "UGRD",
   "config": "{}",
   "credits": 3,
   "labtut_section": null,
   "offering": 21,
   "official_grade": null,
   "person": 83,
   "role": "STUD"
  },
  "model": "coredata.member",
  "pk": 193
 },
 {
  "fields": {
   "added_reason": "AUTO",
   "career": "UGRD",
   "config": "{}",
   "credits": 3,
   "labtut_section": null,
   "offering": 21,
   "official_grade": null,
   "person": 93,
   "role": "STUD"
  },
  "model": "coredata.member",
  "pk": 203
 },
 {
  "fields": {
   "added_reason": "AUTO",
   "career": "UGRD",
   "config": "{}",
   "credits": 3,
   "labtut_section": null,
   "offering": 21,
   "official_grade": null,
   "person": 75,
   "role": "STUD"
  },
  "model": "coredata.member",
  "pk": 185
 },
 {
  "fields": {
   "added_reason": "AUTO",
   "career": "UGRD",
   "config": "{}",
   "credits": 3,
   "labtut_section": null,
   "offering": 21,
   "official_grade": null,
   "person": 85,
   "role": "STUD"
  },
  "model": "coredata.member",
  "pk": 195
 },
 {
  "fields": {
   "added_reason": "AUTO",
   "career": "UGRD",
   "config": "{}",
   "credits": 3,
   "labtut_section": null,
   "offering": 21,
   "official_grade": null,
   "person": 87,
   "role": "STUD"
  },
  "model": "coredata.member",
  "pk": 197
 },
 {
  "fields": {
   "added_reason": "AUTO",
   "career": "UGRD",
   "config": "{}",
   "credits": 3,
   "labtut_section": null,
   "offering": 21,
   "official_grade": null,
   "person": 76,
   "role": "STUD"
  },
  "model": "coredata.member",
  "pk": 186
 },
 {
  "fields": {
   "added_reason": "AUTO",
   "career": "UGRD",
   "config": "{}",
   "credits": 3,
   "labtut_section": null,
   "offering": 21,
   "official_grade": null,
   "person": 80,
   "role": "STUD"
  },
  "model": "coredata.member",
  "pk": 190
 },
 {
  "fields": {
   "added_reason": "AUTO",
   "career": "UGRD",
   "config": "{}",
   "credits": 3,
   "labtut_section": null,
   "offering": 21,
   "official_grade": null,
   "person": 89,
   "role": "STUD"
  },
  "model": "coredata.member",
  "pk": 199
 },
 {
  "fields": {
   "added_reason": "AUTO",
   "career": "UGRD",
   "config": "{}",
   "credits": 3,
   "labtut_section": null,
   "offering": 21,
   "official_grade": null,
   "person": 81,
   "role": "STUD"
  },
  "model": "coredata.member",
  "pk": 191
 },
 {
  "fields": {
   "added_reason": "AUTO",
   "career": "UGRD",
   "config": "{}",
   "credits": 3,
   "labtut_section": null,
   "offering": 21,
   "official_grade": null,
   "person": 91,
   "role": "STUD"
  },
  "model": "coredata.member",
  "pk": 201
 },
 {
  "fields": {
   "added_reason": "AUTO",
   "career": "UGRD",
   "config": "{}",
   "credits": 3,
   "labtut_section": null,
   "offering": 21,
   "official_grade": null,
   "person": 88,
   "role": "STUD"
  },
  "model": "coredata.member",
  "pk": 198
 },
 {
  "fields": {
   "added_reason": "AUTO",
   "career": "UGRD",
   "config": "{}",
   "credits": 3,
   "labtut_section": null,
   "offering": 21,
   "official_grade": null,
   "person": 79,
   "role": "STUD"
  },
  "model": "coredata.member",
  "pk": 189
 },
 {
  "fields": {
   "added_reason": "AUTO",
   "career": "NONS",
   "config": "{}",
   "credits": 0,
   "labtut_section": null,
   "offering": 16,
   "official_grade": null,
   "person": 5,
   "role": "INST"
  },
  "model": "coredata.member",
  "pk": 6
 },
 {
  "fields": {
   "added_reason": "AUTO",
   "career": "NONS",
   "config": "{}",
   "credits": 0,
   "labtut_section": null,
   "offering": 16,
   "official_grade": null,
   "person": 388,
   "role": "TA"
  },
  "model": "coredata.member",
  "pk": 225
 },
 {
  "fields": {
   "added_reason": "AUTO",
   "career": "UGRD",
   "config": "{}",
   "credits": 3,
   "labtut_section": null,
   "offering": 16,
   "official_grade": null,
   "person": 375,
   "role": "STUD"
  },
  "model": "coredata.member",
  "pk": 212
 },
 {
  "fields": {
   "added_reason": "AUTO",
   "career": "UGRD",
   "config": "{}",
   "credits": 3,
   "labtut_section": null,
   "offering": 16,
   "official_grade": null,
   "person": 383,
   "role": "STUD"
  },
  "model": "coredata.member",
  "pk": 220
 },
 {
  "fields": {
   "added_reason": "AUTO",
   "career": "UGRD",
   "config": "{}",
   "credits": 3,
   "labtut_section": null,
   "offering": 16,
   "official_grade": null,
   "person": 376,
   "role": "STUD"
  },
  "model": "coredata.member",
  "pk": 213
 },
 {
  "fields": {
   "added_reason": "AUTO",
   "career": "UGRD",
   "config": "{}",
   "credits": 3,
   "labtut_section": null,
   "offering": 16,
   "official_grade": null,
   "person": 373,
   "role": "STUD"
  },
  "model": "coredata.member",
  "pk": 210
 },
 {
  "fields": {
   "added_reason": "AUTO",
   "career": "UGRD",
   "config": "{}",
   "credits": 3,
   "labtut_section": null,
   "offering": 16,
   "official_grade": null,
   "person": 379,
   "role": "STUD"
  },
  "model": "coredata.member",
  "pk": 216
 },
 {
  "fields": {
   "added_reason": "AUTO",
   "career": "UGRD",
   "config": "{}",
   "credits": 3,
   "labtut_section": null,
   "offering": 16,
   "official_grade": null,
   "person": 385,
   "role": "STUD"
  },
  "model": "coredata.member",
  "pk": 222
 },
 {
  "fields": {
   "added_reason": "AUTO",
   "career": "UGRD",
   "config": "{}",
   "credits": 3,
   "labtut_section": null,
   "offering": 16,
   "official_grade": null,
   "person": 369,
   "role": "STUD"
  },
  "model": "coredata.member",
  "pk": 206
 },
 {
  "fields": {
   "added_reason": "AUTO",
   "career": "UGRD",
   "config": "{}",
   "credits": 3,
   "labtut_section": null,
   "offering": 16,
   "official_grade": null,
   "person": 374,
   "role": "STUD"
  },
  "model": "coredata.member",
  "pk": 211
 },
 {
  "fields": {
   "added_reason": "AUTO",
   "career": "UGRD",
   "config": "{}",
   "credits": 3,
   "labtut_section": null,
   "offering": 16,
   "official_grade": null,
   "person": 380,
   "role": "STUD"
  },
  "model": "coredata.member",
  "pk": 217
 },
 {
  "fields": {
   "added_reason": "AUTO",
   "career": "UGRD",
   "config": "{}",
   "credits": 3,
   "labtut_section": null,
   "offering": 16,
   "official_grade": null,
   "person": 368,
   "role": "STUD"
  },
  "model": "coredata.member",
  "pk": 205
 },
 {
  "fields": {
   "added_reason": "AUTO",
   "career": "UGRD",
   "config": "{}",
   "credits": 3,
   "labtut_section": null,
   "offering": 16,
   "official_grade": null,
   "person": 377,
   "role": "STUD"
  },
  "model": "coredata.member",
  "pk": 214
 },
 {
  "fields": {
   "added_reason": "AUTO",
   "career": "UGRD",
   "config": "{}",
   "credits": 3,
   "labtut_section": null,
   "offering": 16,
   "official_grade": null,
   "person": 384,
   "role": "STUD"
  },
  "model": "coredata.member",
  "pk": 221
 },
 {
  "fields": {
   "added_reason": "AUTO",
   "career": "UGRD",
   "config": "{}",
   "credits": 3,
   "labtut_section": null,
   "offering": 16,
   "official_grade": null,
   "person": 372,
   "role": "STUD"
  },
  "model": "coredata.member",
  "pk": 209
 },
 {
  "fields": {
   "added_reason": "AUTO",
   "career": "UGRD",
   "config": "{}",
   "credits": 3,
   "labtut_section": null,
   "offering": 16,
   "official_grade": null,
   "person": 381,
   "role": "STUD"
  },
  "model": "coredata.member",
  "pk": 218
 },
 {
  "fields": {
   "added_reason": "AUTO",
   "career": "UGRD",
   "config": "{}",
   "credits": 3,
   "labtut_section": null,
   "offering": 16,
   "official_grade": null,
   "person": 371,
   "role": "STUD"
  },
  "model": "coredata.member",
  "pk": 208
 },
 {
  "fields": {
   "added_reason": "AUTO",
   "career": "UGRD",
   "config": "{}",
   "credits": 3,
   "labtut_section": null,
   "offering": 16,
   "official_grade": null,
   "person": 387,
   "role": "STUD"
  },
  "model": "coredata.member",
  "pk": 224
 },
 {
  "fields": {
   "added_reason": "AUTO",
   "career": "UGRD",
   "config": "{}",
   "credits": 3,
   "labtut_section": null,
   "offering": 16,
   "official_grade": null,
   "person": 378,
   "role": "STUD"
  },
  "model": "coredata.member",
  "pk": 215
 },
 {
  "fields": {
   "added_reason": "AUTO",
   "career": "UGRD",
   "config": "{}",
   "credits": 3,
   "labtut_section": null,
   "offering": 16,
   "official_grade": null,
   "person": 386,
   "role": "STUD"
  },
  "model": "coredata.member",
  "pk": 223
 },
 {
  "fields": {
   "added_reason": "AUTO",
   "career": "UGRD",
   "config": "{}",
   "credits": 3,
   "labtut_section": null,
   "offering": 16,
   "official_grade": null,
   "person": 370,
   "role": "STUD"
  },
  "model": "coredata.member",
  "pk": 207
 },
 {
  "fields": {
   "added_reason": "AUTO",
   "career": "UGRD",
   "config": "{}",
   "credits": 3,
   "labtut_section": null,
   "offering": 16,
   "official_grade": null,
   "person": 382,
   "role": "STUD"
  },
  "model": "coredata.member",
  "pk": 219
 },
 {
  "fields": {
   "added_reason": "AUTO",
   "career": "NONS",
   "config": "{}",
   "credits": 0,
   "labtut_section": null,
   "offering": 19,
   "official_grade": null,
   "person": 3,
   "role": "INST"
  },
  "model": "coredata.member",
  "pk": 8
 },
 {
  "fields": {
   "added_reason": "AUTO",
   "career": "NONS",
   "config": "{}",
   "credits": 0,
   "labtut_section": null,
   "offering": 19,
   "official_grade": null,
   "person": 346,
   "role": "TA"
  },
  "model": "coredata.member",
  "pk": 246
 },
 {
  "fields": {
   "added_reason": "AUTO",
   "career": "NONS",
   "config": "{}",
   "credits": 0,
   "labtut_section": null,
   "offering": 19,
   "official_grade": null,
   "person": 6,
   "role": "INST"
  },
  "model": "coredata.member",
  "pk": 7
 },
 {
  "fields": {
   "added_reason": "AUTO",
   "career": "UGRD",
   "config": "{}",
   "credits": 3,
   "labtut_section": null,
   "offering": 19,
   "official_grade": null,
   "person": 337,
   "role": "STUD"
  },
  "model": "coredata.member",
  "pk": 237
 },
 {
  "fields": {
   "added_reason": "AUTO",
   "career": "UGRD",
   "config": "{}",
   "credits": 3,
   "labtut_section": null,
   "offering": 19,
   "official_grade": null,
   "person": 340,
   "role": "STUD"
  },
  "model": "coredata.member",
  "pk": 240
 },
 {
  "fields": {
   "added_reason": "AUTO",
   "career": "UGRD",
   "config": "{}",
   "credits": 3,
   "labtut_section": null,
   "offering": 19,
   "official_grade": null,
   "person": 345,
   "role": "STUD"
  },
  "model": "coredata.member",
  "pk": 245
 },
 {
  "fields": {
   "added_reason": "AUTO",
   "career": "UGRD",
   "config": "{}",
   "credits": 3,
   "labtut_section": null,
   "offering": 19,
   "official_grade": null,
   "person": 339,
   "role": "STUD"
  },
  "model": "coredata.member",
  "pk": 239
 },
 {
  "fields": {
   "added_reason": "AUTO",
   "career": "UGRD",
   "config": "{}",
   "credits": 3,
   "labtut_section": null,
   "offering": 19,
   "official_grade": null,
   "person": 342,
   "role": "STUD"
  },
  "model": "coredata.member",
  "pk": 242
 },
 {
  "fields": {
   "added_reason": "AUTO",
   "career": "UGRD",
   "config": "{}",
   "credits": 3,
   "labtut_section": null,
   "offering": 19,
   "official_grade": null,
   "person": 344,
   "role": "STUD"
  },
  "model": "coredata.member",
  "pk": 244
 },
 {
  "fields": {
   "added_reason": "AUTO",
   "career": "UGRD",
   "config": "{}",
   "credits": 3,
   "labtut_section": null,
   "offering": 19,
   "official_grade": null,
   "person": 330,
   "role": "STUD"
  },
  "model": "coredata.member",
  "pk": 230
 },
 {
  "fields": {
   "added_reason": "AUTO",
   "career": "UGRD",
   "config": "{}",
   "credits": 3,
   "labtut_section": null,
   "offering": 19,
   "official_grade": null,
   "person": 336,
   "role": "STUD"
  },
  "model": "coredata.member",
  "pk": 236
 },
 {
  "fields": {
   "added_reason": "AUTO",
   "career": "UGRD",
   "config": "{}",
   "credits": 3,
   "labtut_section": null,
   "offering": 19,
   "official_grade": null,
   "person": 333,
   "role": "STUD"
  },
  "model": "coredata.member",
  "pk": 233
 },
 {
  "fields": {
   "added_reason": "AUTO",
   "career": "UGRD",
   "config": "{}",
   "credits": 3,
   "labtut_section": null,
   "offering": 19,
   "official_grade": null,
   "person": 343,
   "role": "STUD"
  },
  "model": "coredata.member",
  "pk": 243
 },
 {
  "fields": {
   "added_reason": "AUTO",
   "career": "UGRD",
   "config": "{}",
   "credits": 3,
   "labtut_section": null,
   "offering": 19,
   "official_grade": null,
   "person": 332,
   "role": "STUD"
  },
  "model": "coredata.member",
  "pk": 232
 },
 {
  "fields": {
   "added_reason": "AUTO",
   "career": "UGRD",
   "config": "{}",
   "credits": 3,
   "labtut_section": null,
   "offering": 19,
   "official_grade": null,
   "person": 326,
   "role": "STUD"
  },
  "model": "coredata.member",
  "pk": 226
 },
 {
  "fields": {
   "added_reason": "AUTO",
   "career": "UGRD",
   "config": "{}",
   "credits": 3,
   "labtut_section": null,
   "offering": 19,
   "official_grade": null,
   "person": 328,
   "role": "STUD"
  },
  "model": "coredata.member",
  "pk": 228
 },
 {
  "fields": {
   "added_reason": "AUTO",
   "career": "UGRD",
   "config": "{}",
   "credits": 3,
   "labtut_section": null,
   "offering": 19,
   "official_grade": null,
   "person": 327,
   "role": "STUD"
  },
  "model": "coredata.member",
  "pk": 227
 },
 {
  "fields": {
   "added_reason": "AUTO",
   "career": "UGRD",
   "config": "{}",
   "credits": 3,
   "labtut_section": null,
   "offering": 19,
   "official_grade": null,
   "person": 338,
   "role": "STUD"
  },
  "model": "coredata.member",
  "pk": 238
 },
 {
  "fields": {
   "added_reason": "AUTO",
   "career": "UGRD",
   "config": "{}",
   "credits": 3,
   "labtut_section": null,
   "offering": 19,
   "official_grade": null,
   "person": 334,
   "role": "STUD"
  },
  "model": "coredata.member",
  "pk": 234
 },
 {
  "fields": {
   "added_reason": "AUTO",
   "career": "UGRD",
   "config": "{}",
   "credits": 3,
   "labtut_section": null,
   "offering": 19,
   "official_grade": null,
   "person": 341,
   "role": "STUD"
  },
  "model": "coredata.member",
  "pk": 241
 },
 {
  "fields": {
   "added_reason": "AUTO",
   "career": "UGRD",
   "config": "{}",
   "credits": 3,
   "labtut_section": null,
   "offering": 19,
   "official_grade": null,
   "person": 331,
   "role": "STUD"
  },
  "model": "coredata.member",
  "pk": 231
 },
 {
  "fields": {
   "added_reason": "AUTO",
   "career": "UGRD",
   "config": "{}",
   "credits": 3,
   "labtut_section": null,
   "offering": 19,
   "official_grade": null,
   "person": 329,
   "role": "STUD"
  },
  "model": "coredata.member",
  "pk": 229
 },
 {
  "fields": {
   "added_reason": "AUTO",
   "career": "UGRD",
   "config": "{}",
   "credits": 3,
   "labtut_section": null,
   "offering": 19,
   "official_grade": null,
   "person": 335,
   "role": "STUD"
  },
  "model": "coredata.member",
  "pk": 235
 },
 {
  "fields": {
   "added_reason": "AUTO",
   "career": "NONS",
   "config": "{}",
   "credits": 0,
   "labtut_section": null,
   "offering": 23,
   "official_grade": null,
   "person": 556,
   "role": "TA"
  },
  "model": "coredata.member",
  "pk": 267
 },
 {
  "fields": {
   "added_reason": "AUTO",
   "career": "NONS",
   "config": "{}",
   "credits": 0,
   "labtut_section": null,
   "offering": 23,
   "official_grade": null,
   "person": 7,
   "role": "INST"
  },
  "model": "coredata.member",
  "pk": 9
 },
 {
  "fields": {
   "added_reason": "AUTO",
   "career": "UGRD",
   "config": "{}",
   "credits": 3,
   "labtut_section": null,
   "offering": 23,
   "official_grade": null,
   "person": 537,
   "role": "STUD"
  },
  "model": "coredata.member",
  "pk": 248
 },
 {
  "fields": {
   "added_reason": "AUTO",
   "career": "UGRD",
   "config": "{}",
   "credits": 3,
   "labtut_section": null,
   "offering": 23,
   "official_grade": null,
   "person": 543,
   "role": "STUD"
  },
  "model": "coredata.member",
  "pk": 254
 },
 {
  "fields": {
   "added_reason": "AUTO",
   "career": "UGRD",
   "config": "{}",
   "credits": 3,
   "labtut_section": null,
   "offering": 23,
   "official_grade": null,
   "person": 548,
   "role": "STUD"
  },
  "model": "coredata.member",
  "pk": 259
 },
 {
  "fields": {
   "added_reason": "AUTO",
   "career": "UGRD",
   "config": "{}",
   "credits": 3,
   "labtut_section": null,
   "offering": 23,
   "official_grade": null,
   "person": 536,
   "role": "STUD"
  },
  "model": "coredata.member",
  "pk": 247
 },
 {
  "fields": {
   "added_reason": "AUTO",
   "career": "UGRD",
   "config": "{}",
   "credits": 3,
   "labtut_section": null,
   "offering": 23,
   "official_grade": null,
   "person": 551,
   "role": "STUD"
  },
  "model": "coredata.member",
  "pk": 262
 },
 {
  "fields": {
   "added_reason": "AUTO",
   "career": "UGRD",
   "config": "{}",
   "credits": 3,
   "labtut_section": null,
   "offering": 23,
   "official_grade": null,
   "person": 554,
   "role": "STUD"
  },
  "model": "coredata.member",
  "pk": 265
 },
 {
  "fields": {
   "added_reason": "AUTO",
   "career": "UGRD",
   "config": "{}",
   "credits": 3,
   "labtut_section": null,
   "offering": 23,
   "official_grade": null,
   "person": 552,
   "role": "STUD"
  },
  "model": "coredata.member",
  "pk": 263
 },
 {
  "fields": {
   "added_reason": "AUTO",
   "career": "UGRD",
   "config": "{}",
   "credits": 3,
   "labtut_section": null,
   "offering": 23,
   "official_grade": null,
   "person": 549,
   "role": "STUD"
  },
  "model": "coredata.member",
  "pk": 260
 },
 {
  "fields": {
   "added_reason": "AUTO",
   "career": "UGRD",
   "config": "{}",
   "credits": 3,
   "labtut_section": null,
   "offering": 23,
   "official_grade": null,
   "person": 542,
   "role": "STUD"
  },
  "model": "coredata.member",
  "pk": 253
 },
 {
  "fields": {
   "added_reason": "AUTO",
   "career": "UGRD",
   "config": "{}",
   "credits": 3,
   "labtut_section": null,
   "offering": 23,
   "official_grade": null,
   "person": 553,
   "role": "STUD"
  },
  "model": "coredata.member",
  "pk": 264
 },
 {
  "fields": {
   "added_reason": "AUTO",
   "career": "UGRD",
   "config": "{}",
   "credits": 3,
   "labtut_section": null,
   "offering": 23,
   "official_grade": null,
   "person": 540,
   "role": "STUD"
  },
  "model": "coredata.member",
  "pk": 251
 },
 {
  "fields": {
   "added_reason": "AUTO",
   "career": "UGRD",
   "config": "{}",
   "credits": 3,
   "labtut_section": null,
   "offering": 23,
   "official_grade": null,
   "person": 541,
   "role": "STUD"
  },
  "model": "coredata.member",
  "pk": 252
 },
 {
  "fields": {
   "added_reason": "AUTO",
   "career": "UGRD",
   "config": "{}",
   "credits": 3,
   "labtut_section": null,
   "offering": 23,
   "official_grade": null,
   "person": 546,
   "role": "STUD"
  },
  "model": "coredata.member",
  "pk": 257
 },
 {
  "fields": {
   "added_reason": "AUTO",
   "career": "UGRD",
   "config": "{}",
   "credits": 3,
   "labtut_section": null,
   "offering": 23,
   "official_grade": null,
   "person": 555,
   "role": "STUD"
  },
  "model": "coredata.member",
  "pk": 266
 },
 {
  "fields": {
   "added_reason": "AUTO",
   "career": "UGRD",
   "config": "{}",
   "credits": 3,
   "labtut_section": null,
   "offering": 23,
   "official_grade": null,
   "person": 539,
   "role": "STUD"
  },
  "model": "coredata.member",
  "pk": 250
 },
 {
  "fields": {
   "added_reason": "AUTO",
   "career": "UGRD",
   "config": "{}",
   "credits": 3,
   "labtut_section": null,
   "offering": 23,
   "official_grade": null,
   "person": 545,
   "role": "STUD"
  },
  "model": "coredata.member",
  "pk": 256
 },
 {
  "fields": {
   "added_reason": "AUTO",
   "career": "UGRD",
   "config": "{}",
   "credits": 3,
   "labtut_section": null,
   "offering": 23,
   "official_grade": null,
   "person": 550,
   "role": "STUD"
  },
  "model": "coredata.member",
  "pk": 261
 },
 {
  "fields": {
   "added_reason": "AUTO",
   "career": "UGRD",
   "config": "{}",
   "credits": 3,
   "labtut_section": null,
   "offering": 23,
   "official_grade": null,
   "person": 544,
   "role": "STUD"
  },
  "model": "coredata.member",
  "pk": 255
 },
 {
  "fields": {
   "added_reason": "AUTO",
   "career": "UGRD",
   "config": "{}",
   "credits": 3,
   "labtut_section": null,
   "offering": 23,
   "official_grade": null,
   "person": 538,
   "role": "STUD"
  },
  "model": "coredata.member",
  "pk": 249
 },
 {
  "fields": {
   "added_reason": "AUTO",
   "career": "UGRD",
   "config": "{}",
   "credits": 3,
   "labtut_section": null,
   "offering": 23,
   "official_grade": null,
   "person": 547,
   "role": "STUD"
  },
  "model": "coredata.member",
  "pk": 258
 },
 {
  "fields": {
   "added_reason": "AUTO",
   "career": "NONS",
   "config": "{}",
   "credits": 0,
   "labtut_section": null,
   "offering": 9,
   "official_grade": null,
   "person": 346,
   "role": "TA"
  },
  "model": "coredata.member",
  "pk": 288
 },
 {
  "fields": {
   "added_reason": "AUTO",
   "career": "UGRD",
   "config": "{}",
   "credits": 3,
   "labtut_section": null,
   "offering": 9,
   "official_grade": null,
   "person": 337,
   "role": "STUD"
  },
  "model": "coredata.member",
  "pk": 279
 },
 {
  "fields": {
   "added_reason": "AUTO",
   "career": "UGRD",
   "config": "{}",
   "credits": 3,
   "labtut_section": null,
   "offering": 9,
   "official_grade": null,
   "person": 340,
   "role": "STUD"
  },
  "model": "coredata.member",
  "pk": 282
 },
 {
  "fields": {
   "added_reason": "AUTO",
   "career": "UGRD",
   "config": "{}",
   "credits": 3,
   "labtut_section": null,
   "offering": 9,
   "official_grade": null,
   "person": 345,
   "role": "STUD"
  },
  "model": "coredata.member",
  "pk": 287
 },
 {
  "fields": {
   "added_reason": "AUTO",
   "career": "UGRD",
   "config": "{}",
   "credits": 3,
   "labtut_section": null,
   "offering": 9,
   "official_grade": null,
   "person": 339,
   "role": "STUD"
  },
  "model": "coredata.member",
  "pk": 281
 },
 {
  "fields": {
   "added_reason": "AUTO",
   "career": "UGRD",
   "config": "{}",
   "credits": 3,
   "labtut_section": null,
   "offering": 9,
   "official_grade": null,
   "person": 342,
   "role": "STUD"
  },
  "model": "coredata.member",
  "pk": 284
 },
 {
  "fields": {
   "added_reason": "AUTO",
   "career": "UGRD",
   "config": "{}",
   "credits": 3,
   "labtut_section": null,
   "offering": 9,
   "official_grade": null,
   "person": 344,
   "role": "STUD"
  },
  "model": "coredata.member",
  "pk": 286
 },
 {
  "fields": {
   "added_reason": "AUTO",
   "career": "UGRD",
   "config": "{}",
   "credits": 3,
   "labtut_section": null,
   "offering": 9,
   "official_grade": null,
   "person": 330,
   "role": "STUD"
  },
  "model": "coredata.member",
  "pk": 272
 },
 {
  "fields": {
   "added_reason": "AUTO",
   "career": "UGRD",
   "config": "{}",
   "credits": 3,
   "labtut_section": null,
   "offering": 9,
   "official_grade": null,
   "person": 336,
   "role": "STUD"
  },
  "model": "coredata.member",
  "pk": 278
 },
 {
  "fields": {
   "added_reason": "AUTO",
   "career": "UGRD",
   "config": "{}",
   "credits": 3,
   "labtut_section": null,
   "offering": 9,
   "official_grade": null,
   "person": 333,
   "role": "STUD"
  },
  "model": "coredata.member",
  "pk": 275
 },
 {
  "fields": {
   "added_reason": "AUTO",
   "career": "UGRD",
   "config": "{}",
   "credits": 3,
   "labtut_section": null,
   "offering": 9,
   "official_grade": null,
   "person": 343,
   "role": "STUD"
  },
  "model": "coredata.member",
  "pk": 285
 },
 {
  "fields": {
   "added_reason": "AUTO",
   "career": "UGRD",
   "config": "{}",
   "credits": 3,
   "labtut_section": null,
   "offering": 9,
   "official_grade": null,
   "person": 332,
   "role": "STUD"
  },
  "model": "coredata.member",
  "pk": 274
 },
 {
  "fields": {
   "added_reason": "AUTO",
   "career": "UGRD",
   "config": "{}",
   "credits": 3,
   "labtut_section": null,
   "offering": 9,
   "official_grade": null,
   "person": 326,
   "role": "STUD"
  },
  "model": "coredata.member",
  "pk": 268
 },
 {
  "fields": {
   "added_reason": "AUTO",
   "career": "UGRD",
   "config": "{}",
   "credits": 3,
   "labtut_section": null,
   "offering": 9,
   "official_grade": null,
   "person": 328,
   "role": "STUD"
  },
  "model": "coredata.member",
  "pk": 270
 },
 {
  "fields": {
   "added_reason": "AUTO",
   "career": "UGRD",
   "config": "{}",
   "credits": 3,
   "labtut_section": null,
   "offering": 9,
   "official_grade": null,
   "person": 327,
   "role": "STUD"
  },
  "model": "coredata.member",
  "pk": 269
 },
 {
  "fields": {
   "added_reason": "AUTO",
   "career": "UGRD",
   "config": "{}",
   "credits": 3,
   "labtut_section": null,
   "offering": 9,
   "official_grade": null,
   "person": 338,
   "role": "STUD"
  },
  "model": "coredata.member",
  "pk": 280
 },
 {
  "fields": {
   "added_reason": "AUTO",
   "career": "UGRD",
   "config": "{}",
   "credits": 3,
   "labtut_section": null,
   "offering": 9,
   "official_grade": null,
   "person": 334,
   "role": "STUD"
  },
  "model": "coredata.member",
  "pk": 276
 },
 {
  "fields": {
   "added_reason": "AUTO",
   "career": "UGRD",
   "config": "{}",
   "credits": 3,
   "labtut_section": null,
   "offering": 9,
   "official_grade": null,
   "person": 341,
   "role": "STUD"
  },
  "model": "coredata.member",
  "pk": 283
 },
 {
  "fields": {
   "added_reason": "AUTO",
   "career": "UGRD",
   "config": "{}",
   "credits": 3,
   "labtut_section": null,
   "offering": 9,
   "official_grade": null,
   "person": 331,
   "role": "STUD"
  },
  "model": "coredata.member",
  "pk": 273
 },
 {
  "fields": {
   "added_reason": "AUTO",
   "career": "UGRD",
   "config": "{}",
   "credits": 3,
   "labtut_section": null,
   "offering": 9,
   "official_grade": null,
   "person": 329,
   "role": "STUD"
  },
  "model": "coredata.member",
  "pk": 271
 },
 {
  "fields": {
   "added_reason": "AUTO",
   "career": "UGRD",
   "config": "{}",
   "credits": 3,
   "labtut_section": null,
   "offering": 9,
   "official_grade": null,
   "person": 335,
   "role": "STUD"
  },
  "model": "coredata.member",
  "pk": 277
 },
 {
  "fields": {
   "added_reason": "AUTO",
   "career": "NONS",
   "config": "{}",
   "credits": 0,
   "labtut_section": null,
   "offering": 8,
   "official_grade": null,
   "person": 220,
   "role": "TA"
  },
  "model": "coredata.member",
  "pk": 309
 },
 {
  "fields": {
   "added_reason": "AUTO",
   "career": "UGRD",
   "config": "{}",
   "credits": 3,
   "labtut_section": null,
   "offering": 8,
   "official_grade": null,
   "person": 215,
   "role": "STUD"
  },
  "model": "coredata.member",
  "pk": 304
 },
 {
  "fields": {
   "added_reason": "AUTO",
   "career": "UGRD",
   "config": "{}",
   "credits": 3,
   "labtut_section": null,
   "offering": 8,
   "official_grade": null,
   "person": 205,
   "role": "STUD"
  },
  "model": "coredata.member",
  "pk": 294
 },
 {
  "fields": {
   "added_reason": "AUTO",
   "career": "UGRD",
   "config": "{}",
   "credits": 3,
   "labtut_section": null,
   "offering": 8,
   "official_grade": null,
   "person": 202,
   "role": "STUD"
  },
  "model": "coredata.member",
  "pk": 291
 },
 {
  "fields": {
   "added_reason": "AUTO",
   "career": "UGRD",
   "config": "{}",
   "credits": 3,
   "labtut_section": null,
   "offering": 8,
   "official_grade": null,
   "person": 201,
   "role": "STUD"
  },
  "model": "coredata.member",
  "pk": 290
 },
 {
  "fields": {
   "added_reason": "AUTO",
   "career": "UGRD",
   "config": "{}",
   "credits": 3,
   "labtut_section": null,
   "offering": 8,
   "official_grade": null,
   "person": 213,
   "role": "STUD"
  },
  "model": "coredata.member",
  "pk": 302
 },
 {
  "fields": {
   "added_reason": "AUTO",
   "career": "UGRD",
   "config": "{}",
   "credits": 3,
   "labtut_section": null,
   "offering": 8,
   "official_grade": null,
   "person": 207,
   "role": "STUD"
  },
  "model": "coredata.member",
  "pk": 296
 },
 {
  "fields": {
   "added_reason": "AUTO",
   "career": "UGRD",
   "config": "{}",
   "credits": 3,
   "labtut_section": null,
   "offering": 8,
   "official_grade": null,
   "person": 200,
   "role": "STUD"
  },
  "model": "coredata.member",
  "pk": 289
 },
 {
  "fields": {
   "added_reason": "AUTO",
   "career": "UGRD",
   "config": "{}",
   "credits": 3,
   "labtut_section": null,
   "offering": 8,
   "official_grade": null,
   "person": 204,
   "role": "STUD"
  },
  "model": "coredata.member",
  "pk": 293
 },
 {
  "fields": {
   "added_reason": "AUTO",
   "career": "UGRD",
   "config": "{}",
   "credits": 3,
   "labtut_section": null,
   "offering": 8,
   "official_grade": null,
   "person": 210,
   "role": "STUD"
  },
  "model": "coredata.member",
  "pk": 299
 },
 {
  "fields": {
   "added_reason": "AUTO",
   "career": "UGRD",
   "config": "{}",
   "credits": 3,
   "labtut_section": null,
   "offering": 8,
   "official_grade": null,
   "person": 209,
   "role": "STUD"
  },
  "model": "coredata.member",
  "pk": 298
 },
 {
  "fields": {
   "added_reason": "AUTO",
   "career": "UGRD",
   "config": "{}",
   "credits": 3,
   "labtut_section": null,
   "offering": 8,
   "official_grade": null,
   "person": 217,
   "role": "STUD"
  },
  "model": "coredata.member",
  "pk": 306
 },
 {
  "fields": {
   "added_reason": "AUTO",
   "career": "UGRD",
   "config": "{}",
   "credits": 3,
   "labtut_section": null,
   "offering": 8,
   "official_grade": null,
   "person": 206,
   "role": "STUD"
  },
  "model": "coredata.member",
  "pk": 295
 },
 {
  "fields": {
   "added_reason": "AUTO",
   "career": "UGRD",
   "config": "{}",
   "credits": 3,
   "labtut_section": null,
   "offering": 8,
   "official_grade": null,
   "person": 219,
   "role": "STUD"
  },
  "model": "coredata.member",
  "pk": 308
 },
 {
  "fields": {
   "added_reason": "AUTO",
   "career": "UGRD",
   "config": "{}",
   "credits": 3,
   "labtut_section": null,
   "offering": 8,
   "official_grade": null,
   "person": 212,
   "role": "STUD"
  },
  "model": "coredata.member",
  "pk": 301
 },
 {
  "fields": {
   "added_reason": "AUTO",
   "career": "UGRD",
   "config": "{}",
   "credits": 3,
   "labtut_section": null,
   "offering": 8,
   "official_grade": null,
   "person": 216,
   "role": "STUD"
  },
  "model": "coredata.member",
  "pk": 305
 },
 {
  "fields": {
   "added_reason": "AUTO",
   "career": "UGRD",
   "config": "{}",
   "credits": 3,
   "labtut_section": null,
   "offering": 8,
   "official_grade": null,
   "person": 203,
   "role": "STUD"
  },
  "model": "coredata.member",
  "pk": 292
 },
 {
  "fields": {
   "added_reason": "AUTO",
   "career": "UGRD",
   "config": "{}",
   "credits": 3,
   "labtut_section": null,
   "offering": 8,
   "official_grade": null,
   "person": 208,
   "role": "STUD"
  },
  "model": "coredata.member",
  "pk": 297
 },
 {
  "fields": {
   "added_reason": "AUTO",
   "career": "UGRD",
   "config": "{}",
   "credits": 3,
   "labtut_section": null,
   "offering": 8,
   "official_grade": null,
   "person": 218,
   "role": "STUD"
  },
  "model": "coredata.member",
  "pk": 307
 },
 {
  "fields": {
   "added_reason": "AUTO",
   "career": "UGRD",
   "config": "{}",
   "credits": 3,
   "labtut_section": null,
   "offering": 8,
   "official_grade": null,
   "person": 214,
   "role": "STUD"
  },
  "model": "coredata.member",
  "pk": 303
 },
 {
  "fields": {
   "added_reason": "AUTO",
   "career": "UGRD",
   "config": "{}",
   "credits": 3,
   "labtut_section": null,
   "offering": 8,
   "official_grade": null,
   "person": 211,
   "role": "STUD"
  },
  "model": "coredata.member",
  "pk": 300
 },
 {
  "fields": {
   "added_reason": "AUTO",
   "career": "NONS",
   "config": "{}",
   "credits": 0,
   "labtut_section": null,
   "offering": 15,
   "official_grade": null,
   "person": 8,
   "role": "INST"
  },
  "model": "coredata.member",
  "pk": 10
 },
 {
  "fields": {
   "added_reason": "AUTO",
   "career": "NONS",
   "config": "{}",
   "credits": 0,
   "labtut_section": null,
   "offering": 15,
   "official_grade": null,
   "person": 388,
   "role": "TA"
  },
  "model": "coredata.member",
  "pk": 330
 },
 {
  "fields": {
   "added_reason": "AUTO",
   "career": "NONS",
   "config": "{}",
   "credits": 0,
   "labtut_section": null,
   "offering": 15,
   "official_grade": null,
   "person": 557,
   "role": "TA"
  },
  "model": "coredata.member",
  "pk": 540
 },
 {
  "fields": {
   "added_reason": "AUTO",
   "career": "UGRD",
   "config": "{}",
   "credits": 3,
   "labtut_section": null,
   "offering": 15,
   "official_grade": null,
   "person": 375,
   "role": "STUD"
  },
  "model": "coredata.member",
  "pk": 317
 },
 {
  "fields": {
   "added_reason": "AUTO",
   "career": "UGRD",
   "config": "{}",
   "credits": 3,
   "labtut_section": null,
   "offering": 15,
   "official_grade": null,
   "person": 383,
   "role": "STUD"
  },
  "model": "coredata.member",
  "pk": 325
 },
 {
  "fields": {
   "added_reason": "AUTO",
   "career": "UGRD",
   "config": "{}",
   "credits": 3,
   "labtut_section": null,
   "offering": 15,
   "official_grade": null,
   "person": 376,
   "role": "STUD"
  },
  "model": "coredata.member",
  "pk": 318
 },
 {
  "fields": {
   "added_reason": "AUTO",
   "career": "UGRD",
   "config": "{}",
   "credits": 3,
   "labtut_section": "D103",
   "offering": 15,
   "official_grade": null,
   "person": 11,
   "role": "STUD"
  },
  "model": "coredata.member",
  "pk": 520
 },
 {
  "fields": {
   "added_reason": "AUTO",
   "career": "UGRD",
   "config": "{}",
   "credits": 3,
   "labtut_section": "D103",
   "offering": 15,
   "official_grade": null,
   "person": 22,
   "role": "STUD"
  },
  "model": "coredata.member",
  "pk": 531
 },
 {
  "fields": {
   "added_reason": "AUTO",
   "career": "UGRD",
   "config": "{}",
   "credits": 3,
   "labtut_section": "D104",
   "offering": 15,
   "official_grade": null,
   "person": 24,
   "role": "STUD"
  },
  "model": "coredata.member",
  "pk": 533
 },
 {
  "fields": {
   "added_reason": "AUTO",
   "career": "UGRD",
   "config": "{}",
   "credits": 3,
   "labtut_section": null,
   "offering": 15,
   "official_grade": null,
   "person": 373,
   "role": "STUD"
  },
  "model": "coredata.member",
  "pk": 315
 },
 {
  "fields": {
   "added_reason": "AUTO",
   "career": "UGRD",
   "config": "{}",
   "credits": 3,
   "labtut_section": "D101",
   "offering": 15,
   "official_grade": null,
   "person": 25,
   "role": "STUD"
  },
  "model": "coredata.member",
  "pk": 534
 },
 {
  "fields": {
   "added_reason": "AUTO",
   "career": "UGRD",
   "config": "{}",
   "credits": 3,
   "labtut_section": null,
   "offering": 15,
   "official_grade": null,
   "person": 379,
   "role": "STUD"
  },
  "model": "coredata.member",
  "pk": 321
 },
 {
  "fields": {
   "added_reason": "AUTO",
   "career": "UGRD",
   "config": "{}",
   "credits": 3,
   "labtut_section": "D102",
   "offering": 15,
   "official_grade": null,
   "person": 27,
   "role": "STUD"
  },
  "model": "coredata.member",
  "pk": 536
 },
 {
  "fields": {
   "added_reason": "AUTO",
   "career": "UGRD",
   "config": "{}",
   "credits": 3,
   "labtut_section": "D102",
   "offering": 15,
   "official_grade": null,
   "person": 19,
   "role": "STUD"
  },
  "model": "coredata.member",
  "pk": 528
 },
 {
  "fields": {
   "added_reason": "AUTO",
   "career": "UGRD",
   "config": "{}",
   "credits": 3,
   "labtut_section": "D104",
   "offering": 15,
   "official_grade": null,
   "person": 13,
   "role": "STUD"
  },
  "model": "coredata.member",
  "pk": 522
 },
 {
  "fields": {
   "added_reason": "AUTO",
   "career": "UGRD",
   "config": "{}",
   "credits": 3,
   "labtut_section": "D103",
   "offering": 15,
   "official_grade": null,
   "person": 21,
   "role": "STUD"
  },
  "model": "coredata.member",
  "pk": 530
 },
 {
  "fields": {
   "added_reason": "AUTO",
   "career": "UGRD",
   "config": "{}",
   "credits": 3,
   "labtut_section": null,
   "offering": 15,
   "official_grade": null,
   "person": 385,
   "role": "STUD"
  },
  "model": "coredata.member",
  "pk": 327
 },
 {
  "fields": {
   "added_reason": "AUTO",
   "career": "UGRD",
   "config": "{}",
   "credits": 3,
   "labtut_section": "D101",
   "offering": 15,
   "official_grade": null,
   "person": 29,
   "role": "STUD"
  },
  "model": "coredata.member",
  "pk": 538
 },
 {
  "fields": {
   "added_reason": "AUTO",
   "career": "UGRD",
   "config": "{}",
   "credits": 3,
   "labtut_section": "D104",
   "offering": 15,
   "official_grade": null,
   "person": 23,
   "role": "STUD"
  },
  "model": "coredata.member",
  "pk": 532
 },
 {
  "fields": {
   "added_reason": "AUTO",
   "career": "UGRD",
   "config": "{}",
   "credits": 3,
   "labtut_section": null,
   "offering": 15,
   "official_grade": null,
   "person": 369,
   "role": "STUD"
  },
  "model": "coredata.member",
  "pk": 311
 },
 {
  "fields": {
   "added_reason": "AUTO",
   "career": "UGRD",
   "config": "{}",
   "credits": 3,
   "labtut_section": null,
   "offering": 15,
   "official_grade": null,
   "person": 374,
   "role": "STUD"
  },
  "model": "coredata.member",
  "pk": 316
 },
 {
  "fields": {
   "added_reason": "AUTO",
   "career": "UGRD",
   "config": "{}",
   "credits": 3,
   "labtut_section": "D104",
   "offering": 15,
   "official_grade": null,
   "person": 14,
   "role": "STUD"
  },
  "model": "coredata.member",
  "pk": 523
 },
 {
  "fields": {
   "added_reason": "AUTO",
   "career": "UGRD",
   "config": "{}",
   "credits": 3,
   "labtut_section": "D104",
   "offering": 15,
   "official_grade": null,
   "person": 16,
   "role": "STUD"
  },
  "model": "coredata.member",
  "pk": 525
 },
 {
  "fields": {
   "added_reason": "AUTO",
   "career": "UGRD",
   "config": "{}",
   "credits": 3,
   "labtut_section": null,
   "offering": 15,
   "official_grade": null,
   "person": 380,
   "role": "STUD"
  },
  "model": "coredata.member",
  "pk": 322
 },
 {
  "fields": {
   "added_reason": "AUTO",
   "career": "UGRD",
   "config": "{}",
   "credits": 3,
   "labtut_section": "D101",
   "offering": 15,
   "official_grade": null,
   "person": 30,
   "role": "STUD"
  },
  "model": "coredata.member",
  "pk": 539
 },
 {
  "fields": {
   "added_reason": "AUTO",
   "career": "UGRD",
   "config": "{}",
   "credits": 3,
   "labtut_section": null,
   "offering": 15,
   "official_grade": null,
   "person": 368,
   "role": "STUD"
  },
  "model": "coredata.member",
  "pk": 310
 },
 {
  "fields": {
   "added_reason": "AUTO",
   "career": "UGRD",
   "config": "{}",
   "credits": 3,
   "labtut_section": null,
   "offering": 15,
   "official_grade": null,
   "person": 377,
   "role": "STUD"
  },
  "model": "coredata.member",
  "pk": 319
 },
 {
  "fields": {
   "added_reason": "AUTO",
   "career": "UGRD",
   "config": "{}",
   "credits": 3,
   "labtut_section": null,
   "offering": 15,
   "official_grade": null,
   "person": 384,
   "role": "STUD"
  },
  "model": "coredata.member",
  "pk": 326
 },
 {
  "fields": {
   "added_reason": "AUTO",
   "career": "UGRD",
   "config": "{}",
   "credits": 3,
   "labtut_section": "D101",
   "offering": 15,
   "official_grade": null,
   "person": 15,
   "role": "STUD"
  },
  "model": "coredata.member",
  "pk": 524
 },
 {
  "fields": {
   "added_reason": "AUTO",
   "career": "UGRD",
   "config": "{}",
   "credits": 3,
   "labtut_section": null,
   "offering": 15,
   "official_grade": null,
   "person": 372,
   "role": "STUD"
  },
  "model": "coredata.member",
  "pk": 314
 },
 {
  "fields": {
   "added_reason": "AUTO",
   "career": "UGRD",
   "config": "{}",
   "credits": 3,
   "labtut_section": "D103",
   "offering": 15,
   "official_grade": null,
   "person": 28,
   "role": "STUD"
  },
  "model": "coredata.member",
  "pk": 537
 },
 {
  "fields": {
   "added_reason": "AUTO",
   "career": "UGRD",
   "config": "{}",
   "credits": 3,
   "labtut_section": null,
   "offering": 15,
   "official_grade": null,
   "person": 381,
   "role": "STUD"
  },
  "model": "coredata.member",
  "pk": 323
 },
 {
  "fields": {
   "added_reason": "AUTO",
   "career": "UGRD",
   "config": "{}",
   "credits": 3,
   "labtut_section": "D102",
   "offering": 15,
   "official_grade": null,
   "person": 12,
   "role": "STUD"
  },
  "model": "coredata.member",
  "pk": 521
 },
 {
  "fields": {
   "added_reason": "AUTO",
   "career": "UGRD",
   "config": "{}",
   "credits": 3,
   "labtut_section": null,
   "offering": 15,
   "official_grade": null,
   "person": 371,
   "role": "STUD"
  },
  "model": "coredata.member",
  "pk": 313
 },
 {
  "fields": {
   "added_reason": "AUTO",
   "career": "UGRD",
   "config": "{}",
   "credits": 3,
   "labtut_section": null,
   "offering": 15,
   "official_grade": null,
   "person": 387,
   "role": "STUD"
  },
  "model": "coredata.member",
  "pk": 329
 },
 {
  "fields": {
   "added_reason": "AUTO",
   "career": "UGRD",
   "config": "{}",
   "credits": 3,
   "labtut_section": "D102",
   "offering": 15,
   "official_grade": null,
   "person": 17,
   "role": "STUD"
  },
  "model": "coredata.member",
  "pk": 526
 },
 {
  "fields": {
   "added_reason": "AUTO",
   "career": "UGRD",
   "config": "{}",
   "credits": 3,
   "labtut_section": null,
   "offering": 15,
   "official_grade": null,
   "person": 378,
   "role": "STUD"
  },
  "model": "coredata.member",
  "pk": 320
 },
 {
  "fields": {
   "added_reason": "AUTO",
   "career": "UGRD",
   "config": "{}",
   "credits": 3,
   "labtut_section": null,
   "offering": 15,
   "official_grade": null,
   "person": 386,
   "role": "STUD"
  },
  "model": "coredata.member",
  "pk": 328
 },
 {
  "fields": {
   "added_reason": "AUTO",
   "career": "UGRD",
   "config": "{}",
   "credits": 3,
   "labtut_section": "D102",
   "offering": 15,
   "official_grade": null,
   "person": 26,
   "role": "STUD"
  },
  "model": "coredata.member",
  "pk": 535
 },
 {
  "fields": {
   "added_reason": "AUTO",
   "career": "UGRD",
   "config": "{}",
   "credits": 3,
   "labtut_section": null,
   "offering": 15,
   "official_grade": null,
   "person": 370,
   "role": "STUD"
  },
  "model": "coredata.member",
  "pk": 312
 },
 {
  "fields": {
   "added_reason": "AUTO",
   "career": "UGRD",
   "config": "{}",
   "credits": 3,
   "labtut_section": null,
   "offering": 15,
   "official_grade": null,
   "person": 382,
   "role": "STUD"
  },
  "model": "coredata.member",
  "pk": 324
 },
 {
  "fields": {
   "added_reason": "AUTO",
   "career": "UGRD",
   "config": "{}",
   "credits": 3,
   "labtut_section": "D102",
   "offering": 15,
   "official_grade": null,
   "person": 18,
   "role": "STUD"
  },
  "model": "coredata.member",
  "pk": 527
 },
 {
  "fields": {
   "added_reason": "AUTO",
   "career": "UGRD",
   "config": "{}",
   "credits": 3,
   "labtut_section": "D104",
   "offering": 15,
   "official_grade": null,
   "person": 20,
   "role": "STUD"
  },
  "model": "coredata.member",
  "pk": 529
 },
 {
  "fields": {
   "added_reason": "AUTO",
   "career": "NONS",
   "config": "{}",
   "credits": 0,
   "labtut_section": null,
   "offering": 27,
   "official_grade": null,
   "person": 8,
   "role": "INST"
  },
  "model": "coredata.member",
  "pk": 11
 },
 {
  "fields": {
   "added_reason": "AUTO",
   "career": "NONS",
   "config": "{}",
   "credits": 0,
   "labtut_section": null,
   "offering": 27,
   "official_grade": null,
   "person": 283,
   "role": "TA"
  },
  "model": "coredata.member",
  "pk": 351
 },
 {
  "fields": {
   "added_reason": "AUTO",
   "career": "UGRD",
   "config": "{}",
   "credits": 3,
   "labtut_section": null,
   "offering": 27,
   "official_grade": null,
   "person": 273,
   "role": "STUD"
  },
  "model": "coredata.member",
  "pk": 341
 },
 {
  "fields": {
   "added_reason": "AUTO",
   "career": "UGRD",
   "config": "{}",
   "credits": 3,
   "labtut_section": null,
   "offering": 27,
   "official_grade": null,
   "person": 272,
   "role": "STUD"
  },
  "model": "coredata.member",
  "pk": 340
 },
 {
  "fields": {
   "added_reason": "AUTO",
   "career": "UGRD",
   "config": "{}",
   "credits": 3,
   "labtut_section": null,
   "offering": 27,
   "official_grade": null,
   "person": 264,
   "role": "STUD"
  },
  "model": "coredata.member",
  "pk": 332
 },
 {
  "fields": {
   "added_reason": "AUTO",
   "career": "UGRD",
   "config": "{}",
   "credits": 3,
   "labtut_section": null,
   "offering": 27,
   "official_grade": null,
   "person": 276,
   "role": "STUD"
  },
  "model": "coredata.member",
  "pk": 344
 },
 {
  "fields": {
   "added_reason": "AUTO",
   "career": "UGRD",
   "config": "{}",
   "credits": 3,
   "labtut_section": null,
   "offering": 27,
   "official_grade": null,
   "person": 265,
   "role": "STUD"
  },
  "model": "coredata.member",
  "pk": 333
 },
 {
  "fields": {
   "added_reason": "AUTO",
   "career": "UGRD",
   "config": "{}",
   "credits": 3,
   "labtut_section": null,
   "offering": 27,
   "official_grade": null,
   "person": 274,
   "role": "STUD"
  },
  "model": "coredata.member",
  "pk": 342
 },
 {
  "fields": {
   "added_reason": "AUTO",
   "career": "UGRD",
   "config": "{}",
   "credits": 3,
   "labtut_section": null,
   "offering": 27,
   "official_grade": null,
   "person": 282,
   "role": "STUD"
  },
  "model": "coredata.member",
  "pk": 350
 },
 {
  "fields": {
   "added_reason": "AUTO",
   "career": "UGRD",
   "config": "{}",
   "credits": 3,
   "labtut_section": null,
   "offering": 27,
   "official_grade": null,
   "person": 269,
   "role": "STUD"
  },
  "model": "coredata.member",
  "pk": 337
 },
 {
  "fields": {
   "added_reason": "AUTO",
   "career": "UGRD",
   "config": "{}",
   "credits": 3,
   "labtut_section": null,
   "offering": 27,
   "official_grade": null,
   "person": 268,
   "role": "STUD"
  },
  "model": "coredata.member",
  "pk": 336
 },
 {
  "fields": {
   "added_reason": "AUTO",
   "career": "UGRD",
   "config": "{}",
   "credits": 3,
   "labtut_section": null,
   "offering": 27,
   "official_grade": null,
   "person": 267,
   "role": "STUD"
  },
  "model": "coredata.member",
  "pk": 335
 },
 {
  "fields": {
   "added_reason": "AUTO",
   "career": "UGRD",
   "config": "{}",
   "credits": 3,
   "labtut_section": null,
   "offering": 27,
   "official_grade": null,
   "person": 271,
   "role": "STUD"
  },
  "model": "coredata.member",
  "pk": 339
 },
 {
  "fields": {
   "added_reason": "AUTO",
   "career": "UGRD",
   "config": "{}",
   "credits": 3,
   "labtut_section": null,
   "offering": 27,
   "official_grade": null,
   "person": 263,
   "role": "STUD"
  },
  "model": "coredata.member",
  "pk": 331
 },
 {
  "fields": {
   "added_reason": "AUTO",
   "career": "UGRD",
   "config": "{}",
   "credits": 3,
   "labtut_section": null,
   "offering": 27,
   "official_grade": null,
   "person": 279,
   "role": "STUD"
  },
  "model": "coredata.member",
  "pk": 347
 },
 {
  "fields": {
   "added_reason": "AUTO",
   "career": "UGRD",
   "config": "{}",
   "credits": 3,
   "labtut_section": null,
   "offering": 27,
   "official_grade": null,
   "person": 281,
   "role": "STUD"
  },
  "model": "coredata.member",
  "pk": 349
 },
 {
  "fields": {
   "added_reason": "AUTO",
   "career": "UGRD",
   "config": "{}",
   "credits": 3,
   "labtut_section": null,
   "offering": 27,
   "official_grade": null,
   "person": 275,
   "role": "STUD"
  },
  "model": "coredata.member",
  "pk": 343
 },
 {
  "fields": {
   "added_reason": "AUTO",
   "career": "UGRD",
   "config": "{}",
   "credits": 3,
   "labtut_section": null,
   "offering": 27,
   "official_grade": null,
   "person": 270,
   "role": "STUD"
  },
  "model": "coredata.member",
  "pk": 338
 },
 {
  "fields": {
   "added_reason": "AUTO",
   "career": "UGRD",
   "config": "{}",
   "credits": 3,
   "labtut_section": null,
   "offering": 27,
   "official_grade": null,
   "person": 266,
   "role": "STUD"
  },
  "model": "coredata.member",
  "pk": 334
 },
 {
  "fields": {
   "added_reason": "AUTO",
   "career": "UGRD",
   "config": "{}",
   "credits": 3,
   "labtut_section": null,
   "offering": 27,
   "official_grade": null,
   "person": 280,
   "role": "STUD"
  },
  "model": "coredata.member",
  "pk": 348
 },
 {
  "fields": {
   "added_reason": "AUTO",
   "career": "UGRD",
   "config": "{}",
   "credits": 3,
   "labtut_section": null,
   "offering": 27,
   "official_grade": null,
   "person": 278,
   "role": "STUD"
  },
  "model": "coredata.member",
  "pk": 346
 },
 {
  "fields": {
   "added_reason": "AUTO",
   "career": "UGRD",
   "config": "{}",
   "credits": 3,
   "labtut_section": null,
   "offering": 27,
   "official_grade": null,
   "person": 277,
   "role": "STUD"
  },
  "model": "coredata.member",
  "pk": 345
 },
 {
  "fields": {
   "added_reason": "AUTO",
   "career": "NONS",
   "config": "{}",
   "credits": 0,
   "labtut_section": null,
   "offering": 22,
   "official_grade": null,
   "person": 325,
   "role": "TA"
  },
  "model": "coredata.member",
  "pk": 372
 },
 {
  "fields": {
   "added_reason": "AUTO",
   "career": "NONS",
   "config": "{}",
   "credits": 0,
   "labtut_section": null,
   "offering": 22,
   "official_grade": null,
   "person": 9,
   "role": "INST"
  },
  "model": "coredata.member",
  "pk": 12
 },
 {
  "fields": {
   "added_reason": "AUTO",
   "career": "UGRD",
   "config": "{}",
   "credits": 3,
   "labtut_section": null,
   "offering": 22,
   "official_grade": null,
   "person": 309,
   "role": "STUD"
  },
  "model": "coredata.member",
  "pk": 356
 },
 {
  "fields": {
   "added_reason": "AUTO",
   "career": "UGRD",
   "config": "{}",
   "credits": 3,
   "labtut_section": null,
   "offering": 22,
   "official_grade": null,
   "person": 306,
   "role": "STUD"
  },
  "model": "coredata.member",
  "pk": 353
 },
 {
  "fields": {
   "added_reason": "AUTO",
   "career": "UGRD",
   "config": "{}",
   "credits": 3,
   "labtut_section": null,
   "offering": 22,
   "official_grade": null,
   "person": 313,
   "role": "STUD"
  },
  "model": "coredata.member",
  "pk": 360
 },
 {
  "fields": {
   "added_reason": "AUTO",
   "career": "UGRD",
   "config": "{}",
   "credits": 3,
   "labtut_section": null,
   "offering": 22,
   "official_grade": null,
   "person": 305,
   "role": "STUD"
  },
  "model": "coredata.member",
  "pk": 352
 },
 {
  "fields": {
   "added_reason": "AUTO",
   "career": "UGRD",
   "config": "{}",
   "credits": 3,
   "labtut_section": null,
   "offering": 22,
   "official_grade": null,
   "person": 321,
   "role": "STUD"
  },
  "model": "coredata.member",
  "pk": 368
 },
 {
  "fields": {
   "added_reason": "AUTO",
   "career": "UGRD",
   "config": "{}",
   "credits": 3,
   "labtut_section": null,
   "offering": 22,
   "official_grade": null,
   "person": 307,
   "role": "STUD"
  },
  "model": "coredata.member",
  "pk": 354
 },
 {
  "fields": {
   "added_reason": "AUTO",
   "career": "UGRD",
   "config": "{}",
   "credits": 3,
   "labtut_section": null,
   "offering": 22,
   "official_grade": null,
   "person": 312,
   "role": "STUD"
  },
  "model": "coredata.member",
  "pk": 359
 },
 {
  "fields": {
   "added_reason": "AUTO",
   "career": "UGRD",
   "config": "{}",
   "credits": 3,
   "labtut_section": null,
   "offering": 22,
   "official_grade": null,
   "person": 316,
   "role": "STUD"
  },
  "model": "coredata.member",
  "pk": 363
 },
 {
  "fields": {
   "added_reason": "AUTO",
   "career": "UGRD",
   "config": "{}",
   "credits": 3,
   "labtut_section": null,
   "offering": 22,
   "official_grade": null,
   "person": 319,
   "role": "STUD"
  },
  "model": "coredata.member",
  "pk": 366
 },
 {
  "fields": {
   "added_reason": "AUTO",
   "career": "UGRD",
   "config": "{}",
   "credits": 3,
   "labtut_section": null,
   "offering": 22,
   "official_grade": null,
   "person": 315,
   "role": "STUD"
  },
  "model": "coredata.member",
  "pk": 362
 },
 {
  "fields": {
   "added_reason": "AUTO",
   "career": "UGRD",
   "config": "{}",
   "credits": 3,
   "labtut_section": null,
   "offering": 22,
   "official_grade": null,
   "person": 314,
   "role": "STUD"
  },
  "model": "coredata.member",
  "pk": 361
 },
 {
  "fields": {
   "added_reason": "AUTO",
   "career": "UGRD",
   "config": "{}",
   "credits": 3,
   "labtut_section": null,
   "offering": 22,
   "official_grade": null,
   "person": 317,
   "role": "STUD"
  },
  "model": "coredata.member",
  "pk": 364
 },
 {
  "fields": {
   "added_reason": "AUTO",
   "career": "UGRD",
   "config": "{}",
   "credits": 3,
   "labtut_section": null,
   "offering": 22,
   "official_grade": null,
   "person": 323,
   "role": "STUD"
  },
  "model": "coredata.member",
  "pk": 370
 },
 {
  "fields": {
   "added_reason": "AUTO",
   "career": "UGRD",
   "config": "{}",
   "credits": 3,
   "labtut_section": null,
   "offering": 22,
   "official_grade": null,
   "person": 322,
   "role": "STUD"
  },
  "model": "coredata.member",
  "pk": 369
 },
 {
  "fields": {
   "added_reason": "AUTO",
   "career": "UGRD",
   "config": "{}",
   "credits": 3,
   "labtut_section": null,
   "offering": 22,
   "official_grade": null,
   "person": 320,
   "role": "STUD"
  },
  "model": "coredata.member",
  "pk": 367
 },
 {
  "fields": {
   "added_reason": "AUTO",
   "career": "UGRD",
   "config": "{}",
   "credits": 3,
   "labtut_section": null,
   "offering": 22,
   "official_grade": null,
   "person": 308,
   "role": "STUD"
  },
  "model": "coredata.member",
  "pk": 355
 },
 {
  "fields": {
   "added_reason": "AUTO",
   "career": "UGRD",
   "config": "{}",
   "credits": 3,
   "labtut_section": null,
   "offering": 22,
   "official_grade": null,
   "person": 318,
   "role": "STUD"
  },
  "model": "coredata.member",
  "pk": 365
 },
 {
  "fields": {
   "added_reason": "AUTO",
   "career": "UGRD",
   "config": "{}",
   "credits": 3,
   "labtut_section": null,
   "offering": 22,
   "official_grade": null,
   "person": 311,
   "role": "STUD"
  },
  "model": "coredata.member",
  "pk": 358
 },
 {
  "fields": {
   "added_reason": "AUTO",
   "career": "UGRD",
   "config": "{}",
   "credits": 3,
   "labtut_section": null,
   "offering": 22,
   "official_grade": null,
   "person": 324,
   "role": "STUD"
  },
  "model": "coredata.member",
  "pk": 371
 },
 {
  "fields": {
   "added_reason": "AUTO",
   "career": "UGRD",
   "config": "{}",
   "credits": 3,
   "labtut_section": null,
   "offering": 22,
   "official_grade": null,
   "person": 310,
   "role": "STUD"
  },
  "model": "coredata.member",
  "pk": 357
 },
 {
  "fields": {
   "added_reason": "AUTO",
   "career": "NONS",
   "config": "{}",
   "credits": 0,
   "labtut_section": null,
   "offering": 18,
   "official_grade": null,
   "person": 199,
   "role": "TA"
  },
  "model": "coredata.member",
  "pk": 393
 },
 {
  "fields": {
   "added_reason": "AUTO",
   "career": "UGRD",
   "config": "{}",
   "credits": 3,
   "labtut_section": null,
   "offering": 18,
   "official_grade": null,
   "person": 184,
   "role": "STUD"
  },
  "model": "coredata.member",
  "pk": 378
 },
 {
  "fields": {
   "added_reason": "AUTO",
   "career": "UGRD",
   "config": "{}",
   "credits": 3,
   "labtut_section": null,
   "offering": 18,
   "official_grade": null,
   "person": 194,
   "role": "STUD"
  },
  "model": "coredata.member",
  "pk": 388
 },
 {
  "fields": {
   "added_reason": "AUTO",
   "career": "UGRD",
   "config": "{}",
   "credits": 3,
   "labtut_section": null,
   "offering": 18,
   "official_grade": null,
   "person": 183,
   "role": "STUD"
  },
  "model": "coredata.member",
  "pk": 377
 },
 {
  "fields": {
   "added_reason": "AUTO",
   "career": "UGRD",
   "config": "{}",
   "credits": 3,
   "labtut_section": null,
   "offering": 18,
   "official_grade": null,
   "person": 193,
   "role": "STUD"
  },
  "model": "coredata.member",
  "pk": 387
 },
 {
  "fields": {
   "added_reason": "AUTO",
   "career": "UGRD",
   "config": "{}",
   "credits": 3,
   "labtut_section": null,
   "offering": 18,
   "official_grade": null,
   "person": 198,
   "role": "STUD"
  },
  "model": "coredata.member",
  "pk": 392
 },
 {
  "fields": {
   "added_reason": "AUTO",
   "career": "UGRD",
   "config": "{}",
   "credits": 3,
   "labtut_section": null,
   "offering": 18,
   "official_grade": null,
   "person": 190,
   "role": "STUD"
  },
  "model": "coredata.member",
  "pk": 384
 },
 {
  "fields": {
   "added_reason": "AUTO",
   "career": "UGRD",
   "config": "{}",
   "credits": 3,
   "labtut_section": null,
   "offering": 18,
   "official_grade": null,
   "person": 179,
   "role": "STUD"
  },
  "model": "coredata.member",
  "pk": 373
 },
 {
  "fields": {
   "added_reason": "AUTO",
   "career": "UGRD",
   "config": "{}",
   "credits": 3,
   "labtut_section": null,
   "offering": 18,
   "official_grade": null,
   "person": 182,
   "role": "STUD"
  },
  "model": "coredata.member",
  "pk": 376
 },
 {
  "fields": {
   "added_reason": "AUTO",
   "career": "UGRD",
   "config": "{}",
   "credits": 3,
   "labtut_section": null,
   "offering": 18,
   "official_grade": null,
   "person": 191,
   "role": "STUD"
  },
  "model": "coredata.member",
  "pk": 385
 },
 {
  "fields": {
   "added_reason": "AUTO",
   "career": "UGRD",
   "config": "{}",
   "credits": 3,
   "labtut_section": null,
   "offering": 18,
   "official_grade": null,
   "person": 189,
   "role": "STUD"
  },
  "model": "coredata.member",
  "pk": 383
 },
 {
  "fields": {
   "added_reason": "AUTO",
   "career": "UGRD",
   "config": "{}",
   "credits": 3,
   "labtut_section": null,
   "offering": 18,
   "official_grade": null,
   "person": 196,
   "role": "STUD"
  },
  "model": "coredata.member",
  "pk": 390
 },
 {
  "fields": {
   "added_reason": "AUTO",
   "career": "UGRD",
   "config": "{}",
   "credits": 3,
   "labtut_section": null,
   "offering": 18,
   "official_grade": null,
   "person": 188,
   "role": "STUD"
  },
  "model": "coredata.member",
  "pk": 382
 },
 {
  "fields": {
   "added_reason": "AUTO",
   "career": "UGRD",
   "config": "{}",
   "credits": 3,
   "labtut_section": null,
   "offering": 18,
   "official_grade": null,
   "person": 186,
   "role": "STUD"
  },
  "model": "coredata.member",
  "pk": 380
 },
 {
  "fields": {
   "added_reason": "AUTO",
   "career": "UGRD",
   "config": "{}",
   "credits": 3,
   "labtut_section": null,
   "offering": 18,
   "official_grade": null,
   "person": 180,
   "role": "STUD"
  },
  "model": "coredata.member",
  "pk": 374
 },
 {
  "fields": {
   "added_reason": "AUTO",
   "career": "UGRD",
   "config": "{}",
   "credits": 3,
   "labtut_section": null,
   "offering": 18,
   "official_grade": null,
   "person": 185,
   "role": "STUD"
  },
  "model": "coredata.member",
  "pk": 379
 },
 {
  "fields": {
   "added_reason": "AUTO",
   "career": "UGRD",
   "config": "{}",
   "credits": 3,
   "labtut_section": null,
   "offering": 18,
   "official_grade": null,
   "person": 195,
   "role": "STUD"
  },
  "model": "coredata.member",
  "pk": 389
 },
 {
  "fields": {
   "added_reason": "AUTO",
   "career": "UGRD",
   "config": "{}",
   "credits": 3,
   "labtut_section": null,
   "offering": 18,
   "official_grade": null,
   "person": 187,
   "role": "STUD"
  },
  "model": "coredata.member",
  "pk": 381
 },
 {
  "fields": {
   "added_reason": "AUTO",
   "career": "UGRD",
   "config": "{}",
   "credits": 3,
   "labtut_section": null,
   "offering": 18,
   "official_grade": null,
   "person": 197,
   "role": "STUD"
  },
  "model": "coredata.member",
  "pk": 391
 },
 {
  "fields": {
   "added_reason": "AUTO",
   "career": "UGRD",
   "config": "{}",
   "credits": 3,
   "labtut_section": null,
   "offering": 18,
   "official_grade": null,
   "person": 192,
   "role": "STUD"
  },
  "model": "coredata.member",
  "pk": 386
 },
 {
  "fields": {
   "added_reason": "AUTO",
   "career": "UGRD",
   "config": "{}",
   "credits": 3,
   "labtut_section": null,
   "offering": 18,
   "official_grade": null,
   "person": 181,
   "role": "STUD"
  },
  "model": "coredata.member",
  "pk": 375
 },
 {
  "fields": {
   "added_reason": "AUTO",
   "career": "NONS",
   "config": "{}",
   "credits": 0,
   "labtut_section": null,
   "offering": 18,
   "official_grade": null,
   "person": 10,
   "role": "INST"
  },
  "model": "coredata.member",
  "pk": 13
 },
 {
  "fields": {
   "added_reason": "AUTO",
   "career": "NONS",
   "config": "{}",
   "credits": 0,
   "labtut_section": null,
   "offering": 25,
   "official_grade": null,
   "person": 430,
   "role": "TA"
  },
  "model": "coredata.member",
  "pk": 414
 },
 {
  "fields": {
   "added_reason": "AUTO",
   "career": "NONS",
   "config": "{}",
   "credits": 0,
   "labtut_section": null,
   "offering": 25,
   "official_grade": null,
   "person": 7,
   "role": "INST"
  },
  "model": "coredata.member",
  "pk": 14
 },
 {
  "fields": {
   "added_reason": "AUTO",
   "career": "UGRD",
   "config": "{}",
   "credits": 3,
   "labtut_section": null,
   "offering": 25,
   "official_grade": null,
   "person": 422,
   "role": "STUD"
  },
  "model": "coredata.member",
  "pk": 406
 },
 {
  "fields": {
   "added_reason": "AUTO",
   "career": "UGRD",
   "config": "{}",
   "credits": 3,
   "labtut_section": null,
   "offering": 25,
   "official_grade": null,
   "person": 415,
   "role": "STUD"
  },
  "model": "coredata.member",
  "pk": 399
 },
 {
  "fields": {
   "added_reason": "AUTO",
   "career": "UGRD",
   "config": "{}",
   "credits": 3,
   "labtut_section": null,
   "offering": 25,
   "official_grade": null,
   "person": 416,
   "role": "STUD"
  },
  "model": "coredata.member",
  "pk": 400
 },
 {
  "fields": {
   "added_reason": "AUTO",
   "career": "UGRD",
   "config": "{}",
   "credits": 3,
   "labtut_section": null,
   "offering": 25,
   "official_grade": null,
   "person": 424,
   "role": "STUD"
  },
  "model": "coredata.member",
  "pk": 408
 },
 {
  "fields": {
   "added_reason": "AUTO",
   "career": "UGRD",
   "config": "{}",
   "credits": 3,
   "labtut_section": null,
   "offering": 25,
   "official_grade": null,
   "person": 420,
   "role": "STUD"
  },
  "model": "coredata.member",
  "pk": 404
 },
 {
  "fields": {
   "added_reason": "AUTO",
   "career": "UGRD",
   "config": "{}",
   "credits": 3,
   "labtut_section": null,
   "offering": 25,
   "official_grade": null,
   "person": 414,
   "role": "STUD"
  },
  "model": "coredata.member",
  "pk": 398
 },
 {
  "fields": {
   "added_reason": "AUTO",
   "career": "UGRD",
   "config": "{}",
   "credits": 3,
   "labtut_section": null,
   "offering": 25,
   "official_grade": null,
   "person": 423,
   "role": "STUD"
  },
  "model": "coredata.member",
  "pk": 407
 },
 {
  "fields": {
   "added_reason": "AUTO",
   "career": "UGRD",
   "config": "{}",
   "credits": 3,
   "labtut_section": null,
   "offering": 25,
   "official_grade": null,
   "person": 429,
   "role": "STUD"
  },
  "model": "coredata.member",
  "pk": 413
 },
 {
  "fields": {
   "added_reason": "AUTO",
   "career": "UGRD",
   "config": "{}",
   "credits": 3,
   "labtut_section": null,
   "offering": 25,
   "official_grade": null,
   "person": 425,
   "role": "STUD"
  },
  "model": "coredata.member",
  "pk": 409
 },
 {
  "fields": {
   "added_reason": "AUTO",
   "career": "UGRD",
   "config": "{}",
   "credits": 3,
   "labtut_section": null,
   "offering": 25,
   "official_grade": null,
   "person": 411,
   "role": "STUD"
  },
  "model": "coredata.member",
  "pk": 395
 },
 {
  "fields": {
   "added_reason": "AUTO",
   "career": "UGRD",
   "config": "{}",
   "credits": 3,
   "labtut_section": null,
   "offering": 25,
   "official_grade": null,
   "person": 426,
   "role": "STUD"
  },
  "model": "coredata.member",
  "pk": 410
 },
 {
  "fields": {
   "added_reason": "AUTO",
   "career": "UGRD",
   "config": "{}",
   "credits": 3,
   "labtut_section": null,
   "offering": 25,
   "official_grade": null,
   "person": 427,
   "role": "STUD"
  },
  "model": "coredata.member",
  "pk": 411
 },
 {
  "fields": {
   "added_reason": "AUTO",
   "career": "UGRD",
   "config": "{}",
   "credits": 3,
   "labtut_section": null,
   "offering": 25,
   "official_grade": null,
   "person": 410,
   "role": "STUD"
  },
  "model": "coredata.member",
  "pk": 394
 },
 {
  "fields": {
   "added_reason": "AUTO",
   "career": "UGRD",
   "config": "{}",
   "credits": 3,
   "labtut_section": null,
   "offering": 25,
   "official_grade": null,
   "person": 418,
   "role": "STUD"
  },
  "model": "coredata.member",
  "pk": 402
 },
 {
  "fields": {
   "added_reason": "AUTO",
   "career": "UGRD",
   "config": "{}",
   "credits": 3,
   "labtut_section": null,
   "offering": 25,
   "official_grade": null,
   "person": 417,
   "role": "STUD"
  },
  "model": "coredata.member",
  "pk": 401
 },
 {
  "fields": {
   "added_reason": "AUTO",
   "career": "UGRD",
   "config": "{}",
   "credits": 3,
   "labtut_section": null,
   "offering": 25,
   "official_grade": null,
   "person": 413,
   "role": "STUD"
  },
  "model": "coredata.member",
  "pk": 397
 },
 {
  "fields": {
   "added_reason": "AUTO",
   "career": "UGRD",
   "config": "{}",
   "credits": 3,
   "labtut_section": null,
   "offering": 25,
   "official_grade": null,
   "person": 412,
   "role": "STUD"
  },
  "model": "coredata.member",
  "pk": 396
 },
 {
  "fields": {
   "added_reason": "AUTO",
   "career": "UGRD",
   "config": "{}",
   "credits": 3,
   "labtut_section": null,
   "offering": 25,
   "official_grade": null,
   "person": 428,
   "role": "STUD"
  },
  "model": "coredata.member",
  "pk": 412
 },
 {
  "fields": {
   "added_reason": "AUTO",
   "career": "UGRD",
   "config": "{}",
   "credits": 3,
   "labtut_section": null,
   "offering": 25,
   "official_grade": null,
   "person": 421,
   "role": "STUD"
  },
  "model": "coredata.member",
  "pk": 405
 },
 {
  "fields": {
   "added_reason": "AUTO",
   "career": "UGRD",
   "config": "{}",
   "credits": 3,
   "labtut_section": null,
   "offering": 25,
   "official_grade": null,
   "person": 419,
   "role": "STUD"
  },
  "model": "coredata.member",
  "pk": 403
 },
 {
  "fields": {
   "added_reason": "AUTO",
   "career": "NONS",
   "config": "{}",
   "credits": 0,
   "labtut_section": null,
   "offering": 3,
   "official_grade": null,
   "person": 136,
   "role": "TA"
  },
  "model": "coredata.member",
  "pk": 435
 },
 {
  "fields": {
   "added_reason": "AUTO",
   "career": "NONS",
   "config": "{}",
   "credits": 0,
   "labtut_section": null,
   "offering": 3,
   "official_grade": null,
   "person": 1,
   "role": "INST"
  },
  "model": "coredata.member",
  "pk": 15
 },
 {
  "fields": {
   "added_reason": "AUTO",
   "career": "UGRD",
   "config": "{}",
   "credits": 3,
   "labtut_section": null,
   "offering": 3,
   "official_grade": null,
   "person": 128,
   "role": "STUD"
  },
  "model": "coredata.member",
  "pk": 427
 },
 {
  "fields": {
   "added_reason": "AUTO",
   "career": "UGRD",
   "config": "{}",
   "credits": 3,
   "labtut_section": null,
   "offering": 3,
   "official_grade": null,
   "person": 121,
   "role": "STUD"
  },
  "model": "coredata.member",
  "pk": 420
 },
 {
  "fields": {
   "added_reason": "AUTO",
   "career": "UGRD",
   "config": "{}",
   "credits": 3,
   "labtut_section": null,
   "offering": 3,
   "official_grade": null,
   "person": 135,
   "role": "STUD"
  },
  "model": "coredata.member",
  "pk": 434
 },
 {
  "fields": {
   "added_reason": "AUTO",
   "career": "UGRD",
   "config": "{}",
   "credits": 3,
   "labtut_section": null,
   "offering": 3,
   "official_grade": null,
   "person": 131,
   "role": "STUD"
  },
  "model": "coredata.member",
  "pk": 430
 },
 {
  "fields": {
   "added_reason": "AUTO",
   "career": "UGRD",
   "config": "{}",
   "credits": 3,
   "labtut_section": null,
   "offering": 3,
   "official_grade": null,
   "person": 116,
   "role": "STUD"
  },
  "model": "coredata.member",
  "pk": 415
 },
 {
  "fields": {
   "added_reason": "AUTO",
   "career": "UGRD",
   "config": "{}",
   "credits": 3,
   "labtut_section": null,
   "offering": 3,
   "official_grade": null,
   "person": 130,
   "role": "STUD"
  },
  "model": "coredata.member",
  "pk": 429
 },
 {
  "fields": {
   "added_reason": "AUTO",
   "career": "UGRD",
   "config": "{}",
   "credits": 3,
   "labtut_section": null,
   "offering": 3,
   "official_grade": null,
   "person": 126,
   "role": "STUD"
  },
  "model": "coredata.member",
  "pk": 425
 },
 {
  "fields": {
   "added_reason": "AUTO",
   "career": "UGRD",
   "config": "{}",
   "credits": 3,
   "labtut_section": null,
   "offering": 3,
   "official_grade": null,
   "person": 124,
   "role": "STUD"
  },
  "model": "coredata.member",
  "pk": 423
 },
 {
  "fields": {
   "added_reason": "AUTO",
   "career": "UGRD",
   "config": "{}",
   "credits": 3,
   "labtut_section": null,
   "offering": 3,
   "official_grade": null,
   "person": 134,
   "role": "STUD"
  },
  "model": "coredata.member",
  "pk": 433
 },
 {
  "fields": {
   "added_reason": "AUTO",
   "career": "UGRD",
   "config": "{}",
   "credits": 3,
   "labtut_section": null,
   "offering": 3,
   "official_grade": null,
   "person": 120,
   "role": "STUD"
  },
  "model": "coredata.member",
  "pk": 419
 },
 {
  "fields": {
   "added_reason": "AUTO",
   "career": "UGRD",
   "config": "{}",
   "credits": 3,
   "labtut_section": null,
   "offering": 3,
   "official_grade": null,
   "person": 123,
   "role": "STUD"
  },
  "model": "coredata.member",
  "pk": 422
 },
 {
  "fields": {
   "added_reason": "AUTO",
   "career": "UGRD",
   "config": "{}",
   "credits": 3,
   "labtut_section": null,
   "offering": 3,
   "official_grade": null,
   "person": 118,
   "role": "STUD"
  },
  "model": "coredata.member",
  "pk": 417
 },
 {
  "fields": {
   "added_reason": "AUTO",
   "career": "UGRD",
   "config": "{}",
   "credits": 3,
   "labtut_section": null,
   "offering": 3,
   "official_grade": null,
   "person": 117,
   "role": "STUD"
  },
  "model": "coredata.member",
  "pk": 416
 },
 {
  "fields": {
   "added_reason": "AUTO",
   "career": "UGRD",
   "config": "{}",
   "credits": 3,
   "labtut_section": null,
   "offering": 3,
   "official_grade": null,
   "person": 119,
   "role": "STUD"
  },
  "model": "coredata.member",
  "pk": 418
 },
 {
  "fields": {
   "added_reason": "AUTO",
   "career": "UGRD",
   "config": "{}",
   "credits": 3,
   "labtut_section": null,
   "offering": 3,
   "official_grade": null,
   "person": 133,
   "role": "STUD"
  },
  "model": "coredata.member",
  "pk": 432
 },
 {
  "fields": {
   "added_reason": "AUTO",
   "career": "UGRD",
   "config": "{}",
   "credits": 3,
   "labtut_section": null,
   "offering": 3,
   "official_grade": null,
   "person": 132,
   "role": "STUD"
  },
  "model": "coredata.member",
  "pk": 431
 },
 {
  "fields": {
   "added_reason": "AUTO",
   "career": "UGRD",
   "config": "{}",
   "credits": 3,
   "labtut_section": null,
   "offering": 3,
   "official_grade": null,
   "person": 122,
   "role": "STUD"
  },
  "model": "coredata.member",
  "pk": 421
 },
 {
  "fields": {
   "added_reason": "AUTO",
   "career": "UGRD",
   "config": "{}",
   "credits": 3,
   "labtut_section": null,
   "offering": 3,
   "official_grade": null,
   "person": 127,
   "role": "STUD"
  },
  "model": "coredata.member",
  "pk": 426
 },
 {
  "fields": {
   "added_reason": "AUTO",
   "career": "UGRD",
   "config": "{}",
   "credits": 3,
   "labtut_section": null,
   "offering": 3,
   "official_grade": null,
   "person": 125,
   "role": "STUD"
  },
  "model": "coredata.member",
  "pk": 424
 },
 {
  "fields": {
   "added_reason": "AUTO",
   "career": "UGRD",
   "config": "{}",
   "credits": 3,
   "labtut_section": null,
   "offering": 3,
   "official_grade": null,
   "person": 129,
   "role": "STUD"
  },
  "model": "coredata.member",
  "pk": 428
 },
 {
  "fields": {
   "added_reason": "AUTO",
   "career": "NONS",
   "config": "{}",
   "credits": 0,
   "labtut_section": null,
   "offering": 10,
   "official_grade": null,
   "person": 52,
   "role": "TA"
  },
  "model": "coredata.member",
  "pk": 456
 },
 {
  "fields": {
   "added_reason": "AUTO",
   "career": "UGRD",
   "config": "{}",
   "credits": 3,
   "labtut_section": null,
   "offering": 10,
   "official_grade": null,
   "person": 40,
   "role": "STUD"
  },
  "model": "coredata.member",
  "pk": 444
 },
 {
  "fields": {
   "added_reason": "AUTO",
   "career": "UGRD",
   "config": "{}",
   "credits": 3,
   "labtut_section": null,
   "offering": 10,
   "official_grade": null,
   "person": 42,
   "role": "STUD"
  },
  "model": "coredata.member",
  "pk": 446
 },
 {
  "fields": {
   "added_reason": "AUTO",
   "career": "UGRD",
   "config": "{}",
   "credits": 3,
   "labtut_section": null,
   "offering": 10,
   "official_grade": null,
   "person": 36,
   "role": "STUD"
  },
  "model": "coredata.member",
  "pk": 440
 },
 {
  "fields": {
   "added_reason": "AUTO",
   "career": "UGRD",
   "config": "{}",
   "credits": 3,
   "labtut_section": null,
   "offering": 10,
   "official_grade": null,
   "person": 43,
   "role": "STUD"
  },
  "model": "coredata.member",
  "pk": 447
 },
 {
  "fields": {
   "added_reason": "AUTO",
   "career": "UGRD",
   "config": "{}",
   "credits": 3,
   "labtut_section": null,
   "offering": 10,
   "official_grade": null,
   "person": 34,
   "role": "STUD"
  },
  "model": "coredata.member",
  "pk": 438
 },
 {
  "fields": {
   "added_reason": "AUTO",
   "career": "UGRD",
   "config": "{}",
   "credits": 3,
   "labtut_section": null,
   "offering": 10,
   "official_grade": null,
   "person": 48,
   "role": "STUD"
  },
  "model": "coredata.member",
  "pk": 452
 },
 {
  "fields": {
   "added_reason": "AUTO",
   "career": "UGRD",
   "config": "{}",
   "credits": 3,
   "labtut_section": null,
   "offering": 10,
   "official_grade": null,
   "person": 33,
   "role": "STUD"
  },
  "model": "coredata.member",
  "pk": 437
 },
 {
  "fields": {
   "added_reason": "AUTO",
   "career": "UGRD",
   "config": "{}",
   "credits": 3,
   "labtut_section": null,
   "offering": 10,
   "official_grade": null,
   "person": 50,
   "role": "STUD"
  },
  "model": "coredata.member",
  "pk": 454
 },
 {
  "fields": {
   "added_reason": "AUTO",
   "career": "UGRD",
   "config": "{}",
   "credits": 3,
   "labtut_section": null,
   "offering": 10,
   "official_grade": null,
   "person": 46,
   "role": "STUD"
  },
  "model": "coredata.member",
  "pk": 450
 },
 {
  "fields": {
   "added_reason": "AUTO",
   "career": "UGRD",
   "config": "{}",
   "credits": 3,
   "labtut_section": null,
   "offering": 10,
   "official_grade": null,
   "person": 39,
   "role": "STUD"
  },
  "model": "coredata.member",
  "pk": 443
 },
 {
  "fields": {
   "added_reason": "AUTO",
   "career": "UGRD",
   "config": "{}",
   "credits": 3,
   "labtut_section": null,
   "offering": 10,
   "official_grade": null,
   "person": 35,
   "role": "STUD"
  },
  "model": "coredata.member",
  "pk": 439
 },
 {
  "fields": {
   "added_reason": "AUTO",
   "career": "UGRD",
   "config": "{}",
   "credits": 3,
   "labtut_section": null,
   "offering": 10,
   "official_grade": null,
   "person": 41,
   "role": "STUD"
  },
  "model": "coredata.member",
  "pk": 445
 },
 {
  "fields": {
   "added_reason": "AUTO",
   "career": "UGRD",
   "config": "{}",
   "credits": 3,
   "labtut_section": null,
   "offering": 10,
   "official_grade": null,
   "person": 44,
   "role": "STUD"
  },
  "model": "coredata.member",
  "pk": 448
 },
 {
  "fields": {
   "added_reason": "AUTO",
   "career": "UGRD",
   "config": "{}",
   "credits": 3,
   "labtut_section": null,
   "offering": 10,
   "official_grade": null,
   "person": 32,
   "role": "STUD"
  },
  "model": "coredata.member",
  "pk": 436
 },
 {
  "fields": {
   "added_reason": "AUTO",
   "career": "UGRD",
   "config": "{}",
   "credits": 3,
   "labtut_section": null,
   "offering": 10,
   "official_grade": null,
   "person": 38,
   "role": "STUD"
  },
  "model": "coredata.member",
  "pk": 442
 },
 {
  "fields": {
   "added_reason": "AUTO",
   "career": "UGRD",
   "config": "{}",
   "credits": 3,
   "labtut_section": null,
   "offering": 10,
   "official_grade": null,
   "person": 47,
   "role": "STUD"
  },
  "model": "coredata.member",
  "pk": 451
 },
 {
  "fields": {
   "added_reason": "AUTO",
   "career": "UGRD",
   "config": "{}",
   "credits": 3,
   "labtut_section": null,
   "offering": 10,
   "official_grade": null,
   "person": 51,
   "role": "STUD"
  },
  "model": "coredata.member",
  "pk": 455
 },
 {
  "fields": {
   "added_reason": "AUTO",
   "career": "UGRD",
   "config": "{}",
   "credits": 3,
   "labtut_section": null,
   "offering": 10,
   "official_grade": null,
   "person": 49,
   "role": "STUD"
  },
  "model": "coredata.member",
  "pk": 453
 },
 {
  "fields": {
   "added_reason": "AUTO",
   "career": "UGRD",
   "config": "{}",
   "credits": 3,
   "labtut_section": null,
   "offering": 10,
   "official_grade": null,
   "person": 45,
   "role": "STUD"
  },
  "model": "coredata.member",
  "pk": 449
 },
 {
  "fields": {
   "added_reason": "AUTO",
   "career": "UGRD",
   "config": "{}",
   "credits": 3,
   "labtut_section": null,
   "offering": 10,
   "official_grade": null,
   "person": 37,
   "role": "STUD"
  },
  "model": "coredata.member",
  "pk": 441
 },
 {
  "fields": {
   "added_reason": "AUTO",
   "career": "NONS",
   "config": "{}",
   "credits": 0,
   "labtut_section": null,
   "offering": 11,
   "official_grade": null,
   "person": 73,
   "role": "TA"
  },
  "model": "coredata.member",
  "pk": 477
 },
 {
  "fields": {
   "added_reason": "AUTO",
   "career": "UGRD",
   "config": "{}",
   "credits": 3,
   "labtut_section": null,
   "offering": 11,
   "official_grade": null,
   "person": 72,
   "role": "STUD"
  },
  "model": "coredata.member",
  "pk": 476
 },
 {
  "fields": {
   "added_reason": "AUTO",
   "career": "UGRD",
   "config": "{}",
   "credits": 3,
   "labtut_section": null,
   "offering": 11,
   "official_grade": null,
   "person": 56,
   "role": "STUD"
  },
  "model": "coredata.member",
  "pk": 460
 },
 {
  "fields": {
   "added_reason": "AUTO",
   "career": "UGRD",
   "config": "{}",
   "credits": 3,
   "labtut_section": null,
   "offering": 11,
   "official_grade": null,
   "person": 61,
   "role": "STUD"
  },
  "model": "coredata.member",
  "pk": 465
 },
 {
  "fields": {
   "added_reason": "AUTO",
   "career": "UGRD",
   "config": "{}",
   "credits": 3,
   "labtut_section": null,
   "offering": 11,
   "official_grade": null,
   "person": 71,
   "role": "STUD"
  },
  "model": "coredata.member",
  "pk": 475
 },
 {
  "fields": {
   "added_reason": "AUTO",
   "career": "UGRD",
   "config": "{}",
   "credits": 3,
   "labtut_section": null,
   "offering": 11,
   "official_grade": null,
   "person": 70,
   "role": "STUD"
  },
  "model": "coredata.member",
  "pk": 474
 },
 {
  "fields": {
   "added_reason": "AUTO",
   "career": "UGRD",
   "config": "{}",
   "credits": 3,
   "labtut_section": null,
   "offering": 11,
   "official_grade": null,
   "person": 57,
   "role": "STUD"
  },
  "model": "coredata.member",
  "pk": 461
 },
 {
  "fields": {
   "added_reason": "AUTO",
   "career": "UGRD",
   "config": "{}",
   "credits": 3,
   "labtut_section": null,
   "offering": 11,
   "official_grade": null,
   "person": 60,
   "role": "STUD"
  },
  "model": "coredata.member",
  "pk": 464
 },
 {
  "fields": {
   "added_reason": "AUTO",
   "career": "UGRD",
   "config": "{}",
   "credits": 3,
   "labtut_section": null,
   "offering": 11,
   "official_grade": null,
   "person": 55,
   "role": "STUD"
  },
  "model": "coredata.member",
  "pk": 459
 },
 {
  "fields": {
   "added_reason": "AUTO",
   "career": "UGRD",
   "config": "{}",
   "credits": 3,
   "labtut_section": null,
   "offering": 11,
   "official_grade": null,
   "person": 58,
   "role": "STUD"
  },
  "model": "coredata.member",
  "pk": 462
 },
 {
  "fields": {
   "added_reason": "AUTO",
   "career": "UGRD",
   "config": "{}",
   "credits": 3,
   "labtut_section": null,
   "offering": 11,
   "official_grade": null,
   "person": 69,
   "role": "STUD"
  },
  "model": "coredata.member",
  "pk": 473
 },
 {
  "fields": {
   "added_reason": "AUTO",
   "career": "UGRD",
   "config": "{}",
   "credits": 3,
   "labtut_section": null,
   "offering": 11,
   "official_grade": null,
   "person": 68,
   "role": "STUD"
  },
  "model": "coredata.member",
  "pk": 472
 },
 {
  "fields": {
   "added_reason": "AUTO",
   "career": "UGRD",
   "config": "{}",
   "credits": 3,
   "labtut_section": null,
   "offering": 11,
   "official_grade": null,
   "person": 66,
   "role": "STUD"
  },
  "model": "coredata.member",
  "pk": 470
 },
 {
  "fields": {
   "added_reason": "AUTO",
   "career": "UGRD",
   "config": "{}",
   "credits": 3,
   "labtut_section": null,
   "offering": 11,
   "official_grade": null,
   "person": 53,
   "role": "STUD"
  },
  "model": "coredata.member",
  "pk": 457
 },
 {
  "fields": {
   "added_reason": "AUTO",
   "career": "UGRD",
   "config": "{}",
   "credits": 3,
   "labtut_section": null,
   "offering": 11,
   "official_grade": null,
   "person": 54,
   "role": "STUD"
  },
  "model": "coredata.member",
  "pk": 458
 },
 {
  "fields": {
   "added_reason": "AUTO",
   "career": "UGRD",
   "config": "{}",
   "credits": 3,
   "labtut_section": null,
   "offering": 11,
   "official_grade": null,
   "person": 67,
   "role": "STUD"
  },
  "model": "coredata.member",
  "pk": 471
 },
 {
  "fields": {
   "added_reason": "AUTO",
   "career": "UGRD",
   "config": "{}",
   "credits": 3,
   "labtut_section": null,
   "offering": 11,
   "official_grade": null,
   "person": 64,
   "role": "STUD"
  },
  "model": "coredata.member",
  "pk": 468
 },
 {
  "fields": {
   "added_reason": "AUTO",
   "career": "UGRD",
   "config": "{}",
   "credits": 3,
   "labtut_section": null,
   "offering": 11,
   "official_grade": null,
   "person": 63,
   "role": "STUD"
  },
  "model": "coredata.member",
  "pk": 467
 },
 {
  "fields": {
   "added_reason": "AUTO",
   "career": "UGRD",
   "config": "{}",
   "credits": 3,
   "labtut_section": null,
   "offering": 11,
   "official_grade": null,
   "person": 65,
   "role": "STUD"
  },
  "model": "coredata.member",
  "pk": 469
 },
 {
  "fields": {
   "added_reason": "AUTO",
   "career": "UGRD",
   "config": "{}",
   "credits": 3,
   "labtut_section": null,
   "offering": 11,
   "official_grade": null,
   "person": 62,
   "role": "STUD"
  },
  "model": "coredata.member",
  "pk": 466
 },
 {
  "fields": {
   "added_reason": "AUTO",
   "career": "UGRD",
   "config": "{}",
   "credits": 3,
   "labtut_section": null,
   "offering": 11,
   "official_grade": null,
   "person": 59,
   "role": "STUD"
  },
  "model": "coredata.member",
  "pk": 463
 },
 {
  "fields": {
   "added_reason": "AUTO",
   "career": "NONS",
   "config": "{}",
   "credits": 0,
   "labtut_section": null,
   "offering": 12,
   "official_grade": null,
   "person": 136,
   "role": "TA"
  },
  "model": "coredata.member",
  "pk": 498
 },
 {
  "fields": {
   "added_reason": "AUTO",
   "career": "UGRD",
   "config": "{}",
   "credits": 3,
   "labtut_section": null,
   "offering": 12,
   "official_grade": null,
   "person": 128,
   "role": "STUD"
  },
  "model": "coredata.member",
  "pk": 490
 },
 {
  "fields": {
   "added_reason": "AUTO",
   "career": "UGRD",
   "config": "{}",
   "credits": 3,
   "labtut_section": null,
   "offering": 12,
   "official_grade": null,
   "person": 121,
   "role": "STUD"
  },
  "model": "coredata.member",
  "pk": 483
 },
 {
  "fields": {
   "added_reason": "AUTO",
   "career": "UGRD",
   "config": "{}",
   "credits": 3,
   "labtut_section": null,
   "offering": 12,
   "official_grade": null,
   "person": 135,
   "role": "STUD"
  },
  "model": "coredata.member",
  "pk": 497
 },
 {
  "fields": {
   "added_reason": "AUTO",
   "career": "UGRD",
   "config": "{}",
   "credits": 3,
   "labtut_section": null,
   "offering": 12,
   "official_grade": null,
   "person": 131,
   "role": "STUD"
  },
  "model": "coredata.member",
  "pk": 493
 },
 {
  "fields": {
   "added_reason": "AUTO",
   "career": "UGRD",
   "config": "{}",
   "credits": 3,
   "labtut_section": null,
   "offering": 12,
   "official_grade": null,
   "person": 116,
   "role": "STUD"
  },
  "model": "coredata.member",
  "pk": 478
 },
 {
  "fields": {
   "added_reason": "AUTO",
   "career": "UGRD",
   "config": "{}",
   "credits": 3,
   "labtut_section": null,
   "offering": 12,
   "official_grade": null,
   "person": 130,
   "role": "STUD"
  },
  "model": "coredata.member",
  "pk": 492
 },
 {
  "fields": {
   "added_reason": "AUTO",
   "career": "UGRD",
   "config": "{}",
   "credits": 3,
   "labtut_section": null,
   "offering": 12,
   "official_grade": null,
   "person": 126,
   "role": "STUD"
  },
  "model": "coredata.member",
  "pk": 488
 },
 {
  "fields": {
   "added_reason": "AUTO",
   "career": "UGRD",
   "config": "{}",
   "credits": 3,
   "labtut_section": null,
   "offering": 12,
   "official_grade": null,
   "person": 124,
   "role": "STUD"
  },
  "model": "coredata.member",
  "pk": 486
 },
 {
  "fields": {
   "added_reason": "AUTO",
   "career": "UGRD",
   "config": "{}",
   "credits": 3,
   "labtut_section": null,
   "offering": 12,
   "official_grade": null,
   "person": 134,
   "role": "STUD"
  },
  "model": "coredata.member",
  "pk": 496
 },
 {
  "fields": {
   "added_reason": "AUTO",
   "career": "UGRD",
   "config": "{}",
   "credits": 3,
   "labtut_section": null,
   "offering": 12,
   "official_grade": null,
   "person": 120,
   "role": "STUD"
  },
  "model": "coredata.member",
  "pk": 482
 },
 {
  "fields": {
   "added_reason": "AUTO",
   "career": "UGRD",
   "config": "{}",
   "credits": 3,
   "labtut_section": null,
   "offering": 12,
   "official_grade": null,
   "person": 123,
   "role": "STUD"
  },
  "model": "coredata.member",
  "pk": 485
 },
 {
  "fields": {
   "added_reason": "AUTO",
   "career": "UGRD",
   "config": "{}",
   "credits": 3,
   "labtut_section": null,
   "offering": 12,
   "official_grade": null,
   "person": 118,
   "role": "STUD"
  },
  "model": "coredata.member",
  "pk": 480
 },
 {
  "fields": {
   "added_reason": "AUTO",
   "career": "UGRD",
   "config": "{}",
   "credits": 3,
   "labtut_section": null,
   "offering": 12,
   "official_grade": null,
   "person": 117,
   "role": "STUD"
  },
  "model": "coredata.member",
  "pk": 479
 },
 {
  "fields": {
   "added_reason": "AUTO",
   "career": "UGRD",
   "config": "{}",
   "credits": 3,
   "labtut_section": null,
   "offering": 12,
   "official_grade": null,
   "person": 119,
   "role": "STUD"
  },
  "model": "coredata.member",
  "pk": 481
 },
 {
  "fields": {
   "added_reason": "AUTO",
   "career": "UGRD",
   "config": "{}",
   "credits": 3,
   "labtut_section": null,
   "offering": 12,
   "official_grade": null,
   "person": 133,
   "role": "STUD"
  },
  "model": "coredata.member",
  "pk": 495
 },
 {
  "fields": {
   "added_reason": "AUTO",
   "career": "UGRD",
   "config": "{}",
   "credits": 3,
   "labtut_section": null,
   "offering": 12,
   "official_grade": null,
   "person": 132,
   "role": "STUD"
  },
  "model": "coredata.member",
  "pk": 494
 },
 {
  "fields": {
   "added_reason": "AUTO",
   "career": "UGRD",
   "config": "{}",
   "credits": 3,
   "labtut_section": null,
   "offering": 12,
   "official_grade": null,
   "person": 122,
   "role": "STUD"
  },
  "model": "coredata.member",
  "pk": 484
 },
 {
  "fields": {
   "added_reason": "AUTO",
   "career": "UGRD",
   "config": "{}",
   "credits": 3,
   "labtut_section": null,
   "offering": 12,
   "official_grade": null,
   "person": 127,
   "role": "STUD"
  },
  "model": "coredata.member",
  "pk": 489
 },
 {
  "fields": {
   "added_reason": "AUTO",
   "career": "UGRD",
   "config": "{}",
   "credits": 3,
   "labtut_section": null,
   "offering": 12,
   "official_grade": null,
   "person": 125,
   "role": "STUD"
  },
  "model": "coredata.member",
  "pk": 487
 },
 {
  "fields": {
   "added_reason": "AUTO",
   "career": "UGRD",
   "config": "{}",
   "credits": 3,
   "labtut_section": null,
   "offering": 12,
   "official_grade": null,
   "person": 129,
   "role": "STUD"
  },
  "model": "coredata.member",
  "pk": 491
 },
 {
  "fields": {
   "added_reason": "AUTO",
   "career": "NONS",
   "config": "{}",
   "credits": 0,
   "labtut_section": null,
   "offering": 13,
   "official_grade": null,
   "person": 199,
   "role": "TA"
  },
  "model": "coredata.member",
  "pk": 519
 },
 {
  "fields": {
   "added_reason": "AUTO",
   "career": "UGRD",
   "config": "{}",
   "credits": 3,
   "labtut_section": null,
   "offering": 13,
   "official_grade": null,
   "person": 184,
   "role": "STUD"
  },
  "model": "coredata.member",
  "pk": 504
 },
 {
  "fields": {
   "added_reason": "AUTO",
   "career": "UGRD",
   "config": "{}",
   "credits": 3,
   "labtut_section": null,
   "offering": 13,
   "official_grade": null,
   "person": 194,
   "role": "STUD"
  },
  "model": "coredata.member",
  "pk": 514
 },
 {
  "fields": {
   "added_reason": "AUTO",
   "career": "UGRD",
   "config": "{}",
   "credits": 3,
   "labtut_section": null,
   "offering": 13,
   "official_grade": null,
   "person": 183,
   "role": "STUD"
  },
  "model": "coredata.member",
  "pk": 503
 },
 {
  "fields": {
   "added_reason": "AUTO",
   "career": "UGRD",
   "config": "{}",
   "credits": 3,
   "labtut_section": null,
   "offering": 13,
   "official_grade": null,
   "person": 193,
   "role": "STUD"
  },
  "model": "coredata.member",
  "pk": 513
 },
 {
  "fields": {
   "added_reason": "AUTO",
   "career": "UGRD",
   "config": "{}",
   "credits": 3,
   "labtut_section": null,
   "offering": 13,
   "official_grade": null,
   "person": 198,
   "role": "STUD"
  },
  "model": "coredata.member",
  "pk": 518
 },
 {
  "fields": {
   "added_reason": "AUTO",
   "career": "UGRD",
   "config": "{}",
   "credits": 3,
   "labtut_section": null,
   "offering": 13,
   "official_grade": null,
   "person": 190,
   "role": "STUD"
  },
  "model": "coredata.member",
  "pk": 510
 },
 {
  "fields": {
   "added_reason": "AUTO",
   "career": "UGRD",
   "config": "{}",
   "credits": 3,
   "labtut_section": null,
   "offering": 13,
   "official_grade": null,
   "person": 179,
   "role": "STUD"
  },
  "model": "coredata.member",
  "pk": 499
 },
 {
  "fields": {
   "added_reason": "AUTO",
   "career": "UGRD",
   "config": "{}",
   "credits": 3,
   "labtut_section": null,
   "offering": 13,
   "official_grade": null,
   "person": 182,
   "role": "STUD"
  },
  "model": "coredata.member",
  "pk": 502
 },
 {
  "fields": {
   "added_reason": "AUTO",
   "career": "UGRD",
   "config": "{}",
   "credits": 3,
   "labtut_section": null,
   "offering": 13,
   "official_grade": null,
   "person": 191,
   "role": "STUD"
  },
  "model": "coredata.member",
  "pk": 511
 },
 {
  "fields": {
   "added_reason": "AUTO",
   "career": "UGRD",
   "config": "{}",
   "credits": 3,
   "labtut_section": null,
   "offering": 13,
   "official_grade": null,
   "person": 189,
   "role": "STUD"
  },
  "model": "coredata.member",
  "pk": 509
 },
 {
  "fields": {
   "added_reason": "AUTO",
   "career": "UGRD",
   "config": "{}",
   "credits": 3,
   "labtut_section": null,
   "offering": 13,
   "official_grade": null,
   "person": 196,
   "role": "STUD"
  },
  "model": "coredata.member",
  "pk": 516
 },
 {
  "fields": {
   "added_reason": "AUTO",
   "career": "UGRD",
   "config": "{}",
   "credits": 3,
   "labtut_section": null,
   "offering": 13,
   "official_grade": null,
   "person": 188,
   "role": "STUD"
  },
  "model": "coredata.member",
  "pk": 508
 },
 {
  "fields": {
   "added_reason": "AUTO",
   "career": "UGRD",
   "config": "{}",
   "credits": 3,
   "labtut_section": null,
   "offering": 13,
   "official_grade": null,
   "person": 186,
   "role": "STUD"
  },
  "model": "coredata.member",
  "pk": 506
 },
 {
  "fields": {
   "added_reason": "AUTO",
   "career": "UGRD",
   "config": "{}",
   "credits": 3,
   "labtut_section": null,
   "offering": 13,
   "official_grade": null,
   "person": 180,
   "role": "STUD"
  },
  "model": "coredata.member",
  "pk": 500
 },
 {
  "fields": {
   "added_reason": "AUTO",
   "career": "UGRD",
   "config": "{}",
   "credits": 3,
   "labtut_section": null,
   "offering": 13,
   "official_grade": null,
   "person": 185,
   "role": "STUD"
  },
  "model": "coredata.member",
  "pk": 505
 },
 {
  "fields": {
   "added_reason": "AUTO",
   "career": "UGRD",
   "config": "{}",
   "credits": 3,
   "labtut_section": null,
   "offering": 13,
   "official_grade": null,
   "person": 195,
   "role": "STUD"
  },
  "model": "coredata.member",
  "pk": 515
 },
 {
  "fields": {
   "added_reason": "AUTO",
   "career": "UGRD",
   "config": "{}",
   "credits": 3,
   "labtut_section": null,
   "offering": 13,
   "official_grade": null,
   "person": 187,
   "role": "STUD"
  },
  "model": "coredata.member",
  "pk": 507
 },
 {
  "fields": {
   "added_reason": "AUTO",
   "career": "UGRD",
   "config": "{}",
   "credits": 3,
   "labtut_section": null,
   "offering": 13,
   "official_grade": null,
   "person": 197,
   "role": "STUD"
  },
  "model": "coredata.member",
  "pk": 517
 },
 {
  "fields": {
   "added_reason": "AUTO",
   "career": "UGRD",
   "config": "{}",
   "credits": 3,
   "labtut_section": null,
   "offering": 13,
   "official_grade": null,
   "person": 192,
   "role": "STUD"
  },
  "model": "coredata.member",
  "pk": 512
 },
 {
  "fields": {
   "added_reason": "AUTO",
   "career": "UGRD",
   "config": "{}",
   "credits": 3,
   "labtut_section": null,
   "offering": 13,
   "official_grade": null,
   "person": 181,
   "role": "STUD"
  },
  "model": "coredata.member",
  "pk": 501
 },
  {
  "fields": {
   "added_reason": "AUTO",
   "career": "NONS",
   "config": "{}",
   "credits": 0,
   "labtut_section": null,
   "offering": 28,
   "official_grade": null,
   "person": 8,
   "role": "INST"
  },
  "model": "coredata.member",
  "pk": 541
 },
 {
  "fields": {
   "config": "{\"url\": \"http://www.cs.sfu.ca/CC/165/common/a1\"}",
   "deleted": false,
   "due_date": "2012-07-06 00:00:00",
   "group": false,
   "name": "Assignment 1",
   "offering": 15,
   "percent": "10",
   "position": 1,
   "short_name": "A1",
   "slug": "a1",
   "status": "RLS"
  },
  "model": "grades.activity",
  "pk": 1
 },
 {
  "fields": {
   "config": "{}",
   "deleted": false,
   "due_date": "2012-07-16 00:00:00",
   "group": true,
   "name": "Assignment 2",
   "offering": 15,
   "percent": "10",
   "position": 2,
   "short_name": "A2",
   "slug": "a2",
   "status": "URLS"
  },
  "model": "grades.activity",
  "pk": 2
 },
 {
  "fields": {
   "config": "{}",
   "deleted": false,
   "due_date": "2012-07-26 00:00:00",
   "group": true,
   "name": "Project",
   "offering": 15,
   "percent": "40",
   "position": 3,
   "short_name": "Proj",
   "slug": "proj",
   "status": "URLS"
  },
  "model": "grades.activity",
  "pk": 3
 },
 {
  "fields": {
   "config": "{}",
   "deleted": false,
   "due_date": "2012-07-27 00:00:00",
   "group": false,
   "name": "Report",
   "offering": 15,
   "percent": "10",
   "position": 4,
   "short_name": "Rep",
   "slug": "rep",
   "status": "URLS"
  },
  "model": "grades.activity",
  "pk": 4
 },
 {
  "fields": {
   "config": "{}",
   "deleted": false,
   "due_date": null,
   "group": false,
   "name": "Final Exam",
   "offering": 15,
   "percent": "30",
   "position": 5,
   "short_name": "Exam",
   "slug": "exam",
   "status": "URLS"
  },
  "model": "grades.activity",
  "pk": 5
 },
 {
  "fields": {
   "config": "{}",
   "deleted": false,
   "due_date": null,
   "group": false,
   "name": "Final Percent",
   "offering": 15,
   "percent": "0",
   "position": 6,
   "short_name": "Perc",
   "slug": "perc",
   "status": "INVI"
  },
  "model": "grades.activity",
  "pk": 6
 },
 {
  "fields": {
   "config": "{}",
   "deleted": false,
   "due_date": null,
   "group": false,
   "name": "Letter Grade",
   "offering": 15,
   "percent": "0",
   "position": 6,
   "short_name": "Letter",
   "slug": "letter",
   "status": "INVI"
  },
  "model": "grades.activity",
  "pk": 7
 },
 {
  "fields": {
   "max_grade": "10"
  },
  "model": "grades.numericactivity",
  "pk": 1
 },
 {
  "fields": {
   "max_grade": "20"
  },
  "model": "grades.numericactivity",
  "pk": 2
 },
 {
  "fields": {
   "max_grade": "90"
  },
  "model": "grades.numericactivity",
  "pk": 5
 },
 {
  "fields": {
   "max_grade": "100"
  },
  "model": "grades.numericactivity",
  "pk": 6
 },
 {
  "fields": {},
  "model": "grades.letteractivity",
  "pk": 3
 },
 {
  "fields": {},
  "model": "grades.letteractivity",
  "pk": 4
 },
 {
  "fields": {},
  "model": "grades.letteractivity",
  "pk": 7
 },
 {
  "fields": {
   "formula": "[[activitytotal]]"
  },
  "model": "grades.calnumericactivity",
  "pk": 6
 },
 {
  "fields": {
   "exam_activity": null,
   "letter_cutoffs": "[95, 90, 85, 80, 75, 70, 65, 60, 55, 50]",
   "numeric_activity": 6
  },
  "model": "grades.calletteractivity",
  "pk": 7
 },
 {
  "fields": {
   "activity": 1,
   "deleted": false,
   "description": "The code you're submitting.",
   "position": 1,
   "slug": "Code-File",
   "specified_filename": "",
   "title": "Code File"
  },
  "model": "submission.submissioncomponent",
  "pk": 1
 },
 {
  "fields": {
   "activity": 1,
   "deleted": false,
   "description": "Report on what you did.",
   "position": 2,
   "slug": "Report",
   "specified_filename": "report.pdf",
   "title": "Report"
  },
  "model": "submission.submissioncomponent",
  "pk": 2
 },
 {
  "fields": {
   "allowed": ".py,.java",
   "max_size": 2000
  },
  "model": "submission.codecomponent",
  "pk": 1
 },
 {
  "fields": {
   "max_size": 5000
  },
  "model": "submission.pdfcomponent",
  "pk": 2
 },
 {
  "fields": {
   "deleted": false,
   "description": "Part 1 was done well and seems to work.",
   "max_mark": "5",
   "numeric_activity": 1,
   "position": 1,
   "slug": "part-1",
   "title": "Part 1"
  },
  "model": "marking.activitycomponent",
  "pk": 1
 },
 {
  "fields": {
   "deleted": false,
   "description": "Part 2 was done well and seems to work.",
   "max_mark": "5",
   "numeric_activity": 1,
   "position": 2,
   "slug": "part-2",
   "title": "Part 2"
  },
  "model": "marking.activitycomponent",
  "pk": 2
 },
 {
  "fields": {
   "courseoffering": 15,
   "groupForSemester": true,
   "manager": 524,
   "name": "AnotherGroup",
   "slug": "g-anothergroup",
   "svn_slug": "g-anothergroup"
  },
  "model": "groups.group",
  "pk": 2
 },
 {
  "fields": {
   "courseoffering": 15,
   "groupForSemester": true,
   "manager": 520,
   "name": "SomeGroup",
   "slug": "g-somegroup",
   "svn_slug": "g-somegroup"
  },
  "model": "groups.group",
  "pk": 1
 },
 {
  "fields": {
   "activity": 2,
   "confirmed": true,
   "group": 1,
   "student": 520
  },
  "model": "groups.groupmember",
  "pk": 1
 },
 {
  "fields": {
   "activity": 2,
   "confirmed": true,
   "group": 2,
   "student": 534
  },
  "model": "groups.groupmember",
  "pk": 11
 },
 {
  "fields": {
   "activity": 3,
   "confirmed": true,
   "group": 2,
   "student": 534
  },
  "model": "groups.groupmember",
  "pk": 12
 },
 {
  "fields": {
   "activity": 2,
   "confirmed": true,
   "group": 1,
   "student": 530
  },
  "model": "groups.groupmember",
  "pk": 4
 },
 {
  "fields": {
   "activity": 2,
   "confirmed": true,
   "group": 1,
   "student": 525
  },
  "model": "groups.groupmember",
  "pk": 3
 },
 {
  "fields": {
   "activity": 2,
   "confirmed": true,
   "group": 2,
   "student": 524
  },
  "model": "groups.groupmember",
  "pk": 5
 },
 {
  "fields": {
   "activity": 3,
   "confirmed": true,
   "group": 2,
   "student": 524
  },
  "model": "groups.groupmember",
  "pk": 6
 },
 {
  "fields": {
   "activity": 2,
   "confirmed": true,
   "group": 1,
   "student": 521
  },
  "model": "groups.groupmember",
  "pk": 2
 },
 {
  "fields": {
   "activity": 2,
   "confirmed": true,
   "group": 2,
   "student": 526
  },
  "model": "groups.groupmember",
  "pk": 7
 },
 {
  "fields": {
   "activity": 3,
   "confirmed": true,
   "group": 2,
   "student": 526
  },
  "model": "groups.groupmember",
  "pk": 8
 },
 {
  "fields": {
   "activity": 2,
   "confirmed": true,
   "group": 2,
   "student": 527
  },
  "model": "groups.groupmember",
  "pk": 9
 },
 {
  "fields": {
   "activity": 3,
   "confirmed": true,
   "group": 2,
   "student": 527
  },
  "model": "groups.groupmember",
  "pk": 10
 },
 {
  "fields": {
   "person": 558,
   "role": "GRAD",
   "unit": 3
  },
  "model": "coredata.role",
  "pk": 1
 },
 {
  "fields": {
   "person": 559,
   "role": "ADVS",
   "unit": 3
  },
  "model": "coredata.role",
  "pk": 2
 },
 {
  "fields": {
   "person": 8,
   "role": "GRAD",
   "unit": 3
  },
  "model": "coredata.role",
  "pk": 3
 },
 {
  "fields": {
   "person": 8,
   "role": "ADMN",
   "unit": 3
  },
  "model": "coredata.role",
  "pk": 4
 },
 {
  "fields": {
   "person": 8,
   "role": "TAAD",
   "unit": 3
  },
  "model": "coredata.role",
  "pk": 5
 },
 {
  "fields": {
   "person": 8,
   "role": "FUND",
   "unit": 3
  },
  "model": "coredata.role",
  "pk": 6
 },
 {
  "fields": {
   "person": 10,
   "role": "GRPD",
   "unit": 3
  },
  "model": "coredata.role",
  "pk": 7
 },
 {
  "fields": {
   "person": 8,
   "role": "SYSA",
   "unit": 1
  },
  "model": "coredata.role",
  "pk": 8
 },
 {
  "fields": {
   "person": 558,
   "role": "SYSA",
   "unit": 1
  },
  "model": "coredata.role",
  "pk": 9
 },
 {
  "fields": {
   "acad_org": "COMP SCI",
   "config": "{}",
   "label": "COMP",
   "name": "School of Computing Science",
   "parent": null,
   "slug": "comp"
  },
  "model": "coredata.unit",
  "pk": 3
 },
 {
  "fields": {
   "acad_org": "ENG SCI",
   "config": "{}",
   "label": "ENG",
   "name": "School of Engineering Science",
   "parent": null,
   "slug": "eng"
  },
  "model": "coredata.unit",
  "pk": 2
 },
 {
  "fields": {
   "acad_org": null,
   "config": "{}",
   "label": "UNIV",
   "name": "Simon Fraser University",
   "parent": null,
   "slug": "unit"
  },
  "model": "coredata.unit",
  "pk": 1
 },
 {
  "fields": {
   "created_at": "2012-05-30 11:28:51",
   "created_by": "",
   "description": "MSc Project option",
   "label": "MSc Project",
   "modified_by": null,
   "slug": "mscproject",
   "unit": 3,
   "updated_at": "2012-05-30 11:28:51"
  },
  "model": "grad.gradprogram",
  "pk": 1
 },
 {
  "fields": {
   "created_at": "2012-05-30 11:28:51",
   "created_by": "",
   "description": "MSc Thesis option",
   "label": "MSc Thesis",
   "modified_by": null,
   "slug": "mscthesis",
   "unit": 3,
   "updated_at": "2012-05-30 11:28:51"
  },
  "model": "grad.gradprogram",
  "pk": 2
 },
 {
  "fields": {
   "created_at": "2012-05-30 11:28:51",
   "created_by": "",
   "description": "PhD",
   "label": "PhD",
   "modified_by": null,
   "slug": "phd",
   "unit": 3,
   "updated_at": "2012-05-30 11:28:51"
  },
  "model": "grad.gradprogram",
  "pk": 3
 },
 {
  "fields": {
   "created_at": "2012-05-30 11:28:51",
   "created_by": "",
   "description": "Masters in Engineering",
   "label": "MEng",
   "modified_by": null,
   "slug": "meng",
   "unit": 2,
   "updated_at": "2012-05-30 11:28:51"
  },
  "model": "grad.gradprogram",
  "pk": 4
 },
 {
  "fields": {
   "created_at": "2012-05-30 11:28:51",
   "created_by": "",
   "description": "PhD",
   "label": "PhD",
   "modified_by": null,
   "slug": "phd",
   "unit": 2,
   "updated_at": "2012-05-30 11:28:51"
  },
  "model": "grad.gradprogram",
  "pk": 5
 },
 {
  "fields": {
   "application_status": "CONF",
   "campus": "GNWC",
   "comments": "",
   "config": "{}",
   "created_at": "2012-05-30 11:28:51",
   "created_by": "",
   "english_fluency": "",
   "is_canadian": null,
   "modified_by": null,
   "mother_tongue": "",
   "passport_issued_by": "",
   "person": 304,
   "program": 2,
   "research_area": "",
   "slug": "0nnngrad-mscthesis",
   "special_arrangements": null,
   "updated_at": "2012-05-30 11:28:51"
  },
  "model": "grad.gradstudent",
  "pk": 1
 },
 {
  "fields": {
   "application_status": "CONF",
   "campus": "SURRY",
   "comments": "",
   "config": "{}",
   "created_at": "2012-05-30 11:28:51",
   "created_by": "",
   "english_fluency": "",
   "is_canadian": null,
   "modified_by": null,
   "mother_tongue": "",
   "passport_issued_by": "",
   "person": 199,
   "program": 5,
   "research_area": "",
   "slug": "0iiigrad-phd",
   "special_arrangements": null,
   "updated_at": "2012-05-30 11:28:51"
  },
  "model": "grad.gradstudent",
  "pk": 2
 },
 {
  "fields": {
   "application_status": "REJE",
   "campus": "SURRY",
   "comments": "",
   "config": "{}",
   "created_at": "2012-05-30 11:28:51",
   "created_by": "",
   "english_fluency": "",
   "is_canadian": null,
   "modified_by": null,
   "mother_tongue": "",
   "passport_issued_by": "",
   "person": 115,
   "program": 1,
   "research_area": "",
   "slug": "0eeegrad-mscproject",
   "special_arrangements": null,
   "updated_at": "2012-05-30 11:28:51"
  },
  "model": "grad.gradstudent",
  "pk": 3
 },
 {
  "fields": {
   "application_status": "CONF",
   "campus": "GNWC",
   "comments": "",
   "config": "{}",
   "created_at": "2012-05-30 11:28:51",
   "created_by": "",
   "english_fluency": "",
   "is_canadian": null,
   "modified_by": null,
   "mother_tongue": "",
   "passport_issued_by": "",
   "person": 430,
   "program": 4,
   "research_area": "",
   "slug": "0tttgrad-meng",
   "special_arrangements": null,
   "updated_at": "2012-05-30 11:28:51"
  },
  "model": "grad.gradstudent",
  "pk": 4
 },
 {
  "fields": {
   "application_status": "CONF",
   "campus": "BRNBY",
   "comments": "",
   "config": "{}",
   "created_at": "2012-05-30 11:28:51",
   "created_by": "",
   "english_fluency": "",
   "is_canadian": null,
   "modified_by": null,
   "mother_tongue": "",
   "passport_issued_by": "",
   "person": 31,
   "program": 5,
   "research_area": "",
   "slug": "0aaagrad-phd",
   "special_arrangements": null,
   "updated_at": "2012-05-30 11:28:51"
  },
  "model": "grad.gradstudent",
  "pk": 5
 },
 {
  "fields": {
   "application_status": "CONF",
   "campus": "METRO",
   "comments": "",
   "config": "{}",
   "created_at": "2012-05-30 11:28:51",
   "created_by": "",
   "english_fluency": "",
   "is_canadian": null,
   "modified_by": null,
   "mother_tongue": "",
   "passport_issued_by": "",
   "person": 514,
   "program": 4,
   "research_area": "",
   "slug": "0xxxgrad-meng",
   "special_arrangements": null,
   "updated_at": "2012-05-30 11:28:51"
  },
  "model": "grad.gradstudent",
  "pk": 6
 },
 {
  "fields": {
   "application_status": "CONF",
   "campus": "BRNBY",
   "comments": "",
   "config": "{}",
   "created_at": "2012-05-30 11:28:51",
   "created_by": "",
   "english_fluency": "",
   "is_canadian": null,
   "modified_by": null,
   "mother_tongue": "",
   "passport_issued_by": "",
   "person": 409,
   "program": 4,
   "research_area": "",
   "slug": "0sssgrad-meng",
   "special_arrangements": null,
   "updated_at": "2012-05-30 11:28:51"
  },
  "model": "grad.gradstudent",
  "pk": 7
 },
 {
  "fields": {
   "application_status": "REJE",
   "campus": "GNWC",
   "comments": "",
   "config": "{}",
   "created_at": "2012-05-30 11:28:52",
   "created_by": "",
   "english_fluency": "",
   "is_canadian": null,
   "modified_by": null,
   "mother_tongue": "",
   "passport_issued_by": "",
   "person": 535,
   "program": 5,
   "research_area": "",
   "slug": "0yyygrad-phd",
   "special_arrangements": null,
   "updated_at": "2012-05-30 11:28:52"
  },
  "model": "grad.gradstudent",
  "pk": 8
 },
 {
  "fields": {
   "application_status": "CONF",
   "campus": "METRO",
   "comments": "",
   "config": "{}",
   "created_at": "2012-05-30 11:28:52",
   "created_by": "",
   "english_fluency": "",
   "is_canadian": null,
   "modified_by": null,
   "mother_tongue": "",
   "passport_issued_by": "",
   "person": 136,
   "program": 3,
   "research_area": "",
   "slug": "0fffgrad-phd",
   "special_arrangements": null,
   "updated_at": "2012-05-30 11:28:52"
  },
  "model": "grad.gradstudent",
  "pk": 9
 },
 {
  "fields": {
   "application_status": "CONF",
   "campus": "OFFST",
   "comments": "",
   "config": "{}",
   "created_at": "2012-05-30 11:28:52",
   "created_by": "",
   "english_fluency": "",
   "is_canadian": null,
   "modified_by": null,
   "mother_tongue": "",
   "passport_issued_by": "",
   "person": 493,
   "program": 5,
   "research_area": "",
   "slug": "0wwwgrad-phd",
   "special_arrangements": null,
   "updated_at": "2012-05-30 11:28:52"
  },
  "model": "grad.gradstudent",
  "pk": 10
 },
 {
  "fields": {
   "application_status": "CONF",
   "campus": "OFFST",
   "comments": "",
   "config": "{}",
   "created_at": "2012-05-30 11:28:52",
   "created_by": "",
   "english_fluency": "",
   "is_canadian": null,
   "modified_by": null,
   "mother_tongue": "",
   "passport_issued_by": "",
   "person": 367,
   "program": 1,
   "research_area": "",
   "slug": "0qqqgrad-mscproject",
   "special_arrangements": null,
   "updated_at": "2012-05-30 11:28:52"
  },
  "model": "grad.gradstudent",
  "pk": 11
 },
 {
  "fields": {
   "application_status": "CONF",
   "campus": "METRO",
   "comments": "",
   "config": "{}",
   "created_at": "2012-05-30 11:28:52",
   "created_by": "",
   "english_fluency": "",
   "is_canadian": null,
   "modified_by": null,
   "mother_tongue": "",
   "passport_issued_by": "",
   "person": 241,
   "program": 5,
   "research_area": "",
   "slug": "0kkkgrad-phd",
   "special_arrangements": null,
   "updated_at": "2012-05-30 11:28:52"
  },
  "model": "grad.gradstudent",
  "pk": 12
 },
 {
  "fields": {
   "application_status": "CONF",
   "campus": "BRNBY",
   "comments": "",
   "config": "{}",
   "created_at": "2012-05-30 11:28:52",
   "created_by": "",
   "english_fluency": "",
   "is_canadian": null,
   "modified_by": null,
   "mother_tongue": "",
   "passport_issued_by": "",
   "person": 262,
   "program": 4,
   "research_area": "",
   "slug": "0lllgrad-meng",
   "special_arrangements": null,
   "updated_at": "2012-05-30 11:28:52"
  },
  "model": "grad.gradstudent",
  "pk": 13
 },
 {
  "fields": {
   "application_status": "CONF",
   "campus": "METRO",
   "comments": "",
   "config": "{}",
   "created_at": "2012-05-30 11:28:52",
   "created_by": "",
   "english_fluency": "",
   "is_canadian": null,
   "modified_by": null,
   "mother_tongue": "",
   "passport_issued_by": "",
   "person": 451,
   "program": 5,
   "research_area": "",
   "slug": "0uuugrad-phd",
   "special_arrangements": null,
   "updated_at": "2012-05-30 11:28:52"
  },
  "model": "grad.gradstudent",
  "pk": 14
 },
 {
  "fields": {
   "application_status": "CONF",
   "campus": "SURRY",
   "comments": "",
   "config": "{}",
   "created_at": "2012-05-30 11:28:52",
   "created_by": "",
   "english_fluency": "",
   "is_canadian": null,
   "modified_by": null,
   "mother_tongue": "",
   "passport_issued_by": "",
   "person": 346,
   "program": 3,
   "research_area": "",
   "slug": "0pppgrad-phd",
   "special_arrangements": null,
   "updated_at": "2012-05-30 11:28:52"
  },
  "model": "grad.gradstudent",
  "pk": 15
 },
 {
  "fields": {
   "application_status": "CONF",
   "campus": "SURRY",
   "comments": "",
   "config": "{}",
   "created_at": "2012-05-30 11:28:52",
   "created_by": "",
   "english_fluency": "",
   "is_canadian": null,
   "modified_by": null,
   "mother_tongue": "",
   "passport_issued_by": "",
   "person": 283,
   "program": 2,
   "research_area": "",
   "slug": "0mmmgrad-mscthesis",
   "special_arrangements": null,
   "updated_at": "2012-05-30 11:28:52"
  },
  "model": "grad.gradstudent",
  "pk": 16
 },
 {
  "fields": {
   "application_status": "DECL",
   "campus": "BRNBY",
   "comments": "",
   "config": "{}",
   "created_at": "2012-05-30 11:28:52",
   "created_by": "",
   "english_fluency": "",
   "is_canadian": null,
   "modified_by": null,
   "mother_tongue": "",
   "passport_issued_by": "",
   "person": 220,
   "program": 3,
   "research_area": "",
   "slug": "0jjjgrad-phd",
   "special_arrangements": null,
   "updated_at": "2012-05-30 11:28:52"
  },
  "model": "grad.gradstudent",
  "pk": 17
 },
 {
  "fields": {
   "application_status": "CONF",
   "campus": "VANCR",
   "comments": "",
   "config": "{}",
   "created_at": "2012-05-30 11:28:52",
   "created_by": "",
   "english_fluency": "",
   "is_canadian": null,
   "modified_by": null,
   "mother_tongue": "",
   "passport_issued_by": "",
   "person": 325,
   "program": 2,
   "research_area": "",
   "slug": "0ooograd-mscthesis",
   "special_arrangements": null,
   "updated_at": "2012-05-30 11:28:52"
  },
  "model": "grad.gradstudent",
  "pk": 18
 },
 {
  "fields": {
   "application_status": "CONF",
   "campus": "SURRY",
   "comments": "",
   "config": "{}",
   "created_at": "2012-05-30 11:28:52",
   "created_by": "",
   "english_fluency": "",
   "is_canadian": null,
   "modified_by": null,
   "mother_tongue": "",
   "passport_issued_by": "",
   "person": 52,
   "program": 1,
   "research_area": "",
   "slug": "0bbbgrad-mscproject",
   "special_arrangements": null,
   "updated_at": "2012-05-30 11:28:52"
  },
  "model": "grad.gradstudent",
  "pk": 19
 },
 {
  "fields": {
   "application_status": "CONF",
   "campus": "GNWC",
   "comments": "",
   "config": "{}",
   "created_at": "2012-05-30 11:28:52",
   "created_by": "",
   "english_fluency": "",
   "is_canadian": null,
   "modified_by": null,
   "mother_tongue": "",
   "passport_issued_by": "",
   "person": 388,
   "program": 4,
   "research_area": "",
   "slug": "0rrrgrad-meng",
   "special_arrangements": null,
   "updated_at": "2012-05-30 11:28:52"
  },
  "model": "grad.gradstudent",
  "pk": 20
 },
 {
  "fields": {
   "application_status": "CONF",
   "campus": "BRNBY",
   "comments": "",
   "config": "{}",
   "created_at": "2012-05-30 11:28:52",
   "created_by": "",
   "english_fluency": "",
   "is_canadian": null,
   "modified_by": null,
   "mother_tongue": "",
   "passport_issued_by": "",
   "person": 94,
   "program": 5,
   "research_area": "",
   "slug": "0dddgrad-phd",
   "special_arrangements": null,
   "updated_at": "2012-05-30 11:28:52"
  },
  "model": "grad.gradstudent",
  "pk": 21
 },
 {
  "fields": {
   "application_status": "CONF",
   "campus": "OFFST",
   "comments": "",
   "config": "{}",
   "created_at": "2012-05-30 11:28:52",
   "created_by": "",
   "english_fluency": "",
   "is_canadian": null,
   "modified_by": null,
   "mother_tongue": "",
   "passport_issued_by": "",
   "person": 472,
   "program": 1,
   "research_area": "",
   "slug": "0vvvgrad-mscproject",
   "special_arrangements": null,
   "updated_at": "2012-05-30 11:28:52"
  },
  "model": "grad.gradstudent",
  "pk": 22
 },
 {
  "fields": {
   "application_status": "CONF",
   "campus": "SURRY",
   "comments": "",
   "config": "{}",
   "created_at": "2012-05-30 11:28:52",
   "created_by": "",
   "english_fluency": "",
   "is_canadian": null,
   "modified_by": null,
   "mother_tongue": "",
   "passport_issued_by": "",
   "person": 157,
   "program": 2,
   "research_area": "",
   "slug": "0ggggrad-mscthesis",
   "special_arrangements": null,
   "updated_at": "2012-05-30 11:28:52"
  },
  "model": "grad.gradstudent",
  "pk": 23
 },
 {
  "fields": {
   "application_status": "CONF",
   "campus": "OFFST",
   "comments": "",
   "config": "{}",
   "created_at": "2012-05-30 11:28:52",
   "created_by": "",
   "english_fluency": "",
   "is_canadian": null,
   "modified_by": null,
   "mother_tongue": "",
   "passport_issued_by": "",
   "person": 73,
   "program": 3,
   "research_area": "",
   "slug": "0cccgrad-phd",
   "special_arrangements": null,
   "updated_at": "2012-05-30 11:28:52"
  },
  "model": "grad.gradstudent",
  "pk": 24
 },
 {
  "fields": {
   "application_status": "DECL",
   "campus": "METRO",
   "comments": "",
   "config": "{}",
   "created_at": "2012-05-30 11:28:52",
   "created_by": "",
   "english_fluency": "",
   "is_canadian": null,
   "modified_by": null,
   "mother_tongue": "",
   "passport_issued_by": "",
   "person": 178,
   "program": 2,
   "research_area": "",
   "slug": "0hhhgrad-mscthesis",
   "special_arrangements": null,
   "updated_at": "2012-05-30 11:28:52"
  },
  "model": "grad.gradstudent",
  "pk": 25
 },
 {
  "fields": {
   "application_status": "DECL",
   "campus": "BRNBY",
   "comments": "",
   "config": "{}",
   "created_at": "2012-05-30 11:28:52",
   "created_by": "",
   "english_fluency": "",
   "is_canadian": null,
   "modified_by": null,
   "mother_tongue": "",
   "passport_issued_by": "",
   "person": 556,
   "program": 5,
   "research_area": "",
   "slug": "0zzzgrad-phd",
   "special_arrangements": null,
   "updated_at": "2012-05-30 11:28:52"
  },
  "model": "grad.gradstudent",
  "pk": 26
 },
 {
  "fields": {
   "created_at": "2012-05-30 11:28:51",
   "end": 3,
   "hidden": false,
   "notes": "",
   "start": 2,
   "start_date": null,
   "status": "APPL",
   "student": 1,
   "updated_at": "2012-05-30 11:28:51"
  },
  "model": "grad.gradstatus",
  "pk": 1
 },
 {
  "fields": {
   "created_at": "2012-05-30 11:28:51",
   "end": null,
   "hidden": false,
   "notes": "",
   "start": 3,
   "start_date": null,
   "status": "ACTI",
   "student": 1,
   "updated_at": "2012-05-30 11:28:51"
  },
  "model": "grad.gradstatus",
  "pk": 2
 },
 {
  "fields": {
   "created_at": "2012-05-30 11:28:51",
   "end": 2,
   "hidden": false,
   "notes": "",
   "start": 1,
   "start_date": null,
   "status": "APPL",
   "student": 2,
   "updated_at": "2012-05-30 11:28:51"
  },
  "model": "grad.gradstatus",
  "pk": 3
 },
 {
  "fields": {
   "created_at": "2012-05-30 11:28:51",
   "end": 4,
   "hidden": false,
   "notes": "",
   "start": 2,
   "start_date": null,
   "status": "ACTI",
   "student": 2,
   "updated_at": "2012-05-30 11:28:51"
  },
  "model": "grad.gradstatus",
  "pk": 4
 },
 {
  "fields": {
   "created_at": "2012-05-30 11:28:51",
   "end": null,
   "hidden": false,
   "notes": "",
   "start": 4,
   "start_date": null,
   "status": "GRAD",
   "student": 2,
   "updated_at": "2012-05-30 11:28:51"
  },
  "model": "grad.gradstatus",
  "pk": 5
 },
 {
  "fields": {
   "created_at": "2012-05-30 11:28:51",
   "end": 2,
   "hidden": false,
   "notes": "",
   "start": 1,
   "start_date": null,
   "status": "APPL",
   "student": 3,
   "updated_at": "2012-05-30 11:28:51"
  },
  "model": "grad.gradstatus",
  "pk": 6
 },
 {
  "fields": {
   "created_at": "2012-05-30 11:28:51",
   "end": 4,
   "hidden": false,
   "notes": "",
   "start": 2,
   "start_date": null,
   "status": "ACTI",
   "student": 3,
   "updated_at": "2012-05-30 11:28:51"
  },
  "model": "grad.gradstatus",
  "pk": 7
 },
 {
  "fields": {
   "created_at": "2012-05-30 11:28:51",
   "end": null,
   "hidden": false,
   "notes": "",
   "start": 4,
   "start_date": null,
   "status": "WIDR",
   "student": 3,
   "updated_at": "2012-05-30 11:28:51"
  },
  "model": "grad.gradstatus",
  "pk": 8
 },
 {
  "fields": {
   "created_at": "2012-05-30 11:28:51",
   "end": 3,
   "hidden": false,
   "notes": "",
   "start": 2,
   "start_date": null,
   "status": "APPL",
   "student": 4,
   "updated_at": "2012-05-30 11:28:51"
  },
  "model": "grad.gradstatus",
  "pk": 9
 },
 {
  "fields": {
   "created_at": "2012-05-30 11:28:51",
   "end": null,
   "hidden": false,
   "notes": "",
   "start": 3,
   "start_date": null,
   "status": "ACTI",
   "student": 4,
   "updated_at": "2012-05-30 11:28:51"
  },
  "model": "grad.gradstatus",
  "pk": 10
 },
 {
  "fields": {
   "created_at": "2012-05-30 11:28:51",
   "end": 4,
   "hidden": false,
   "notes": "",
   "start": 3,
   "start_date": null,
   "status": "APPL",
   "student": 5,
   "updated_at": "2012-05-30 11:28:51"
  },
  "model": "grad.gradstatus",
  "pk": 11
 },
 {
  "fields": {
   "created_at": "2012-05-30 11:28:51",
   "end": 6,
   "hidden": false,
   "notes": "",
   "start": 4,
   "start_date": null,
   "status": "ACTI",
   "student": 5,
   "updated_at": "2012-05-30 11:28:51"
  },
  "model": "grad.gradstatus",
  "pk": 12
 },
 {
  "fields": {
   "created_at": "2012-05-30 11:28:51",
   "end": null,
   "hidden": false,
   "notes": "",
   "start": 6,
   "start_date": null,
   "status": "GRAD",
   "student": 5,
   "updated_at": "2012-05-30 11:28:51"
  },
  "model": "grad.gradstatus",
  "pk": 13
 },
 {
  "fields": {
   "created_at": "2012-05-30 11:28:51",
   "end": 2,
   "hidden": false,
   "notes": "",
   "start": 1,
   "start_date": null,
   "status": "APPL",
   "student": 6,
   "updated_at": "2012-05-30 11:28:51"
  },
  "model": "grad.gradstatus",
  "pk": 14
 },
 {
  "fields": {
   "created_at": "2012-05-30 11:28:51",
   "end": 4,
   "hidden": false,
   "notes": "",
   "start": 2,
   "start_date": null,
   "status": "ACTI",
   "student": 6,
   "updated_at": "2012-05-30 11:28:51"
  },
  "model": "grad.gradstatus",
  "pk": 15
 },
 {
  "fields": {
   "created_at": "2012-05-30 11:28:51",
   "end": null,
   "hidden": false,
   "notes": "",
   "start": 4,
   "start_date": null,
   "status": "GRAD",
   "student": 6,
   "updated_at": "2012-05-30 11:28:51"
  },
  "model": "grad.gradstatus",
  "pk": 16
 },
 {
  "fields": {
   "created_at": "2012-05-30 11:28:52",
   "end": 4,
   "hidden": false,
   "notes": "",
   "start": 3,
   "start_date": null,
   "status": "APPL",
   "student": 7,
   "updated_at": "2012-05-30 11:28:52"
  },
  "model": "grad.gradstatus",
  "pk": 17
 },
 {
  "fields": {
   "created_at": "2012-05-30 11:28:52",
   "end": null,
   "hidden": false,
   "notes": "",
   "start": 4,
   "start_date": null,
   "status": "ACTI",
   "student": 7,
   "updated_at": "2012-05-30 11:28:52"
  },
  "model": "grad.gradstatus",
  "pk": 18
 },
 {
  "fields": {
   "created_at": "2012-05-30 11:28:52",
   "end": 4,
   "hidden": false,
   "notes": "",
   "start": 3,
   "start_date": null,
   "status": "APPL",
   "student": 8,
   "updated_at": "2012-05-30 11:28:52"
  },
  "model": "grad.gradstatus",
  "pk": 19
 },
 {
  "fields": {
   "created_at": "2012-05-30 11:28:52",
   "end": null,
   "hidden": false,
   "notes": "",
   "start": 4,
   "start_date": null,
   "status": "ACTI",
   "student": 8,
   "updated_at": "2012-05-30 11:28:52"
  },
  "model": "grad.gradstatus",
  "pk": 20
 },
 {
  "fields": {
   "created_at": "2012-05-30 11:28:52",
   "end": 4,
   "hidden": false,
   "notes": "",
   "start": 3,
   "start_date": null,
   "status": "APPL",
   "student": 9,
   "updated_at": "2012-05-30 11:28:52"
  },
  "model": "grad.gradstatus",
  "pk": 21
 },
 {
  "fields": {
   "created_at": "2012-05-30 11:28:52",
   "end": 6,
   "hidden": false,
   "notes": "",
   "start": 4,
   "start_date": null,
   "status": "LEAV",
   "student": 9,
   "updated_at": "2012-05-30 11:28:52"
  },
  "model": "grad.gradstatus",
  "pk": 22
 },
 {
  "fields": {
   "created_at": "2012-05-30 11:28:52",
   "end": null,
   "hidden": false,
   "notes": "",
   "start": 6,
   "start_date": null,
   "status": "WIDR",
   "student": 9,
   "updated_at": "2012-05-30 11:28:52"
  },
  "model": "grad.gradstatus",
  "pk": 23
 },
 {
  "fields": {
   "created_at": "2012-05-30 11:28:52",
   "end": 4,
   "hidden": false,
   "notes": "",
   "start": 3,
   "start_date": null,
   "status": "APPL",
   "student": 10,
   "updated_at": "2012-05-30 11:28:52"
  },
  "model": "grad.gradstatus",
  "pk": 24
 },
 {
  "fields": {
   "created_at": "2012-05-30 11:28:52",
   "end": 6,
   "hidden": false,
   "notes": "",
   "start": 4,
   "start_date": null,
   "status": "ACTI",
   "student": 10,
   "updated_at": "2012-05-30 11:28:52"
  },
  "model": "grad.gradstatus",
  "pk": 25
 },
 {
  "fields": {
   "created_at": "2012-05-30 11:28:52",
   "end": null,
   "hidden": false,
   "notes": "",
   "start": 6,
   "start_date": null,
   "status": "WIDR",
   "student": 10,
   "updated_at": "2012-05-30 11:28:52"
  },
  "model": "grad.gradstatus",
  "pk": 26
 },
 {
  "fields": {
   "created_at": "2012-05-30 11:28:52",
   "end": 4,
   "hidden": false,
   "notes": "",
   "start": 3,
   "start_date": null,
   "status": "APPL",
   "student": 11,
   "updated_at": "2012-05-30 11:28:52"
  },
  "model": "grad.gradstatus",
  "pk": 27
 },
 {
  "fields": {
   "created_at": "2012-05-30 11:28:52",
   "end": 6,
   "hidden": false,
   "notes": "",
   "start": 4,
   "start_date": null,
   "status": "ACTI",
   "student": 11,
   "updated_at": "2012-05-30 11:28:52"
  },
  "model": "grad.gradstatus",
  "pk": 28
 },
 {
  "fields": {
   "created_at": "2012-05-30 11:28:52",
   "end": null,
   "hidden": false,
   "notes": "",
   "start": 6,
   "start_date": null,
   "status": "GRAD",
   "student": 11,
   "updated_at": "2012-05-30 11:28:52"
  },
  "model": "grad.gradstatus",
  "pk": 29
 },
 {
  "fields": {
   "created_at": "2012-05-30 11:28:52",
   "end": 4,
   "hidden": false,
   "notes": "",
   "start": 3,
   "start_date": null,
   "status": "APPL",
   "student": 12,
   "updated_at": "2012-05-30 11:28:52"
  },
  "model": "grad.gradstatus",
  "pk": 30
 },
 {
  "fields": {
   "created_at": "2012-05-30 11:28:52",
   "end": null,
   "hidden": false,
   "notes": "",
   "start": 4,
   "start_date": null,
   "status": "ACTI",
   "student": 12,
   "updated_at": "2012-05-30 11:28:52"
  },
  "model": "grad.gradstatus",
  "pk": 31
 },
 {
  "fields": {
   "created_at": "2012-05-30 11:28:52",
   "end": 2,
   "hidden": false,
   "notes": "",
   "start": 1,
   "start_date": null,
   "status": "APPL",
   "student": 13,
   "updated_at": "2012-05-30 11:28:52"
  },
  "model": "grad.gradstatus",
  "pk": 32
 },
 {
  "fields": {
   "created_at": "2012-05-30 11:28:52",
   "end": null,
   "hidden": false,
   "notes": "",
   "start": 2,
   "start_date": null,
   "status": "LEAV",
   "student": 13,
   "updated_at": "2012-05-30 11:28:52"
  },
  "model": "grad.gradstatus",
  "pk": 33
 },
 {
  "fields": {
   "created_at": "2012-05-30 11:28:52",
   "end": 4,
   "hidden": false,
   "notes": "",
   "start": 3,
   "start_date": null,
   "status": "APPL",
   "student": 14,
   "updated_at": "2012-05-30 11:28:52"
  },
  "model": "grad.gradstatus",
  "pk": 34
 },
 {
  "fields": {
   "created_at": "2012-05-30 11:28:52",
   "end": null,
   "hidden": false,
   "notes": "",
   "start": 4,
   "start_date": null,
   "status": "ACTI",
   "student": 14,
   "updated_at": "2012-05-30 11:28:52"
  },
  "model": "grad.gradstatus",
  "pk": 35
 },
 {
  "fields": {
   "created_at": "2012-05-30 11:28:52",
   "end": 3,
   "hidden": false,
   "notes": "",
   "start": 2,
   "start_date": null,
   "status": "APPL",
   "student": 15,
   "updated_at": "2012-05-30 11:28:52"
  },
  "model": "grad.gradstatus",
  "pk": 36
 },
 {
  "fields": {
   "created_at": "2012-05-30 11:28:52",
   "end": null,
   "hidden": false,
   "notes": "",
   "start": 3,
   "start_date": null,
   "status": "ACTI",
   "student": 15,
   "updated_at": "2012-05-30 11:28:52"
  },
  "model": "grad.gradstatus",
  "pk": 37
 },
 {
  "fields": {
   "created_at": "2012-05-30 11:28:52",
   "end": 4,
   "hidden": false,
   "notes": "",
   "start": 3,
   "start_date": null,
   "status": "APPL",
   "student": 16,
   "updated_at": "2012-05-30 11:28:52"
  },
  "model": "grad.gradstatus",
  "pk": 38
 },
 {
  "fields": {
   "created_at": "2012-05-30 11:28:52",
   "end": null,
   "hidden": false,
   "notes": "",
   "start": 4,
   "start_date": null,
   "status": "ACTI",
   "student": 16,
   "updated_at": "2012-05-30 11:28:52"
  },
  "model": "grad.gradstatus",
  "pk": 39
 },
 {
  "fields": {
   "created_at": "2012-05-30 11:28:52",
   "end": 4,
   "hidden": false,
   "notes": "",
   "start": 3,
   "start_date": null,
   "status": "APPL",
   "student": 17,
   "updated_at": "2012-05-30 11:28:52"
  },
  "model": "grad.gradstatus",
  "pk": 40
 },
 {
  "fields": {
   "created_at": "2012-05-30 11:28:52",
   "end": 6,
   "hidden": false,
   "notes": "",
   "start": 4,
   "start_date": null,
   "status": "ACTI",
   "student": 17,
   "updated_at": "2012-05-30 11:28:52"
  },
  "model": "grad.gradstatus",
  "pk": 41
 },
 {
  "fields": {
   "created_at": "2012-05-30 11:28:52",
   "end": null,
   "hidden": false,
   "notes": "",
   "start": 6,
   "start_date": null,
   "status": "GRAD",
   "student": 17,
   "updated_at": "2012-05-30 11:28:52"
  },
  "model": "grad.gradstatus",
  "pk": 42
 },
 {
  "fields": {
   "created_at": "2012-05-30 11:28:52",
   "end": 4,
   "hidden": false,
   "notes": "",
   "start": 3,
   "start_date": null,
   "status": "APPL",
   "student": 18,
   "updated_at": "2012-05-30 11:28:52"
  },
  "model": "grad.gradstatus",
  "pk": 43
 },
 {
  "fields": {
   "created_at": "2012-05-30 11:28:52",
   "end": null,
   "hidden": false,
   "notes": "",
   "start": 4,
   "start_date": null,
   "status": "LEAV",
   "student": 18,
   "updated_at": "2012-05-30 11:28:52"
  },
  "model": "grad.gradstatus",
  "pk": 44
 },
 {
  "fields": {
   "created_at": "2012-05-30 11:28:52",
   "end": 2,
   "hidden": false,
   "notes": "",
   "start": 1,
   "start_date": null,
   "status": "APPL",
   "student": 19,
   "updated_at": "2012-05-30 11:28:52"
  },
  "model": "grad.gradstatus",
  "pk": 45
 },
 {
  "fields": {
   "created_at": "2012-05-30 11:28:52",
   "end": null,
   "hidden": false,
   "notes": "",
   "start": 2,
   "start_date": null,
   "status": "ACTI",
   "student": 19,
   "updated_at": "2012-05-30 11:28:52"
  },
  "model": "grad.gradstatus",
  "pk": 46
 },
 {
  "fields": {
   "created_at": "2012-05-30 11:28:52",
   "end": 4,
   "hidden": false,
   "notes": "",
   "start": 3,
   "start_date": null,
   "status": "APPL",
   "student": 20,
   "updated_at": "2012-05-30 11:28:52"
  },
  "model": "grad.gradstatus",
  "pk": 47
 },
 {
  "fields": {
   "created_at": "2012-05-30 11:28:52",
   "end": 6,
   "hidden": false,
   "notes": "",
   "start": 4,
   "start_date": null,
   "status": "ACTI",
   "student": 20,
   "updated_at": "2012-05-30 11:28:52"
  },
  "model": "grad.gradstatus",
  "pk": 48
 },
 {
  "fields": {
   "created_at": "2012-05-30 11:28:52",
   "end": null,
   "hidden": false,
   "notes": "",
   "start": 6,
   "start_date": null,
   "status": "WIDR",
   "student": 20,
   "updated_at": "2012-05-30 11:28:52"
  },
  "model": "grad.gradstatus",
  "pk": 49
 },
 {
  "fields": {
   "created_at": "2012-05-30 11:28:52",
   "end": 2,
   "hidden": false,
   "notes": "",
   "start": 1,
   "start_date": null,
   "status": "APPL",
   "student": 21,
   "updated_at": "2012-05-30 11:28:52"
  },
  "model": "grad.gradstatus",
  "pk": 50
 },
 {
  "fields": {
   "created_at": "2012-05-30 11:28:52",
   "end": 4,
   "hidden": false,
   "notes": "",
   "start": 2,
   "start_date": null,
   "status": "LEAV",
   "student": 21,
   "updated_at": "2012-05-30 11:28:52"
  },
  "model": "grad.gradstatus",
  "pk": 51
 },
 {
  "fields": {
   "created_at": "2012-05-30 11:28:52",
   "end": null,
   "hidden": false,
   "notes": "",
   "start": 4,
   "start_date": null,
   "status": "GRAD",
   "student": 21,
   "updated_at": "2012-05-30 11:28:52"
  },
  "model": "grad.gradstatus",
  "pk": 52
 },
 {
  "fields": {
   "created_at": "2012-05-30 11:28:52",
   "end": 3,
   "hidden": false,
   "notes": "",
   "start": 2,
   "start_date": null,
   "status": "APPL",
   "student": 22,
   "updated_at": "2012-05-30 11:28:52"
  },
  "model": "grad.gradstatus",
  "pk": 53
 },
 {
  "fields": {
   "created_at": "2012-05-30 11:28:52",
   "end": 5,
   "hidden": false,
   "notes": "",
   "start": 3,
   "start_date": null,
   "status": "ACTI",
   "student": 22,
   "updated_at": "2012-05-30 11:28:52"
  },
  "model": "grad.gradstatus",
  "pk": 54
 },
 {
  "fields": {
   "created_at": "2012-05-30 11:28:52",
   "end": null,
   "hidden": false,
   "notes": "",
   "start": 5,
   "start_date": null,
   "status": "GRAD",
   "student": 22,
   "updated_at": "2012-05-30 11:28:52"
  },
  "model": "grad.gradstatus",
  "pk": 55
 },
 {
  "fields": {
   "created_at": "2012-05-30 11:28:52",
   "end": 3,
   "hidden": false,
   "notes": "",
   "start": 2,
   "start_date": null,
   "status": "APPL",
   "student": 23,
   "updated_at": "2012-05-30 11:28:52"
  },
  "model": "grad.gradstatus",
  "pk": 56
 },
 {
  "fields": {
   "created_at": "2012-05-30 11:28:52",
   "end": null,
   "hidden": false,
   "notes": "",
   "start": 3,
   "start_date": null,
   "status": "LEAV",
   "student": 23,
   "updated_at": "2012-05-30 11:28:52"
  },
  "model": "grad.gradstatus",
  "pk": 57
 },
 {
  "fields": {
   "created_at": "2012-05-30 11:28:52",
   "end": 4,
   "hidden": false,
   "notes": "",
   "start": 3,
   "start_date": null,
   "status": "APPL",
   "student": 24,
   "updated_at": "2012-05-30 11:28:52"
  },
  "model": "grad.gradstatus",
  "pk": 58
 },
 {
  "fields": {
   "created_at": "2012-05-30 11:28:52",
   "end": 6,
   "hidden": false,
   "notes": "",
   "start": 4,
   "start_date": null,
   "status": "ACTI",
   "student": 24,
   "updated_at": "2012-05-30 11:28:52"
  },
  "model": "grad.gradstatus",
  "pk": 59
 },
 {
  "fields": {
   "created_at": "2012-05-30 11:28:52",
   "end": null,
   "hidden": false,
   "notes": "",
   "start": 6,
   "start_date": null,
   "status": "WIDR",
   "student": 24,
   "updated_at": "2012-05-30 11:28:52"
  },
  "model": "grad.gradstatus",
  "pk": 60
 },
 {
  "fields": {
   "created_at": "2012-05-30 11:28:52",
   "end": 2,
   "hidden": false,
   "notes": "",
   "start": 1,
   "start_date": null,
   "status": "APPL",
   "student": 25,
   "updated_at": "2012-05-30 11:28:52"
  },
  "model": "grad.gradstatus",
  "pk": 61
 },
 {
  "fields": {
   "created_at": "2012-05-30 11:28:52",
   "end": 4,
   "hidden": false,
   "notes": "",
   "start": 2,
   "start_date": null,
   "status": "ACTI",
   "student": 25,
   "updated_at": "2012-05-30 11:28:52"
  },
  "model": "grad.gradstatus",
  "pk": 62
 },
 {
  "fields": {
   "created_at": "2012-05-30 11:28:52",
   "end": null,
   "hidden": false,
   "notes": "",
   "start": 4,
   "start_date": null,
   "status": "GRAD",
   "student": 25,
   "updated_at": "2012-05-30 11:28:52"
  },
  "model": "grad.gradstatus",
  "pk": 63
 },
 {
  "fields": {
   "created_at": "2012-05-30 11:28:52",
   "end": 4,
   "hidden": false,
   "notes": "",
   "start": 3,
   "start_date": null,
   "status": "APPL",
   "student": 26,
   "updated_at": "2012-05-30 11:28:52"
  },
  "model": "grad.gradstatus",
  "pk": 64
 },
 {
  "fields": {
   "created_at": "2012-05-30 11:28:52",
   "end": 6,
   "hidden": false,
   "notes": "",
   "start": 4,
   "start_date": null,
   "status": "ACTI",
   "student": 26,
   "updated_at": "2012-05-30 11:28:52"
  },
  "model": "grad.gradstatus",
  "pk": 65
 },
 {
  "fields": {
   "created_at": "2012-05-30 11:28:52",
   "end": null,
   "hidden": false,
   "notes": "",
   "start": 6,
   "start_date": null,
   "status": "WIDR",
   "student": 26,
   "updated_at": "2012-05-30 11:28:52"
  },
  "model": "grad.gradstatus",
  "pk": 66
 },
 {
  "fields": {
   "field": "contact_email_text",
   "label": "generic",
   "text": "DESCRIPTION OF INCIDENT. This does not usually occur unless there is a violation of SFU's Code of Academic Integrity and Good Conduct, Policy S10.01. I take academic honesty very seriously and intend to pursue this apparent violation of SFU's standards for academic honesty.\r\n\r\nAs required by SFU Policy S10.02, Principles and Procedures for Academic Discipline, I am offering you the opportunity to meet with me to discuss this incident. You are not required to accept this offer. If you would like to meet, please contact me to make an appointment outside of my regular office hours.\r\n\r\nYou may wish to refer to SFU's policies and procedures on academic integrity,\r\n  http://www.sfu.ca/policies/Students/index.html .\r\nYou can also contact the Office of the Ombudsperson for assistance in navigating University procedures.\r\n"
  },
  "model": "discipline.disciplinetemplate",
  "pk": 1
 },
 {
  "fields": {
   "field": "contact_email_text",
   "label": "not your work",
   "text": "Your submission for {{ACTIVITIES}} contains work that does not appear to be your own. This indicates that there is a violation of SFU's Code of Academic Integrity and Good Conduct, Policy S10.01. I take academic honesty very seriously and intend to pursue this apparent violation of SFU's standards for academic honesty.\r\n\r\nAs required by SFU Policy S10.02, Principles and Procedures for Academic Discipline, I am offering you the opportunity to meet with me to discuss this incident. You are not required to accept this offer. If you would like to meet, please contact me to make an appointment outside of my regular office hours.\r\n\r\nYou may wish to refer to SFU's policies and procedures on academic integrity,\r\n  http://www.sfu.ca/policies/Students/index.html .\r\nYou can also contact the Office of the Ombudsperson for assistance in navigating University procedures.\r\n"
  },
  "model": "discipline.disciplinetemplate",
  "pk": 2
 },
 {
  "fields": {
   "field": "contact_email_text",
   "label": "simiar work (group)",
   "text": "You and other students submitted very similar work on {{ACTIVITIES}}. This level of similarity does not usually occur unless collaboration exceeds the limits allowed by SFU's Code of Academic Integrity and Good Conduct, Policy S10.01. I take academic honesty very seriously and intend to pursue this apparent violation of SFU's standards for academic honesty.\r\n\r\nAs required by SFU Policy S10.02, Principles and Procedures for Academic Discipline, I am offering you the opportunity to meet with me to discuss this incident. You are not required to accept this offer. If you would like to meet, please contact me to make an appointment outside of my regular office hours.\r\n\r\nYou may wish to refer to SFU's policies and procedures on academic integrity,\r\n  http://www.sfu.ca/policies/Students/index.html .\r\nYou can also contact the Office of the Ombudsperson for assistance in navigating University procedures.\r\n"
  },
  "model": "discipline.disciplinetemplate",
  "pk": 4
 },
 {
  "fields": {
   "field": "facts",
   "label": "attachment",
   "text": "See details in attached file facts.pdf."
  },
  "model": "discipline.disciplinetemplate",
  "pk": 3
 },
 {
  "fields": {
   "field": "facts",
   "label": "copied (other knew)",
   "text": "{{FNAME}} was given a solution to {{ACTIVITIES}} by another student. The other student seems to have completed the work independently. Both students submitted the work as their own."
  },
  "model": "discipline.disciplinetemplate",
  "pk": 5
 },
 {
  "fields": {
   "field": "facts",
   "label": "copied (without knowledge)",
   "text": "{{FNAME}} copied the work of another student on {{ACTIVITIES}} without his/her knowledge.  Both students submitted the work as their own."
  },
  "model": "discipline.disciplinetemplate",
  "pk": 6
 },
 {
  "fields": {
   "field": "meeting_summary",
   "label": "admitted",
   "text": "The student admitted academic dishonesty as described below in \u201cfacts of the case\u201d."
  },
  "model": "discipline.disciplinetemplate",
  "pk": 7
 },
 {
  "fields": {
   "field": "meeting_summary",
   "label": "explained",
   "text": "{{FNAME}} explained that..."
  },
  "model": "discipline.disciplinetemplate",
  "pk": 9
 },
 {
  "fields": {
   "field": "meeting_summary",
   "label": "quote email",
   "text": "The student explained the situation in his/her email:\r\n\r\nbq. PASTE QUOTE HERE"
  },
  "model": "discipline.disciplinetemplate",
  "pk": 8
 },
 {
  "fields": {
   "content": "Congratulations, {{first_name}}, we would like to offer you admission to the {{program}} program in Computing Science at SFU.\r\n\r\nThis is good news. Really.",
   "created_at": "2012-05-30 11:28:51",
   "created_by": "",
   "label": "offer",
   "slug": "comp-offer",
   "unit": 3
  },
  "model": "grad.lettertemplate",
  "pk": 1
 },
 {
  "fields": {
   "content": "This is to confirm that {{title}} {{first_name}} {{last_name}} is currently enrolled as a full time student in the {{program}} in the School of Computing Science at SFU.",
   "created_at": "2012-05-30 11:28:51",
   "created_by": "",
   "label": "visa",
   "slug": "comp-visa",
   "unit": 3
  },
  "model": "grad.lettertemplate",
  "pk": 2
 },
 {
  "fields": {
   "account_number": 12345,
   "position_number": 12345,
   "slug": "comp-12345-msc-ta",
   "title": "MSc TA",
   "unit": 3
  },
  "model": "ra.account",
  "pk": 1
 },
 {
  "fields": {
   "account_number": 12346,
   "position_number": 12346,
   "slug": "comp-12346-phd-ta",
   "title": "PhD TA",
   "unit": 3
  },
  "model": "ra.account",
  "pk": 2
 },
 {
  "fields": {
   "account_number": 12347,
   "position_number": 12347,
   "slug": "comp-12347-external-ta",
   "title": "External TA",
   "unit": 3
  },
  "model": "ra.account",
  "pk": 3
 },
 {
  "fields": {
   "account_number": 12348,
   "position_number": 12348,
   "slug": "comp-12348-undergrad-ta",
   "title": "Undergrad TA",
   "unit": 3
  },
  "model": "ra.account",
  "pk": 4
 },
 {
  "fields": {
   "config": "{}",
   "emplid": 202000109,
   "first_name": "Anthony",
   "last_name": "Dixon",
   "middle_name": "",
   "pref_first_name": "Tony",
   "title": "Mr",
   "userid": "dixon"
  },
  "model": "coredata.person",
  "pk": 600
 },
 {
  "fields": {
   "person": 600,
   "role": "PLAN",
   "unit": 3
  },
  "model": "coredata.role",
  "pk": 16
 },
 {
  "fields": {
   "person": 9,
   "role": "FAC",
   "unit": 3
  },
  "model": "coredata.role",
  "pk": 21
 },
 {
  "fields": {
   "person": 8,
   "role": "FAC",
   "unit": 3
  },
  "model": "coredata.role",
  "pk": 22
 },
  {
  "fields": {
   "author": 10,
   "config": "{}",
   "content": "Welcome to CMPT 383. This is some **general information** about the course. The only things that your need to remember are:\r\n*Some first thing\r\n*Another thing\r\n*You get the point....\r\n\r\nEnjoy the class!",
   "created_at": "2012-06-10 22:17:05",
   "last_activity_at": "2012-06-10 22:17:05",
   "message_count": 0,
   "offering": 15,
   "pinned": true,
   "status": "CLO",
   "title": "Welcome To CMPT 383"
  },
  "model": "discuss.discussiontopic",
  "pk": 1
 },
  {
  "fields": {
   "owner": 3,
   "slug": "CMPT-102",
   "status": "OPEN"
  },
  "model": "planning.planningcourse",
  "pk": 38
 },
 {
  "fields": {
   "owner": 3,
   "slug": "CMPT-110",
   "status": "OPEN"
  },
  "model": "planning.planningcourse",
  "pk": 10
 },
 {
  "fields": {
   "owner": 3,
   "slug": "CMPT-120",
   "status": "OPEN"
  },
  "model": "planning.planningcourse",
  "pk": 11
 },
 {
  "fields": {
   "owner": 3,
   "slug": "CMPT-125",
   "status": "OPEN"
  },
  "model": "planning.planningcourse",
  "pk": 12
 },
 {
  "fields": {
   "owner": 3,
   "slug": "CMPT-126",
   "status": "OPEN"
  },
  "model": "planning.planningcourse",
  "pk": 13
 },
 {
  "fields": {
   "owner": 3,
   "slug": "CMPT-128",
   "status": "OPEN"
  },
  "model": "planning.planningcourse",
  "pk": 14
 },
 {
  "fields": {
   "owner": 3,
   "slug": "CMPT-150",
   "status": "OPEN"
  },
  "model": "planning.planningcourse",
  "pk": 15
 },
 {
  "fields": {
   "owner": 3,
   "slug": "CMPT-165",
   "status": "OPEN"
  },
  "model": "planning.planningcourse",
  "pk": 16
 },
 {
  "fields": {
   "owner": 3,
   "slug": "CMPT-225",
   "status": "OPEN"
  },
  "model": "planning.planningcourse",
  "pk": 18
 },
 {
  "fields": {
   "owner": 3,
   "slug": "CMPT-250",
   "status": "OPEN"
  },
  "model": "planning.planningcourse",
  "pk": 19
 },
 {
  "fields": {
   "owner": 3,
   "slug": "CMPT-275",
   "status": "OPEN"
  },
  "model": "planning.planningcourse",
  "pk": 20
 },
 {
  "fields": {
   "owner": 3,
   "slug": "CMPT-300",
   "status": "OPEN"
  },
  "model": "planning.planningcourse",
  "pk": 21
 },
 {
  "fields": {
   "owner": 3,
   "slug": "CMPT-307",
   "status": "OPEN"
  },
  "model": "planning.planningcourse",
  "pk": 22
 },
 {
  "fields": {
   "owner": 3,
   "slug": "CMPT-308",
   "status": "OPEN"
  },
  "model": "planning.planningcourse",
  "pk": 23
 },
 {
  "fields": {
   "owner": 3,
   "slug": "CMPT-310",
   "status": "OPEN"
  },
  "model": "planning.planningcourse",
  "pk": 24
 },
 {
  "fields": {
   "owner": 3,
   "slug": "CMPT-354",
   "status": "OPEN"
  },
  "model": "planning.planningcourse",
  "pk": 25
 },
 {
  "fields": {
   "owner": 3,
   "slug": "CMPT-361",
   "status": "OPEN"
  },
  "model": "planning.planningcourse",
  "pk": 26
 },
 {
  "fields": {
   "owner": 3,
   "slug": "CMPT-363",
   "status": "OPEN"
  },
  "model": "planning.planningcourse",
  "pk": 27
 },
 {
  "fields": {
   "owner": 3,
   "slug": "CMPT-371",
   "status": "OPEN"
  },
  "model": "planning.planningcourse",
  "pk": 28
 },
 {
  "fields": {
   "owner": 3,
   "slug": "CMPT-376",
   "status": "OPEN"
  },
  "model": "planning.planningcourse",
  "pk": 29
 },
 {
  "fields": {
   "owner": 3,
   "slug": "CMPT-379",
   "status": "OPEN"
  },
  "model": "planning.planningcourse",
  "pk": 30
 },
 {
  "fields": {
   "owner": 3,
   "slug": "CMPT-405",
   "status": "OPEN"
  },
  "model": "planning.planningcourse",
  "pk": 32
 },
 {
  "fields": {
   "owner": 3,
   "slug": "CMPT-408",
   "status": "OPEN"
  },
  "model": "planning.planningcourse",
  "pk": 33
 },
 {
  "fields": {
   "owner": 3,
   "slug": "CMPT-411",
   "status": "OPEN"
  },
  "model": "planning.planningcourse",
  "pk": 35
 },
 {
  "fields": {
   "owner": 3,
   "slug": "CMPT-441",
   "status": "OPEN"
  },
  "model": "planning.planningcourse",
  "pk": 36
 },
 {
  "fields": {
   "owner": 3,
   "slug": "CMPT-454",
   "status": "OPEN"
  },
  "model": "planning.planningcourse",
  "pk": 37
 },
 {
  "fields": {
   "owner": 3,
   "slug": "CMPT-470",
   "status": "OPEN"
  },
  "model": "planning.planningcourse",
  "pk": 9
 },
 {
  "fields": {
   "owner": 3,
   "slug": "CMPT-471",
   "status": "OPEN"
  },
  "model": "planning.planningcourse",
  "pk": 7
 },
 {
  "fields": {
   "owner": 3,
   "slug": "CMPT-475",
   "status": "OPEN"
  },
  "model": "planning.planningcourse",
  "pk": 4
 },
 {
  "fields": {
   "owner": 3,
   "slug": "CMPT-477",
   "status": "OPEN"
  },
  "model": "planning.planningcourse",
  "pk": 5
 },
 {
  "fields": {
   "owner": 3,
   "slug": "CMPT-479",
   "status": "OPEN"
  },
  "model": "planning.planningcourse",
  "pk": 6
 },
 {
  "fields": {
   "owner": 3,
   "slug": "MACM-101",
   "status": "OPEN"
  },
  "model": "planning.planningcourse",
  "pk": 17
 },
 {
  "fields": {
   "owner": 3,
   "slug": "MACM-300",
   "status": "OPEN"
  },
  "model": "planning.planningcourse",
  "pk": 31
 },
 {
  "fields": {
   "course": 11,
   "instructor": 8,
   "note": ""
  },
  "model": "planning.teachingcapability",
  "pk": 3
 },
 {
  "fields": {
   "course": 16,
   "instructor": 8,
   "note": ""
  },
  "model": "planning.teachingcapability",
  "pk": 1
 },
 {
  "fields": {
   "course": 30,
   "instructor": 8,
   "note": ""
  },
  "model": "planning.teachingcapability",
  "pk": 4
 },
 {
  "fields": {
   "course": 9,
   "instructor": 8,
   "note": ""
  },
  "model": "planning.teachingcapability",
  "pk": 2
 },
 {
  "fields": {
   "course": 20,
   "instructor": 9,
   "note": ""
  },
  "model": "planning.teachingcapability",
  "pk": 5
 },
 {
  "fields": {
   "course": 7,
   "instructor": 9,
   "note": ""
  },
  "model": "planning.teachingcapability",
  "pk": 6
 },
 {
  "fields": {
   "count": 1,
   "instructor": 8,
   "intentionfull": true,
   "note": "Added by planned administrator. Instructor posted no previous semester teaching plans.",
   "semester": 5
  },
  "model": "planning.teachingintention",
  "pk": 2
 },
 {
  "fields": {
   "count": 1,
   "instructor": 9,
   "intentionfull": true,
   "note": "Added by planned administrator. Instructor posted no previous semester teaching plans.",
   "semester": 5
  },
  "model": "planning.teachingintention",
  "pk": 1
 },
 {
  "fields": {
   "config": "{}",
   "name": "Offering Alpha - Burnaby",
   "semester": 5,
   "slug": "Offering-Alpha---Burnaby",
   "unit": 3,
   "visibility": "ALL"
  },
  "model": "planning.semesterplan",
  "pk": 1
 },
 {
  "fields": {
   "config": "{}",
   "name": "Offering Bravo  - Burnaby",
   "semester": 5,
   "slug": "Offering-Bravo----Burnaby",
   "unit": 3,
   "visibility": "INST"
  },
  "model": "planning.semesterplan",
  "pk": 2
 },
 {
  "fields": {
   "config": "{}",
   "name": "Offering Charlie - Burnaby",
   "semester": 5,
   "slug": "Offering-Charlie---Burnaby",
   "unit": 3,
   "visibility": "ADMI"
  },
  "model": "planning.semesterplan",
  "pk": 3
 },
 {
  "fields": {
   "campus": "BRNBY",
   "component": "LEC",
   "config": "{}",
   "course": 38,
   "enrl_cap": 50,
   "instructor": null,
   "notes": "",
   "plan": 1,
   "section": "D100",
   "slug": "CMPT-102-D100"
  },
  "model": "planning.plannedoffering",
  "pk": 1
 },
 {
  "fields": {
   "campus": "BRNBY",
   "component": "LEC",
   "config": "{}",
   "course": 10,
   "enrl_cap": 75,
   "instructor": null,
   "notes": "",
   "plan": 1,
   "section": "D100",
   "slug": "CMPT-110-D100"
  },
  "model": "planning.plannedoffering",
  "pk": 2
 },
 {
  "fields": {
   "campus": "BRNBY",
   "component": "LEC",
   "config": "{}",
   "course": 11,
   "enrl_cap": 182,
   "instructor": null,
   "notes": "",
   "plan": 1,
   "section": "D100",
   "slug": "CMPT-120-D100"
  },
  "model": "planning.plannedoffering",
  "pk": 3
 },
 {
  "fields": {
   "campus": "BRNBY",
   "component": "LAB",
   "config": "{}",
   "course": 11,
   "enrl_cap": 26,
   "instructor": null,
   "notes": "",
   "plan": 1,
   "section": "D101",
   "slug": "CMPT-120-D101"
  },
  "model": "planning.plannedoffering",
  "pk": 4
 },
 {
  "fields": {
   "campus": "BRNBY",
   "component": "LAB",
   "config": "{}",
   "course": 11,
   "enrl_cap": 26,
   "instructor": null,
   "notes": "",
   "plan": 1,
   "section": "D102",
   "slug": "CMPT-120-D102"
  },
  "model": "planning.plannedoffering",
  "pk": 5
 },
 {
  "fields": {
   "campus": "BRNBY",
   "component": "LAB",
   "config": "{}",
   "course": 11,
   "enrl_cap": 26,
   "instructor": null,
   "notes": "",
   "plan": 1,
   "section": "D103",
   "slug": "CMPT-120-D103"
  },
  "model": "planning.plannedoffering",
  "pk": 6
 },
 {
  "fields": {
   "campus": "BRNBY",
   "component": "LAB",
   "config": "{}",
   "course": 11,
   "enrl_cap": 26,
   "instructor": null,
   "notes": "",
   "plan": 1,
   "section": "D104",
   "slug": "CMPT-120-D104"
  },
  "model": "planning.plannedoffering",
  "pk": 7
 },
 {
  "fields": {
   "campus": "BRNBY",
   "component": "LAB",
   "config": "{}",
   "course": 11,
   "enrl_cap": 26,
   "instructor": null,
   "notes": "",
   "plan": 1,
   "section": "D105",
   "slug": "CMPT-120-D105"
  },
  "model": "planning.plannedoffering",
  "pk": 8
 },
 {
  "fields": {
   "campus": "BRNBY",
   "component": "LAB",
   "config": "{}",
   "course": 11,
   "enrl_cap": 26,
   "instructor": null,
   "notes": "",
   "plan": 1,
   "section": "D106",
   "slug": "CMPT-120-D106"
  },
  "model": "planning.plannedoffering",
  "pk": 9
 },
 {
  "fields": {
   "campus": "BRNBY",
   "component": "LAB",
   "config": "{}",
   "course": 11,
   "enrl_cap": 26,
   "instructor": null,
   "notes": "",
   "plan": 1,
   "section": "D107",
   "slug": "CMPT-120-D107"
  },
  "model": "planning.plannedoffering",
  "pk": 10
 },
 {
  "fields": {
   "campus": "BRNBY",
   "component": "LEC",
   "config": "{}",
   "course": 11,
   "enrl_cap": 182,
   "instructor": null,
   "notes": "",
   "plan": 1,
   "section": "D200",
   "slug": "CMPT-120-D200"
  },
  "model": "planning.plannedoffering",
  "pk": 11
 },
 {
  "fields": {
   "campus": "BRNBY",
   "component": "LEC",
   "config": "{}",
   "course": 12,
   "enrl_cap": 104,
   "instructor": null,
   "notes": "Cross-listed with CMPT 126.",
   "plan": 1,
   "section": "D100",
   "slug": "CMPT-125-D100"
  },
  "model": "planning.plannedoffering",
  "pk": 19
 },
 {
  "fields": {
   "campus": "BRNBY",
   "component": "LEC",
   "config": "{}",
   "course": 13,
   "enrl_cap": 50,
   "instructor": null,
   "notes": "Cross-listed with CMPT 125.",
   "plan": 1,
   "section": "D100",
   "slug": "CMPT-126-D100"
  },
  "model": "planning.plannedoffering",
  "pk": 20
 },
 {
  "fields": {
   "campus": "BRNBY",
   "component": "LEC",
   "config": "{}",
   "course": 15,
   "enrl_cap": 104,
   "instructor": null,
   "notes": "",
   "plan": 1,
   "section": "D100",
   "slug": "CMPT-150-D100"
  },
  "model": "planning.plannedoffering",
  "pk": 21
 },
 {
  "fields": {
   "campus": "BRNBY",
   "component": "LAB",
   "config": "{}",
   "course": 15,
   "enrl_cap": 104,
   "instructor": null,
   "notes": "",
   "plan": 1,
   "section": "D101",
   "slug": "CMPT-150-D101"
  },
  "model": "planning.plannedoffering",
  "pk": 22
 },
 {
  "fields": {
   "campus": "BRNBY",
   "component": "LAB",
   "config": "{}",
   "course": 15,
   "enrl_cap": 104,
   "instructor": null,
   "notes": "",
   "plan": 1,
   "section": "D102",
   "slug": "CMPT-150-D102"
  },
  "model": "planning.plannedoffering",
  "pk": 23
 },
 {
  "fields": {
   "campus": "BRNBY",
   "component": "LAB",
   "config": "{}",
   "course": 15,
   "enrl_cap": 104,
   "instructor": null,
   "notes": "",
   "plan": 1,
   "section": "D103",
   "slug": "CMPT-150-D103"
  },
  "model": "planning.plannedoffering",
  "pk": 24
 },
 {
  "fields": {
   "campus": "BRNBY",
   "component": "LAB",
   "config": "{}",
   "course": 15,
   "enrl_cap": 104,
   "instructor": null,
   "notes": "",
   "plan": 1,
   "section": "D104",
   "slug": "CMPT-150-D104"
  },
  "model": "planning.plannedoffering",
  "pk": 25
 },
 {
  "fields": {
   "campus": "OFFST",
   "component": "LEC",
   "config": "{}",
   "course": 16,
   "enrl_cap": 60,
   "instructor": null,
   "notes": "",
   "plan": 1,
   "section": "C100",
   "slug": "CMPT-165-C100"
  },
  "model": "planning.plannedoffering",
  "pk": 26
 },
 {
  "fields": {
   "campus": "OFFST",
   "component": "LEC",
   "config": "{}",
   "course": 16,
   "enrl_cap": 60,
   "instructor": null,
   "notes": "",
   "plan": 1,
   "section": "C200",
   "slug": "CMPT-165-C200"
  },
  "model": "planning.plannedoffering",
  "pk": 27
 },
 {
  "fields": {
   "campus": "OFFST",
   "component": "LEC",
   "config": "{}",
   "course": 16,
   "enrl_cap": 60,
   "instructor": null,
   "notes": "",
   "plan": 1,
   "section": "C300",
   "slug": "CMPT-165-C300"
  },
  "model": "planning.plannedoffering",
  "pk": 28
 },
 {
  "fields": {
   "campus": "BRNBY",
   "component": "LEC",
   "config": "{}",
   "course": 18,
   "enrl_cap": 104,
   "instructor": null,
   "notes": "",
   "plan": 1,
   "section": "D100",
   "slug": "CMPT-225-D100"
  },
  "model": "planning.plannedoffering",
  "pk": 38
 },
 {
  "fields": {
   "campus": "BRNBY",
   "component": "LAB",
   "config": "{}",
   "course": 18,
   "enrl_cap": 26,
   "instructor": null,
   "notes": "",
   "plan": 1,
   "section": "D101",
   "slug": "CMPT-225-D101"
  },
  "model": "planning.plannedoffering",
  "pk": 39
 },
 {
  "fields": {
   "campus": "BRNBY",
   "component": "LAB",
   "config": "{}",
   "course": 18,
   "enrl_cap": 26,
   "instructor": null,
   "notes": "",
   "plan": 1,
   "section": "D102",
   "slug": "CMPT-225-D102"
  },
  "model": "planning.plannedoffering",
  "pk": 40
 },
 {
  "fields": {
   "campus": "BRNBY",
   "component": "LAB",
   "config": "{}",
   "course": 18,
   "enrl_cap": 26,
   "instructor": null,
   "notes": "",
   "plan": 1,
   "section": "D103",
   "slug": "CMPT-225-D103"
  },
  "model": "planning.plannedoffering",
  "pk": 41
 },
 {
  "fields": {
   "campus": "BRNBY",
   "component": "LAB",
   "config": "{}",
   "course": 18,
   "enrl_cap": 26,
   "instructor": null,
   "notes": "",
   "plan": 1,
   "section": "D104",
   "slug": "CMPT-225-D104"
  },
  "model": "planning.plannedoffering",
  "pk": 42
 },
 {
  "fields": {
   "campus": "BRNBY",
   "component": "LEC",
   "config": "{}",
   "course": 19,
   "enrl_cap": 130,
   "instructor": null,
   "notes": "",
   "plan": 1,
   "section": "D100",
   "slug": "CMPT-250-D100"
  },
  "model": "planning.plannedoffering",
  "pk": 43
 },
 {
  "fields": {
   "campus": "BRNBY",
   "component": "LAB",
   "config": "{}",
   "course": 19,
   "enrl_cap": 130,
   "instructor": null,
   "notes": "",
   "plan": 1,
   "section": "D101",
   "slug": "CMPT-250-D101"
  },
  "model": "planning.plannedoffering",
  "pk": 44
 },
 {
  "fields": {
   "campus": "BRNBY",
   "component": "LAB",
   "config": "{}",
   "course": 19,
   "enrl_cap": 130,
   "instructor": null,
   "notes": "",
   "plan": 1,
   "section": "D102",
   "slug": "CMPT-250-D102"
  },
  "model": "planning.plannedoffering",
  "pk": 45
 },
 {
  "fields": {
   "campus": "BRNBY",
   "component": "LAB",
   "config": "{}",
   "course": 19,
   "enrl_cap": 130,
   "instructor": null,
   "notes": "",
   "plan": 1,
   "section": "D103",
   "slug": "CMPT-250-D103"
  },
  "model": "planning.plannedoffering",
  "pk": 46
 },
 {
  "fields": {
   "campus": "BRNBY",
   "component": "LAB",
   "config": "{}",
   "course": 19,
   "enrl_cap": 130,
   "instructor": null,
   "notes": "",
   "plan": 1,
   "section": "D104",
   "slug": "CMPT-250-D104"
  },
  "model": "planning.plannedoffering",
  "pk": 47
 },
 {
  "fields": {
   "campus": "BRNBY",
   "component": "LAB",
   "config": "{}",
   "course": 19,
   "enrl_cap": 130,
   "instructor": null,
   "notes": "",
   "plan": 1,
   "section": "D105",
   "slug": "CMPT-250-D105"
  },
  "model": "planning.plannedoffering",
  "pk": 48
 },
 {
  "fields": {
   "campus": "BRNBY",
   "component": "LEC",
   "config": "{}",
   "course": 20,
   "enrl_cap": 75,
   "instructor": null,
   "notes": "",
   "plan": 1,
   "section": "E100",
   "slug": "CMPT-275-E100"
  },
  "model": "planning.plannedoffering",
  "pk": 49
 },
 {
  "fields": {
   "campus": "BRNBY",
   "component": "LEC",
   "config": "{}",
   "course": 21,
   "enrl_cap": 85,
   "instructor": null,
   "notes": "",
   "plan": 1,
   "section": "D100",
   "slug": "CMPT-300-D100"
  },
  "model": "planning.plannedoffering",
  "pk": 50
 },
 {
  "fields": {
   "campus": "BRNBY",
   "component": "LEC",
   "config": "{}",
   "course": 22,
   "enrl_cap": 92,
   "instructor": null,
   "notes": "",
   "plan": 1,
   "section": "D100",
   "slug": "CMPT-307-D100"
  },
  "model": "planning.plannedoffering",
  "pk": 51
 },
 {
  "fields": {
   "campus": "BRNBY",
   "component": "LEC",
   "config": "{}",
   "course": 23,
   "enrl_cap": 50,
   "instructor": null,
   "notes": "",
   "plan": 1,
   "section": "D100",
   "slug": "CMPT-308-D100"
  },
  "model": "planning.plannedoffering",
  "pk": 52
 },
 {
  "fields": {
   "campus": "BRNBY",
   "component": "LEC",
   "config": "{}",
   "course": 24,
   "enrl_cap": 65,
   "instructor": null,
   "notes": "",
   "plan": 1,
   "section": "E100",
   "slug": "CMPT-310-E100"
  },
  "model": "planning.plannedoffering",
  "pk": 53
 },
 {
  "fields": {
   "campus": "BRNBY",
   "component": "LEC",
   "config": "{}",
   "course": 25,
   "enrl_cap": 85,
   "instructor": null,
   "notes": "",
   "plan": 1,
   "section": "D100",
   "slug": "CMPT-354-D100"
  },
  "model": "planning.plannedoffering",
  "pk": 54
 },
 {
  "fields": {
   "campus": "BRNBY",
   "component": "LEC",
   "config": "{}",
   "course": 26,
   "enrl_cap": 75,
   "instructor": null,
   "notes": "",
   "plan": 1,
   "section": "D100",
   "slug": "CMPT-361-D100"
  },
  "model": "planning.plannedoffering",
  "pk": 55
 },
 {
  "fields": {
   "campus": "BRNBY",
   "component": "LEC",
   "config": "{}",
   "course": 28,
   "enrl_cap": 85,
   "instructor": 9,
   "notes": "",
   "plan": 1,
   "section": "D100",
   "slug": "CMPT-371-D100"
  },
  "model": "planning.plannedoffering",
  "pk": 56
 },
 {
  "fields": {
   "campus": "BRNBY",
   "component": "LEC",
   "config": "{}",
   "course": 29,
   "enrl_cap": 60,
   "instructor": null,
   "notes": "",
   "plan": 1,
   "section": "D100",
   "slug": "CMPT-376-D100"
  },
  "model": "planning.plannedoffering",
  "pk": 57
 },
 {
  "fields": {
   "campus": "BRNBY",
   "component": "LEC",
   "config": "{}",
   "course": 30,
   "enrl_cap": 60,
   "instructor": null,
   "notes": "",
   "plan": 1,
   "section": "D100",
   "slug": "CMPT-379-D100"
  },
  "model": "planning.plannedoffering",
  "pk": 58
 },
 {
  "fields": {
   "campus": "BRNBY",
   "component": "LEC",
   "config": "{}",
   "course": 32,
   "enrl_cap": 40,
   "instructor": null,
   "notes": "",
   "plan": 1,
   "section": "D100",
   "slug": "CMPT-405-D100"
  },
  "model": "planning.plannedoffering",
  "pk": 60
 },
 {
  "fields": {
   "campus": "BRNBY",
   "component": "LEC",
   "config": "{}",
   "course": 33,
   "enrl_cap": 30,
   "instructor": null,
   "notes": "",
   "plan": 1,
   "section": "D100",
   "slug": "CMPT-408-D100"
  },
  "model": "planning.plannedoffering",
  "pk": 61
 },
 {
  "fields": {
   "campus": "BRNBY",
   "component": "LEC",
   "config": "{}",
   "course": 36,
   "enrl_cap": 60,
   "instructor": null,
   "notes": "",
   "plan": 1,
   "section": "D100",
   "slug": "CMPT-441-D100"
  },
  "model": "planning.plannedoffering",
  "pk": 62
 },
 {
  "fields": {
   "campus": "BRNBY",
   "component": "LEC",
   "config": "{}",
   "course": 37,
   "enrl_cap": 50,
   "instructor": null,
   "notes": "",
   "plan": 1,
   "section": "D100",
   "slug": "CMPT-454-D100"
  },
  "model": "planning.plannedoffering",
  "pk": 63
 },
 {
  "fields": {
   "campus": "BRNBY",
   "component": "LEC",
   "config": "{}",
   "course": 9,
   "enrl_cap": 60,
   "instructor": 8,
   "notes": "",
   "plan": 1,
   "section": "D100",
   "slug": "CMPT-470-D100"
  },
  "model": "planning.plannedoffering",
  "pk": 64
 },
 {
  "fields": {
   "campus": "BRNBY",
   "component": "LEC",
   "config": "{}",
   "course": 4,
   "enrl_cap": 60,
   "instructor": null,
   "notes": "",
   "plan": 1,
   "section": "D100",
   "slug": "CMPT-475-D100"
  },
  "model": "planning.plannedoffering",
  "pk": 65
 },
 {
  "fields": {
   "campus": "BRNBY",
   "component": "LEC",
   "config": "{}",
   "course": 38,
   "enrl_cap": 50,
   "instructor": null,
   "notes": "",
   "plan": 2,
   "section": "D100",
   "slug": "CMPT-102-D100-2"
  },
  "model": "planning.plannedoffering",
  "pk": 66
 },
 {
  "fields": {
   "campus": "BRNBY",
   "component": "LEC",
   "config": "{}",
   "course": 10,
   "enrl_cap": 75,
   "instructor": null,
   "notes": "",
   "plan": 2,
   "section": "D100",
   "slug": "CMPT-110-D100-2"
  },
  "model": "planning.plannedoffering",
  "pk": 67
 },
 {
  "fields": {
   "campus": "BRNBY",
   "component": "LEC",
   "config": "{}",
   "course": 11,
   "enrl_cap": 182,
   "instructor": null,
   "notes": "",
   "plan": 2,
   "section": "D100",
   "slug": "CMPT-120-D100-2"
  },
  "model": "planning.plannedoffering",
  "pk": 68
 },
 {
  "fields": {
   "campus": "BRNBY",
   "component": "LAB",
   "config": "{}",
   "course": 11,
   "enrl_cap": 26,
   "instructor": null,
   "notes": "",
   "plan": 2,
   "section": "D101",
   "slug": "CMPT-120-D101-2"
  },
  "model": "planning.plannedoffering",
  "pk": 69
 },
 {
  "fields": {
   "campus": "BRNBY",
   "component": "LAB",
   "config": "{}",
   "course": 11,
   "enrl_cap": 26,
   "instructor": null,
   "notes": "",
   "plan": 2,
   "section": "D102",
   "slug": "CMPT-120-D102-2"
  },
  "model": "planning.plannedoffering",
  "pk": 70
 },
 {
  "fields": {
   "campus": "BRNBY",
   "component": "LAB",
   "config": "{}",
   "course": 11,
   "enrl_cap": 26,
   "instructor": null,
   "notes": "",
   "plan": 2,
   "section": "D103",
   "slug": "CMPT-120-D103-2"
  },
  "model": "planning.plannedoffering",
  "pk": 71
 },
 {
  "fields": {
   "campus": "BRNBY",
   "component": "LAB",
   "config": "{}",
   "course": 11,
   "enrl_cap": 26,
   "instructor": null,
   "notes": "",
   "plan": 2,
   "section": "D104",
   "slug": "CMPT-120-D104-2"
  },
  "model": "planning.plannedoffering",
  "pk": 72
 },
 {
  "fields": {
   "campus": "BRNBY",
   "component": "LAB",
   "config": "{}",
   "course": 11,
   "enrl_cap": 26,
   "instructor": null,
   "notes": "",
   "plan": 2,
   "section": "D105",
   "slug": "CMPT-120-D105-2"
  },
  "model": "planning.plannedoffering",
  "pk": 73
 },
 {
  "fields": {
   "campus": "BRNBY",
   "component": "LAB",
   "config": "{}",
   "course": 11,
   "enrl_cap": 26,
   "instructor": null,
   "notes": "",
   "plan": 2,
   "section": "D106",
   "slug": "CMPT-120-D106-2"
  },
  "model": "planning.plannedoffering",
  "pk": 74
 },
 {
  "fields": {
   "campus": "BRNBY",
   "component": "LAB",
   "config": "{}",
   "course": 11,
   "enrl_cap": 26,
   "instructor": null,
   "notes": "",
   "plan": 2,
   "section": "D107",
   "slug": "CMPT-120-D107-2"
  },
  "model": "planning.plannedoffering",
  "pk": 75
 },
 {
  "fields": {
   "campus": "BRNBY",
   "component": "LEC",
   "config": "{}",
   "course": 11,
   "enrl_cap": 182,
   "instructor": null,
   "notes": "",
   "plan": 2,
   "section": "D200",
   "slug": "CMPT-120-D200-2"
  },
  "model": "planning.plannedoffering",
  "pk": 76
 },
 {
  "fields": {
   "campus": "BRNBY",
   "component": "LEC",
   "config": "{}",
   "course": 12,
   "enrl_cap": 104,
   "instructor": null,
   "notes": "",
   "plan": 2,
   "section": "D100",
   "slug": "CMPT-125-D100-2"
  },
  "model": "planning.plannedoffering",
  "pk": 77
 },
 {
  "fields": {
   "campus": "BRNBY",
   "component": "LEC",
   "config": "{}",
   "course": 13,
   "enrl_cap": 50,
   "instructor": null,
   "notes": "",
   "plan": 2,
   "section": "D100",
   "slug": "CMPT-126-D100-2"
  },
  "model": "planning.plannedoffering",
  "pk": 78
 },
 {
  "fields": {
   "campus": "BRNBY",
   "component": "LEC",
   "config": "{}",
   "course": 15,
   "enrl_cap": 104,
   "instructor": null,
   "notes": "",
   "plan": 2,
   "section": "D100",
   "slug": "CMPT-150-D100-2"
  },
  "model": "planning.plannedoffering",
  "pk": 79
 },
 {
  "fields": {
   "campus": "BRNBY",
   "component": "LAB",
   "config": "{}",
   "course": 15,
   "enrl_cap": 104,
   "instructor": null,
   "notes": "",
   "plan": 2,
   "section": "D101",
   "slug": "CMPT-150-D101-2"
  },
  "model": "planning.plannedoffering",
  "pk": 80
 },
 {
  "fields": {
   "campus": "BRNBY",
   "component": "LAB",
   "config": "{}",
   "course": 15,
   "enrl_cap": 104,
   "instructor": null,
   "notes": "",
   "plan": 2,
   "section": "D102",
   "slug": "CMPT-150-D102-2"
  },
  "model": "planning.plannedoffering",
  "pk": 81
 },
 {
  "fields": {
   "campus": "BRNBY",
   "component": "LAB",
   "config": "{}",
   "course": 15,
   "enrl_cap": 104,
   "instructor": null,
   "notes": "",
   "plan": 2,
   "section": "D103",
   "slug": "CMPT-150-D103-2"
  },
  "model": "planning.plannedoffering",
  "pk": 82
 },
 {
  "fields": {
   "campus": "BRNBY",
   "component": "LAB",
   "config": "{}",
   "course": 15,
   "enrl_cap": 104,
   "instructor": null,
   "notes": "",
   "plan": 2,
   "section": "D104",
   "slug": "CMPT-150-D104-2"
  },
  "model": "planning.plannedoffering",
  "pk": 83
 },
 {
  "fields": {
   "campus": "OFFST",
   "component": "LEC",
   "config": "{}",
   "course": 16,
   "enrl_cap": 60,
   "instructor": null,
   "notes": "",
   "plan": 2,
   "section": "C100",
   "slug": "CMPT-165-C100-2"
  },
  "model": "planning.plannedoffering",
  "pk": 84
 },
 {
  "fields": {
   "campus": "OFFST",
   "component": "LEC",
   "config": "{}",
   "course": 16,
   "enrl_cap": 60,
   "instructor": null,
   "notes": "",
   "plan": 2,
   "section": "C200",
   "slug": "CMPT-165-C200-2"
  },
  "model": "planning.plannedoffering",
  "pk": 85
 },
 {
  "fields": {
   "campus": "OFFST",
   "component": "LEC",
   "config": "{}",
   "course": 16,
   "enrl_cap": 60,
   "instructor": null,
   "notes": "",
   "plan": 2,
   "section": "C300",
   "slug": "CMPT-165-C300-2"
  },
  "model": "planning.plannedoffering",
  "pk": 86
 },
 {
  "fields": {
   "campus": "BRNBY",
   "component": "LEC",
   "config": "{}",
   "course": 18,
   "enrl_cap": 104,
   "instructor": null,
   "notes": "",
   "plan": 2,
   "section": "D100",
   "slug": "CMPT-225-D100-2"
  },
  "model": "planning.plannedoffering",
  "pk": 87
 },
 {
  "fields": {
   "campus": "BRNBY",
   "component": "LAB",
   "config": "{}",
   "course": 18,
   "enrl_cap": 26,
   "instructor": null,
   "notes": "",
   "plan": 2,
   "section": "D101",
   "slug": "CMPT-225-D101-2"
  },
  "model": "planning.plannedoffering",
  "pk": 88
 },
 {
  "fields": {
   "campus": "BRNBY",
   "component": "LAB",
   "config": "{}",
   "course": 18,
   "enrl_cap": 26,
   "instructor": null,
   "notes": "",
   "plan": 2,
   "section": "D102",
   "slug": "CMPT-225-D102-2"
  },
  "model": "planning.plannedoffering",
  "pk": 89
 },
 {
  "fields": {
   "campus": "BRNBY",
   "component": "LAB",
   "config": "{}",
   "course": 18,
   "enrl_cap": 26,
   "instructor": null,
   "notes": "",
   "plan": 2,
   "section": "D103",
   "slug": "CMPT-225-D103-2"
  },
  "model": "planning.plannedoffering",
  "pk": 90
 },
 {
  "fields": {
   "campus": "BRNBY",
   "component": "LAB",
   "config": "{}",
   "course": 18,
   "enrl_cap": 26,
   "instructor": null,
   "notes": "",
   "plan": 2,
   "section": "D104",
   "slug": "CMPT-225-D104-2"
  },
  "model": "planning.plannedoffering",
  "pk": 91
 },
 {
  "fields": {
   "campus": "BRNBY",
   "component": "LEC",
   "config": "{}",
   "course": 19,
   "enrl_cap": 130,
   "instructor": null,
   "notes": "",
   "plan": 2,
   "section": "D100",
   "slug": "CMPT-250-D100-2"
  },
  "model": "planning.plannedoffering",
  "pk": 92
 },
 {
  "fields": {
   "campus": "BRNBY",
   "component": "LAB",
   "config": "{}",
   "course": 19,
   "enrl_cap": 130,
   "instructor": null,
   "notes": "",
   "plan": 2,
   "section": "D101",
   "slug": "CMPT-250-D101-2"
  },
  "model": "planning.plannedoffering",
  "pk": 93
 },
 {
  "fields": {
   "campus": "BRNBY",
   "component": "LAB",
   "config": "{}",
   "course": 19,
   "enrl_cap": 130,
   "instructor": null,
   "notes": "",
   "plan": 2,
   "section": "D102",
   "slug": "CMPT-250-D102-2"
  },
  "model": "planning.plannedoffering",
  "pk": 94
 },
 {
  "fields": {
   "campus": "BRNBY",
   "component": "LAB",
   "config": "{}",
   "course": 19,
   "enrl_cap": 130,
   "instructor": null,
   "notes": "",
   "plan": 2,
   "section": "D103",
   "slug": "CMPT-250-D103-2"
  },
  "model": "planning.plannedoffering",
  "pk": 95
 },
 {
  "fields": {
   "campus": "BRNBY",
   "component": "LAB",
   "config": "{}",
   "course": 19,
   "enrl_cap": 130,
   "instructor": null,
   "notes": "",
   "plan": 2,
   "section": "D104",
   "slug": "CMPT-250-D104-2"
  },
  "model": "planning.plannedoffering",
  "pk": 96
 },
 {
  "fields": {
   "campus": "BRNBY",
   "component": "LAB",
   "config": "{}",
   "course": 19,
   "enrl_cap": 130,
   "instructor": null,
   "notes": "",
   "plan": 2,
   "section": "D105",
   "slug": "CMPT-250-D105-2"
  },
  "model": "planning.plannedoffering",
  "pk": 97
 },
 {
  "fields": {
   "campus": "BRNBY",
   "component": "LEC",
   "config": "{}",
   "course": 20,
   "enrl_cap": 75,
   "instructor": null,
   "notes": "",
   "plan": 2,
   "section": "E100",
   "slug": "CMPT-275-E100-2"
  },
  "model": "planning.plannedoffering",
  "pk": 98
 },
 {
  "fields": {
   "campus": "BRNBY",
   "component": "LEC",
   "config": "{}",
   "course": 21,
   "enrl_cap": 85,
   "instructor": null,
   "notes": "",
   "plan": 2,
   "section": "D100",
   "slug": "CMPT-300-D100-2"
  },
  "model": "planning.plannedoffering",
  "pk": 99
 },
 {
  "fields": {
   "campus": "BRNBY",
   "component": "LEC",
   "config": "{}",
   "course": 22,
   "enrl_cap": 92,
   "instructor": null,
   "notes": "",
   "plan": 2,
   "section": "D100",
   "slug": "CMPT-307-D100-2"
  },
  "model": "planning.plannedoffering",
  "pk": 100
 },
 {
  "fields": {
   "campus": "BRNBY",
   "component": "LEC",
   "config": "{}",
   "course": 23,
   "enrl_cap": 50,
   "instructor": null,
   "notes": "",
   "plan": 2,
   "section": "D100",
   "slug": "CMPT-308-D100-2"
  },
  "model": "planning.plannedoffering",
  "pk": 101
 },
 {
  "fields": {
   "campus": "BRNBY",
   "component": "LEC",
   "config": "{}",
   "course": 24,
   "enrl_cap": 65,
   "instructor": null,
   "notes": "",
   "plan": 2,
   "section": "E100",
   "slug": "CMPT-310-E100-2"
  },
  "model": "planning.plannedoffering",
  "pk": 102
 },
 {
  "fields": {
   "campus": "BRNBY",
   "component": "LEC",
   "config": "{}",
   "course": 25,
   "enrl_cap": 85,
   "instructor": null,
   "notes": "",
   "plan": 2,
   "section": "D100",
   "slug": "CMPT-354-D100-2"
  },
  "model": "planning.plannedoffering",
  "pk": 103
 },
 {
  "fields": {
   "campus": "BRNBY",
   "component": "LEC",
   "config": "{}",
   "course": 26,
   "enrl_cap": 75,
   "instructor": null,
   "notes": "",
   "plan": 2,
   "section": "D100",
   "slug": "CMPT-361-D100-2"
  },
  "model": "planning.plannedoffering",
  "pk": 104
 },
 {
  "fields": {
   "campus": "BRNBY",
   "component": "LEC",
   "config": "{}",
   "course": 28,
   "enrl_cap": 85,
   "instructor": null,
   "notes": "",
   "plan": 2,
   "section": "D100",
   "slug": "CMPT-371-D100-2"
  },
  "model": "planning.plannedoffering",
  "pk": 105
 },
 {
  "fields": {
   "campus": "BRNBY",
   "component": "LEC",
   "config": "{}",
   "course": 29,
   "enrl_cap": 60,
   "instructor": null,
   "notes": "",
   "plan": 2,
   "section": "D100",
   "slug": "CMPT-376-D100-2"
  },
  "model": "planning.plannedoffering",
  "pk": 106
 },
 {
  "fields": {
   "campus": "BRNBY",
   "component": "LEC",
   "config": "{}",
   "course": 30,
   "enrl_cap": 60,
   "instructor": null,
   "notes": "",
   "plan": 2,
   "section": "D100",
   "slug": "CMPT-379-D100-2"
  },
  "model": "planning.plannedoffering",
  "pk": 107
 },
 {
  "fields": {
   "campus": "BRNBY",
   "component": "LEC",
   "config": "{}",
   "course": 32,
   "enrl_cap": 40,
   "instructor": null,
   "notes": "",
   "plan": 2,
   "section": "D100",
   "slug": "CMPT-405-D100-2"
  },
  "model": "planning.plannedoffering",
  "pk": 108
 },
 {
  "fields": {
   "campus": "BRNBY",
   "component": "LEC",
   "config": "{}",
   "course": 33,
   "enrl_cap": 30,
   "instructor": null,
   "notes": "",
   "plan": 2,
   "section": "D100",
   "slug": "CMPT-408-D100-2"
  },
  "model": "planning.plannedoffering",
  "pk": 109
 },
 {
  "fields": {
   "campus": "BRNBY",
   "component": "LEC",
   "config": "{}",
   "course": 36,
   "enrl_cap": 60,
   "instructor": null,
   "notes": "",
   "plan": 2,
   "section": "D100",
   "slug": "CMPT-441-D100-2"
  },
  "model": "planning.plannedoffering",
  "pk": 110
 },
 {
  "fields": {
   "campus": "BRNBY",
   "component": "LEC",
   "config": "{}",
   "course": 37,
   "enrl_cap": 50,
   "instructor": null,
   "notes": "",
   "plan": 2,
   "section": "D100",
   "slug": "CMPT-454-D100-2"
  },
  "model": "planning.plannedoffering",
  "pk": 111
 },
 {
  "fields": {
   "campus": "BRNBY",
   "component": "LEC",
   "config": "{}",
   "course": 9,
   "enrl_cap": 60,
   "instructor": null,
   "notes": "",
   "plan": 2,
   "section": "D100",
   "slug": "CMPT-470-D100-2"
  },
  "model": "planning.plannedoffering",
  "pk": 112
 },
 {
  "fields": {
   "campus": "BRNBY",
   "component": "LEC",
   "config": "{}",
   "course": 4,
   "enrl_cap": 60,
   "instructor": null,
   "notes": "",
   "plan": 2,
   "section": "D100",
   "slug": "CMPT-475-D100-2"
  },
  "model": "planning.plannedoffering",
  "pk": 113
 },
 {
  "fields": {
   "campus": "BRNBY",
   "component": "LEC",
   "config": "{}",
   "course": 38,
   "enrl_cap": 50,
   "instructor": null,
   "notes": "",
   "plan": 3,
   "section": "D100",
   "slug": "CMPT-102-D100-3"
  },
  "model": "planning.plannedoffering",
  "pk": 114
 },
 {
  "fields": {
   "campus": "BRNBY",
   "component": "LEC",
   "config": "{}",
   "course": 10,
   "enrl_cap": 75,
   "instructor": null,
   "notes": "",
   "plan": 3,
   "section": "D100",
   "slug": "CMPT-110-D100-3"
  },
  "model": "planning.plannedoffering",
  "pk": 115
 },
 {
  "fields": {
   "campus": "BRNBY",
   "component": "LEC",
   "config": "{}",
   "course": 11,
   "enrl_cap": 182,
   "instructor": null,
   "notes": "",
   "plan": 3,
   "section": "D100",
   "slug": "CMPT-120-D100-3"
  },
  "model": "planning.plannedoffering",
  "pk": 116
 },
 {
  "fields": {
   "campus": "BRNBY",
   "component": "LAB",
   "config": "{}",
   "course": 11,
   "enrl_cap": 26,
   "instructor": null,
   "notes": "",
   "plan": 3,
   "section": "D101",
   "slug": "CMPT-120-D101-3"
  },
  "model": "planning.plannedoffering",
  "pk": 117
 },
 {
  "fields": {
   "campus": "BRNBY",
   "component": "LAB",
   "config": "{}",
   "course": 11,
   "enrl_cap": 26,
   "instructor": null,
   "notes": "",
   "plan": 3,
   "section": "D102",
   "slug": "CMPT-120-D102-3"
  },
  "model": "planning.plannedoffering",
  "pk": 118
 },
 {
  "fields": {
   "campus": "BRNBY",
   "component": "LAB",
   "config": "{}",
   "course": 11,
   "enrl_cap": 26,
   "instructor": null,
   "notes": "",
   "plan": 3,
   "section": "D103",
   "slug": "CMPT-120-D103-3"
  },
  "model": "planning.plannedoffering",
  "pk": 119
 },
 {
  "fields": {
   "campus": "BRNBY",
   "component": "LAB",
   "config": "{}",
   "course": 11,
   "enrl_cap": 26,
   "instructor": null,
   "notes": "",
   "plan": 3,
   "section": "D104",
   "slug": "CMPT-120-D104-3"
  },
  "model": "planning.plannedoffering",
  "pk": 120
 },
 {
  "fields": {
   "campus": "BRNBY",
   "component": "LAB",
   "config": "{}",
   "course": 11,
   "enrl_cap": 26,
   "instructor": null,
   "notes": "",
   "plan": 3,
   "section": "D105",
   "slug": "CMPT-120-D105-3"
  },
  "model": "planning.plannedoffering",
  "pk": 121
 },
 {
  "fields": {
   "campus": "BRNBY",
   "component": "LAB",
   "config": "{}",
   "course": 11,
   "enrl_cap": 26,
   "instructor": null,
   "notes": "",
   "plan": 3,
   "section": "D106",
   "slug": "CMPT-120-D106-3"
  },
  "model": "planning.plannedoffering",
  "pk": 122
 },
 {
  "fields": {
   "campus": "BRNBY",
   "component": "LAB",
   "config": "{}",
   "course": 11,
   "enrl_cap": 26,
   "instructor": null,
   "notes": "",
   "plan": 3,
   "section": "D107",
   "slug": "CMPT-120-D107-3"
  },
  "model": "planning.plannedoffering",
  "pk": 123
 },
 {
  "fields": {
   "campus": "BRNBY",
   "component": "LEC",
   "config": "{}",
   "course": 11,
   "enrl_cap": 182,
   "instructor": null,
   "notes": "",
   "plan": 3,
   "section": "D200",
   "slug": "CMPT-120-D200-3"
  },
  "model": "planning.plannedoffering",
  "pk": 124
 },
 {
  "fields": {
   "campus": "BRNBY",
   "component": "LEC",
   "config": "{}",
   "course": 12,
   "enrl_cap": 104,
   "instructor": null,
   "notes": "",
   "plan": 3,
   "section": "D100",
   "slug": "CMPT-125-D100-3"
  },
  "model": "planning.plannedoffering",
  "pk": 125
 },
 {
  "fields": {
   "campus": "BRNBY",
   "component": "LEC",
   "config": "{}",
   "course": 13,
   "enrl_cap": 50,
   "instructor": null,
   "notes": "",
   "plan": 3,
   "section": "D100",
   "slug": "CMPT-126-D100-3"
  },
  "model": "planning.plannedoffering",
  "pk": 126
 },
 {
  "fields": {
   "campus": "BRNBY",
   "component": "LEC",
   "config": "{}",
   "course": 15,
   "enrl_cap": 104,
   "instructor": null,
   "notes": "",
   "plan": 3,
   "section": "D100",
   "slug": "CMPT-150-D100-3"
  },
  "model": "planning.plannedoffering",
  "pk": 127
 },
 {
  "fields": {
   "campus": "BRNBY",
   "component": "LAB",
   "config": "{}",
   "course": 15,
   "enrl_cap": 104,
   "instructor": null,
   "notes": "",
   "plan": 3,
   "section": "D101",
   "slug": "CMPT-150-D101-3"
  },
  "model": "planning.plannedoffering",
  "pk": 128
 },
 {
  "fields": {
   "campus": "BRNBY",
   "component": "LAB",
   "config": "{}",
   "course": 15,
   "enrl_cap": 104,
   "instructor": null,
   "notes": "",
   "plan": 3,
   "section": "D102",
   "slug": "CMPT-150-D102-3"
  },
  "model": "planning.plannedoffering",
  "pk": 129
 },
 {
  "fields": {
   "campus": "BRNBY",
   "component": "LAB",
   "config": "{}",
   "course": 15,
   "enrl_cap": 104,
   "instructor": null,
   "notes": "",
   "plan": 3,
   "section": "D103",
   "slug": "CMPT-150-D103-3"
  },
  "model": "planning.plannedoffering",
  "pk": 130
 },
 {
  "fields": {
   "campus": "BRNBY",
   "component": "LAB",
   "config": "{}",
   "course": 15,
   "enrl_cap": 104,
   "instructor": null,
   "notes": "",
   "plan": 3,
   "section": "D104",
   "slug": "CMPT-150-D104-3"
  },
  "model": "planning.plannedoffering",
  "pk": 131
 },
 {
  "fields": {
   "campus": "OFFST",
   "component": "LEC",
   "config": "{}",
   "course": 16,
   "enrl_cap": 60,
   "instructor": null,
   "notes": "",
   "plan": 3,
   "section": "C100",
   "slug": "CMPT-165-C100-3"
  },
  "model": "planning.plannedoffering",
  "pk": 132
 },
 {
  "fields": {
   "campus": "OFFST",
   "component": "LEC",
   "config": "{}",
   "course": 16,
   "enrl_cap": 60,
   "instructor": null,
   "notes": "",
   "plan": 3,
   "section": "C200",
   "slug": "CMPT-165-C200-3"
  },
  "model": "planning.plannedoffering",
  "pk": 133
 },
 {
  "fields": {
   "campus": "OFFST",
   "component": "LEC",
   "config": "{}",
   "course": 16,
   "enrl_cap": 60,
   "instructor": null,
   "notes": "",
   "plan": 3,
   "section": "C300",
   "slug": "CMPT-165-C300-3"
  },
  "model": "planning.plannedoffering",
  "pk": 134
 },
 {
  "fields": {
   "campus": "BRNBY",
   "component": "LEC",
   "config": "{}",
   "course": 18,
   "enrl_cap": 104,
   "instructor": null,
   "notes": "",
   "plan": 3,
   "section": "D100",
   "slug": "CMPT-225-D100-3"
  },
  "model": "planning.plannedoffering",
  "pk": 135
 },
 {
  "fields": {
   "campus": "BRNBY",
   "component": "LAB",
   "config": "{}",
   "course": 18,
   "enrl_cap": 26,
   "instructor": null,
   "notes": "",
   "plan": 3,
   "section": "D101",
   "slug": "CMPT-225-D101-3"
  },
  "model": "planning.plannedoffering",
  "pk": 136
 },
 {
  "fields": {
   "campus": "BRNBY",
   "component": "LAB",
   "config": "{}",
   "course": 18,
   "enrl_cap": 26,
   "instructor": null,
   "notes": "",
   "plan": 3,
   "section": "D102",
   "slug": "CMPT-225-D102-3"
  },
  "model": "planning.plannedoffering",
  "pk": 137
 },
 {
  "fields": {
   "campus": "BRNBY",
   "component": "LAB",
   "config": "{}",
   "course": 18,
   "enrl_cap": 26,
   "instructor": null,
   "notes": "",
   "plan": 3,
   "section": "D103",
   "slug": "CMPT-225-D103-3"
  },
  "model": "planning.plannedoffering",
  "pk": 138
 },
 {
  "fields": {
   "campus": "BRNBY",
   "component": "LAB",
   "config": "{}",
   "course": 18,
   "enrl_cap": 26,
   "instructor": null,
   "notes": "",
   "plan": 3,
   "section": "D104",
   "slug": "CMPT-225-D104-3"
  },
  "model": "planning.plannedoffering",
  "pk": 139
 },
 {
  "fields": {
   "campus": "BRNBY",
   "component": "LEC",
   "config": "{}",
   "course": 19,
   "enrl_cap": 130,
   "instructor": null,
   "notes": "",
   "plan": 3,
   "section": "D100",
   "slug": "CMPT-250-D100-3"
  },
  "model": "planning.plannedoffering",
  "pk": 140
 },
 {
  "fields": {
   "campus": "BRNBY",
   "component": "LAB",
   "config": "{}",
   "course": 19,
   "enrl_cap": 130,
   "instructor": null,
   "notes": "",
   "plan": 3,
   "section": "D101",
   "slug": "CMPT-250-D101-3"
  },
  "model": "planning.plannedoffering",
  "pk": 141
 },
 {
  "fields": {
   "campus": "BRNBY",
   "component": "LAB",
   "config": "{}",
   "course": 19,
   "enrl_cap": 130,
   "instructor": null,
   "notes": "",
   "plan": 3,
   "section": "D102",
   "slug": "CMPT-250-D102-3"
  },
  "model": "planning.plannedoffering",
  "pk": 142
 },
 {
  "fields": {
   "campus": "BRNBY",
   "component": "LAB",
   "config": "{}",
   "course": 19,
   "enrl_cap": 130,
   "instructor": null,
   "notes": "",
   "plan": 3,
   "section": "D103",
   "slug": "CMPT-250-D103-3"
  },
  "model": "planning.plannedoffering",
  "pk": 143
 },
 {
  "fields": {
   "campus": "BRNBY",
   "component": "LAB",
   "config": "{}",
   "course": 19,
   "enrl_cap": 130,
   "instructor": null,
   "notes": "",
   "plan": 3,
   "section": "D104",
   "slug": "CMPT-250-D104-3"
  },
  "model": "planning.plannedoffering",
  "pk": 144
 },
 {
  "fields": {
   "campus": "BRNBY",
   "component": "LAB",
   "config": "{}",
   "course": 19,
   "enrl_cap": 130,
   "instructor": null,
   "notes": "",
   "plan": 3,
   "section": "D105",
   "slug": "CMPT-250-D105-3"
  },
  "model": "planning.plannedoffering",
  "pk": 145
 },
 {
  "fields": {
   "campus": "BRNBY",
   "component": "LEC",
   "config": "{}",
   "course": 20,
   "enrl_cap": 75,
   "instructor": null,
   "notes": "",
   "plan": 3,
   "section": "E100",
   "slug": "CMPT-275-E100-3"
  },
  "model": "planning.plannedoffering",
  "pk": 146
 },
 {
  "fields": {
   "campus": "BRNBY",
   "component": "LEC",
   "config": "{}",
   "course": 21,
   "enrl_cap": 85,
   "instructor": null,
   "notes": "",
   "plan": 3,
   "section": "D100",
   "slug": "CMPT-300-D100-3"
  },
  "model": "planning.plannedoffering",
  "pk": 147
 },
 {
  "fields": {
   "campus": "BRNBY",
   "component": "LEC",
   "config": "{}",
   "course": 22,
   "enrl_cap": 92,
   "instructor": null,
   "notes": "",
   "plan": 3,
   "section": "D100",
   "slug": "CMPT-307-D100-3"
  },
  "model": "planning.plannedoffering",
  "pk": 148
 },
 {
  "fields": {
   "campus": "BRNBY",
   "component": "LEC",
   "config": "{}",
   "course": 23,
   "enrl_cap": 50,
   "instructor": null,
   "notes": "",
   "plan": 3,
   "section": "D100",
   "slug": "CMPT-308-D100-3"
  },
  "model": "planning.plannedoffering",
  "pk": 149
 },
 {
  "fields": {
   "campus": "BRNBY",
   "component": "LEC",
   "config": "{}",
   "course": 24,
   "enrl_cap": 65,
   "instructor": null,
   "notes": "",
   "plan": 3,
   "section": "E100",
   "slug": "CMPT-310-E100-3"
  },
  "model": "planning.plannedoffering",
  "pk": 150
 },
 {
  "fields": {
   "campus": "BRNBY",
   "component": "LEC",
   "config": "{}",
   "course": 25,
   "enrl_cap": 85,
   "instructor": null,
   "notes": "",
   "plan": 3,
   "section": "D100",
   "slug": "CMPT-354-D100-3"
  },
  "model": "planning.plannedoffering",
  "pk": 151
 },
 {
  "fields": {
   "campus": "BRNBY",
   "component": "LEC",
   "config": "{}",
   "course": 26,
   "enrl_cap": 75,
   "instructor": null,
   "notes": "",
   "plan": 3,
   "section": "D100",
   "slug": "CMPT-361-D100-3"
  },
  "model": "planning.plannedoffering",
  "pk": 152
 },
 {
  "fields": {
   "campus": "BRNBY",
   "component": "LEC",
   "config": "{}",
   "course": 28,
   "enrl_cap": 85,
   "instructor": null,
   "notes": "",
   "plan": 3,
   "section": "D100",
   "slug": "CMPT-371-D100-3"
  },
  "model": "planning.plannedoffering",
  "pk": 153
 },
 {
  "fields": {
   "campus": "BRNBY",
   "component": "LEC",
   "config": "{}",
   "course": 29,
   "enrl_cap": 60,
   "instructor": null,
   "notes": "",
   "plan": 3,
   "section": "D100",
   "slug": "CMPT-376-D100-3"
  },
  "model": "planning.plannedoffering",
  "pk": 154
 },
 {
  "fields": {
   "campus": "BRNBY",
   "component": "LEC",
   "config": "{}",
   "course": 30,
   "enrl_cap": 60,
   "instructor": null,
   "notes": "",
   "plan": 3,
   "section": "D100",
   "slug": "CMPT-379-D100-3"
  },
  "model": "planning.plannedoffering",
  "pk": 155
 },
 {
  "fields": {
   "campus": "BRNBY",
   "component": "LEC",
   "config": "{}",
   "course": 32,
   "enrl_cap": 40,
   "instructor": null,
   "notes": "",
   "plan": 3,
   "section": "D100",
   "slug": "CMPT-405-D100-3"
  },
  "model": "planning.plannedoffering",
  "pk": 156
 },
 {
  "fields": {
   "campus": "BRNBY",
   "component": "LEC",
   "config": "{}",
   "course": 33,
   "enrl_cap": 30,
   "instructor": null,
   "notes": "",
   "plan": 3,
   "section": "D100",
   "slug": "CMPT-408-D100-3"
  },
  "model": "planning.plannedoffering",
  "pk": 157
 },
 {
  "fields": {
   "campus": "BRNBY",
   "component": "LEC",
   "config": "{}",
   "course": 36,
   "enrl_cap": 60,
   "instructor": null,
   "notes": "",
   "plan": 3,
   "section": "D100",
   "slug": "CMPT-441-D100-3"
  },
  "model": "planning.plannedoffering",
  "pk": 158
 },
 {
  "fields": {
   "campus": "BRNBY",
   "component": "LEC",
   "config": "{}",
   "course": 37,
   "enrl_cap": 50,
   "instructor": null,
   "notes": "",
   "plan": 3,
   "section": "D100",
   "slug": "CMPT-454-D100-3"
  },
  "model": "planning.plannedoffering",
  "pk": 159
 },
 {
  "fields": {
   "campus": "BRNBY",
   "component": "LEC",
   "config": "{}",
   "course": 9,
   "enrl_cap": 60,
   "instructor": null,
   "notes": "",
   "plan": 3,
   "section": "D100",
   "slug": "CMPT-470-D100-3"
  },
  "model": "planning.plannedoffering",
  "pk": 160
 },
 {
  "fields": {
   "campus": "BRNBY",
   "component": "LEC",
   "config": "{}",
   "course": 4,
   "enrl_cap": 60,
   "instructor": null,
   "notes": "",
   "plan": 3,
   "section": "D100",
   "slug": "CMPT-475-D100-3"
  },
  "model": "planning.plannedoffering",
  "pk": 161
 },
 {
  "fields": {
   "end_time": "04:20:00",
   "offering": 1,
   "room": "ASB9838",
   "start_time": "02:30:00",
   "weekday": 1
  },
  "model": "planning.meetingtime",
  "pk": 1
 },
 {
  "fields": {
   "end_time": "04:20:00",
   "offering": 1,
   "room": "ASB9838",
   "start_time": "02:30:00",
   "weekday": 3
  },
  "model": "planning.meetingtime",
  "pk": 2
 },
 {
  "fields": {
   "end_time": "11:20:00",
   "offering": 2,
   "room": "AQ3005",
   "start_time": "10:30:00",
   "weekday": 1
  },
  "model": "planning.meetingtime",
  "pk": 3
 },
 {
  "fields": {
   "end_time": "11:20:00",
   "offering": 2,
   "room": "SSC9000",
   "start_time": "10:30:00",
   "weekday": 3
  },
  "model": "planning.meetingtime",
  "pk": 4
 },
 {
  "fields": {
   "end_time": "11:20:00",
   "offering": 3,
   "room": "SSC9902",
   "start_time": "10:30:00",
   "weekday": 0
  },
  "model": "planning.meetingtime",
  "pk": 5
 },
 {
  "fields": {
   "end_time": "12:20:00",
   "offering": 4,
   "room": "ASB9838",
   "start_time": "11:30:00",
   "weekday": 0
  },
  "model": "planning.meetingtime",
  "pk": 8
 },
 {
  "fields": {
   "end_time": "12:20:00",
   "offering": 5,
   "room": "ASB9838",
   "start_time": "11:30:00",
   "weekday": 0
  },
  "model": "planning.meetingtime",
  "pk": 9
 },
 {
  "fields": {
   "end_time": "01:20:00",
   "offering": 6,
   "room": "ASB9838",
   "start_time": "12:30:00",
   "weekday": 0
  },
  "model": "planning.meetingtime",
  "pk": 10
 },
 {
  "fields": {
   "end_time": "12:20:00",
   "offering": 7,
   "room": "ASB9838",
   "start_time": "11:30:00",
   "weekday": 0
  },
  "model": "planning.meetingtime",
  "pk": 11
 },
 {
  "fields": {
   "end_time": "14:20:00",
   "offering": 8,
   "room": "ASB9838",
   "start_time": "13:30:00",
   "weekday": 0
  },
  "model": "planning.meetingtime",
  "pk": 12
 },
 {
  "fields": {
   "end_time": "14:20:00",
   "offering": 9,
   "room": "ASB9838",
   "start_time": "13:30:00",
   "weekday": 0
  },
  "model": "planning.meetingtime",
  "pk": 13
 },
 {
  "fields": {
   "end_time": "15:20:00",
   "offering": 10,
   "room": "ASB9838",
   "start_time": "14:30:00",
   "weekday": 0
  },
  "model": "planning.meetingtime",
  "pk": 14
 },
 {
  "fields": {
   "end_time": "15:20:00",
   "offering": 11,
   "room": "EDB7618",
   "start_time": "14:30:00",
   "weekday": 0
  },
  "model": "planning.meetingtime",
  "pk": 15
 },
 {
  "fields": {
   "end_time": "11:20:00",
   "offering": 3,
   "room": "SSC9902",
   "start_time": "10:30:00",
   "weekday": 2
  },
  "model": "planning.meetingtime",
  "pk": 6
 },
 {
  "fields": {
   "end_time": "15:20:00",
   "offering": 11,
   "room": "EDB7618",
   "start_time": "14:30:00",
   "weekday": 2
  },
  "model": "planning.meetingtime",
  "pk": 16
 },
 {
  "fields": {
   "end_time": "11:20:00",
   "offering": 3,
   "room": "SSC9902",
   "start_time": "10:30:00",
   "weekday": 4
  },
  "model": "planning.meetingtime",
  "pk": 7
 },
 {
  "fields": {
   "end_time": "15:20:00",
   "offering": 11,
   "room": "EDB7618",
   "start_time": "14:30:00",
   "weekday": 4
  },
  "model": "planning.meetingtime",
  "pk": 17
 },
 {
  "fields": {
   "end_time": "10:20:00",
   "offering": 19,
   "room": "EDB7618",
   "start_time": "09:30:00",
   "weekday": 0
  },
  "model": "planning.meetingtime",
  "pk": 18
 },
 {
  "fields": {
   "end_time": "10:20:00",
   "offering": 19,
   "room": "EDB7618",
   "start_time": "09:30:00",
   "weekday": 2
  },
  "model": "planning.meetingtime",
  "pk": 19
 },
 {
  "fields": {
   "end_time": "10:20:00",
   "offering": 19,
   "room": "EDB7618",
   "start_time": "09:30:00",
   "weekday": 4
  },
  "model": "planning.meetingtime",
  "pk": 20
 },
 {
  "fields": {
   "end_time": "10:20:00",
   "offering": 20,
   "room": "EDB7618",
   "start_time": "09:30:00",
   "weekday": 0
  },
  "model": "planning.meetingtime",
  "pk": 21
 },
 {
  "fields": {
   "end_time": "10:20:00",
   "offering": 20,
   "room": "EDB7618",
   "start_time": "09:30:00",
   "weekday": 2
  },
  "model": "planning.meetingtime",
  "pk": 22
 },
 {
  "fields": {
   "end_time": "10:20:00",
   "offering": 20,
   "room": "EDB7618",
   "start_time": "09:30:00",
   "weekday": 4
  },
  "model": "planning.meetingtime",
  "pk": 23
 },
 {
  "fields": {
   "end_time": "16:20:00",
   "offering": 21,
   "room": "SWH10041",
   "start_time": "15:30:00",
   "weekday": 0
  },
  "model": "planning.meetingtime",
  "pk": 24
 },
 {
  "fields": {
   "end_time": "11:20:00",
   "offering": 22,
   "room": "ASB9838",
   "start_time": "10:30:00",
   "weekday": 0
  },
  "model": "planning.meetingtime",
  "pk": 27
 },
 {
  "fields": {
   "end_time": "12:20:00",
   "offering": 23,
   "room": "ASB9838",
   "start_time": "11:30:00",
   "weekday": 0
  },
  "model": "planning.meetingtime",
  "pk": 28
 },
 {
  "fields": {
   "end_time": "01:20:00",
   "offering": 24,
   "room": "ASB9838",
   "start_time": "12:30:00",
   "weekday": 0
  },
  "model": "planning.meetingtime",
  "pk": 29
 },
 {
  "fields": {
   "end_time": "14:20:00",
   "offering": 25,
   "room": "ASB9838",
   "start_time": "13:30:00",
   "weekday": 0
  },
  "model": "planning.meetingtime",
  "pk": 30
 },
 {
  "fields": {
   "end_time": "16:20:00",
   "offering": 21,
   "room": "SWH10041",
   "start_time": "15:30:00",
   "weekday": 2
  },
  "model": "planning.meetingtime",
  "pk": 25
 },
 {
  "fields": {
   "end_time": "16:20:00",
   "offering": 21,
   "room": "SWH10041",
   "start_time": "15:30:00",
   "weekday": 4
  },
  "model": "planning.meetingtime",
  "pk": 26
 },
 {
  "fields": {
   "end_time": "15:20:00",
   "offering": 38,
   "room": "AQ3150",
   "start_time": "14:30:00",
   "weekday": 0
  },
  "model": "planning.meetingtime",
  "pk": 31
 },
 {
  "fields": {
   "end_time": "15:20:00",
   "offering": 38,
   "room": "AQ3150",
   "start_time": "14:30:00",
   "weekday": 2
  },
  "model": "planning.meetingtime",
  "pk": 32
 },
 {
  "fields": {
   "end_time": "11:20:00",
   "offering": 39,
   "room": "ASB9838",
   "start_time": "10:30:00",
   "weekday": 2
  },
  "model": "planning.meetingtime",
  "pk": 34
 },
 {
  "fields": {
   "end_time": "12:20:00",
   "offering": 40,
   "room": "ASB9838",
   "start_time": "11:30:00",
   "weekday": 2
  },
  "model": "planning.meetingtime",
  "pk": 35
 },
 {
  "fields": {
   "end_time": "01:20:00",
   "offering": 41,
   "room": "ASB9838",
   "start_time": "12:30:00",
   "weekday": 2
  },
  "model": "planning.meetingtime",
  "pk": 36
 },
 {
  "fields": {
   "end_time": "14:20:00",
   "offering": 42,
   "room": "ASB9838",
   "start_time": "13:30:00",
   "weekday": 2
  },
  "model": "planning.meetingtime",
  "pk": 37
 },
 {
  "fields": {
   "end_time": "15:20:00",
   "offering": 38,
   "room": "AQ3150",
   "start_time": "14:30:00",
   "weekday": 4
  },
  "model": "planning.meetingtime",
  "pk": 33
 },
 {
  "fields": {
   "end_time": "12:20:00",
   "offering": 43,
   "room": "WMC3260",
   "start_time": "11:30:00",
   "weekday": 0
  },
  "model": "planning.meetingtime",
  "pk": 38
 },
 {
  "fields": {
   "end_time": "12:20:00",
   "offering": 43,
   "room": "WMC3260",
   "start_time": "11:30:00",
   "weekday": 2
  },
  "model": "planning.meetingtime",
  "pk": 39
 },
 {
  "fields": {
   "end_time": "11:20:00",
   "offering": 44,
   "room": "ASB9838",
   "start_time": "10:30:00",
   "weekday": 3
  },
  "model": "planning.meetingtime",
  "pk": 41
 },
 {
  "fields": {
   "end_time": "12:20:00",
   "offering": 45,
   "room": "ASB9838",
   "start_time": "11:30:00",
   "weekday": 3
  },
  "model": "planning.meetingtime",
  "pk": 42
 },
 {
  "fields": {
   "end_time": "13:20:00",
   "offering": 46,
   "room": "ASB9838",
   "start_time": "12:30:00",
   "weekday": 3
  },
  "model": "planning.meetingtime",
  "pk": 43
 },
 {
  "fields": {
   "end_time": "14:20:00",
   "offering": 47,
   "room": "ASB9838",
   "start_time": "13:30:00",
   "weekday": 3
  },
  "model": "planning.meetingtime",
  "pk": 44
 },
 {
  "fields": {
   "end_time": "15:20:00",
   "offering": 48,
   "room": "ASB9838",
   "start_time": "14:30:00",
   "weekday": 3
  },
  "model": "planning.meetingtime",
  "pk": 45
 },
 {
  "fields": {
   "end_time": "12:20:00",
   "offering": 43,
   "room": "WMC3260",
   "start_time": "11:30:00",
   "weekday": 4
  },
  "model": "planning.meetingtime",
  "pk": 40
 },
 {
  "fields": {
   "end_time": "19:20:00",
   "offering": 49,
   "room": "RCB8100",
   "start_time": "16:30:00",
   "weekday": 0
  },
  "model": "planning.meetingtime",
  "pk": 46
 },
 {
  "fields": {
   "end_time": "14:20:00",
   "offering": 50,
   "room": "AQ3005",
   "start_time": "13:20:00",
   "weekday": 1
  },
  "model": "planning.meetingtime",
  "pk": 47
 },
 {
  "fields": {
   "end_time": "14:20:00",
   "offering": 50,
   "room": "AQ3003",
   "start_time": "12:20:00",
   "weekday": 3
  },
  "model": "planning.meetingtime",
  "pk": 48
 },
 {
  "fields": {
   "end_time": "12:20:00",
   "offering": 51,
   "room": "AQ3003",
   "start_time": "11:30:00",
   "weekday": 2
  },
  "model": "planning.meetingtime",
  "pk": 49
 },
 {
  "fields": {
   "end_time": "12:20:00",
   "offering": 51,
   "room": "SSC9000",
   "start_time": "10:30:00",
   "weekday": 4
  },
  "model": "planning.meetingtime",
  "pk": 50
 },
 {
  "fields": {
   "end_time": "16:20:00",
   "offering": 52,
   "room": "RCB8100",
   "start_time": "14:30:00",
   "weekday": 1
  },
  "model": "planning.meetingtime",
  "pk": 74
 },
 {
  "fields": {
   "end_time": "15:20:00",
   "offering": 52,
   "room": "AQ5018",
   "start_time": "14:30:00",
   "weekday": 3
  },
  "model": "planning.meetingtime",
  "pk": 75
 },
 {
  "fields": {
   "end_time": "19:20:00",
   "offering": 53,
   "room": "AQ3003",
   "start_time": "16:30:00",
   "weekday": 2
  },
  "model": "planning.meetingtime",
  "pk": 73
 },
 {
  "fields": {
   "end_time": "12:20:00",
   "offering": 54,
   "room": "AQ3003",
   "start_time": "10:30:00",
   "weekday": 0
  },
  "model": "planning.meetingtime",
  "pk": 71
 },
 {
  "fields": {
   "end_time": "11:20:00",
   "offering": 54,
   "room": "AQ3003",
   "start_time": "10:30:00",
   "weekday": 2
  },
  "model": "planning.meetingtime",
  "pk": 72
 },
 {
  "fields": {
   "end_time": "14:20:00",
   "offering": 55,
   "room": "SSC9000",
   "start_time": "13:30:00",
   "weekday": 0
  },
  "model": "planning.meetingtime",
  "pk": 68
 },
 {
  "fields": {
   "end_time": "14:20:00",
   "offering": 55,
   "room": "SSC9000",
   "start_time": "13:30:00",
   "weekday": 2
  },
  "model": "planning.meetingtime",
  "pk": 69
 },
 {
  "fields": {
   "end_time": "14:20:00",
   "offering": 55,
   "room": "SSC9000",
   "start_time": "13:30:00",
   "weekday": 4
  },
  "model": "planning.meetingtime",
  "pk": 70
 },
 {
  "fields": {
   "end_time": "10:20:00",
   "offering": 56,
   "room": "AQ3159",
   "start_time": "09:30:00",
   "weekday": 0
  },
  "model": "planning.meetingtime",
  "pk": 65
 },
 {
  "fields": {
   "end_time": "10:20:00",
   "offering": 56,
   "room": "AQ3159",
   "start_time": "09:30:00",
   "weekday": 2
  },
  "model": "planning.meetingtime",
  "pk": 66
 },
 {
  "fields": {
   "end_time": "10:20:00",
   "offering": 56,
   "room": "AQ3159",
   "start_time": "09:30:00",
   "weekday": 4
  },
  "model": "planning.meetingtime",
  "pk": 67
 },
 {
  "fields": {
   "end_time": "19:20:00",
   "offering": 57,
   "room": "WMC3210",
   "start_time": "16:30:00",
   "weekday": 3
  },
  "model": "planning.meetingtime",
  "pk": 64
 },
 {
  "fields": {
   "end_time": "11:20:00",
   "offering": 58,
   "room": "AQ5037",
   "start_time": "09:30:00",
   "weekday": 1
  },
  "model": "planning.meetingtime",
  "pk": 62
 },
 {
  "fields": {
   "end_time": "10:20:00",
   "offering": 58,
   "room": "AQ5037",
   "start_time": "09:30:00",
   "weekday": 3
  },
  "model": "planning.meetingtime",
  "pk": 63
 },
 {
  "fields": {
   "end_time": "10:20:00",
   "offering": 60,
   "room": "RCB8100",
   "start_time": "09:30:00",
   "weekday": 0
  },
  "model": "planning.meetingtime",
  "pk": 59
 },
 {
  "fields": {
   "end_time": "10:20:00",
   "offering": 60,
   "room": "RCB8100",
   "start_time": "09:30:00",
   "weekday": 2
  },
  "model": "planning.meetingtime",
  "pk": 60
 },
 {
  "fields": {
   "end_time": "10:20:00",
   "offering": 60,
   "room": "RCB8100",
   "start_time": "09:30:00",
   "weekday": 4
  },
  "model": "planning.meetingtime",
  "pk": 61
 },
 {
  "fields": {
   "end_time": "14:20:00",
   "offering": 61,
   "room": "BLU10921",
   "start_time": "13:30:00",
   "weekday": 1
  },
  "model": "planning.meetingtime",
  "pk": 57
 },
 {
  "fields": {
   "end_time": "14:20:00",
   "offering": 61,
   "room": "BLU10011",
   "start_time": "12:30:00",
   "weekday": 3
  },
  "model": "planning.meetingtime",
  "pk": 58
 },
 {
  "fields": {
   "end_time": "12:20:00",
   "offering": 62,
   "room": "WMC3210",
   "start_time": "11:30:00",
   "weekday": 2
  },
  "model": "planning.meetingtime",
  "pk": 55
 },
 {
  "fields": {
   "end_time": "12:20:00",
   "offering": 62,
   "room": "WMC3210",
   "start_time": "10:30:00",
   "weekday": 4
  },
  "model": "planning.meetingtime",
  "pk": 56
 },
 {
  "fields": {
   "end_time": "04:20:00",
   "offering": 63,
   "room": "AQ3005",
   "start_time": "02:30:00",
   "weekday": 1
  },
  "model": "planning.meetingtime",
  "pk": 53
 },
 {
  "fields": {
   "end_time": "04:20:00",
   "offering": 63,
   "room": "AQ3005",
   "start_time": "02:30:00",
   "weekday": 3
  },
  "model": "planning.meetingtime",
  "pk": 54
 },
 {
  "fields": {
   "end_time": "20:20:00",
   "offering": 64,
   "room": "RCB8100",
   "start_time": "17:30:00",
   "weekday": 0
  },
  "model": "planning.meetingtime",
  "pk": 52
 },
 {
  "fields": {
   "end_time": "20:20:00",
   "offering": 65,
   "room": "WMC3210",
   "start_time": "17:30:00",
   "weekday": 2
  },
  "model": "planning.meetingtime",
  "pk": 51
 },
 {
  "fields": {
   "end_time": "04:20:00",
   "offering": 66,
   "room": "ASB9838",
   "start_time": "02:30:00",
   "weekday": 1
  },
  "model": "planning.meetingtime",
  "pk": 76
 },
 {
  "fields": {
   "end_time": "04:20:00",
   "offering": 66,
   "room": "ASB9838",
   "start_time": "02:30:00",
   "weekday": 3
  },
  "model": "planning.meetingtime",
  "pk": 77
 },
 {
  "fields": {
   "end_time": "11:20:00",
   "offering": 67,
   "room": "AQ3005",
   "start_time": "10:30:00",
   "weekday": 1
  },
  "model": "planning.meetingtime",
  "pk": 78
 },
 {
  "fields": {
   "end_time": "11:20:00",
   "offering": 67,
   "room": "SSC9000",
   "start_time": "10:30:00",
   "weekday": 3
  },
  "model": "planning.meetingtime",
  "pk": 79
 },
 {
  "fields": {
   "end_time": "11:20:00",
   "offering": 68,
   "room": "SSC9902",
   "start_time": "10:30:00",
   "weekday": 0
  },
  "model": "planning.meetingtime",
  "pk": 80
 },
 {
  "fields": {
   "end_time": "12:20:00",
   "offering": 69,
   "room": "ASB9838",
   "start_time": "11:30:00",
   "weekday": 0
  },
  "model": "planning.meetingtime",
  "pk": 83
 },
 {
  "fields": {
   "end_time": "12:20:00",
   "offering": 70,
   "room": "ASB9838",
   "start_time": "11:30:00",
   "weekday": 0
  },
  "model": "planning.meetingtime",
  "pk": 84
 },
 {
  "fields": {
   "end_time": "01:20:00",
   "offering": 71,
   "room": "ASB9838",
   "start_time": "12:30:00",
   "weekday": 0
  },
  "model": "planning.meetingtime",
  "pk": 85
 },
 {
  "fields": {
   "end_time": "12:20:00",
   "offering": 72,
   "room": "ASB9838",
   "start_time": "11:30:00",
   "weekday": 0
  },
  "model": "planning.meetingtime",
  "pk": 86
 },
 {
  "fields": {
   "end_time": "14:20:00",
   "offering": 73,
   "room": "ASB9838",
   "start_time": "13:30:00",
   "weekday": 0
  },
  "model": "planning.meetingtime",
  "pk": 87
 },
 {
  "fields": {
   "end_time": "14:20:00",
   "offering": 74,
   "room": "ASB9838",
   "start_time": "13:30:00",
   "weekday": 0
  },
  "model": "planning.meetingtime",
  "pk": 88
 },
 {
  "fields": {
   "end_time": "15:20:00",
   "offering": 75,
   "room": "ASB9838",
   "start_time": "14:30:00",
   "weekday": 0
  },
  "model": "planning.meetingtime",
  "pk": 89
 },
 {
  "fields": {
   "end_time": "15:20:00",
   "offering": 76,
   "room": "EDB7618",
   "start_time": "14:30:00",
   "weekday": 0
  },
  "model": "planning.meetingtime",
  "pk": 90
 },
 {
  "fields": {
   "end_time": "11:20:00",
   "offering": 68,
   "room": "SSC9902",
   "start_time": "10:30:00",
   "weekday": 2
  },
  "model": "planning.meetingtime",
  "pk": 81
 },
 {
  "fields": {
   "end_time": "15:20:00",
   "offering": 76,
   "room": "EDB7618",
   "start_time": "14:30:00",
   "weekday": 2
  },
  "model": "planning.meetingtime",
  "pk": 91
 },
 {
  "fields": {
   "end_time": "11:20:00",
   "offering": 68,
   "room": "SSC9902",
   "start_time": "10:30:00",
   "weekday": 4
  },
  "model": "planning.meetingtime",
  "pk": 82
 },
 {
  "fields": {
   "end_time": "15:20:00",
   "offering": 76,
   "room": "EDB7618",
   "start_time": "14:30:00",
   "weekday": 4
  },
  "model": "planning.meetingtime",
  "pk": 92
 },
 {
  "fields": {
   "end_time": "10:20:00",
   "offering": 77,
   "room": "EDB7618",
   "start_time": "09:30:00",
   "weekday": 0
  },
  "model": "planning.meetingtime",
  "pk": 93
 },
 {
  "fields": {
   "end_time": "10:20:00",
   "offering": 77,
   "room": "EDB7618",
   "start_time": "09:30:00",
   "weekday": 2
  },
  "model": "planning.meetingtime",
  "pk": 94
 },
 {
  "fields": {
   "end_time": "10:20:00",
   "offering": 77,
   "room": "EDB7618",
   "start_time": "09:30:00",
   "weekday": 4
  },
  "model": "planning.meetingtime",
  "pk": 95
 },
 {
  "fields": {
   "end_time": "10:20:00",
   "offering": 78,
   "room": "EDB7618",
   "start_time": "09:30:00",
   "weekday": 0
  },
  "model": "planning.meetingtime",
  "pk": 96
 },
 {
  "fields": {
   "end_time": "10:20:00",
   "offering": 78,
   "room": "EDB7618",
   "start_time": "09:30:00",
   "weekday": 2
  },
  "model": "planning.meetingtime",
  "pk": 97
 },
 {
  "fields": {
   "end_time": "10:20:00",
   "offering": 78,
   "room": "EDB7618",
   "start_time": "09:30:00",
   "weekday": 4
  },
  "model": "planning.meetingtime",
  "pk": 98
 },
 {
  "fields": {
   "end_time": "16:20:00",
   "offering": 79,
   "room": "SWH10041",
   "start_time": "15:30:00",
   "weekday": 0
  },
  "model": "planning.meetingtime",
  "pk": 99
 },
 {
  "fields": {
   "end_time": "11:20:00",
   "offering": 80,
   "room": "ASB9838",
   "start_time": "10:30:00",
   "weekday": 0
  },
  "model": "planning.meetingtime",
  "pk": 102
 },
 {
  "fields": {
   "end_time": "12:20:00",
   "offering": 81,
   "room": "ASB9838",
   "start_time": "11:30:00",
   "weekday": 0
  },
  "model": "planning.meetingtime",
  "pk": 103
 },
 {
  "fields": {
   "end_time": "01:20:00",
   "offering": 82,
   "room": "ASB9838",
   "start_time": "12:30:00",
   "weekday": 0
  },
  "model": "planning.meetingtime",
  "pk": 104
 },
 {
  "fields": {
   "end_time": "14:20:00",
   "offering": 83,
   "room": "ASB9838",
   "start_time": "13:30:00",
   "weekday": 0
  },
  "model": "planning.meetingtime",
  "pk": 105
 },
 {
  "fields": {
   "end_time": "16:20:00",
   "offering": 79,
   "room": "SWH10041",
   "start_time": "15:30:00",
   "weekday": 2
  },
  "model": "planning.meetingtime",
  "pk": 100
 },
 {
  "fields": {
   "end_time": "16:20:00",
   "offering": 79,
   "room": "SWH10041",
   "start_time": "15:30:00",
   "weekday": 4
  },
  "model": "planning.meetingtime",
  "pk": 101
 },
 {
  "fields": {
   "end_time": "15:20:00",
   "offering": 87,
   "room": "AQ3150",
   "start_time": "14:30:00",
   "weekday": 0
  },
  "model": "planning.meetingtime",
  "pk": 106
 },
 {
  "fields": {
   "end_time": "15:20:00",
   "offering": 87,
   "room": "AQ3150",
   "start_time": "14:30:00",
   "weekday": 2
  },
  "model": "planning.meetingtime",
  "pk": 107
 },
 {
  "fields": {
   "end_time": "11:20:00",
   "offering": 88,
   "room": "ASB9838",
   "start_time": "10:30:00",
   "weekday": 2
  },
  "model": "planning.meetingtime",
  "pk": 109
 },
 {
  "fields": {
   "end_time": "12:20:00",
   "offering": 89,
   "room": "ASB9838",
   "start_time": "11:30:00",
   "weekday": 2
  },
  "model": "planning.meetingtime",
  "pk": 110
 },
 {
  "fields": {
   "end_time": "01:20:00",
   "offering": 90,
   "room": "ASB9838",
   "start_time": "12:30:00",
   "weekday": 2
  },
  "model": "planning.meetingtime",
  "pk": 111
 },
 {
  "fields": {
   "end_time": "14:20:00",
   "offering": 91,
   "room": "ASB9838",
   "start_time": "13:30:00",
   "weekday": 2
  },
  "model": "planning.meetingtime",
  "pk": 112
 },
 {
  "fields": {
   "end_time": "15:20:00",
   "offering": 87,
   "room": "AQ3150",
   "start_time": "14:30:00",
   "weekday": 4
  },
  "model": "planning.meetingtime",
  "pk": 108
 },
 {
  "fields": {
   "end_time": "12:20:00",
   "offering": 92,
   "room": "WMC3260",
   "start_time": "11:30:00",
   "weekday": 0
  },
  "model": "planning.meetingtime",
  "pk": 113
 },
 {
  "fields": {
   "end_time": "12:20:00",
   "offering": 92,
   "room": "WMC3260",
   "start_time": "11:30:00",
   "weekday": 2
  },
  "model": "planning.meetingtime",
  "pk": 114
 },
 {
  "fields": {
   "end_time": "11:20:00",
   "offering": 93,
   "room": "ASB9838",
   "start_time": "10:30:00",
   "weekday": 3
  },
  "model": "planning.meetingtime",
  "pk": 116
 },
 {
  "fields": {
   "end_time": "12:20:00",
   "offering": 94,
   "room": "ASB9838",
   "start_time": "11:30:00",
   "weekday": 3
  },
  "model": "planning.meetingtime",
  "pk": 117
 },
 {
  "fields": {
   "end_time": "13:20:00",
   "offering": 95,
   "room": "ASB9838",
   "start_time": "12:30:00",
   "weekday": 3
  },
  "model": "planning.meetingtime",
  "pk": 118
 },
 {
  "fields": {
   "end_time": "14:20:00",
   "offering": 96,
   "room": "ASB9838",
   "start_time": "13:30:00",
   "weekday": 3
  },
  "model": "planning.meetingtime",
  "pk": 119
 },
 {
  "fields": {
   "end_time": "15:20:00",
   "offering": 97,
   "room": "ASB9838",
   "start_time": "14:30:00",
   "weekday": 3
  },
  "model": "planning.meetingtime",
  "pk": 120
 },
 {
  "fields": {
   "end_time": "12:20:00",
   "offering": 92,
   "room": "WMC3260",
   "start_time": "11:30:00",
   "weekday": 4
  },
  "model": "planning.meetingtime",
  "pk": 115
 },
 {
  "fields": {
   "end_time": "19:20:00",
   "offering": 98,
   "room": "RCB8100",
   "start_time": "16:30:00",
   "weekday": 0
  },
  "model": "planning.meetingtime",
  "pk": 121
 },
 {
  "fields": {
   "end_time": "14:20:00",
   "offering": 99,
   "room": "AQ3005",
   "start_time": "13:20:00",
   "weekday": 1
  },
  "model": "planning.meetingtime",
  "pk": 122
 },
 {
  "fields": {
   "end_time": "14:20:00",
   "offering": 99,
   "room": "AQ3003",
   "start_time": "12:20:00",
   "weekday": 3
  },
  "model": "planning.meetingtime",
  "pk": 123
 },
 {
  "fields": {
   "end_time": "12:20:00",
   "offering": 100,
   "room": "AQ3003",
   "start_time": "11:30:00",
   "weekday": 2
  },
  "model": "planning.meetingtime",
  "pk": 124
 },
 {
  "fields": {
   "end_time": "12:20:00",
   "offering": 100,
   "room": "SSC9000",
   "start_time": "10:30:00",
   "weekday": 4
  },
  "model": "planning.meetingtime",
  "pk": 125
 },
 {
  "fields": {
   "end_time": "16:20:00",
   "offering": 101,
   "room": "RCB8100",
   "start_time": "14:30:00",
   "weekday": 1
  },
  "model": "planning.meetingtime",
  "pk": 126
 },
 {
  "fields": {
   "end_time": "15:20:00",
   "offering": 101,
   "room": "AQ5018",
   "start_time": "14:30:00",
   "weekday": 3
  },
  "model": "planning.meetingtime",
  "pk": 127
 },
 {
  "fields": {
   "end_time": "19:20:00",
   "offering": 102,
   "room": "AQ3003",
   "start_time": "16:30:00",
   "weekday": 2
  },
  "model": "planning.meetingtime",
  "pk": 128
 },
 {
  "fields": {
   "end_time": "12:20:00",
   "offering": 103,
   "room": "AQ3003",
   "start_time": "10:30:00",
   "weekday": 0
  },
  "model": "planning.meetingtime",
  "pk": 129
 },
 {
  "fields": {
   "end_time": "11:20:00",
   "offering": 103,
   "room": "AQ3003",
   "start_time": "10:30:00",
   "weekday": 2
  },
  "model": "planning.meetingtime",
  "pk": 130
 },
 {
  "fields": {
   "end_time": "14:20:00",
   "offering": 104,
   "room": "SSC9000",
   "start_time": "13:30:00",
   "weekday": 0
  },
  "model": "planning.meetingtime",
  "pk": 131
 },
 {
  "fields": {
   "end_time": "14:20:00",
   "offering": 104,
   "room": "SSC9000",
   "start_time": "13:30:00",
   "weekday": 2
  },
  "model": "planning.meetingtime",
  "pk": 132
 },
 {
  "fields": {
   "end_time": "14:20:00",
   "offering": 104,
   "room": "SSC9000",
   "start_time": "13:30:00",
   "weekday": 4
  },
  "model": "planning.meetingtime",
  "pk": 133
 },
 {
  "fields": {
   "end_time": "10:20:00",
   "offering": 105,
   "room": "AQ3159",
   "start_time": "09:30:00",
   "weekday": 0
  },
  "model": "planning.meetingtime",
  "pk": 134
 },
 {
  "fields": {
   "end_time": "10:20:00",
   "offering": 105,
   "room": "AQ3159",
   "start_time": "09:30:00",
   "weekday": 2
  },
  "model": "planning.meetingtime",
  "pk": 135
 },
 {
  "fields": {
   "end_time": "10:20:00",
   "offering": 105,
   "room": "AQ3159",
   "start_time": "09:30:00",
   "weekday": 4
  },
  "model": "planning.meetingtime",
  "pk": 136
 },
 {
  "fields": {
   "end_time": "19:20:00",
   "offering": 106,
   "room": "WMC3210",
   "start_time": "16:30:00",
   "weekday": 3
  },
  "model": "planning.meetingtime",
  "pk": 137
 },
 {
  "fields": {
   "end_time": "11:20:00",
   "offering": 107,
   "room": "AQ5037",
   "start_time": "09:30:00",
   "weekday": 1
  },
  "model": "planning.meetingtime",
  "pk": 138
 },
 {
  "fields": {
   "end_time": "10:20:00",
   "offering": 107,
   "room": "AQ5037",
   "start_time": "09:30:00",
   "weekday": 3
  },
  "model": "planning.meetingtime",
  "pk": 139
 },
 {
  "fields": {
   "end_time": "10:20:00",
   "offering": 108,
   "room": "RCB8100",
   "start_time": "09:30:00",
   "weekday": 0
  },
  "model": "planning.meetingtime",
  "pk": 140
 },
 {
  "fields": {
   "end_time": "10:20:00",
   "offering": 108,
   "room": "RCB8100",
   "start_time": "09:30:00",
   "weekday": 2
  },
  "model": "planning.meetingtime",
  "pk": 141
 },
 {
  "fields": {
   "end_time": "10:20:00",
   "offering": 108,
   "room": "RCB8100",
   "start_time": "09:30:00",
   "weekday": 4
  },
  "model": "planning.meetingtime",
  "pk": 142
 },
 {
  "fields": {
   "end_time": "14:20:00",
   "offering": 109,
   "room": "BLU10921",
   "start_time": "13:30:00",
   "weekday": 1
  },
  "model": "planning.meetingtime",
  "pk": 143
 },
 {
  "fields": {
   "end_time": "14:20:00",
   "offering": 109,
   "room": "BLU10011",
   "start_time": "12:30:00",
   "weekday": 3
  },
  "model": "planning.meetingtime",
  "pk": 144
 },
 {
  "fields": {
   "end_time": "12:20:00",
   "offering": 110,
   "room": "WMC3210",
   "start_time": "11:30:00",
   "weekday": 2
  },
  "model": "planning.meetingtime",
  "pk": 145
 },
 {
  "fields": {
   "end_time": "12:20:00",
   "offering": 110,
   "room": "WMC3210",
   "start_time": "10:30:00",
   "weekday": 4
  },
  "model": "planning.meetingtime",
  "pk": 146
 },
 {
  "fields": {
   "end_time": "04:20:00",
   "offering": 111,
   "room": "AQ3005",
   "start_time": "02:30:00",
   "weekday": 1
  },
  "model": "planning.meetingtime",
  "pk": 147
 },
 {
  "fields": {
   "end_time": "04:20:00",
   "offering": 111,
   "room": "AQ3005",
   "start_time": "02:30:00",
   "weekday": 3
  },
  "model": "planning.meetingtime",
  "pk": 148
 },
 {
  "fields": {
   "end_time": "20:20:00",
   "offering": 112,
   "room": "RCB8100",
   "start_time": "17:30:00",
   "weekday": 0
  },
  "model": "planning.meetingtime",
  "pk": 149
 },
 {
  "fields": {
   "end_time": "20:20:00",
   "offering": 113,
   "room": "WMC3210",
   "start_time": "17:30:00",
   "weekday": 2
  },
  "model": "planning.meetingtime",
  "pk": 150
 },
 {
  "fields": {
   "end_time": "04:20:00",
   "offering": 114,
   "room": "ASB9838",
   "start_time": "02:30:00",
   "weekday": 1
  },
  "model": "planning.meetingtime",
  "pk": 151
 },
 {
  "fields": {
   "end_time": "04:20:00",
   "offering": 114,
   "room": "ASB9838",
   "start_time": "02:30:00",
   "weekday": 3
  },
  "model": "planning.meetingtime",
  "pk": 152
 },
 {
  "fields": {
   "end_time": "11:20:00",
   "offering": 115,
   "room": "AQ3005",
   "start_time": "10:30:00",
   "weekday": 1
  },
  "model": "planning.meetingtime",
  "pk": 153
 },
 {
  "fields": {
   "end_time": "11:20:00",
   "offering": 115,
   "room": "SSC9000",
   "start_time": "10:30:00",
   "weekday": 3
  },
  "model": "planning.meetingtime",
  "pk": 154
 },
 {
  "fields": {
   "end_time": "11:20:00",
   "offering": 116,
   "room": "SSC9902",
   "start_time": "10:30:00",
   "weekday": 0
  },
  "model": "planning.meetingtime",
  "pk": 155
 },
 {
  "fields": {
   "end_time": "12:20:00",
   "offering": 117,
   "room": "ASB9838",
   "start_time": "11:30:00",
   "weekday": 0
  },
  "model": "planning.meetingtime",
  "pk": 158
 },
 {
  "fields": {
   "end_time": "12:20:00",
   "offering": 118,
   "room": "ASB9838",
   "start_time": "11:30:00",
   "weekday": 0
  },
  "model": "planning.meetingtime",
  "pk": 159
 },
 {
  "fields": {
   "end_time": "01:20:00",
   "offering": 119,
   "room": "ASB9838",
   "start_time": "12:30:00",
   "weekday": 0
  },
  "model": "planning.meetingtime",
  "pk": 160
 },
 {
  "fields": {
   "end_time": "12:20:00",
   "offering": 120,
   "room": "ASB9838",
   "start_time": "11:30:00",
   "weekday": 0
  },
  "model": "planning.meetingtime",
  "pk": 161
 },
 {
  "fields": {
   "end_time": "14:20:00",
   "offering": 121,
   "room": "ASB9838",
   "start_time": "13:30:00",
   "weekday": 0
  },
  "model": "planning.meetingtime",
  "pk": 162
 },
 {
  "fields": {
   "end_time": "14:20:00",
   "offering": 122,
   "room": "ASB9838",
   "start_time": "13:30:00",
   "weekday": 0
  },
  "model": "planning.meetingtime",
  "pk": 163
 },
 {
  "fields": {
   "end_time": "15:20:00",
   "offering": 123,
   "room": "ASB9838",
   "start_time": "14:30:00",
   "weekday": 0
  },
  "model": "planning.meetingtime",
  "pk": 164
 },
 {
  "fields": {
   "end_time": "15:20:00",
   "offering": 124,
   "room": "EDB7618",
   "start_time": "14:30:00",
   "weekday": 0
  },
  "model": "planning.meetingtime",
  "pk": 165
 },
 {
  "fields": {
   "end_time": "11:20:00",
   "offering": 116,
   "room": "SSC9902",
   "start_time": "10:30:00",
   "weekday": 2
  },
  "model": "planning.meetingtime",
  "pk": 156
 },
 {
  "fields": {
   "end_time": "15:20:00",
   "offering": 124,
   "room": "EDB7618",
   "start_time": "14:30:00",
   "weekday": 2
  },
  "model": "planning.meetingtime",
  "pk": 166
 },
 {
  "fields": {
   "end_time": "11:20:00",
   "offering": 116,
   "room": "SSC9902",
   "start_time": "10:30:00",
   "weekday": 4
  },
  "model": "planning.meetingtime",
  "pk": 157
 },
 {
  "fields": {
   "end_time": "15:20:00",
   "offering": 124,
   "room": "EDB7618",
   "start_time": "14:30:00",
   "weekday": 4
  },
  "model": "planning.meetingtime",
  "pk": 167
 },
 {
  "fields": {
   "end_time": "10:20:00",
   "offering": 125,
   "room": "EDB7618",
   "start_time": "09:30:00",
   "weekday": 0
  },
  "model": "planning.meetingtime",
  "pk": 168
 },
 {
  "fields": {
   "end_time": "10:20:00",
   "offering": 125,
   "room": "EDB7618",
   "start_time": "09:30:00",
   "weekday": 2
  },
  "model": "planning.meetingtime",
  "pk": 169
 },
 {
  "fields": {
   "end_time": "10:20:00",
   "offering": 125,
   "room": "EDB7618",
   "start_time": "09:30:00",
   "weekday": 4
  },
  "model": "planning.meetingtime",
  "pk": 170
 },
 {
  "fields": {
   "end_time": "10:20:00",
   "offering": 126,
   "room": "EDB7618",
   "start_time": "09:30:00",
   "weekday": 0
  },
  "model": "planning.meetingtime",
  "pk": 171
 },
 {
  "fields": {
   "end_time": "10:20:00",
   "offering": 126,
   "room": "EDB7618",
   "start_time": "09:30:00",
   "weekday": 2
  },
  "model": "planning.meetingtime",
  "pk": 172
 },
 {
  "fields": {
   "end_time": "10:20:00",
   "offering": 126,
   "room": "EDB7618",
   "start_time": "09:30:00",
   "weekday": 4
  },
  "model": "planning.meetingtime",
  "pk": 173
 },
 {
  "fields": {
   "end_time": "16:20:00",
   "offering": 127,
   "room": "SWH10041",
   "start_time": "15:30:00",
   "weekday": 0
  },
  "model": "planning.meetingtime",
  "pk": 174
 },
 {
  "fields": {
   "end_time": "11:20:00",
   "offering": 128,
   "room": "ASB9838",
   "start_time": "10:30:00",
   "weekday": 0
  },
  "model": "planning.meetingtime",
  "pk": 177
 },
 {
  "fields": {
   "end_time": "12:20:00",
   "offering": 129,
   "room": "ASB9838",
   "start_time": "11:30:00",
   "weekday": 0
  },
  "model": "planning.meetingtime",
  "pk": 178
 },
 {
  "fields": {
   "end_time": "01:20:00",
   "offering": 130,
   "room": "ASB9838",
   "start_time": "12:30:00",
   "weekday": 0
  },
  "model": "planning.meetingtime",
  "pk": 179
 },
 {
  "fields": {
   "end_time": "14:20:00",
   "offering": 131,
   "room": "ASB9838",
   "start_time": "13:30:00",
   "weekday": 0
  },
  "model": "planning.meetingtime",
  "pk": 180
 },
 {
  "fields": {
   "end_time": "16:20:00",
   "offering": 127,
   "room": "SWH10041",
   "start_time": "15:30:00",
   "weekday": 2
  },
  "model": "planning.meetingtime",
  "pk": 175
 },
 {
  "fields": {
   "end_time": "16:20:00",
   "offering": 127,
   "room": "SWH10041",
   "start_time": "15:30:00",
   "weekday": 4
  },
  "model": "planning.meetingtime",
  "pk": 176
 },
 {
  "fields": {
   "end_time": "15:20:00",
   "offering": 135,
   "room": "AQ3150",
   "start_time": "14:30:00",
   "weekday": 0
  },
  "model": "planning.meetingtime",
  "pk": 181
 },
 {
  "fields": {
   "end_time": "15:20:00",
   "offering": 135,
   "room": "AQ3150",
   "start_time": "14:30:00",
   "weekday": 2
  },
  "model": "planning.meetingtime",
  "pk": 182
 },
 {
  "fields": {
   "end_time": "11:20:00",
   "offering": 136,
   "room": "ASB9838",
   "start_time": "10:30:00",
   "weekday": 2
  },
  "model": "planning.meetingtime",
  "pk": 184
 },
 {
  "fields": {
   "end_time": "12:20:00",
   "offering": 137,
   "room": "ASB9838",
   "start_time": "11:30:00",
   "weekday": 2
  },
  "model": "planning.meetingtime",
  "pk": 185
 },
 {
  "fields": {
   "end_time": "01:20:00",
   "offering": 138,
   "room": "ASB9838",
   "start_time": "12:30:00",
   "weekday": 2
  },
  "model": "planning.meetingtime",
  "pk": 186
 },
 {
  "fields": {
   "end_time": "14:20:00",
   "offering": 139,
   "room": "ASB9838",
   "start_time": "13:30:00",
   "weekday": 2
  },
  "model": "planning.meetingtime",
  "pk": 187
 },
 {
  "fields": {
   "end_time": "15:20:00",
   "offering": 135,
   "room": "AQ3150",
   "start_time": "14:30:00",
   "weekday": 4
  },
  "model": "planning.meetingtime",
  "pk": 183
 },
 {
  "fields": {
   "end_time": "12:20:00",
   "offering": 140,
   "room": "WMC3260",
   "start_time": "11:30:00",
   "weekday": 0
  },
  "model": "planning.meetingtime",
  "pk": 188
 },
 {
  "fields": {
   "end_time": "12:20:00",
   "offering": 140,
   "room": "WMC3260",
   "start_time": "11:30:00",
   "weekday": 2
  },
  "model": "planning.meetingtime",
  "pk": 189
 },
 {
  "fields": {
   "end_time": "11:20:00",
   "offering": 141,
   "room": "ASB9838",
   "start_time": "10:30:00",
   "weekday": 3
  },
  "model": "planning.meetingtime",
  "pk": 191
 },
 {
  "fields": {
   "end_time": "12:20:00",
   "offering": 142,
   "room": "ASB9838",
   "start_time": "11:30:00",
   "weekday": 3
  },
  "model": "planning.meetingtime",
  "pk": 192
 },
 {
  "fields": {
   "end_time": "13:20:00",
   "offering": 143,
   "room": "ASB9838",
   "start_time": "12:30:00",
   "weekday": 3
  },
  "model": "planning.meetingtime",
  "pk": 193
 },
 {
  "fields": {
   "end_time": "14:20:00",
   "offering": 144,
   "room": "ASB9838",
   "start_time": "13:30:00",
   "weekday": 3
  },
  "model": "planning.meetingtime",
  "pk": 194
 },
 {
  "fields": {
   "end_time": "15:20:00",
   "offering": 145,
   "room": "ASB9838",
   "start_time": "14:30:00",
   "weekday": 3
  },
  "model": "planning.meetingtime",
  "pk": 195
 },
 {
  "fields": {
   "end_time": "12:20:00",
   "offering": 140,
   "room": "WMC3260",
   "start_time": "11:30:00",
   "weekday": 4
  },
  "model": "planning.meetingtime",
  "pk": 190
 },
 {
  "fields": {
   "end_time": "19:20:00",
   "offering": 146,
   "room": "RCB8100",
   "start_time": "16:30:00",
   "weekday": 0
  },
  "model": "planning.meetingtime",
  "pk": 196
 },
 {
  "fields": {
   "end_time": "14:20:00",
   "offering": 147,
   "room": "AQ3005",
   "start_time": "13:20:00",
   "weekday": 1
  },
  "model": "planning.meetingtime",
  "pk": 197
 },
 {
  "fields": {
   "end_time": "14:20:00",
   "offering": 147,
   "room": "AQ3003",
   "start_time": "12:20:00",
   "weekday": 3
  },
  "model": "planning.meetingtime",
  "pk": 198
 },
 {
  "fields": {
   "end_time": "12:20:00",
   "offering": 148,
   "room": "AQ3003",
   "start_time": "11:30:00",
   "weekday": 2
  },
  "model": "planning.meetingtime",
  "pk": 199
 },
 {
  "fields": {
   "end_time": "12:20:00",
   "offering": 148,
   "room": "SSC9000",
   "start_time": "10:30:00",
   "weekday": 4
  },
  "model": "planning.meetingtime",
  "pk": 200
 },
 {
  "fields": {
   "end_time": "16:20:00",
   "offering": 149,
   "room": "RCB8100",
   "start_time": "14:30:00",
   "weekday": 1
  },
  "model": "planning.meetingtime",
  "pk": 201
 },
 {
  "fields": {
   "end_time": "15:20:00",
   "offering": 149,
   "room": "AQ5018",
   "start_time": "14:30:00",
   "weekday": 3
  },
  "model": "planning.meetingtime",
  "pk": 202
 },
 {
  "fields": {
   "end_time": "19:20:00",
   "offering": 150,
   "room": "AQ3003",
   "start_time": "16:30:00",
   "weekday": 2
  },
  "model": "planning.meetingtime",
  "pk": 203
 },
 {
  "fields": {
   "end_time": "12:20:00",
   "offering": 151,
   "room": "AQ3003",
   "start_time": "10:30:00",
   "weekday": 0
  },
  "model": "planning.meetingtime",
  "pk": 204
 },
 {
  "fields": {
   "end_time": "11:20:00",
   "offering": 151,
   "room": "AQ3003",
   "start_time": "10:30:00",
   "weekday": 2
  },
  "model": "planning.meetingtime",
  "pk": 205
 },
 {
  "fields": {
   "end_time": "14:20:00",
   "offering": 152,
   "room": "SSC9000",
   "start_time": "13:30:00",
   "weekday": 0
  },
  "model": "planning.meetingtime",
  "pk": 206
 },
 {
  "fields": {
   "end_time": "14:20:00",
   "offering": 152,
   "room": "SSC9000",
   "start_time": "13:30:00",
   "weekday": 2
  },
  "model": "planning.meetingtime",
  "pk": 207
 },
 {
  "fields": {
   "end_time": "14:20:00",
   "offering": 152,
   "room": "SSC9000",
   "start_time": "13:30:00",
   "weekday": 4
  },
  "model": "planning.meetingtime",
  "pk": 208
 },
 {
  "fields": {
   "end_time": "10:20:00",
   "offering": 153,
   "room": "AQ3159",
   "start_time": "09:30:00",
   "weekday": 0
  },
  "model": "planning.meetingtime",
  "pk": 209
 },
 {
  "fields": {
   "end_time": "10:20:00",
   "offering": 153,
   "room": "AQ3159",
   "start_time": "09:30:00",
   "weekday": 2
  },
  "model": "planning.meetingtime",
  "pk": 210
 },
 {
  "fields": {
   "end_time": "10:20:00",
   "offering": 153,
   "room": "AQ3159",
   "start_time": "09:30:00",
   "weekday": 4
  },
  "model": "planning.meetingtime",
  "pk": 211
 },
 {
  "fields": {
   "end_time": "19:20:00",
   "offering": 154,
   "room": "WMC3210",
   "start_time": "16:30:00",
   "weekday": 3
  },
  "model": "planning.meetingtime",
  "pk": 212
 },
 {
  "fields": {
   "end_time": "11:20:00",
   "offering": 155,
   "room": "AQ5037",
   "start_time": "09:30:00",
   "weekday": 1
  },
  "model": "planning.meetingtime",
  "pk": 213
 },
 {
  "fields": {
   "end_time": "10:20:00",
   "offering": 155,
   "room": "AQ5037",
   "start_time": "09:30:00",
   "weekday": 3
  },
  "model": "planning.meetingtime",
  "pk": 214
 },
 {
  "fields": {
   "end_time": "10:20:00",
   "offering": 156,
   "room": "RCB8100",
   "start_time": "09:30:00",
   "weekday": 0
  },
  "model": "planning.meetingtime",
  "pk": 215
 },
 {
  "fields": {
   "end_time": "10:20:00",
   "offering": 156,
   "room": "RCB8100",
   "start_time": "09:30:00",
   "weekday": 2
  },
  "model": "planning.meetingtime",
  "pk": 216
 },
 {
  "fields": {
   "end_time": "10:20:00",
   "offering": 156,
   "room": "RCB8100",
   "start_time": "09:30:00",
   "weekday": 4
  },
  "model": "planning.meetingtime",
  "pk": 217
 },
 {
  "fields": {
   "end_time": "14:20:00",
   "offering": 157,
   "room": "BLU10921",
   "start_time": "13:30:00",
   "weekday": 1
  },
  "model": "planning.meetingtime",
  "pk": 218
 },
 {
  "fields": {
   "end_time": "14:20:00",
   "offering": 157,
   "room": "BLU10011",
   "start_time": "12:30:00",
   "weekday": 3
  },
  "model": "planning.meetingtime",
  "pk": 219
 },
 {
  "fields": {
   "end_time": "12:20:00",
   "offering": 158,
   "room": "WMC3210",
   "start_time": "11:30:00",
   "weekday": 2
  },
  "model": "planning.meetingtime",
  "pk": 220
 },
 {
  "fields": {
   "end_time": "12:20:00",
   "offering": 158,
   "room": "WMC3210",
   "start_time": "10:30:00",
   "weekday": 4
  },
  "model": "planning.meetingtime",
  "pk": 221
 },
 {
  "fields": {
   "end_time": "04:20:00",
   "offering": 159,
   "room": "AQ3005",
   "start_time": "02:30:00",
   "weekday": 1
  },
  "model": "planning.meetingtime",
  "pk": 222
 },
 {
  "fields": {
   "end_time": "04:20:00",
   "offering": 159,
   "room": "AQ3005",
   "start_time": "02:30:00",
   "weekday": 3
  },
  "model": "planning.meetingtime",
  "pk": 223
 },
 {
  "fields": {
   "end_time": "20:20:00",
   "offering": 160,
   "room": "RCB8100",
   "start_time": "17:30:00",
   "weekday": 0
  },
  "model": "planning.meetingtime",
  "pk": 224
 },
 {
  "fields": {
   "end_time": "20:20:00",
   "offering": 161,
   "room": "WMC3210",
   "start_time": "17:30:00",
   "weekday": 2
  },
  "model": "planning.meetingtime",
  "pk": 225
 },
  {
  "fields": {
   "comment": "This is a comment!",
   "credits_denominator": 4,
   "credits_numerator": 3,
   "instructor": 8,
   "semester": 4,
   "status": "UNCO",
   "summary": "Student supervision for CMPT 470"
  },
  "model": "planning.teachingequivalent",
  "pk": 1
 },
 {
  "fields": {
   "comment": "This is a comment!",
   "credits_denominator": 4,
   "credits_numerator": 1,
   "instructor": 8,
   "semester": 3,
   "status": "CONF",
   "summary": "Supervised students for special research project"
  },
  "model": "planning.teachingequivalent",
  "pk": 2
 }
]
