[
 {
  "fields": {
   "end": "2011-08-08",
   "name": "1114",
   "start": "2011-05-09"
  },
  "model": "coredata.semester",
  "pk": 1
 },
 {
  "fields": {
   "end": "2011-12-05",
   "name": "1117",
   "start": "2011-09-06"
  },
  "model": "coredata.semester",
  "pk": 2
 },
 {
  "fields": {
   "end": "2012-04-11",
   "name": "1121",
   "start": "2012-01-05"
  },
  "model": "coredata.semester",
  "pk": 3
 },
 {
  "fields": {
   "end": "2012-08-03",
   "name": "1124",
   "start": "2012-05-07"
  },
  "model": "coredata.semester",
  "pk": 4
 },
 {
  "fields": {
   "end": "2012-12-03",
   "name": "1127",
   "start": "2012-09-04"
  },
  "model": "coredata.semester",
  "pk": 5
 },
 {
  "fields": {
   "monday": "2011-05-09",
   "semester": 1,
   "week": 1
  },
  "model": "coredata.semesterweek",
  "pk": 1
 },
 {
  "fields": {
   "monday": "2011-09-05",
   "semester": 2,
   "week": 1
  },
  "model": "coredata.semesterweek",
  "pk": 2
 },
 {
  "fields": {
   "monday": "2012-01-09",
   "semester": 3,
   "week": 1
  },
  "model": "coredata.semesterweek",
  "pk": 3
 },
 {
  "fields": {
   "monday": "2012-02-20",
   "semester": 3,
   "week": 6
  },
  "model": "coredata.semesterweek",
  "pk": 4
 },
 {
  "fields": {
   "monday": "2012-05-07",
   "semester": 4,
   "week": 1
  },
  "model": "coredata.semesterweek",
  "pk": 5
 },
 {
  "fields": {
   "monday": "2012-09-03",
   "semester": 5,
   "week": 1
  },
  "model": "coredata.semesterweek",
  "pk": 6
 },
 {
  "fields": {
   "campus": "BRNBY",
   "class_nbr": 13729,
   "component": "LEC",
   "config": "{}",
   "course": 1,
   "crse_id": 11592,
   "enrl_cap": 50,
   "enrl_tot": 45,
   "graded": true,
   "number": "102",
   "owner": 2,
   "section": "D100",
   "semester": 3,
   "slug": "2012sp-cmpt-102-d1",
   "subject": "CMPT",
   "title": "Scientific Computer Prog.",
   "wait_tot": 0
  },
  "model": "coredata.courseoffering",
  "pk": 67
 },
 {
  "fields": {
   "campus": "BRNBY",
   "class_nbr": 13730,
   "component": "SEC",
   "config": "{}",
   "course": 2,
   "crse_id": 11577,
   "enrl_cap": 80,
   "enrl_tot": 60,
   "graded": true,
   "number": "110",
   "owner": 2,
   "section": "C100",
   "semester": 3,
   "slug": "2012sp-cmpt-110-c1",
   "subject": "CMPT",
   "title": "Programming in Visual Basic",
   "wait_tot": 0
  },
  "model": "coredata.courseoffering",
  "pk": 66
 },
 {
  "fields": {
   "campus": "BRNBY",
   "class_nbr": 13731,
   "component": "LEC",
   "config": "{}",
   "course": 3,
   "crse_id": 14580,
   "enrl_cap": 180,
   "enrl_tot": 180,
   "graded": true,
   "number": "120",
   "owner": 2,
   "section": "D100",
   "semester": 3,
   "slug": "2012sp-cmpt-120-d1",
   "subject": "CMPT",
   "title": "Intro.Cmpt.Sci/Programming I",
   "wait_tot": 17
  },
  "model": "coredata.courseoffering",
  "pk": 77
 },
 {
  "fields": {
   "campus": "SURRY",
   "class_nbr": 15549,
   "component": "LEC",
   "config": "{}",
   "course": 3,
   "crse_id": 14580,
   "enrl_cap": 99,
   "enrl_tot": 98,
   "graded": true,
   "number": "120",
   "owner": 2,
   "section": "D200",
   "semester": 3,
   "slug": "2012sp-cmpt-120-d2",
   "subject": "CMPT",
   "title": "Intro.Cmpt.Sci/Programming I",
   "wait_tot": 2
  },
  "model": "coredata.courseoffering",
  "pk": 78
 },
 {
  "fields": {
   "campus": "BRNBY",
   "class_nbr": 13733,
   "component": "LEC",
   "config": "{}",
   "course": 4,
   "crse_id": 14581,
   "enrl_cap": 150,
   "enrl_tot": 139,
   "graded": true,
   "number": "125",
   "owner": 2,
   "section": "D100",
   "semester": 3,
   "slug": "2012sp-cmpt-125-d1",
   "subject": "CMPT",
   "title": "Intro.Cmpt.Sci/Programming II",
   "wait_tot": 3
  },
  "model": "coredata.courseoffering",
  "pk": 79
 },
 {
  "fields": {
   "campus": "SURRY",
   "class_nbr": 15575,
   "component": "LEC",
   "config": "{}",
   "course": 4,
   "crse_id": 14581,
   "enrl_cap": 48,
   "enrl_tot": 39,
   "graded": true,
   "number": "125",
   "owner": 2,
   "section": "D200",
   "semester": 3,
   "slug": "2012sp-cmpt-125-d2",
   "subject": "CMPT",
   "title": "Intro.Cmpt.Sci/Programming II",
   "wait_tot": 0
  },
  "model": "coredata.courseoffering",
  "pk": 80
 },
 {
  "fields": {
   "campus": "SURRY",
   "class_nbr": 15557,
   "component": "LEC",
   "config": "{}",
   "course": 5,
   "crse_id": 14583,
   "enrl_cap": 21,
   "enrl_tot": 21,
   "graded": true,
   "number": "128",
   "owner": 2,
   "section": "D200",
   "semester": 3,
   "slug": "2012sp-cmpt-128-d2",
   "subject": "CMPT",
   "title": "Intro. Cmpt.Sci/Prgm/Engineers",
   "wait_tot": 2
  },
  "model": "coredata.courseoffering",
  "pk": 81
 },
 {
  "fields": {
   "campus": "BRNBY",
   "class_nbr": 13734,
   "component": "LEC",
   "config": "{}",
   "course": 6,
   "crse_id": 11555,
   "enrl_cap": 156,
   "enrl_tot": 154,
   "graded": true,
   "number": "150",
   "owner": 2,
   "section": "D100",
   "semester": 3,
   "slug": "2012sp-cmpt-150-d1",
   "subject": "CMPT",
   "title": "Intro to Computer Design",
   "wait_tot": 1
  },
  "model": "coredata.courseoffering",
  "pk": 62
 },
 {
  "fields": {
   "campus": "SURRY",
   "class_nbr": 15586,
   "component": "LEC",
   "config": "{}",
   "course": 6,
   "crse_id": 11555,
   "enrl_cap": 96,
   "enrl_tot": 38,
   "graded": true,
   "number": "150",
   "owner": 2,
   "section": "D200",
   "semester": 3,
   "slug": "2012sp-cmpt-150-d2",
   "subject": "CMPT",
   "title": "Intro to Computer Design",
   "wait_tot": 0
  },
  "model": "coredata.courseoffering",
  "pk": 63
 },
 {
  "fields": {
   "campus": "VANCR",
   "class_nbr": 13806,
   "component": "CAN",
   "config": "{}",
   "course": 6,
   "crse_id": 11555,
   "enrl_cap": 52,
   "enrl_tot": 0,
   "graded": true,
   "number": "150",
   "owner": 2,
   "section": "E100",
   "semester": 3,
   "slug": "2012sp-cmpt-150-e1",
   "subject": "CMPT",
   "title": "Intro to Computer Design",
   "wait_tot": 0
  },
  "model": "coredata.courseoffering",
  "pk": 64
 },
 {
  "fields": {
   "campus": "VANCR",
   "class_nbr": 16971,
   "component": "LEC",
   "config": "{}",
   "course": 6,
   "crse_id": 11555,
   "enrl_cap": 30,
   "enrl_tot": 16,
   "graded": true,
   "number": "150",
   "owner": 2,
   "section": "E200",
   "semester": 3,
   "slug": "2012sp-cmpt-150-e2",
   "subject": "CMPT",
   "title": "Intro to Computer Design",
   "wait_tot": 0
  },
  "model": "coredata.courseoffering",
  "pk": 65
 },
 {
  "fields": {
   "campus": "BRNBY",
   "class_nbr": 13736,
   "component": "SEC",
   "config": "{\"url\": \"http://www.cs.sfu.ca/CC/165/common/\", \"taemail\": \"cmpt-165-contact@sfu.ca\", \"labtut\": true}",
   "course": 7,
   "crse_id": 11547,
   "enrl_cap": 60,
   "enrl_tot": 60,
   "graded": true,
   "number": "165",
   "owner": 2,
   "section": "C100",
   "semester": 3,
   "slug": "2012sp-cmpt-165-c1",
   "subject": "CMPT",
   "title": "Intro Internet  World Wide Web 破",
   "wait_tot": 10
  },
  "model": "coredata.courseoffering",
  "pk": 56
 },
 {
  "fields": {
   "campus": "BRNBY",
   "class_nbr": 16776,
   "component": "SEC",
   "config": "{}",
   "course": 7,
   "crse_id": 11547,
   "enrl_cap": 60,
   "enrl_tot": 60,
   "graded": true,
   "number": "165",
   "owner": 2,
   "section": "C200",
   "semester": 3,
   "slug": "2012sp-cmpt-165-c2",
   "subject": "CMPT",
   "title": "Intro Internet  World Wide Web 破",
   "wait_tot": 8
  },
  "model": "coredata.courseoffering",
  "pk": 57
 },
 {
  "fields": {
   "campus": "BRNBY",
   "class_nbr": 16778,
   "component": "SEC",
   "config": "{}",
   "course": 7,
   "crse_id": 11547,
   "enrl_cap": 60,
   "enrl_tot": 60,
   "graded": true,
   "number": "165",
   "owner": 2,
   "section": "C300",
   "semester": 3,
   "slug": "2012sp-cmpt-165-c3",
   "subject": "CMPT",
   "title": "Intro Internet  World Wide Web 破",
   "wait_tot": 9
  },
  "model": "coredata.courseoffering",
  "pk": 58
 },
 {
  "fields": {
   "campus": "BRNBY",
   "class_nbr": 13735,
   "component": "LEC",
   "config": "{}",
   "course": 7,
   "crse_id": 11547,
   "enrl_cap": 208,
   "enrl_tot": 206,
   "graded": true,
   "number": "165",
   "owner": 2,
   "section": "D100",
   "semester": 3,
   "slug": "2012sp-cmpt-165-d1",
   "subject": "CMPT",
   "title": "Intro Internet  World Wide Web",
   "wait_tot": 29
  },
  "model": "coredata.courseoffering",
  "pk": 59
 },
 {
  "fields": {
   "campus": "SURRY",
   "class_nbr": 15648,
   "component": "LEC",
   "config": "{}",
   "course": 7,
   "crse_id": 11547,
   "enrl_cap": 130,
   "enrl_tot": 123,
   "graded": true,
   "number": "165",
   "owner": 2,
   "section": "D200",
   "semester": 3,
   "slug": "2012sp-cmpt-165-d2",
   "subject": "CMPT",
   "title": "Intro Internet  World Wide Web",
   "wait_tot": 1
  },
  "model": "coredata.courseoffering",
  "pk": 60
 },
 {
  "fields": {
   "campus": "BRNBY",
   "class_nbr": 16777,
   "component": "LEC",
   "config": "{}",
   "course": 7,
   "crse_id": 11547,
   "enrl_cap": 60,
   "enrl_tot": 0,
   "graded": true,
   "number": "165",
   "owner": 2,
   "section": "D300",
   "semester": 3,
   "slug": "2012sp-cmpt-165-d3",
   "subject": "CMPT",
   "title": "Intro Internet  World Wide Web",
   "wait_tot": 0
  },
  "model": "coredata.courseoffering",
  "pk": 61
 },
 {
  "fields": {
   "campus": "BRNBY",
   "class_nbr": 32757,
   "component": "LEC",
   "config": "{\"combined\": true, \"labtut\": true}",
   "course": 7,
   "crse_id": 32757,
   "enrl_cap": 180,
   "enrl_tot": 0,
   "graded": true,
   "number": "165",
   "owner": 2,
   "section": "X100",
   "semester": 3,
   "slug": "2012sp-cmpt-165-x1",
   "subject": "CMPT",
   "title": "Intro Internet/WWW (combined)",
   "wait_tot": 0
  },
  "model": "coredata.courseoffering",
  "pk": 113
 },
 {
  "fields": {
   "campus": "SURRY",
   "class_nbr": 15593,
   "component": "LEC",
   "config": "{}",
   "course": 8,
   "crse_id": 16684,
   "enrl_cap": 120,
   "enrl_tot": 54,
   "graded": true,
   "number": "166",
   "owner": 2,
   "section": "D100",
   "semester": 3,
   "slug": "2012sp-cmpt-166-d1",
   "subject": "CMPT",
   "title": "Animated Intro to Programming",
   "wait_tot": 12
  },
  "model": "coredata.courseoffering",
  "pk": 101
 },
 {
  "fields": {
   "campus": "SURRY",
   "class_nbr": 15630,
   "component": "LEC",
   "config": "{}",
   "course": 9,
   "crse_id": 11531,
   "enrl_cap": 54,
   "enrl_tot": 51,
   "graded": true,
   "number": "212",
   "owner": 2,
   "section": "D100",
   "semester": 3,
   "slug": "2012sp-cmpt-212-d1",
   "subject": "CMPT",
   "title": "Appl.Design in C++",
   "wait_tot": 0
  },
  "model": "coredata.courseoffering",
  "pk": 55
 },
 {
  "fields": {
   "campus": "BRNBY",
   "class_nbr": 13739,
   "component": "LEC",
   "config": "{}",
   "course": 10,
   "crse_id": 14584,
   "enrl_cap": 122,
   "enrl_tot": 122,
   "graded": true,
   "number": "225",
   "owner": 2,
   "section": "D100",
   "semester": 3,
   "slug": "2012sp-cmpt-225-d1",
   "subject": "CMPT",
   "title": "Data Structures/Programming",
   "wait_tot": 11
  },
  "model": "coredata.courseoffering",
  "pk": 82
 },
 {
  "fields": {
   "campus": "VANCR",
   "class_nbr": 13807,
   "component": "CAN",
   "config": "{}",
   "course": 10,
   "crse_id": 14584,
   "enrl_cap": 52,
   "enrl_tot": 0,
   "graded": true,
   "number": "225",
   "owner": 2,
   "section": "E100",
   "semester": 3,
   "slug": "2012sp-cmpt-225-e1",
   "subject": "CMPT",
   "title": "Data Structures/Programming",
   "wait_tot": 0
  },
  "model": "coredata.courseoffering",
  "pk": 83
 },
 {
  "fields": {
   "campus": "VANCR",
   "class_nbr": 16974,
   "component": "LEC",
   "config": "{}",
   "course": 10,
   "crse_id": 14584,
   "enrl_cap": 50,
   "enrl_tot": 17,
   "graded": true,
   "number": "225",
   "owner": 2,
   "section": "E200",
   "semester": 3,
   "slug": "2012sp-cmpt-225-e2",
   "subject": "CMPT",
   "title": "Data Structures/Programming",
   "wait_tot": 0
  },
  "model": "coredata.courseoffering",
  "pk": 84
 },
 {
  "fields": {
   "campus": "BRNBY",
   "class_nbr": 13740,
   "component": "LEC",
   "config": "{}",
   "course": 11,
   "crse_id": 11524,
   "enrl_cap": 130,
   "enrl_tot": 101,
   "graded": true,
   "number": "250",
   "owner": 2,
   "section": "D100",
   "semester": 3,
   "slug": "2012sp-cmpt-250-d1",
   "subject": "CMPT",
   "title": "Intro to Computer Architecture",
   "wait_tot": 0
  },
  "model": "coredata.courseoffering",
  "pk": 54
 },
 {
  "fields": {
   "campus": "BRNBY",
   "class_nbr": 13741,
   "component": "LEC",
   "config": "{}",
   "course": 12,
   "crse_id": 11520,
   "enrl_cap": 80,
   "enrl_tot": 79,
   "graded": true,
   "number": "275",
   "owner": 2,
   "section": "E100",
   "semester": 3,
   "slug": "2012sp-cmpt-275-e1",
   "subject": "CMPT",
   "title": "Software Engineering I",
   "wait_tot": 7
  },
  "model": "coredata.courseoffering",
  "pk": 53
 },
 {
  "fields": {
   "campus": "SURRY",
   "class_nbr": 15631,
   "component": "CAN",
   "config": "{}",
   "course": 13,
   "crse_id": 16022,
   "enrl_cap": 48,
   "enrl_tot": 0,
   "graded": true,
   "number": "276",
   "owner": 2,
   "section": "D100",
   "semester": 3,
   "slug": "2012sp-cmpt-276-d1",
   "subject": "CMPT",
   "title": "Intro Software Engineering",
   "wait_tot": 0
  },
  "model": "coredata.courseoffering",
  "pk": 92
 },
 {
  "fields": {
   "campus": "SURRY",
   "class_nbr": 16909,
   "component": "LEC",
   "config": "{}",
   "course": 13,
   "crse_id": 16022,
   "enrl_cap": 48,
   "enrl_tot": 31,
   "graded": true,
   "number": "276",
   "owner": 2,
   "section": "D200",
   "semester": 3,
   "slug": "2012sp-cmpt-276-d2",
   "subject": "CMPT",
   "title": "Intro Software Engineering",
   "wait_tot": 0
  },
  "model": "coredata.courseoffering",
  "pk": 93
 },
 {
  "fields": {
   "campus": "BRNBY",
   "class_nbr": 13742,
   "component": "LEC",
   "config": "{}",
   "course": 14,
   "crse_id": 11510,
   "enrl_cap": 85,
   "enrl_tot": 80,
   "graded": true,
   "number": "300",
   "owner": 2,
   "section": "D100",
   "semester": 3,
   "slug": "2012sp-cmpt-300-d1",
   "subject": "CMPT",
   "title": "Operating Systems I",
   "wait_tot": 0
  },
  "model": "coredata.courseoffering",
  "pk": 51
 },
 {
  "fields": {
   "campus": "SURRY",
   "class_nbr": 15632,
   "component": "LEC",
   "config": "{}",
   "course": 14,
   "crse_id": 11510,
   "enrl_cap": 48,
   "enrl_tot": 43,
   "graded": true,
   "number": "300",
   "owner": 2,
   "section": "D200",
   "semester": 3,
   "slug": "2012sp-cmpt-300-d2",
   "subject": "CMPT",
   "title": "Operating Systems I",
   "wait_tot": 0
  },
  "model": "coredata.courseoffering",
  "pk": 52
 },
 {
  "fields": {
   "campus": "BRNBY",
   "class_nbr": 13743,
   "component": "LEC",
   "config": "{}",
   "course": 15,
   "crse_id": 11500,
   "enrl_cap": 85,
   "enrl_tot": 74,
   "graded": true,
   "number": "307",
   "owner": 2,
   "section": "D100",
   "semester": 3,
   "slug": "2012sp-cmpt-307-d1",
   "subject": "CMPT",
   "title": "Data Structures",
   "wait_tot": 0
  },
  "model": "coredata.courseoffering",
  "pk": 50
 },
 {
  "fields": {
   "campus": "BRNBY",
   "class_nbr": 13744,
   "component": "LEC",
   "config": "{}",
   "course": 16,
   "crse_id": 11498,
   "enrl_cap": 75,
   "enrl_tot": 75,
   "graded": true,
   "number": "310",
   "owner": 2,
   "section": "D100",
   "semester": 3,
   "slug": "2012sp-cmpt-310-d1",
   "subject": "CMPT",
   "title": "Artificial Intelligence Survey",
   "wait_tot": 0
  },
  "model": "coredata.courseoffering",
  "pk": 49
 },
 {
  "fields": {
   "campus": "BRNBY",
   "class_nbr": 13745,
   "component": "LEC",
   "config": "{}",
   "course": 17,
   "crse_id": 11491,
   "enrl_cap": 85,
   "enrl_tot": 85,
   "graded": true,
   "number": "320",
   "owner": 2,
   "section": "E100",
   "semester": 3,
   "slug": "2012sp-cmpt-320-e1",
   "subject": "CMPT",
   "title": "Social Implications",
   "wait_tot": 6
  },
  "model": "coredata.courseoffering",
  "pk": 48
 },
 {
  "fields": {
   "campus": "SURRY",
   "class_nbr": 15633,
   "component": "LEC",
   "config": "{}",
   "course": 18,
   "crse_id": 16158,
   "enrl_cap": 48,
   "enrl_tot": 48,
   "graded": true,
   "number": "322W",
   "owner": 2,
   "section": "D100",
   "semester": 3,
   "slug": "2012sp-cmpt-322w-d1",
   "subject": "CMPT",
   "title": "Responsibility and Ethics",
   "wait_tot": 0
  },
  "model": "coredata.courseoffering",
  "pk": 97
 },
 {
  "fields": {
   "campus": "BRNBY",
   "class_nbr": 13746,
   "component": "LEC",
   "config": "{}",
   "course": 19,
   "crse_id": 11489,
   "enrl_cap": 50,
   "enrl_tot": 41,
   "graded": true,
   "number": "340",
   "owner": 2,
   "section": "D100",
   "semester": 3,
   "slug": "2012sp-cmpt-340-d1",
   "subject": "CMPT",
   "title": "Biomedical Computing",
   "wait_tot": 0
  },
  "model": "coredata.courseoffering",
  "pk": 47
 },
 {
  "fields": {
   "campus": "BRNBY",
   "class_nbr": 13747,
   "component": "LEC",
   "config": "{}",
   "course": 20,
   "crse_id": 11478,
   "enrl_cap": 70,
   "enrl_tot": 63,
   "graded": true,
   "number": "354",
   "owner": 2,
   "section": "E100",
   "semester": 3,
   "slug": "2012sp-cmpt-354-e1",
   "subject": "CMPT",
   "title": "Database Systems I",
   "wait_tot": 0
  },
  "model": "coredata.courseoffering",
  "pk": 46
 },
 {
  "fields": {
   "campus": "BRNBY",
   "class_nbr": 13749,
   "component": "LEC",
   "config": "{}",
   "course": 21,
   "crse_id": 11472,
   "enrl_cap": 82,
   "enrl_tot": 82,
   "graded": true,
   "number": "363",
   "owner": 2,
   "section": "E100",
   "semester": 3,
   "slug": "2012sp-cmpt-363-e1",
   "subject": "CMPT",
   "title": "User Interface Dsgn",
   "wait_tot": 1
  },
  "model": "coredata.courseoffering",
  "pk": 45
 },
 {
  "fields": {
   "campus": "BRNBY",
   "class_nbr": 13750,
   "component": "LEC",
   "config": "{}",
   "course": 22,
   "crse_id": 11471,
   "enrl_cap": 70,
   "enrl_tot": 70,
   "graded": true,
   "number": "365",
   "owner": 2,
   "section": "D100",
   "semester": 3,
   "slug": "2012sp-cmpt-365-d1",
   "subject": "CMPT",
   "title": "Multimedia Systems",
   "wait_tot": 1
  },
  "model": "coredata.courseoffering",
  "pk": 44
 },
 {
  "fields": {
   "campus": "BRNBY",
   "class_nbr": 13751,
   "component": "LEC",
   "config": "{}",
   "course": 23,
   "crse_id": 11468,
   "enrl_cap": 70,
   "enrl_tot": 41,
   "graded": true,
   "number": "370",
   "owner": 2,
   "section": "E100",
   "semester": 3,
   "slug": "2012sp-cmpt-370-e1",
   "subject": "CMPT",
   "title": "Info System Design",
   "wait_tot": 0
  },
  "model": "coredata.courseoffering",
  "pk": 43
 },
 {
  "fields": {
   "campus": "BRNBY",
   "class_nbr": 13752,
   "component": "LEC",
   "config": "{}",
   "course": 24,
   "crse_id": 11465,
   "enrl_cap": 75,
   "enrl_tot": 44,
   "graded": true,
   "number": "371",
   "owner": 2,
   "section": "D100",
   "semester": 3,
   "slug": "2012sp-cmpt-371-d1",
   "subject": "CMPT",
   "title": "Data Communications/Networking",
   "wait_tot": 0
  },
  "model": "coredata.courseoffering",
  "pk": 41
 },
 {
  "fields": {
   "campus": "SURRY",
   "class_nbr": 15634,
   "component": "LEC",
   "config": "{}",
   "course": 24,
   "crse_id": 11465,
   "enrl_cap": 48,
   "enrl_tot": 24,
   "graded": true,
   "number": "371",
   "owner": 2,
   "section": "D200",
   "semester": 3,
   "slug": "2012sp-cmpt-371-d2",
   "subject": "CMPT",
   "title": "Data Communications/Networking",
   "wait_tot": 0
  },
  "model": "coredata.courseoffering",
  "pk": 42
 },
 {
  "fields": {
   "campus": "BRNBY",
   "class_nbr": 13753,
   "component": "LEC",
   "config": "{}",
   "course": 25,
   "crse_id": 15541,
   "enrl_cap": 60,
   "enrl_tot": 56,
   "graded": true,
   "number": "376W",
   "owner": 2,
   "section": "D100",
   "semester": 3,
   "slug": "2012sp-cmpt-376w-d1",
   "subject": "CMPT",
   "title": "Tech.Writing and Group Dynamic",
   "wait_tot": 0
  },
  "model": "coredata.courseoffering",
  "pk": 86
 },
 {
  "fields": {
   "campus": "BRNBY",
   "class_nbr": 15687,
   "component": "LEC",
   "config": "{}",
   "course": 25,
   "crse_id": 15541,
   "enrl_cap": 50,
   "enrl_tot": 48,
   "graded": true,
   "number": "376W",
   "owner": 2,
   "section": "D200",
   "semester": 3,
   "slug": "2012sp-cmpt-376w-d2",
   "subject": "CMPT",
   "title": "Tech.Writing and Group Dynamic",
   "wait_tot": 1
  },
  "model": "coredata.courseoffering",
  "pk": 87
 },
 {
  "fields": {
   "campus": "SURRY",
   "class_nbr": 15635,
   "component": "LEC",
   "config": "{}",
   "course": 26,
   "crse_id": 11464,
   "enrl_cap": 48,
   "enrl_tot": 24,
   "graded": true,
   "number": "379",
   "owner": 2,
   "section": "D100",
   "semester": 3,
   "slug": "2012sp-cmpt-379-d1",
   "subject": "CMPT",
   "title": "Principles of Compiler Design",
   "wait_tot": 0
  },
  "model": "coredata.courseoffering",
  "pk": 40
 },
 {
  "fields": {
   "campus": "SURRY",
   "class_nbr": 15636,
   "component": "LEC",
   "config": "{}",
   "course": 27,
   "crse_id": 11459,
   "enrl_cap": 24,
   "enrl_tot": 24,
   "graded": true,
   "number": "383",
   "owner": 2,
   "section": "D100",
   "semester": 3,
   "slug": "2012sp-cmpt-383-d1",
   "subject": "CMPT",
   "title": "Programming Langs.",
   "wait_tot": 2
  },
  "model": "coredata.courseoffering",
  "pk": 37
 },
 {
  "fields": {
   "campus": "VANCR",
   "class_nbr": 13809,
   "component": "CAN",
   "config": "{}",
   "course": 27,
   "crse_id": 11459,
   "enrl_cap": 75,
   "enrl_tot": 0,
   "graded": true,
   "number": "383",
   "owner": 2,
   "section": "E100",
   "semester": 3,
   "slug": "2012sp-cmpt-383-e1",
   "subject": "CMPT",
   "title": "Programming Langs.",
   "wait_tot": 0
  },
  "model": "coredata.courseoffering",
  "pk": 38
 },
 {
  "fields": {
   "campus": "VANCR",
   "class_nbr": 16977,
   "component": "LEC",
   "config": "{}",
   "course": 27,
   "crse_id": 11459,
   "enrl_cap": 75,
   "enrl_tot": 62,
   "graded": true,
   "number": "383",
   "owner": 2,
   "section": "E200",
   "semester": 3,
   "slug": "2012sp-cmpt-383-e2",
   "subject": "CMPT",
   "title": "Programming Langs.",
   "wait_tot": 0
  },
  "model": "coredata.courseoffering",
  "pk": 39
 },
 {
  "fields": {
   "campus": "BRNBY",
   "class_nbr": 13754,
   "component": "LEC",
   "config": "{}",
   "course": 28,
   "crse_id": 16029,
   "enrl_cap": 48,
   "enrl_tot": 48,
   "graded": true,
   "number": "404",
   "owner": 2,
   "section": "D100",
   "semester": 3,
   "slug": "2012sp-cmpt-404-d1",
   "subject": "CMPT",
   "title": "Cryptography and Protocols",
   "wait_tot": 5
  },
  "model": "coredata.courseoffering",
  "pk": 95
 },
 {
  "fields": {
   "campus": "BRNBY",
   "class_nbr": 13755,
   "component": "LEC",
   "config": "{}",
   "course": 29,
   "crse_id": 11433,
   "enrl_cap": 35,
   "enrl_tot": 20,
   "graded": true,
   "number": "405",
   "owner": 2,
   "section": "D100",
   "semester": 3,
   "slug": "2012sp-cmpt-405-d1",
   "subject": "CMPT",
   "title": "Cmpt. Algorithms",
   "wait_tot": 0
  },
  "model": "coredata.courseoffering",
  "pk": 36
 },
 {
  "fields": {
   "campus": "BRNBY",
   "class_nbr": 13756,
   "component": "LEC",
   "config": "{}",
   "course": 30,
   "crse_id": 11414,
   "enrl_cap": 46,
   "enrl_tot": 46,
   "graded": true,
   "number": "413",
   "owner": 2,
   "section": "D100",
   "semester": 3,
   "slug": "2012sp-cmpt-413-d1",
   "subject": "CMPT",
   "title": "Computational Linguistics",
   "wait_tot": 1
  },
  "model": "coredata.courseoffering",
  "pk": 35
 },
 {
  "fields": {
   "campus": "BRNBY",
   "class_nbr": 17049,
   "component": "SEC",
   "config": "{}",
   "course": 31,
   "crse_id": 11407,
   "enrl_cap": 1,
   "enrl_tot": 1,
   "graded": true,
   "number": "416",
   "owner": 2,
   "section": "D100",
   "semester": 3,
   "slug": "2012sp-cmpt-416-d1",
   "subject": "CMPT",
   "title": "Special Research Projects",
   "wait_tot": 0
  },
  "model": "coredata.courseoffering",
  "pk": 34
 },
 {
  "fields": {
   "campus": "METRO",
   "class_nbr": 13769,
   "component": "SEC",
   "config": "{}",
   "course": 32,
   "crse_id": 11398,
   "enrl_cap": 30,
   "enrl_tot": 28,
   "graded": true,
   "number": "426",
   "owner": 2,
   "section": "D100",
   "semester": 3,
   "slug": "2012sp-cmpt-426-d1",
   "subject": "CMPT",
   "title": "Practicum I",
   "wait_tot": 0
  },
  "model": "coredata.courseoffering",
  "pk": 30
 },
 {
  "fields": {
   "campus": "OFFST",
   "class_nbr": 13770,
   "component": "SEC",
   "config": "{}",
   "course": 32,
   "crse_id": 11398,
   "enrl_cap": 15,
   "enrl_tot": 11,
   "graded": true,
   "number": "426",
   "owner": 2,
   "section": "D200",
   "semester": 3,
   "slug": "2012sp-cmpt-426-d2",
   "subject": "CMPT",
   "title": "Practicum I",
   "wait_tot": 0
  },
  "model": "coredata.courseoffering",
  "pk": 31
 },
 {
  "fields": {
   "campus": "METRO",
   "class_nbr": 13771,
   "component": "SEC",
   "config": "{}",
   "course": 32,
   "crse_id": 11398,
   "enrl_cap": 30,
   "enrl_tot": 2,
   "graded": true,
   "number": "426",
   "owner": 2,
   "section": "D300",
   "semester": 3,
   "slug": "2012sp-cmpt-426-d3",
   "subject": "CMPT",
   "title": "Practicum I",
   "wait_tot": 0
  },
  "model": "coredata.courseoffering",
  "pk": 32
 },
 {
  "fields": {
   "campus": "OFFST",
   "class_nbr": 13772,
   "component": "SEC",
   "config": "{}",
   "course": 32,
   "crse_id": 11398,
   "enrl_cap": 15,
   "enrl_tot": 1,
   "graded": true,
   "number": "426",
   "owner": 2,
   "section": "D400",
   "semester": 3,
   "slug": "2012sp-cmpt-426-d4",
   "subject": "CMPT",
   "title": "Practicum I",
   "wait_tot": 0
  },
  "model": "coredata.courseoffering",
  "pk": 33
 },
 {
  "fields": {
   "campus": "METRO",
   "class_nbr": 13773,
   "component": "SEC",
   "config": "{}",
   "course": 33,
   "crse_id": 11396,
   "enrl_cap": 30,
   "enrl_tot": 34,
   "graded": true,
   "number": "427",
   "owner": 2,
   "section": "D100",
   "semester": 3,
   "slug": "2012sp-cmpt-427-d1",
   "subject": "CMPT",
   "title": "Practicum II",
   "wait_tot": 0
  },
  "model": "coredata.courseoffering",
  "pk": 26
 },
 {
  "fields": {
   "campus": "OFFST",
   "class_nbr": 13774,
   "component": "SEC",
   "config": "{}",
   "course": 33,
   "crse_id": 11396,
   "enrl_cap": 15,
   "enrl_tot": 11,
   "graded": true,
   "number": "427",
   "owner": 2,
   "section": "D200",
   "semester": 3,
   "slug": "2012sp-cmpt-427-d2",
   "subject": "CMPT",
   "title": "Practicum II",
   "wait_tot": 0
  },
  "model": "coredata.courseoffering",
  "pk": 27
 },
 {
  "fields": {
   "campus": "METRO",
   "class_nbr": 13775,
   "component": "SEC",
   "config": "{}",
   "course": 33,
   "crse_id": 11396,
   "enrl_cap": 30,
   "enrl_tot": 6,
   "graded": true,
   "number": "427",
   "owner": 2,
   "section": "D300",
   "semester": 3,
   "slug": "2012sp-cmpt-427-d3",
   "subject": "CMPT",
   "title": "Practicum II",
   "wait_tot": 0
  },
  "model": "coredata.courseoffering",
  "pk": 28
 },
 {
  "fields": {
   "campus": "OFFST",
   "class_nbr": 13776,
   "component": "SEC",
   "config": "{}",
   "course": 33,
   "crse_id": 11396,
   "enrl_cap": 15,
   "enrl_tot": 0,
   "graded": true,
   "number": "427",
   "owner": 2,
   "section": "D400",
   "semester": 3,
   "slug": "2012sp-cmpt-427-d4",
   "subject": "CMPT",
   "title": "Practicum II",
   "wait_tot": 0
  },
  "model": "coredata.courseoffering",
  "pk": 29
 },
 {
  "fields": {
   "campus": "METRO",
   "class_nbr": 13777,
   "component": "SEC",
   "config": "{}",
   "course": 34,
   "crse_id": 11394,
   "enrl_cap": 30,
   "enrl_tot": 17,
   "graded": true,
   "number": "428",
   "owner": 2,
   "section": "D100",
   "semester": 3,
   "slug": "2012sp-cmpt-428-d1",
   "subject": "CMPT",
   "title": "Practicum III",
   "wait_tot": 0
  },
  "model": "coredata.courseoffering",
  "pk": 22
 },
 {
  "fields": {
   "campus": "OFFST",
   "class_nbr": 13778,
   "component": "SEC",
   "config": "{}",
   "course": 34,
   "crse_id": 11394,
   "enrl_cap": 15,
   "enrl_tot": 6,
   "graded": true,
   "number": "428",
   "owner": 2,
   "section": "D200",
   "semester": 3,
   "slug": "2012sp-cmpt-428-d2",
   "subject": "CMPT",
   "title": "Practicum III",
   "wait_tot": 0
  },
  "model": "coredata.courseoffering",
  "pk": 23
 },
 {
  "fields": {
   "campus": "METRO",
   "class_nbr": 13779,
   "component": "SEC",
   "config": "{}",
   "course": 34,
   "crse_id": 11394,
   "enrl_cap": 30,
   "enrl_tot": 0,
   "graded": true,
   "number": "428",
   "owner": 2,
   "section": "D300",
   "semester": 3,
   "slug": "2012sp-cmpt-428-d3",
   "subject": "CMPT",
   "title": "Practicum III",
   "wait_tot": 0
  },
  "model": "coredata.courseoffering",
  "pk": 24
 },
 {
  "fields": {
   "campus": "OFFST",
   "class_nbr": 13780,
   "component": "SEC",
   "config": "{}",
   "course": 34,
   "crse_id": 11394,
   "enrl_cap": 15,
   "enrl_tot": 1,
   "graded": true,
   "number": "428",
   "owner": 2,
   "section": "D400",
   "semester": 3,
   "slug": "2012sp-cmpt-428-d4",
   "subject": "CMPT",
   "title": "Practicum III",
   "wait_tot": 0
  },
  "model": "coredata.courseoffering",
  "pk": 25
 },
 {
  "fields": {
   "campus": "METRO",
   "class_nbr": 13781,
   "component": "SEC",
   "config": "{}",
   "course": 35,
   "crse_id": 11392,
   "enrl_cap": 30,
   "enrl_tot": 8,
   "graded": true,
   "number": "429",
   "owner": 2,
   "section": "D100",
   "semester": 3,
   "slug": "2012sp-cmpt-429-d1",
   "subject": "CMPT",
   "title": "Practicum IV",
   "wait_tot": 0
  },
  "model": "coredata.courseoffering",
  "pk": 18
 },
 {
  "fields": {
   "campus": "OFFST",
   "class_nbr": 13782,
   "component": "SEC",
   "config": "{}",
   "course": 35,
   "crse_id": 11392,
   "enrl_cap": 15,
   "enrl_tot": 3,
   "graded": true,
   "number": "429",
   "owner": 2,
   "section": "D200",
   "semester": 3,
   "slug": "2012sp-cmpt-429-d2",
   "subject": "CMPT",
   "title": "Practicum IV",
   "wait_tot": 0
  },
  "model": "coredata.courseoffering",
  "pk": 19
 },
 {
  "fields": {
   "campus": "METRO",
   "class_nbr": 13783,
   "component": "SEC",
   "config": "{}",
   "course": 35,
   "crse_id": 11392,
   "enrl_cap": 30,
   "enrl_tot": 2,
   "graded": true,
   "number": "429",
   "owner": 2,
   "section": "D300",
   "semester": 3,
   "slug": "2012sp-cmpt-429-d3",
   "subject": "CMPT",
   "title": "Practicum IV",
   "wait_tot": 0
  },
  "model": "coredata.courseoffering",
  "pk": 20
 },
 {
  "fields": {
   "campus": "OFFST",
   "class_nbr": 13784,
   "component": "SEC",
   "config": "{}",
   "course": 35,
   "crse_id": 11392,
   "enrl_cap": 15,
   "enrl_tot": 0,
   "graded": true,
   "number": "429",
   "owner": 2,
   "section": "D400",
   "semester": 3,
   "slug": "2012sp-cmpt-429-d4",
   "subject": "CMPT",
   "title": "Practicum IV",
   "wait_tot": 0
  },
  "model": "coredata.courseoffering",
  "pk": 21
 },
 {
  "fields": {
   "campus": "METRO",
   "class_nbr": 13785,
   "component": "SEC",
   "config": "{}",
   "course": 36,
   "crse_id": 11390,
   "enrl_cap": 30,
   "enrl_tot": 4,
   "graded": true,
   "number": "430",
   "owner": 2,
   "section": "D100",
   "semester": 3,
   "slug": "2012sp-cmpt-430-d1",
   "subject": "CMPT",
   "title": "Practicum V",
   "wait_tot": 0
  },
  "model": "coredata.courseoffering",
  "pk": 14
 },
 {
  "fields": {
   "campus": "OFFST",
   "class_nbr": 13786,
   "component": "SEC",
   "config": "{}",
   "course": 36,
   "crse_id": 11390,
   "enrl_cap": 15,
   "enrl_tot": 1,
   "graded": true,
   "number": "430",
   "owner": 2,
   "section": "D200",
   "semester": 3,
   "slug": "2012sp-cmpt-430-d2",
   "subject": "CMPT",
   "title": "Practicum V",
   "wait_tot": 0
  },
  "model": "coredata.courseoffering",
  "pk": 15
 },
 {
  "fields": {
   "campus": "METRO",
   "class_nbr": 13787,
   "component": "SEC",
   "config": "{}",
   "course": 36,
   "crse_id": 11390,
   "enrl_cap": 30,
   "enrl_tot": 1,
   "graded": true,
   "number": "430",
   "owner": 2,
   "section": "D300",
   "semester": 3,
   "slug": "2012sp-cmpt-430-d3",
   "subject": "CMPT",
   "title": "Practicum V",
   "wait_tot": 0
  },
  "model": "coredata.courseoffering",
  "pk": 16
 },
 {
  "fields": {
   "campus": "OFFST",
   "class_nbr": 13788,
   "component": "SEC",
   "config": "{}",
   "course": 36,
   "crse_id": 11390,
   "enrl_cap": 15,
   "enrl_tot": 1,
   "graded": true,
   "number": "430",
   "owner": 2,
   "section": "D400",
   "semester": 3,
   "slug": "2012sp-cmpt-430-d4",
   "subject": "CMPT",
   "title": "Practicum V",
   "wait_tot": 0
  },
  "model": "coredata.courseoffering",
  "pk": 17
 },
 {
  "fields": {
   "campus": "BRNBY",
   "class_nbr": 13758,
   "component": "LEC",
   "config": "{}",
   "course": 37,
   "crse_id": 16030,
   "enrl_cap": 55,
   "enrl_tot": 35,
   "graded": true,
   "number": "431",
   "owner": 2,
   "section": "D100",
   "semester": 3,
   "slug": "2012sp-cmpt-431-d1",
   "subject": "CMPT",
   "title": "Distributed Systems",
   "wait_tot": 0
  },
  "model": "coredata.courseoffering",
  "pk": 96
 },
 {
  "fields": {
   "campus": "BRNBY",
   "class_nbr": 13760,
   "component": "LEC",
   "config": "{}",
   "course": 38,
   "crse_id": 11386,
   "enrl_cap": 55,
   "enrl_tot": 48,
   "graded": true,
   "number": "454",
   "owner": 2,
   "section": "D100",
   "semester": 3,
   "slug": "2012sp-cmpt-454-d1",
   "subject": "CMPT",
   "title": "Database Systems II",
   "wait_tot": 0
  },
  "model": "coredata.courseoffering",
  "pk": 13
 },
 {
  "fields": {
   "campus": "BRNBY",
   "class_nbr": 15688,
   "component": "LEC",
   "config": "{}",
   "course": 39,
   "crse_id": 15697,
   "enrl_cap": 40,
   "enrl_tot": 9,
   "graded": true,
   "number": "464",
   "owner": 2,
   "section": "E100",
   "semester": 3,
   "slug": "2012sp-cmpt-464-e1",
   "subject": "CMPT",
   "title": "Geometric Modeling in CG",
   "wait_tot": 0
  },
  "model": "coredata.courseoffering",
  "pk": 88
 },
 {
  "fields": {
   "campus": "BRNBY",
   "class_nbr": 13761,
   "component": "LEC",
   "config": "{}",
   "course": 40,
   "crse_id": 11378,
   "enrl_cap": 40,
   "enrl_tot": 8,
   "graded": true,
   "number": "466",
   "owner": 2,
   "section": "E100",
   "semester": 3,
   "slug": "2012sp-cmpt-466-e1",
   "subject": "CMPT",
   "title": "Animation",
   "wait_tot": 0
  },
  "model": "coredata.courseoffering",
  "pk": 12
 },
 {
  "fields": {
   "campus": "BRNBY",
   "class_nbr": 13762,
   "component": "LEC",
   "config": "{}",
   "course": 41,
   "crse_id": 11374,
   "enrl_cap": 65,
   "enrl_tot": 62,
   "graded": true,
   "number": "470",
   "owner": 2,
   "section": "E100",
   "semester": 3,
   "slug": "2012sp-cmpt-470-e1",
   "subject": "CMPT",
   "title": "Web-Based Info Syst",
   "wait_tot": 0
  },
  "model": "coredata.courseoffering",
  "pk": 11
 },
 {
  "fields": {
   "campus": "SURRY",
   "class_nbr": 15637,
   "component": "LEC",
   "config": "{}",
   "course": 42,
   "crse_id": 11373,
   "enrl_cap": 15,
   "enrl_tot": 7,
   "graded": true,
   "number": "471",
   "owner": 2,
   "section": "D100",
   "semester": 3,
   "slug": "2012sp-cmpt-471-d1",
   "subject": "CMPT",
   "title": "Networking II",
   "wait_tot": 0
  },
  "model": "coredata.courseoffering",
  "pk": 9
 },
 {
  "fields": {
   "campus": "VANCR",
   "class_nbr": 13810,
   "component": "LEC",
   "config": "{}",
   "course": 42,
   "crse_id": 11373,
   "enrl_cap": 65,
   "enrl_tot": 26,
   "graded": true,
   "number": "471",
   "owner": 2,
   "section": "E100",
   "semester": 3,
   "slug": "2012sp-cmpt-471-e1",
   "subject": "CMPT",
   "title": "Networking II",
   "wait_tot": 0
  },
  "model": "coredata.courseoffering",
  "pk": 10
 },
 {
  "fields": {
   "campus": "SURRY",
   "class_nbr": 15638,
   "component": "LEC",
   "config": "{}",
   "course": 43,
   "crse_id": 16027,
   "enrl_cap": 30,
   "enrl_tot": 25,
   "graded": true,
   "number": "473",
   "owner": 2,
   "section": "D100",
   "semester": 3,
   "slug": "2012sp-cmpt-473-d1",
   "subject": "CMPT",
   "title": "Software Quality Assurance",
   "wait_tot": 0
  },
  "model": "coredata.courseoffering",
  "pk": 94
 },
 {
  "fields": {
   "campus": "BRNBY",
   "class_nbr": 13764,
   "component": "LEC",
   "config": "{}",
   "course": 44,
   "crse_id": 11372,
   "enrl_cap": 55,
   "enrl_tot": 24,
   "graded": true,
   "number": "475",
   "owner": 2,
   "section": "D100",
   "semester": 3,
   "slug": "2012sp-cmpt-475-d1",
   "subject": "CMPT",
   "title": "Software Engineering II",
   "wait_tot": 0
  },
  "model": "coredata.courseoffering",
  "pk": 8
 },
 {
  "fields": {
   "campus": "BRNBY",
   "class_nbr": 16989,
   "component": "SEM",
   "config": "{}",
   "course": 45,
   "crse_id": 15807,
   "enrl_cap": 9,
   "enrl_tot": 9,
   "graded": true,
   "number": "496",
   "owner": 2,
   "section": "D100",
   "semester": 3,
   "slug": "2012sp-cmpt-496-d1",
   "subject": "CMPT",
   "title": "Directed Studies",
   "wait_tot": 0
  },
  "model": "coredata.courseoffering",
  "pk": 91
 },
 {
  "fields": {
   "campus": "BRNBY",
   "class_nbr": 13766,
   "component": "LEC",
   "config": "{}",
   "course": 46,
   "crse_id": 15283,
   "enrl_cap": 15,
   "enrl_tot": 5,
   "graded": true,
   "number": "497",
   "owner": 2,
   "section": "D100",
   "semester": 3,
   "slug": "2012sp-cmpt-497-d1",
   "subject": "CMPT",
   "title": "Dual Degree Capstone Project",
   "wait_tot": 0
  },
  "model": "coredata.courseoffering",
  "pk": 85
 },
 {
  "fields": {
   "campus": "BRNBY",
   "class_nbr": 13789,
   "component": "LEC",
   "config": "{}",
   "course": 47,
   "crse_id": 14495,
   "enrl_cap": 30,
   "enrl_tot": 17,
   "graded": true,
   "number": "705",
   "owner": 2,
   "section": "G100",
   "semester": 3,
   "slug": "2012sp-cmpt-705-g1",
   "subject": "CMPT",
   "title": "Design/Analysis Algorithms",
   "wait_tot": 0
  },
  "model": "coredata.courseoffering",
  "pk": 74
 },
 {
  "fields": {
   "campus": "BRNBY",
   "class_nbr": 13790,
   "component": "LEC",
   "config": "{}",
   "course": 48,
   "crse_id": 11325,
   "enrl_cap": 25,
   "enrl_tot": 16,
   "graded": true,
   "number": "740",
   "owner": 2,
   "section": "G100",
   "semester": 3,
   "slug": "2012sp-cmpt-740-g1",
   "subject": "CMPT",
   "title": "Database Systems",
   "wait_tot": 0
  },
  "model": "coredata.courseoffering",
  "pk": 7
 },
 {
  "fields": {
   "campus": "BRNBY",
   "class_nbr": 13791,
   "component": "LEC",
   "config": "{}",
   "course": 49,
   "crse_id": 15764,
   "enrl_cap": 25,
   "enrl_tot": 8,
   "graded": true,
   "number": "764",
   "owner": 2,
   "section": "G100",
   "semester": 3,
   "slug": "2012sp-cmpt-764-g1",
   "subject": "CMPT",
   "title": "Geometric Modeling in CG",
   "wait_tot": 0
  },
  "model": "coredata.courseoffering",
  "pk": 89
 },
 {
  "fields": {
   "campus": "SURRY",
   "class_nbr": 15639,
   "component": "LEC",
   "config": "{}",
   "course": 50,
   "crse_id": 15765,
   "enrl_cap": 15,
   "enrl_tot": 1,
   "graded": true,
   "number": "771",
   "owner": 2,
   "section": "G100",
   "semester": 3,
   "slug": "2012sp-cmpt-771-g1",
   "subject": "CMPT",
   "title": "Internet Arch and Protocols",
   "wait_tot": 0
  },
  "model": "coredata.courseoffering",
  "pk": 90
 },
 {
  "fields": {
   "campus": "BRNBY",
   "class_nbr": 13792,
   "component": "LEC",
   "config": "{}",
   "course": 51,
   "crse_id": 16664,
   "enrl_cap": 15,
   "enrl_tot": 15,
   "graded": true,
   "number": "781",
   "owner": 2,
   "section": "G100",
   "semester": 3,
   "slug": "2012sp-cmpt-781-g1",
   "subject": "CMPT",
   "title": "Technical Communication",
   "wait_tot": 3
  },
  "model": "coredata.courseoffering",
  "pk": 100
 },
 {
  "fields": {
   "campus": "BRNBY",
   "class_nbr": 13794,
   "component": "LEC",
   "config": "{}",
   "course": 52,
   "crse_id": 11315,
   "enrl_cap": 20,
   "enrl_tot": 4,
   "graded": true,
   "number": "815",
   "owner": 2,
   "section": "G100",
   "semester": 3,
   "slug": "2012sp-cmpt-815-g1",
   "subject": "CMPT",
   "title": "Algorithms/Optimiz.",
   "wait_tot": 0
  },
  "model": "coredata.courseoffering",
  "pk": 6
 },
 {
  "fields": {
   "campus": "BRNBY",
   "class_nbr": 13795,
   "component": "CAN",
   "config": "{}",
   "course": 53,
   "crse_id": 11299,
   "enrl_cap": 0,
   "enrl_tot": 0,
   "graded": true,
   "number": "826",
   "owner": 2,
   "section": "G100",
   "semester": 3,
   "slug": "2012sp-cmpt-826-g1",
   "subject": "CMPT",
   "title": "Automated Learning Reasoning",
   "wait_tot": 0
  },
  "model": "coredata.courseoffering",
  "pk": 5
 },
 {
  "fields": {
   "campus": "BRNBY",
   "class_nbr": 13796,
   "component": "LEC",
   "config": "{}",
   "course": 54,
   "crse_id": 16513,
   "enrl_cap": 25,
   "enrl_tot": 15,
   "graded": true,
   "number": "828",
   "owner": 2,
   "section": "G100",
   "semester": 3,
   "slug": "2012sp-cmpt-828-g1",
   "subject": "CMPT",
   "title": "Illumination in Images",
   "wait_tot": 0
  },
  "model": "coredata.courseoffering",
  "pk": 99
 },
 {
  "fields": {
   "campus": "BRNBY",
   "class_nbr": 13797,
   "component": "LEC",
   "config": "{}",
   "course": 55,
   "crse_id": 14262,
   "enrl_cap": 20,
   "enrl_tot": 2,
   "graded": true,
   "number": "880",
   "owner": 2,
   "section": "G100",
   "semester": 3,
   "slug": "2012sp-cmpt-880-g1",
   "subject": "CMPT",
   "title": "Spec.Top. in Computing Science",
   "wait_tot": 0
  },
  "model": "coredata.courseoffering",
  "pk": 69
 },
 {
  "fields": {
   "campus": "SURRY",
   "class_nbr": 15641,
   "component": "LEC",
   "config": "{}",
   "course": 55,
   "crse_id": 14262,
   "enrl_cap": 12,
   "enrl_tot": 4,
   "graded": true,
   "number": "880",
   "owner": 2,
   "section": "G200",
   "semester": 3,
   "slug": "2012sp-cmpt-880-g2",
   "subject": "CMPT",
   "title": "Spec.Top. in Computing Science",
   "wait_tot": 0
  },
  "model": "coredata.courseoffering",
  "pk": 70
 },
 {
  "fields": {
   "campus": "BRNBY",
   "class_nbr": 13798,
   "component": "LEC",
   "config": "{}",
   "course": 56,
   "crse_id": 14261,
   "enrl_cap": 20,
   "enrl_tot": 5,
   "graded": true,
   "number": "881",
   "owner": 2,
   "section": "G100",
   "semester": 3,
   "slug": "2012sp-cmpt-881-g1",
   "subject": "CMPT",
   "title": "Spec.Top./Theoretical Cmpt.",
   "wait_tot": 0
  },
  "model": "coredata.courseoffering",
  "pk": 68
 },
 {
  "fields": {
   "campus": "BRNBY",
   "class_nbr": 16259,
   "component": "LEC",
   "config": "{}",
   "course": 57,
   "crse_id": 14264,
   "enrl_cap": 40,
   "enrl_tot": 10,
   "graded": true,
   "number": "882",
   "owner": 2,
   "section": "G100",
   "semester": 3,
   "slug": "2012sp-cmpt-882-g1",
   "subject": "CMPT",
   "title": "Spc.Topics Art. Intelligence",
   "wait_tot": 0
  },
  "model": "coredata.courseoffering",
  "pk": 71
 },
 {
  "fields": {
   "campus": "BRNBY",
   "class_nbr": 13799,
   "component": "LEC",
   "config": "{}",
   "course": 58,
   "crse_id": 14449,
   "enrl_cap": 35,
   "enrl_tot": 33,
   "graded": true,
   "number": "886",
   "owner": 2,
   "section": "G100",
   "semester": 3,
   "slug": "2012sp-cmpt-886-g1",
   "subject": "CMPT",
   "title": "Special Topics Operating Syst",
   "wait_tot": 0
  },
  "model": "coredata.courseoffering",
  "pk": 73
 },
 {
  "fields": {
   "campus": "BRNBY",
   "class_nbr": 13800,
   "component": "CAN",
   "config": "{}",
   "course": 59,
   "crse_id": 14508,
   "enrl_cap": 30,
   "enrl_tot": 0,
   "graded": true,
   "number": "888",
   "owner": 2,
   "section": "G100",
   "semester": 3,
   "slug": "2012sp-cmpt-888-g1",
   "subject": "CMPT",
   "title": "Spec.Topics/Graphics,HCI,Visn",
   "wait_tot": 0
  },
  "model": "coredata.courseoffering",
  "pk": 75
 },
 {
  "fields": {
   "campus": "BRNBY",
   "class_nbr": 16933,
   "component": "LEC",
   "config": "{}",
   "course": 59,
   "crse_id": 14508,
   "enrl_cap": 30,
   "enrl_tot": 15,
   "graded": true,
   "number": "888",
   "owner": 2,
   "section": "G200",
   "semester": 3,
   "slug": "2012sp-cmpt-888-g2",
   "subject": "CMPT",
   "title": "Spec.Topics/Graphics,HCI,Visn",
   "wait_tot": 0
  },
  "model": "coredata.courseoffering",
  "pk": 76
 },
 {
  "fields": {
   "campus": "SURRY",
   "class_nbr": 15642,
   "component": "LEC",
   "config": "{}",
   "course": 60,
   "crse_id": 14288,
   "enrl_cap": 12,
   "enrl_tot": 5,
   "graded": true,
   "number": "889",
   "owner": 2,
   "section": "G100",
   "semester": 3,
   "slug": "2012sp-cmpt-889-g1",
   "subject": "CMPT",
   "title": "Spec.Topics / Interdisc Cmpt",
   "wait_tot": 0
  },
  "model": "coredata.courseoffering",
  "pk": 72
 },
 {
  "fields": {
   "campus": "BRNBY",
   "class_nbr": 13801,
   "component": "SEC",
   "config": "{}",
   "course": 61,
   "crse_id": 11168,
   "enrl_cap": 0,
   "enrl_tot": 5,
   "graded": true,
   "number": "894",
   "owner": 2,
   "section": "G100",
   "semester": 3,
   "slug": "2012sp-cmpt-894-g1",
   "subject": "CMPT",
   "title": "Directed Reading",
   "wait_tot": 0
  },
  "model": "coredata.courseoffering",
  "pk": 4
 },
 {
  "fields": {
   "campus": "BRNBY",
   "class_nbr": 13802,
   "component": "SEC",
   "config": "{}",
   "course": 62,
   "crse_id": 16379,
   "enrl_cap": 0,
   "enrl_tot": 1,
   "graded": true,
   "number": "896",
   "owner": 2,
   "section": "G100",
   "semester": 3,
   "slug": "2012sp-cmpt-896-g1",
   "subject": "CMPT",
   "title": "MSc Portfolio",
   "wait_tot": 0
  },
  "model": "coredata.courseoffering",
  "pk": 98
 },
 {
  "fields": {
   "campus": "BRNBY",
   "class_nbr": 13803,
   "component": "SEC",
   "config": "{}",
   "course": 63,
   "crse_id": 11166,
   "enrl_cap": 10,
   "enrl_tot": 8,
   "graded": true,
   "number": "897",
   "owner": 2,
   "section": "G100",
   "semester": 3,
   "slug": "2012sp-cmpt-897-g1",
   "subject": "CMPT",
   "title": "M.Sc. Project",
   "wait_tot": 0
  },
  "model": "coredata.courseoffering",
  "pk": 3
 },
 {
  "fields": {
   "campus": "BRNBY",
   "class_nbr": 13804,
   "component": "SEC",
   "config": "{}",
   "course": 64,
   "crse_id": 11164,
   "enrl_cap": 130,
   "enrl_tot": 70,
   "graded": true,
   "number": "898",
   "owner": 2,
   "section": "G100",
   "semester": 3,
   "slug": "2012sp-cmpt-898-g1",
   "subject": "CMPT",
   "title": "M.Sc. Thesis",
   "wait_tot": 0
  },
  "model": "coredata.courseoffering",
  "pk": 2
 },
 {
  "fields": {
   "campus": "BRNBY",
   "class_nbr": 13805,
   "component": "SEC",
   "config": "{}",
   "course": 65,
   "crse_id": 11162,
   "enrl_cap": 130,
   "enrl_tot": 91,
   "graded": true,
   "number": "899",
   "owner": 2,
   "section": "G100",
   "semester": 3,
   "slug": "2012sp-cmpt-899-g1",
   "subject": "CMPT",
   "title": "Ph.D. Thesis",
   "wait_tot": 0
  },
  "model": "coredata.courseoffering",
  "pk": 1
 },
 {
  "fields": {
   "campus": "BRNBY",
   "class_nbr": 13737,
   "component": "LEC",
   "config": "{}",
   "course": 66,
   "crse_id": 4232,
   "enrl_cap": 115,
   "enrl_tot": 115,
   "graded": true,
   "number": "101",
   "owner": 2,
   "section": "D100",
   "semester": 3,
   "slug": "2012sp-macm-101-d1",
   "subject": "MACM",
   "title": "Discrete Math I",
   "wait_tot": 0
  },
  "model": "coredata.courseoffering",
  "pk": 109
 },
 {
  "fields": {
   "campus": "BRNBY",
   "class_nbr": 13738,
   "component": "LEC",
   "config": "{}",
   "course": 66,
   "crse_id": 4232,
   "enrl_cap": 115,
   "enrl_tot": 113,
   "graded": true,
   "number": "101",
   "owner": 2,
   "section": "D200",
   "semester": 3,
   "slug": "2012sp-macm-101-d2",
   "subject": "MACM",
   "title": "Discrete Math I",
   "wait_tot": 4
  },
  "model": "coredata.courseoffering",
  "pk": 110
 },
 {
  "fields": {
   "campus": "SURRY",
   "class_nbr": 15603,
   "component": "LEC",
   "config": "{}",
   "course": 66,
   "crse_id": 4232,
   "enrl_cap": 97,
   "enrl_tot": 97,
   "graded": true,
   "number": "101",
   "owner": 2,
   "section": "D300",
   "semester": 3,
   "slug": "2012sp-macm-101-d3",
   "subject": "MACM",
   "title": "Discrete Math I",
   "wait_tot": 10
  },
  "model": "coredata.courseoffering",
  "pk": 111
 },
 {
  "fields": {
   "campus": "BRNBY",
   "class_nbr": 8605,
   "component": "CAN",
   "config": "{}",
   "course": 67,
   "crse_id": 4231,
   "enrl_cap": 200,
   "enrl_tot": 0,
   "graded": true,
   "number": "201",
   "owner": null,
   "section": "D100",
   "semester": 3,
   "slug": "2012sp-macm-201-d1",
   "subject": "MACM",
   "title": "Discrete Math II",
   "wait_tot": 0
  },
  "model": "coredata.courseoffering",
  "pk": 105
 },
 {
  "fields": {
   "campus": "SURRY",
   "class_nbr": 9343,
   "component": "CAN",
   "config": "{}",
   "course": 67,
   "crse_id": 4231,
   "enrl_cap": 60,
   "enrl_tot": 0,
   "graded": true,
   "number": "201",
   "owner": null,
   "section": "D200",
   "semester": 3,
   "slug": "2012sp-macm-201-d2",
   "subject": "MACM",
   "title": "Discrete Math II",
   "wait_tot": 0
  },
  "model": "coredata.courseoffering",
  "pk": 106
 },
 {
  "fields": {
   "campus": "BRNBY",
   "class_nbr": 16798,
   "component": "LEC",
   "config": "{}",
   "course": 67,
   "crse_id": 4231,
   "enrl_cap": 192,
   "enrl_tot": 167,
   "graded": true,
   "number": "201",
   "owner": null,
   "section": "D300",
   "semester": 3,
   "slug": "2012sp-macm-201-d3",
   "subject": "MACM",
   "title": "Discrete Math II",
   "wait_tot": 0
  },
  "model": "coredata.courseoffering",
  "pk": 107
 },
 {
  "fields": {
   "campus": "SURRY",
   "class_nbr": 16799,
   "component": "LEC",
   "config": "{}",
   "course": 67,
   "crse_id": 4231,
   "enrl_cap": 60,
   "enrl_tot": 46,
   "graded": true,
   "number": "201",
   "owner": null,
   "section": "D400",
   "semester": 3,
   "slug": "2012sp-macm-201-d4",
   "subject": "MACM",
   "title": "Discrete Math II",
   "wait_tot": 0
  },
  "model": "coredata.courseoffering",
  "pk": 108
 },
 {
  "fields": {
   "campus": "BRNBY",
   "class_nbr": 8917,
   "component": "LEC",
   "config": "{}",
   "course": 68,
   "crse_id": 16470,
   "enrl_cap": 48,
   "enrl_tot": 25,
   "graded": true,
   "number": "203",
   "owner": null,
   "section": "D100",
   "semester": 3,
   "slug": "2012sp-macm-203-d1",
   "subject": "MACM",
   "title": "Computing with Linear Algebra",
   "wait_tot": 2
  },
  "model": "coredata.courseoffering",
  "pk": 112
 },
 {
  "fields": {
   "campus": "BRNBY",
   "class_nbr": 15953,
   "component": "CAN",
   "config": "{}",
   "course": 69,
   "crse_id": 4227,
   "enrl_cap": 40,
   "enrl_tot": 0,
   "graded": true,
   "number": "300",
   "owner": null,
   "section": "D100",
   "semester": 3,
   "slug": "2012sp-macm-300-d1",
   "subject": "MACM",
   "title": "Formal Languages/Automata",
   "wait_tot": 0
  },
  "model": "coredata.courseoffering",
  "pk": 104
 },
 {
  "fields": {
   "campus": "BRNBY",
   "class_nbr": 8609,
   "component": "LEC",
   "config": "{}",
   "course": 70,
   "crse_id": 4225,
   "enrl_cap": 211,
   "enrl_tot": 211,
   "graded": true,
   "number": "316",
   "owner": 4,
   "section": "D100",
   "semester": 3,
   "slug": "2012sp-macm-316-d1",
   "subject": "MACM",
   "title": "Numerical Analysis I",
   "wait_tot": 4
  },
  "model": "coredata.courseoffering",
  "pk": 102
 },
 {
  "fields": {
   "campus": "SURRY",
   "class_nbr": 8627,
   "component": "LEC",
   "config": "{}",
   "course": 70,
   "crse_id": 4225,
   "enrl_cap": 68,
   "enrl_tot": 67,
   "graded": true,
   "number": "316",
   "owner": 4,
   "section": "D200",
   "semester": 3,
   "slug": "2012sp-macm-316-d2",
   "subject": "MACM",
   "title": "Numerical Analysis I",
   "wait_tot": 2
  },
  "model": "coredata.courseoffering",
  "pk": 103
 },
 {
  "fields": {
   "campus": "SURRY",
   "class_nbr": 8699,
   "component": "LEC",
   "config": "{}",
   "course": 71,
   "crse_id": 4099,
   "enrl_cap": 68,
   "enrl_tot": 67,
   "graded": true,
   "number": "816",
   "owner": 4,
   "section": "D200",
   "semester": 3,
   "slug": "2012sp-macm-816-d1",
   "subject": "MACM",
   "title": "Numerical Analysis III",
   "wait_tot": 2
  },
  "model": "coredata.courseoffering",
  "pk": 104
 },
 {
  "fields": {
   "config": "{}",
   "number": "102",
   "subject": "CMPT",
   "title": "Scientific Computer Prog."
  },
  "model": "coredata.course",
  "pk": 1
 },
 {
  "fields": {
   "config": "{}",
   "number": "110",
   "subject": "CMPT",
   "title": "Programming in Visual Basic"
  },
  "model": "coredata.course",
  "pk": 2
 },
 {
  "fields": {
   "config": "{}",
   "number": "120",
   "subject": "CMPT",
   "title": "Intro.Cmpt.Sci/Programming I"
  },
  "model": "coredata.course",
  "pk": 3
 },
 {
  "fields": {
   "config": "{}",
   "number": "125",
   "subject": "CMPT",
   "title": "Intro.Cmpt.Sci/Programming II"
  },
  "model": "coredata.course",
  "pk": 4
 },
 {
  "fields": {
   "config": "{}",
   "number": "128",
   "subject": "CMPT",
   "title": "Intro. Cmpt.Sci/Prgm/Engineers" },
  "model": "coredata.course",
  "pk": 5
 },
 {
  "fields": {
   "config": "{}",
   "number": "150",
   "subject": "CMPT",
   "title": "Intro to Computer Design"
  },
  "model": "coredata.course",
  "pk": 6
 },
 {
  "fields": {
   "config": "{}",
   "number": "165",
   "subject": "CMPT",
   "title": "Intro Internet  World Wide Web"
  },
  "model": "coredata.course",
  "pk": 7
 },
 {
  "fields": {
   "config": "{}",
   "number": "166",
   "subject": "CMPT",
   "title": "Animated Intro to Programming"
  },
  "model": "coredata.course",
  "pk": 8
 },
 {
  "fields": {
   "config": "{}",
   "number": "212",
   "subject": "CMPT",
   "title": "Appl.Design in C++"
  },
  "model": "coredata.course",
  "pk": 9
 },
 {
  "fields": {
   "config": "{}",
   "number": "225",
   "subject": "CMPT",
   "title": "Data Structures/Programming"
  },
  "model": "coredata.course",
  "pk": 10
 },
 {
  "fields": {
   "config": "{}",
   "number": "250",
   "subject": "CMPT",
   "title": "Intro to Computer Architecture"
  },
  "model": "coredata.course",
  "pk": 11
 },
 {
  "fields": {
   "config": "{}",
   "number": "275",
   "subject": "CMPT",
   "title": "Software Engineering I"
  },
  "model": "coredata.course",
  "pk": 12
 },
 {
  "fields": {
   "config": "{}",
   "number": "276",
   "subject": "CMPT",
   "title": "Intro Software Engineering"
  },
  "model": "coredata.course",
  "pk": 13
 },
 {
  "fields": {
   "config": "{}",
   "number": "300",
   "subject": "CMPT",
   "title": "Operating Systems I"
  },
  "model": "coredata.course",
  "pk": 14
 },
 {
  "fields": {
   "config": "{}",
   "number": "307",
   "subject": "CMPT",
   "title": "Data Structures"
  },
  "model": "coredata.course",
  "pk": 15
 },
 {
  "fields": {
   "config": "{}",
   "number": "310",
   "subject": "CMPT",
   "title": "Artificial Intelligence Survey"
  },
  "model": "coredata.course",
  "pk": 16
 },
 {
  "fields": {
   "config": "{}",
   "number": "320",
   "subject": "CMPT",
   "title": "Social Implications"
  },
  "model": "coredata.course",
  "pk": 17
 },
 {
  "fields": {
   "config": "{}",
   "number": "322W",
   "subject": "CMPT",
   "title": "Responsibility and Ethics"
  },
  "model": "coredata.course",
  "pk": 18
 },
 {
  "fields": {
   "config": "{}",
   "number": "340",
   "subject": "CMPT",
   "title": "Biomedical Computing"
  },
  "model": "coredata.course",
  "pk": 19
 },
 {
  "fields": {
   "config": "{}",
   "number": "354",
   "subject": "CMPT",
   "title": "Database Systems I"
  },
  "model": "coredata.course",
  "pk": 20
 },
 {
  "fields": {
   "config": "{}",
   "number": "363",
   "subject": "CMPT",
   "title": "User Interface Dsgn"
  },
  "model": "coredata.course",
  "pk": 21
 },
 {
  "fields": {
   "config": "{}",
   "number": "365",
   "subject": "CMPT",
   "title": "Multimedia Systems"
  },
  "model": "coredata.course",
  "pk": 22
 },
 {
  "fields": {
   "config": "{}",
   "number": "370",
   "subject": "CMPT",
   "title": "Info System Design"
  },
  "model": "coredata.course",
  "pk": 23
 },
 {
  "fields": {
   "config": "{}",
   "number": "371",
   "subject": "CMPT",
   "title": "Data Communications/Networking"
  },
  "model": "coredata.course",
  "pk": 24
 },
 {
  "fields": {
   "config": "{}",
   "number": "376W",
   "subject": "CMPT",
   "title": "Tech.Writing and Group Dynamic"
  },
  "model": "coredata.course",
  "pk": 25
 },
 {
  "fields": {
   "config": "{}",
   "number": "379",
   "subject": "CMPT",
   "title": "Principles of Compiler Design"
  },
  "model": "coredata.course",
  "pk": 26
 },
 {
  "fields": {
   "config": "{}",
   "number": "383",
   "subject": "CMPT",
   "title": "Programming Langs."
  },
  "model": "coredata.course",
  "pk": 27
 },
 {
  "fields": {
   "config": "{}",
   "number": "404",
   "subject": "CMPT",
   "title": "Cryptography and Protocols"
  },
  "model": "coredata.course",
  "pk": 28
 },
 {
  "fields": {
   "config": "{}",
   "number": "405",
   "subject": "CMPT",
   "title": "Cmpt. Algorithms"
  },
  "model": "coredata.course",
  "pk": 29
 },
 {
  "fields": {
   "config": "{}",
   "number": "413",
   "subject": "CMPT",
   "title": "Computational Linguistics"
  },
  "model": "coredata.course",
  "pk": 30
 },
 {
  "fields": {
   "config": "{}",
   "number": "416",
   "subject": "CMPT",
   "title": "Special Research Projects"
  },
  "model": "coredata.course",
  "pk": 31
 },
 {
  "fields": {
   "config": "{}",
   "number": "426",
   "subject": "CMPT",
   "title": "Practicum I"
  },
  "model": "coredata.course",
  "pk": 32
 },
 {
  "fields": {
   "config": "{}",
   "number": "427",
   "subject": "CMPT",
   "title": "Practicum II"
  },
  "model": "coredata.course",
  "pk": 33
 },
 {
  "fields": {
   "config": "{}",
   "number": "428",
   "subject": "CMPT",
   "title": "Practicum III"
  },
  "model": "coredata.course",
  "pk": 34
 },
 {
  "fields": {
   "config": "{}",
   "number": "429",
   "subject": "CMPT",
   "title": "Practicum IV"
  },
  "model": "coredata.course",
  "pk": 35
 },
 {
  "fields": {
   "config": "{}",
   "number": "430",
   "subject": "CMPT",
   "title": "Practicum V"
  },
  "model": "coredata.course",
  "pk": 36
 },
 {
  "fields": {
   "config": "{}",
   "number": "431",
   "subject": "CMPT",
   "title": "Distributed Systems"
  },
  "model": "coredata.course",
  "pk": 37
 },
 {
  "fields": {
   "config": "{}",
   "number": "454",
   "subject": "CMPT",
   "title": "Database Systems II"
  },
  "model": "coredata.course",
  "pk": 38
 },
 {
  "fields": {
   "config": "{}",
   "number": "464",
   "subject": "CMPT",
   "title": "Geometric Modeling in CG"
  },
  "model": "coredata.course",
  "pk": 39
 },
 {
  "fields": {
   "config": "{}",
   "number": "466",
   "subject": "CMPT",
   "title": "Animation"
  },
  "model": "coredata.course",
  "pk": 40
 },
 {
  "fields": {
   "config": "{}",
   "number": "470",
   "subject": "CMPT",
   "title": "Web-Based Info Syst"
  },
  "model": "coredata.course",
  "pk": 41
 },
 {
  "fields": {
   "config": "{}",
   "number": "471",
   "subject": "CMPT",
   "title": "Networking II"
  },
  "model": "coredata.course",
  "pk": 42
 },
 {
  "fields": {
   "config": "{}",
   "number": "473",
   "subject": "CMPT",
   "title": "Software Quality Assurance"
  },
  "model": "coredata.course",
  "pk": 43
 },
 {
  "fields": {
   "config": "{}",
   "number": "475",
   "subject": "CMPT",
   "title": "Software Engineering II"
  },
  "model": "coredata.course",
  "pk": 44
 },
 {
  "fields": {
   "config": "{}",
   "number": "496",
   "subject": "CMPT",
   "title": "Directed Studies"
  },
  "model": "coredata.course",
  "pk": 45
 },
 {
  "fields": {
   "config": "{}",
   "number": "497",
   "subject": "CMPT",
   "title": "Dual Degree Capstone Project"
  },
  "model": "coredata.course",
  "pk": 46
 },
 {
  "fields": {
   "config": "{}",
   "number": "705",
   "subject": "CMPT",
   "title": "Design/Analysis Algorithms"
  },
  "model": "coredata.course",
  "pk": 47
 },
 {
  "fields": {
   "config": "{}",
   "number": "740",
   "subject": "CMPT",
   "title": "Database Systems"
  },
  "model": "coredata.course",
  "pk": 48
 },
 {
  "fields": {
   "config": "{}",
   "number": "764",
   "subject": "CMPT",
   "title": "Geometric Modeling in CG"
  },
  "model": "coredata.course",
  "pk": 49
 },
 {
  "fields": {
   "config": "{}",
   "number": "771",
   "subject": "CMPT",
   "title": "Internet Arch and Protocols"
  },
  "model": "coredata.course",
  "pk": 50
 },
 {
  "fields": {
   "config": "{}",
   "number": "781",
   "subject": "CMPT",
   "title": "Technical Communication"
  },
  "model": "coredata.course",
  "pk": 51
 },
 {
  "fields": {
   "config": "{}",
   "number": "815",
   "subject": "CMPT",
   "title": "Algorithms/Optimiz."
  },
  "model": "coredata.course",
  "pk": 52
 },
 {
  "fields": {
   "config": "{}",
   "number": "826",
   "subject": "CMPT",
   "title": "Automated Learning Reasoning"
  },
  "model": "coredata.course",
  "pk": 53
 },
 {
  "fields": {
   "config": "{}",
   "number": "828",
   "subject": "CMPT",
   "title": "Illumination in Images"
  },
  "model": "coredata.course",
  "pk": 54
 },
 {
  "fields": {
   "config": "{}",
   "number": "880",
   "subject": "CMPT",
   "title": "Spec.Top. in Computing Science"
  },
  "model": "coredata.course",
  "pk": 55
 },
 {
  "fields": {
   "config": "{}",
   "number": "881",
   "subject": "CMPT",
   "title": "Spec.Top./Theoretical Cmpt."
  },
  "model": "coredata.course",
  "pk": 56
 },
 {
  "fields": {
   "config": "{}",
   "number": "882",
   "subject": "CMPT",
   "title": "Spc.Topics Art. Intelligence"
  },
  "model": "coredata.course",
  "pk": 57
 },
 {
  "fields": {
   "config": "{}",
   "number": "886",
   "subject": "CMPT",
   "title": "Special Topics Operating Syst"
  },
  "model": "coredata.course",
  "pk": 58
 },
 {
  "fields": {
   "config": "{}",
   "number": "888",
   "subject": "CMPT",
   "title": "Spec.Topics/Graphics,HCI,Visn"
  },
  "model": "coredata.course",
  "pk": 59
 },
 {
  "fields": {
   "config": "{}",
   "number": "889",
   "subject": "CMPT",
   "title": "Spec.Topics / Interdisc Cmpt"
  },
  "model": "coredata.course",
  "pk": 60
 },
 {
  "fields": {
   "config": "{}",
   "number": "894",
   "subject": "CMPT",
   "title": "Directed Reading"
  },
  "model": "coredata.course",
  "pk": 61
 },
 {
  "fields": {
   "config": "{}",
   "number": "896",
   "subject": "CMPT",
   "title": "MSc Portfolio"
  },
  "model": "coredata.course",
  "pk": 62
 },
 {
  "fields": {
   "config": "{}",
   "number": "897",
   "subject": "CMPT",
   "title": "M.Sc. Project"
  },
  "model": "coredata.course",
  "pk": 63
 },
 {
  "fields": {
   "config": "{}",
   "number": "898",
   "subject": "CMPT",
   "title": "M.Sc. Thesis"
  },
  "model": "coredata.course",
  "pk": 64
 },
 {
  "fields": {
   "config": "{}",
   "number": "899",
   "subject": "CMPT",
   "title": "Ph.D. Thesis"
  },
  "model": "coredata.course",
  "pk": 65
 },
 {
  "fields": {
   "config": "{}",
   "number": "101",
   "subject": "MACM",
   "title": "Discrete Math I"
  },
  "model": "coredata.course",
  "pk": 66
 },
 {
  "fields": {
   "config": "{}",
   "number": "201",
   "subject": "MACM",
   "title": "Discrete Math II"
  },
  "model": "coredata.course",
  "pk": 67
 },
 {
  "fields": {
   "config": "{}",
   "number": "203",
   "subject": "MACM",
   "title": "Computing with Linear Algebra"
  },
  "model": "coredata.course",
  "pk": 68
 },
 {
  "fields": {
   "config": "{}",
   "number": "300",
   "subject": "MACM",
   "title": "Formal Languages/Automata"
  },
  "model": "coredata.course",
  "pk": 69
 },
 {
  "fields": {
   "config": "{}",
   "number": "316",
   "subject": "MACM",
   "title": "Numerical Analysis I"
  },
  "model": "coredata.course",
  "pk": 70
 },
 {
  "fields": {
   "config": "{}",
   "number": "816",
   "subject": "MACM",
   "title": "Numerical Analysis III"
  },
  "model": "coredata.course",
  "pk": 71
 },
 {
  "fields": {
   "campus": "BRNBY",
   "class_nbr": 13729,
   "component": "LEC",
   "config": "{}",
   "course": 1,
   "crse_id": 11592,
   "enrl_cap": 50,
   "enrl_tot": 45,
   "graded": true,
   "number": "102",
   "owner": 2,
   "section": "D100",
   "semester": 4,
   "slug": "2012sp-cmpt-102-d1-2",
   "subject": "CMPT",
   "title": "Scientific Computer Prog.",
   "wait_tot": 0
  },
  "model": "coredata.courseoffering",
  "pk": 114
 },
 {
  "fields": {
   "campus": "BRNBY",
   "class_nbr": 13730,
   "component": "SEC",
   "config": "{}",
   "course": 2,
   "crse_id": 11577,
   "enrl_cap": 80,
   "enrl_tot": 60,
   "graded": true,
   "number": "110",
   "owner": 2,
   "section": "C100",
   "semester": 5,
   "slug": "2012sp-cmpt-110-c1-2",
   "subject": "CMPT",
   "title": "Programming in Visual Basic",
   "wait_tot": 0
  },
  "model": "coredata.courseoffering",
  "pk": 115
 },
 {
  "fields": {
   "campus": "BRNBY",
   "class_nbr": 13731,
   "component": "LEC",
   "config": "{}",
   "course": 3,
   "crse_id": 14580,
   "enrl_cap": 180,
   "enrl_tot": 180,
   "graded": true,
   "number": "120",
   "owner": 2,
   "section": "D100",
   "semester": 5,
   "slug": "2012sp-cmpt-120-d1-2",
   "subject": "CMPT",
   "title": "Intro.Cmpt.Sci/Programming I",
   "wait_tot": 17
  },
  "model": "coredata.courseoffering",
  "pk": 116
 },
 {
  "fields": {
   "campus": "SURRY",
   "class_nbr": 15549,
   "component": "LEC",
   "config": "{}",
   "course": 3,
   "crse_id": 14580,
   "enrl_cap": 99,
   "enrl_tot": 98,
   "graded": true,
   "number": "120",
   "owner": 2,
   "section": "D200",
   "semester": 5,
   "slug": "2012sp-cmpt-120-d2-2",
   "subject": "CMPT",
   "title": "Intro.Cmpt.Sci/Programming I",
   "wait_tot": 2
  },
  "model": "coredata.courseoffering",
  "pk": 117
 },
 {
  "fields": {
   "campus": "BRNBY",
   "class_nbr": 13733,
   "component": "LEC",
   "config": "{}",
   "course": 4,
   "crse_id": 14581,
   "enrl_cap": 150,
   "enrl_tot": 139,
   "graded": true,
   "number": "125",
   "owner": 2,
   "section": "D100",
   "semester": 5,
   "slug": "2012sp-cmpt-125-d1-2",
   "subject": "CMPT",
   "title": "Intro.Cmpt.Sci/Programming II",
   "wait_tot": 3
  },
  "model": "coredata.courseoffering",
  "pk": 118
 },
 {
  "fields": {
   "campus": "SURRY",
   "class_nbr": 15575,
   "component": "LEC",
   "config": "{}",
   "course": 4,
   "crse_id": 14581,
   "enrl_cap": 48,
   "enrl_tot": 39,
   "graded": true,
   "number": "125",
   "owner": 2,
   "section": "D200",
   "semester": 4,
   "slug": "2012sp-cmpt-125-d2-2",
   "subject": "CMPT",
   "title": "Intro.Cmpt.Sci/Programming II",
   "wait_tot": 0
  },
  "model": "coredata.courseoffering",
  "pk": 119
 },
 {
  "fields": {
   "campus": "SURRY",
   "class_nbr": 15557,
   "component": "LEC",
   "config": "{}",
   "course": 5,
   "crse_id": 14583,
   "enrl_cap": 21,
   "enrl_tot": 21,
   "graded": true,
   "number": "128",
   "owner": 2,
   "section": "D200",
   "semester": 5,
   "slug": "2012sp-cmpt-128-d2-2",
   "subject": "CMPT",
   "title": "Intro. Cmpt.Sci/Prgm/Engineers",
   "wait_tot": 2
  },
  "model": "coredata.courseoffering",
  "pk": 120
 },
 {
  "fields": {
   "campus": "BRNBY",
   "class_nbr": 13734,
   "component": "LEC",
   "config": "{}",
   "course": 6,
   "crse_id": 11555,
   "enrl_cap": 156,
   "enrl_tot": 154,
   "graded": true,
   "number": "150",
   "owner": 2,
   "section": "D100",
   "semester": 5,
   "slug": "2012sp-cmpt-150-d1-2",
   "subject": "CMPT",
   "title": "Intro to Computer Design",
   "wait_tot": 1
  },
  "model": "coredata.courseoffering",
  "pk": 121
 },
 {
  "fields": {
   "campus": "SURRY",
   "class_nbr": 15586,
   "component": "LEC",
   "config": "{}",
   "course": 6,
   "crse_id": 11555,
   "enrl_cap": 96,
   "enrl_tot": 38,
   "graded": true,
   "number": "150",
   "owner": 2,
   "section": "D200",
   "semester": 5,
   "slug": "2012sp-cmpt-150-d2-2",
   "subject": "CMPT",
   "title": "Intro to Computer Design",
   "wait_tot": 0
  },
  "model": "coredata.courseoffering",
  "pk": 122
 },
 {
  "fields": {
   "campus": "VANCR",
   "class_nbr": 13806,
   "component": "CAN",
   "config": "{}",
   "course": 6,
   "crse_id": 11555,
   "enrl_cap": 52,
   "enrl_tot": 0,
   "graded": true,
   "number": "150",
   "owner": 2,
   "section": "E100",
   "semester": 5,
   "slug": "2012sp-cmpt-150-e1-2",
   "subject": "CMPT",
   "title": "Intro to Computer Design",
   "wait_tot": 0
  },
  "model": "coredata.courseoffering",
  "pk": 123
 },
 {
  "fields": {
   "campus": "VANCR",
   "class_nbr": 16971,
   "component": "LEC",
   "config": "{}",
   "course": 6,
   "crse_id": 11555,
   "enrl_cap": 30,
   "enrl_tot": 16,
   "graded": true,
   "number": "150",
   "owner": 2,
   "section": "E200",
   "semester": 5,
   "slug": "2012sp-cmpt-150-e2-2",
   "subject": "CMPT",
   "title": "Intro to Computer Design",
   "wait_tot": 0
  },
  "model": "coredata.courseoffering",
  "pk": 124
 },
 {
  "fields": {
   "campus": "BRNBY",
   "class_nbr": 13736,
   "component": "SEC",
   "config": "{\"url\": \"http://www.cs.sfu.ca/CC/165/common/\", \"taemail\": \"cmpt-165-contact@sfu.ca\", \"labtut\": true}",
   "course": 7,
   "crse_id": 11547,
   "enrl_cap": 60,
   "enrl_tot": 60,
   "graded": true,
   "number": "165",
   "owner": 2,
   "section": "C100",
   "semester": 5,
   "slug": "2012sp-cmpt-165-c1-2",
   "subject": "CMPT",
   "title": "Intro Internet  World Wide Web",
   "wait_tot": 10
  },
  "model": "coredata.courseoffering",
  "pk": 125
 },
 {
  "fields": {
   "campus": "BRNBY",
   "class_nbr": 16776,
   "component": "SEC",
   "config": "{}",
   "course": 7,
   "crse_id": 11547,
   "enrl_cap": 60,
   "enrl_tot": 60,
   "graded": true,
   "number": "165",
   "owner": 2,
   "section": "C200",
   "semester": 5,
   "slug": "2012sp-cmpt-165-c2-2",
   "subject": "CMPT",
   "title": "Intro Internet  World Wide Web",
   "wait_tot": 8
  },
  "model": "coredata.courseoffering",
  "pk": 126
 },
 {
  "fields": {
   "campus": "BRNBY",
   "class_nbr": 16778,
   "component": "SEC",
   "config": "{}",
   "course": 7,
   "crse_id": 11547,
   "enrl_cap": 60,
   "enrl_tot": 60,
   "graded": true,
   "number": "165",
   "owner": 2,
   "section": "C300",
   "semester": 4,
   "slug": "2012sp-cmpt-165-c3-2",
   "subject": "CMPT",
   "title": "Intro Internet  World Wide Web",
   "wait_tot": 9
  },
  "model": "coredata.courseoffering",
  "pk": 127
 },
 {
  "fields": {
   "campus": "BRNBY",
   "class_nbr": 13735,
   "component": "LEC",
   "config": "{}",
   "course": 7,
   "crse_id": 11547,
   "enrl_cap": 208,
   "enrl_tot": 206,
   "graded": true,
   "number": "165",
   "owner": 2,
   "section": "D100",
   "semester": 4,
   "slug": "2012sp-cmpt-165-d1-2",
   "subject": "CMPT",
   "title": "Intro Internet  World Wide Web",
   "wait_tot": 29
  },
  "model": "coredata.courseoffering",
  "pk": 128
 },
 {
  "fields": {
   "campus": "SURRY",
   "class_nbr": 15648,
   "component": "LEC",
   "config": "{}",
   "course": 7,
   "crse_id": 11547,
   "enrl_cap": 130,
   "enrl_tot": 123,
   "graded": true,
   "number": "165",
   "owner": 2,
   "section": "D200",
   "semester": 4,
   "slug": "2012sp-cmpt-165-d2-2",
   "subject": "CMPT",
   "title": "Intro Internet  World Wide Web",
   "wait_tot": 1
  },
  "model": "coredata.courseoffering",
  "pk": 129
 },
 {
  "fields": {
   "campus": "BRNBY",
   "class_nbr": 16777,
   "component": "LEC",
   "config": "{}",
   "course": 7,
   "crse_id": 11547,
   "enrl_cap": 60,
   "enrl_tot": 0,
   "graded": true,
   "number": "165",
   "owner": 2,
   "section": "D300",
   "semester": 5,
   "slug": "2012sp-cmpt-165-d3-2",
   "subject": "CMPT",
   "title": "Intro Internet  World Wide Web",
   "wait_tot": 0
  },
  "model": "coredata.courseoffering",
  "pk": 130
 },
 {
  "fields": {
   "campus": "BRNBY",
   "class_nbr": 32757,
   "component": "LEC",
   "config": "{\"combined\": true, \"labtut\": true}",
   "course": 7,
   "crse_id": 32757,
   "enrl_cap": 180,
   "enrl_tot": 0,
   "graded": true,
   "number": "165",
   "owner": 2,
   "section": "X100",
   "semester": 5,
   "slug": "2012sp-cmpt-165-x1-2",
   "subject": "CMPT",
   "title": "Intro Internet/WWW (combined)",
   "wait_tot": 0
  },
  "model": "coredata.courseoffering",
  "pk": 131
 },
 {
  "fields": {
   "campus": "SURRY",
   "class_nbr": 15593,
   "component": "LEC",
   "config": "{}",
   "course": 8,
   "crse_id": 16684,
   "enrl_cap": 120,
   "enrl_tot": 54,
   "graded": true,
   "number": "166",
   "owner": 2,
   "section": "D100",
   "semester": 4,
   "slug": "2012sp-cmpt-166-d1-2",
   "subject": "CMPT",
   "title": "Animated Intro to Programming",
   "wait_tot": 12
  },
  "model": "coredata.courseoffering",
  "pk": 132
 },
 {
  "fields": {
   "campus": "SURRY",
   "class_nbr": 15630,
   "component": "LEC",
   "config": "{}",
   "course": 9,
   "crse_id": 11531,
   "enrl_cap": 54,
   "enrl_tot": 51,
   "graded": true,
   "number": "212",
   "owner": 2,
   "section": "D100",
   "semester": 4,
   "slug": "2012sp-cmpt-212-d1-2",
   "subject": "CMPT",
   "title": "Appl.Design in C++",
   "wait_tot": 0
  },
  "model": "coredata.courseoffering",
  "pk": 133
 },
 {
  "fields": {
   "campus": "BRNBY",
   "class_nbr": 13739,
   "component": "LEC",
   "config": "{}",
   "course": 10,
   "crse_id": 14584,
   "enrl_cap": 122,
   "enrl_tot": 122,
   "graded": true,
   "number": "225",
   "owner": 2,
   "section": "D100",
   "semester": 5,
   "slug": "2012sp-cmpt-225-d1-2",
   "subject": "CMPT",
   "title": "Data Structures/Programming",
   "wait_tot": 11
  },
  "model": "coredata.courseoffering",
  "pk": 134
 },
 {
  "fields": {
   "campus": "VANCR",
   "class_nbr": 13807,
   "component": "CAN",
   "config": "{}",
   "course": 10,
   "crse_id": 14584,
   "enrl_cap": 52,
   "enrl_tot": 0,
   "graded": true,
   "number": "225",
   "owner": 2,
   "section": "E100",
   "semester": 4,
   "slug": "2012sp-cmpt-225-e1-2",
   "subject": "CMPT",
   "title": "Data Structures/Programming",
   "wait_tot": 0
  },
  "model": "coredata.courseoffering",
  "pk": 135
 },
 {
  "fields": {
   "campus": "VANCR",
   "class_nbr": 16974,
   "component": "LEC",
   "config": "{}",
   "course": 10,
   "crse_id": 14584,
   "enrl_cap": 50,
   "enrl_tot": 17,
   "graded": true,
   "number": "225",
   "owner": 2,
   "section": "E200",
   "semester": 4,
   "slug": "2012sp-cmpt-225-e2-2",
   "subject": "CMPT",
   "title": "Data Structures/Programming",
   "wait_tot": 0
  },
  "model": "coredata.courseoffering",
  "pk": 136
 },
 {
  "fields": {
   "campus": "BRNBY",
   "class_nbr": 13740,
   "component": "LEC",
   "config": "{}",
   "course": 11,
   "crse_id": 11524,
   "enrl_cap": 130,
   "enrl_tot": 101,
   "graded": true,
   "number": "250",
   "owner": 2,
   "section": "D100",
   "semester": 4,
   "slug": "2012sp-cmpt-250-d1-2",
   "subject": "CMPT",
   "title": "Intro to Computer Architecture",
   "wait_tot": 0
  },
  "model": "coredata.courseoffering",
  "pk": 137
 },
 {
  "fields": {
   "campus": "BRNBY",
   "class_nbr": 13741,
   "component": "LEC",
   "config": "{}",
   "course": 12,
   "crse_id": 11520,
   "enrl_cap": 80,
   "enrl_tot": 79,
   "graded": true,
   "number": "275",
   "owner": 2,
   "section": "E100",
   "semester": 4,
   "slug": "2012sp-cmpt-275-e1-2",
   "subject": "CMPT",
   "title": "Software Engineering I",
   "wait_tot": 7
  },
  "model": "coredata.courseoffering",
  "pk": 138
 },
 {
  "fields": {
   "campus": "SURRY",
   "class_nbr": 15631,
   "component": "CAN",
   "config": "{}",
   "course": 13,
   "crse_id": 16022,
   "enrl_cap": 48,
   "enrl_tot": 0,
   "graded": true,
   "number": "276",
   "owner": 2,
   "section": "D100",
   "semester": 5,
   "slug": "2012sp-cmpt-276-d1-2",
   "subject": "CMPT",
   "title": "Intro Software Engineering",
   "wait_tot": 0
  },
  "model": "coredata.courseoffering",
  "pk": 139
 },
 {
  "fields": {
   "campus": "SURRY",
   "class_nbr": 16909,
   "component": "LEC",
   "config": "{}",
   "course": 13,
   "crse_id": 16022,
   "enrl_cap": 48,
   "enrl_tot": 31,
   "graded": true,
   "number": "276",
   "owner": 2,
   "section": "D200",
   "semester": 5,
   "slug": "2012sp-cmpt-276-d2-2",
   "subject": "CMPT",
   "title": "Intro Software Engineering",
   "wait_tot": 0
  },
  "model": "coredata.courseoffering",
  "pk": 140
 },
 {
  "fields": {
   "campus": "BRNBY",
   "class_nbr": 13742,
   "component": "LEC",
   "config": "{}",
   "course": 14,
   "crse_id": 11510,
   "enrl_cap": 85,
   "enrl_tot": 80,
   "graded": true,
   "number": "300",
   "owner": 2,
   "section": "D100",
   "semester": 4,
   "slug": "2012sp-cmpt-300-d1-2",
   "subject": "CMPT",
   "title": "Operating Systems I",
   "wait_tot": 0
  },
  "model": "coredata.courseoffering",
  "pk": 141
 },
 {
  "fields": {
   "campus": "SURRY",
   "class_nbr": 15632,
   "component": "LEC",
   "config": "{}",
   "course": 14,
   "crse_id": 11510,
   "enrl_cap": 48,
   "enrl_tot": 43,
   "graded": true,
   "number": "300",
   "owner": 2,
   "section": "D200",
   "semester": 5,
   "slug": "2012sp-cmpt-300-d2-2",
   "subject": "CMPT",
   "title": "Operating Systems I",
   "wait_tot": 0
  },
  "model": "coredata.courseoffering",
  "pk": 142
 },
 {
  "fields": {
   "campus": "BRNBY",
   "class_nbr": 13743,
   "component": "LEC",
   "config": "{}",
   "course": 15,
   "crse_id": 11500,
   "enrl_cap": 85,
   "enrl_tot": 74,
   "graded": true,
   "number": "307",
   "owner": 2,
   "section": "D100",
   "semester": 4,
   "slug": "2012sp-cmpt-307-d1-2",
   "subject": "CMPT",
   "title": "Data Structures",
   "wait_tot": 0
  },
  "model": "coredata.courseoffering",
  "pk": 143
 },
 {
  "fields": {
   "campus": "BRNBY",
   "class_nbr": 13744,
   "component": "LEC",
   "config": "{}",
   "course": 16,
   "crse_id": 11498,
   "enrl_cap": 75,
   "enrl_tot": 75,
   "graded": true,
   "number": "310",
   "owner": 2,
   "section": "D100",
   "semester": 5,
   "slug": "2012sp-cmpt-310-d1-2",
   "subject": "CMPT",
   "title": "Artificial Intelligence Survey",
   "wait_tot": 0
  },
  "model": "coredata.courseoffering",
  "pk": 144
 },
 {
  "fields": {
   "campus": "BRNBY",
   "class_nbr": 13745,
   "component": "LEC",
   "config": "{}",
   "course": 17,
   "crse_id": 11491,
   "enrl_cap": 85,
   "enrl_tot": 85,
   "graded": true,
   "number": "320",
   "owner": 2,
   "section": "E100",
   "semester": 4,
   "slug": "2012sp-cmpt-320-e1-2",
   "subject": "CMPT",
   "title": "Social Implications",
   "wait_tot": 6
  },
  "model": "coredata.courseoffering",
  "pk": 145
 },
 {
  "fields": {
   "campus": "SURRY",
   "class_nbr": 15633,
   "component": "LEC",
   "config": "{}",
   "course": 18,
   "crse_id": 16158,
   "enrl_cap": 48,
   "enrl_tot": 48,
   "graded": true,
   "number": "322W",
   "owner": 2,
   "section": "D100",
   "semester": 5,
   "slug": "2012sp-cmpt-322w-d1-2",
   "subject": "CMPT",
   "title": "Responsibility and Ethics",
   "wait_tot": 0
  },
  "model": "coredata.courseoffering",
  "pk": 146
 },
 {
  "fields": {
   "campus": "BRNBY",
   "class_nbr": 13746,
   "component": "LEC",
   "config": "{}",
   "course": 19,
   "crse_id": 11489,
   "enrl_cap": 50,
   "enrl_tot": 41,
   "graded": true,
   "number": "340",
   "owner": 2,
   "section": "D100",
   "semester": 5,
   "slug": "2012sp-cmpt-340-d1-2",
   "subject": "CMPT",
   "title": "Biomedical Computing",
   "wait_tot": 0
  },
  "model": "coredata.courseoffering",
  "pk": 147
 },
 {
  "fields": {
   "campus": "BRNBY",
   "class_nbr": 13747,
   "component": "LEC",
   "config": "{}",
   "course": 20,
   "crse_id": 11478,
   "enrl_cap": 70,
   "enrl_tot": 63,
   "graded": true,
   "number": "354",
   "owner": 2,
   "section": "E100",
   "semester": 4,
   "slug": "2012sp-cmpt-354-e1-2",
   "subject": "CMPT",
   "title": "Database Systems I",
   "wait_tot": 0
  },
  "model": "coredata.courseoffering",
  "pk": 148
 },
 {
  "fields": {
   "campus": "BRNBY",
   "class_nbr": 13749,
   "component": "LEC",
   "config": "{}",
   "course": 21,
   "crse_id": 11472,
   "enrl_cap": 82,
   "enrl_tot": 82,
   "graded": true,
   "number": "363",
   "owner": 2,
   "section": "E100",
   "semester": 5,
   "slug": "2012sp-cmpt-363-e1-2",
   "subject": "CMPT",
   "title": "User Interface Dsgn",
   "wait_tot": 1
  },
  "model": "coredata.courseoffering",
  "pk": 149
 },
 {
  "fields": {
   "campus": "BRNBY",
   "class_nbr": 13750,
   "component": "LEC",
   "config": "{}",
   "course": 22,
   "crse_id": 11471,
   "enrl_cap": 70,
   "enrl_tot": 70,
   "graded": true,
   "number": "365",
   "owner": 2,
   "section": "D100",
   "semester": 5,
   "slug": "2012sp-cmpt-365-d1-2",
   "subject": "CMPT",
   "title": "Multimedia Systems",
   "wait_tot": 1
  },
  "model": "coredata.courseoffering",
  "pk": 150
 },
 {
  "fields": {
   "campus": "BRNBY",
   "class_nbr": 13751,
   "component": "LEC",
   "config": "{}",
   "course": 23,
   "crse_id": 11468,
   "enrl_cap": 70,
   "enrl_tot": 41,
   "graded": true,
   "number": "370",
   "owner": 2,
   "section": "E100",
   "semester": 5,
   "slug": "2012sp-cmpt-370-e1-2",
   "subject": "CMPT",
   "title": "Info System Design",
   "wait_tot": 0
  },
  "model": "coredata.courseoffering",
  "pk": 151
 },
 {
  "fields": {
   "campus": "BRNBY",
   "class_nbr": 13752,
   "component": "LEC",
   "config": "{}",
   "course": 24,
   "crse_id": 11465,
   "enrl_cap": 75,
   "enrl_tot": 44,
   "graded": true,
   "number": "371",
   "owner": 2,
   "section": "D100",
   "semester": 4,
   "slug": "2012sp-cmpt-371-d1-2",
   "subject": "CMPT",
   "title": "Data Communications/Networking",
   "wait_tot": 0
  },
  "model": "coredata.courseoffering",
  "pk": 152
 },
 {
  "fields": {
   "campus": "SURRY",
   "class_nbr": 15634,
   "component": "LEC",
   "config": "{}",
   "course": 24,
   "crse_id": 11465,
   "enrl_cap": 48,
   "enrl_tot": 24,
   "graded": true,
   "number": "371",
   "owner": 2,
   "section": "D200",
   "semester": 4,
   "slug": "2012sp-cmpt-371-d2-2",
   "subject": "CMPT",
   "title": "Data Communications/Networking",
   "wait_tot": 0
  },
  "model": "coredata.courseoffering",
  "pk": 153
 },
 {
  "fields": {
   "campus": "BRNBY",
   "class_nbr": 13753,
   "component": "LEC",
   "config": "{}",
   "course": 25,
   "crse_id": 15541,
   "enrl_cap": 60,
   "enrl_tot": 56,
   "graded": true,
   "number": "376W",
   "owner": 2,
   "section": "D100",
   "semester": 4,
   "slug": "2012sp-cmpt-376w-d1-2",
   "subject": "CMPT",
   "title": "Tech.Writing and Group Dynamic",
   "wait_tot": 0
  },
  "model": "coredata.courseoffering",
  "pk": 154
 },
 {
  "fields": {
   "campus": "BRNBY",
   "class_nbr": 15687,
   "component": "LEC",
   "config": "{}",
   "course": 25,
   "crse_id": 15541,
   "enrl_cap": 50,
   "enrl_tot": 48,
   "graded": true,
   "number": "376W",
   "owner": 2,
   "section": "D200",
   "semester": 5,
   "slug": "2012sp-cmpt-376w-d2-2",
   "subject": "CMPT",
   "title": "Tech.Writing and Group Dynamic",
   "wait_tot": 1
  },
  "model": "coredata.courseoffering",
  "pk": 155
 },
 {
  "fields": {
   "campus": "SURRY",
   "class_nbr": 15635,
   "component": "LEC",
   "config": "{}",
   "course": 26,
   "crse_id": 11464,
   "enrl_cap": 48,
   "enrl_tot": 24,
   "graded": true,
   "number": "379",
   "owner": 2,
   "section": "D100",
   "semester": 5,
   "slug": "2012sp-cmpt-379-d1-2",
   "subject": "CMPT",
   "title": "Principles of Compiler Design",
   "wait_tot": 0
  },
  "model": "coredata.courseoffering",
  "pk": 156
 },
 {
  "fields": {
   "campus": "SURRY",
   "class_nbr": 15636,
   "component": "LEC",
   "config": "{}",
   "course": 27,
   "crse_id": 11459,
   "enrl_cap": 24,
   "enrl_tot": 24,
   "graded": true,
   "number": "383",
   "owner": 2,
   "section": "D100",
   "semester": 4,
   "slug": "2012sp-cmpt-383-d1-2",
   "subject": "CMPT",
   "title": "Programming Langs.",
   "wait_tot": 2
  },
  "model": "coredata.courseoffering",
  "pk": 157
 },
 {
  "fields": {
   "campus": "VANCR",
   "class_nbr": 13809,
   "component": "CAN",
   "config": "{}",
   "course": 27,
   "crse_id": 11459,
   "enrl_cap": 75,
   "enrl_tot": 0,
   "graded": true,
   "number": "383",
   "owner": 2,
   "section": "E100",
   "semester": 5,
   "slug": "2012sp-cmpt-383-e1-2",
   "subject": "CMPT",
   "title": "Programming Langs.",
   "wait_tot": 0
  },
  "model": "coredata.courseoffering",
  "pk": 158
 },
 {
  "fields": {
   "campus": "VANCR",
   "class_nbr": 16977,
   "component": "LEC",
   "config": "{}",
   "course": 27,
   "crse_id": 11459,
   "enrl_cap": 75,
   "enrl_tot": 62,
   "graded": true,
   "number": "383",
   "owner": 2,
   "section": "E200",
   "semester": 4,
   "slug": "2012sp-cmpt-383-e2-2",
   "subject": "CMPT",
   "title": "Programming Langs.",
   "wait_tot": 0
  },
  "model": "coredata.courseoffering",
  "pk": 159
 },
 {
  "fields": {
   "campus": "BRNBY",
   "class_nbr": 13754,
   "component": "LEC",
   "config": "{}",
   "course": 28,
   "crse_id": 16029,
   "enrl_cap": 48,
   "enrl_tot": 48,
   "graded": true,
   "number": "404",
   "owner": 2,
   "section": "D100",
   "semester": 5,
   "slug": "2012sp-cmpt-404-d1-2",
   "subject": "CMPT",
   "title": "Cryptography and Protocols",
   "wait_tot": 5
  },
  "model": "coredata.courseoffering",
  "pk": 160
 },
 {
  "fields": {
   "campus": "BRNBY",
   "class_nbr": 13755,
   "component": "LEC",
   "config": "{}",
   "course": 29,
   "crse_id": 11433,
   "enrl_cap": 35,
   "enrl_tot": 20,
   "graded": true,
   "number": "405",
   "owner": 2,
   "section": "D100",
   "semester": 5,
   "slug": "2012sp-cmpt-405-d1-2",
   "subject": "CMPT",
   "title": "Cmpt. Algorithms",
   "wait_tot": 0
  },
  "model": "coredata.courseoffering",
  "pk": 161
 },
 {
  "fields": {
   "campus": "BRNBY",
   "class_nbr": 13756,
   "component": "LEC",
   "config": "{}",
   "course": 30,
   "crse_id": 11414,
   "enrl_cap": 46,
   "enrl_tot": 46,
   "graded": true,
   "number": "413",
   "owner": 2,
   "section": "D100",
   "semester": 5,
   "slug": "2012sp-cmpt-413-d1-2",
   "subject": "CMPT",
   "title": "Computational Linguistics",
   "wait_tot": 1
  },
  "model": "coredata.courseoffering",
  "pk": 162
 },
 {
  "fields": {
   "campus": "BRNBY",
   "class_nbr": 17049,
   "component": "SEC",
   "config": "{}",
   "course": 31,
   "crse_id": 11407,
   "enrl_cap": 1,
   "enrl_tot": 1,
   "graded": true,
   "number": "416",
   "owner": 2,
   "section": "D100",
   "semester": 4,
   "slug": "2012sp-cmpt-416-d1-2",
   "subject": "CMPT",
   "title": "Special Research Projects",
   "wait_tot": 0
  },
  "model": "coredata.courseoffering",
  "pk": 163
 },
 {
  "fields": {
   "campus": "METRO",
   "class_nbr": 13769,
   "component": "SEC",
   "config": "{}",
   "course": 32,
   "crse_id": 11398,
   "enrl_cap": 30,
   "enrl_tot": 28,
   "graded": true,
   "number": "426",
   "owner": 2,
   "section": "D100",
   "semester": 5,
   "slug": "2012sp-cmpt-426-d1-2",
   "subject": "CMPT",
   "title": "Practicum I",
   "wait_tot": 0
  },
  "model": "coredata.courseoffering",
  "pk": 164
 },
 {
  "fields": {
   "campus": "OFFST",
   "class_nbr": 13770,
   "component": "SEC",
   "config": "{}",
   "course": 32,
   "crse_id": 11398,
   "enrl_cap": 15,
   "enrl_tot": 11,
   "graded": true,
   "number": "426",
   "owner": 2,
   "section": "D200",
   "semester": 5,
   "slug": "2012sp-cmpt-426-d2-2",
   "subject": "CMPT",
   "title": "Practicum I",
   "wait_tot": 0
  },
  "model": "coredata.courseoffering",
  "pk": 165
 },
 {
  "fields": {
   "campus": "METRO",
   "class_nbr": 13771,
   "component": "SEC",
   "config": "{}",
   "course": 32,
   "crse_id": 11398,
   "enrl_cap": 30,
   "enrl_tot": 2,
   "graded": true,
   "number": "426",
   "owner": 2,
   "section": "D300",
   "semester": 4,
   "slug": "2012sp-cmpt-426-d3-2",
   "subject": "CMPT",
   "title": "Practicum I",
   "wait_tot": 0
  },
  "model": "coredata.courseoffering",
  "pk": 166
 },
 {
  "fields": {
   "campus": "OFFST",
   "class_nbr": 13772,
   "component": "SEC",
   "config": "{}",
   "course": 32,
   "crse_id": 11398,
   "enrl_cap": 15,
   "enrl_tot": 1,
   "graded": true,
   "number": "426",
   "owner": 2,
   "section": "D400",
   "semester": 4,
   "slug": "2012sp-cmpt-426-d4-2",
   "subject": "CMPT",
   "title": "Practicum I",
   "wait_tot": 0
  },
  "model": "coredata.courseoffering",
  "pk": 167
 },
 {
  "fields": {
   "campus": "METRO",
   "class_nbr": 13773,
   "component": "SEC",
   "config": "{}",
   "course": 33,
   "crse_id": 11396,
   "enrl_cap": 30,
   "enrl_tot": 34,
   "graded": true,
   "number": "427",
   "owner": 2,
   "section": "D100",
   "semester": 5,
   "slug": "2012sp-cmpt-427-d1-2",
   "subject": "CMPT",
   "title": "Practicum II",
   "wait_tot": 0
  },
  "model": "coredata.courseoffering",
  "pk": 168
 },
 {
  "fields": {
   "campus": "OFFST",
   "class_nbr": 13774,
   "component": "SEC",
   "config": "{}",
   "course": 33,
   "crse_id": 11396,
   "enrl_cap": 15,
   "enrl_tot": 11,
   "graded": true,
   "number": "427",
   "owner": 2,
   "section": "D200",
   "semester": 4,
   "slug": "2012sp-cmpt-427-d2-2",
   "subject": "CMPT",
   "title": "Practicum II",
   "wait_tot": 0
  },
  "model": "coredata.courseoffering",
  "pk": 169
 },
 {
  "fields": {
   "campus": "METRO",
   "class_nbr": 13775,
   "component": "SEC",
   "config": "{}",
   "course": 33,
   "crse_id": 11396,
   "enrl_cap": 30,
   "enrl_tot": 6,
   "graded": true,
   "number": "427",
   "owner": 2,
   "section": "D300",
   "semester": 4,
   "slug": "2012sp-cmpt-427-d3-2",
   "subject": "CMPT",
   "title": "Practicum II",
   "wait_tot": 0
  },
  "model": "coredata.courseoffering",
  "pk": 170
 },
 {
  "fields": {
   "campus": "OFFST",
   "class_nbr": 13776,
   "component": "SEC",
   "config": "{}",
   "course": 33,
   "crse_id": 11396,
   "enrl_cap": 15,
   "enrl_tot": 0,
   "graded": true,
   "number": "427",
   "owner": 2,
   "section": "D400",
   "semester": 5,
   "slug": "2012sp-cmpt-427-d4-2",
   "subject": "CMPT",
   "title": "Practicum II",
   "wait_tot": 0
  },
  "model": "coredata.courseoffering",
  "pk": 171
 },
 {
  "fields": {
   "campus": "METRO",
   "class_nbr": 13777,
   "component": "SEC",
   "config": "{}",
   "course": 34,
   "crse_id": 11394,
   "enrl_cap": 30,
   "enrl_tot": 17,
   "graded": true,
   "number": "428",
   "owner": 2,
   "section": "D100",
   "semester": 5,
   "slug": "2012sp-cmpt-428-d1-2",
   "subject": "CMPT",
   "title": "Practicum III",
   "wait_tot": 0
  },
  "model": "coredata.courseoffering",
  "pk": 172
 },
 {
  "fields": {
   "campus": "OFFST",
   "class_nbr": 13778,
   "component": "SEC",
   "config": "{}",
   "course": 34,
   "crse_id": 11394,
   "enrl_cap": 15,
   "enrl_tot": 6,
   "graded": true,
   "number": "428",
   "owner": 2,
   "section": "D200",
   "semester": 4,
   "slug": "2012sp-cmpt-428-d2-2",
   "subject": "CMPT",
   "title": "Practicum III",
   "wait_tot": 0
  },
  "model": "coredata.courseoffering",
  "pk": 173
 },
 {
  "fields": {
   "campus": "METRO",
   "class_nbr": 13779,
   "component": "SEC",
   "config": "{}",
   "course": 34,
   "crse_id": 11394,
   "enrl_cap": 30,
   "enrl_tot": 0,
   "graded": true,
   "number": "428",
   "owner": 2,
   "section": "D300",
   "semester": 5,
   "slug": "2012sp-cmpt-428-d3-2",
   "subject": "CMPT",
   "title": "Practicum III",
   "wait_tot": 0
  },
  "model": "coredata.courseoffering",
  "pk": 174
 },
 {
  "fields": {
   "campus": "OFFST",
   "class_nbr": 13780,
   "component": "SEC",
   "config": "{}",
   "course": 34,
   "crse_id": 11394,
   "enrl_cap": 15,
   "enrl_tot": 1,
   "graded": true,
   "number": "428",
   "owner": 2,
   "section": "D400",
   "semester": 4,
   "slug": "2012sp-cmpt-428-d4-2",
   "subject": "CMPT",
   "title": "Practicum III",
   "wait_tot": 0
  },
  "model": "coredata.courseoffering",
  "pk": 175
 },
 {
  "fields": {
   "campus": "METRO",
   "class_nbr": 13781,
   "component": "SEC",
   "config": "{}",
   "course": 35,
   "crse_id": 11392,
   "enrl_cap": 30,
   "enrl_tot": 8,
   "graded": true,
   "number": "429",
   "owner": 2,
   "section": "D100",
   "semester": 5,
   "slug": "2012sp-cmpt-429-d1-2",
   "subject": "CMPT",
   "title": "Practicum IV",
   "wait_tot": 0
  },
  "model": "coredata.courseoffering",
  "pk": 176
 },
 {
  "fields": {
   "campus": "OFFST",
   "class_nbr": 13782,
   "component": "SEC",
   "config": "{}",
   "course": 35,
   "crse_id": 11392,
   "enrl_cap": 15,
   "enrl_tot": 3,
   "graded": true,
   "number": "429",
   "owner": 2,
   "section": "D200",
   "semester": 5,
   "slug": "2012sp-cmpt-429-d2-2",
   "subject": "CMPT",
   "title": "Practicum IV",
   "wait_tot": 0
  },
  "model": "coredata.courseoffering",
  "pk": 177
 },
 {
  "fields": {
   "campus": "METRO",
   "class_nbr": 13783,
   "component": "SEC",
   "config": "{}",
   "course": 35,
   "crse_id": 11392,
   "enrl_cap": 30,
   "enrl_tot": 2,
   "graded": true,
   "number": "429",
   "owner": 2,
   "section": "D300",
   "semester": 4,
   "slug": "2012sp-cmpt-429-d3-2",
   "subject": "CMPT",
   "title": "Practicum IV",
   "wait_tot": 0
  },
  "model": "coredata.courseoffering",
  "pk": 178
 },
 {
  "fields": {
   "campus": "OFFST",
   "class_nbr": 13784,
   "component": "SEC",
   "config": "{}",
   "course": 35,
   "crse_id": 11392,
   "enrl_cap": 15,
   "enrl_tot": 0,
   "graded": true,
   "number": "429",
   "owner": 2,
   "section": "D400",
   "semester": 5,
   "slug": "2012sp-cmpt-429-d4-2",
   "subject": "CMPT",
   "title": "Practicum IV",
   "wait_tot": 0
  },
  "model": "coredata.courseoffering",
  "pk": 179
 },
 {
  "fields": {
   "campus": "METRO",
   "class_nbr": 13785,
   "component": "SEC",
   "config": "{}",
   "course": 36,
   "crse_id": 11390,
   "enrl_cap": 30,
   "enrl_tot": 4,
   "graded": true,
   "number": "430",
   "owner": 2,
   "section": "D100",
   "semester": 4,
   "slug": "2012sp-cmpt-430-d1-2",
   "subject": "CMPT",
   "title": "Practicum V",
   "wait_tot": 0
  },
  "model": "coredata.courseoffering",
  "pk": 180
 },
 {
  "fields": {
   "campus": "OFFST",
   "class_nbr": 13786,
   "component": "SEC",
   "config": "{}",
   "course": 36,
   "crse_id": 11390,
   "enrl_cap": 15,
   "enrl_tot": 1,
   "graded": true,
   "number": "430",
   "owner": 2,
   "section": "D200",
   "semester": 4,
   "slug": "2012sp-cmpt-430-d2-2",
   "subject": "CMPT",
   "title": "Practicum V",
   "wait_tot": 0
  },
  "model": "coredata.courseoffering",
  "pk": 181
 },
 {
  "fields": {
   "campus": "METRO",
   "class_nbr": 13787,
   "component": "SEC",
   "config": "{}",
   "course": 36,
   "crse_id": 11390,
   "enrl_cap": 30,
   "enrl_tot": 1,
   "graded": true,
   "number": "430",
   "owner": 2,
   "section": "D300",
   "semester": 5,
   "slug": "2012sp-cmpt-430-d3-2",
   "subject": "CMPT",
   "title": "Practicum V",
   "wait_tot": 0
  },
  "model": "coredata.courseoffering",
  "pk": 182
 },
 {
  "fields": {
   "campus": "OFFST",
   "class_nbr": 13788,
   "component": "SEC",
   "config": "{}",
   "course": 36,
   "crse_id": 11390,
   "enrl_cap": 15,
   "enrl_tot": 1,
   "graded": true,
   "number": "430",
   "owner": 2,
   "section": "D400",
   "semester": 4,
   "slug": "2012sp-cmpt-430-d4-2",
   "subject": "CMPT",
   "title": "Practicum V",
   "wait_tot": 0
  },
  "model": "coredata.courseoffering",
  "pk": 183
 },
 {
  "fields": {
   "campus": "BRNBY",
   "class_nbr": 13758,
   "component": "LEC",
   "config": "{}",
   "course": 37,
   "crse_id": 16030,
   "enrl_cap": 55,
   "enrl_tot": 35,
   "graded": true,
   "number": "431",
   "owner": 2,
   "section": "D100",
   "semester": 4,
   "slug": "2012sp-cmpt-431-d1-2",
   "subject": "CMPT",
   "title": "Distributed Systems",
   "wait_tot": 0
  },
  "model": "coredata.courseoffering",
  "pk": 184
 },
 {
  "fields": {
   "campus": "BRNBY",
   "class_nbr": 13760,
   "component": "LEC",
   "config": "{}",
   "course": 38,
   "crse_id": 11386,
   "enrl_cap": 55,
   "enrl_tot": 48,
   "graded": true,
   "number": "454",
   "owner": 2,
   "section": "D100",
   "semester": 5,
   "slug": "2012sp-cmpt-454-d1-2",
   "subject": "CMPT",
   "title": "Database Systems II",
   "wait_tot": 0
  },
  "model": "coredata.courseoffering",
  "pk": 185
 },
 {
  "fields": {
   "campus": "BRNBY",
   "class_nbr": 15688,
   "component": "LEC",
   "config": "{}",
   "course": 39,
   "crse_id": 15697,
   "enrl_cap": 40,
   "enrl_tot": 9,
   "graded": true,
   "number": "464",
   "owner": 2,
   "section": "E100",
   "semester": 5,
   "slug": "2012sp-cmpt-464-e1-2",
   "subject": "CMPT",
   "title": "Geometric Modeling in CG",
   "wait_tot": 0
  },
  "model": "coredata.courseoffering",
  "pk": 186
 },
 {
  "fields": {
   "campus": "BRNBY",
   "class_nbr": 13761,
   "component": "LEC",
   "config": "{}",
   "course": 40,
   "crse_id": 11378,
   "enrl_cap": 40,
   "enrl_tot": 8,
   "graded": true,
   "number": "466",
   "owner": 2,
   "section": "E100",
   "semester": 5,
   "slug": "2012sp-cmpt-466-e1-2",
   "subject": "CMPT",
   "title": "Animation",
   "wait_tot": 0
  },
  "model": "coredata.courseoffering",
  "pk": 187
 },
 {
  "fields": {
   "campus": "BRNBY",
   "class_nbr": 13762,
   "component": "LEC",
   "config": "{}",
   "course": 41,
   "crse_id": 11374,
   "enrl_cap": 65,
   "enrl_tot": 62,
   "graded": true,
   "number": "470",
   "owner": 2,
   "section": "E100",
   "semester": 5,
   "slug": "2012sp-cmpt-470-e1-2",
   "subject": "CMPT",
   "title": "Web-Based Info Syst",
   "wait_tot": 0
  },
  "model": "coredata.courseoffering",
  "pk": 188
 },
 {
  "fields": {
   "campus": "SURRY",
   "class_nbr": 15637,
   "component": "LEC",
   "config": "{}",
   "course": 42,
   "crse_id": 11373,
   "enrl_cap": 15,
   "enrl_tot": 7,
   "graded": true,
   "number": "471",
   "owner": 2,
   "section": "D100",
   "semester": 4,
   "slug": "2012sp-cmpt-471-d1-2",
   "subject": "CMPT",
   "title": "Networking II",
   "wait_tot": 0
  },
  "model": "coredata.courseoffering",
  "pk": 189
 },
 {
  "fields": {
   "campus": "VANCR",
   "class_nbr": 13810,
   "component": "LEC",
   "config": "{}",
   "course": 42,
   "crse_id": 11373,
   "enrl_cap": 65,
   "enrl_tot": 26,
   "graded": true,
   "number": "471",
   "owner": 2,
   "section": "E100",
   "semester": 4,
   "slug": "2012sp-cmpt-471-e1-2",
   "subject": "CMPT",
   "title": "Networking II",
   "wait_tot": 0
  },
  "model": "coredata.courseoffering",
  "pk": 190
 },
 {
  "fields": {
   "campus": "SURRY",
   "class_nbr": 15638,
   "component": "LEC",
   "config": "{}",
   "course": 43,
   "crse_id": 16027,
   "enrl_cap": 30,
   "enrl_tot": 25,
   "graded": true,
   "number": "473",
   "owner": 2,
   "section": "D100",
   "semester": 5,
   "slug": "2012sp-cmpt-473-d1-2",
   "subject": "CMPT",
   "title": "Software Quality Assurance",
   "wait_tot": 0
  },
  "model": "coredata.courseoffering",
  "pk": 191
 },
 {
  "fields": {
   "campus": "BRNBY",
   "class_nbr": 13764,
   "component": "LEC",
   "config": "{}",
   "course": 44,
   "crse_id": 11372,
   "enrl_cap": 55,
   "enrl_tot": 24,
   "graded": true,
   "number": "475",
   "owner": 2,
   "section": "D100",
   "semester": 5,
   "slug": "2012sp-cmpt-475-d1-2",
   "subject": "CMPT",
   "title": "Software Engineering II",
   "wait_tot": 0
  },
  "model": "coredata.courseoffering",
  "pk": 192
 },
 {
  "fields": {
   "campus": "BRNBY",
   "class_nbr": 16989,
   "component": "SEM",
   "config": "{}",
   "course": 45,
   "crse_id": 15807,
   "enrl_cap": 9,
   "enrl_tot": 9,
   "graded": true,
   "number": "496",
   "owner": 2,
   "section": "D100",
   "semester": 5,
   "slug": "2012sp-cmpt-496-d1-2",
   "subject": "CMPT",
   "title": "Directed Studies",
   "wait_tot": 0
  },
  "model": "coredata.courseoffering",
  "pk": 193
 },
 {
  "fields": {
   "campus": "BRNBY",
   "class_nbr": 13766,
   "component": "LEC",
   "config": "{}",
   "course": 46,
   "crse_id": 15283,
   "enrl_cap": 15,
   "enrl_tot": 5,
   "graded": true,
   "number": "497",
   "owner": 2,
   "section": "D100",
   "semester": 5,
   "slug": "2012sp-cmpt-497-d1-2",
   "subject": "CMPT",
   "title": "Dual Degree Capstone Project",
   "wait_tot": 0
  },
  "model": "coredata.courseoffering",
  "pk": 194
 },
 {
  "fields": {
   "campus": "BRNBY",
   "class_nbr": 13789,
   "component": "LEC",
   "config": "{}",
   "course": 47,
   "crse_id": 14495,
   "enrl_cap": 30,
   "enrl_tot": 17,
   "graded": true,
   "number": "705",
   "owner": 2,
   "section": "G100",
   "semester": 5,
   "slug": "2012sp-cmpt-705-g1-2",
   "subject": "CMPT",
   "title": "Design/Analysis Algorithms",
   "wait_tot": 0
  },
  "model": "coredata.courseoffering",
  "pk": 195
 },
 {
  "fields": {
   "campus": "BRNBY",
   "class_nbr": 13790,
   "component": "LEC",
   "config": "{}",
   "course": 48,
   "crse_id": 11325,
   "enrl_cap": 25,
   "enrl_tot": 16,
   "graded": true,
   "number": "740",
   "owner": 2,
   "section": "G100",
   "semester": 4,
   "slug": "2012sp-cmpt-740-g1-2",
   "subject": "CMPT",
   "title": "Database Systems",
   "wait_tot": 0
  },
  "model": "coredata.courseoffering",
  "pk": 196
 },
 {
  "fields": {
   "campus": "BRNBY",
   "class_nbr": 13791,
   "component": "LEC",
   "config": "{}",
   "course": 49,
   "crse_id": 15764,
   "enrl_cap": 25,
   "enrl_tot": 8,
   "graded": true,
   "number": "764",
   "owner": 2,
   "section": "G100",
   "semester": 4,
   "slug": "2012sp-cmpt-764-g1-2",
   "subject": "CMPT",
   "title": "Geometric Modeling in CG",
   "wait_tot": 0
  },
  "model": "coredata.courseoffering",
  "pk": 197
 },
 {
  "fields": {
   "campus": "SURRY",
   "class_nbr": 15639,
   "component": "LEC",
   "config": "{}",
   "course": 50,
   "crse_id": 15765,
   "enrl_cap": 15,
   "enrl_tot": 1,
   "graded": true,
   "number": "771",
   "owner": 2,
   "section": "G100",
   "semester": 4,
   "slug": "2012sp-cmpt-771-g1-2",
   "subject": "CMPT",
   "title": "Internet Arch and Protocols",
   "wait_tot": 0
  },
  "model": "coredata.courseoffering",
  "pk": 198
 },
 {
  "fields": {
   "campus": "BRNBY",
   "class_nbr": 13792,
   "component": "LEC",
   "config": "{}",
   "course": 51,
   "crse_id": 16664,
   "enrl_cap": 15,
   "enrl_tot": 15,
   "graded": true,
   "number": "781",
   "owner": 2,
   "section": "G100",
   "semester": 5,
   "slug": "2012sp-cmpt-781-g1-2",
   "subject": "CMPT",
   "title": "Technical Communication",
   "wait_tot": 3
  },
  "model": "coredata.courseoffering",
  "pk": 199
 },
 {
  "fields": {
   "campus": "BRNBY",
   "class_nbr": 13794,
   "component": "LEC",
   "config": "{}",
   "course": 52,
   "crse_id": 11315,
   "enrl_cap": 20,
   "enrl_tot": 4,
   "graded": true,
   "number": "815",
   "owner": 2,
   "section": "G100",
   "semester": 5,
   "slug": "2012sp-cmpt-815-g1-2",
   "subject": "CMPT",
   "title": "Algorithms/Optimiz.",
   "wait_tot": 0
  },
  "model": "coredata.courseoffering",
  "pk": 200
 },
 {
  "fields": {
   "campus": "BRNBY",
   "class_nbr": 13795,
   "component": "CAN",
   "config": "{}",
   "course": 53,
   "crse_id": 11299,
   "enrl_cap": 0,
   "enrl_tot": 0,
   "graded": true,
   "number": "826",
   "owner": 2,
   "section": "G100",
   "semester": 5,
   "slug": "2012sp-cmpt-826-g1-2",
   "subject": "CMPT",
   "title": "Automated Learning Reasoning",
   "wait_tot": 0
  },
  "model": "coredata.courseoffering",
  "pk": 201
 },
 {
  "fields": {
   "campus": "BRNBY",
   "class_nbr": 13796,
   "component": "LEC",
   "config": "{}",
   "course": 54,
   "crse_id": 16513,
   "enrl_cap": 25,
   "enrl_tot": 15,
   "graded": true,
   "number": "828",
   "owner": 2,
   "section": "G100",
   "semester": 4,
   "slug": "2012sp-cmpt-828-g1-2",
   "subject": "CMPT",
   "title": "Illumination in Images",
   "wait_tot": 0
  },
  "model": "coredata.courseoffering",
  "pk": 202
 },
 {
  "fields": {
   "campus": "BRNBY",
   "class_nbr": 13797,
   "component": "LEC",
   "config": "{}",
   "course": 55,
   "crse_id": 14262,
   "enrl_cap": 20,
   "enrl_tot": 2,
   "graded": true,
   "number": "880",
   "owner": 2,
   "section": "G100",
   "semester": 4,
   "slug": "2012sp-cmpt-880-g1-2",
   "subject": "CMPT",
   "title": "Spec.Top. in Computing Science",
   "wait_tot": 0
  },
  "model": "coredata.courseoffering",
  "pk": 203
 },
 {
  "fields": {
   "campus": "SURRY",
   "class_nbr": 15641,
   "component": "LEC",
   "config": "{}",
   "course": 55,
   "crse_id": 14262,
   "enrl_cap": 12,
   "enrl_tot": 4,
   "graded": true,
   "number": "880",
   "owner": 2,
   "section": "G200",
   "semester": 5,
   "slug": "2012sp-cmpt-880-g2-2",
   "subject": "CMPT",
   "title": "Spec.Top. in Computing Science",
   "wait_tot": 0
  },
  "model": "coredata.courseoffering",
  "pk": 204
 },
 {
  "fields": {
   "campus": "BRNBY",
   "class_nbr": 13798,
   "component": "LEC",
   "config": "{}",
   "course": 56,
   "crse_id": 14261,
   "enrl_cap": 20,
   "enrl_tot": 5,
   "graded": true,
   "number": "881",
   "owner": 2,
   "section": "G100",
   "semester": 5,
   "slug": "2012sp-cmpt-881-g1-2",
   "subject": "CMPT",
   "title": "Spec.Top./Theoretical Cmpt.",
   "wait_tot": 0
  },
  "model": "coredata.courseoffering",
  "pk": 205
 },
 {
  "fields": {
   "campus": "BRNBY",
   "class_nbr": 16259,
   "component": "LEC",
   "config": "{}",
   "course": 57,
   "crse_id": 14264,
   "enrl_cap": 40,
   "enrl_tot": 10,
   "graded": true,
   "number": "882",
   "owner": 2,
   "section": "G100",
   "semester": 4,
   "slug": "2012sp-cmpt-882-g1-2",
   "subject": "CMPT",
   "title": "Spc.Topics Art. Intelligence",
   "wait_tot": 0
  },
  "model": "coredata.courseoffering",
  "pk": 206
 },
 {
  "fields": {
   "campus": "BRNBY",
   "class_nbr": 13799,
   "component": "LEC",
   "config": "{}",
   "course": 58,
   "crse_id": 14449,
   "enrl_cap": 35,
   "enrl_tot": 33,
   "graded": true,
   "number": "886",
   "owner": 2,
   "section": "G100",
   "semester": 5,
   "slug": "2012sp-cmpt-886-g1-2",
   "subject": "CMPT",
   "title": "Special Topics Operating Syst",
   "wait_tot": 0
  },
  "model": "coredata.courseoffering",
  "pk": 207
 },
 {
  "fields": {
   "campus": "BRNBY",
   "class_nbr": 13800,
   "component": "CAN",
   "config": "{}",
   "course": 59,
   "crse_id": 14508,
   "enrl_cap": 30,
   "enrl_tot": 0,
   "graded": true,
   "number": "888",
   "owner": 2,
   "section": "G100",
   "semester": 5,
   "slug": "2012sp-cmpt-888-g1-2",
   "subject": "CMPT",
   "title": "Spec.Topics/Graphics,HCI,Visn",
   "wait_tot": 0
  },
  "model": "coredata.courseoffering",
  "pk": 208
 },
 {
  "fields": {
   "campus": "BRNBY",
   "class_nbr": 16933,
   "component": "LEC",
   "config": "{}",
   "course": 59,
   "crse_id": 14508,
   "enrl_cap": 30,
   "enrl_tot": 15,
   "graded": true,
   "number": "888",
   "owner": 2,
   "section": "G200",
   "semester": 4,
   "slug": "2012sp-cmpt-888-g2-2",
   "subject": "CMPT",
   "title": "Spec.Topics/Graphics,HCI,Visn",
   "wait_tot": 0
  },
  "model": "coredata.courseoffering",
  "pk": 209
 },
 {
  "fields": {
   "campus": "SURRY",
   "class_nbr": 15642,
   "component": "LEC",
   "config": "{}",
   "course": 60,
   "crse_id": 14288,
   "enrl_cap": 12,
   "enrl_tot": 5,
   "graded": true,
   "number": "889",
   "owner": 2,
   "section": "G100",
   "semester": 4,
   "slug": "2012sp-cmpt-889-g1-2",
   "subject": "CMPT",
   "title": "Spec.Topics / Interdisc Cmpt",
   "wait_tot": 0
  },
  "model": "coredata.courseoffering",
  "pk": 210
 },
 {
  "fields": {
   "campus": "BRNBY",
   "class_nbr": 13801,
   "component": "SEC",
   "config": "{}",
   "course": 61,
   "crse_id": 11168,
   "enrl_cap": 0,
   "enrl_tot": 5,
   "graded": true,
   "number": "894",
   "owner": 2,
   "section": "G100",
   "semester": 4,
   "slug": "2012sp-cmpt-894-g1-2",
   "subject": "CMPT",
   "title": "Directed Reading",
   "wait_tot": 0
  },
  "model": "coredata.courseoffering",
  "pk": 211
 },
 {
  "fields": {
   "campus": "BRNBY",
   "class_nbr": 13802,
   "component": "SEC",
   "config": "{}",
   "course": 62,
   "crse_id": 16379,
   "enrl_cap": 0,
   "enrl_tot": 1,
   "graded": true,
   "number": "896",
   "owner": 2,
   "section": "G100",
   "semester": 4,
   "slug": "2012sp-cmpt-896-g1-2",
   "subject": "CMPT",
   "title": "MSc Portfolio",
   "wait_tot": 0
  },
  "model": "coredata.courseoffering",
  "pk": 212
 },
 {
  "fields": {
   "campus": "BRNBY",
   "class_nbr": 13803,
   "component": "SEC",
   "config": "{}",
   "course": 63,
   "crse_id": 11166,
   "enrl_cap": 10,
   "enrl_tot": 8,
   "graded": true,
   "number": "897",
   "owner": 2,
   "section": "G100",
   "semester": 5,
   "slug": "2012sp-cmpt-897-g1-2",
   "subject": "CMPT",
   "title": "M.Sc. Project",
   "wait_tot": 0
  },
  "model": "coredata.courseoffering",
  "pk": 213
 },
 {
  "fields": {
   "campus": "BRNBY",
   "class_nbr": 13804,
   "component": "SEC",
   "config": "{}",
   "course": 64,
   "crse_id": 11164,
   "enrl_cap": 130,
   "enrl_tot": 70,
   "graded": true,
   "number": "898",
   "owner": 2,
   "section": "G100",
   "semester": 4,
   "slug": "2012sp-cmpt-898-g1-2",
   "subject": "CMPT",
   "title": "M.Sc. Thesis",
   "wait_tot": 0
  },
  "model": "coredata.courseoffering",
  "pk": 214
 },
 {
  "fields": {
   "campus": "BRNBY",
   "class_nbr": 13805,
   "component": "SEC",
   "config": "{}",
   "course": 65,
   "crse_id": 11162,
   "enrl_cap": 130,
   "enrl_tot": 91,
   "graded": true,
   "number": "899",
   "owner": 2,
   "section": "G100",
   "semester": 4,
   "slug": "2012sp-cmpt-899-g1-2",
   "subject": "CMPT",
   "title": "Ph.D. Thesis",
   "wait_tot": 0
  },
  "model": "coredata.courseoffering",
  "pk": 215
 },
 {
  "fields": {
   "campus": "BRNBY",
   "class_nbr": 13737,
   "component": "LEC",
   "config": "{}",
   "course": 66,
   "crse_id": 4232,
   "enrl_cap": 115,
   "enrl_tot": 115,
   "graded": true,
   "number": "101",
   "owner": 2,
   "section": "D100",
   "semester": 4,
   "slug": "2012sp-macm-101-d1-2",
   "subject": "MACM",
   "title": "Discrete Math I",
   "wait_tot": 0
  },
  "model": "coredata.courseoffering",
  "pk": 216
 },
 {
  "fields": {
   "campus": "BRNBY",
   "class_nbr": 13738,
   "component": "LEC",
   "config": "{}",
   "course": 66,
   "crse_id": 4232,
   "enrl_cap": 115,
   "enrl_tot": 113,
   "graded": true,
   "number": "101",
   "owner": 2,
   "section": "D200",
   "semester": 5,
   "slug": "2012sp-macm-101-d2-2",
   "subject": "MACM",
   "title": "Discrete Math I",
   "wait_tot": 4
  },
  "model": "coredata.courseoffering",
  "pk": 217
 },
 {
  "fields": {
   "campus": "SURRY",
   "class_nbr": 15603,
   "component": "LEC",
   "config": "{}",
   "course": 66,
   "crse_id": 4232,
   "enrl_cap": 97,
   "enrl_tot": 97,
   "graded": true,
   "number": "101",
   "owner": 2,
   "section": "D300",
   "semester": 5,
   "slug": "2012sp-macm-101-d3-2",
   "subject": "MACM",
   "title": "Discrete Math I",
   "wait_tot": 10
  },
  "model": "coredata.courseoffering",
  "pk": 218
 },
 {
  "fields": {
   "campus": "BRNBY",
   "class_nbr": 8605,
   "component": "CAN",
   "config": "{}",
   "course": 67,
   "crse_id": 4231,
   "enrl_cap": 200,
   "enrl_tot": 0,
   "graded": true,
   "number": "201",
   "owner": null,
   "section": "D100",
   "semester": 5,
   "slug": "2012sp-macm-201-d1-2",
   "subject": "MACM",
   "title": "Discrete Math II",
   "wait_tot": 0
  },
  "model": "coredata.courseoffering",
  "pk": 219
 },
 {
  "fields": {
   "campus": "SURRY",
   "class_nbr": 9343,
   "component": "CAN",
   "config": "{}",
   "course": 67,
   "crse_id": 4231,
   "enrl_cap": 60,
   "enrl_tot": 0,
   "graded": true,
   "number": "201",
   "owner": null,
   "section": "D200",
   "semester": 4,
   "slug": "2012sp-macm-201-d2-2",
   "subject": "MACM",
   "title": "Discrete Math II",
   "wait_tot": 0
  },
  "model": "coredata.courseoffering",
  "pk": 220
 },
 {
  "fields": {
   "campus": "BRNBY",
   "class_nbr": 16798,
   "component": "LEC",
   "config": "{}",
   "course": 67,
   "crse_id": 4231,
   "enrl_cap": 192,
   "enrl_tot": 167,
   "graded": true,
   "number": "201",
   "owner": null,
   "section": "D300",
   "semester": 5,
   "slug": "2012sp-macm-201-d3-2",
   "subject": "MACM",
   "title": "Discrete Math II",
   "wait_tot": 0
  },
  "model": "coredata.courseoffering",
  "pk": 221
 },
 {
  "fields": {
   "campus": "SURRY",
   "class_nbr": 16799,
   "component": "LEC",
   "config": "{}",
   "course": 67,
   "crse_id": 4231,
   "enrl_cap": 60,
   "enrl_tot": 46,
   "graded": true,
   "number": "201",
   "owner": null,
   "section": "D400",
   "semester": 5,
   "slug": "2012sp-macm-201-d4-2",
   "subject": "MACM",
   "title": "Discrete Math II",
   "wait_tot": 0
  },
  "model": "coredata.courseoffering",
  "pk": 222
 },
 {
  "fields": {
   "campus": "BRNBY",
   "class_nbr": 8917,
   "component": "LEC",
   "config": "{}",
   "course": 68,
   "crse_id": 16470,
   "enrl_cap": 48,
   "enrl_tot": 25,
   "graded": true,
   "number": "203",
   "owner": null,
   "section": "D100",
   "semester": 4,
   "slug": "2012sp-macm-203-d1-2",
   "subject": "MACM",
   "title": "Computing with Linear Algebra",
   "wait_tot": 2
  },
  "model": "coredata.courseoffering",
  "pk": 223
 },
 {
  "fields": {
   "campus": "BRNBY",
   "class_nbr": 15953,
   "component": "CAN",
   "config": "{}",
   "course": 69,
   "crse_id": 4227,
   "enrl_cap": 40,
   "enrl_tot": 0,
   "graded": true,
   "number": "300",
   "owner": null,
   "section": "D100",
   "semester": 5,
   "slug": "2012sp-macm-300-d1-2",
   "subject": "MACM",
   "title": "Formal Languages/Automata",
   "wait_tot": 0
  },
  "model": "coredata.courseoffering",
  "pk": 224
 },
 {
  "fields": {
   "campus": "BRNBY",
   "class_nbr": 8609,
   "component": "LEC",
   "config": "{}",
   "course": 70,
   "crse_id": 4225,
   "enrl_cap": 211,
   "enrl_tot": 211,
   "graded": true,
   "number": "316",
   "owner": 4,
   "section": "D100",
   "semester": 4,
   "slug": "2012sp-macm-316-d1-2",
   "subject": "MACM",
   "title": "Numerical Analysis I",
   "wait_tot": 4
  },
  "model": "coredata.courseoffering",
  "pk": 225
 },
 {
  "fields": {
   "campus": "SURRY",
   "class_nbr": 8627,
   "component": "LEC",
   "config": "{}",
   "course": 70,
   "crse_id": 4225,
   "enrl_cap": 68,
   "enrl_tot": 67,
   "graded": true,
   "number": "316",
   "owner": 4,
   "section": "D200",
   "semester": 5,
   "slug": "2012sp-macm-316-d2-3",
   "subject": "MACM",
   "title": "Numerical Analysis I",
   "wait_tot": 2
  },
  "model": "coredata.courseoffering",
  "pk": 226
 },
 {
  "fields": {
   "end_day": "2012-04-11",
   "end_time": "12:20:00",
   "exam": false,
   "labtut_section": null,
   "meeting_type": "LEC",
   "offering": 9,
   "room": "SUR5380",
   "start_day": "2012-01-05",
   "start_time": "11:30:00",
   "weekday": 0
  },
  "model": "coredata.meetingtime",
  "pk": 8
 },
 {
  "fields": {
   "end_day": "2012-04-16",
   "end_time": "11:30:00",
   "exam": false,
   "labtut_section": null,
   "meeting_type": "EXAM",
   "offering": 9,
   "room": "",
   "start_day": "2012-04-16",
   "start_time": "08:30:00",
   "weekday": 0
  },
  "model": "coredata.meetingtime",
  "pk": 11
 },
 {
  "fields": {
   "end_day": "2012-04-11",
   "end_time": "20:20:00",
   "exam": false,
   "labtut_section": null,
   "meeting_type": "LEC",
   "offering": 11,
   "room": "RCB8100",
   "start_day": "2012-01-05",
   "start_time": "17:30:00",
   "weekday": 0
  },
  "model": "coredata.meetingtime",
  "pk": 14
 },
 {
  "fields": {
   "end_day": "2012-04-23",
   "end_time": "11:30:00",
   "exam": false,
   "labtut_section": null,
   "meeting_type": "EXAM",
   "offering": 13,
   "room": "",
   "start_day": "2012-04-23",
   "start_time": "08:30:00",
   "weekday": 0
  },
  "model": "coredata.meetingtime",
  "pk": 20
 },
 {
  "fields": {
   "end_day": "2012-04-11",
   "end_time": "16:20:00",
   "exam": false,
   "labtut_section": null,
   "meeting_type": "LEC",
   "offering": 35,
   "room": "AQ5037",
   "start_day": "2012-01-05",
   "start_time": "14:30:00",
   "weekday": 0
  },
  "model": "coredata.meetingtime",
  "pk": 21
 },
 {
  "fields": {
   "end_day": "2012-04-11",
   "end_time": "14:20:00",
   "exam": false,
   "labtut_section": null,
   "meeting_type": "LEC",
   "offering": 36,
   "room": "AQ3150",
   "start_day": "2012-01-05",
   "start_time": "12:30:00",
   "weekday": 0
  },
  "model": "coredata.meetingtime",
  "pk": 24
 },
 {
  "fields": {
   "end_day": "2012-04-11",
   "end_time": "16:20:00",
   "exam": false,
   "labtut_section": null,
   "meeting_type": "LEC",
   "offering": 40,
   "room": "SUR5140",
   "start_day": "2012-01-05",
   "start_time": "15:30:00",
   "weekday": 0
  },
  "model": "coredata.meetingtime",
  "pk": 32
 },
 {
  "fields": {
   "end_day": "2012-04-11",
   "end_time": "11:20:00",
   "exam": false,
   "labtut_section": null,
   "meeting_type": "LEC",
   "offering": 41,
   "room": "RCB8100",
   "start_day": "2012-01-05",
   "start_time": "10:30:00",
   "weekday": 0
  },
  "model": "coredata.meetingtime",
  "pk": 36
 },
 {
  "fields": {
   "end_day": "2012-04-11",
   "end_time": "15:20:00",
   "exam": false,
   "labtut_section": null,
   "meeting_type": "LEC",
   "offering": 42,
   "room": "SUR2980",
   "start_day": "2012-01-05",
   "start_time": "14:30:00",
   "weekday": 0
  },
  "model": "coredata.meetingtime",
  "pk": 40
 },
 {
  "fields": {
   "end_day": "2012-04-16",
   "end_time": "18:30:00",
   "exam": false,
   "labtut_section": null,
   "meeting_type": "EXAM",
   "offering": 42,
   "room": "",
   "start_day": "2012-04-16",
   "start_time": "15:30:00",
   "weekday": 0
  },
  "model": "coredata.meetingtime",
  "pk": 43
 },
 {
  "fields": {
   "end_day": "2012-04-11",
   "end_time": "20:20:00",
   "exam": false,
   "labtut_section": null,
   "meeting_type": "LEC",
   "offering": 43,
   "room": "AQ3005",
   "start_day": "2012-01-05",
   "start_time": "17:30:00",
   "weekday": 0
  },
  "model": "coredata.meetingtime",
  "pk": 44
 },
 {
  "fields": {
   "end_day": "2012-04-11",
   "end_time": "12:20:00",
   "exam": false,
   "labtut_section": null,
   "meeting_type": "LEC",
   "offering": 44,
   "room": "AQ3003",
   "start_day": "2012-01-05",
   "start_time": "11:30:00",
   "weekday": 0
  },
  "model": "coredata.meetingtime",
  "pk": 46
 },
 {
  "fields": {
   "end_day": "2012-04-11",
   "end_time": "14:20:00",
   "exam": false,
   "labtut_section": null,
   "meeting_type": "LEC",
   "offering": 47,
   "room": "WMC2220",
   "start_day": "2012-01-05",
   "start_time": "13:30:00",
   "weekday": 0
  },
  "model": "coredata.meetingtime",
  "pk": 54
 },
 {
  "fields": {
   "end_day": "2012-04-23",
   "end_time": "15:00:00",
   "exam": false,
   "labtut_section": null,
   "meeting_type": "EXAM",
   "offering": 47,
   "room": "",
   "start_day": "2012-04-23",
   "start_time": "12:00:00",
   "weekday": 0
  },
  "model": "coredata.meetingtime",
  "pk": 57
 },
 {
  "fields": {
   "end_day": "2012-04-11",
   "end_time": "11:20:00",
   "exam": false,
   "labtut_section": null,
   "meeting_type": "LEC",
   "offering": 49,
   "room": "BLU10011",
   "start_day": "2012-01-05",
   "start_time": "10:30:00",
   "weekday": 0
  },
  "model": "coredata.meetingtime",
  "pk": 60
 },
 {
  "fields": {
   "end_day": "2012-04-16",
   "end_time": "15:00:00",
   "exam": false,
   "labtut_section": null,
   "meeting_type": "EXAM",
   "offering": 50,
   "room": "",
   "start_day": "2012-04-16",
   "start_time": "12:00:00",
   "weekday": 0
  },
  "model": "coredata.meetingtime",
  "pk": 66
 },
 {
  "fields": {
   "end_day": "2012-04-11",
   "end_time": "14:20:00",
   "exam": false,
   "labtut_section": null,
   "meeting_type": "LEC",
   "offering": 54,
   "room": "BLU9660",
   "start_day": "2012-01-05",
   "start_time": "13:30:00",
   "weekday": 0
  },
  "model": "coredata.meetingtime",
  "pk": 75
 },
 {
  "fields": {
   "end_day": "2012-04-23",
   "end_time": "15:00:00",
   "exam": false,
   "labtut_section": null,
   "meeting_type": "EXAM",
   "offering": 54,
   "room": "",
   "start_day": "2012-04-23",
   "start_time": "12:00:00",
   "weekday": 0
  },
  "model": "coredata.meetingtime",
  "pk": 78
 },
 {
  "fields": {
   "end_day": "2012-04-11",
   "end_time": "10:20:00",
   "exam": false,
   "labtut_section": null,
   "meeting_type": "LEC",
   "offering": 55,
   "room": "SUR3250",
   "start_day": "2012-01-05",
   "start_time": "09:30:00",
   "weekday": 0
  },
  "model": "coredata.meetingtime",
  "pk": 84
 },
 {
  "fields": {
   "end_day": "2012-04-11",
   "end_time": "14:20:00",
   "exam": false,
   "labtut_section": null,
   "meeting_type": "LEC",
   "offering": 59,
   "room": "WMC3520",
   "start_day": "2012-01-05",
   "start_time": "13:30:00",
   "weekday": 0
  },
  "model": "coredata.meetingtime",
  "pk": 94
 },
 {
  "fields": {
   "end_day": "2012-04-23",
   "end_time": "15:00:00",
   "exam": false,
   "labtut_section": null,
   "meeting_type": "EXAM",
   "offering": 59,
   "room": "",
   "start_day": "2012-04-23",
   "start_time": "12:00:00",
   "weekday": 0
  },
  "model": "coredata.meetingtime",
  "pk": 97
 },
 {
  "fields": {
   "end_day": "2012-04-11",
   "end_time": "12:20:00",
   "exam": false,
   "labtut_section": null,
   "meeting_type": "LEC",
   "offering": 60,
   "room": "SUR5280",
   "start_day": "2012-01-05",
   "start_time": "11:30:00",
   "weekday": 0
  },
  "model": "coredata.meetingtime",
  "pk": 106
 },
 {
  "fields": {
   "end_day": "2012-04-11",
   "end_time": "11:20:00",
   "exam": false,
   "labtut_section": null,
   "meeting_type": "LEC",
   "offering": 62,
   "room": "C9002",
   "start_day": "2012-01-05",
   "start_time": "10:30:00",
   "weekday": 0
  },
  "model": "coredata.meetingtime",
  "pk": 115
 },
 {
  "fields": {
   "end_day": "2012-04-11",
   "end_time": "10:20:00",
   "exam": false,
   "labtut_section": "D101",
   "meeting_type": "LAB",
   "offering": 62,
   "room": "ASB9838",
   "start_day": "2012-01-05",
   "start_time": "09:30:00",
   "weekday": 0
  },
  "model": "coredata.meetingtime",
  "pk": 119
 },
 {
  "fields": {
   "end_day": "2012-04-11",
   "end_time": "12:20:00",
   "exam": false,
   "labtut_section": "D102",
   "meeting_type": "LAB",
   "offering": 62,
   "room": "ASB9838",
   "start_day": "2012-01-05",
   "start_time": "11:30:00",
   "weekday": 0
  },
  "model": "coredata.meetingtime",
  "pk": 120
 },
 {
  "fields": {
   "end_day": "2012-04-11",
   "end_time": "13:20:00",
   "exam": false,
   "labtut_section": "D103",
   "meeting_type": "LAB",
   "offering": 62,
   "room": "ASB9838",
   "start_day": "2012-01-05",
   "start_time": "12:30:00",
   "weekday": 0
  },
  "model": "coredata.meetingtime",
  "pk": 121
 },
 {
  "fields": {
   "end_day": "2012-04-11",
   "end_time": "14:20:00",
   "exam": false,
   "labtut_section": "D104",
   "meeting_type": "LAB",
   "offering": 62,
   "room": "ASB9838",
   "start_day": "2012-01-05",
   "start_time": "13:30:00",
   "weekday": 0
  },
  "model": "coredata.meetingtime",
  "pk": 122
 },
 {
  "fields": {
   "end_day": "2012-04-11",
   "end_time": "15:20:00",
   "exam": false,
   "labtut_section": "D105",
   "meeting_type": "LAB",
   "offering": 62,
   "room": "ASB9838",
   "start_day": "2012-01-05",
   "start_time": "14:30:00",
   "weekday": 0
  },
  "model": "coredata.meetingtime",
  "pk": 123
 },
 {
  "fields": {
   "end_day": "2012-04-11",
   "end_time": "16:20:00",
   "exam": false,
   "labtut_section": "D106",
   "meeting_type": "LAB",
   "offering": 62,
   "room": "ASB9838",
   "start_day": "2012-01-05",
   "start_time": "15:30:00",
   "weekday": 0
  },
  "model": "coredata.meetingtime",
  "pk": 124
 },
 {
  "fields": {
   "end_day": "2012-04-11",
   "end_time": "10:20:00",
   "exam": false,
   "labtut_section": null,
   "meeting_type": "LEC",
   "offering": 63,
   "room": "SUR3090",
   "start_day": "2012-01-05",
   "start_time": "09:30:00",
   "weekday": 0
  },
  "model": "coredata.meetingtime",
  "pk": 125
 },
 {
  "fields": {
   "end_day": "2012-04-11",
   "end_time": "20:20:00",
   "exam": false,
   "labtut_section": null,
   "meeting_type": "LEC",
   "offering": 65,
   "room": "HCC1505",
   "start_day": "2012-01-05",
   "start_time": "17:30:00",
   "weekday": 0
  },
  "model": "coredata.meetingtime",
  "pk": 129
 },
 {
  "fields": {
   "end_day": "2012-04-11",
   "end_time": "16:20:00",
   "exam": false,
   "labtut_section": "E201",
   "meeting_type": "LAB",
   "offering": 65,
   "room": "HCC7050",
   "start_day": "2012-01-05",
   "start_time": "15:30:00",
   "weekday": 0
  },
  "model": "coredata.meetingtime",
  "pk": 131
 },
 {
  "fields": {
   "end_day": "2012-04-11",
   "end_time": "17:20:00",
   "exam": false,
   "labtut_section": "E202",
   "meeting_type": "LAB",
   "offering": 65,
   "room": "HCC7050",
   "start_day": "2012-01-05",
   "start_time": "16:30:00",
   "weekday": 0
  },
  "model": "coredata.meetingtime",
  "pk": 132
 },
 {
  "fields": {
   "end_day": "2012-04-16",
   "end_time": "18:30:00",
   "exam": false,
   "labtut_section": null,
   "meeting_type": "EXAM",
   "offering": 66,
   "room": "",
   "start_day": "2012-04-16",
   "start_time": "15:30:00",
   "weekday": 0
  },
  "model": "coredata.meetingtime",
  "pk": 133
 },
 {
  "fields": {
   "end_day": "2012-04-11",
   "end_time": "13:20:00",
   "exam": false,
   "labtut_section": null,
   "meeting_type": "LEC",
   "offering": 67,
   "room": "AQ5016",
   "start_day": "2012-01-05",
   "start_time": "12:30:00",
   "weekday": 0
  },
  "model": "coredata.meetingtime",
  "pk": 135
 },
 {
  "fields": {
   "end_day": "2012-04-11",
   "end_time": "16:20:00",
   "exam": false,
   "labtut_section": null,
   "meeting_type": "LEC",
   "offering": 68,
   "room": "AQ5038",
   "start_day": "2012-01-05",
   "start_time": "14:30:00",
   "weekday": 0
  },
  "model": "coredata.meetingtime",
  "pk": 139
 },
 {
  "fields": {
   "end_day": "2012-04-11",
   "end_time": "14:20:00",
   "exam": false,
   "labtut_section": null,
   "meeting_type": "LEC",
   "offering": 70,
   "room": "SUR5060",
   "start_day": "2012-01-05",
   "start_time": "13:30:00",
   "weekday": 0
  },
  "model": "coredata.meetingtime",
  "pk": 143
 },
 {
  "fields": {
   "end_day": "2012-04-11",
   "end_time": "14:20:00",
   "exam": false,
   "labtut_section": null,
   "meeting_type": "LEC",
   "offering": 74,
   "room": "AQ3150",
   "start_day": "2012-01-05",
   "start_time": "12:30:00",
   "weekday": 0
  },
  "model": "coredata.meetingtime",
  "pk": 152
 },
 {
  "fields": {
   "end_day": "2012-04-11",
   "end_time": "12:20:00",
   "exam": false,
   "labtut_section": null,
   "meeting_type": "LEC",
   "offering": 76,
   "room": "BLU10031",
   "start_day": "2012-01-05",
   "start_time": "09:30:00",
   "weekday": 0
  },
  "model": "coredata.meetingtime",
  "pk": 154
 },
 {
  "fields": {
   "end_day": "2012-04-11",
   "end_time": "12:20:00",
   "exam": false,
   "labtut_section": null,
   "meeting_type": "LEC",
   "offering": 77,
   "room": "C9002",
   "start_day": "2012-01-05",
   "start_time": "11:30:00",
   "weekday": 0
  },
  "model": "coredata.meetingtime",
  "pk": 155
 },
 {
  "fields": {
   "end_day": "2012-04-11",
   "end_time": "11:20:00",
   "exam": false,
   "labtut_section": null,
   "meeting_type": "LEC",
   "offering": 78,
   "room": "SUR5280",
   "start_day": "2012-01-05",
   "start_time": "10:30:00",
   "weekday": 0
  },
  "model": "coredata.meetingtime",
  "pk": 159
 },
 {
  "fields": {
   "end_day": "2012-04-16",
   "end_time": "18:30:00",
   "exam": false,
   "labtut_section": null,
   "meeting_type": "EXAM",
   "offering": 79,
   "room": "",
   "start_day": "2012-04-16",
   "start_time": "15:30:00",
   "weekday": 0
  },
  "model": "coredata.meetingtime",
  "pk": 171
 },
 {
  "fields": {
   "end_day": "2012-04-11",
   "end_time": "11:20:00",
   "exam": false,
   "labtut_section": null,
   "meeting_type": "LEC",
   "offering": 80,
   "room": "SUR3090",
   "start_day": "2012-01-05",
   "start_time": "10:30:00",
   "weekday": 0
  },
  "model": "coredata.meetingtime",
  "pk": 178
 },
 {
  "fields": {
   "end_day": "2012-04-11",
   "end_time": "12:20:00",
   "exam": false,
   "labtut_section": "D201",
   "meeting_type": "LAB",
   "offering": 80,
   "room": "SUR4080",
   "start_day": "2012-01-05",
   "start_time": "11:30:00",
   "weekday": 0
  },
  "model": "coredata.meetingtime",
  "pk": 182
 },
 {
  "fields": {
   "end_day": "2012-04-11",
   "end_time": "13:20:00",
   "exam": false,
   "labtut_section": "D202",
   "meeting_type": "LAB",
   "offering": 80,
   "room": "SUR4080",
   "start_day": "2012-01-05",
   "start_time": "12:30:00",
   "weekday": 0
  },
  "model": "coredata.meetingtime",
  "pk": 183
 },
 {
  "fields": {
   "end_day": "2012-04-11",
   "end_time": "15:20:00",
   "exam": false,
   "labtut_section": "D204",
   "meeting_type": "LAB",
   "offering": 80,
   "room": "SUR4080",
   "start_day": "2012-01-05",
   "start_time": "14:30:00",
   "weekday": 0
  },
  "model": "coredata.meetingtime",
  "pk": 184
 },
 {
  "fields": {
   "end_day": "2012-04-11",
   "end_time": "11:20:00",
   "exam": false,
   "labtut_section": null,
   "meeting_type": "LEC",
   "offering": 81,
   "room": "SUR5280",
   "start_day": "2012-01-05",
   "start_time": "10:30:00",
   "weekday": 0
  },
  "model": "coredata.meetingtime",
  "pk": 185
 },
 {
  "fields": {
   "end_day": "2012-04-11",
   "end_time": "16:20:00",
   "exam": false,
   "labtut_section": null,
   "meeting_type": "LEC",
   "offering": 82,
   "room": "AQ3153",
   "start_day": "2012-01-05",
   "start_time": "14:30:00",
   "weekday": 0
  },
  "model": "coredata.meetingtime",
  "pk": 195
 },
 {
  "fields": {
   "end_day": "2012-04-16",
   "end_time": "22:00:00",
   "exam": false,
   "labtut_section": null,
   "meeting_type": "EXAM",
   "offering": 84,
   "room": "",
   "start_day": "2012-04-16",
   "start_time": "19:00:00",
   "weekday": 0
  },
  "model": "coredata.meetingtime",
  "pk": 204
 },
 {
  "fields": {
   "end_day": "2012-04-11",
   "end_time": "13:20:00",
   "exam": false,
   "labtut_section": null,
   "meeting_type": "LEC",
   "offering": 86,
   "room": "WMC2220",
   "start_day": "2012-01-05",
   "start_time": "12:30:00",
   "weekday": 0
  },
  "model": "coredata.meetingtime",
  "pk": 208
 },
 {
  "fields": {
   "end_day": "2012-04-11",
   "end_time": "16:20:00",
   "exam": false,
   "labtut_section": null,
   "meeting_type": "LEC",
   "offering": 87,
   "room": "AQ5016",
   "start_day": "2012-01-05",
   "start_time": "15:30:00",
   "weekday": 0
  },
  "model": "coredata.meetingtime",
  "pk": 212
 },
 {
  "fields": {
   "end_day": "2012-04-11",
   "end_time": "12:20:00",
   "exam": false,
   "labtut_section": null,
   "meeting_type": "LEC",
   "offering": 90,
   "room": "SUR5380",
   "start_day": "2012-01-05",
   "start_time": "11:30:00",
   "weekday": 0
  },
  "model": "coredata.meetingtime",
  "pk": 220
 },
 {
  "fields": {
   "end_day": "2012-04-16",
   "end_time": "11:30:00",
   "exam": false,
   "labtut_section": null,
   "meeting_type": "EXAM",
   "offering": 90,
   "room": "",
   "start_day": "2012-04-16",
   "start_time": "08:30:00",
   "weekday": 0
  },
  "model": "coredata.meetingtime",
  "pk": 223
 },
 {
  "fields": {
   "end_day": "2012-04-11",
   "end_time": "13:20:00",
   "exam": false,
   "labtut_section": null,
   "meeting_type": "LEC",
   "offering": 93,
   "room": "SUR3240",
   "start_day": "2012-01-05",
   "start_time": "12:30:00",
   "weekday": 0
  },
  "model": "coredata.meetingtime",
  "pk": 224
 },
 {
  "fields": {
   "end_day": "2012-04-16",
   "end_time": "15:00:00",
   "exam": false,
   "labtut_section": null,
   "meeting_type": "EXAM",
   "offering": 95,
   "room": "",
   "start_day": "2012-04-16",
   "start_time": "12:00:00",
   "weekday": 0
  },
  "model": "coredata.meetingtime",
  "pk": 233
 },
 {
  "fields": {
   "end_day": "2012-04-11",
   "end_time": "10:20:00",
   "exam": false,
   "labtut_section": null,
   "meeting_type": "LEC",
   "offering": 97,
   "room": "SUR3240",
   "start_day": "2012-01-05",
   "start_time": "09:30:00",
   "weekday": 0
  },
  "model": "coredata.meetingtime",
  "pk": 237
 },
 {
  "fields": {
   "end_day": "2012-04-11",
   "end_time": "14:20:00",
   "exam": false,
   "labtut_section": null,
   "meeting_type": "LEC",
   "offering": 99,
   "room": "WMC2268",
   "start_day": "2012-01-05",
   "start_time": "13:30:00",
   "weekday": 0
  },
  "model": "coredata.meetingtime",
  "pk": 241
 },
 {
  "fields": {
   "end_day": "2012-04-11",
   "end_time": "12:20:00",
   "exam": false,
   "labtut_section": null,
   "meeting_type": "LEC",
   "offering": 100,
   "room": "AQ5046",
   "start_day": "2012-01-05",
   "start_time": "11:30:00",
   "weekday": 0
  },
  "model": "coredata.meetingtime",
  "pk": 244
 },
 {
  "fields": {
   "end_day": "2012-04-11",
   "end_time": "13:20:00",
   "exam": false,
   "labtut_section": null,
   "meeting_type": "LEC",
   "offering": 101,
   "room": "SUR2600",
   "start_day": "2012-01-05",
   "start_time": "12:30:00",
   "weekday": 0
  },
  "model": "coredata.meetingtime",
  "pk": 247
 },
 {
  "fields": {
   "end_day": "2012-04-11",
   "end_time": "14:20:00",
   "exam": false,
   "labtut_section": "D101",
   "meeting_type": "LAB",
   "offering": 101,
   "room": "SUR4050",
   "start_day": "2012-01-05",
   "start_time": "13:30:00",
   "weekday": 0
  },
  "model": "coredata.meetingtime",
  "pk": 251
 },
 {
  "fields": {
   "end_day": "2012-04-11",
   "end_time": "15:20:00",
   "exam": false,
   "labtut_section": "D102",
   "meeting_type": "LAB",
   "offering": 101,
   "room": "SUR4050",
   "start_day": "2012-01-05",
   "start_time": "14:30:00",
   "weekday": 0
  },
  "model": "coredata.meetingtime",
  "pk": 252
 },
 {
  "fields": {
   "end_day": "2012-04-11",
   "end_time": "16:20:00",
   "exam": false,
   "labtut_section": "D103",
   "meeting_type": "LAB",
   "offering": 101,
   "room": "SUR4050",
   "start_day": "2012-01-05",
   "start_time": "15:30:00",
   "weekday": 0
  },
  "model": "coredata.meetingtime",
  "pk": 253
 },
 {
  "fields": {
   "end_day": "2012-04-11",
   "end_time": "10:20:00",
   "exam": false,
   "labtut_section": null,
   "meeting_type": "LEC",
   "offering": 109,
   "room": "AQ3153",
   "start_day": "2012-01-05",
   "start_time": "09:30:00",
   "weekday": 0
  },
  "model": "coredata.meetingtime",
  "pk": 254
 },
 {
  "fields": {
   "end_day": "2012-04-11",
   "end_time": "14:20:00",
   "exam": false,
   "labtut_section": null,
   "meeting_type": "LEC",
   "offering": 110,
   "room": "AQ3153",
   "start_day": "2012-01-05",
   "start_time": "13:30:00",
   "weekday": 0
  },
  "model": "coredata.meetingtime",
  "pk": 258
 },
 {
  "fields": {
   "end_day": "2012-04-11",
   "end_time": "15:20:00",
   "exam": false,
   "labtut_section": null,
   "meeting_type": "LEC",
   "offering": 111,
   "room": "SUR5140",
   "start_day": "2012-01-05",
   "start_time": "14:30:00",
   "weekday": 0
  },
  "model": "coredata.meetingtime",
  "pk": 262
 },
 {
  "fields": {
   "end_day": "2012-04-16",
   "end_time": "18:30:00",
   "exam": false,
   "labtut_section": null,
   "meeting_type": "EXAM",
   "offering": 111,
   "room": "",
   "start_day": "2012-04-16",
   "start_time": "15:30:00",
   "weekday": 0
  },
  "model": "coredata.meetingtime",
  "pk": 265
 },
 {
  "fields": {
   "end_day": "2012-04-11",
   "end_time": "11:20:00",
   "exam": false,
   "labtut_section": null,
   "meeting_type": "LEC",
   "offering": 6,
   "room": "AQ5038",
   "start_day": "2012-01-05",
   "start_time": "10:30:00",
   "weekday": 1
  },
  "model": "coredata.meetingtime",
  "pk": 1
 },
 {
  "fields": {
   "end_day": "2012-04-11",
   "end_time": "16:20:00",
   "exam": false,
   "labtut_section": null,
   "meeting_type": "LEC",
   "offering": 7,
   "room": "WMC2268",
   "start_day": "2012-01-05",
   "start_time": "14:30:00",
   "weekday": 1
  },
  "model": "coredata.meetingtime",
  "pk": 3
 },
 {
  "fields": {
   "end_day": "2012-04-11",
   "end_time": "17:20:00",
   "exam": false,
   "labtut_section": null,
   "meeting_type": "LEC",
   "offering": 8,
   "room": "BLU10021",
   "start_day": "2012-01-05",
   "start_time": "16:30:00",
   "weekday": 1
  },
  "model": "coredata.meetingtime",
  "pk": 5
 },
 {
  "fields": {
   "end_day": "2012-04-11",
   "end_time": "20:20:00",
   "exam": false,
   "labtut_section": null,
   "meeting_type": "LEC",
   "offering": 10,
   "room": "HCC1800",
   "start_day": "2012-01-05",
   "start_time": "17:30:00",
   "weekday": 1
  },
  "model": "coredata.meetingtime",
  "pk": 12
 },
 {
  "fields": {
   "end_day": "2012-04-11",
   "end_time": "13:20:00",
   "exam": false,
   "labtut_section": null,
   "meeting_type": "LEC",
   "offering": 13,
   "room": "BLU10021",
   "start_day": "2012-01-05",
   "start_time": "11:30:00",
   "weekday": 1
  },
  "model": "coredata.meetingtime",
  "pk": 18
 },
 {
  "fields": {
   "end_day": "2012-04-11",
   "end_time": "16:20:00",
   "exam": false,
   "labtut_section": null,
   "meeting_type": "LEC",
   "offering": 37,
   "room": "SUR3120",
   "start_day": "2012-01-05",
   "start_time": "14:30:00",
   "weekday": 1
  },
  "model": "coredata.meetingtime",
  "pk": 27
 },
 {
  "fields": {
   "end_day": "2012-04-17",
   "end_time": "18:30:00",
   "exam": false,
   "labtut_section": null,
   "meeting_type": "EXAM",
   "offering": 37,
   "room": "",
   "start_day": "2012-04-17",
   "start_time": "15:30:00",
   "weekday": 1
  },
  "model": "coredata.meetingtime",
  "pk": 29
 },
 {
  "fields": {
   "end_day": "2012-04-11",
   "end_time": "20:20:00",
   "exam": false,
   "labtut_section": null,
   "meeting_type": "LEC",
   "offering": 45,
   "room": "AQ3003",
   "start_day": "2012-01-05",
   "start_time": "17:30:00",
   "weekday": 1
  },
  "model": "coredata.meetingtime",
  "pk": 50
 },
 {
  "fields": {
   "end_day": "2012-04-17",
   "end_time": "22:00:00",
   "exam": false,
   "labtut_section": null,
   "meeting_type": "EXAM",
   "offering": 46,
   "room": "",
   "start_day": "2012-04-17",
   "start_time": "19:00:00",
   "weekday": 1
  },
  "model": "coredata.meetingtime",
  "pk": 53
 },
 {
  "fields": {
   "end_day": "2012-04-11",
   "end_time": "11:20:00",
   "exam": false,
   "labtut_section": null,
   "meeting_type": "LEC",
   "offering": 50,
   "room": "AQ3159",
   "start_day": "2012-01-05",
   "start_time": "10:30:00",
   "weekday": 1
  },
  "model": "coredata.meetingtime",
  "pk": 64
 },
 {
  "fields": {
   "end_day": "2012-04-11",
   "end_time": "16:20:00",
   "exam": false,
   "labtut_section": null,
   "meeting_type": "LEC",
   "offering": 51,
   "room": "AQ3159",
   "start_day": "2012-01-05",
   "start_time": "14:30:00",
   "weekday": 1
  },
  "model": "coredata.meetingtime",
  "pk": 67
 },
 {
  "fields": {
   "end_day": "2012-04-17",
   "end_time": "18:30:00",
   "exam": false,
   "labtut_section": null,
   "meeting_type": "EXAM",
   "offering": 51,
   "room": "",
   "start_day": "2012-04-17",
   "start_time": "15:30:00",
   "weekday": 1
  },
  "model": "coredata.meetingtime",
  "pk": 69
 },
 {
  "fields": {
   "end_day": "2012-04-11",
   "end_time": "14:20:00",
   "exam": false,
   "labtut_section": null,
   "meeting_type": "LEC",
   "offering": 52,
   "room": "SUR5100",
   "start_day": "2012-01-05",
   "start_time": "13:30:00",
   "weekday": 1
  },
  "model": "coredata.meetingtime",
  "pk": 70
 },
 {
  "fields": {
   "end_day": "2012-04-17",
   "end_time": "15:00:00",
   "exam": false,
   "labtut_section": null,
   "meeting_type": "EXAM",
   "offering": 52,
   "room": "",
   "start_day": "2012-04-17",
   "start_time": "12:00:00",
   "weekday": 1
  },
  "model": "coredata.meetingtime",
  "pk": 72
 },
 {
  "fields": {
   "end_day": "2012-04-17",
   "end_time": "15:00:00",
   "exam": false,
   "labtut_section": null,
   "meeting_type": "LEC",
   "offering": 56,
   "room": "",
   "start_day": "2012-04-17",
   "start_time": "12:00:00",
   "weekday": 1
  },
  "model": "coredata.meetingtime",
  "pk": 88
 },
 {
  "fields": {
   "end_day": "2012-04-17",
   "end_time": "15:00:00",
   "exam": false,
   "labtut_section": null,
   "meeting_type": "LEC",
   "offering": 57,
   "room": "",
   "start_day": "2012-04-17",
   "start_time": "12:00:00",
   "weekday": 1
  },
  "model": "coredata.meetingtime",
  "pk": 90
 },
 {
  "fields": {
   "end_day": "2012-04-17",
   "end_time": "15:00:00",
   "exam": false,
   "labtut_section": null,
   "meeting_type": "LEC",
   "offering": 58,
   "room": "",
   "start_day": "2012-04-17",
   "start_time": "12:00:00",
   "weekday": 1
  },
  "model": "coredata.meetingtime",
  "pk": 92
 },
 {
  "fields": {
   "end_day": "2012-04-11",
   "end_time": "13:20:00",
   "exam": false,
   "labtut_section": "D101",
   "meeting_type": "LAB",
   "offering": 59,
   "room": "ASB9838",
   "start_day": "2012-01-05",
   "start_time": "12:30:00",
   "weekday": 1
  },
  "model": "coredata.meetingtime",
  "pk": 98
 },
 {
  "fields": {
   "end_day": "2012-04-11",
   "end_time": "14:20:00",
   "exam": false,
   "labtut_section": "D102",
   "meeting_type": "LAB",
   "offering": 59,
   "room": "ASB9838",
   "start_day": "2012-01-05",
   "start_time": "13:30:00",
   "weekday": 1
  },
  "model": "coredata.meetingtime",
  "pk": 99
 },
 {
  "fields": {
   "end_day": "2012-04-11",
   "end_time": "15:20:00",
   "exam": false,
   "labtut_section": "D103",
   "meeting_type": "LAB",
   "offering": 59,
   "room": "ASB9838",
   "start_day": "2012-01-05",
   "start_time": "14:30:00",
   "weekday": 1
  },
  "model": "coredata.meetingtime",
  "pk": 100
 },
 {
  "fields": {
   "end_day": "2012-04-11",
   "end_time": "16:20:00",
   "exam": false,
   "labtut_section": "D104",
   "meeting_type": "LAB",
   "offering": 59,
   "room": "ASB9838",
   "start_day": "2012-01-05",
   "start_time": "15:30:00",
   "weekday": 1
  },
  "model": "coredata.meetingtime",
  "pk": 101
 },
 {
  "fields": {
   "end_day": "2012-04-11",
   "end_time": "14:20:00",
   "exam": false,
   "labtut_section": null,
   "meeting_type": "LEC",
   "offering": 69,
   "room": "AQ5017",
   "start_day": "2012-01-05",
   "start_time": "13:30:00",
   "weekday": 1
  },
  "model": "coredata.meetingtime",
  "pk": 141
 },
 {
  "fields": {
   "end_day": "2012-04-11",
   "end_time": "17:20:00",
   "exam": false,
   "labtut_section": null,
   "meeting_type": "LEC",
   "offering": 71,
   "room": "WMC2200",
   "start_day": "2012-01-05",
   "start_time": "16:30:00",
   "weekday": 1
  },
  "model": "coredata.meetingtime",
  "pk": 146
 },
 {
  "fields": {
   "end_day": "2012-04-11",
   "end_time": "13:20:00",
   "exam": false,
   "labtut_section": null,
   "meeting_type": "LEC",
   "offering": 73,
   "room": "WMC3253",
   "start_day": "2012-01-05",
   "start_time": "11:30:00",
   "weekday": 1
  },
  "model": "coredata.meetingtime",
  "pk": 150
 },
 {
  "fields": {
   "end_day": "2012-04-11",
   "end_time": "10:20:00",
   "exam": false,
   "labtut_section": "D101",
   "meeting_type": "LAB",
   "offering": 82,
   "room": "ASB9838",
   "start_day": "2012-01-05",
   "start_time": "09:30:00",
   "weekday": 1
  },
  "model": "coredata.meetingtime",
  "pk": 198
 },
 {
  "fields": {
   "end_day": "2012-04-11",
   "end_time": "11:20:00",
   "exam": false,
   "labtut_section": "D102",
   "meeting_type": "LAB",
   "offering": 82,
   "room": "ASB9838",
   "start_day": "2012-01-05",
   "start_time": "10:30:00",
   "weekday": 1
  },
  "model": "coredata.meetingtime",
  "pk": 199
 },
 {
  "fields": {
   "end_day": "2012-04-11",
   "end_time": "12:20:00",
   "exam": false,
   "labtut_section": "D103",
   "meeting_type": "LAB",
   "offering": 82,
   "room": "ASB9838",
   "start_day": "2012-01-05",
   "start_time": "11:30:00",
   "weekday": 1
  },
  "model": "coredata.meetingtime",
  "pk": 200
 },
 {
  "fields": {
   "end_day": "2012-04-11",
   "end_time": "13:20:00",
   "exam": false,
   "labtut_section": "D104",
   "meeting_type": "LAB",
   "offering": 82,
   "room": "ASB9838",
   "start_day": "2012-01-05",
   "start_time": "12:30:00",
   "weekday": 1
  },
  "model": "coredata.meetingtime",
  "pk": 201
 },
 {
  "fields": {
   "end_day": "2012-04-11",
   "end_time": "14:20:00",
   "exam": false,
   "labtut_section": "D105",
   "meeting_type": "LAB",
   "offering": 82,
   "room": "ASB9838",
   "start_day": "2012-01-05",
   "start_time": "13:30:00",
   "weekday": 1
  },
  "model": "coredata.meetingtime",
  "pk": 202
 },
 {
  "fields": {
   "end_day": "2012-04-11",
   "end_time": "17:20:00",
   "exam": false,
   "labtut_section": "E201",
   "meeting_type": "LAB",
   "offering": 84,
   "room": "HCC7050",
   "start_day": "2012-01-05",
   "start_time": "16:30:00",
   "weekday": 1
  },
  "model": "coredata.meetingtime",
  "pk": 205
 },
 {
  "fields": {
   "end_day": "2012-04-11",
   "end_time": "18:20:00",
   "exam": false,
   "labtut_section": "E202",
   "meeting_type": "LAB",
   "offering": 84,
   "room": "HCC7050",
   "start_day": "2012-01-05",
   "start_time": "17:30:00",
   "weekday": 1
  },
  "model": "coredata.meetingtime",
  "pk": 206
 },
 {
  "fields": {
   "end_day": "2012-04-11",
   "end_time": "20:20:00",
   "exam": false,
   "labtut_section": null,
   "meeting_type": "LEC",
   "offering": 88,
   "room": "BLU10011",
   "start_day": "2012-01-05",
   "start_time": "17:30:00",
   "weekday": 1
  },
  "model": "coredata.meetingtime",
  "pk": 216
 },
 {
  "fields": {
   "end_day": "2012-04-11",
   "end_time": "20:20:00",
   "exam": false,
   "labtut_section": null,
   "meeting_type": "LEC",
   "offering": 89,
   "room": "BLU10011",
   "start_day": "2012-01-05",
   "start_time": "17:30:00",
   "weekday": 1
  },
  "model": "coredata.meetingtime",
  "pk": 218
 },
 {
  "fields": {
   "end_day": "2012-04-11",
   "end_time": "17:20:00",
   "exam": false,
   "labtut_section": null,
   "meeting_type": "LEC",
   "offering": 94,
   "room": "SUR3170",
   "start_day": "2012-01-05",
   "start_time": "16:30:00",
   "weekday": 1
  },
  "model": "coredata.meetingtime",
  "pk": 228
 },
 {
  "fields": {
   "end_day": "2012-04-11",
   "end_time": "11:20:00",
   "exam": false,
   "labtut_section": null,
   "meeting_type": "LEC",
   "offering": 95,
   "room": "SWH10051",
   "start_day": "2012-01-05",
   "start_time": "10:30:00",
   "weekday": 1
  },
  "model": "coredata.meetingtime",
  "pk": 231
 },
 {
  "fields": {
   "end_day": "2012-04-11",
   "end_time": "16:20:00",
   "exam": false,
   "labtut_section": null,
   "meeting_type": "LEC",
   "offering": 96,
   "room": "BLU10011",
   "start_day": "2012-01-05",
   "start_time": "14:30:00",
   "weekday": 1
  },
  "model": "coredata.meetingtime",
  "pk": 234
 },
 {
  "fields": {
   "end_day": "2012-04-17",
   "end_time": "18:30:00",
   "exam": false,
   "labtut_section": null,
   "meeting_type": "EXAM",
   "offering": 96,
   "room": "",
   "start_day": "2012-04-17",
   "start_time": "15:30:00",
   "weekday": 1
  },
  "model": "coredata.meetingtime",
  "pk": 236
 },
 {
  "fields": {
   "end_day": "2012-04-11",
   "end_time": "13:20:00",
   "exam": false,
   "labtut_section": "D301",
   "meeting_type": "LAB",
   "offering": 111,
   "room": "SUR5080",
   "start_day": "2012-01-05",
   "start_time": "12:30:00",
   "weekday": 1
  },
  "model": "coredata.meetingtime",
  "pk": 266
 },
 {
  "fields": {
   "end_day": "2012-04-11",
   "end_time": "14:20:00",
   "exam": false,
   "labtut_section": "D302",
   "meeting_type": "LAB",
   "offering": 111,
   "room": "SUR5060",
   "start_day": "2012-01-05",
   "start_time": "13:30:00",
   "weekday": 1
  },
  "model": "coredata.meetingtime",
  "pk": 267
 },
 {
  "fields": {
   "end_day": "2012-04-11",
   "end_time": "15:20:00",
   "exam": false,
   "labtut_section": "D303",
   "meeting_type": "LAB",
   "offering": 111,
   "room": "SUR3010",
   "start_day": "2012-01-05",
   "start_time": "14:30:00",
   "weekday": 1
  },
  "model": "coredata.meetingtime",
  "pk": 268
 },
 {
  "fields": {
   "end_day": "2012-04-11",
   "end_time": "16:20:00",
   "exam": false,
   "labtut_section": "D304",
   "meeting_type": "LAB",
   "offering": 111,
   "room": "SUR3290",
   "start_day": "2012-01-05",
   "start_time": "15:30:00",
   "weekday": 1
  },
  "model": "coredata.meetingtime",
  "pk": 269
 },
 {
  "fields": {
   "end_day": "2012-04-11",
   "end_time": "12:20:00",
   "exam": false,
   "labtut_section": null,
   "meeting_type": "LEC",
   "offering": 9,
   "room": "SUR5380",
   "start_day": "2012-01-05",
   "start_time": "11:30:00",
   "weekday": 2
  },
  "model": "coredata.meetingtime",
  "pk": 9
 },
 {
  "fields": {
   "end_day": "2012-04-11",
   "end_time": "15:20:00",
   "exam": false,
   "labtut_section": null,
   "meeting_type": "LEC",
   "offering": 35,
   "room": "AQ5037",
   "start_day": "2012-01-05",
   "start_time": "14:30:00",
   "weekday": 2
  },
  "model": "coredata.meetingtime",
  "pk": 22
 },
 {
  "fields": {
   "end_day": "2012-04-18",
   "end_time": "15:00:00",
   "exam": false,
   "labtut_section": null,
   "meeting_type": "EXAM",
   "offering": 35,
   "room": "",
   "start_day": "2012-04-18",
   "start_time": "12:00:00",
   "weekday": 2
  },
  "model": "coredata.meetingtime",
  "pk": 23
 },
 {
  "fields": {
   "end_day": "2012-04-11",
   "end_time": "13:20:00",
   "exam": false,
   "labtut_section": null,
   "meeting_type": "LEC",
   "offering": 36,
   "room": "BLU10021",
   "start_day": "2012-01-05",
   "start_time": "12:30:00",
   "weekday": 2
  },
  "model": "coredata.meetingtime",
  "pk": 25
 },
 {
  "fields": {
   "end_day": "2012-04-11",
   "end_time": "16:20:00",
   "exam": false,
   "labtut_section": null,
   "meeting_type": "LEC",
   "offering": 40,
   "room": "SUR5140",
   "start_day": "2012-01-05",
   "start_time": "15:30:00",
   "weekday": 2
  },
  "model": "coredata.meetingtime",
  "pk": 33
 },
 {
  "fields": {
   "end_day": "2012-04-11",
   "end_time": "11:20:00",
   "exam": false,
   "labtut_section": null,
   "meeting_type": "LEC",
   "offering": 41,
   "room": "RCB8100",
   "start_day": "2012-01-05",
   "start_time": "10:30:00",
   "weekday": 2
  },
  "model": "coredata.meetingtime",
  "pk": 37
 },
 {
  "fields": {
   "end_day": "2012-04-11",
   "end_time": "15:20:00",
   "exam": false,
   "labtut_section": null,
   "meeting_type": "LEC",
   "offering": 42,
   "room": "SUR2980",
   "start_day": "2012-01-05",
   "start_time": "14:30:00",
   "weekday": 2
  },
  "model": "coredata.meetingtime",
  "pk": 41
 },
 {
  "fields": {
   "end_day": "2012-04-11",
   "end_time": "12:20:00",
   "exam": false,
   "labtut_section": null,
   "meeting_type": "LEC",
   "offering": 44,
   "room": "AQ3003",
   "start_day": "2012-01-05",
   "start_time": "11:30:00",
   "weekday": 2
  },
  "model": "coredata.meetingtime",
  "pk": 47
 },
 {
  "fields": {
   "end_day": "2012-04-11",
   "end_time": "20:20:00",
   "exam": false,
   "labtut_section": null,
   "meeting_type": "LEC",
   "offering": 46,
   "room": "RCB8100",
   "start_day": "2012-01-05",
   "start_time": "17:30:00",
   "weekday": 2
  },
  "model": "coredata.meetingtime",
  "pk": 52
 },
 {
  "fields": {
   "end_day": "2012-04-11",
   "end_time": "14:20:00",
   "exam": false,
   "labtut_section": null,
   "meeting_type": "LEC",
   "offering": 47,
   "room": "WMC2220",
   "start_day": "2012-01-05",
   "start_time": "13:30:00",
   "weekday": 2
  },
  "model": "coredata.meetingtime",
  "pk": 55
 },
 {
  "fields": {
   "end_day": "2012-04-11",
   "end_time": "11:20:00",
   "exam": false,
   "labtut_section": null,
   "meeting_type": "LEC",
   "offering": 49,
   "room": "BLU10011",
   "start_day": "2012-01-05",
   "start_time": "10:30:00",
   "weekday": 2
  },
  "model": "coredata.meetingtime",
  "pk": 61
 },
 {
  "fields": {
   "end_day": "2012-04-11",
   "end_time": "14:20:00",
   "exam": false,
   "labtut_section": null,
   "meeting_type": "LEC",
   "offering": 54,
   "room": "BLU9660",
   "start_day": "2012-01-05",
   "start_time": "13:30:00",
   "weekday": 2
  },
  "model": "coredata.meetingtime",
  "pk": 76
 },
 {
  "fields": {
   "end_day": "2012-04-11",
   "end_time": "10:20:00",
   "exam": false,
   "labtut_section": null,
   "meeting_type": "LEC",
   "offering": 55,
   "room": "SUR3250",
   "start_day": "2012-01-05",
   "start_time": "09:30:00",
   "weekday": 2
  },
  "model": "coredata.meetingtime",
  "pk": 85
 },
 {
  "fields": {
   "end_day": "2012-02-29",
   "end_time": "19:50:00",
   "exam": false,
   "labtut_section": null,
   "meeting_type": "MIDT",
   "offering": 56,
   "room": "",
   "start_day": "2012-02-29",
   "start_time": "19:00:00",
   "weekday": 2
  },
  "model": "coredata.meetingtime",
  "pk": 89
 },
 {
  "fields": {
   "end_day": "2012-02-29",
   "end_time": "19:50:00",
   "exam": false,
   "labtut_section": null,
   "meeting_type": "MIDT",
   "offering": 57,
   "room": "",
   "start_day": "2012-02-29",
   "start_time": "19:00:00",
   "weekday": 2
  },
  "model": "coredata.meetingtime",
  "pk": 91
 },
 {
  "fields": {
   "end_day": "2012-02-29",
   "end_time": "19:50:00",
   "exam": false,
   "labtut_section": null,
   "meeting_type": "MIDT",
   "offering": 58,
   "room": "",
   "start_day": "2012-02-29",
   "start_time": "19:00:00",
   "weekday": 2
  },
  "model": "coredata.meetingtime",
  "pk": 93
 },
 {
  "fields": {
   "end_day": "2012-04-11",
   "end_time": "14:20:00",
   "exam": false,
   "labtut_section": null,
   "meeting_type": "LEC",
   "offering": 59,
   "room": "WMC3520",
   "start_day": "2012-01-05",
   "start_time": "13:30:00",
   "weekday": 2
  },
  "model": "coredata.meetingtime",
  "pk": 95
 },
 {
  "fields": {
   "end_day": "2012-04-11",
   "end_time": "12:20:00",
   "exam": false,
   "labtut_section": null,
   "meeting_type": "LEC",
   "offering": 60,
   "room": "SUR5280",
   "start_day": "2012-01-05",
   "start_time": "11:30:00",
   "weekday": 2
  },
  "model": "coredata.meetingtime",
  "pk": 107
 },
 {
  "fields": {
   "end_day": "2012-04-11",
   "end_time": "14:20:00",
   "exam": false,
   "labtut_section": "D201",
   "meeting_type": "LAB",
   "offering": 60,
   "room": "SUR4050",
   "start_day": "2012-01-05",
   "start_time": "13:30:00",
   "weekday": 2
  },
  "model": "coredata.meetingtime",
  "pk": 110
 },
 {
  "fields": {
   "end_day": "2012-04-11",
   "end_time": "15:20:00",
   "exam": false,
   "labtut_section": "D202",
   "meeting_type": "LAB",
   "offering": 60,
   "room": "SUR4050",
   "start_day": "2012-01-05",
   "start_time": "14:30:00",
   "weekday": 2
  },
  "model": "coredata.meetingtime",
  "pk": 111
 },
 {
  "fields": {
   "end_day": "2012-04-11",
   "end_time": "16:20:00",
   "exam": false,
   "labtut_section": "D203",
   "meeting_type": "LAB",
   "offering": 60,
   "room": "SUR4050",
   "start_day": "2012-01-05",
   "start_time": "15:30:00",
   "weekday": 2
  },
  "model": "coredata.meetingtime",
  "pk": 112
 },
 {
  "fields": {
   "end_day": "2012-04-11",
   "end_time": "17:20:00",
   "exam": false,
   "labtut_section": "D204",
   "meeting_type": "LAB",
   "offering": 60,
   "room": "SUR4050",
   "start_day": "2012-01-05",
   "start_time": "16:30:00",
   "weekday": 2
  },
  "model": "coredata.meetingtime",
  "pk": 113
 },
 {
  "fields": {
   "end_day": "2012-04-11",
   "end_time": "18:20:00",
   "exam": false,
   "labtut_section": "D205",
   "meeting_type": "LAB",
   "offering": 60,
   "room": "SUR4050",
   "start_day": "2012-01-05",
   "start_time": "17:30:00",
   "weekday": 2
  },
  "model": "coredata.meetingtime",
  "pk": 114
 },
 {
  "fields": {
   "end_day": "2012-04-11",
   "end_time": "11:20:00",
   "exam": false,
   "labtut_section": null,
   "meeting_type": "LEC",
   "offering": 62,
   "room": "C9002",
   "start_day": "2012-01-05",
   "start_time": "10:30:00",
   "weekday": 2
  },
  "model": "coredata.meetingtime",
  "pk": 116
 },
 {
  "fields": {
   "end_day": "2012-04-11",
   "end_time": "10:20:00",
   "exam": false,
   "labtut_section": null,
   "meeting_type": "LEC",
   "offering": 63,
   "room": "SUR3090",
   "start_day": "2012-01-05",
   "start_time": "09:30:00",
   "weekday": 2
  },
  "model": "coredata.meetingtime",
  "pk": 126
 },
 {
  "fields": {
   "end_day": "2012-04-11",
   "end_time": "13:20:00",
   "exam": false,
   "labtut_section": null,
   "meeting_type": "LEC",
   "offering": 67,
   "room": "AQ5016",
   "start_day": "2012-01-05",
   "start_time": "12:30:00",
   "weekday": 2
  },
  "model": "coredata.meetingtime",
  "pk": 136
 },
 {
  "fields": {
   "end_day": "2012-04-18",
   "end_time": "18:30:00",
   "exam": false,
   "labtut_section": null,
   "meeting_type": "EXAM",
   "offering": 67,
   "room": "",
   "start_day": "2012-04-18",
   "start_time": "15:30:00",
   "weekday": 2
  },
  "model": "coredata.meetingtime",
  "pk": 138
 },
 {
  "fields": {
   "end_day": "2012-04-11",
   "end_time": "15:20:00",
   "exam": false,
   "labtut_section": null,
   "meeting_type": "LEC",
   "offering": 68,
   "room": "AQ5050",
   "start_day": "2012-01-05",
   "start_time": "14:30:00",
   "weekday": 2
  },
  "model": "coredata.meetingtime",
  "pk": 140
 },
 {
  "fields": {
   "end_day": "2012-04-11",
   "end_time": "14:20:00",
   "exam": false,
   "labtut_section": null,
   "meeting_type": "LEC",
   "offering": 70,
   "room": "SUR5060",
   "start_day": "2012-01-05",
   "start_time": "13:30:00",
   "weekday": 2
  },
  "model": "coredata.meetingtime",
  "pk": 144
 },
 {
  "fields": {
   "end_day": "2012-04-11",
   "end_time": "16:20:00",
   "exam": false,
   "labtut_section": null,
   "meeting_type": "LEC",
   "offering": 72,
   "room": "SUR2990",
   "start_day": "2012-01-05",
   "start_time": "15:30:00",
   "weekday": 2
  },
  "model": "coredata.meetingtime",
  "pk": 148
 },
 {
  "fields": {
   "end_day": "2012-04-11",
   "end_time": "13:20:00",
   "exam": false,
   "labtut_section": null,
   "meeting_type": "LEC",
   "offering": 74,
   "room": "BLU10021",
   "start_day": "2012-01-05",
   "start_time": "12:30:00",
   "weekday": 2
  },
  "model": "coredata.meetingtime",
  "pk": 153
 },
 {
  "fields": {
   "end_day": "2012-04-11",
   "end_time": "12:20:00",
   "exam": false,
   "labtut_section": null,
   "meeting_type": "LEC",
   "offering": 77,
   "room": "C9002",
   "start_day": "2012-01-05",
   "start_time": "11:30:00",
   "weekday": 2
  },
  "model": "coredata.meetingtime",
  "pk": 156
 },
 {
  "fields": {
   "end_day": "2012-04-11",
   "end_time": "11:20:00",
   "exam": false,
   "labtut_section": null,
   "meeting_type": "LEC",
   "offering": 78,
   "room": "SUR5280",
   "start_day": "2012-01-05",
   "start_time": "10:30:00",
   "weekday": 2
  },
  "model": "coredata.meetingtime",
  "pk": 160
 },
 {
  "fields": {
   "end_day": "2012-04-11",
   "end_time": "16:20:00",
   "exam": false,
   "labtut_section": null,
   "meeting_type": "LEC",
   "offering": 79,
   "room": "C9002",
   "start_day": "2012-01-05",
   "start_time": "15:30:00",
   "weekday": 2
  },
  "model": "coredata.meetingtime",
  "pk": 169
 },
 {
  "fields": {
   "end_day": "2012-04-11",
   "end_time": "13:20:00",
   "exam": false,
   "labtut_section": "D101",
   "meeting_type": "LAB",
   "offering": 79,
   "room": "ASB9838",
   "start_day": "2012-01-05",
   "start_time": "12:30:00",
   "weekday": 2
  },
  "model": "coredata.meetingtime",
  "pk": 172
 },
 {
  "fields": {
   "end_day": "2012-04-11",
   "end_time": "14:20:00",
   "exam": false,
   "labtut_section": "D102",
   "meeting_type": "LAB",
   "offering": 79,
   "room": "ASB9838",
   "start_day": "2012-01-05",
   "start_time": "13:30:00",
   "weekday": 2
  },
  "model": "coredata.meetingtime",
  "pk": 173
 },
 {
  "fields": {
   "end_day": "2012-04-11",
   "end_time": "14:20:00",
   "exam": false,
   "labtut_section": "D103",
   "meeting_type": "LAB",
   "offering": 79,
   "room": "ASB9838",
   "start_day": "2012-01-05",
   "start_time": "13:30:00",
   "weekday": 2
  },
  "model": "coredata.meetingtime",
  "pk": 174
 },
 {
  "fields": {
   "end_day": "2012-04-11",
   "end_time": "15:20:00",
   "exam": false,
   "labtut_section": "D104",
   "meeting_type": "LAB",
   "offering": 79,
   "room": "ASB9838",
   "start_day": "2012-01-05",
   "start_time": "14:30:00",
   "weekday": 2
  },
  "model": "coredata.meetingtime",
  "pk": 175
 },
 {
  "fields": {
   "end_day": "2012-04-11",
   "end_time": "15:20:00",
   "exam": false,
   "labtut_section": "D105",
   "meeting_type": "LAB",
   "offering": 79,
   "room": "ASB9838",
   "start_day": "2012-01-05",
   "start_time": "14:30:00",
   "weekday": 2
  },
  "model": "coredata.meetingtime",
  "pk": 176
 },
 {
  "fields": {
   "end_day": "2012-04-11",
   "end_time": "13:20:00",
   "exam": false,
   "labtut_section": "D106",
   "meeting_type": "LAB",
   "offering": 79,
   "room": "ASB9838",
   "start_day": "2012-01-05",
   "start_time": "12:30:00",
   "weekday": 2
  },
  "model": "coredata.meetingtime",
  "pk": 177
 },
 {
  "fields": {
   "end_day": "2012-04-11",
   "end_time": "11:20:00",
   "exam": false,
   "labtut_section": null,
   "meeting_type": "LEC",
   "offering": 80,
   "room": "SUR3090",
   "start_day": "2012-01-05",
   "start_time": "10:30:00",
   "weekday": 2
  },
  "model": "coredata.meetingtime",
  "pk": 179
 },
 {
  "fields": {
   "end_day": "2012-04-11",
   "end_time": "11:20:00",
   "exam": false,
   "labtut_section": null,
   "meeting_type": "LEC",
   "offering": 81,
   "room": "SUR5280",
   "start_day": "2012-01-05",
   "start_time": "10:30:00",
   "weekday": 2
  },
  "model": "coredata.meetingtime",
  "pk": 186
 },
 {
  "fields": {
   "end_day": "2012-04-11",
   "end_time": "15:20:00",
   "exam": false,
   "labtut_section": null,
   "meeting_type": "LEC",
   "offering": 82,
   "room": "WMC3260",
   "start_day": "2012-01-05",
   "start_time": "14:30:00",
   "weekday": 2
  },
  "model": "coredata.meetingtime",
  "pk": 196
 },
 {
  "fields": {
   "end_day": "2012-04-18",
   "end_time": "15:00:00",
   "exam": false,
   "labtut_section": null,
   "meeting_type": "EXAM",
   "offering": 82,
   "room": "",
   "start_day": "2012-04-18",
   "start_time": "12:00:00",
   "weekday": 2
  },
  "model": "coredata.meetingtime",
  "pk": 197
 },
 {
  "fields": {
   "end_day": "2012-04-11",
   "end_time": "20:20:00",
   "exam": false,
   "labtut_section": null,
   "meeting_type": "LEC",
   "offering": 84,
   "room": "HCC2270",
   "start_day": "2012-01-05",
   "start_time": "17:30:00",
   "weekday": 2
  },
  "model": "coredata.meetingtime",
  "pk": 203
 },
 {
  "fields": {
   "end_day": "2012-04-11",
   "end_time": "17:20:00",
   "exam": false,
   "labtut_section": null,
   "meeting_type": "LEC",
   "offering": 85,
   "room": "AQ5046",
   "start_day": "2012-01-05",
   "start_time": "14:30:00",
   "weekday": 2
  },
  "model": "coredata.meetingtime",
  "pk": 207
 },
 {
  "fields": {
   "end_day": "2012-04-11",
   "end_time": "13:20:00",
   "exam": false,
   "labtut_section": null,
   "meeting_type": "LEC",
   "offering": 86,
   "room": "WMC2220",
   "start_day": "2012-01-05",
   "start_time": "12:30:00",
   "weekday": 2
  },
  "model": "coredata.meetingtime",
  "pk": 209
 },
 {
  "fields": {
   "end_day": "2012-04-18",
   "end_time": "18:30:00",
   "exam": false,
   "labtut_section": null,
   "meeting_type": "EXAM",
   "offering": 86,
   "room": "",
   "start_day": "2012-04-18",
   "start_time": "15:30:00",
   "weekday": 2
  },
  "model": "coredata.meetingtime",
  "pk": 211
 },
 {
  "fields": {
   "end_day": "2012-04-11",
   "end_time": "16:20:00",
   "exam": false,
   "labtut_section": null,
   "meeting_type": "LEC",
   "offering": 87,
   "room": "AQ5016",
   "start_day": "2012-01-05",
   "start_time": "15:30:00",
   "weekday": 2
  },
  "model": "coredata.meetingtime",
  "pk": 213
 },
 {
  "fields": {
   "end_day": "2012-04-11",
   "end_time": "12:20:00",
   "exam": false,
   "labtut_section": null,
   "meeting_type": "LEC",
   "offering": 90,
   "room": "SUR5380",
   "start_day": "2012-01-05",
   "start_time": "11:30:00",
   "weekday": 2
  },
  "model": "coredata.meetingtime",
  "pk": 221
 },
 {
  "fields": {
   "end_day": "2012-04-11",
   "end_time": "13:20:00",
   "exam": false,
   "labtut_section": null,
   "meeting_type": "LEC",
   "offering": 93,
   "room": "SUR3240",
   "start_day": "2012-01-05",
   "start_time": "12:30:00",
   "weekday": 2
  },
  "model": "coredata.meetingtime",
  "pk": 225
 },
 {
  "fields": {
   "end_day": "2012-04-18",
   "end_time": "18:30:00",
   "exam": false,
   "labtut_section": null,
   "meeting_type": "EXAM",
   "offering": 93,
   "room": "",
   "start_day": "2012-04-18",
   "start_time": "15:30:00",
   "weekday": 2
  },
  "model": "coredata.meetingtime",
  "pk": 227
 },
 {
  "fields": {
   "end_day": "2012-04-18",
   "end_time": "22:00:00",
   "exam": false,
   "labtut_section": null,
   "meeting_type": "EXAM",
   "offering": 94,
   "room": "",
   "start_day": "2012-04-18",
   "start_time": "19:00:00",
   "weekday": 2
  },
  "model": "coredata.meetingtime",
  "pk": 230
 },
 {
  "fields": {
   "end_day": "2012-04-11",
   "end_time": "10:20:00",
   "exam": false,
   "labtut_section": null,
   "meeting_type": "LEC",
   "offering": 97,
   "room": "SUR3240",
   "start_day": "2012-01-05",
   "start_time": "09:30:00",
   "weekday": 2
  },
  "model": "coredata.meetingtime",
  "pk": 238
 },
 {
  "fields": {
   "end_day": "2012-04-11",
   "end_time": "14:20:00",
   "exam": false,
   "labtut_section": null,
   "meeting_type": "LEC",
   "offering": 99,
   "room": "WMC2268",
   "start_day": "2012-01-05",
   "start_time": "13:30:00",
   "weekday": 2
  },
  "model": "coredata.meetingtime",
  "pk": 242
 },
 {
  "fields": {
   "end_day": "2012-04-11",
   "end_time": "12:20:00",
   "exam": false,
   "labtut_section": null,
   "meeting_type": "LEC",
   "offering": 100,
   "room": "AQ5046",
   "start_day": "2012-01-05",
   "start_time": "11:30:00",
   "weekday": 2
  },
  "model": "coredata.meetingtime",
  "pk": 245
 },
 {
  "fields": {
   "end_day": "2012-04-11",
   "end_time": "13:20:00",
   "exam": false,
   "labtut_section": null,
   "meeting_type": "LEC",
   "offering": 101,
   "room": "SUR2600",
   "start_day": "2012-01-05",
   "start_time": "12:30:00",
   "weekday": 2
  },
  "model": "coredata.meetingtime",
  "pk": 248
 },
 {
  "fields": {
   "end_day": "2012-04-18",
   "end_time": "18:30:00",
   "exam": false,
   "labtut_section": null,
   "meeting_type": "EXAM",
   "offering": 101,
   "room": "",
   "start_day": "2012-04-18",
   "start_time": "15:30:00",
   "weekday": 2
  },
  "model": "coredata.meetingtime",
  "pk": 250
 },
 {
  "fields": {
   "end_day": "2012-04-11",
   "end_time": "10:20:00",
   "exam": false,
   "labtut_section": null,
   "meeting_type": "LEC",
   "offering": 109,
   "room": "AQ3153",
   "start_day": "2012-01-05",
   "start_time": "09:30:00",
   "weekday": 2
  },
  "model": "coredata.meetingtime",
  "pk": 255
 },
 {
  "fields": {
   "end_day": "2012-04-11",
   "end_time": "14:20:00",
   "exam": false,
   "labtut_section": null,
   "meeting_type": "LEC",
   "offering": 110,
   "room": "AQ3153",
   "start_day": "2012-01-05",
   "start_time": "13:30:00",
   "weekday": 2
  },
  "model": "coredata.meetingtime",
  "pk": 259
 },
 {
  "fields": {
   "end_day": "2012-04-11",
   "end_time": "15:20:00",
   "exam": false,
   "labtut_section": null,
   "meeting_type": "LEC",
   "offering": 111,
   "room": "SUR5140",
   "start_day": "2012-01-05",
   "start_time": "14:30:00",
   "weekday": 2
  },
  "model": "coredata.meetingtime",
  "pk": 263
 },
 {
  "fields": {
   "end_day": "2012-04-11",
   "end_time": "11:20:00",
   "exam": false,
   "labtut_section": null,
   "meeting_type": "LEC",
   "offering": 6,
   "room": "AQ5038",
   "start_day": "2012-01-05",
   "start_time": "09:30:00",
   "weekday": 3
  },
  "model": "coredata.meetingtime",
  "pk": 2
 },
 {
  "fields": {
   "end_day": "2012-04-11",
   "end_time": "15:20:00",
   "exam": false,
   "labtut_section": null,
   "meeting_type": "LEC",
   "offering": 7,
   "room": "WMC2268",
   "start_day": "2012-01-05",
   "start_time": "14:30:00",
   "weekday": 3
  },
  "model": "coredata.meetingtime",
  "pk": 4
 },
 {
  "fields": {
   "end_day": "2012-04-11",
   "end_time": "17:20:00",
   "exam": false,
   "labtut_section": null,
   "meeting_type": "LEC",
   "offering": 8,
   "room": "BLU10021",
   "start_day": "2012-01-05",
   "start_time": "15:30:00",
   "weekday": 3
  },
  "model": "coredata.meetingtime",
  "pk": 6
 },
 {
  "fields": {
   "end_day": "2012-04-11",
   "end_time": "20:20:00",
   "exam": false,
   "labtut_section": null,
   "meeting_type": "LEC",
   "offering": 12,
   "room": "SWH10051",
   "start_day": "2012-01-05",
   "start_time": "17:30:00",
   "weekday": 3
  },
  "model": "coredata.meetingtime",
  "pk": 16
 },
 {
  "fields": {
   "end_day": "2012-04-11",
   "end_time": "12:20:00",
   "exam": false,
   "labtut_section": null,
   "meeting_type": "LEC",
   "offering": 13,
   "room": "BLU10021",
   "start_day": "2012-01-05",
   "start_time": "11:30:00",
   "weekday": 3
  },
  "model": "coredata.meetingtime",
  "pk": 19
 },
 {
  "fields": {
   "end_day": "2012-04-11",
   "end_time": "15:20:00",
   "exam": false,
   "labtut_section": null,
   "meeting_type": "LEC",
   "offering": 37,
   "room": "SUR3120",
   "start_day": "2012-01-05",
   "start_time": "14:30:00",
   "weekday": 3
  },
  "model": "coredata.meetingtime",
  "pk": 28
 },
 {
  "fields": {
   "end_day": "2012-04-11",
   "end_time": "20:20:00",
   "exam": false,
   "labtut_section": null,
   "meeting_type": "LEC",
   "offering": 39,
   "room": "HCC1700",
   "start_day": "2012-01-05",
   "start_time": "17:30:00",
   "weekday": 3
  },
  "model": "coredata.meetingtime",
  "pk": 30
 },
 {
  "fields": {
   "end_day": "2012-04-19",
   "end_time": "11:30:00",
   "exam": false,
   "labtut_section": null,
   "meeting_type": "EXAM",
   "offering": 44,
   "room": "",
   "start_day": "2012-04-19",
   "start_time": "08:30:00",
   "weekday": 3
  },
  "model": "coredata.meetingtime",
  "pk": 49
 },
 {
  "fields": {
   "end_day": "2012-04-11",
   "end_time": "20:20:00",
   "exam": false,
   "labtut_section": null,
   "meeting_type": "LEC",
   "offering": 48,
   "room": "AQ3153",
   "start_day": "2012-01-05",
   "start_time": "17:30:00",
   "weekday": 3
  },
  "model": "coredata.meetingtime",
  "pk": 58
 },
 {
  "fields": {
   "end_day": "2012-04-11",
   "end_time": "11:20:00",
   "exam": false,
   "labtut_section": null,
   "meeting_type": "LEC",
   "offering": 50,
   "room": "AQ3159",
   "start_day": "2012-01-05",
   "start_time": "09:30:00",
   "weekday": 3
  },
  "model": "coredata.meetingtime",
  "pk": 65
 },
 {
  "fields": {
   "end_day": "2012-04-11",
   "end_time": "15:20:00",
   "exam": false,
   "labtut_section": null,
   "meeting_type": "LEC",
   "offering": 51,
   "room": "AQ3159",
   "start_day": "2012-01-05",
   "start_time": "14:30:00",
   "weekday": 3
  },
  "model": "coredata.meetingtime",
  "pk": 68
 },
 {
  "fields": {
   "end_day": "2012-04-11",
   "end_time": "14:20:00",
   "exam": false,
   "labtut_section": null,
   "meeting_type": "LEC",
   "offering": 52,
   "room": "SUR5100",
   "start_day": "2012-01-05",
   "start_time": "12:30:00",
   "weekday": 3
  },
  "model": "coredata.meetingtime",
  "pk": 71
 },
 {
  "fields": {
   "end_day": "2012-04-11",
   "end_time": "19:20:00",
   "exam": false,
   "labtut_section": null,
   "meeting_type": "LEC",
   "offering": 53,
   "room": "AQ3003",
   "start_day": "2012-01-05",
   "start_time": "16:30:00",
   "weekday": 3
  },
  "model": "coredata.meetingtime",
  "pk": 73
 },
 {
  "fields": {
   "end_day": "2012-04-11",
   "end_time": "10:20:00",
   "exam": false,
   "labtut_section": "D101",
   "meeting_type": "LAB",
   "offering": 54,
   "room": "ASB9838",
   "start_day": "2012-01-05",
   "start_time": "09:30:00",
   "weekday": 3
  },
  "model": "coredata.meetingtime",
  "pk": 79
 },
 {
  "fields": {
   "end_day": "2012-04-11",
   "end_time": "11:20:00",
   "exam": false,
   "labtut_section": "D102",
   "meeting_type": "LAB",
   "offering": 54,
   "room": "ASB9838",
   "start_day": "2012-01-05",
   "start_time": "10:30:00",
   "weekday": 3
  },
  "model": "coredata.meetingtime",
  "pk": 80
 },
 {
  "fields": {
   "end_day": "2012-04-11",
   "end_time": "12:20:00",
   "exam": false,
   "labtut_section": "D103",
   "meeting_type": "LAB",
   "offering": 54,
   "room": "ASB9838",
   "start_day": "2012-01-05",
   "start_time": "11:30:00",
   "weekday": 3
  },
  "model": "coredata.meetingtime",
  "pk": 81
 },
 {
  "fields": {
   "end_day": "2012-04-11",
   "end_time": "13:20:00",
   "exam": false,
   "labtut_section": "D104",
   "meeting_type": "LAB",
   "offering": 54,
   "room": "ASB9838",
   "start_day": "2012-01-05",
   "start_time": "12:30:00",
   "weekday": 3
  },
  "model": "coredata.meetingtime",
  "pk": 82
 },
 {
  "fields": {
   "end_day": "2012-04-11",
   "end_time": "14:20:00",
   "exam": false,
   "labtut_section": "D105",
   "meeting_type": "LAB",
   "offering": 54,
   "room": "ASB9838",
   "start_day": "2012-01-05",
   "start_time": "13:30:00",
   "weekday": 3
  },
  "model": "coredata.meetingtime",
  "pk": 83
 },
 {
  "fields": {
   "end_day": "2012-04-11",
   "end_time": "10:20:00",
   "exam": false,
   "labtut_section": "D105",
   "meeting_type": "LAB",
   "offering": 59,
   "room": "ASB9838",
   "start_day": "2012-01-05",
   "start_time": "09:30:00",
   "weekday": 3
  },
  "model": "coredata.meetingtime",
  "pk": 102
 },
 {
  "fields": {
   "end_day": "2012-04-11",
   "end_time": "11:20:00",
   "exam": false,
   "labtut_section": "D106",
   "meeting_type": "LAB",
   "offering": 59,
   "room": "ASB9838",
   "start_day": "2012-01-05",
   "start_time": "10:30:00",
   "weekday": 3
  },
  "model": "coredata.meetingtime",
  "pk": 103
 },
 {
  "fields": {
   "end_day": "2012-04-11",
   "end_time": "12:20:00",
   "exam": false,
   "labtut_section": "D107",
   "meeting_type": "LAB",
   "offering": 59,
   "room": "ASB9838",
   "start_day": "2012-01-05",
   "start_time": "11:30:00",
   "weekday": 3
  },
  "model": "coredata.meetingtime",
  "pk": 104
 },
 {
  "fields": {
   "end_day": "2012-04-11",
   "end_time": "13:20:00",
   "exam": false,
   "labtut_section": "D108",
   "meeting_type": "LAB",
   "offering": 59,
   "room": "ASB9838",
   "start_day": "2012-01-05",
   "start_time": "12:30:00",
   "weekday": 3
  },
  "model": "coredata.meetingtime",
  "pk": 105
 },
 {
  "fields": {
   "end_day": "2012-04-19",
   "end_time": "11:30:00",
   "exam": false,
   "labtut_section": null,
   "meeting_type": "EXAM",
   "offering": 60,
   "room": "",
   "start_day": "2012-04-19",
   "start_time": "08:30:00",
   "weekday": 3
  },
  "model": "coredata.meetingtime",
  "pk": 109
 },
 {
  "fields": {
   "end_day": "2012-04-19",
   "end_time": "15:00:00",
   "exam": false,
   "labtut_section": null,
   "meeting_type": "EXAM",
   "offering": 62,
   "room": "",
   "start_day": "2012-04-19",
   "start_time": "12:00:00",
   "weekday": 3
  },
  "model": "coredata.meetingtime",
  "pk": 118
 },
 {
  "fields": {
   "end_day": "2012-04-11",
   "end_time": "14:20:00",
   "exam": false,
   "labtut_section": null,
   "meeting_type": "LEC",
   "offering": 69,
   "room": "AQ5017",
   "start_day": "2012-01-05",
   "start_time": "12:30:00",
   "weekday": 3
  },
  "model": "coredata.meetingtime",
  "pk": 142
 },
 {
  "fields": {
   "end_day": "2012-04-11",
   "end_time": "17:20:00",
   "exam": false,
   "labtut_section": null,
   "meeting_type": "LEC",
   "offering": 71,
   "room": "SWH10061",
   "start_day": "2012-01-05",
   "start_time": "15:30:00",
   "weekday": 3
  },
  "model": "coredata.meetingtime",
  "pk": 147
 },
 {
  "fields": {
   "end_day": "2012-04-11",
   "end_time": "12:20:00",
   "exam": false,
   "labtut_section": null,
   "meeting_type": "LEC",
   "offering": 73,
   "room": "WMC2507",
   "start_day": "2012-01-05",
   "start_time": "11:30:00",
   "weekday": 3
  },
  "model": "coredata.meetingtime",
  "pk": 151
 },
 {
  "fields": {
   "end_day": "2012-04-19",
   "end_time": "11:30:00",
   "exam": false,
   "labtut_section": null,
   "meeting_type": "EXAM",
   "offering": 77,
   "room": "",
   "start_day": "2012-04-19",
   "start_time": "08:30:00",
   "weekday": 3
  },
  "model": "coredata.meetingtime",
  "pk": 158
 },
 {
  "fields": {
   "end_day": "2012-04-19",
   "end_time": "15:00:00",
   "exam": false,
   "labtut_section": null,
   "meeting_type": "EXAM",
   "offering": 78,
   "room": "",
   "start_day": "2012-04-19",
   "start_time": "12:00:00",
   "weekday": 3
  },
  "model": "coredata.meetingtime",
  "pk": 162
 },
 {
  "fields": {
   "end_day": "2012-04-19",
   "end_time": "15:00:00",
   "exam": false,
   "labtut_section": null,
   "meeting_type": "EXAM",
   "offering": 81,
   "room": "",
   "start_day": "2012-04-19",
   "start_time": "12:00:00",
   "weekday": 3
  },
  "model": "coredata.meetingtime",
  "pk": 188
 },
 {
  "fields": {
   "end_day": "2012-04-11",
   "end_time": "17:20:00",
   "exam": false,
   "labtut_section": null,
   "meeting_type": "LEC",
   "offering": 94,
   "room": "SUR3170",
   "start_day": "2012-01-05",
   "start_time": "15:30:00",
   "weekday": 3
  },
  "model": "coredata.meetingtime",
  "pk": 229
 },
 {
  "fields": {
   "end_day": "2012-04-11",
   "end_time": "11:20:00",
   "exam": false,
   "labtut_section": null,
   "meeting_type": "LEC",
   "offering": 95,
   "room": "SWH10051",
   "start_day": "2012-01-05",
   "start_time": "09:30:00",
   "weekday": 3
  },
  "model": "coredata.meetingtime",
  "pk": 232
 },
 {
  "fields": {
   "end_day": "2012-04-11",
   "end_time": "15:20:00",
   "exam": false,
   "labtut_section": null,
   "meeting_type": "LEC",
   "offering": 96,
   "room": "BLU10011",
   "start_day": "2012-01-05",
   "start_time": "14:30:00",
   "weekday": 3
  },
  "model": "coredata.meetingtime",
  "pk": 235
 },
 {
  "fields": {
   "end_day": "2012-04-11",
   "end_time": "12:20:00",
   "exam": false,
   "labtut_section": null,
   "meeting_type": "LEC",
   "offering": 9,
   "room": "SUR5380",
   "start_day": "2012-01-05",
   "start_time": "11:30:00",
   "weekday": 4
  },
  "model": "coredata.meetingtime",
  "pk": 10
 },
 {
  "fields": {
   "end_day": "2012-04-13",
   "end_time": "11:30:00",
   "exam": false,
   "labtut_section": null,
   "meeting_type": "EXAM",
   "offering": 36,
   "room": "",
   "start_day": "2012-04-13",
   "start_time": "08:30:00",
   "weekday": 4
  },
  "model": "coredata.meetingtime",
  "pk": 26
 },
 {
  "fields": {
   "end_day": "2012-04-11",
   "end_time": "16:20:00",
   "exam": false,
   "labtut_section": null,
   "meeting_type": "LEC",
   "offering": 40,
   "room": "SUR5140",
   "start_day": "2012-01-05",
   "start_time": "15:30:00",
   "weekday": 4
  },
  "model": "coredata.meetingtime",
  "pk": 34
 },
 {
  "fields": {
   "end_day": "2012-04-11",
   "end_time": "11:20:00",
   "exam": false,
   "labtut_section": null,
   "meeting_type": "LEC",
   "offering": 41,
   "room": "RCB8100",
   "start_day": "2012-01-05",
   "start_time": "10:30:00",
   "weekday": 4
  },
  "model": "coredata.meetingtime",
  "pk": 38
 },
 {
  "fields": {
   "end_day": "2012-04-11",
   "end_time": "15:20:00",
   "exam": false,
   "labtut_section": null,
   "meeting_type": "LEC",
   "offering": 42,
   "room": "SUR2980",
   "start_day": "2012-01-05",
   "start_time": "14:30:00",
   "weekday": 4
  },
  "model": "coredata.meetingtime",
  "pk": 42
 },
 {
  "fields": {
   "end_day": "2012-04-11",
   "end_time": "12:20:00",
   "exam": false,
   "labtut_section": null,
   "meeting_type": "LEC",
   "offering": 44,
   "room": "AQ3003",
   "start_day": "2012-01-05",
   "start_time": "11:30:00",
   "weekday": 4
  },
  "model": "coredata.meetingtime",
  "pk": 48
 },
 {
  "fields": {
   "end_day": "2012-04-11",
   "end_time": "14:20:00",
   "exam": false,
   "labtut_section": null,
   "meeting_type": "LEC",
   "offering": 47,
   "room": "ASB9838",
   "start_day": "2012-01-05",
   "start_time": "13:30:00",
   "weekday": 4
  },
  "model": "coredata.meetingtime",
  "pk": 56
 },
 {
  "fields": {
   "end_day": "2012-04-11",
   "end_time": "11:20:00",
   "exam": false,
   "labtut_section": null,
   "meeting_type": "LEC",
   "offering": 49,
   "room": "BLU10011",
   "start_day": "2012-01-05",
   "start_time": "10:30:00",
   "weekday": 4
  },
  "model": "coredata.meetingtime",
  "pk": 62
 },
 {
  "fields": {
   "end_day": "2012-04-11",
   "end_time": "14:20:00",
   "exam": false,
   "labtut_section": null,
   "meeting_type": "LEC",
   "offering": 54,
   "room": "BLU9660",
   "start_day": "2012-01-05",
   "start_time": "13:30:00",
   "weekday": 4
  },
  "model": "coredata.meetingtime",
  "pk": 77
 },
 {
  "fields": {
   "end_day": "2012-04-11",
   "end_time": "10:20:00",
   "exam": false,
   "labtut_section": null,
   "meeting_type": "LEC",
   "offering": 55,
   "room": "SUR3250",
   "start_day": "2012-01-05",
   "start_time": "09:30:00",
   "weekday": 4
  },
  "model": "coredata.meetingtime",
  "pk": 86
 },
 {
  "fields": {
   "end_day": "2012-04-20",
   "end_time": "11:30:00",
   "exam": false,
   "labtut_section": null,
   "meeting_type": "EXAM",
   "offering": 55,
   "room": "",
   "start_day": "2012-04-20",
   "start_time": "08:30:00",
   "weekday": 4
  },
  "model": "coredata.meetingtime",
  "pk": 87
 },
 {
  "fields": {
   "end_day": "2012-04-11",
   "end_time": "14:20:00",
   "exam": false,
   "labtut_section": null,
   "meeting_type": "LEC",
   "offering": 59,
   "room": "WMC3520",
   "start_day": "2012-01-05",
   "start_time": "13:30:00",
   "weekday": 4
  },
  "model": "coredata.meetingtime",
  "pk": 96
 },
 {
  "fields": {
   "end_day": "2012-04-11",
   "end_time": "12:20:00",
   "exam": false,
   "labtut_section": null,
   "meeting_type": "LEC",
   "offering": 60,
   "room": "SUR5280",
   "start_day": "2012-01-05",
   "start_time": "11:30:00",
   "weekday": 4
  },
  "model": "coredata.meetingtime",
  "pk": 108
 },
 {
  "fields": {
   "end_day": "2012-04-11",
   "end_time": "11:20:00",
   "exam": false,
   "labtut_section": null,
   "meeting_type": "LEC",
   "offering": 62,
   "room": "EDB7618",
   "start_day": "2012-01-05",
   "start_time": "10:30:00",
   "weekday": 4
  },
  "model": "coredata.meetingtime",
  "pk": 117
 },
 {
  "fields": {
   "end_day": "2012-04-11",
   "end_time": "10:20:00",
   "exam": false,
   "labtut_section": null,
   "meeting_type": "LEC",
   "offering": 63,
   "room": "SUR3090",
   "start_day": "2012-01-05",
   "start_time": "09:30:00",
   "weekday": 4
  },
  "model": "coredata.meetingtime",
  "pk": 127
 },
 {
  "fields": {
   "end_day": "2012-04-20",
   "end_time": "11:30:00",
   "exam": false,
   "labtut_section": null,
   "meeting_type": "EXAM",
   "offering": 63,
   "room": "",
   "start_day": "2012-04-20",
   "start_time": "08:30:00",
   "weekday": 4
  },
  "model": "coredata.meetingtime",
  "pk": 128
 },
 {
  "fields": {
   "end_day": "2012-03-02",
   "end_time": "20:30:00",
   "exam": false,
   "labtut_section": null,
   "meeting_type": "MIDT",
   "offering": 66,
   "room": "",
   "start_day": "2012-03-02",
   "start_time": "19:00:00",
   "weekday": 4
  },
  "model": "coredata.meetingtime",
  "pk": 134
 },
 {
  "fields": {
   "end_day": "2012-04-11",
   "end_time": "13:20:00",
   "exam": false,
   "labtut_section": null,
   "meeting_type": "LEC",
   "offering": 67,
   "room": "AQ5016",
   "start_day": "2012-01-05",
   "start_time": "12:30:00",
   "weekday": 4
  },
  "model": "coredata.meetingtime",
  "pk": 137
 },
 {
  "fields": {
   "end_day": "2012-04-11",
   "end_time": "14:20:00",
   "exam": false,
   "labtut_section": null,
   "meeting_type": "LEC",
   "offering": 70,
   "room": "SUR5060",
   "start_day": "2012-01-05",
   "start_time": "13:30:00",
   "weekday": 4
  },
  "model": "coredata.meetingtime",
  "pk": 145
 },
 {
  "fields": {
   "end_day": "2012-04-11",
   "end_time": "16:20:00",
   "exam": false,
   "labtut_section": null,
   "meeting_type": "LEC",
   "offering": 72,
   "room": "SUR2990",
   "start_day": "2012-01-05",
   "start_time": "14:30:00",
   "weekday": 4
  },
  "model": "coredata.meetingtime",
  "pk": 149
 },
 {
  "fields": {
   "end_day": "2012-04-11",
   "end_time": "12:20:00",
   "exam": false,
   "labtut_section": null,
   "meeting_type": "LEC",
   "offering": 77,
   "room": "C9002",
   "start_day": "2012-01-05",
   "start_time": "11:30:00",
   "weekday": 4
  },
  "model": "coredata.meetingtime",
  "pk": 157
 },
 {
  "fields": {
   "end_day": "2012-04-11",
   "end_time": "11:20:00",
   "exam": false,
   "labtut_section": null,
   "meeting_type": "LEC",
   "offering": 78,
   "room": "SUR5280",
   "start_day": "2012-01-05",
   "start_time": "10:30:00",
   "weekday": 4
  },
  "model": "coredata.meetingtime",
  "pk": 161
 },
 {
  "fields": {
   "end_day": "2012-04-11",
   "end_time": "12:20:00",
   "exam": false,
   "labtut_section": "D201",
   "meeting_type": "LAB",
   "offering": 78,
   "room": "SUR4050",
   "start_day": "2012-01-05",
   "start_time": "11:30:00",
   "weekday": 4
  },
  "model": "coredata.meetingtime",
  "pk": 163
 },
 {
  "fields": {
   "end_day": "2012-04-11",
   "end_time": "12:20:00",
   "exam": false,
   "labtut_section": "D202",
   "meeting_type": "LAB",
   "offering": 78,
   "room": "SUR4080",
   "start_day": "2012-01-05",
   "start_time": "11:30:00",
   "weekday": 4
  },
  "model": "coredata.meetingtime",
  "pk": 164
 },
 {
  "fields": {
   "end_day": "2012-04-11",
   "end_time": "13:20:00",
   "exam": false,
   "labtut_section": "D203",
   "meeting_type": "LAB",
   "offering": 78,
   "room": "SUR4050",
   "start_day": "2012-01-05",
   "start_time": "12:30:00",
   "weekday": 4
  },
  "model": "coredata.meetingtime",
  "pk": 165
 },
 {
  "fields": {
   "end_day": "2012-04-11",
   "end_time": "13:20:00",
   "exam": false,
   "labtut_section": "D204",
   "meeting_type": "LAB",
   "offering": 78,
   "room": "SUR4080",
   "start_day": "2012-01-05",
   "start_time": "12:30:00",
   "weekday": 4
  },
  "model": "coredata.meetingtime",
  "pk": 166
 },
 {
  "fields": {
   "end_day": "2012-04-11",
   "end_time": "14:20:00",
   "exam": false,
   "labtut_section": "D205",
   "meeting_type": "LAB",
   "offering": 78,
   "room": "SUR4050",
   "start_day": "2012-01-05",
   "start_time": "13:30:00",
   "weekday": 4
  },
  "model": "coredata.meetingtime",
  "pk": 167
 },
 {
  "fields": {
   "end_day": "2012-04-11",
   "end_time": "15:30:00",
   "exam": false,
   "labtut_section": "D207",
   "meeting_type": "LAB",
   "offering": 78,
   "room": "SUR4050",
   "start_day": "2012-01-05",
   "start_time": "14:30:00",
   "weekday": 4
  },
  "model": "coredata.meetingtime",
  "pk": 168
 },
 {
  "fields": {
   "end_day": "2012-04-11",
   "end_time": "16:20:00",
   "exam": false,
   "labtut_section": null,
   "meeting_type": "LEC",
   "offering": 79,
   "room": "BLU9660",
   "start_day": "2012-01-05",
   "start_time": "14:30:00",
   "weekday": 4
  },
  "model": "coredata.meetingtime",
  "pk": 170
 },
 {
  "fields": {
   "end_day": "2012-04-11",
   "end_time": "11:20:00",
   "exam": false,
   "labtut_section": null,
   "meeting_type": "LEC",
   "offering": 80,
   "room": "SUR3090",
   "start_day": "2012-01-05",
   "start_time": "10:30:00",
   "weekday": 4
  },
  "model": "coredata.meetingtime",
  "pk": 180
 },
 {
  "fields": {
   "end_day": "2012-04-11",
   "end_time": "11:20:00",
   "exam": false,
   "labtut_section": null,
   "meeting_type": "LEC",
   "offering": 81,
   "room": "SUR5280",
   "start_day": "2012-01-05",
   "start_time": "10:30:00",
   "weekday": 4
  },
  "model": "coredata.meetingtime",
  "pk": 187
 },
 {
  "fields": {
   "end_day": "2012-04-11",
   "end_time": "12:20:00",
   "exam": false,
   "labtut_section": "D201",
   "meeting_type": "LAB",
   "offering": 81,
   "room": "SUR4050",
   "start_day": "2012-01-05",
   "start_time": "11:30:00",
   "weekday": 4
  },
  "model": "coredata.meetingtime",
  "pk": 189
 },
 {
  "fields": {
   "end_day": "2012-04-11",
   "end_time": "12:20:00",
   "exam": false,
   "labtut_section": "D202",
   "meeting_type": "LAB",
   "offering": 81,
   "room": "SUR4080",
   "start_day": "2012-01-05",
   "start_time": "11:30:00",
   "weekday": 4
  },
  "model": "coredata.meetingtime",
  "pk": 190
 },
 {
  "fields": {
   "end_day": "2012-04-11",
   "end_time": "13:20:00",
   "exam": false,
   "labtut_section": "D203",
   "meeting_type": "LAB",
   "offering": 81,
   "room": "SUR4050",
   "start_day": "2012-01-05",
   "start_time": "12:30:00",
   "weekday": 4
  },
  "model": "coredata.meetingtime",
  "pk": 191
 },
 {
  "fields": {
   "end_day": "2012-04-11",
   "end_time": "13:20:00",
   "exam": false,
   "labtut_section": "D204",
   "meeting_type": "LAB",
   "offering": 81,
   "room": "SUR4080",
   "start_day": "2012-01-05",
   "start_time": "12:30:00",
   "weekday": 4
  },
  "model": "coredata.meetingtime",
  "pk": 192
 },
 {
  "fields": {
   "end_day": "2012-04-11",
   "end_time": "14:20:00",
   "exam": false,
   "labtut_section": "D205",
   "meeting_type": "LAB",
   "offering": 81,
   "room": "SUR4050",
   "start_day": "2012-01-05",
   "start_time": "13:30:00",
   "weekday": 4
  },
  "model": "coredata.meetingtime",
  "pk": 193
 },
 {
  "fields": {
   "end_day": "2012-04-11",
   "end_time": "15:20:00",
   "exam": false,
   "labtut_section": "D207",
   "meeting_type": "LAB",
   "offering": 81,
   "room": "SUR4050",
   "start_day": "2012-01-05",
   "start_time": "14:30:00",
   "weekday": 4
  },
  "model": "coredata.meetingtime",
  "pk": 194
 },
 {
  "fields": {
   "end_day": "2012-04-11",
   "end_time": "13:20:00",
   "exam": false,
   "labtut_section": null,
   "meeting_type": "LEC",
   "offering": 86,
   "room": "WMC2220",
   "start_day": "2012-01-05",
   "start_time": "12:30:00",
   "weekday": 4
  },
  "model": "coredata.meetingtime",
  "pk": 210
 },
 {
  "fields": {
   "end_day": "2012-04-11",
   "end_time": "16:20:00",
   "exam": false,
   "labtut_section": null,
   "meeting_type": "LEC",
   "offering": 87,
   "room": "AQ5016",
   "start_day": "2012-01-05",
   "start_time": "15:30:00",
   "weekday": 4
  },
  "model": "coredata.meetingtime",
  "pk": 214
 },
 {
  "fields": {
   "end_day": "2012-04-11",
   "end_time": "12:20:00",
   "exam": false,
   "labtut_section": null,
   "meeting_type": "LEC",
   "offering": 90,
   "room": "SUR5380",
   "start_day": "2012-01-05",
   "start_time": "11:30:00",
   "weekday": 4
  },
  "model": "coredata.meetingtime",
  "pk": 222
 },
 {
  "fields": {
   "end_day": "2012-04-11",
   "end_time": "13:20:00",
   "exam": false,
   "labtut_section": null,
   "meeting_type": "LEC",
   "offering": 93,
   "room": "SUR3240",
   "start_day": "2012-01-05",
   "start_time": "12:30:00",
   "weekday": 4
  },
  "model": "coredata.meetingtime",
  "pk": 226
 },
 {
  "fields": {
   "end_day": "2012-04-11",
   "end_time": "10:20:00",
   "exam": false,
   "labtut_section": null,
   "meeting_type": "LEC",
   "offering": 97,
   "room": "SUR3240",
   "start_day": "2012-01-05",
   "start_time": "09:30:00",
   "weekday": 4
  },
  "model": "coredata.meetingtime",
  "pk": 239
 },
 {
  "fields": {
   "end_day": "2012-04-20",
   "end_time": "11:30:00",
   "exam": false,
   "labtut_section": null,
   "meeting_type": "EXAM",
   "offering": 97,
   "room": "",
   "start_day": "2012-04-20",
   "start_time": "08:30:00",
   "weekday": 4
  },
  "model": "coredata.meetingtime",
  "pk": 240
 },
 {
  "fields": {
   "end_day": "2012-04-11",
   "end_time": "14:20:00",
   "exam": false,
   "labtut_section": null,
   "meeting_type": "LEC",
   "offering": 99,
   "room": "WMC2268",
   "start_day": "2012-01-05",
   "start_time": "13:30:00",
   "weekday": 4
  },
  "model": "coredata.meetingtime",
  "pk": 243
 },
 {
  "fields": {
   "end_day": "2012-04-11",
   "end_time": "12:20:00",
   "exam": false,
   "labtut_section": null,
   "meeting_type": "LEC",
   "offering": 100,
   "room": "AQ5046",
   "start_day": "2012-01-05",
   "start_time": "11:30:00",
   "weekday": 4
  },
  "model": "coredata.meetingtime",
  "pk": 246
 },
 {
  "fields": {
   "end_day": "2012-04-11",
   "end_time": "13:20:00",
   "exam": false,
   "labtut_section": null,
   "meeting_type": "LEC",
   "offering": 101,
   "room": "SUR2600",
   "start_day": "2012-01-05",
   "start_time": "12:30:00",
   "weekday": 4
  },
  "model": "coredata.meetingtime",
  "pk": 249
 },
 {
  "fields": {
   "end_day": "2012-04-11",
   "end_time": "10:20:00",
   "exam": false,
   "labtut_section": null,
   "meeting_type": "LEC",
   "offering": 109,
   "room": "AQ3153",
   "start_day": "2012-01-05",
   "start_time": "09:30:00",
   "weekday": 4
  },
  "model": "coredata.meetingtime",
  "pk": 256
 },
 {
  "fields": {
   "end_day": "2012-04-20",
   "end_time": "11:30:00",
   "exam": false,
   "labtut_section": null,
   "meeting_type": "LEC",
   "offering": 109,
   "room": "",
   "start_day": "2012-04-20",
   "start_time": "08:30:00",
   "weekday": 4
  },
  "model": "coredata.meetingtime",
  "pk": 257
 },
 {
  "fields": {
   "end_day": "2012-04-11",
   "end_time": "14:20:00",
   "exam": false,
   "labtut_section": null,
   "meeting_type": "LEC",
   "offering": 110,
   "room": "AQ3153",
   "start_day": "2012-01-05",
   "start_time": "13:30:00",
   "weekday": 4
  },
  "model": "coredata.meetingtime",
  "pk": 260
 },
 {
  "fields": {
   "end_day": "2012-04-20",
   "end_time": "11:30:00",
   "exam": false,
   "labtut_section": null,
   "meeting_type": "LEC",
   "offering": 110,
   "room": "",
   "start_day": "2012-04-20",
   "start_time": "08:30:00",
   "weekday": 4
  },
  "model": "coredata.meetingtime",
  "pk": 261
 },
 {
  "fields": {
   "end_day": "2012-04-11",
   "end_time": "15:20:00",
   "exam": false,
   "labtut_section": null,
   "meeting_type": "LEC",
   "offering": 111,
   "room": "SUR5140",
   "start_day": "2012-01-05",
   "start_time": "14:30:00",
   "weekday": 4
  },
  "model": "coredata.meetingtime",
  "pk": 264
 },
 {
  "fields": {
   "end_day": "2012-04-21",
   "end_time": "22:00:00",
   "exam": false,
   "labtut_section": null,
   "meeting_type": "EXAM",
   "offering": 11,
   "room": "",
   "start_day": "2012-04-21",
   "start_time": "19:00:00",
   "weekday": 5
  },
  "model": "coredata.meetingtime",
  "pk": 15
 },
 {
  "fields": {
   "end_day": "2012-04-14",
   "end_time": "22:00:00",
   "exam": false,
   "labtut_section": null,
   "meeting_type": "EXAM",
   "offering": 39,
   "room": "",
   "start_day": "2012-04-14",
   "start_time": "19:00:00",
   "weekday": 5
  },
  "model": "coredata.meetingtime",
  "pk": 31
 },
 {
  "fields": {
   "end_day": "2012-04-14",
   "end_time": "18:30:00",
   "exam": false,
   "labtut_section": null,
   "meeting_type": "EXAM",
   "offering": 41,
   "room": "",
   "start_day": "2012-04-14",
   "start_time": "15:30:00",
   "weekday": 5
  },
  "model": "coredata.meetingtime",
  "pk": 39
 },
 {
  "fields": {
   "end_day": "2012-04-21",
   "end_time": "22:00:00",
   "exam": false,
   "labtut_section": null,
   "meeting_type": "EXAM",
   "offering": 43,
   "room": "",
   "start_day": "2012-04-21",
   "start_time": "19:00:00",
   "weekday": 5
  },
  "model": "coredata.meetingtime",
  "pk": 45
 },
 {
  "fields": {
   "end_day": "2012-04-14",
   "end_time": "18:30:00",
   "exam": false,
   "labtut_section": null,
   "meeting_type": "EXAM",
   "offering": 49,
   "room": "",
   "start_day": "2012-04-14",
   "start_time": "15:30:00",
   "weekday": 5
  },
  "model": "coredata.meetingtime",
  "pk": 63
 },
 {
  "fields": {
   "end_day": "2012-04-14",
   "end_time": "22:00:00",
   "exam": false,
   "labtut_section": null,
   "meeting_type": "EXAM",
   "offering": 53,
   "room": "",
   "start_day": "2012-04-14",
   "start_time": "19:00:00",
   "weekday": 5
  },
  "model": "coredata.meetingtime",
  "pk": 74
 },
 {
  "fields": {
   "end_day": "2012-04-21",
   "end_time": "22:00:00",
   "exam": false,
   "labtut_section": null,
   "meeting_type": "EXAM",
   "offering": 65,
   "room": "",
   "start_day": "2012-04-21",
   "start_time": "19:00:00",
   "weekday": 5
  },
  "model": "coredata.meetingtime",
  "pk": 130
 },
 {
  "fields": {
   "end_day": "2012-04-14",
   "end_time": "18:30:00",
   "exam": false,
   "labtut_section": null,
   "meeting_type": "EXAM",
   "offering": 80,
   "room": "",
   "start_day": "2012-04-14",
   "start_time": "15:30:00",
   "weekday": 5
  },
  "model": "coredata.meetingtime",
  "pk": 181
 },
 {
  "fields": {
   "end_day": "2012-04-15",
   "end_time": "18:30:00",
   "exam": false,
   "labtut_section": null,
   "meeting_type": "EXAM",
   "offering": 8,
   "room": "",
   "start_day": "2012-04-15",
   "start_time": "15:30:00",
   "weekday": 6
  },
  "model": "coredata.meetingtime",
  "pk": 7
 },
 {
  "fields": {
   "end_day": "2012-04-15",
   "end_time": "22:00:00",
   "exam": false,
   "labtut_section": null,
   "meeting_type": "EXAM",
   "offering": 10,
   "room": "",
   "start_day": "2012-04-15",
   "start_time": "19:00:00",
   "weekday": 6
  },
  "model": "coredata.meetingtime",
  "pk": 13
 },
 {
  "fields": {
   "end_day": "2012-04-22",
   "end_time": "22:00:00",
   "exam": false,
   "labtut_section": null,
   "meeting_type": "EXAM",
   "offering": 12,
   "room": "",
   "start_day": "2012-04-22",
   "start_time": "19:00:00",
   "weekday": 6
  },
  "model": "coredata.meetingtime",
  "pk": 17
 },
 {
  "fields": {
   "end_day": "2012-04-22",
   "end_time": "15:00:00",
   "exam": false,
   "labtut_section": null,
   "meeting_type": "EXAM",
   "offering": 40,
   "room": "",
   "start_day": "2012-04-22",
   "start_time": "12:00:00",
   "weekday": 6
  },
  "model": "coredata.meetingtime",
  "pk": 35
 },
 {
  "fields": {
   "end_day": "2012-04-15",
   "end_time": "22:00:00",
   "exam": false,
   "labtut_section": null,
   "meeting_type": "EXAM",
   "offering": 45,
   "room": "",
   "start_day": "2012-04-15",
   "start_time": "19:00:00",
   "weekday": 6
  },
  "model": "coredata.meetingtime",
  "pk": 51
 },
 {
  "fields": {
   "end_day": "2012-04-22",
   "end_time": "22:00:00",
   "exam": false,
   "labtut_section": null,
   "meeting_type": "EXAM",
   "offering": 48,
   "room": "",
   "start_day": "2012-04-22",
   "start_time": "19:00:00",
   "weekday": 6
  },
  "model": "coredata.meetingtime",
  "pk": 59
 },
 {
  "fields": {
   "end_day": "2012-04-22",
   "end_time": "15:00:00",
   "exam": false,
   "labtut_section": null,
   "meeting_type": "EXAM",
   "offering": 87,
   "room": "",
   "start_day": "2012-04-22",
   "start_time": "12:00:00",
   "weekday": 6
  },
  "model": "coredata.meetingtime",
  "pk": 215
 },
 {
  "fields": {
   "end_day": "2012-04-15",
   "end_time": "22:00:00",
   "exam": false,
   "labtut_section": null,
   "meeting_type": "EXAM",
   "offering": 88,
   "room": "",
   "start_day": "2012-04-15",
   "start_time": "19:00:00",
   "weekday": 6
  },
  "model": "coredata.meetingtime",
  "pk": 217
 },
 {
  "fields": {
   "end_day": "2012-04-15",
   "end_time": "22:00:00",
   "exam": false,
   "labtut_section": null,
   "meeting_type": "EXAM",
   "offering": 89,
   "room": "",
   "start_day": "2012-04-15",
   "start_time": "19:00:00",
   "weekday": 6
  },
  "model": "coredata.meetingtime",
  "pk": 219
 },
 {
  "fields": {
   "config": "{}",
   "emplid": 200000101,
   "first_name": "Gregory",
   "last_name": "Baker",
   "middle_name": "Garnet",
   "pref_first_name": "Gregory",
   "userid": "ggbaker"
  },
  "model": "coredata.person",
  "pk": 16
 },
 {
  "fields": {
   "config": "{}",
   "emplid": 200000102,
   "first_name": "Bradley",
   "last_name": "Bart",
   "middle_name": "Stephen",
   "pref_first_name": "Bradley",
   "userid": "bbart"
  },
  "model": "coredata.person",
  "pk": 51
 },
 {
  "fields": {
   "config": "{}",
   "emplid": 200000103,
   "first_name": "Petra",
   "last_name": "Berenbrink",
   "middle_name": "",
   "pref_first_name": "Petra",
   "userid": "petra"
  },
  "model": "coredata.person",
  "pk": 34
 },
 {
  "fields": {
   "config": "{}",
   "emplid": 200000104,
   "first_name": "Binay",
   "last_name": "Bhattacharya",
   "middle_name": "",
   "pref_first_name": "Binay",
   "userid": "binay"
  },
  "model": "coredata.person",
  "pk": 33
 },
 {
  "fields": {
   "config": "{}",
   "emplid": 200000105,
   "first_name": "Andrei",
   "last_name": "Bulatov",
   "middle_name": "A.",
   "pref_first_name": "Andrei",
   "userid": "abulatov"
  },
  "model": "coredata.person",
  "pk": 45
 },
 {
  "fields": {
   "config": "{}",
   "emplid": 200000106,
   "first_name": "Robert",
   "last_name": "Cameron",
   "middle_name": "Douglas",
   "pref_first_name": "Robert",
   "userid": "cameron"
  },
  "model": "coredata.person",
  "pk": 44
 },
 {
  "fields": {
   "config": "{}",
   "emplid": 200000107,
   "first_name": "Bobby",
   "last_name": "Chan",
   "middle_name": "Chun Tung",
   "pref_first_name": "Bobby",
   "userid": "bobbyc"
  },
  "model": "coredata.person",
  "pk": 30
 },
 {
  "fields": {
   "config": "{}",
   "emplid": 200000108,
   "first_name": "Diana",
   "last_name": "Cukierman",
   "middle_name": "Raquel",
   "pref_first_name": "Diana",
   "userid": "diana"
  },
  "model": "coredata.person",
  "pk": 32
 },
 {
  "fields": {
   "config": "{}",
   "emplid": 200000109,
   "first_name": "James",
   "last_name": "Delgrande",
   "middle_name": "Patrick",
   "pref_first_name": "James",
   "userid": "jim"
  },
  "model": "coredata.person",
  "pk": 25
 },
 {
  "fields": {
   "config": "{}",
   "emplid": 200000110,
   "first_name": "Anthony",
   "last_name": "Dixon",
   "middle_name": "",
   "pref_first_name": "Anthony",
   "userid": "dixon"
  },
  "model": "coredata.person",
  "pk": 28
 },
 {
  "fields": {
   "config": "{}",
   "emplid": 200000111,
   "first_name": "Toby",
   "last_name": "Donaldson",
   "middle_name": "John",
   "pref_first_name": "Toby",
   "userid": "tjd"
  },
  "model": "coredata.person",
  "pk": 40
 },
 {
  "fields": {
   "config": "{}",
   "emplid": 200000112,
   "first_name": "Mark",
   "last_name": "Drew",
   "middle_name": "",
   "pref_first_name": "Mark",
   "userid": "mark"
  },
  "model": "coredata.person",
  "pk": 47
 },
 {
  "fields": {
   "config": "{}",
   "emplid": 200000113,
   "first_name": "John",
   "last_name": "Edgar",
   "middle_name": "William McCredie",
   "pref_first_name": "John",
   "userid": "johnwill"
  },
  "model": "coredata.person",
  "pk": 39
 },
 {
  "fields": {
   "config": "{}",
   "emplid": 200000114,
   "first_name": "Cristina",
   "last_name": "Eftenaru",
   "middle_name": "Loredana",
   "pref_first_name": "Cristina",
   "userid": "cle4"
  },
  "model": "coredata.person",
  "pk": 10
 },
 {
  "fields": {
   "config": "{}",
   "emplid": 200000115,
   "first_name": "Ayse",
   "last_name": "Ergun",
   "middle_name": "Funda",
   "pref_first_name": "Ayse",
   "userid": "funda"
  },
  "model": "coredata.person",
  "pk": 14
 },
 {
  "fields": {
   "config": "{}",
   "emplid": 200000116,
   "first_name": ".",
   "last_name": "Faculty",
   "middle_name": "",
   "pref_first_name": ".",
   "userid": null
  },
  "model": "coredata.person",
  "pk": 1
 },
 {
  "fields": {
   "config": "{}",
   "emplid": 200000117,
   "first_name": "Alexandra",
   "last_name": "Fedorova",
   "middle_name": "",
   "pref_first_name": "Alexandra",
   "userid": "fedorova"
  },
  "model": "coredata.person",
  "pk": 37
 },
 {
  "fields": {
   "config": "{}",
   "emplid": 200000118,
   "first_name": "Brian",
   "last_name": "Fraser",
   "middle_name": "",
   "pref_first_name": "Brian",
   "userid": "bfraser"
  },
  "model": "coredata.person",
  "pk": 29
 },
 {
  "fields": {
   "config": "{}",
   "emplid": 200000119,
   "first_name": "Uwe",
   "last_name": "Glaesser",
   "middle_name": "Peter",
   "pref_first_name": "Uwe",
   "userid": "glaesser"
  },
  "model": "coredata.person",
  "pk": 4
 },
 {
  "fields": {
   "config": "{}",
   "emplid": 200000193,
   "first_name": "Douglas",
   "last_name": "Gradstudent",
   "middle_name": "",
   "pref_first_name": "Doug",
   "userid": "0grad1"
  },
  "model": "coredata.person",
  "pk": 93
 },
 {
  "fields": {
   "config": "{}",
   "emplid": 200000120,
   "first_name": "Qianping",
   "last_name": "Gu",
   "middle_name": "",
   "pref_first_name": "Qianping",
   "userid": "qgu"
  },
  "model": "coredata.person",
  "pk": 18
 },
 {
  "fields": {
   "config": "{}",
   "emplid": 200000121,
   "first_name": "Louis",
   "last_name": "Hafer",
   "middle_name": "",
   "pref_first_name": "Louis",
   "userid": "lou"
  },
  "model": "coredata.person",
  "pk": 5
 },
 {
  "fields": {
   "config": "{}",
   "emplid": 200000122,
   "first_name": "Ghassan",
   "last_name": "Hamarneh",
   "middle_name": "",
   "pref_first_name": "Ghassan",
   "userid": "hamarneh"
  },
  "model": "coredata.person",
  "pk": 24
 },
 {
  "fields": {
   "config": "{}",
   "emplid": 200000123,
   "first_name": "Valentine",
   "last_name": "Kabanets",
   "middle_name": "Victorovich",
   "pref_first_name": "Valentine",
   "userid": "kabanets"
  },
  "model": "coredata.person",
  "pk": 26
 },
 {
  "fields": {
   "config": "{}",
   "emplid": 200000124,
   "first_name": "Hassan",
   "last_name": "Khosravi",
   "middle_name": "",
   "pref_first_name": "Hassan",
   "userid": "hkhosrav"
  },
  "model": "coredata.person",
  "pk": 23
 },
 {
  "fields": {
   "config": "{}",
   "emplid": 200000234,
   "first_name": "Susan",
   "last_name": "Kindersley",
   "middle_name": null,
   "pref_first_name": "sumo",
   "userid": "sumo"
  },
  "model": "coredata.person",
  "pk": 134
 },
 {
  "fields": {
   "config": "{}",
   "emplid": 200000125,
   "first_name": "Arthur",
   "last_name": "Kirkpatrick",
   "middle_name": "Edward",
   "pref_first_name": "Arthur",
   "userid": "ted"
  },
  "model": "coredata.person",
  "pk": 12
 },
 {
  "fields": {
   "config": "{}",
   "emplid": 200000126,
   "first_name": "Ramesh",
   "last_name": "Krishnamurti",
   "middle_name": "",
   "pref_first_name": "Ramesh",
   "userid": "ramesh"
  },
  "model": "coredata.person",
  "pk": 2
 },
 {
  "fields": {
   "config": "{}",
   "emplid": 200000127,
   "first_name": "Arthur",
   "last_name": "Liestman",
   "middle_name": "",
   "pref_first_name": "Arthur",
   "userid": "art"
  },
  "model": "coredata.person",
  "pk": 43
 },
 {
  "fields": {
   "config": "{}",
   "emplid": 200000128,
   "first_name": "Jiangchuan",
   "last_name": "Liu",
   "middle_name": "",
   "pref_first_name": "Jiangchuan",
   "userid": "jcliu"
  },
  "model": "coredata.person",
  "pk": 21
 },
 {
  "fields": {
   "config": "{}",
   "emplid": 200000129,
   "first_name": "Zhaosong",
   "last_name": "Lu",
   "middle_name": "",
   "pref_first_name": "Zhaosong",
   "userid": "zhaosong"
  },
  "model": "coredata.person",
  "pk": 49
 },
 {
  "fields": {
   "config": "{}",
   "emplid": 200000130,
   "first_name": "Wo-Shun",
   "last_name": "Luk",
   "middle_name": "",
   "pref_first_name": "Wo-Shun",
   "userid": "woshun"
  },
  "model": "coredata.person",
  "pk": 3
 },
 {
  "fields": {
   "config": "{}",
   "emplid": 200000131,
   "first_name": "Frances",
   "last_name": "McLafferty",
   "middle_name": "Helen",
   "pref_first_name": "Frances",
   "userid": "fmclaffe"
  },
  "model": "coredata.person",
  "pk": 11
 },
 {
  "fields": {
   "config": "{}",
   "emplid": 200000132,
   "first_name": "Kevin",
   "last_name": "McQuiggin",
   "middle_name": "William Lloyd",
   "pref_first_name": "Kevin",
   "userid": "mcquiggi"
  },
  "model": "coredata.person",
  "pk": 38
 },
 {
  "fields": {
   "config": "{}",
   "emplid": 200000133,
   "first_name": "David",
   "last_name": "Mitchell",
   "middle_name": "Geoffrey",
   "pref_first_name": "David",
   "userid": "dgm"
  },
  "model": "coredata.person",
  "pk": 42
 },
 {
  "fields": {
   "config": "{}",
   "emplid": 200000134,
   "first_name": "Gregory",
   "last_name": "Mori",
   "middle_name": "Peter",
   "pref_first_name": "Gregory",
   "userid": "mori"
  },
  "model": "coredata.person",
  "pk": 41
 },
 {
  "fields": {
   "config": "{}",
   "emplid": 200000135,
   "first_name": "Steven",
   "last_name": "Pearce",
   "middle_name": "James",
   "pref_first_name": "Steven",
   "userid": "stevenp"
  },
  "model": "coredata.person",
  "pk": 22
 },
 {
  "fields": {
   "config": "{}",
   "emplid": 200000136,
   "first_name": "Joseph",
   "last_name": "Peters",
   "middle_name": "Garnet",
   "pref_first_name": "Joseph",
   "userid": "peters"
  },
  "model": "coredata.person",
  "pk": 19
 },
 {
  "fields": {
   "config": "{}",
   "emplid": 200000137,
   "first_name": "Allen",
   "last_name": "Pike",
   "middle_name": "Jason",
   "pref_first_name": "Allen",
   "userid": null
  },
  "model": "coredata.person",
  "pk": 7
 },
 {
  "fields": {
   "config": "{}",
   "emplid": 200000138,
   "first_name": "Fred",
   "last_name": "Popowich",
   "middle_name": "",
   "pref_first_name": "Fred",
   "userid": "popowich"
  },
  "model": "coredata.person",
  "pk": 15
 },
 {
  "fields": {
   "config": "{}",
   "emplid": 200000139,
   "first_name": "Janice",
   "last_name": "Regan",
   "middle_name": "",
   "pref_first_name": "Janice",
   "userid": "jregan"
  },
  "model": "coredata.person",
  "pk": 6
 },
 {
  "fields": {
   "config": "{}",
   "emplid": 200000140,
   "first_name": "Danny",
   "last_name": "Ridinger",
   "middle_name": "Lynn",
   "pref_first_name": "Danny",
   "userid": null
  },
  "model": "coredata.person",
  "pk": 20
 },
 {
  "fields": {
   "config": "{}",
   "emplid": 200000141,
   "first_name": "Steven",
   "last_name": "Ruuth",
   "middle_name": "John",
   "pref_first_name": "Steven",
   "userid": "sruuth"
  },
  "model": "coredata.person",
  "pk": 48
 },
 {
  "fields": {
   "config": "{}",
   "emplid": 200000142,
   "first_name": "Anoop",
   "last_name": "Sarkar",
   "middle_name": "",
   "pref_first_name": "Anoop",
   "userid": "anoop"
  },
  "model": "coredata.person",
  "pk": 13
 },
 {
  "fields": {
   "config": "{}",
   "emplid": 200000143,
   "first_name": "Thomas",
   "last_name": "Shermer",
   "middle_name": "",
   "pref_first_name": "Thomas",
   "userid": "shermer"
  },
  "model": "coredata.person",
  "pk": 17
 },
 {
  "fields": {
   "config": "{}",
   "emplid": 200000144,
   "first_name": "Arrvindh",
   "last_name": "Shriraman",
   "middle_name": "",
   "pref_first_name": "Arrvindh",
   "userid": "ashriram"
  },
  "model": "coredata.person",
  "pk": 27
 },
 {
  "fields": {
   "config": "{}",
   "emplid": 200000145,
   "first_name": "Tamara",
   "last_name": "Smyth",
   "middle_name": "",
   "pref_first_name": "Tamara",
   "userid": "tamaras"
  },
  "model": "coredata.person",
  "pk": 36
 },
 {
  "fields": {
   "config": "{}",
   "emplid": 200000146,
   "first_name": "Colin",
   "last_name": "Stewart",
   "middle_name": "James",
   "pref_first_name": "Colin",
   "userid": null
  },
  "model": "coredata.person",
  "pk": 31
 },
 {
  "fields": {
   "config": "{}",
   "emplid": 200000178,
   "first_name": "Adbgciaq",
   "last_name": "Student",
   "middle_name": "",
   "pref_first_name": "Adbg",
   "userid": "0aaa25"
  },
  "model": "coredata.person",
  "pk": 78
 },
 {
  "fields": {
   "config": "{}",
   "emplid": 200000185,
   "first_name": "Aglumogq",
   "last_name": "Student",
   "middle_name": "",
   "pref_first_name": "Aglu",
   "userid": "0aaa32"
  },
  "model": "coredata.person",
  "pk": 85
 },
 {
  "fields": {
   "config": "{}",
   "emplid": 200000224,
   "first_name": "Ammvhwqv",
   "last_name": "Student",
   "middle_name": "",
   "pref_first_name": "Ammv",
   "userid": "0bbb30"
  },
  "model": "coredata.person",
  "pk": 124
 },
 {
  "fields": {
   "config": "{}",
   "emplid": 200000226,
   "first_name": "Aqulahuw",
   "last_name": "Student",
   "middle_name": "",
   "pref_first_name": "Aqul",
   "userid": "0bbb32"
  },
  "model": "coredata.person",
  "pk": 126
 },
 {
  "fields": {
   "config": "{}",
   "emplid": 200000186,
   "first_name": "Btcwkbim",
   "last_name": "Student",
   "middle_name": "",
   "pref_first_name": "Btcw",
   "userid": "0aaa33"
  },
  "model": "coredata.person",
  "pk": 86
 },
 {
  "fields": {
   "config": "{}",
   "emplid": 200000202,
   "first_name": "Dbnaxfgb",
   "last_name": "Student",
   "middle_name": "",
   "pref_first_name": "Dbna",
   "userid": "0bbb8"
  },
  "model": "coredata.person",
  "pk": 102
 },
 {
  "fields": {
   "config": "{}",
   "emplid": 200000196,
   "first_name": "Dhydqgsu",
   "last_name": "Student",
   "middle_name": "",
   "pref_first_name": "Dhyd",
   "userid": "0bbb2"
  },
  "model": "coredata.person",
  "pk": 96
 },
 {
  "fields": {
   "config": "{}",
   "emplid": 200000200,
   "first_name": "Difuwxae",
   "last_name": "Student",
   "middle_name": "",
   "pref_first_name": "Difu",
   "userid": "0bbb6"
  },
  "model": "coredata.person",
  "pk": 100
 },
 {
  "fields": {
   "config": "{}",
   "emplid": 200000190,
   "first_name": "Drykcaus",
   "last_name": "Student",
   "middle_name": "",
   "pref_first_name": "Dryk",
   "userid": "0aaa37"
  },
  "model": "coredata.person",
  "pk": 90
 },
 {
  "fields": {
   "config": "{}",
   "emplid": 200000204,
   "first_name": "Duehmcth",
   "last_name": "Student",
   "middle_name": "",
   "pref_first_name": "Dueh",
   "userid": "0bbb10"
  },
  "model": "coredata.person",
  "pk": 104
 },
 {
  "fields": {
   "config": "{}",
   "emplid": 200000170,
   "first_name": "Ezfgbljv",
   "last_name": "Student",
   "middle_name": "",
   "pref_first_name": "Ezfg",
   "userid": "0aaa17"
  },
  "model": "coredata.person",
  "pk": 70
 },
 {
  "fields": {
   "config": "{}",
   "emplid": 200000165,
   "first_name": "Fkimlihf",
   "last_name": "Student",
   "middle_name": "",
   "pref_first_name": "Fkim",
   "userid": "0aaa12"
  },
  "model": "coredata.person",
  "pk": 65
 },
 {
  "fields": {
   "config": "{}",
   "emplid": 200000182,
   "first_name": "Fqjlevbt",
   "last_name": "Student",
   "middle_name": "",
   "pref_first_name": "Fqjl",
   "userid": "0aaa29"
  },
  "model": "coredata.person",
  "pk": 82
 },
 {
  "fields": {
   "config": "{}",
   "emplid": 200000201,
   "first_name": "Gbxeasme",
   "last_name": "Student",
   "middle_name": "",
   "pref_first_name": "Gbxe",
   "userid": "0bbb7"
  },
  "model": "coredata.person",
  "pk": 101
 },
 {
  "fields": {
   "config": "{}",
   "emplid": 200000176,
   "first_name": "Gczymozd",
   "last_name": "Student",
   "middle_name": "",
   "pref_first_name": "Gczy",
   "userid": "0aaa23"
  },
  "model": "coredata.person",
  "pk": 76
 },
 {
  "fields": {
   "config": "{}",
   "emplid": 200000230,
   "first_name": "Gznklrlp",
   "last_name": "Student",
   "middle_name": "",
   "pref_first_name": "Gznk",
   "userid": "0bbb36"
  },
  "model": "coredata.person",
  "pk": 130
 },
 {
  "fields": {
   "config": "{}",
   "emplid": 200000222,
   "first_name": "Hdwzipfa",
   "last_name": "Student",
   "middle_name": "",
   "pref_first_name": "Hdwz",
   "userid": "0bbb28"
  },
  "model": "coredata.person",
  "pk": 122
 },
 {
  "fields": {
   "config": "{}",
   "emplid": 200000158,
   "first_name": "Heflkofa",
   "last_name": "Student",
   "middle_name": "",
   "pref_first_name": "Hefl",
   "userid": "0aaa5"
  },
  "model": "coredata.person",
  "pk": 58
 },
 {
  "fields": {
   "config": "{}",
   "emplid": 200000189,
   "first_name": "Hfanylvp",
   "last_name": "Student",
   "middle_name": "",
   "pref_first_name": "Hfan",
   "userid": "0aaa36"
  },
  "model": "coredata.person",
  "pk": 89
 },
 {
  "fields": {
   "config": "{}",
   "emplid": 200000171,
   "first_name": "H破agbudx",
   "last_name": "Student",
   "middle_name": "",
   "pref_first_name": "H破ag",
   "userid": "0aaa18"
  },
  "model": "coredata.person",
  "pk": 71
 },
 {
  "fields": {
   "config": "{}",
   "emplid": 200000191,
   "first_name": "Hzqnzntn",
   "last_name": "Student",
   "middle_name": "",
   "pref_first_name": "Hzqn",
   "userid": "0aaa38"
  },
  "model": "coredata.person",
  "pk": 91
 },
 {
  "fields": {
   "config": "{}",
   "emplid": 200000228,
   "first_name": "Ifroreje",
   "last_name": "Student",
   "middle_name": "",
   "pref_first_name": "Ifro",
   "userid": "0bbb34"
  },
  "model": "coredata.person",
  "pk": 128
 },
 {
  "fields": {
   "config": "{}",
   "emplid": 200000205,
   "first_name": "Igrepsla",
   "last_name": "Student",
   "middle_name": "",
   "pref_first_name": "Igre",
   "userid": "0bbb11"
  },
  "model": "coredata.person",
  "pk": 105
 },
 {
  "fields": {
   "config": "{}",
   "emplid": 200000218,
   "first_name": "Ipebslsb",
   "last_name": "Student",
   "middle_name": "",
   "pref_first_name": "Ipeb",
   "userid": "0bbb24"
  },
  "model": "coredata.person",
  "pk": 118
 },
 {
  "fields": {
   "config": "{}",
   "emplid": 200000209,
   "first_name": "Irrtefbd",
   "last_name": "Student",
   "middle_name": "",
   "pref_first_name": "Irrt",
   "userid": "0bbb15"
  },
  "model": "coredata.person",
  "pk": 109
 },
 {
  "fields": {
   "config": "{}",
   "emplid": 200000199,
   "first_name": "Isolnvob",
   "last_name": "Student",
   "middle_name": "",
   "pref_first_name": "Isol",
   "userid": "0bbb5"
  },
  "model": "coredata.person",
  "pk": 99
 },
 {
  "fields": {
   "config": "{}",
   "emplid": 200000173,
   "first_name": "Iumeirfo",
   "last_name": "Student",
   "middle_name": "",
   "pref_first_name": "Iume",
   "userid": "0aaa20"
  },
  "model": "coredata.person",
  "pk": 73
 },
 {
  "fields": {
   "config": "{}",
   "emplid": 200000232,
   "first_name": "Iuvebbar",
   "last_name": "Student",
   "middle_name": "",
   "pref_first_name": "Iuve",
   "userid": "0bbb38"
  },
  "model": "coredata.person",
  "pk": 132
 },
 {
  "fields": {
   "config": "{}",
   "emplid": 200000160,
   "first_name": "Ixczzbbb",
   "last_name": "Student",
   "middle_name": "",
   "pref_first_name": "Ixcz",
   "userid": "0aaa7"
  },
  "model": "coredata.person",
  "pk": 60
 },
 {
  "fields": {
   "config": "{}",
   "emplid": 200000184,
   "first_name": "Jhzokwhf",
   "last_name": "Student",
   "middle_name": "",
   "pref_first_name": "Jhzo",
   "userid": "0aaa31"
  },
  "model": "coredata.person",
  "pk": 84
 },
 {
  "fields": {
   "config": "{}",
   "emplid": 200000183,
   "first_name": "Jrbcytdm",
   "last_name": "Student破",
   "middle_name": "",
   "pref_first_name": "Jrbc",
   "userid": "0aaa30"
  },
  "model": "coredata.person",
  "pk": 83
 },
 {
  "fields": {
   "config": "{}",
   "emplid": 200000195,
   "first_name": "Jvgjzjiv",
   "last_name": "Student",
   "middle_name": "",
   "pref_first_name": "Jvgj",
   "userid": "0bbb1"
  },
  "model": "coredata.person",
  "pk": 95
 },
 {
  "fields": {
   "config": "{}",
   "emplid": 200000211,
   "first_name": "Jvgwksug",
   "last_name": "Student",
   "middle_name": "",
   "pref_first_name": "Jvgw",
   "userid": "0bbb17"
  },
  "model": "coredata.person",
  "pk": 111
 },
 {
  "fields": {
   "config": "{}",
   "emplid": 200000221,
   "first_name": "Kiiwszpx",
   "last_name": "Student",
   "middle_name": "",
   "pref_first_name": "Kiiw",
   "userid": "0bbb27"
  },
  "model": "coredata.person",
  "pk": 121
 },
 {
  "fields": {
   "config": "{}",
   "emplid": 200000206,
   "first_name": "Kzhjwwji",
   "last_name": "Student",
   "middle_name": "",
   "pref_first_name": "Kzhj",
   "userid": "0bbb12"
  },
  "model": "coredata.person",
  "pk": 106
 },
 {
  "fields": {
   "config": "{}",
   "emplid": 200000207,
   "first_name": "Lbhzhagu",
   "last_name": "Student",
   "middle_name": "",
   "pref_first_name": "Lbhz",
   "userid": "0bbb13"
  },
  "model": "coredata.person",
  "pk": 107
 },
 {
  "fields": {
   "config": "{}",
   "emplid": 200000180,
   "first_name": "Lektogko",
   "last_name": "Student",
   "middle_name": "",
   "pref_first_name": "Lekt",
   "userid": "0aaa27"
  },
  "model": "coredata.person",
  "pk": 80
 },
 {
  "fields": {
   "config": "{}",
   "emplid": 200000153,
   "first_name": "Llztenwi",
   "last_name": "Student",
   "middle_name": "",
   "pref_first_name": "Llzt",
   "userid": "0aaa0"
  },
  "model": "coredata.person",
  "pk": 53
 },
 {
  "fields": {
   "config": "{}",
   "emplid": 200000220,
   "first_name": "Lmhkzyuu",
   "last_name": "Student",
   "middle_name": "",
   "pref_first_name": "Lmhk",
   "userid": "0bbb26"
  },
  "model": "coredata.person",
  "pk": 120
 },
 {
  "fields": {
   "config": "{}",
   "emplid": 200000219,
   "first_name": "Lssoiyvl",
   "last_name": "Student",
   "middle_name": "",
   "pref_first_name": "Lsso",
   "userid": "0bbb25"
  },
  "model": "coredata.person",
  "pk": 119
 },
 {
  "fields": {
   "config": "{}",
   "emplid": 200000225,
   "first_name": "Lwxdxdqk",
   "last_name": "Student",
   "middle_name": "",
   "pref_first_name": "Lwxd",
   "userid": "0bbb31"
  },
  "model": "coredata.person",
  "pk": 125
 },
 {
  "fields": {
   "config": "{}",
   "emplid": 200000215,
   "first_name": "Mbzshrdj",
   "last_name": "Student",
   "middle_name": "",
   "pref_first_name": "Mbzs",
   "userid": "0bbb21"
  },
  "model": "coredata.person",
  "pk": 115
 },
 {
  "fields": {
   "config": "{}",
   "emplid": 200000198,
   "first_name": "Mfohazpx",
   "last_name": "Student",
   "middle_name": "",
   "pref_first_name": "Mfoh",
   "userid": "0bbb4"
  },
  "model": "coredata.person",
  "pk": 98
 },
 {
  "fields": {
   "config": "{}",
   "emplid": 200000229,
   "first_name": "Mrbrbdfn",
   "last_name": "Student",
   "middle_name": "",
   "pref_first_name": "Mrbr",
   "userid": "0bbb35"
  },
  "model": "coredata.person",
  "pk": 129
 },
 {
  "fields": {
   "config": "{}",
   "emplid": 200000155,
   "first_name": "Mstamkys",
   "last_name": "Student",
   "middle_name": "",
   "pref_first_name": "Msta",
   "userid": "0aaa2"
  },
  "model": "coredata.person",
  "pk": 55
 },
 {
  "fields": {
   "config": "{}",
   "emplid": 200000187,
   "first_name": "Mzftauri",
   "last_name": "Student",
   "middle_name": "",
   "pref_first_name": "Mzft",
   "userid": "0aaa34"
  },
  "model": "coredata.person",
  "pk": 87
 },
 {
  "fields": {
   "config": "{}",
   "emplid": 200000175,
   "first_name": "Nagztviz",
   "last_name": "Student",
   "middle_name": "",
   "pref_first_name": "Nagz",
   "userid": "0aaa22"
  },
  "model": "coredata.person",
  "pk": 75
 },
 {
  "fields": {
   "config": "{}",
   "emplid": 200000167,
   "first_name": "Nokdlxwh",
   "last_name": "Student",
   "middle_name": "",
   "pref_first_name": "Nokd",
   "userid": "0aaa14"
  },
  "model": "coredata.person",
  "pk": 67
 },
 {
  "fields": {
   "config": "{}",
   "emplid": 200000223,
   "first_name": "Nrjbordy",
   "last_name": "Student",
   "middle_name": "",
   "pref_first_name": "Nrjb",
   "userid": "0bbb29"
  },
  "model": "coredata.person",
  "pk": 123
 },
 {
  "fields": {
   "config": "{}",
   "emplid": 200000203,
   "first_name": "Nxhbqgkz",
   "last_name": "Student",
   "middle_name": "",
   "pref_first_name": "Nxhb",
   "userid": "0bbb9"
  },
  "model": "coredata.person",
  "pk": 103
 },
 {
  "fields": {
   "config": "{}",
   "emplid": 200000213,
   "first_name": "Obpwcamj",
   "last_name": "Student",
   "middle_name": "",
   "pref_first_name": "Obpw",
   "userid": "0bbb19"
  },
  "model": "coredata.person",
  "pk": 113
 },
 {
  "fields": {
   "config": "{}",
   "emplid": 200000216,
   "first_name": "Obtomojl",
   "last_name": "Student",
   "middle_name": "",
   "pref_first_name": "Obto",
   "userid": "0bbb22"
  },
  "model": "coredata.person",
  "pk": 116
 },
 {
  "fields": {
   "config": "{}",
   "emplid": 200000214,
   "first_name": "Ocohrnvx",
   "last_name": "Student",
   "middle_name": "",
   "pref_first_name": "Ocoh",
   "userid": "0bbb20"
  },
  "model": "coredata.person",
  "pk": 114
 },
 {
  "fields": {
   "config": "{}",
   "emplid": 200000181,
   "first_name": "Okfktxbq",
   "last_name": "Student",
   "middle_name": "",
   "pref_first_name": "Okfk",
   "userid": "0aaa28"
  },
  "model": "coredata.person",
  "pk": 81
 },
 {
  "fields": {
   "config": "{}",
   "emplid": 200000172,
   "first_name": "Oyyaitdt",
   "last_name": "Student",
   "middle_name": "",
   "pref_first_name": "Oyya",
   "userid": "0aaa19"
  },
  "model": "coredata.person",
  "pk": 72
 },
 {
  "fields": {
   "config": "{}",
   "emplid": 200000168,
   "first_name": "Phsloylb",
   "last_name": "Student",
   "middle_name": "",
   "pref_first_name": "Phsl",
   "userid": "0aaa15"
  },
  "model": "coredata.person",
  "pk": 68
 },
 {
  "fields": {
   "config": "{}",
   "emplid": 200000161,
   "first_name": "Pswohjpk",
   "last_name": "Student",
   "middle_name": "",
   "pref_first_name": "Pswo",
   "userid": "0aaa8"
  },
  "model": "coredata.person",
  "pk": 61
 },
 {
  "fields": {
   "config": "{}",
   "emplid": 200000192,
   "first_name": "Pttqqrwo",
   "last_name": "Student",
   "middle_name": "",
   "pref_first_name": "Pttq",
   "userid": "0aaa39"
  },
  "model": "coredata.person",
  "pk": 92
 },
 {
  "fields": {
   "config": "{}",
   "emplid": 200000174,
   "first_name": "Qjadycjl",
   "last_name": "Student",
   "middle_name": "",
   "pref_first_name": "Qjad",
   "userid": "0aaa21"
  },
  "model": "coredata.person",
  "pk": 74
 },
 {
  "fields": {
   "config": "{}",
   "emplid": 200000164,
   "first_name": "Rngqimvo",
   "last_name": "Student",
   "middle_name": "",
   "pref_first_name": "Rngq",
   "userid": "0aaa11"
  },
  "model": "coredata.person",
  "pk": 64
 },
 {
  "fields": {
   "config": "{}",
   "emplid": 200000154,
   "first_name": "Rtlusjjq",
   "last_name": "Student",
   "middle_name": "",
   "pref_first_name": "Rtlu",
   "userid": "0aaa1"
  },
  "model": "coredata.person",
  "pk": 54
 },
 {
  "fields": {
   "config": "{}",
   "emplid": 200000179,
   "first_name": "Tcuppiag",
   "last_name": "Student",
   "middle_name": "",
   "pref_first_name": "Tcup",
   "userid": "0aaa26"
  },
  "model": "coredata.person",
  "pk": 79
 },
 {
  "fields": {
   "config": "{}",
   "emplid": 200000197,
   "first_name": "Ttofgqcz",
   "last_name": "Student",
   "middle_name": "",
   "pref_first_name": "Ttof",
   "userid": "0bbb3"
  },
  "model": "coredata.person",
  "pk": 97
 },
 {
  "fields": {
   "config": "{}",
   "emplid": 200000208,
   "first_name": "Tyudsmuv",
   "last_name": "Student",
   "middle_name": "",
   "pref_first_name": "Tyud",
   "userid": "0bbb14"
  },
  "model": "coredata.person",
  "pk": 108
 },
 {
  "fields": {
   "config": "{}",
   "emplid": 200000212,
   "first_name": "Uvosksfc",
   "last_name": "Student",
   "middle_name": "",
   "pref_first_name": "Uvos",
   "userid": "0bbb18"
  },
  "model": "coredata.person",
  "pk": 112
 },
 {
  "fields": {
   "config": "{}",
   "emplid": 200000194,
   "first_name": "Uwckocik",
   "last_name": "Student",
   "middle_name": "",
   "pref_first_name": "Uwck",
   "userid": "0bbb0"
  },
  "model": "coredata.person",
  "pk": 94
 },
 {
  "fields": {
   "config": "{}",
   "emplid": 200000169,
   "first_name": "Vgemfdsa",
   "last_name": "Student",
   "middle_name": "",
   "pref_first_name": "Vgem",
   "userid": "0aaa16"
  },
  "model": "coredata.person",
  "pk": 69
 },
 {
  "fields": {
   "config": "{}",
   "emplid": 200000227,
   "first_name": "Vjqyrlfj",
   "last_name": "Student",
   "middle_name": "",
   "pref_first_name": "Vjqy",
   "userid": "0bbb33"
  },
  "model": "coredata.person",
  "pk": 127
 },
 {
  "fields": {
   "config": "{}",
   "emplid": 200000157,
   "first_name": "Vvzmxwek",
   "last_name": "Student",
   "middle_name": "",
   "pref_first_name": "Vvzm",
   "userid": "0aaa4"
  },
  "model": "coredata.person",
  "pk": 57
 },
 {
  "fields": {
   "config": "{}",
   "emplid": 200000177,
   "first_name": "Wmxqvmnz",
   "last_name": "Student",
   "middle_name": "",
   "pref_first_name": "Wmxq",
   "userid": "0aaa24"
  },
  "model": "coredata.person",
  "pk": 77
 },
 {
  "fields": {
   "config": "{}",
   "emplid": 200000210,
   "first_name": "Wnmefelh",
   "last_name": "Student",
   "middle_name": "",
   "pref_first_name": "Wnme",
   "userid": "0bbb16"
  },
  "model": "coredata.person",
  "pk": 110
 },
 {
  "fields": {
   "config": "{}",
   "emplid": 200000163,
   "first_name": "Wpfcvdei",
   "last_name": "Student",
   "middle_name": "",
   "pref_first_name": "Wpfc",
   "userid": "0aaa10"
  },
  "model": "coredata.person",
  "pk": 63
 },
 {
  "fields": {
   "config": "{}",
   "emplid": 200000166,
   "first_name": "Xcswexod",
   "last_name": "Student",
   "middle_name": "",
   "pref_first_name": "Xcsw",
   "userid": "0aaa13"
  },
  "model": "coredata.person",
  "pk": 66
 },
 {
  "fields": {
   "config": "{}",
   "emplid": 200000231,
   "first_name": "Xfxovnel",
   "last_name": "Student",
   "middle_name": "",
   "pref_first_name": "Xfxo",
   "userid": "0bbb37"
  },
  "model": "coredata.person",
  "pk": 131
 },
 {
  "fields": {
   "config": "{}",
   "emplid": 200000217,
   "first_name": "Xzvliflv",
   "last_name": "Student",
   "middle_name": "",
   "pref_first_name": "Xzvl",
   "userid": "0bbb23"
  },
  "model": "coredata.person",
  "pk": 117
 },
 {
  "fields": {
   "config": "{}",
   "emplid": 200000233,
   "first_name": "Ynhcnafi",
   "last_name": "Student",
   "middle_name": "",
   "pref_first_name": "Ynhc",
   "userid": "0bbb39"
  },
  "model": "coredata.person",
  "pk": 133
 },
 {
  "fields": {
   "config": "{}",
   "emplid": 200000162,
   "first_name": "Ywcrlsjo",
   "last_name": "Student",
   "middle_name": "",
   "pref_first_name": "Ywcr",
   "userid": "0aaa9"
  },
  "model": "coredata.person",
  "pk": 62
 },
 {
  "fields": {
   "config": "{}",
   "emplid": 200000188,
   "first_name": "Yykkrsir",
   "last_name": "Student",
   "middle_name": "",
   "pref_first_name": "Yykk",
   "userid": "0aaa35"
  },
  "model": "coredata.person",
  "pk": 88
 },
 {
  "fields": {
   "config": "{}",
   "emplid": 200000159,
   "first_name": "Yyscqeyi",
   "last_name": "Student",
   "middle_name": "",
   "pref_first_name": "Yysc",
   "userid": "0aaa6"
  },
  "model": "coredata.person",
  "pk": 59
 },
 {
  "fields": {
   "config": "{}",
   "emplid": 200000156,
   "first_name": "Zwyyuecr",
   "last_name": "Student",
   "middle_name": "",
   "pref_first_name": "Zwyy",
   "userid": "0aaa3"
  },
  "model": "coredata.person",
  "pk": 56
 },
 {
  "fields": {
   "config": "{}",
   "emplid": 200000147,
   "first_name": "Evgenia",
   "last_name": "Ternovska",
   "middle_name": "",
   "pref_first_name": "Evgenia",
   "userid": "ter"
  },
  "model": "coredata.person",
  "pk": 35
 },
 {
  "fields": {
   "config": "{}",
   "emplid": 200000148,
   "first_name": "Richard",
   "last_name": "Vaughan",
   "middle_name": "Terence",
   "pref_first_name": "Richard",
   "userid": "vaughan"
  },
  "model": "coredata.person",
  "pk": 46
 },
 {
  "fields": {
   "config": "{}",
   "emplid": 200000149,
   "first_name": "Ke",
   "last_name": "Wang",
   "middle_name": "",
   "pref_first_name": "Ke",
   "userid": "wangk"
  },
  "model": "coredata.person",
  "pk": 9
 },
 {
  "fields": {
   "config": "{}",
   "emplid": 200000150,
   "first_name": "Kay",
   "last_name": "Wiese",
   "middle_name": "C.",
   "pref_first_name": "Kay",
   "userid": "kwiese"
  },
  "model": "coredata.person",
  "pk": 52
 },
 {
  "fields": {
   "config": "{}",
   "emplid": 200000151,
   "first_name": "Karen",
   "last_name": "Yeats",
   "middle_name": "",
   "pref_first_name": "Karen",
   "userid": "kya17"
  },
  "model": "coredata.person",
  "pk": 50
 },
 {
  "fields": {
   "config": "{}",
   "emplid": 200000152,
   "first_name": "Hao",
   "last_name": "Zhang",
   "middle_name": "",
   "pref_first_name": "Hao",
   "userid": "haoz"
  },
  "model": "coredata.person",
  "pk": 8
 },
 {
  "fields": {
   "config": "{}",
   "emplid": 200000235,
   "first_name": "Danyu",
   "last_name": "Zhao",
   "middle_name": null,
   "pref_first_name": "Danyu",
   "userid": "dzhao"
  },
  "model": "coredata.person",
  "pk": 135
 },
 {
  "fields": {
   "added_reason": "AUTO",
   "career": "NONS",
   "config": "{}",
   "credits": 0,
   "labtut_section": null,
   "offering": 67,
   "person": 33,
   "role": "INST"
  },
  "model": "coredata.member",
  "pk": 63
 },
 {
  "fields": {
   "added_reason": "AUTO",
   "career": "NONS",
   "config": "{}",
   "credits": 0,
   "labtut_section": null,
   "offering": 66,
   "person": 28,
   "role": "INST"
  },
  "model": "coredata.member",
  "pk": 62
 },
 {
  "fields": {
   "added_reason": "AUTO",
   "career": "NONS",
   "config": "{}",
   "credits": 0,
   "labtut_section": null,
   "offering": 77,
   "person": 38,
   "role": "INST"
  },
  "model": "coredata.member",
  "pk": 72
 },
 {
  "fields": {
   "added_reason": "AUTO",
   "career": "NONS",
   "config": "{}",
   "credits": 0,
   "labtut_section": null,
   "offering": 78,
   "person": 39,
   "role": "INST"
  },
  "model": "coredata.member",
  "pk": 73
 },
 {
  "fields": {
   "added_reason": "AUTO",
   "career": "NONS",
   "config": "{}",
   "credits": 0,
   "labtut_section": null,
   "offering": 79,
   "person": 32,
   "role": "INST"
  },
  "model": "coredata.member",
  "pk": 74
 },
 {
  "fields": {
   "added_reason": "AUTO",
   "career": "NONS",
   "config": "{}",
   "credits": 0,
   "labtut_section": null,
   "offering": 80,
   "person": 40,
   "role": "INST"
  },
  "model": "coredata.member",
  "pk": 75
 },
 {
  "fields": {
   "added_reason": "AUTO",
   "career": "NONS",
   "config": "{}",
   "credits": 0,
   "labtut_section": null,
   "offering": 81,
   "person": 39,
   "role": "INST"
  },
  "model": "coredata.member",
  "pk": 76
 },
 {
  "fields": {
   "added_reason": "AUTO",
   "career": "NONS",
   "config": "{}",
   "credits": 0,
   "labtut_section": null,
   "offering": 62,
   "person": 28,
   "role": "INST"
  },
  "model": "coredata.member",
  "pk": 59
 },
 {
  "fields": {
   "added_reason": "AUTO",
   "career": "NONS",
   "config": "{}",
   "credits": 0,
   "labtut_section": null,
   "offering": 63,
   "person": 5,
   "role": "INST"
  },
  "model": "coredata.member",
  "pk": 60
 },
 {
  "fields": {
   "added_reason": "AUTO",
   "career": "NONS",
   "config": "{}",
   "credits": 0,
   "labtut_section": null,
   "offering": 65,
   "person": 32,
   "role": "INST"
  },
  "model": "coredata.member",
  "pk": 61
 },
 {
  "fields": {
   "added_reason": "AUTO",
   "career": "NONS",
   "config": "{}",
   "credits": 0,
   "labtut_section": null,
   "offering": 56,
   "person": 16,
   "role": "INST"
  },
  "model": "coredata.member",
  "pk": 54
 },
 {
  "fields": {
   "added_reason": "AUTO",
   "career": "NONS",
   "config": "{}",
   "credits": 0,
   "labtut_section": null,
   "offering": 56,
   "person": 93,
   "role": "TA"
  },
  "model": "coredata.member",
  "pk": 142
 },
 {
  "fields": {
   "added_reason": "AUTO",
   "career": "UGRD",
   "config": "{}",
   "credits": 3,
   "labtut_section": "D102",
   "offering": 56,
   "person": 78,
   "role": "STUD"
  },
  "model": "coredata.member",
  "pk": 127
 },
 {
  "fields": {
   "added_reason": "AUTO",
   "career": "UGRD",
   "config": "{}",
   "credits": 3,
   "labtut_section": "D102",
   "offering": 56,
   "person": 85,
   "role": "STUD"
  },
  "model": "coredata.member",
  "pk": 134
 },
 {
  "fields": {
   "added_reason": "AUTO",
   "career": "UGRD",
   "config": "{}",
   "credits": 3,
   "labtut_section": "D103",
   "offering": 56,
   "person": 86,
   "role": "STUD"
  },
  "model": "coredata.member",
  "pk": 135
 },
 {
  "fields": {
   "added_reason": "AUTO",
   "career": "UGRD",
   "config": "{}",
   "credits": 3,
   "labtut_section": "D102",
   "offering": 56,
   "person": 90,
   "role": "STUD"
  },
  "model": "coredata.member",
  "pk": 139
 },
 {
  "fields": {
   "added_reason": "AUTO",
   "career": "UGRD",
   "config": "{}",
   "credits": 3,
   "labtut_section": "D103",
   "offering": 56,
   "person": 70,
   "role": "STUD"
  },
  "model": "coredata.member",
  "pk": 119
 },
 {
  "fields": {
   "added_reason": "AUTO",
   "career": "UGRD",
   "config": "{}",
   "credits": 3,
   "labtut_section": "D101",
   "offering": 56,
   "person": 65,
   "role": "STUD"
  },
  "model": "coredata.member",
  "pk": 114
 },
 {
  "fields": {
   "added_reason": "AUTO",
   "career": "UGRD",
   "config": "{}",
   "credits": 3,
   "labtut_section": "D104",
   "offering": 56,
   "person": 82,
   "role": "STUD"
  },
  "model": "coredata.member",
  "pk": 131
 },
 {
  "fields": {
   "added_reason": "AUTO",
   "career": "UGRD",
   "config": "{}",
   "credits": 3,
   "labtut_section": "D102",
   "offering": 56,
   "person": 76,
   "role": "STUD"
  },
  "model": "coredata.member",
  "pk": 125
 },
 {
  "fields": {
   "added_reason": "AUTO",
   "career": "UGRD",
   "config": "{}",
   "credits": 3,
   "labtut_section": "D102",
   "offering": 56,
   "person": 58,
   "role": "STUD"
  },
  "model": "coredata.member",
  "pk": 107
 },
 {
  "fields": {
   "added_reason": "AUTO",
   "career": "UGRD",
   "config": "{}",
   "credits": 3,
   "labtut_section": "D101",
   "offering": 56,
   "person": 89,
   "role": "STUD"
  },
  "model": "coredata.member",
  "pk": 138
 },
 {
  "fields": {
   "added_reason": "AUTO",
   "career": "UGRD",
   "config": "{}",
   "credits": 3,
   "labtut_section": "D104",
   "offering": 56,
   "person": 71,
   "role": "STUD"
  },
  "model": "coredata.member",
  "pk": 120
 },
 {
  "fields": {
   "added_reason": "AUTO",
   "career": "UGRD",
   "config": "{}",
   "credits": 3,
   "labtut_section": "D102",
   "offering": 56,
   "person": 91,
   "role": "STUD"
  },
  "model": "coredata.member",
  "pk": 140
 },
 {
  "fields": {
   "added_reason": "AUTO",
   "career": "UGRD",
   "config": "{}",
   "credits": 3,
   "labtut_section": "D101",
   "offering": 56,
   "person": 73,
   "role": "STUD"
  },
  "model": "coredata.member",
  "pk": 122
 },
 {
  "fields": {
   "added_reason": "AUTO",
   "career": "UGRD",
   "config": "{}",
   "credits": 3,
   "labtut_section": "D103",
   "offering": 56,
   "person": 60,
   "role": "STUD"
  },
  "model": "coredata.member",
  "pk": 109
 },
 {
  "fields": {
   "added_reason": "AUTO",
   "career": "UGRD",
   "config": "{}",
   "credits": 3,
   "labtut_section": "D101",
   "offering": 56,
   "person": 84,
   "role": "STUD"
  },
  "model": "coredata.member",
  "pk": 133
 },
 {
  "fields": {
   "added_reason": "AUTO",
   "career": "UGRD",
   "config": "{}",
   "credits": 3,
   "labtut_section": "D102",
   "offering": 56,
   "person": 83,
   "role": "STUD"
  },
  "model": "coredata.member",
  "pk": 132
 },
 {
  "fields": {
   "added_reason": "AUTO",
   "career": "UGRD",
   "config": "{}",
   "credits": 3,
   "labtut_section": "D103",
   "offering": 56,
   "person": 80,
   "role": "STUD"
  },
  "model": "coredata.member",
  "pk": 129
 },
 {
  "fields": {
   "added_reason": "AUTO",
   "career": "UGRD",
   "config": "{}",
   "credits": 3,
   "labtut_section": "D102",
   "offering": 56,
   "person": 53,
   "role": "STUD"
  },
  "model": "coredata.member",
  "pk": 102
 },
 {
  "fields": {
   "added_reason": "AUTO",
   "career": "UGRD",
   "config": "{}",
   "credits": 3,
   "labtut_section": "D104",
   "offering": 56,
   "person": 55,
   "role": "STUD"
  },
  "model": "coredata.member",
  "pk": 104
 },
 {
  "fields": {
   "added_reason": "AUTO",
   "career": "UGRD",
   "config": "{}",
   "credits": 3,
   "labtut_section": "D104",
   "offering": 56,
   "person": 87,
   "role": "STUD"
  },
  "model": "coredata.member",
  "pk": 136
 },
 {
  "fields": {
   "added_reason": "AUTO",
   "career": "UGRD",
   "config": "{}",
   "credits": 3,
   "labtut_section": "D103",
   "offering": 56,
   "person": 75,
   "role": "STUD"
  },
  "model": "coredata.member",
  "pk": 124
 },
 {
  "fields": {
   "added_reason": "AUTO",
   "career": "UGRD",
   "config": "{}",
   "credits": 3,
   "labtut_section": "D102",
   "offering": 56,
   "person": 67,
   "role": "STUD"
  },
  "model": "coredata.member",
  "pk": 116
 },
 {
  "fields": {
   "added_reason": "AUTO",
   "career": "UGRD",
   "config": "{}",
   "credits": 3,
   "labtut_section": "D102",
   "offering": 56,
   "person": 81,
   "role": "STUD"
  },
  "model": "coredata.member",
  "pk": 130
 },
 {
  "fields": {
   "added_reason": "AUTO",
   "career": "UGRD",
   "config": "{}",
   "credits": 3,
   "labtut_section": "D102",
   "offering": 56,
   "person": 72,
   "role": "STUD"
  },
  "model": "coredata.member",
  "pk": 121
 },
 {
  "fields": {
   "added_reason": "AUTO",
   "career": "UGRD",
   "config": "{}",
   "credits": 3,
   "labtut_section": "D104",
   "offering": 56,
   "person": 68,
   "role": "STUD"
  },
  "model": "coredata.member",
  "pk": 117
 },
 {
  "fields": {
   "added_reason": "AUTO",
   "career": "UGRD",
   "config": "{}",
   "credits": 3,
   "labtut_section": "D102",
   "offering": 56,
   "person": 61,
   "role": "STUD"
  },
  "model": "coredata.member",
  "pk": 110
 },
 {
  "fields": {
   "added_reason": "AUTO",
   "career": "UGRD",
   "config": "{}",
   "credits": 3,
   "labtut_section": "D102",
   "offering": 56,
   "person": 92,
   "role": "STUD"
  },
  "model": "coredata.member",
  "pk": 141
 },
 {
  "fields": {
   "added_reason": "AUTO",
   "career": "UGRD",
   "config": "{}",
   "credits": 3,
   "labtut_section": "D103",
   "offering": 56,
   "person": 74,
   "role": "STUD"
  },
  "model": "coredata.member",
  "pk": 123
 },
 {
  "fields": {
   "added_reason": "AUTO",
   "career": "UGRD",
   "config": "{}",
   "credits": 3,
   "labtut_section": "D104",
   "offering": 56,
   "person": 64,
   "role": "STUD"
  },
  "model": "coredata.member",
  "pk": 113
 },
 {
  "fields": {
   "added_reason": "AUTO",
   "career": "UGRD",
   "config": "{}",
   "credits": 3,
   "labtut_section": "D104",
   "offering": 56,
   "person": 54,
   "role": "STUD"
  },
  "model": "coredata.member",
  "pk": 103
 },
 {
  "fields": {
   "added_reason": "AUTO",
   "career": "UGRD",
   "config": "{}",
   "credits": 3,
   "labtut_section": "D104",
   "offering": 56,
   "person": 79,
   "role": "STUD"
  },
  "model": "coredata.member",
  "pk": 128
 },
 {
  "fields": {
   "added_reason": "AUTO",
   "career": "UGRD",
   "config": "{}",
   "credits": 3,
   "labtut_section": "D101",
   "offering": 56,
   "person": 69,
   "role": "STUD"
  },
  "model": "coredata.member",
  "pk": 118
 },
 {
  "fields": {
   "added_reason": "AUTO",
   "career": "UGRD",
   "config": "{}",
   "credits": 3,
   "labtut_section": "D103",
   "offering": 56,
   "person": 57,
   "role": "STUD"
  },
  "model": "coredata.member",
  "pk": 106
 },
 {
  "fields": {
   "added_reason": "AUTO",
   "career": "UGRD",
   "config": "{}",
   "credits": 3,
   "labtut_section": "D103",
   "offering": 56,
   "person": 77,
   "role": "STUD"
  },
  "model": "coredata.member",
  "pk": 126
 },
 {
  "fields": {
   "added_reason": "AUTO",
   "career": "UGRD",
   "config": "{}",
   "credits": 3,
   "labtut_section": "D102",
   "offering": 56,
   "person": 63,
   "role": "STUD"
  },
  "model": "coredata.member",
  "pk": 112
 },
 {
  "fields": {
   "added_reason": "AUTO",
   "career": "UGRD",
   "config": "{}",
   "credits": 3,
   "labtut_section": "D101",
   "offering": 56,
   "person": 66,
   "role": "STUD"
  },
  "model": "coredata.member",
  "pk": 115
 },
 {
  "fields": {
   "added_reason": "AUTO",
   "career": "UGRD",
   "config": "{}",
   "credits": 3,
   "labtut_section": "D101",
   "offering": 56,
   "person": 62,
   "role": "STUD"
  },
  "model": "coredata.member",
  "pk": 111
 },
 {
  "fields": {
   "added_reason": "AUTO",
   "career": "UGRD",
   "config": "{}",
   "credits": 3,
   "labtut_section": "D103",
   "offering": 56,
   "person": 88,
   "role": "STUD"
  },
  "model": "coredata.member",
  "pk": 137
 },
 {
  "fields": {
   "added_reason": "AUTO",
   "career": "UGRD",
   "config": "{}",
   "credits": 3,
   "labtut_section": "D101",
   "offering": 56,
   "person": 59,
   "role": "STUD"
  },
  "model": "coredata.member",
  "pk": 108
 },
 {
  "fields": {
   "added_reason": "AUTO",
   "career": "UGRD",
   "config": "{}",
   "credits": 3,
   "labtut_section": "D101",
   "offering": 56,
   "person": 56,
   "role": "STUD"
  },
  "model": "coredata.member",
  "pk": 105
 },
 {
  "fields": {
   "added_reason": "AUTO",
   "career": "NONS",
   "config": "{}",
   "credits": 0,
   "labtut_section": null,
   "offering": 57,
   "person": 16,
   "role": "INST"
  },
  "model": "coredata.member",
  "pk": 55
 },
 {
  "fields": {
   "added_reason": "AUTO",
   "career": "NONS",
   "config": "{}",
   "credits": 0,
   "labtut_section": null,
   "offering": 58,
   "person": 16,
   "role": "INST"
  },
  "model": "coredata.member",
  "pk": 56
 },
 {
  "fields": {
   "added_reason": "AUTO",
   "career": "NONS",
   "config": "{}",
   "credits": 0,
   "labtut_section": null,
   "offering": 59,
   "person": 30,
   "role": "INST"
  },
  "model": "coredata.member",
  "pk": 57
 },
 {
  "fields": {
   "added_reason": "AUTO",
   "career": "NONS",
   "config": "{}",
   "credits": 0,
   "labtut_section": null,
   "offering": 60,
   "person": 31,
   "role": "INST"
  },
  "model": "coredata.member",
  "pk": 58
 },
 {
  "fields": {
   "added_reason": "AUTO",
   "career": "NONS",
   "config": "{\"origsection\": \"2012sp-cmpt-165-c3\"}",
   "credits": 0,
   "labtut_section": null,
   "offering": 113,
   "person": 16,
   "role": "INST"
  },
  "model": "coredata.member",
  "pk": 183
 },
 {
  "fields": {
   "added_reason": "AUTO",
   "career": "NONS",
   "config": "{\"origsection\": \"2012sp-cmpt-165-c1\"}",
   "credits": 0,
   "labtut_section": null,
   "offering": 113,
   "person": 93,
   "role": "TA"
  },
  "model": "coredata.member",
  "pk": 184
 },
 {
  "fields": {
   "added_reason": "AUTO",
   "career": "UGRD",
   "config": "{\"origsection\": \"2012sp-cmpt-165-c1\"}",
   "credits": 3,
   "labtut_section": "D102",
   "offering": 113,
   "person": 78,
   "role": "STUD"
  },
  "model": "coredata.member",
  "pk": 185
 },
 {
  "fields": {
   "added_reason": "AUTO",
   "career": "UGRD",
   "config": "{\"origsection\": \"2012sp-cmpt-165-c1\"}",
   "credits": 3,
   "labtut_section": "D102",
   "offering": 113,
   "person": 85,
   "role": "STUD"
  },
  "model": "coredata.member",
  "pk": 186
 },
 {
  "fields": {
   "added_reason": "AUTO",
   "career": "UGRD",
   "config": "{\"origsection\": \"2012sp-cmpt-165-c1\"}",
   "credits": 3,
   "labtut_section": "D103",
   "offering": 113,
   "person": 86,
   "role": "STUD"
  },
  "model": "coredata.member",
  "pk": 187
 },
 {
  "fields": {
   "added_reason": "AUTO",
   "career": "UGRD",
   "config": "{\"origsection\": \"2012sp-cmpt-165-c1\"}",
   "credits": 3,
   "labtut_section": "D102",
   "offering": 113,
   "person": 90,
   "role": "STUD"
  },
  "model": "coredata.member",
  "pk": 188
 },
 {
  "fields": {
   "added_reason": "AUTO",
   "career": "UGRD",
   "config": "{\"origsection\": \"2012sp-cmpt-165-c1\"}",
   "credits": 3,
   "labtut_section": "D103",
   "offering": 113,
   "person": 70,
   "role": "STUD"
  },
  "model": "coredata.member",
  "pk": 189
 },
 {
  "fields": {
   "added_reason": "AUTO",
   "career": "UGRD",
   "config": "{\"origsection\": \"2012sp-cmpt-165-c1\"}",
   "credits": 3,
   "labtut_section": "D101",
   "offering": 113,
   "person": 65,
   "role": "STUD"
  },
  "model": "coredata.member",
  "pk": 190
 },
 {
  "fields": {
   "added_reason": "AUTO",
   "career": "UGRD",
   "config": "{\"origsection\": \"2012sp-cmpt-165-c1\"}",
   "credits": 3,
   "labtut_section": "D104",
   "offering": 113,
   "person": 82,
   "role": "STUD"
  },
  "model": "coredata.member",
  "pk": 191
 },
 {
  "fields": {
   "added_reason": "AUTO",
   "career": "UGRD",
   "config": "{\"origsection\": \"2012sp-cmpt-165-c1\"}",
   "credits": 3,
   "labtut_section": "D102",
   "offering": 113,
   "person": 76,
   "role": "STUD"
  },
  "model": "coredata.member",
  "pk": 192
 },
 {
  "fields": {
   "added_reason": "AUTO",
   "career": "UGRD",
   "config": "{\"origsection\": \"2012sp-cmpt-165-c1\"}",
   "credits": 3,
   "labtut_section": "D102",
   "offering": 113,
   "person": 58,
   "role": "STUD"
  },
  "model": "coredata.member",
  "pk": 193
 },
 {
  "fields": {
   "added_reason": "AUTO",
   "career": "UGRD",
   "config": "{\"origsection\": \"2012sp-cmpt-165-c1\"}",
   "credits": 3,
   "labtut_section": "D101",
   "offering": 113,
   "person": 89,
   "role": "STUD"
  },
  "model": "coredata.member",
  "pk": 194
 },
 {
  "fields": {
   "added_reason": "AUTO",
   "career": "UGRD",
   "config": "{\"origsection\": \"2012sp-cmpt-165-c1\"}",
   "credits": 3,
   "labtut_section": "D104",
   "offering": 113,
   "person": 71,
   "role": "STUD"
  },
  "model": "coredata.member",
  "pk": 195
 },
 {
  "fields": {
   "added_reason": "AUTO",
   "career": "UGRD",
   "config": "{\"origsection\": \"2012sp-cmpt-165-c1\"}",
   "credits": 3,
   "labtut_section": "D102",
   "offering": 113,
   "person": 91,
   "role": "STUD"
  },
  "model": "coredata.member",
  "pk": 196
 },
 {
  "fields": {
   "added_reason": "AUTO",
   "career": "UGRD",
   "config": "{\"origsection\": \"2012sp-cmpt-165-c1\"}",
   "credits": 3,
   "labtut_section": "D101",
   "offering": 113,
   "person": 73,
   "role": "STUD"
  },
  "model": "coredata.member",
  "pk": 197
 },
 {
  "fields": {
   "added_reason": "AUTO",
   "career": "UGRD",
   "config": "{\"origsection\": \"2012sp-cmpt-165-c1\"}",
   "credits": 3,
   "labtut_section": "D103",
   "offering": 113,
   "person": 60,
   "role": "STUD"
  },
  "model": "coredata.member",
  "pk": 198
 },
 {
  "fields": {
   "added_reason": "AUTO",
   "career": "UGRD",
   "config": "{\"origsection\": \"2012sp-cmpt-165-c1\"}",
   "credits": 3,
   "labtut_section": "D101",
   "offering": 113,
   "person": 84,
   "role": "STUD"
  },
  "model": "coredata.member",
  "pk": 199
 },
 {
  "fields": {
   "added_reason": "AUTO",
   "career": "UGRD",
   "config": "{\"origsection\": \"2012sp-cmpt-165-c1\"}",
   "credits": 3,
   "labtut_section": "D102",
   "offering": 113,
   "person": 83,
   "role": "STUD"
  },
  "model": "coredata.member",
  "pk": 200
 },
 {
  "fields": {
   "added_reason": "AUTO",
   "career": "UGRD",
   "config": "{\"origsection\": \"2012sp-cmpt-165-c1\"}",
   "credits": 3,
   "labtut_section": "D103",
   "offering": 113,
   "person": 80,
   "role": "STUD"
  },
  "model": "coredata.member",
  "pk": 201
 },
 {
  "fields": {
   "added_reason": "AUTO",
   "career": "UGRD",
   "config": "{\"origsection\": \"2012sp-cmpt-165-c1\"}",
   "credits": 3,
   "labtut_section": "D102",
   "offering": 113,
   "person": 53,
   "role": "STUD"
  },
  "model": "coredata.member",
  "pk": 202
 },
 {
  "fields": {
   "added_reason": "AUTO",
   "career": "UGRD",
   "config": "{\"origsection\": \"2012sp-cmpt-165-c1\"}",
   "credits": 3,
   "labtut_section": "D104",
   "offering": 113,
   "person": 55,
   "role": "STUD"
  },
  "model": "coredata.member",
  "pk": 203
 },
 {
  "fields": {
   "added_reason": "AUTO",
   "career": "UGRD",
   "config": "{\"origsection\": \"2012sp-cmpt-165-c1\"}",
   "credits": 3,
   "labtut_section": "D104",
   "offering": 113,
   "person": 87,
   "role": "STUD"
  },
  "model": "coredata.member",
  "pk": 204
 },
 {
  "fields": {
   "added_reason": "AUTO",
   "career": "UGRD",
   "config": "{\"origsection\": \"2012sp-cmpt-165-c1\"}",
   "credits": 3,
   "labtut_section": "D103",
   "offering": 113,
   "person": 75,
   "role": "STUD"
  },
  "model": "coredata.member",
  "pk": 205
 },
 {
  "fields": {
   "added_reason": "AUTO",
   "career": "UGRD",
   "config": "{\"origsection\": \"2012sp-cmpt-165-c1\"}",
   "credits": 3,
   "labtut_section": "D102",
   "offering": 113,
   "person": 67,
   "role": "STUD"
  },
  "model": "coredata.member",
  "pk": 206
 },
 {
  "fields": {
   "added_reason": "AUTO",
   "career": "UGRD",
   "config": "{\"origsection\": \"2012sp-cmpt-165-c1\"}",
   "credits": 3,
   "labtut_section": "D102",
   "offering": 113,
   "person": 81,
   "role": "STUD"
  },
  "model": "coredata.member",
  "pk": 207
 },
 {
  "fields": {
   "added_reason": "AUTO",
   "career": "UGRD",
   "config": "{\"origsection\": \"2012sp-cmpt-165-c1\"}",
   "credits": 3,
   "labtut_section": "D102",
   "offering": 113,
   "person": 72,
   "role": "STUD"
  },
  "model": "coredata.member",
  "pk": 208
 },
 {
  "fields": {
   "added_reason": "AUTO",
   "career": "UGRD",
   "config": "{\"origsection\": \"2012sp-cmpt-165-c1\"}",
   "credits": 3,
   "labtut_section": "D104",
   "offering": 113,
   "person": 68,
   "role": "STUD"
  },
  "model": "coredata.member",
  "pk": 209
 },
 {
  "fields": {
   "added_reason": "AUTO",
   "career": "UGRD",
   "config": "{\"origsection\": \"2012sp-cmpt-165-c1\"}",
   "credits": 3,
   "labtut_section": "D102",
   "offering": 113,
   "person": 61,
   "role": "STUD"
  },
  "model": "coredata.member",
  "pk": 210
 },
 {
  "fields": {
   "added_reason": "AUTO",
   "career": "UGRD",
   "config": "{\"origsection\": \"2012sp-cmpt-165-c1\"}",
   "credits": 3,
   "labtut_section": "D102",
   "offering": 113,
   "person": 92,
   "role": "STUD"
  },
  "model": "coredata.member",
  "pk": 211
 },
 {
  "fields": {
   "added_reason": "AUTO",
   "career": "UGRD",
   "config": "{\"origsection\": \"2012sp-cmpt-165-c1\"}",
   "credits": 3,
   "labtut_section": "D103",
   "offering": 113,
   "person": 74,
   "role": "STUD"
  },
  "model": "coredata.member",
  "pk": 212
 },
 {
  "fields": {
   "added_reason": "AUTO",
   "career": "UGRD",
   "config": "{\"origsection\": \"2012sp-cmpt-165-c1\"}",
   "credits": 3,
   "labtut_section": "D104",
   "offering": 113,
   "person": 64,
   "role": "STUD"
  },
  "model": "coredata.member",
  "pk": 213
 },
 {
  "fields": {
   "added_reason": "AUTO",
   "career": "UGRD",
   "config": "{\"origsection\": \"2012sp-cmpt-165-c1\"}",
   "credits": 3,
   "labtut_section": "D104",
   "offering": 113,
   "person": 54,
   "role": "STUD"
  },
  "model": "coredata.member",
  "pk": 214
 },
 {
  "fields": {
   "added_reason": "AUTO",
   "career": "UGRD",
   "config": "{\"origsection\": \"2012sp-cmpt-165-c1\"}",
   "credits": 3,
   "labtut_section": "D104",
   "offering": 113,
   "person": 79,
   "role": "STUD"
  },
  "model": "coredata.member",
  "pk": 215
 },
 {
  "fields": {
   "added_reason": "AUTO",
   "career": "UGRD",
   "config": "{\"origsection\": \"2012sp-cmpt-165-c1\"}",
   "credits": 3,
   "labtut_section": "D101",
   "offering": 113,
   "person": 69,
   "role": "STUD"
  },
  "model": "coredata.member",
  "pk": 216
 },
 {
  "fields": {
   "added_reason": "AUTO",
   "career": "UGRD",
   "config": "{\"origsection\": \"2012sp-cmpt-165-c1\"}",
   "credits": 3,
   "labtut_section": "D103",
   "offering": 113,
   "person": 57,
   "role": "STUD"
  },
  "model": "coredata.member",
  "pk": 217
 },
 {
  "fields": {
   "added_reason": "AUTO",
   "career": "UGRD",
   "config": "{\"origsection\": \"2012sp-cmpt-165-c1\"}",
   "credits": 3,
   "labtut_section": "D103",
   "offering": 113,
   "person": 77,
   "role": "STUD"
  },
  "model": "coredata.member",
  "pk": 218
 },
 {
  "fields": {
   "added_reason": "AUTO",
   "career": "UGRD",
   "config": "{\"origsection\": \"2012sp-cmpt-165-c1\"}",
   "credits": 3,
   "labtut_section": "D102",
   "offering": 113,
   "person": 63,
   "role": "STUD"
  },
  "model": "coredata.member",
  "pk": 219
 },
 {
  "fields": {
   "added_reason": "AUTO",
   "career": "UGRD",
   "config": "{\"origsection\": \"2012sp-cmpt-165-c1\"}",
   "credits": 3,
   "labtut_section": "D101",
   "offering": 113,
   "person": 66,
   "role": "STUD"
  },
  "model": "coredata.member",
  "pk": 220
 },
 {
  "fields": {
   "added_reason": "AUTO",
   "career": "UGRD",
   "config": "{\"origsection\": \"2012sp-cmpt-165-c1\"}",
   "credits": 3,
   "labtut_section": "D101",
   "offering": 113,
   "person": 62,
   "role": "STUD"
  },
  "model": "coredata.member",
  "pk": 221
 },
 {
  "fields": {
   "added_reason": "AUTO",
   "career": "UGRD",
   "config": "{\"origsection\": \"2012sp-cmpt-165-c1\"}",
   "credits": 3,
   "labtut_section": "D103",
   "offering": 113,
   "person": 88,
   "role": "STUD"
  },
  "model": "coredata.member",
  "pk": 222
 },
 {
  "fields": {
   "added_reason": "AUTO",
   "career": "UGRD",
   "config": "{\"origsection\": \"2012sp-cmpt-165-c1\"}",
   "credits": 3,
   "labtut_section": "D101",
   "offering": 113,
   "person": 59,
   "role": "STUD"
  },
  "model": "coredata.member",
  "pk": 223
 },
 {
  "fields": {
   "added_reason": "AUTO",
   "career": "UGRD",
   "config": "{\"origsection\": \"2012sp-cmpt-165-c1\"}",
   "credits": 3,
   "labtut_section": "D101",
   "offering": 113,
   "person": 56,
   "role": "STUD"
  },
  "model": "coredata.member",
  "pk": 224
 },
 {
  "fields": {
   "added_reason": "AUTO",
   "career": "NONS",
   "config": "{}",
   "credits": 0,
   "labtut_section": null,
   "offering": 101,
   "person": 40,
   "role": "INST"
  },
  "model": "coredata.member",
  "pk": 94
 },
 {
  "fields": {
   "added_reason": "AUTO",
   "career": "NONS",
   "config": "{}",
   "credits": 0,
   "labtut_section": null,
   "offering": 55,
   "person": 29,
   "role": "INST"
  },
  "model": "coredata.member",
  "pk": 53
 },
 {
  "fields": {
   "added_reason": "AUTO",
   "career": "NONS",
   "config": "{}",
   "credits": 0,
   "labtut_section": null,
   "offering": 82,
   "person": 41,
   "role": "INST"
  },
  "model": "coredata.member",
  "pk": 77
 },
 {
  "fields": {
   "added_reason": "AUTO",
   "career": "NONS",
   "config": "{}",
   "credits": 0,
   "labtut_section": null,
   "offering": 84,
   "person": 42,
   "role": "INST"
  },
  "model": "coredata.member",
  "pk": 78
 },
 {
  "fields": {
   "added_reason": "AUTO",
   "career": "NONS",
   "config": "{}",
   "credits": 0,
   "labtut_section": null,
   "offering": 54,
   "person": 28,
   "role": "INST"
  },
  "model": "coredata.member",
  "pk": 52
 },
 {
  "fields": {
   "added_reason": "AUTO",
   "career": "NONS",
   "config": "{}",
   "credits": 0,
   "labtut_section": null,
   "offering": 53,
   "person": 6,
   "role": "INST"
  },
  "model": "coredata.member",
  "pk": 51
 },
 {
  "fields": {
   "added_reason": "AUTO",
   "career": "NONS",
   "config": "{}",
   "credits": 0,
   "labtut_section": null,
   "offering": 93,
   "person": 29,
   "role": "INST"
  },
  "model": "coredata.member",
  "pk": 86
 },
 {
  "fields": {
   "added_reason": "AUTO",
   "career": "NONS",
   "config": "{}",
   "credits": 0,
   "labtut_section": null,
   "offering": 51,
   "person": 22,
   "role": "INST"
  },
  "model": "coredata.member",
  "pk": 49
 },
 {
  "fields": {
   "added_reason": "AUTO",
   "career": "NONS",
   "config": "{}",
   "credits": 0,
   "labtut_section": null,
   "offering": 52,
   "person": 27,
   "role": "INST"
  },
  "model": "coredata.member",
  "pk": 50
 },
 {
  "fields": {
   "added_reason": "AUTO",
   "career": "NONS",
   "config": "{}",
   "credits": 0,
   "labtut_section": null,
   "offering": 50,
   "person": 26,
   "role": "INST"
  },
  "model": "coredata.member",
  "pk": 48
 },
 {
  "fields": {
   "added_reason": "AUTO",
   "career": "NONS",
   "config": "{}",
   "credits": 0,
   "labtut_section": null,
   "offering": 49,
   "person": 25,
   "role": "INST"
  },
  "model": "coredata.member",
  "pk": 47
 },
 {
  "fields": {
   "added_reason": "AUTO",
   "career": "NONS",
   "config": "{}",
   "credits": 0,
   "labtut_section": null,
   "offering": 48,
   "person": 22,
   "role": "INST"
  },
  "model": "coredata.member",
  "pk": 46
 },
 {
  "fields": {
   "added_reason": "AUTO",
   "career": "NONS",
   "config": "{}",
   "credits": 0,
   "labtut_section": null,
   "offering": 97,
   "person": 39,
   "role": "INST"
  },
  "model": "coredata.member",
  "pk": 90
 },
 {
  "fields": {
   "added_reason": "AUTO",
   "career": "NONS",
   "config": "{}",
   "credits": 0,
   "labtut_section": null,
   "offering": 47,
   "person": 24,
   "role": "INST"
  },
  "model": "coredata.member",
  "pk": 45
 },
 {
  "fields": {
   "added_reason": "AUTO",
   "career": "NONS",
   "config": "{}",
   "credits": 0,
   "labtut_section": null,
   "offering": 46,
   "person": 23,
   "role": "INST"
  },
  "model": "coredata.member",
  "pk": 44
 },
 {
  "fields": {
   "added_reason": "AUTO",
   "career": "NONS",
   "config": "{}",
   "credits": 0,
   "labtut_section": null,
   "offering": 45,
   "person": 22,
   "role": "INST"
  },
  "model": "coredata.member",
  "pk": 43
 },
 {
  "fields": {
   "added_reason": "AUTO",
   "career": "NONS",
   "config": "{}",
   "credits": 0,
   "labtut_section": null,
   "offering": 44,
   "person": 21,
   "role": "INST"
  },
  "model": "coredata.member",
  "pk": 42
 },
 {
  "fields": {
   "added_reason": "AUTO",
   "career": "NONS",
   "config": "{}",
   "credits": 0,
   "labtut_section": null,
   "offering": 43,
   "person": 20,
   "role": "INST"
  },
  "model": "coredata.member",
  "pk": 41
 },
 {
  "fields": {
   "added_reason": "AUTO",
   "career": "NONS",
   "config": "{}",
   "credits": 0,
   "labtut_section": null,
   "offering": 41,
   "person": 18,
   "role": "INST"
  },
  "model": "coredata.member",
  "pk": 39
 },
 {
  "fields": {
   "added_reason": "AUTO",
   "career": "NONS",
   "config": "{}",
   "credits": 0,
   "labtut_section": null,
   "offering": 42,
   "person": 19,
   "role": "INST"
  },
  "model": "coredata.member",
  "pk": 40
 },
 {
  "fields": {
   "added_reason": "AUTO",
   "career": "NONS",
   "config": "{}",
   "credits": 0,
   "labtut_section": null,
   "offering": 86,
   "person": 43,
   "role": "INST"
  },
  "model": "coredata.member",
  "pk": 80
 },
 {
  "fields": {
   "added_reason": "AUTO",
   "career": "NONS",
   "config": "{}",
   "credits": 0,
   "labtut_section": null,
   "offering": 87,
   "person": 43,
   "role": "INST"
  },
  "model": "coredata.member",
  "pk": 81
 },
 {
  "fields": {
   "added_reason": "AUTO",
   "career": "NONS",
   "config": "{}",
   "credits": 0,
   "labtut_section": null,
   "offering": 40,
   "person": 17,
   "role": "INST"
  },
  "model": "coredata.member",
  "pk": 38
 },
 {
  "fields": {
   "added_reason": "AUTO",
   "career": "NONS",
   "config": "{}",
   "credits": 0,
   "labtut_section": null,
   "offering": 37,
   "person": 15,
   "role": "INST"
  },
  "model": "coredata.member",
  "pk": 36
 },
 {
  "fields": {
   "added_reason": "AUTO",
   "career": "NONS",
   "config": "{}",
   "credits": 0,
   "labtut_section": null,
   "offering": 39,
   "person": 16,
   "role": "INST"
  },
  "model": "coredata.member",
  "pk": 37
 },
 {
  "fields": {
   "added_reason": "AUTO",
   "career": "UGRD",
   "config": "{}",
   "credits": 3,
   "labtut_section": "D104",
   "offering": 39,
   "person": 124,
   "role": "STUD"
  },
  "model": "coredata.member",
  "pk": 173
 },
 {
  "fields": {
   "added_reason": "AUTO",
   "career": "UGRD",
   "config": "{}",
   "credits": 3,
   "labtut_section": "D102",
   "offering": 39,
   "person": 126,
   "role": "STUD"
  },
  "model": "coredata.member",
  "pk": 175
 },
 {
  "fields": {
   "added_reason": "AUTO",
   "career": "UGRD",
   "config": "{}",
   "credits": 3,
   "labtut_section": "D103",
   "offering": 39,
   "person": 102,
   "role": "STUD"
  },
  "model": "coredata.member",
  "pk": 151
 },
 {
  "fields": {
   "added_reason": "AUTO",
   "career": "UGRD",
   "config": "{}",
   "credits": 3,
   "labtut_section": "D104",
   "offering": 39,
   "person": 96,
   "role": "STUD"
  },
  "model": "coredata.member",
  "pk": 145
 },
 {
  "fields": {
   "added_reason": "AUTO",
   "career": "UGRD",
   "config": "{}",
   "credits": 3,
   "labtut_section": "D102",
   "offering": 39,
   "person": 100,
   "role": "STUD"
  },
  "model": "coredata.member",
  "pk": 149
 },
 {
  "fields": {
   "added_reason": "AUTO",
   "career": "UGRD",
   "config": "{}",
   "credits": 3,
   "labtut_section": "D101",
   "offering": 39,
   "person": 104,
   "role": "STUD"
  },
  "model": "coredata.member",
  "pk": 153
 },
 {
  "fields": {
   "added_reason": "AUTO",
   "career": "UGRD",
   "config": "{}",
   "credits": 3,
   "labtut_section": "D102",
   "offering": 39,
   "person": 101,
   "role": "STUD"
  },
  "model": "coredata.member",
  "pk": 150
 },
 {
  "fields": {
   "added_reason": "AUTO",
   "career": "UGRD",
   "config": "{}",
   "credits": 3,
   "labtut_section": "D104",
   "offering": 39,
   "person": 130,
   "role": "STUD"
  },
  "model": "coredata.member",
  "pk": 179
 },
 {
  "fields": {
   "added_reason": "AUTO",
   "career": "UGRD",
   "config": "{}",
   "credits": 3,
   "labtut_section": "D102",
   "offering": 39,
   "person": 122,
   "role": "STUD"
  },
  "model": "coredata.member",
  "pk": 171
 },
 {
  "fields": {
   "added_reason": "AUTO",
   "career": "UGRD",
   "config": "{}",
   "credits": 3,
   "labtut_section": "D104",
   "offering": 39,
   "person": 128,
   "role": "STUD"
  },
  "model": "coredata.member",
  "pk": 177
 },
 {
  "fields": {
   "added_reason": "AUTO",
   "career": "UGRD",
   "config": "{}",
   "credits": 3,
   "labtut_section": "D101",
   "offering": 39,
   "person": 105,
   "role": "STUD"
  },
  "model": "coredata.member",
  "pk": 154
 },
 {
  "fields": {
   "added_reason": "AUTO",
   "career": "UGRD",
   "config": "{}",
   "credits": 3,
   "labtut_section": "D101",
   "offering": 39,
   "person": 118,
   "role": "STUD"
  },
  "model": "coredata.member",
  "pk": 167
 },
 {
  "fields": {
   "added_reason": "AUTO",
   "career": "UGRD",
   "config": "{}",
   "credits": 3,
   "labtut_section": "D101",
   "offering": 39,
   "person": 109,
   "role": "STUD"
  },
  "model": "coredata.member",
  "pk": 158
 },
 {
  "fields": {
   "added_reason": "AUTO",
   "career": "UGRD",
   "config": "{}",
   "credits": 3,
   "labtut_section": "D101",
   "offering": 39,
   "person": 99,
   "role": "STUD"
  },
  "model": "coredata.member",
  "pk": 148
 },
 {
  "fields": {
   "added_reason": "AUTO",
   "career": "UGRD",
   "config": "{}",
   "credits": 3,
   "labtut_section": "D104",
   "offering": 39,
   "person": 132,
   "role": "STUD"
  },
  "model": "coredata.member",
  "pk": 181
 },
 {
  "fields": {
   "added_reason": "AUTO",
   "career": "UGRD",
   "config": "{}",
   "credits": 3,
   "labtut_section": "D103",
   "offering": 39,
   "person": 95,
   "role": "STUD"
  },
  "model": "coredata.member",
  "pk": 144
 },
 {
  "fields": {
   "added_reason": "AUTO",
   "career": "UGRD",
   "config": "{}",
   "credits": 3,
   "labtut_section": "D101",
   "offering": 39,
   "person": 111,
   "role": "STUD"
  },
  "model": "coredata.member",
  "pk": 160
 },
 {
  "fields": {
   "added_reason": "AUTO",
   "career": "UGRD",
   "config": "{}",
   "credits": 3,
   "labtut_section": "D102",
   "offering": 39,
   "person": 121,
   "role": "STUD"
  },
  "model": "coredata.member",
  "pk": 170
 },
 {
  "fields": {
   "added_reason": "AUTO",
   "career": "UGRD",
   "config": "{}",
   "credits": 3,
   "labtut_section": "D101",
   "offering": 39,
   "person": 106,
   "role": "STUD"
  },
  "model": "coredata.member",
  "pk": 155
 },
 {
  "fields": {
   "added_reason": "AUTO",
   "career": "UGRD",
   "config": "{}",
   "credits": 3,
   "labtut_section": "D101",
   "offering": 39,
   "person": 107,
   "role": "STUD"
  },
  "model": "coredata.member",
  "pk": 156
 },
 {
  "fields": {
   "added_reason": "AUTO",
   "career": "UGRD",
   "config": "{}",
   "credits": 3,
   "labtut_section": "D103",
   "offering": 39,
   "person": 120,
   "role": "STUD"
  },
  "model": "coredata.member",
  "pk": 169
 },
 {
  "fields": {
   "added_reason": "AUTO",
   "career": "UGRD",
   "config": "{}",
   "credits": 3,
   "labtut_section": "D104",
   "offering": 39,
   "person": 119,
   "role": "STUD"
  },
  "model": "coredata.member",
  "pk": 168
 },
 {
  "fields": {
   "added_reason": "AUTO",
   "career": "UGRD",
   "config": "{}",
   "credits": 3,
   "labtut_section": "D103",
   "offering": 39,
   "person": 125,
   "role": "STUD"
  },
  "model": "coredata.member",
  "pk": 174
 },
 {
  "fields": {
   "added_reason": "AUTO",
   "career": "UGRD",
   "config": "{}",
   "credits": 3,
   "labtut_section": "D104",
   "offering": 39,
   "person": 115,
   "role": "STUD"
  },
  "model": "coredata.member",
  "pk": 164
 },
 {
  "fields": {
   "added_reason": "AUTO",
   "career": "UGRD",
   "config": "{}",
   "credits": 3,
   "labtut_section": "D101",
   "offering": 39,
   "person": 98,
   "role": "STUD"
  },
  "model": "coredata.member",
  "pk": 147
 },
 {
  "fields": {
   "added_reason": "AUTO",
   "career": "UGRD",
   "config": "{}",
   "credits": 3,
   "labtut_section": "D101",
   "offering": 39,
   "person": 129,
   "role": "STUD"
  },
  "model": "coredata.member",
  "pk": 178
 },
 {
  "fields": {
   "added_reason": "AUTO",
   "career": "UGRD",
   "config": "{}",
   "credits": 3,
   "labtut_section": "D104",
   "offering": 39,
   "person": 123,
   "role": "STUD"
  },
  "model": "coredata.member",
  "pk": 172
 },
 {
  "fields": {
   "added_reason": "AUTO",
   "career": "UGRD",
   "config": "{}",
   "credits": 3,
   "labtut_section": "D104",
   "offering": 39,
   "person": 103,
   "role": "STUD"
  },
  "model": "coredata.member",
  "pk": 152
 },
 {
  "fields": {
   "added_reason": "AUTO",
   "career": "UGRD",
   "config": "{}",
   "credits": 3,
   "labtut_section": "D103",
   "offering": 39,
   "person": 113,
   "role": "STUD"
  },
  "model": "coredata.member",
  "pk": 162
 },
 {
  "fields": {
   "added_reason": "AUTO",
   "career": "UGRD",
   "config": "{}",
   "credits": 3,
   "labtut_section": "D103",
   "offering": 39,
   "person": 116,
   "role": "STUD"
  },
  "model": "coredata.member",
  "pk": 165
 },
 {
  "fields": {
   "added_reason": "AUTO",
   "career": "UGRD",
   "config": "{}",
   "credits": 3,
   "labtut_section": "D101",
   "offering": 39,
   "person": 114,
   "role": "STUD"
  },
  "model": "coredata.member",
  "pk": 163
 },
 {
  "fields": {
   "added_reason": "AUTO",
   "career": "UGRD",
   "config": "{}",
   "credits": 3,
   "labtut_section": "D102",
   "offering": 39,
   "person": 97,
   "role": "STUD"
  },
  "model": "coredata.member",
  "pk": 146
 },
 {
  "fields": {
   "added_reason": "AUTO",
   "career": "UGRD",
   "config": "{}",
   "credits": 3,
   "labtut_section": "D103",
   "offering": 39,
   "person": 108,
   "role": "STUD"
  },
  "model": "coredata.member",
  "pk": 157
 },
 {
  "fields": {
   "added_reason": "AUTO",
   "career": "UGRD",
   "config": "{}",
   "credits": 3,
   "labtut_section": "D104",
   "offering": 39,
   "person": 112,
   "role": "STUD"
  },
  "model": "coredata.member",
  "pk": 161
 },
 {
  "fields": {
   "added_reason": "AUTO",
   "career": "UGRD",
   "config": "{}",
   "credits": 3,
   "labtut_section": "D103",
   "offering": 39,
   "person": 94,
   "role": "STUD"
  },
  "model": "coredata.member",
  "pk": 143
 },
 {
  "fields": {
   "added_reason": "AUTO",
   "career": "UGRD",
   "config": "{}",
   "credits": 3,
   "labtut_section": "D102",
   "offering": 39,
   "person": 127,
   "role": "STUD"
  },
  "model": "coredata.member",
  "pk": 176
 },
 {
  "fields": {
   "added_reason": "AUTO",
   "career": "UGRD",
   "config": "{}",
   "credits": 3,
   "labtut_section": "D104",
   "offering": 39,
   "person": 110,
   "role": "STUD"
  },
  "model": "coredata.member",
  "pk": 159
 },
 {
  "fields": {
   "added_reason": "AUTO",
   "career": "UGRD",
   "config": "{}",
   "credits": 3,
   "labtut_section": "D102",
   "offering": 39,
   "person": 131,
   "role": "STUD"
  },
  "model": "coredata.member",
  "pk": 180
 },
 {
  "fields": {
   "added_reason": "AUTO",
   "career": "UGRD",
   "config": "{}",
   "credits": 3,
   "labtut_section": "D104",
   "offering": 39,
   "person": 117,
   "role": "STUD"
  },
  "model": "coredata.member",
  "pk": 166
 },
 {
  "fields": {
   "added_reason": "AUTO",
   "career": "UGRD",
   "config": "{}",
   "credits": 3,
   "labtut_section": "D104",
   "offering": 39,
   "person": 133,
   "role": "STUD"
  },
  "model": "coredata.member",
  "pk": 182
 },
 {
  "fields": {
   "added_reason": "AUTO",
   "career": "NONS",
   "config": "{}",
   "credits": 0,
   "labtut_section": null,
   "offering": 95,
   "person": 45,
   "role": "INST"
  },
  "model": "coredata.member",
  "pk": 88
 },
 {
  "fields": {
   "added_reason": "AUTO",
   "career": "NONS",
   "config": "{}",
   "credits": 0,
   "labtut_section": null,
   "offering": 36,
   "person": 14,
   "role": "INST"
  },
  "model": "coredata.member",
  "pk": 35
 },
 {
  "fields": {
   "added_reason": "AUTO",
   "career": "NONS",
   "config": "{}",
   "credits": 0,
   "labtut_section": null,
   "offering": 35,
   "person": 13,
   "role": "INST"
  },
  "model": "coredata.member",
  "pk": 34
 },
 {
  "fields": {
   "added_reason": "AUTO",
   "career": "NONS",
   "config": "{}",
   "credits": 0,
   "labtut_section": null,
   "offering": 34,
   "person": 12,
   "role": "INST"
  },
  "model": "coredata.member",
  "pk": 33
 },
 {
  "fields": {
   "added_reason": "AUTO",
   "career": "NONS",
   "config": "{}",
   "credits": 0,
   "labtut_section": null,
   "offering": 30,
   "person": 10,
   "role": "INST"
  },
  "model": "coredata.member",
  "pk": 29
 },
 {
  "fields": {
   "added_reason": "AUTO",
   "career": "NONS",
   "config": "{}",
   "credits": 0,
   "labtut_section": null,
   "offering": 31,
   "person": 10,
   "role": "INST"
  },
  "model": "coredata.member",
  "pk": 30
 },
 {
  "fields": {
   "added_reason": "AUTO",
   "career": "NONS",
   "config": "{}",
   "credits": 0,
   "labtut_section": null,
   "offering": 32,
   "person": 11,
   "role": "INST"
  },
  "model": "coredata.member",
  "pk": 31
 },
 {
  "fields": {
   "added_reason": "AUTO",
   "career": "NONS",
   "config": "{}",
   "credits": 0,
   "labtut_section": null,
   "offering": 33,
   "person": 11,
   "role": "INST"
  },
  "model": "coredata.member",
  "pk": 32
 },
 {
  "fields": {
   "added_reason": "AUTO",
   "career": "NONS",
   "config": "{}",
   "credits": 0,
   "labtut_section": null,
   "offering": 26,
   "person": 10,
   "role": "INST"
  },
  "model": "coredata.member",
  "pk": 25
 },
 {
  "fields": {
   "added_reason": "AUTO",
   "career": "NONS",
   "config": "{}",
   "credits": 0,
   "labtut_section": null,
   "offering": 27,
   "person": 10,
   "role": "INST"
  },
  "model": "coredata.member",
  "pk": 26
 },
 {
  "fields": {
   "added_reason": "AUTO",
   "career": "NONS",
   "config": "{}",
   "credits": 0,
   "labtut_section": null,
   "offering": 28,
   "person": 11,
   "role": "INST"
  },
  "model": "coredata.member",
  "pk": 27
 },
 {
  "fields": {
   "added_reason": "AUTO",
   "career": "NONS",
   "config": "{}",
   "credits": 0,
   "labtut_section": null,
   "offering": 29,
   "person": 11,
   "role": "INST"
  },
  "model": "coredata.member",
  "pk": 28
 },
 {
  "fields": {
   "added_reason": "AUTO",
   "career": "NONS",
   "config": "{}",
   "credits": 0,
   "labtut_section": null,
   "offering": 22,
   "person": 10,
   "role": "INST"
  },
  "model": "coredata.member",
  "pk": 21
 },
 {
  "fields": {
   "added_reason": "AUTO",
   "career": "NONS",
   "config": "{}",
   "credits": 0,
   "labtut_section": null,
   "offering": 23,
   "person": 10,
   "role": "INST"
  },
  "model": "coredata.member",
  "pk": 22
 },
 {
  "fields": {
   "added_reason": "AUTO",
   "career": "NONS",
   "config": "{}",
   "credits": 0,
   "labtut_section": null,
   "offering": 24,
   "person": 11,
   "role": "INST"
  },
  "model": "coredata.member",
  "pk": 23
 },
 {
  "fields": {
   "added_reason": "AUTO",
   "career": "NONS",
   "config": "{}",
   "credits": 0,
   "labtut_section": null,
   "offering": 25,
   "person": 11,
   "role": "INST"
  },
  "model": "coredata.member",
  "pk": 24
 },
 {
  "fields": {
   "added_reason": "AUTO",
   "career": "NONS",
   "config": "{}",
   "credits": 0,
   "labtut_section": null,
   "offering": 18,
   "person": 10,
   "role": "INST"
  },
  "model": "coredata.member",
  "pk": 17
 },
 {
  "fields": {
   "added_reason": "AUTO",
   "career": "NONS",
   "config": "{}",
   "credits": 0,
   "labtut_section": null,
   "offering": 19,
   "person": 10,
   "role": "INST"
  },
  "model": "coredata.member",
  "pk": 18
 },
 {
  "fields": {
   "added_reason": "AUTO",
   "career": "NONS",
   "config": "{}",
   "credits": 0,
   "labtut_section": null,
   "offering": 20,
   "person": 11,
   "role": "INST"
  },
  "model": "coredata.member",
  "pk": 19
 },
 {
  "fields": {
   "added_reason": "AUTO",
   "career": "NONS",
   "config": "{}",
   "credits": 0,
   "labtut_section": null,
   "offering": 21,
   "person": 11,
   "role": "INST"
  },
  "model": "coredata.member",
  "pk": 20
 },
 {
  "fields": {
   "added_reason": "AUTO",
   "career": "NONS",
   "config": "{}",
   "credits": 0,
   "labtut_section": null,
   "offering": 14,
   "person": 10,
   "role": "INST"
  },
  "model": "coredata.member",
  "pk": 13
 },
 {
  "fields": {
   "added_reason": "AUTO",
   "career": "NONS",
   "config": "{}",
   "credits": 0,
   "labtut_section": null,
   "offering": 15,
   "person": 10,
   "role": "INST"
  },
  "model": "coredata.member",
  "pk": 14
 },
 {
  "fields": {
   "added_reason": "AUTO",
   "career": "NONS",
   "config": "{}",
   "credits": 0,
   "labtut_section": null,
   "offering": 16,
   "person": 11,
   "role": "INST"
  },
  "model": "coredata.member",
  "pk": 15
 },
 {
  "fields": {
   "added_reason": "AUTO",
   "career": "NONS",
   "config": "{}",
   "credits": 0,
   "labtut_section": null,
   "offering": 17,
   "person": 11,
   "role": "INST"
  },
  "model": "coredata.member",
  "pk": 16
 },
 {
  "fields": {
   "added_reason": "AUTO",
   "career": "NONS",
   "config": "{}",
   "credits": 0,
   "labtut_section": null,
   "offering": 96,
   "person": 46,
   "role": "INST"
  },
  "model": "coredata.member",
  "pk": 89
 },
 {
  "fields": {
   "added_reason": "AUTO",
   "career": "NONS",
   "config": "{}",
   "credits": 0,
   "labtut_section": null,
   "offering": 13,
   "person": 9,
   "role": "INST"
  },
  "model": "coredata.member",
  "pk": 12
 },
 {
  "fields": {
   "added_reason": "AUTO",
   "career": "NONS",
   "config": "{}",
   "credits": 0,
   "labtut_section": null,
   "offering": 88,
   "person": 8,
   "role": "INST"
  },
  "model": "coredata.member",
  "pk": 82
 },
 {
  "fields": {
   "added_reason": "AUTO",
   "career": "NONS",
   "config": "{}",
   "credits": 0,
   "labtut_section": null,
   "offering": 12,
   "person": 8,
   "role": "INST"
  },
  "model": "coredata.member",
  "pk": 11
 },
 {
  "fields": {
   "added_reason": "AUTO",
   "career": "NONS",
   "config": "{}",
   "credits": 0,
   "labtut_section": null,
   "offering": 11,
   "person": 7,
   "role": "INST"
  },
  "model": "coredata.member",
  "pk": 10
 },
 {
  "fields": {
   "added_reason": "AUTO",
   "career": "NONS",
   "config": "{}",
   "credits": 0,
   "labtut_section": null,
   "offering": 9,
   "person": 5,
   "role": "INST"
  },
  "model": "coredata.member",
  "pk": 8
 },
 {
  "fields": {
   "added_reason": "AUTO",
   "career": "NONS",
   "config": "{}",
   "credits": 0,
   "labtut_section": null,
   "offering": 10,
   "person": 6,
   "role": "INST"
  },
  "model": "coredata.member",
  "pk": 9
 },
 {
  "fields": {
   "added_reason": "AUTO",
   "career": "NONS",
   "config": "{}",
   "credits": 0,
   "labtut_section": null,
   "offering": 94,
   "person": 44,
   "role": "INST"
  },
  "model": "coredata.member",
  "pk": 87
 },
 {
  "fields": {
   "added_reason": "AUTO",
   "career": "NONS",
   "config": "{}",
   "credits": 0,
   "labtut_section": null,
   "offering": 8,
   "person": 4,
   "role": "INST"
  },
  "model": "coredata.member",
  "pk": 7
 },
 {
  "fields": {
   "added_reason": "AUTO",
   "career": "NONS",
   "config": "{}",
   "credits": 0,
   "labtut_section": null,
   "offering": 91,
   "person": 16,
   "role": "INST"
  },
  "model": "coredata.member",
  "pk": 85
 },
 {
  "fields": {
   "added_reason": "AUTO",
   "career": "NONS",
   "config": "{}",
   "credits": 0,
   "labtut_section": null,
   "offering": 85,
   "person": 2,
   "role": "INST"
  },
  "model": "coredata.member",
  "pk": 79
 },
 {
  "fields": {
   "added_reason": "AUTO",
   "career": "NONS",
   "config": "{}",
   "credits": 0,
   "labtut_section": null,
   "offering": 74,
   "person": 14,
   "role": "INST"
  },
  "model": "coredata.member",
  "pk": 70
 },
 {
  "fields": {
   "added_reason": "AUTO",
   "career": "NONS",
   "config": "{}",
   "credits": 0,
   "labtut_section": null,
   "offering": 7,
   "person": 3,
   "role": "INST"
  },
  "model": "coredata.member",
  "pk": 6
 },
 {
  "fields": {
   "added_reason": "AUTO",
   "career": "NONS",
   "config": "{}",
   "credits": 0,
   "labtut_section": null,
   "offering": 89,
   "person": 8,
   "role": "INST"
  },
  "model": "coredata.member",
  "pk": 83
 },
 {
  "fields": {
   "added_reason": "AUTO",
   "career": "NONS",
   "config": "{}",
   "credits": 0,
   "labtut_section": null,
   "offering": 90,
   "person": 5,
   "role": "INST"
  },
  "model": "coredata.member",
  "pk": 84
 },
 {
  "fields": {
   "added_reason": "AUTO",
   "career": "NONS",
   "config": "{}",
   "credits": 0,
   "labtut_section": null,
   "offering": 100,
   "person": 12,
   "role": "INST"
  },
  "model": "coredata.member",
  "pk": 93
 },
 {
  "fields": {
   "added_reason": "AUTO",
   "career": "NONS",
   "config": "{}",
   "credits": 0,
   "labtut_section": null,
   "offering": 6,
   "person": 2,
   "role": "INST"
  },
  "model": "coredata.member",
  "pk": 5
 },
 {
  "fields": {
   "added_reason": "AUTO",
   "career": "NONS",
   "config": "{}",
   "credits": 0,
   "labtut_section": null,
   "offering": 99,
   "person": 47,
   "role": "INST"
  },
  "model": "coredata.member",
  "pk": 92
 },
 {
  "fields": {
   "added_reason": "AUTO",
   "career": "NONS",
   "config": "{}",
   "credits": 0,
   "labtut_section": null,
   "offering": 69,
   "person": 26,
   "role": "INST"
  },
  "model": "coredata.member",
  "pk": 65
 },
 {
  "fields": {
   "added_reason": "AUTO",
   "career": "NONS",
   "config": "{}",
   "credits": 0,
   "labtut_section": null,
   "offering": 70,
   "person": 17,
   "role": "INST"
  },
  "model": "coredata.member",
  "pk": 66
 },
 {
  "fields": {
   "added_reason": "AUTO",
   "career": "NONS",
   "config": "{}",
   "credits": 0,
   "labtut_section": null,
   "offering": 68,
   "person": 34,
   "role": "INST"
  },
  "model": "coredata.member",
  "pk": 64
 },
 {
  "fields": {
   "added_reason": "AUTO",
   "career": "NONS",
   "config": "{}",
   "credits": 0,
   "labtut_section": null,
   "offering": 71,
   "person": 35,
   "role": "INST"
  },
  "model": "coredata.member",
  "pk": 67
 },
 {
  "fields": {
   "added_reason": "AUTO",
   "career": "NONS",
   "config": "{}",
   "credits": 0,
   "labtut_section": null,
   "offering": 73,
   "person": 37,
   "role": "INST"
  },
  "model": "coredata.member",
  "pk": 69
 },
 {
  "fields": {
   "added_reason": "AUTO",
   "career": "NONS",
   "config": "{}",
   "credits": 0,
   "labtut_section": null,
   "offering": 76,
   "person": 24,
   "role": "INST"
  },
  "model": "coredata.member",
  "pk": 71
 },
 {
  "fields": {
   "added_reason": "AUTO",
   "career": "NONS",
   "config": "{}",
   "credits": 0,
   "labtut_section": null,
   "offering": 72,
   "person": 36,
   "role": "INST"
  },
  "model": "coredata.member",
  "pk": 68
 },
 {
  "fields": {
   "added_reason": "AUTO",
   "career": "NONS",
   "config": "{}",
   "credits": 0,
   "labtut_section": null,
   "offering": 4,
   "person": 1,
   "role": "INST"
  },
  "model": "coredata.member",
  "pk": 4
 },
 {
  "fields": {
   "added_reason": "AUTO",
   "career": "NONS",
   "config": "{}",
   "credits": 0,
   "labtut_section": null,
   "offering": 98,
   "person": 1,
   "role": "INST"
  },
  "model": "coredata.member",
  "pk": 91
 },
 {
  "fields": {
   "added_reason": "AUTO",
   "career": "NONS",
   "config": "{}",
   "credits": 0,
   "labtut_section": null,
   "offering": 3,
   "person": 1,
   "role": "INST"
  },
  "model": "coredata.member",
  "pk": 3
 },
 {
  "fields": {
   "added_reason": "AUTO",
   "career": "NONS",
   "config": "{}",
   "credits": 0,
   "labtut_section": null,
   "offering": 2,
   "person": 1,
   "role": "INST"
  },
  "model": "coredata.member",
  "pk": 2
 },
 {
  "fields": {
   "added_reason": "AUTO",
   "career": "NONS",
   "config": "{}",
   "credits": 0,
   "labtut_section": null,
   "offering": 1,
   "person": 1,
   "role": "INST"
  },
  "model": "coredata.member",
  "pk": 1
 },
 {
  "fields": {
   "added_reason": "AUTO",
   "career": "NONS",
   "config": "{}",
   "credits": 0,
   "labtut_section": null,
   "offering": 109,
   "person": 51,
   "role": "INST"
  },
  "model": "coredata.member",
  "pk": 98
 },
 {
  "fields": {
   "added_reason": "AUTO",
   "career": "NONS",
   "config": "{}",
   "credits": 0,
   "labtut_section": null,
   "offering": 110,
   "person": 51,
   "role": "INST"
  },
  "model": "coredata.member",
  "pk": 99
 },
 {
  "fields": {
   "added_reason": "AUTO",
   "career": "NONS",
   "config": "{}",
   "credits": 0,
   "labtut_section": null,
   "offering": 111,
   "person": 52,
   "role": "INST"
  },
  "model": "coredata.member",
  "pk": 100
 },
 {
  "fields": {
   "added_reason": "AUTO",
   "career": "NONS",
   "config": "{}",
   "credits": 0,
   "labtut_section": null,
   "offering": 107,
   "person": 50,
   "role": "INST"
  },
  "model": "coredata.member",
  "pk": 97
 },
 {
  "fields": {
   "added_reason": "AUTO",
   "career": "NONS",
   "config": "{}",
   "credits": 0,
   "labtut_section": null,
   "offering": 112,
   "person": 50,
   "role": "INST"
  },
  "model": "coredata.member",
  "pk": 101
 },
 {
  "fields": {
   "added_reason": "AUTO",
   "career": "NONS",
   "config": "{}",
   "credits": 0,
   "labtut_section": null,
   "offering": 102,
   "person": 48,
   "role": "INST"
  },
  "model": "coredata.member",
  "pk": 95
 },
 {
  "fields": {
   "added_reason": "AUTO",
   "career": "NONS",
   "config": "{}",
   "credits": 0,
   "labtut_section": null,
   "offering": 103,
   "person": 49,
   "role": "INST"
  },
  "model": "coredata.member",
  "pk": 96
 },
 {
  "fields": {
   "config": "{\"url\": \"http://www.cs.sfu.ca/CC/165/common/a1\"}",
   "deleted": false,
   "due_date": "2012-03-05 00:00:00",
   "group": false,
   "name": "Assignment 破",
   "offering": 56,
   "percent": "10",
   "position": 1,
   "short_name": "A破",
   "slug": "a1",
   "status": "RLS"
  },
  "model": "grades.activity",
  "pk": 1
 },
 {
  "fields": {
   "config": "{}",
   "deleted": false,
   "due_date": "2012-03-15 00:00:00",
   "group": true,
   "name": "Assignment 2",
   "offering": 56,
   "percent": "10",
   "position": 2,
   "short_name": "A2",
   "slug": "a2",
   "status": "URLS"
  },
  "model": "grades.activity",
  "pk": 2
 },
 {
  "fields": {
   "config": "{}",
   "deleted": false,
   "due_date": "2012-03-25 00:00:00",
   "group": true,
   "name": "Project破",
   "offering": 56,
   "percent": "40",
   "position": 3,
   "short_name": "Proj破",
   "slug": "proj",
   "status": "URLS"
  },
  "model": "grades.activity",
  "pk": 3
 },
 {
  "fields": {
   "config": "{}",
   "deleted": false,
   "due_date": "2012-03-26 00:00:00",
   "group": false,
   "name": "Report",
   "offering": 56,
   "percent": "10",
   "position": 4,
   "short_name": "Rep",
   "slug": "rep",
   "status": "URLS"
  },
  "model": "grades.activity",
  "pk": 4
 },
 {
  "fields": {
   "config": "{}",
   "deleted": false,
   "due_date": null,
   "group": false,
   "name": "Final Exam",
   "offering": 56,
   "percent": "30",
   "position": 5,
   "short_name": "Exam",
   "slug": "exam",
   "status": "URLS"
  },
  "model": "grades.activity",
  "pk": 5
 },
 {
  "fields": {
   "config": "{}",
   "deleted": false,
   "due_date": null,
   "group": false,
   "name": "Final Percent",
   "offering": 56,
   "percent": "0",
   "position": 6,
   "short_name": "Perc",
   "slug": "perc",
   "status": "INVI"
  },
  "model": "grades.activity",
  "pk": 6
 },
 {
  "fields": {
   "config": "{}",
   "deleted": false,
   "due_date": null,
   "group": false,
   "name": "Letter Grade",
   "offering": 56,
   "percent": "0",
   "position": 6,
   "short_name": "Letter",
   "slug": "letter",
   "status": "INVI"
  },
  "model": "grades.activity",
  "pk": 7
 },
 {
  "fields": {
   "max_grade": "10"
  },
  "model": "grades.numericactivity",
  "pk": 1
 },
 {
  "fields": {
   "max_grade": "20"
  },
  "model": "grades.numericactivity",
  "pk": 2
 },
 {
  "fields": {
   "max_grade": "90"
  },
  "model": "grades.numericactivity",
  "pk": 5
 },
 {
  "fields": {
   "max_grade": "100"
  },
  "model": "grades.numericactivity",
  "pk": 6
 },
 {
  "fields": {},
  "model": "grades.letteractivity",
  "pk": 3
 },
 {
  "fields": {},
  "model": "grades.letteractivity",
  "pk": 4
 },
 {
  "fields": {},
  "model": "grades.letteractivity",
  "pk": 7
 },
 {
  "fields": {
   "formula": "[[activitytotal]]"
  },
  "model": "grades.calnumericactivity",
  "pk": 6
 },
 {
  "fields": {
   "exam_activity": null,
   "letter_cutoffs": "[95, 90, 85, 80, 75, 70, 65, 60, 55, 50]",
   "numeric_activity": 6
  },
  "model": "grades.calletteractivity",
  "pk": 7
 },
 {
  "fields": {
   "activity": 1,
   "deleted": false,
   "description": "The code you're submitting.破",
   "position": 1,
   "slug": "code-file",
   "specified_filename": "",
   "title": "Code File"
  },
  "model": "submission.submissioncomponent",
  "pk": 1
 },
 {
  "fields": {
   "activity": 1,
   "deleted": false,
   "description": "Report on what you did.",
   "position": 2,
   "slug": "report",
   "specified_filename": "report.pdf",
   "title": "Report"
  },
  "model": "submission.submissioncomponent",
  "pk": 2
 },
 {
  "fields": {
   "allowed": ".py,.java",
   "max_size": 2000
  },
  "model": "submission.codecomponent",
  "pk": 1
 },
 {
  "fields": {
   "max_size": 5000
  },
  "model": "submission.pdfcomponent",
  "pk": 2
 },
 {
  "fields": {
   "deleted": false,
   "description": "Part 1 was done well and seems to work.破",
   "max_mark": "5",
   "numeric_activity": 1,
   "position": 1,
   "slug": "part-1",
   "title": "Part 1"
  },
  "model": "marking.activitycomponent",
  "pk": 1
 },
 {
  "fields": {
   "deleted": false,
   "description": "Part 2 was done well and seems to work.",
   "max_mark": "5",
   "numeric_activity": 1,
   "position": 2,
   "slug": "part-2",
   "title": "Part 2"
  },
  "model": "marking.activitycomponent",
  "pk": 2
 },
 {
  "fields": {
   "courseoffering": 56,
   "groupForSemester": true,
   "manager": 106,
   "name": "AnotherGroup破",
   "slug": "g-anothergroup",
   "svn_slug": "g-anothergroup"
  },
  "model": "groups.group",
  "pk": 2
 },
 {
  "fields": {
   "courseoffering": 56,
   "groupForSemester": true,
   "manager": 102,
   "name": "SomeGroup破",
   "slug": "g-somegroup",
   "svn_slug": "g-somegroup"
  },
  "model": "groups.group",
  "pk": 1
 },
 {
  "fields": {
   "activity": 2,
   "confirmed": true,
   "group": 1,
   "student": 107
  },
  "model": "groups.groupmember",
  "pk": 3
 },
 {
  "fields": {
   "activity": 2,
   "confirmed": true,
   "group": 2,
   "student": 109
  },
  "model": "groups.groupmember",
  "pk": 9
 },
 {
  "fields": {
   "activity": 3,
   "confirmed": true,
   "group": 2,
   "student": 109
  },
  "model": "groups.groupmember",
  "pk": 10
 },
 {
  "fields": {
   "activity": 2,
   "confirmed": true,
   "group": 1,
   "student": 102
  },
  "model": "groups.groupmember",
  "pk": 1
 },
 {
  "fields": {
   "activity": 2,
   "confirmed": true,
   "group": 2,
   "student": 116
  },
  "model": "groups.groupmember",
  "pk": 11
 },
 {
  "fields": {
   "activity": 3,
   "confirmed": true,
   "group": 2,
   "student": 116
  },
  "model": "groups.groupmember",
  "pk": 12
 },
 {
  "fields": {
   "activity": 2,
   "confirmed": true,
   "group": 1,
   "student": 103
  },
  "model": "groups.groupmember",
  "pk": 2
 },
 {
  "fields": {
   "activity": 2,
   "confirmed": true,
   "group": 2,
   "student": 106
  },
  "model": "groups.groupmember",
  "pk": 5
 },
 {
  "fields": {
   "activity": 3,
   "confirmed": true,
   "group": 2,
   "student": 106
  },
  "model": "groups.groupmember",
  "pk": 6
 },
 {
  "fields": {
   "activity": 2,
   "confirmed": true,
   "group": 1,
   "student": 112
  },
  "model": "groups.groupmember",
  "pk": 4
 },
 {
  "fields": {
   "activity": 2,
   "confirmed": true,
   "group": 2,
   "student": 108
  },
  "model": "groups.groupmember",
  "pk": 7
 },
 {
  "fields": {
   "activity": 3,
   "confirmed": true,
   "group": 2,
   "student": 108
  },
  "model": "groups.groupmember",
  "pk": 8
 },
 {
  "fields": {
   "advisor": 135,
   "created_at": "2012-01-13 23:26:37",
   "unit": 2,
   "file_attachment": "",
   "file_mediatype": "",
   "hidden": false,
   "student": 53,
   "text": "This is a note about the student 0aaa0\n\nHe seems nice.破"
  },
  "model": "advisornotes.advisornote",
  "pk": 1
 },
 {
  "fields": {
   "advisor": 135,
   "created_at": "2012-01-13 23:27:03",
   "unit": 2,
   "file_attachment": "",
   "file_mediatype": "",
   "hidden": false,
   "student": 53,
   "text": "This is another note about the student.\n\nHe seems less nice now.破"
  },
  "model": "advisornotes.advisornote",
  "pk": 2
 },
 {
  "fields": {
   "base_units": "5",
   "config": "{\"lectures\": {\"comment\": \"\", \"total\": 0, \"weekly\": 0}, \"grading\": {\"comment\": \"破\", \"total\": 120, \"weekly\": null}, \"office_hours\": {\"comment\": \"\", \"total\": 26, \"weekly\": 2}, \"meetings\": {\"comment\": \"likely one meeting every other week\", \"total\": 13, \"weekly\": 0.5}, \"test_prep\": {\"comment\": \"1 hour midterm, 3 hour final\", \"total\": 4, \"weekly\": null}, \"other1\": {\"comment\": \"\", \"total\": 13, \"label\": \"Student email\", \"weekly\": 1}, \"other2\": {}, \"holiday\": {\"comment\": \"\", \"total\": 4, \"weekly\": null}, \"prep\": {\"comment\": \"\", \"total\": 14, \"weekly\": 1}}",
   "member": 142
  },
  "model": "ta.tug",
  "pk": 1
 },
 {
  "fields": {
   "person": 135,
   "role": "ADVS",
   "unit": 2
  },
  "model": "coredata.role",
  "pk": 1
 },
 {
  "fields": {
   "person": 16,
   "role": "SYSA",
   "unit": 1
  },
  "model": "coredata.role",
  "pk": 2
 },
 {
  "fields": {
   "person": 134,
   "role": "SYSA",
   "unit": 1
  },
  "model": "coredata.role",
  "pk": 3
 },
 {
  "fields": {
   "config": "{}",
   "label": "UNIV",
   "name": "University-wide",
   "parent": null,
   "slug": "univ"
  },
  "model": "coredata.unit",
  "pk": 1
 },
 {
  "fields": {
   "config": "{}",
   "label": "CMPT",
   "name": "School of Computing Science",
   "parent": 3,
   "slug": "cmpt"
  },
  "model": "coredata.unit",
  "pk": 2
 },
 {
  "fields": {
   "config": "{}",
   "label": "FAS",
   "name": "Faculty of Applied Science",
   "parent": 1,
   "slug": "fas"
  },
  "model": "coredata.unit",
  "pk": 3
 },
 {
  "fields": {
   "config": "{}",
   "label": "ENSC",
   "name": "School of Engineering Science",
   "parent": 3,
   "slug": "ensc"
  },
  "model": "coredata.unit",
  "pk": 4
 }, 
 {
  "fields": {
   "field": "contact_email_text", 
   "label": "previous semester", 
   "text": "破Your submissions for {{ACTIVITIES}} were very similar to submissions made by another student in a previous semester. This indicates that there is a violation of SFU's Code of Academic Integrity and Good Conduct, Policy S10.01. I take academic honesty very seriously and intend to pursue this apparent violation of SFU's standards for academic honesty.\r\n\r\nAs required by SFU Policy S10.02, Principles and Procedures for Academic Discipline, I am offering you the opportunity to meet with me to discuss this incident. You are not required to accept this offer. If you would like to meet, please contact me to make an appointment outside of my regular office hours.\r\n\r\nYou may wish to refer to SFU's policies and procedures on academic integrity,\r\n  http://www.sfu.ca/policies/Students/index.html .\r\nYou can also contact the Office of the Ombudsperson for assistance in navigating University procedures.\r\n"
  }, 
  "model": "discipline.disciplinetemplate", 
  "pk": 15
 }, 
 {
  "fields": {
   "field": "contact_email_text", 
   "label": "exam copying", 
   "text": "During the {{ACTIVITIES}}, you were observed looking at another student's paper. This indicates that there is a violation of SFU's Code of Academic Integrity and Good Conduct, Policy S10.01. I take academic honesty very seriously and intend to pursue this apparent violation of SFU's standards for academic honesty.\r\n\r\nAs required by SFU Policy S10.02, Principles and Procedures for Academic Discipline, I am offering you the opportunity to meet with me to discuss this incident. You are not required to accept this offer. If you would like to meet, please contact me to make an appointment outside of my regular office hours.\r\n\r\nYou may wish to refer to SFU's policies and procedures on academic integrity,\r\n  http://www.sfu.ca/policies/Students/index.html .\r\nYou can also contact the Office of the Ombudsperson for assistance in navigating University procedures.\r\n"
  }, 
  "model": "discipline.disciplinetemplate", 
  "pk": 5
 }, 
 {
  "fields": {
   "field": "contact_email_text", 
   "label": "generic", 
   "text": "DESCRIPTION OF INCIDENT. This does not usually occur unless there is a violation of SFU's Code of Academic Integrity and Good Conduct, Policy S10.01. I take academic honesty very seriously and intend to pursue this apparent violation of SFU's standards for academic honesty.\r\n\r\nAs required by SFU Policy S10.02, Principles and Procedures for Academic Discipline, I am offering you the opportunity to meet with me to discuss this incident. You are not required to accept this offer. If you would like to meet, please contact me to make an appointment outside of my regular office hours.\r\n\r\nYou may wish to refer to SFU's policies and procedures on academic integrity,\r\n  http://www.sfu.ca/policies/Students/index.html .\r\nYou can also contact the Office of the Ombudsperson for assistance in navigating University procedures.\r\n"
  }, 
  "model": "discipline.disciplinetemplate", 
  "pk": 1
 }, 
 {
  "fields": {
   "field": "contact_email_text", 
   "label": "not your work", 
   "text": "Your submission for {{ACTIVITIES}} contains work that does not appear to be your own. This indicates that there is a violation of SFU's Code of Academic Integrity and Good Conduct, Policy S10.01. I take academic honesty very seriously and intend to pursue this apparent violation of SFU's standards for academic honesty.\r\n\r\nAs required by SFU Policy S10.02, Principles and Procedures for Academic Discipline, I am offering you the opportunity to meet with me to discuss this incident. You are not required to accept this offer. If you would like to meet, please contact me to make an appointment outside of my regular office hours.\r\n\r\nYou may wish to refer to SFU's policies and procedures on academic integrity,\r\n  http://www.sfu.ca/policies/Students/index.html .\r\nYou can also contact the Office of the Ombudsperson for assistance in navigating University procedures.\r\n"
  }, 
  "model": "discipline.disciplinetemplate", 
  "pk": 6
 }, 
 {
  "fields": {
   "field": "contact_email_text", 
   "label": "simiar work (group)", 
   "text": "You and other students submitted very similar work on {{ACTIVITIES}}. This level of similarity does not usually occur unless collaboration exceeds the limits allowed by SFU's Code of Academic Integrity and Good Conduct, Policy S10.01. I take academic honesty very seriously and intend to pursue this apparent violation of SFU's standards for academic honesty.\r\n\r\nAs required by SFU Policy S10.02, Principles and Procedures for Academic Discipline, I am offering you the opportunity to meet with me to discuss this incident. You are not required to accept this offer. If you would like to meet, please contact me to make an appointment outside of my regular office hours.\r\n\r\nYou may wish to refer to SFU's policies and procedures on academic integrity,\r\n  http://www.sfu.ca/policies/Students/index.html .\r\nYou can also contact the Office of the Ombudsperson for assistance in navigating University procedures.\r\n"
  }, 
  "model": "discipline.disciplinetemplate", 
  "pk": 3
 }, 
 {
  "fields": {
   "field": "contact_email_text", 
   "label": "simiar work (pair)", 
   "text": "You and another student submitted very similar work on {{ACTIVITIES}}. This level of similarity does not usually occur unless collaboration exceeds the limits allowed by SFU's Code of Academic Integrity and Good Conduct, Policy S10.01. I take academic honesty very seriously and intend to pursue this apparent violation of SFU's standards for academic honesty.\r\n\r\nAs required by SFU Policy S10.02, Principles and Procedures for Academic Discipline, I am offering you the opportunity to meet with me to discuss this incident. You are not required to accept this offer. If you would like to meet, please contact me to make an appointment outside of my regular office hours.\r\n\r\nYou may wish to refer to SFU's policies and procedures on academic integrity,\r\n  http://www.sfu.ca/policies/Students/index.html .\r\nYou can also contact the Office of the Ombudsperson for assistance in navigating University procedures.\r\n"
  }, 
  "model": "discipline.disciplinetemplate", 
  "pk": 2
 }, 
 {
  "fields": {
   "field": "facts", 
   "label": "attachment", 
   "text": "See details in attached file facts.pdf."
  }, 
  "model": "discipline.disciplinetemplate", 
  "pk": 7
 }, 
 {
  "fields": {
   "field": "facts", 
   "label": "copied (other knew)", 
   "text": "{{FNAME}} was given a solution to {{ACTIVITIES}} by another student. The other student seems to have completed the work independently. Both students submitted the work as their own."
  }, 
  "model": "discipline.disciplinetemplate", 
  "pk": 11
 }, 
 {
  "fields": {
   "field": "facts", 
   "label": "copied (source)", 
   "text": "{{FNAME}} gave his/her solutions to {{ACTIVITIES}} to another student. Both students then submitted the work as their own."
  }, 
  "model": "discipline.disciplinetemplate", 
  "pk": 12
 }, 
 {
  "fields": {
   "field": "facts", 
   "label": "passed along", 
   "text": "{{FNAME}} gave his/her solutions to {{ACTIVITIES}} to another student. That student submitted this work in a later semester."
  }, 
  "model": "discipline.disciplinetemplate", 
  "pk": 17
 }, 
 {
  "fields": {
   "field": "facts", 
   "label": "copied (without knowledge)", 
   "text": "{{FNAME}} copied the work of another student on {{ACTIVITIES}} without his/her knowledge.  Both students submitted the work as their own."
  }, 
  "model": "discipline.disciplinetemplate", 
  "pk": 10
 }, 
 {
  "fields": {
   "field": "facts", 
   "label": "worked together (group)", 
   "text": "{{FNAME}} completed {{ACTIVITIES}} in collaboration with other students.  The level of collaboration was not acceptable given that the work was to be completed individually."
  }, 
  "model": "discipline.disciplinetemplate", 
  "pk": 9
 }, 
 {
  "fields": {
   "field": "facts", 
   "label": "worked together (pair)", 
   "text": "{{FNAME}} completed {{ACTIVITIES}} in collaboration with another student.  The level of collaboration was not acceptable given that the work was to be completed individually."
  }, 
  "model": "discipline.disciplinetemplate", 
  "pk": 8
 }, 
 {
  "fields": {
   "field": "meeting_summary", 
   "label": "admitted", 
   "text": "The student admitted academic dishonesty as described below in \u201cfacts of the case\u201d."
  }, 
  "model": "discipline.disciplinetemplate", 
  "pk": 4
 }, 
 {
  "fields": {
   "field": "meeting_summary", 
   "label": "quote email", 
   "text": "The student explained the situation in his/her email:\r\n\r\nbq. PASTE QUOTE HERE"
  }, 
  "model": "discipline.disciplinetemplate", 
  "pk": 16
 }, 
 {
  "fields": {
   "field": "meeting_summary", 
   "label": "denied", 
   "text": "The student denied any wrongdoing in this case."
  }, 
  "model": "discipline.disciplinetemplate", 
  "pk": 13
 }, 
 {
  "fields": {
   "field": "meeting_summary", 
   "label": "explained", 
   "text": "{{FNAME}} explained that..."
  }, 
  "model": "discipline.disciplinetemplate", 
  "pk": 14
 },
 {
  "fields": {
   "config": "{}", 
   "emplid": 0, 
   "first_name": "Brendon", 
   "last_name": "O'Laney", 
   "middle_name": "Joseph", 
   "pref_first_name": "Brendon", 
   "userid": "bolaney"
  }, 
  "model": "coredata.person", 
  "pk": 136
 },
 {
  "fields": {
   "person": 136,
   "role": "FUND",
   "unit": 2
  },
  "model": "coredata.role",
  "pk": 4
 },
  {
  "fields": {
   "person": 16,
   "role": "ADVS",
   "unit": 2
  },
  "model": "coredata.role",
  "pk": 6
 },
 {
  "fields": {
   "person": 16,
   "role": "GRAD",
   "unit": 2
  },
  "model": "coredata.role",
  "pk": 7
 },
  {
  "fields": {
   "config": "{}",
   "emplid": 210000000,
   "first_name": "Bob",
   "last_name": "DepartmentAdmin",
   "middle_name": "",
   "pref_first_name": "Bob",
   "userid": "cmptadmn"
  },
  "model": "coredata.person",
  "pk": 138
 },
 {
  "fields": {
   "person": 138,
   "role": "ADMN",
   "unit": 2
  },
  "model": "coredata.role",
  "pk": 5
 },
 
 
 
 
 
 
 
 
 
 
 
 
 
 
 
 
 
 
 
 
 
 
 
 
 

 
 
 
 
 
 
 
 
 
 
 
 
 
 
 
 
 
 
 
 
 
 
 
 
 
 
 
 
 
 
 
 
 
 
 
 
 
 

{
  "fields": {
   "campus": "BRNBY", 
   "comments": "", 
   "created_at": "2012-02-16 22:27:17", 
   "created_by": "ggbaker", 
   "english_fluency": "", 
   "is_canadian": null, 
   "modified_by": null, 
   "mother_tongue": "", 
   "passport_issued_by": "", 
   "person": 51, 
   "program": 1, 
   "research_area": "Biology", 
   "slug": "bbart-jumping", 
   "special_arrangements": null, 
   "updated_at": "2012-02-16 22:27:17"
  }, 
  "model": "grad.gradstudent", 
  "pk": 1
 }, 
 {
  "fields": {
   "campus": "BRNBY", 
   "comments": "", 
   "created_at": "2012-02-16 22:27:36", 
   "created_by": "ggbaker", 
   "english_fluency": "", 
   "is_canadian": null, 
   "modified_by": null, 
   "mother_tongue": "", 
   "passport_issued_by": "", 
   "person": 34, 
   "program": 2, 
   "research_area": "Hula Hoop", 
   "slug": "petra-skipping", 
   "special_arrangements": null, 
   "updated_at": "2012-02-16 22:27:36"
  }, 
  "model": "grad.gradstudent", 
  "pk": 2
 }, 
 {
  "fields": {
   "campus": "BRNBY", 
   "comments": "", 
   "created_at": "2012-02-16 22:28:10", 
   "created_by": "ggbaker", 
   "english_fluency": "", 
   "is_canadian": null, 
   "modified_by": null, 
   "mother_tongue": "", 
   "passport_issued_by": "", 
   "person": 45, 
   "program": 3, 
   "research_area": "Drink water", 
   "slug": "abulatov-running", 
   "special_arrangements": null, 
   "updated_at": "2012-02-16 22:28:10"
  }, 
  "model": "grad.gradstudent", 
  "pk": 3
 }, 
 {
  "fields": {
   "campus": "BRNBY", 
   "comments": "", 
   "created_at": "2012-02-16 22:28:48", 
   "created_by": "ggbaker", 
   "english_fluency": "", 
   "is_canadian": null, 
   "modified_by": null, 
   "mother_tongue": "", 
   "passport_issued_by": "", 
   "person": 28, 
   "program": 2, 
   "research_area": "Dealings", 
   "slug": "dixon-skipping", 
   "special_arrangements": null, 
   "updated_at": "2012-02-16 22:28:48"
  }, 
  "model": "grad.gradstudent", 
  "pk": 4
 }, 
 {
  "fields": {
   "campus": "BRNBY", 
   "comments": "", 
   "created_at": "2012-02-16 22:29:10", 
   "created_by": "ggbaker", 
   "english_fluency": "", 
   "is_canadian": null, 
   "modified_by": null, 
   "mother_tongue": "", 
   "passport_issued_by": "", 
   "person": 64, 
   "program": 2, 
   "research_area": "sleeks", 
   "slug": "0aaa11-skipping", 
   "special_arrangements": null, 
   "updated_at": "2012-02-16 22:29:10"
  }, 
  "model": "grad.gradstudent", 
  "pk": 5
 }, 
 {
  "fields": {
   "campus": "BRNBY", 
   "comments": "", 
   "created_at": "2012-02-16 22:29:41", 
   "created_by": "ggbaker", 
   "english_fluency": "", 
   "is_canadian": null, 
   "modified_by": null, 
   "mother_tongue": "", 
   "passport_issued_by": "", 
   "person": 14, 
   "program": 2, 
   "research_area": "Up and down", 
   "slug": "funda-skipping", 
   "special_arrangements": null, 
   "updated_at": "2012-02-16 22:29:41"
  }, 
  "model": "grad.gradstudent", 
  "pk": 6
 }, 
 {
  "fields": {
   "created_at": "2012-02-06 15:32:02", 
   "created_by": "", 
   "description": "Jacking", 
   "label": "Jumping ", 
   "modified_by": null, 
   "slug": "jumping", 
   "unit": 2, 
   "updated_at": "2012-02-06 15:32:02"
  }, 
  "model": "grad.gradprogram", 
  "pk": 1
 }, 
 {
  "fields": {
   "created_at": "2012-02-06 15:32:15", 
   "created_by": "", 
   "description": "Johnny", 
   "label": "Skipping ", 
   "modified_by": null, 
   "slug": "skipping", 
   "unit": 2, 
   "updated_at": "2012-02-06 15:32:15"
  }, 
  "model": "grad.gradprogram", 
  "pk": 2
 }, 
 {
  "fields": {
   "created_at": "2012-02-06 15:32:24", 
   "created_by": "", 
   "description": "Puup", 
   "label": "Running ", 
   "modified_by": null, 
   "slug": "running", 
   "unit": 2, 
   "updated_at": "2012-02-06 15:32:24"
  }, 
  "model": "grad.gradprogram", 
  "pk": 3
 }, 
 {
  "fields": {
   "created_at": "2012-02-16 22:27:17", 
   "created_by": "ggbaker", 
   "external": null, 
   "is_potential": false, 
   "is_senior": false, 
   "modified_by": null, 
   "position": 0, 
   "student": 1, 
   "supervisor": 33, 
   "updated_at": "2012-02-16 22:27:17"
  }, 
  "model": "grad.supervisor", 
  "pk": 1
 }, 
 {
  "fields": {
   "created_at": "2012-02-16 22:27:36", 
   "created_by": "ggbaker", 
   "external": null, 
   "is_potential": false, 
   "is_senior": false, 
   "modified_by": null, 
   "position": 0, 
   "student": 2, 
   "supervisor": 131, 
   "updated_at": "2012-02-16 22:27:36"
  }, 
  "model": "grad.supervisor", 
  "pk": 2
 }, 
 {
  "fields": {
   "created_at": "2012-02-16 22:28:10", 
   "created_by": "ggbaker", 
   "external": null, 
   "is_potential": false, 
   "is_senior": false, 
   "modified_by": null, 
   "position": 0, 
   "student": 3, 
   "supervisor": 52, 
   "updated_at": "2012-02-16 22:28:10"
  }, 
  "model": "grad.supervisor", 
  "pk": 3
 }, 
 {
  "fields": {
   "created_at": "2012-02-16 22:28:48", 
   "created_by": "ggbaker", 
   "external": null, 
   "is_potential": false, 
   "is_senior": false, 
   "modified_by": null, 
   "position": 0, 
   "student": 4, 
   "supervisor": 50, 
   "updated_at": "2012-02-16 22:28:48"
  }, 
  "model": "grad.supervisor", 
  "pk": 4
 }, 
 {
  "fields": {
   "created_at": "2012-02-16 22:29:10", 
   "created_by": "ggbaker", 
   "external": null, 
   "is_potential": false, 
   "is_senior": false, 
   "modified_by": null, 
   "position": 0, 
   "student": 5, 
   "supervisor": 46, 
   "updated_at": "2012-02-16 22:29:10"
  }, 
  "model": "grad.supervisor", 
  "pk": 5
 }, 
 {
  "fields": {
   "created_at": "2012-02-16 22:29:41", 
   "created_by": "ggbaker", 
   "external": null, 
   "is_potential": false, 
   "is_senior": false, 
   "modified_by": null, 
   "position": 0, 
   "student": 6, 
   "supervisor": 56, 
   "updated_at": "2012-02-16 22:29:41"
  }, 
  "model": "grad.supervisor", 
  "pk": 6
 }, 
 {
  "fields": {
   "created_at": "2012-02-08 18:32:37", 
   "description": "CMPT 891", 
   "program": 1, 
   "unit": 2, 
   "updated_at": "2012-02-08 18:32:37"
  }, 
  "model": "grad.gradrequirement", 
  "pk": 1
 }, 
 {
  "fields": {
   "created_at": "2012-02-08 18:33:05", 
   "description": "CMPT 890", 
   "program": 1, 
   "unit": 2, 
   "updated_at": "2012-02-08 18:33:05"
  }, 
  "model": "grad.gradrequirement", 
  "pk": 2
 }, 
 {
  "fields": {
   "created_at": "2012-02-16 21:11:24", 
   "description": "Breathing", 
   "program": 1, 
   "unit": 2, 
   "updated_at": "2012-02-16 21:11:24"
  }, 
  "model": "grad.gradrequirement", 
  "pk": 4
 }, 
 {
  "fields": {
   "created_at": "2012-02-16 21:11:31", 
   "description": "Writing", 
   "program": 3, 
   "unit": 2, 
   "updated_at": "2012-02-16 21:11:31"
  }, 
  "model": "grad.gradrequirement", 
  "pk": 5
 }, 
 {
  "fields": {
   "created_at": "2012-02-16 21:11:46", 
   "description": "Gasping", 
   "program": 2, 
   "unit": 2, 
   "updated_at": "2012-02-16 21:11:46"
  }, 
  "model": "grad.gradrequirement", 
  "pk": 6
 }, 
 {
  "fields": {
   "created_at": "2012-02-16 21:11:53", 
   "description": "Quantity Rules", 
   "program": 1, 
   "unit": 2, 
   "updated_at": "2012-02-16 21:11:53"
  }, 
  "model": "grad.gradrequirement", 
  "pk": 7
 }, 
 {
  "fields": {
   "created_at": "2012-02-16 21:12:02", 
   "description": "Quality Rulez", 
   "program": 3, 
   "unit": 2, 
   "updated_at": "2012-02-16 21:12:02"
  }, 
  "model": "grad.gradrequirement", 
  "pk": 8
 }, 
 {
  "fields": {
   "created_at": "2012-02-16 22:27:51", 
   "date": null, 
   "notes": "", 
   "requirement": 1, 
   "semester": 2, 
   "student": 1, 
   "updated_at": "2012-02-16 22:27:51"
  }, 
  "model": "grad.completedrequirement", 
  "pk": 1
 }, 
 {
  "fields": {
   "created_at": "2012-02-16 22:28:23", 
   "date": null, 
   "notes": "", 
   "requirement": 5, 
   "semester": 1, 
   "student": 3, 
   "updated_at": "2012-02-16 22:28:23"
  }, 
  "model": "grad.completedrequirement", 
  "pk": 2
 }, 
 {
  "fields": {
   "created_at": "2012-02-16 22:28:23", 
   "date": null, 
   "notes": "", 
   "requirement": 8, 
   "semester": 2, 
   "student": 3, 
   "updated_at": "2012-02-16 22:28:23"
  }, 
  "model": "grad.completedrequirement", 
  "pk": 3
 }, 
 {
  "fields": {
   "created_at": "2012-02-16 22:29:21", 
   "date": null, 
   "notes": "", 
   "requirement": 6, 
   "semester": 1, 
   "student": 5, 
   "updated_at": "2012-02-16 22:29:21"
  }, 
  "model": "grad.completedrequirement", 
  "pk": 4
 }, 
 {
  "fields": {
   "created_at": "2012-02-16 22:27:17", 
   "created_by": "ggbaker", 
   "end": null, 
   "notes": "", 
   "start": 3, 
   "status": "ACTI", 
   "student": 1, 
   "updated_at": "2012-02-16 22:27:17"
  }, 
  "model": "grad.gradstatus", 
  "pk": 1
 }, 
 {
  "fields": {
   "created_at": "2012-02-16 22:27:36", 
   "created_by": "ggbaker", 
   "end": null, 
   "notes": "", 
   "start": 3, 
   "status": "ACTI", 
   "student": 2, 
   "updated_at": "2012-02-16 22:27:36"
  }, 
  "model": "grad.gradstatus", 
  "pk": 2
 }, 
 {
  "fields": {
   "created_at": "2012-02-16 22:28:10", 
   "created_by": "ggbaker", 
   "end": null, 
   "notes": "", 
   "start": 3, 
   "status": "ACTI", 
   "student": 3, 
   "updated_at": "2012-02-16 22:28:10"
  }, 
  "model": "grad.gradstatus", 
  "pk": 3
 }, 
 {
  "fields": {
   "created_at": "2012-02-16 22:28:48", 
   "created_by": "ggbaker", 
   "end": null, 
   "notes": "", 
   "start": 3, 
   "status": "ACTI", 
   "student": 4, 
   "updated_at": "2012-02-16 22:28:48"
  }, 
  "model": "grad.gradstatus", 
  "pk": 4
 }, 
 {
  "fields": {
   "created_at": "2012-02-16 22:29:10", 
   "created_by": "ggbaker", 
   "end": null, 
   "notes": "", 
   "start": 3, 
   "status": "ACTI", 
   "student": 5, 
   "updated_at": "2012-02-16 22:29:10"
  }, 
  "model": "grad.gradstatus", 
  "pk": 5
 }, 
 {
  "fields": {
   "created_at": "2012-02-16 22:29:41", 
   "created_by": "ggbaker", 
   "end": null, 
   "notes": "", 
   "start": 3, 
   "status": "ACTI", 
   "student": 6, 
   "updated_at": "2012-02-16 22:29:41"
  }, 
  "model": "grad.gradstatus", 
  "pk": 6
 }, 
 
 
 
 
 
 
 
 
 
 
 
 
 
 
 
 
 
 
 
 
 
 
 
 
 
 
 
 
 
 
 
 
 
 
 {
  "fields": {
   "unit": 2,
   "level": "EXPR",
   "name": "Java"
  },
  "model": "ta.skill",
  "pk": 1
 },
 {
  "fields": {
   "unit": 2,
   "level": "SOME",
   "name": "Java"
  },
  "model": "ta.skill",
  "pk": 2
 },
 {
  "fields": {
   "unit": 2,
   "level": "NONE",
   "name": "Java"
  },
  "model": "ta.skill",
  "pk": 3
 },
 {
  "fields": {
   "unit": 2,
   "level": "EXPR",
   "name": "C++"
  },
  "model": "ta.skill",
  "pk": 4
 },
 {
  "fields": {
   "unit": 2,
   "level": "SOME",
   "name": "C++"
  },
  "model": "ta.skill",
  "pk": 5
 },
 {
  "fields": {
   "unit": 2,
   "level": "NONE",
   "name": "C++"
  },
  "model": "ta.skill",
  "pk": 6
 },
 {
  "fields": {
   "unit": 1,
   "level": "EXPR",
   "name": "English"
  },
  "model": "ta.skill",
  "pk": 7
 },
 {
  "fields": {
   "unit": 1,
   "level": "SOME",
   "name": "English"
  },
  "model": "ta.skill",
  "pk": 8
 },
 {
  "fields": {
   "unit": 1,
   "level": "NONE",
   "name": "English"
  },
  "model": "ta.skill",
  "pk": 9
 },
 {
  "fields": {
   "campus": "BRNBY",
   "rank": "PRF"
  },
  "model": "ta.campuspreference",
  "pk": 1
 },
 {
  "fields": {
   "campus": "BRNBY",
   "rank": "WIL"
  },
  "model": "ta.campuspreference",
  "pk": 2
 },
 {
  "fields": {
   "campus": "BRNBY",
   "rank": "NOT"
  },
  "model": "ta.campuspreference",
  "pk": 3
 },
 {
  "fields": {
   "campus": "SURRY",
   "rank": "PRF"
  },
  "model": "ta.campuspreference",
  "pk": 4
 },
 {
  "fields": {
   "campus": "SURRY",
   "rank": "WIL"
  },
  "model": "ta.campuspreference",
  "pk": 5
 },
 {
  "fields": {
   "campus": "SURRY",
   "rank": "NOT"
  },
  "model": "ta.campuspreference",
  "pk": 6
 },
 {
  "fields": {
   "campus": "VANCR",
   "rank": "PRF"
  },
  "model": "ta.campuspreference",
  "pk": 7
 },
 {
  "fields": {
   "campus": "VANCR",
   "rank": "WIL"
  },
  "model": "ta.campuspreference",
  "pk": 8
 },
 {
  "fields": {
   "campus": "VANCR",
   "rank": "NOT"
  },
  "model": "ta.campuspreference",
  "pk": 9
 },
 {
  "fields": {
   "campus": "OFFST",
   "rank": "PRF"
  },
  "model": "ta.campuspreference",
  "pk": 10
 },
 {
  "fields": {
   "campus": "OFFST",
   "rank": "WIL"
  },
  "model": "ta.campuspreference",
  "pk": 11
 },
 {
  "fields": {
   "campus": "OFFST",
   "rank": "NOT"
  },
  "model": "ta.campuspreference",
  "pk": 12
 },
 {
  "fields": {
   "campus": "GNWC",
   "rank": "PRF"
  },
  "model": "ta.campuspreference",
  "pk": 13
 },
 {
  "fields": {
   "campus": "GNWC",
   "rank": "WIL"
  },
  "model": "ta.campuspreference",
  "pk": 14
 },
 {
  "fields": {
   "campus": "GNWC",
   "rank": "NOT"
  },
  "model": "ta.campuspreference",
  "pk": 15
 },
 {
  "fields": {
   "campus": "METRO",
   "rank": "PRF"
  },
  "model": "ta.campuspreference",
  "pk": 16
 },
 {
  "fields": {
   "campus": "METRO",
   "rank": "WIL"
  },
  "model": "ta.campuspreference",
  "pk": 17
 },
 {
  "fields": {
   "campus": "METRO",
   "rank": "NOT"
  },
  "model": "ta.campuspreference",
  "pk": 18
 },
  {
  "fields": {
   "account_number": 5265, 
   "position_number": 23, 
   "title": "M.Sc. RA - Foreign"
  }, 
  "model": "ra.account", 
  "pk": 1
 }, 
 {
  "fields": {
   "account_number": 5436, 
   "position_number": 7, 
   "title": "M.A. RA"
  }, 
  "model": "ra.account", 
  "pk": 2
 }, 
 {
  "fields": {
   "fund_number": 31, 
   "project_number": 611140
  }, 
  "model": "ra.project", 
  "pk": 1
 }, 
 {
  "fields": {
   "fund_number": 17, 
   "project_number": 522267
  }, 
  "model": "ra.project", 
  "pk": 2
 },
 {
  "fields": {
   "person": 16,
   "role": "TAAD",
   "unit": 2
  },
  "model": "coredata.role",
  "pk": 8
 }
]
