[
{
 "fields": {
  "monday": "2010-01-04",
  "semester": 134,
  "week": 1
 },
 "model": "coredata.semesterweek",
 "pk": 134
},
{
 "fields": {
  "monday": "2010-05-17",
  "semester": 135,
  "week": 1
 },
 "model": "coredata.semesterweek",
 "pk": 135
},
{
 "fields": {
  "monday": "2010-09-06",
  "semester": 136,
  "week": 1
 },
 "model": "coredata.semesterweek",
 "pk": 136
},
{
 "fields": {
  "monday": "2011-01-10",
  "semester": 137,
  "week": 1
 },
 "model": "coredata.semesterweek",
 "pk": 137
},
{
 "fields": {
  "monday": "2011-05-09",
  "semester": 138,
  "week": 1
 },
 "model": "coredata.semesterweek",
 "pk": 138
},
{
 "fields": {
  "monday": "2011-09-05",
  "semester": 139,
  "week": 1
 },
 "model": "coredata.semesterweek",
 "pk": 139
},
{
 "fields": {
  "monday": "2012-01-09",
  "semester": 140,
  "week": 1
 },
 "model": "coredata.semesterweek",
 "pk": 140
},
{
 "fields": {
  "monday": "2012-05-07",
  "semester": 141,
  "week": 1
 },
 "model": "coredata.semesterweek",
 "pk": 141
},
{
 "fields": {
  "monday": "2012-09-03",
  "semester": 142,
  "week": 1
 },
 "model": "coredata.semesterweek",
 "pk": 142
},
{
 "fields": {
  "monday": "2013-01-07",
  "semester": 143,
  "week": 1
 },
 "model": "coredata.semesterweek",
 "pk": 143
},
{
 "fields": {
  "monday": "2013-05-06",
  "semester": 144,
  "week": 1
 },
 "model": "coredata.semesterweek",
 "pk": 144
},
{
 "fields": {
  "monday": "2013-09-02",
  "semester": 145,
  "week": 1
 },
 "model": "coredata.semesterweek",
 "pk": 145
},
{
 "fields": {
  "monday": "2014-01-06",
  "semester": 146,
  "week": 1
 },
 "model": "coredata.semesterweek",
 "pk": 146
},
{
 "fields": {
  "monday": "2014-05-05",
  "semester": 147,
  "week": 1
 },
 "model": "coredata.semesterweek",
 "pk": 147
},
{
 "fields": {
  "monday": "2014-09-01",
  "semester": 148,
  "week": 1
 },
 "model": "coredata.semesterweek",
 "pk": 148
},
{
 "fields": {
  "monday": "2015-01-05",
  "semester": 149,
  "week": 1
 },
 "model": "coredata.semesterweek",
 "pk": 149
},
{
 "fields": {
  "monday": "2015-05-11",
  "semester": 150,
  "week": 1
 },
 "model": "coredata.semesterweek",
 "pk": 150
},
{
 "fields": {
  "monday": "2015-09-07",
  "semester": 151,
  "week": 1
 },
 "model": "coredata.semesterweek",
 "pk": 151
},
{
 "fields": {
  "monday": "2016-01-04",
  "semester": 152,
  "week": 1
 },
 "model": "coredata.semesterweek",
 "pk": 152
},
{
 "fields": {
  "monday": "2016-05-09",
  "semester": 153,
  "week": 1
 },
 "model": "coredata.semesterweek",
 "pk": 153
},
{
 "fields": {
  "monday": "2016-09-05",
  "semester": 154,
  "week": 1
 },
 "model": "coredata.semesterweek",
 "pk": 154
},
{
 "fields": {
  "monday": "2017-01-09",
  "semester": 155,
  "week": 1
 },
 "model": "coredata.semesterweek",
 "pk": 155
},
{
 "fields": {
  "monday": "2017-05-08",
  "semester": 156,
  "week": 1
 },
 "model": "coredata.semesterweek",
 "pk": 156
},
{
 "fields": {
  "monday": "2017-09-04",
  "semester": 157,
  "week": 1
 },
 "model": "coredata.semesterweek",
 "pk": 157
},
{
 "fields": {
  "monday": "2018-01-08",
  "semester": 158,
  "week": 1
 },
 "model": "coredata.semesterweek",
 "pk": 158
},
{
 "fields": {
  "monday": "2018-05-07",
  "semester": 159,
  "week": 1
 },
 "model": "coredata.semesterweek",
 "pk": 159
},
{
 "fields": {
  "monday": "2018-09-03",
  "semester": 160,
  "week": 1
 },
 "model": "coredata.semesterweek",
 "pk": 160
},
{
 "fields": {
  "monday": "2019-01-07",
  "semester": 161,
  "week": 1
 },
 "model": "coredata.semesterweek",
 "pk": 161
},
{
 "fields": {
  "monday": "2019-05-06",
  "semester": 162,
  "week": 1
 },
 "model": "coredata.semesterweek",
 "pk": 162
},
{
 "fields": {
  "monday": "2019-09-02",
  "semester": 163,
  "week": 1
 },
 "model": "coredata.semesterweek",
 "pk": 163
},
{
 "fields": {
  "monday": "2020-01-06",
  "semester": 164,
  "week": 1
 },
 "model": "coredata.semesterweek",
 "pk": 164
},
{
 "fields": {
  "monday": "2020-05-11",
  "semester": 165,
  "week": 1
 },
 "model": "coredata.semesterweek",
 "pk": 165
},
{
 "fields": {
  "monday": "2020-09-07",
  "semester": 166,
  "week": 1
 },
 "model": "coredata.semesterweek",
 "pk": 166
},
{
 "fields": {
  "acad_org": "COMP SCI",
  "config": "{\"address\":[\"9971 Applied Sciences Building\",\"8888 University Drive, Burnaby, BC\",\"Canada V5A 1S6\"],\"email\":\"csdept@sfu.ca\",\"web\":\"http://www.cs.sfu.ca/\",\"tel\":\"778-782-4277\",\"fax\":\"778-782-3045\",\"informal_name\":\"Computing Science\",\"deptid\":\"12345\"}",
  "label": "CMPT",
  "name": "School of Computing Science",
  "parent": 2,
  "slug": "cmpt"
 },
 "model": "coredata.unit",
 "pk": 5
},
{
 "fields": {
  "acad_org": "ENG SCI",
  "config": "{}",
  "label": "ENSC",
  "name": "School of Engineering Science",
  "parent": 2,
  "slug": "ensc"
 },
 "model": "coredata.unit",
 "pk": 3
},
{
 "fields": {
  "acad_org": null,
  "config": "{}",
  "label": "FAS",
  "name": "Faculty of Applied Sciences",
  "parent": 1,
  "slug": "fas"
 },
 "model": "coredata.unit",
 "pk": 2
},
{
 "fields": {
  "acad_org": "MECH SYS",
  "config": "{}",
  "label": "MSE",
  "name": "School of Mechatronic Systems Engineering",
  "parent": 2,
  "slug": "mse"
 },
 "model": "coredata.unit",
 "pk": 4
},
{
 "fields": {
  "acad_org": null,
  "config": "{}",
  "label": "UNIV",
  "name": "Simon Fraser University",
  "parent": null,
  "slug": "univ"
 },
 "model": "coredata.unit",
 "pk": 1
},
{
 "fields": {
  "config": "{}",
  "number": "120",
  "slug": "cmpt-120",
  "subject": "CMPT",
  "title": "Intro.Cmpt.Sci/Programming I"
 },
 "model": "coredata.course",
 "pk": 2
},
{
 "fields": {
  "config": "{}",
  "number": "125",
  "slug": "cmpt-125",
  "subject": "CMPT",
  "title": "Intro.Cmpt.Sci/Programming II"
 },
 "model": "coredata.course",
 "pk": 1
},
{
 "fields": {
  "config": "{}",
  "number": "127",
  "slug": "cmpt-127",
  "subject": "CMPT",
  "title": "Computing Laboratory"
 },
 "model": "coredata.course",
 "pk": 3
},
{
 "fields": {
  "config": "{}",
  "number": "128",
  "slug": "cmpt-128",
  "subject": "CMPT",
  "title": "Intro. Cmpt.Sci/Prgm/Engineers"
 },
 "model": "coredata.course",
 "pk": 7
},
{
 "fields": {
  "config": "{}",
  "number": "165",
  "slug": "cmpt-165",
  "subject": "CMPT",
  "title": "Intro Internet  World Wide Web"
 },
 "model": "coredata.course",
 "pk": 4
},
{
 "fields": {
  "config": "{}",
  "number": "100W",
  "slug": "ensc-100w",
  "subject": "ENSC",
  "title": "Engineering, Science & Society"
 },
 "model": "coredata.course",
 "pk": 6
},
{
 "fields": {
  "config": "{}",
  "number": "105W",
  "slug": "ensc-105w",
  "subject": "ENSC",
  "title": "Process of Prof. Writing"
 },
 "model": "coredata.course",
 "pk": 5
},
{
 "fields": {
  "campus": "BRNBY",
  "class_nbr": 10113,
  "component": "LEC",
  "config": "{}",
  "course": 2,
  "crse_id": 14580,
  "enrl_cap": 200,
  "enrl_tot": 0,
  "flags": "10",
  "graded": true,
  "instr_mode": "P",
  "number": "120",
  "owner": 5,
  "section": "D300",
  "semester": 163,
  "slug": "2019fa-cmpt-120-d3",
  "subject": "CMPT",
  "title": "Intro.Cmpt.Sci/Programming I",
  "units": 3,
  "wait_tot": 0
 },
 "model": "coredata.courseoffering",
 "pk": 16
},
{
 "fields": {
  "campus": "BRNBY",
  "class_nbr": 10114,
  "component": "LEC",
  "config": "{}",
  "course": 2,
  "crse_id": 14580,
  "enrl_cap": 420,
  "enrl_tot": 0,
  "flags": "10",
  "graded": true,
  "instr_mode": "P",
  "number": "120",
  "owner": 5,
  "section": "D400",
  "semester": 163,
  "slug": "2019fa-cmpt-120-d4",
  "subject": "CMPT",
  "title": "Intro.Cmpt.Sci/Programming I",
  "units": 3,
  "wait_tot": 0
 },
 "model": "coredata.courseoffering",
 "pk": 17
},
{
 "fields": {
  "campus": "SURRY",
  "class_nbr": 9361,
  "component": "LEC",
  "config": "{}",
  "course": 2,
  "crse_id": 14580,
  "enrl_cap": 208,
  "enrl_tot": 0,
  "flags": "10",
  "graded": true,
  "instr_mode": "P",
  "number": "120",
  "owner": 5,
  "section": "D500",
  "semester": 163,
  "slug": "2019fa-cmpt-120-d5",
  "subject": "CMPT",
  "title": "Intro.Cmpt.Sci/Programming I",
  "units": 3,
  "wait_tot": 0
 },
 "model": "coredata.courseoffering",
 "pk": 15
},
{
 "fields": {
  "campus": "BRNBY",
  "class_nbr": 8887,
  "component": "LEC",
  "config": "{}",
  "course": 1,
  "crse_id": 14581,
  "enrl_cap": 192,
  "enrl_tot": 0,
  "flags": "2",
  "graded": true,
  "instr_mode": "P",
  "number": "125",
  "owner": 5,
  "section": "D100",
  "semester": 163,
  "slug": "2019fa-cmpt-125-d1",
  "subject": "CMPT",
  "title": "Intro.Cmpt.Sci/Programming II",
  "units": 3,
  "wait_tot": 0
 },
 "model": "coredata.courseoffering",
 "pk": 9
},
{
 "fields": {
  "campus": "BRNBY",
  "class_nbr": 8888,
  "component": "LAB",
  "config": "{}",
  "course": 3,
  "crse_id": 17292,
  "enrl_cap": 64,
  "enrl_tot": 0,
  "flags": "0",
  "graded": true,
  "instr_mode": "P",
  "number": "127",
  "owner": 5,
  "section": "D100",
  "semester": 163,
  "slug": "2019fa-cmpt-127-d1",
  "subject": "CMPT",
  "title": "Computing Laboratory",
  "units": 3,
  "wait_tot": 0
 },
 "model": "coredata.courseoffering",
 "pk": 10
},
{
 "fields": {
  "campus": "BRNBY",
  "class_nbr": 8889,
  "component": "LAB",
  "config": "{}",
  "course": 3,
  "crse_id": 17292,
  "enrl_cap": 64,
  "enrl_tot": 0,
  "flags": "0",
  "graded": true,
  "instr_mode": "P",
  "number": "127",
  "owner": 5,
  "section": "D200",
  "semester": 163,
  "slug": "2019fa-cmpt-127-d2",
  "subject": "CMPT",
  "title": "Computing Laboratory",
  "units": 3,
  "wait_tot": 0
 },
 "model": "coredata.courseoffering",
 "pk": 11
},
{
 "fields": {
  "campus": "BRNBY",
  "class_nbr": 8890,
  "component": "LAB",
  "config": "{}",
  "course": 3,
  "crse_id": 17292,
  "enrl_cap": 64,
  "enrl_tot": 0,
  "flags": "0",
  "graded": true,
  "instr_mode": "P",
  "number": "127",
  "owner": 5,
  "section": "D300",
  "semester": 163,
  "slug": "2019fa-cmpt-127-d3",
  "subject": "CMPT",
  "title": "Computing Laboratory",
  "units": 3,
  "wait_tot": 0
 },
 "model": "coredata.courseoffering",
 "pk": 12
},
{
 "fields": {
  "campus": "BRNBY",
  "class_nbr": 8891,
  "component": "LEC",
  "config": "{}",
  "course": 7,
  "crse_id": 14583,
  "enrl_cap": 208,
  "enrl_tot": 0,
  "flags": "10",
  "graded": true,
  "instr_mode": "P",
  "number": "128",
  "owner": 5,
  "section": "D100",
  "semester": 163,
  "slug": "2019fa-cmpt-128-d1",
  "subject": "CMPT",
  "title": "Intro. Cmpt.Sci/Prgm/Engineers",
  "units": 3,
  "wait_tot": 0
 },
 "model": "coredata.courseoffering",
 "pk": 13
},
{
 "fields": {
  "campus": "BRNBY",
  "class_nbr": 8894,
  "component": "LEC",
  "config": "{}",
  "course": 4,
  "crse_id": 11547,
  "enrl_cap": 200,
  "enrl_tot": 0,
  "flags": "8",
  "graded": true,
  "instr_mode": "P",
  "number": "165",
  "owner": 5,
  "section": "D100",
  "semester": 163,
  "slug": "2019fa-cmpt-165-d1",
  "subject": "CMPT",
  "title": "Intro Internet  World Wide Web",
  "units": 3,
  "wait_tot": 0
 },
 "model": "coredata.courseoffering",
 "pk": 14
},
{
 "fields": {
  "campus": "BRNBY",
  "class_nbr": 8607,
  "component": "LEC",
  "config": "{}",
  "course": 6,
  "crse_id": 14917,
  "enrl_cap": 176,
  "enrl_tot": 0,
  "flags": "12",
  "graded": true,
  "instr_mode": "P",
  "number": "100W",
  "owner": 3,
  "section": "D100",
  "semester": 163,
  "slug": "2019fa-ensc-100w-d1",
  "subject": "ENSC",
  "title": "Engineering, Science & Society",
  "units": 3,
  "wait_tot": 0
 },
 "model": "coredata.courseoffering",
 "pk": 8
},
{
 "fields": {
  "campus": "BRNBY",
  "class_nbr": 8599,
  "component": "LEC",
  "config": "{}",
  "course": 5,
  "crse_id": 16516,
  "enrl_cap": 175,
  "enrl_tot": 0,
  "flags": "1",
  "graded": true,
  "instr_mode": "P",
  "number": "105W",
  "owner": 3,
  "section": "D100",
  "semester": 163,
  "slug": "2019fa-ensc-105w-d1",
  "subject": "ENSC",
  "title": "Process of Prof. Writing",
  "units": 3,
  "wait_tot": 0
 },
 "model": "coredata.courseoffering",
 "pk": 7
},
{
 "fields": {
  "campus": "BRNBY",
  "class_nbr": 4774,
  "component": "LEC",
  "config": "{}",
  "course": 2,
  "crse_id": 14580,
  "enrl_cap": 200,
  "enrl_tot": 175,
  "flags": "10",
  "graded": true,
  "instr_mode": "P",
  "number": "120",
  "owner": 5,
  "section": "D100",
  "semester": 162,
  "slug": "2019su-cmpt-120-d1",
  "subject": "CMPT",
  "title": "Intro.Cmpt.Sci/Programming I",
  "units": 3,
  "wait_tot": 2
 },
 "model": "coredata.courseoffering",
 "pk": 2
},
{
 "fields": {
  "campus": "BRNBY",
  "class_nbr": 4711,
  "component": "LEC",
  "config": "{}",
  "course": 1,
  "crse_id": 14581,
  "enrl_cap": 180,
  "enrl_tot": 150,
  "flags": "2",
  "graded": true,
  "instr_mode": "P",
  "number": "125",
  "owner": 5,
  "section": "D100",
  "semester": 162,
  "slug": "2019su-cmpt-125-d1",
  "subject": "CMPT",
  "title": "Intro.Cmpt.Sci/Programming II",
  "units": 3,
  "wait_tot": 6
 },
 "model": "coredata.courseoffering",
 "pk": 1
},
{
 "fields": {
  "campus": "BRNBY",
  "class_nbr": 4787,
  "component": "LAB",
  "config": "{}",
  "course": 3,
  "crse_id": 17292,
  "enrl_cap": 60,
  "enrl_tot": 54,
  "flags": "0",
  "graded": true,
  "instr_mode": "P",
  "number": "127",
  "owner": 5,
  "section": "D100",
  "semester": 162,
  "slug": "2019su-cmpt-127-d1",
  "subject": "CMPT",
  "title": "Computing Laboratory",
  "units": 3,
  "wait_tot": 3
 },
 "model": "coredata.courseoffering",
 "pk": 3
},
{
 "fields": {
  "campus": "BRNBY",
  "class_nbr": 4788,
  "component": "LAB",
  "config": "{}",
  "course": 3,
  "crse_id": 17292,
  "enrl_cap": 60,
  "enrl_tot": 56,
  "flags": "0",
  "graded": true,
  "instr_mode": "P",
  "number": "127",
  "owner": 5,
  "section": "D200",
  "semester": 162,
  "slug": "2019su-cmpt-127-d2",
  "subject": "CMPT",
  "title": "Computing Laboratory",
  "units": 3,
  "wait_tot": 5
 },
 "model": "coredata.courseoffering",
 "pk": 4
},
{
 "fields": {
  "campus": "BRNBY",
  "class_nbr": 4789,
  "component": "LAB",
  "config": "{}",
  "course": 3,
  "crse_id": 17292,
  "enrl_cap": 60,
  "enrl_tot": 34,
  "flags": "0",
  "graded": true,
  "instr_mode": "P",
  "number": "127",
  "owner": 5,
  "section": "D300",
  "semester": 162,
  "slug": "2019su-cmpt-127-d3",
  "subject": "CMPT",
  "title": "Computing Laboratory",
  "units": 3,
  "wait_tot": 1
 },
 "model": "coredata.courseoffering",
 "pk": 5
},
{
 "fields": {
  "campus": "BRNBY",
  "class_nbr": 4790,
  "component": "LEC",
  "config": "{}",
  "course": 4,
  "crse_id": 11547,
  "enrl_cap": 200,
  "enrl_tot": 158,
  "flags": "8",
  "graded": true,
  "instr_mode": "P",
  "number": "165",
  "owner": 5,
  "section": "D100",
  "semester": 162,
  "slug": "2019su-cmpt-165-d1",
  "subject": "CMPT",
  "title": "Intro Internet  World Wide Web",
  "units": 3,
  "wait_tot": 0
 },
 "model": "coredata.courseoffering",
 "pk": 6
},
{
 "fields": {
  "config": "{}",
  "emplid": 200000100,
  "first_name": "Gregor\u028f",
  "last_name": "Baker",
  "middle_name": "Garnet",
  "pref_first_name": "Greg",
  "temporary": false,
  "title": "Mr",
  "userid": "ggbaker"
 },
 "model": "coredata.person",
 "pk": 1
},
{
 "fields": {
  "config": "{}",
  "emplid": 200000101,
  "first_name": "Philippe",
  "last_name": "Boutros",
  "middle_name": "",
  "pref_first_name": "Philippe",
  "temporary": false,
  "title": null,
  "userid": "pba7"
 },
 "model": "coredata.person",
 "pk": 6
},
{
 "fields": {
  "config": "{}",
  "emplid": 200000102,
  "first_name": "Bobby",
  "last_name": "Chan",
  "middle_name": "Chun Tung",
  "pref_first_name": "Bobby",
  "temporary": false,
  "title": "Mr",
  "userid": "bobbyc"
 },
 "model": "coredata.person",
 "pk": 14
},
{
 "fields": {
  "config": "{}",
  "emplid": 200000103,
  "first_name": "Diana",
  "last_name": "Cukierman",
  "middle_name": "Raquel",
  "pref_first_name": "Diana",
  "temporary": false,
  "title": "Dr",
  "userid": "diana"
 },
 "model": "coredata.person",
 "pk": 4
},
{
 "fields": {
  "config": "{}",
  "emplid": 200000104,
  "first_name": "Anthony",
  "last_name": "Dixon",
  "middle_name": "",
  "pref_first_name": "Anthony",
  "temporary": false,
  "title": null,
  "userid": "dixon"
 },
 "model": "coredata.person",
 "pk": 3
},
{
 "fields": {
  "config": "{}",
  "emplid": 200000105,
  "first_name": ".",
  "last_name": "Faculty",
  "middle_name": "",
  "pref_first_name": ".",
  "temporary": false,
  "title": "",
  "userid": null
 },
 "model": "coredata.person",
 "pk": 7
},
{
 "fields": {
  "config": "{}",
  "emplid": 200000106,
  "first_name": "Ghassan",
  "last_name": "Hamarneh",
  "middle_name": "",
  "pref_first_name": "Ghassan",
  "temporary": false,
  "title": "Dr",
  "userid": "hamarneh"
 },
 "model": "coredata.person",
 "pk": 11
},
{
 "fields": {
  "config": "{}",
  "emplid": 200000107,
  "first_name": "Harinder",
  "last_name": "Khangura",
  "middle_name": "Singh",
  "pref_first_name": "Harinder",
  "temporary": false,
  "title": "Mr",
  "userid": "hskhangu"
 },
 "model": "coredata.person",
 "pk": 8
},
{
 "fields": {
  "config": "{}",
  "emplid": 200000108,
  "first_name": "Anne",
  "last_name": "Lavergne",
  "middle_name": "",
  "pref_first_name": "Anne",
  "temporary": false,
  "title": "Miss",
  "userid": "alavergn"
 },
 "model": "coredata.person",
 "pk": 10
},
{
 "fields": {
  "config": "{}",
  "emplid": 200000109,
  "first_name": "Frederick",
  "last_name": "Popowich",
  "middle_name": "Paul",
  "pref_first_name": "Frederick",
  "temporary": false,
  "title": null,
  "userid": "popowich"
 },
 "model": "coredata.person",
 "pk": 2
},
{
 "fields": {
  "config": "{}",
  "emplid": 200000110,
  "first_name": "Igor",
  "last_name": "Shinkar",
  "middle_name": "",
  "pref_first_name": "Igor",
  "temporary": false,
  "title": "Dr",
  "userid": "ishinkar"
 },
 "model": "coredata.person",
 "pk": 9
},
{
 "fields": {
  "config": "{}",
  "emplid": 200000111,
  "first_name": "Michael",
  "last_name": "Sjoerdsma",
  "middle_name": "Henri",
  "pref_first_name": "Michael",
  "temporary": false,
  "title": "Mr",
  "userid": "mhs"
 },
 "model": "coredata.person",
 "pk": 12
},
{
 "fields": {
  "config": "{}",
  "emplid": 200000112,
  "first_name": "Stephen",
  "last_name": "Whitmore",
  "middle_name": "",
  "pref_first_name": "Stephen",
  "temporary": false,
  "title": "Mr",
  "userid": "whitmore"
 },
 "model": "coredata.person",
 "pk": 13
},
{
 "fields": {
  "config": "{\"privacy_signed\":true,\"privacy_date\":\"2019-05-13\",\"privacy_version\":1,\"privacy_da_signed\":true,\"privacy_da_date\":\"2019-05-13\",\"privacy_da_version\":1}",
  "emplid": 200000113,
  "first_name": "Danyu",
  "last_name": "Zhao",
  "middle_name": "",
  "pref_first_name": "Danyu",
  "temporary": false,
  "title": null,
  "userid": "dzhao"
 },
 "model": "coredata.person",
 "pk": 5
},
{
 "fields": {
  "config": "{}",
  "emplid": 300000300,
  "first_name": "X\u00eajiec\u00eft",
  "last_name": "Student",
  "middle_name": "Qokwaf",
  "pref_first_name": "X\u00eaji",
  "temporary": false,
  "title": null,
  "userid": "0aaa0"
 },
 "model": "coredata.person",
 "pk": 15
},
{
 "fields": {
  "config": "{}",
  "emplid": 300000301,
  "first_name": "Vkvlqtt\u00fa",
  "last_name": "Student",
  "middle_name": "Y\u00e0mrbh",
  "pref_first_name": "Vkvl",
  "temporary": false,
  "title": null,
  "userid": "0aaa1"
 },
 "model": "coredata.person",
 "pk": 17
},
{
 "fields": {
  "config": "{}",
  "emplid": 300000302,
  "first_name": "Nkijknyr",
  "last_name": "Student",
  "middle_name": "G\u00fa\u00eawoa",
  "pref_first_name": "Nkij",
  "temporary": false,
  "title": null,
  "userid": "0aaa2"
 },
 "model": "coredata.person",
 "pk": 19
},
{
 "fields": {
  "config": "{}",
  "emplid": 300000303,
  "first_name": "L\u00fal\u00faeo\u00e0\u00e0",
  "last_name": "Student",
  "middle_name": "Jj\u00e0qbr",
  "pref_first_name": "L\u00fal\u00faeo\u00e0\u00e0",
  "temporary": false,
  "title": null,
  "userid": "0aaa3"
 },
 "model": "coredata.person",
 "pk": 21
},
{
 "fields": {
  "config": "{}",
  "emplid": 300000304,
  "first_name": "Jdg\u00f5xp\u00f5p",
  "last_name": "Student",
  "middle_name": "Nwysfx",
  "pref_first_name": "Jdg\u00f5xp\u00f5p",
  "temporary": false,
  "title": null,
  "userid": "0aaa4"
 },
 "model": "coredata.person",
 "pk": 23
},
{
 "fields": {
  "config": "{}",
  "emplid": 300000305,
  "first_name": "Yqqfkpmf",
  "last_name": "Student",
  "middle_name": "Oj\u00efvfa",
  "pref_first_name": "Yqqfkpmf",
  "temporary": false,
  "title": null,
  "userid": "0aaa5"
 },
 "model": "coredata.person",
 "pk": 25
},
{
 "fields": {
  "config": "{}",
  "emplid": 300000306,
  "first_name": "Xzgyqblp",
  "last_name": "Student",
  "middle_name": "Tx\u00fa\u00faj\u00e0",
  "pref_first_name": "Xzgyqblp",
  "temporary": false,
  "title": null,
  "userid": "0aaa6"
 },
 "model": "coredata.person",
 "pk": 27
},
{
 "fields": {
  "config": "{}",
  "emplid": 300000307,
  "first_name": "Ofog\u00f5ndk",
  "last_name": "Student",
  "middle_name": "Lnb\u00ea\u00e0z",
  "pref_first_name": "Ofog\u00f5ndk",
  "temporary": false,
  "title": null,
  "userid": "0aaa7"
 },
 "model": "coredata.person",
 "pk": 29
},
{
 "fields": {
  "config": "{}",
  "emplid": 300000308,
  "first_name": "Qy\u00e0ntocj",
  "last_name": "Student",
  "middle_name": "Hmmud\u00ea",
  "pref_first_name": "Qy\u00e0n",
  "temporary": false,
  "title": null,
  "userid": "0aaa8"
 },
 "model": "coredata.person",
 "pk": 31
},
{
 "fields": {
  "config": "{}",
  "emplid": 300000309,
  "first_name": "Exec\u00e0gh\u00fa",
  "last_name": "Student",
  "middle_name": "Kcqggm",
  "pref_first_name": "Exec",
  "temporary": false,
  "title": null,
  "userid": "0aaa9"
 },
 "model": "coredata.person",
 "pk": 33
},
{
 "fields": {
  "config": "{}",
  "emplid": 300000310,
  "first_name": "V\u00efg\u00e0ty\u00e0h",
  "last_name": "Student",
  "middle_name": "Sdolan",
  "pref_first_name": "V\u00efg\u00e0ty\u00e0h",
  "temporary": false,
  "title": null,
  "userid": "0aaa10"
 },
 "model": "coredata.person",
 "pk": 35
},
{
 "fields": {
  "config": "{}",
  "emplid": 300000311,
  "first_name": "Wfal\u00fa\u00efzr",
  "last_name": "Student",
  "middle_name": "Oa\u00eavyw",
  "pref_first_name": "Wfal",
  "temporary": false,
  "title": null,
  "userid": "0aaa11"
 },
 "model": "coredata.person",
 "pk": 37
},
{
 "fields": {
  "config": "{}",
  "emplid": 300000312,
  "first_name": "Modlrecx",
  "last_name": "Student",
  "middle_name": "Ajxqzw",
  "pref_first_name": "Modlrecx",
  "temporary": false,
  "title": null,
  "userid": "0aaa12"
 },
 "model": "coredata.person",
 "pk": 39
},
{
 "fields": {
  "config": "{}",
  "emplid": 300000313,
  "first_name": "Fhjff\u00e0py",
  "last_name": "Student",
  "middle_name": "Axxfwp",
  "pref_first_name": "Fhjf",
  "temporary": false,
  "title": null,
  "userid": "0aaa13"
 },
 "model": "coredata.person",
 "pk": 41
},
{
 "fields": {
  "config": "{}",
  "emplid": 300000314,
  "first_name": "Rhydvkwm",
  "last_name": "Student",
  "middle_name": "Mmppfl",
  "pref_first_name": "Rhydvkwm",
  "temporary": false,
  "title": null,
  "userid": "0aaa14"
 },
 "model": "coredata.person",
 "pk": 43
},
{
 "fields": {
  "config": "{}",
  "emplid": 300000315,
  "first_name": "Hokxox\u00f5\u00f5",
  "last_name": "Student",
  "middle_name": "Lqov\u00fam",
  "pref_first_name": "Hokxox\u00f5\u00f5",
  "temporary": false,
  "title": null,
  "userid": "0aaa15"
 },
 "model": "coredata.person",
 "pk": 45
},
{
 "fields": {
  "config": "{}",
  "emplid": 300000316,
  "first_name": "Rcnqza\u00f5m",
  "last_name": "Student",
  "middle_name": "Oj\u00e0arb",
  "pref_first_name": "Rcnqza\u00f5m",
  "temporary": false,
  "title": null,
  "userid": "0aaa16"
 },
 "model": "coredata.person",
 "pk": 47
},
{
 "fields": {
  "config": "{}",
  "emplid": 300000317,
  "first_name": "Ceufu\u00f5cq",
  "last_name": "Student",
  "middle_name": "Sdkpow",
  "pref_first_name": "Ceufu\u00f5cq",
  "temporary": false,
  "title": null,
  "userid": "0aaa17"
 },
 "model": "coredata.person",
 "pk": 49
},
{
 "fields": {
  "config": "{}",
  "emplid": 300000318,
  "first_name": "K\u00fa\u00e0oq\u00eaop",
  "last_name": "Student",
  "middle_name": "Sgnwog",
  "pref_first_name": "K\u00fa\u00e0o",
  "temporary": false,
  "title": null,
  "userid": "0aaa18"
 },
 "model": "coredata.person",
 "pk": 51
},
{
 "fields": {
  "config": "{}",
  "emplid": 300000319,
  "first_name": "Czdt\u00fayro",
  "last_name": "Student",
  "middle_name": "Pemfef",
  "pref_first_name": "Czdt\u00fayro",
  "temporary": false,
  "title": null,
  "userid": "0aaa19"
 },
 "model": "coredata.person",
 "pk": 53
},
{
 "fields": {
  "config": "{\"gender\":\"U\",\"gpa\":2.59,\"visa\":\"No Visa St\",\"citizen\":\"OtherCountrian\"}",
  "emplid": 300000500,
  "first_name": "Pumr\u00f5itu",
  "last_name": "Grad",
  "middle_name": "Sxw\u00eaoh",
  "pref_first_name": "Pumr",
  "temporary": false,
  "title": null,
  "userid": "0ggg0"
 },
 "model": "coredata.person",
 "pk": 16
},
{
 "fields": {
  "config": "{\"gender\":\"M\",\"gpa\":1.78,\"visa\":\"Perm Resid\",\"citizen\":\"Canadian\"}",
  "emplid": 300000501,
  "first_name": "Ioqdk\u00f5g\u00fa",
  "last_name": "Grad",
  "middle_name": "R\u00f5\u00f5ln\u00f5",
  "pref_first_name": "Ioqdk\u00f5g\u00fa",
  "temporary": false,
  "title": null,
  "userid": "0ggg1"
 },
 "model": "coredata.person",
 "pk": 18
},
{
 "fields": {
  "config": "{\"gender\":\"F\",\"gpa\":1.94,\"visa\":\"Visitor\",\"citizen\":\"OtherCountrian\"}",
  "emplid": 300000502,
  "first_name": "Osag\u00f5grw",
  "last_name": "Grad",
  "middle_name": "Euamgu",
  "pref_first_name": "Osag\u00f5grw",
  "temporary": false,
  "title": null,
  "userid": "0ggg2"
 },
 "model": "coredata.person",
 "pk": 20
},
{
 "fields": {
  "config": "{\"gender\":\"M\",\"gpa\":1.86,\"visa\":\"Refugee\",\"citizen\":\"Canadian\"}",
  "emplid": 300000503,
  "first_name": "Aorbdkxo",
  "last_name": "Grad",
  "middle_name": "Yegl\u00e0f",
  "pref_first_name": "Aorb",
  "temporary": false,
  "title": null,
  "userid": "0ggg3"
 },
 "model": "coredata.person",
 "pk": 22
},
{
 "fields": {
  "config": "{\"gender\":\"M\",\"gpa\":1.01,\"visa\":\"Unknown\",\"citizen\":\"Canadian\"}",
  "emplid": 300000504,
  "first_name": "Djjxvo\u00fan",
  "last_name": "Grad",
  "middle_name": "Pzpfah",
  "pref_first_name": "Djjxvo\u00fan",
  "temporary": false,
  "title": null,
  "userid": "0ggg4"
 },
 "model": "coredata.person",
 "pk": 24
},
{
 "fields": {
  "config": "{\"gender\":\"U\",\"gpa\":4.04,\"visa\":\"Unknown\",\"citizen\":\"Canadian\"}",
  "emplid": 300000505,
  "first_name": "Haqntsa\u00ef",
  "last_name": "Grad",
  "middle_name": "Lmewwv",
  "pref_first_name": "Haqn",
  "temporary": false,
  "title": null,
  "userid": "0ggg5"
 },
 "model": "coredata.person",
 "pk": 26
},
{
 "fields": {
  "config": "{\"gender\":\"U\",\"gpa\":2.51,\"visa\":\"Perm Resid\",\"citizen\":\"OtherCountrian\"}",
  "emplid": 300000506,
  "first_name": "Vcacvkzv",
  "last_name": "Grad",
  "middle_name": "Omobgw",
  "pref_first_name": "Vcacvkzv",
  "temporary": false,
  "title": null,
  "userid": "0ggg6"
 },
 "model": "coredata.person",
 "pk": 28
},
{
 "fields": {
  "config": "{\"gender\":\"U\",\"gpa\":2.54,\"visa\":\"New CDN\",\"citizen\":\"OtherCountrian\"}",
  "emplid": 300000507,
  "first_name": "Fsyashqg",
  "last_name": "Grad",
  "middle_name": "O\u00faqbmp",
  "pref_first_name": "Fsyashqg",
  "temporary": false,
  "title": null,
  "userid": "0ggg7"
 },
 "model": "coredata.person",
 "pk": 30
},
{
 "fields": {
  "config": "{\"gender\":\"M\",\"gpa\":2.24,\"visa\":\"Unknown\",\"citizen\":\"OtherCountrian\"}",
  "emplid": 300000508,
  "first_name": "Evg\u00fawzwb",
  "last_name": "Grad",
  "middle_name": "Xidlun",
  "pref_first_name": "Evg\u00fa",
  "temporary": false,
  "title": null,
  "userid": "0ggg8"
 },
 "model": "coredata.person",
 "pk": 32
},
{
 "fields": {
  "config": "{\"gender\":\"U\",\"gpa\":2.2,\"visa\":\"Visitor\",\"citizen\":\"OtherCountrian\"}",
  "emplid": 300000509,
  "first_name": "At\u00f5uublp",
  "last_name": "Grad",
  "middle_name": "F\u00f5nnfu",
  "pref_first_name": "At\u00f5u",
  "temporary": false,
  "title": null,
  "userid": "0ggg9"
 },
 "model": "coredata.person",
 "pk": 34
},
{
 "fields": {
  "config": "{\"gender\":\"U\",\"gpa\":2.13,\"visa\":\"Live-in Ca\",\"citizen\":\"Canadian\"}",
  "emplid": 300000510,
  "first_name": "F\u00faqv\u00f5hcd",
  "last_name": "Grad",
  "middle_name": "Hentpu",
  "pref_first_name": "F\u00faqv\u00f5hcd",
  "temporary": false,
  "title": null,
  "userid": "0ggg10"
 },
 "model": "coredata.person",
 "pk": 36
},
{
 "fields": {
  "config": "{\"gender\":\"F\",\"gpa\":2.88,\"visa\":\"Refugee\",\"citizen\":\"Canadian\"}",
  "emplid": 300000511,
  "first_name": "Kcosdwug",
  "last_name": "Grad",
  "middle_name": "S\u00eabvqk",
  "pref_first_name": "Kcosdwug",
  "temporary": false,
  "title": null,
  "userid": "0ggg11"
 },
 "model": "coredata.person",
 "pk": 38
},
{
 "fields": {
  "config": "{\"gender\":\"F\",\"gpa\":2.07,\"visa\":\"Conv Refug\",\"citizen\":\"Canadian\"}",
  "emplid": 300000512,
  "first_name": "Ylf\u00efruyu",
  "last_name": "Grad",
  "middle_name": "Yboiow",
  "pref_first_name": "Ylf\u00efruyu",
  "temporary": false,
  "title": null,
  "userid": "0ggg12"
 },
 "model": "coredata.person",
 "pk": 40
},
{
 "fields": {
  "config": "{\"gender\":\"M\",\"gpa\":2.13,\"visa\":\"Live-in Ca\",\"citizen\":\"OtherCountrian\"}",
  "emplid": 300000513,
  "first_name": "Pf\u00e0\u00fasmrt",
  "last_name": "Grad",
  "middle_name": "Ueosfs",
  "pref_first_name": "Pf\u00e0\u00fa",
  "temporary": false,
  "title": null,
  "userid": "0ggg13"
 },
 "model": "coredata.person",
 "pk": 42
},
{
 "fields": {
  "config": "{\"gender\":\"F\",\"gpa\":0.52,\"visa\":\"Student\",\"citizen\":\"Canadian\"}",
  "emplid": 300000514,
  "first_name": "Nbfm\u00efy\u00faj",
  "last_name": "Grad",
  "middle_name": "Akp\u00faqf",
  "pref_first_name": "Nbfm\u00efy\u00faj",
  "temporary": false,
  "title": null,
  "userid": "0ggg14"
 },
 "model": "coredata.person",
 "pk": 44
},
{
 "fields": {
  "config": "{\"gender\":\"M\",\"gpa\":3.01,\"visa\":\"New CDN\",\"citizen\":\"OtherCountrian\"}",
  "emplid": 300000515,
  "first_name": "Uzswvgye",
  "last_name": "Grad",
  "middle_name": "Qqbk\u00fao",
  "pref_first_name": "Uzsw",
  "temporary": false,
  "title": null,
  "userid": "0ggg15"
 },
 "model": "coredata.person",
 "pk": 46
},
{
 "fields": {
  "config": "{\"gender\":\"U\",\"gpa\":1.68,\"visa\":\"Refugee\",\"citizen\":\"OtherCountrian\"}",
  "emplid": 300000516,
  "first_name": "Xwxslgqe",
  "last_name": "Grad",
  "middle_name": "Wsoqau",
  "pref_first_name": "Xwxslgqe",
  "temporary": false,
  "title": null,
  "userid": "0ggg16"
 },
 "model": "coredata.person",
 "pk": 48
},
{
 "fields": {
  "config": "{\"gender\":\"U\",\"gpa\":2.72,\"visa\":\"No Visa St\",\"citizen\":\"Canadian\"}",
  "emplid": 300000517,
  "first_name": "Dbuhmker",
  "last_name": "Grad",
  "middle_name": "Ejtz\u00eau",
  "pref_first_name": "Dbuhmker",
  "temporary": false,
  "title": null,
  "userid": "0ggg17"
 },
 "model": "coredata.person",
 "pk": 50
},
{
 "fields": {
  "config": "{\"gender\":\"F\",\"gpa\":1.59,\"visa\":\"Conv Refug\",\"citizen\":\"OtherCountrian\"}",
  "emplid": 300000518,
  "first_name": "Tu\u00fax\u00f5stn",
  "last_name": "Grad",
  "middle_name": "Ftpyec",
  "pref_first_name": "Tu\u00fax\u00f5stn",
  "temporary": false,
  "title": null,
  "userid": "0ggg18"
 },
 "model": "coredata.person",
 "pk": 52
},
{
 "fields": {
  "config": "{\"gender\":\"U\",\"gpa\":2.3,\"visa\":\"Diplomat\",\"citizen\":\"OtherCountrian\"}",
  "emplid": 300000519,
  "first_name": "K\u00f5ldartc",
  "last_name": "Grad",
  "middle_name": "N\u00faeevp",
  "pref_first_name": "K\u00f5ldartc",
  "temporary": false,
  "title": null,
  "userid": "0ggg19"
 },
 "model": "coredata.person",
 "pk": 54
},
{
 "fields": {
  "added_reason": "AUTO",
  "career": "NONS",
  "config": "{\"sched_print_instr\":true}",
  "credits": 0,
  "labtut_section": null,
  "offering": 16,
  "official_grade": null,
  "person": 7,
  "role": "INST"
 },
 "model": "coredata.member",
 "pk": 1
},
{
 "fields": {
  "added_reason": "AUTO",
  "career": "NONS",
  "config": "{\"sched_print_instr\":true}",
  "credits": 0,
  "labtut_section": null,
  "offering": 17,
  "official_grade": null,
  "person": 4,
  "role": "INST"
 },
 "model": "coredata.member",
 "pk": 2
},
{
 "fields": {
  "added_reason": "AUTO",
  "career": "NONS",
  "config": "{\"sched_print_instr\":true}",
  "credits": 0,
  "labtut_section": null,
  "offering": 15,
  "official_grade": null,
  "person": 8,
  "role": "INST"
 },
 "model": "coredata.member",
 "pk": 3
},
{
 "fields": {
  "added_reason": "AUTO",
  "career": "NONS",
  "config": "{\"sched_print_instr\":true}",
  "credits": 0,
  "labtut_section": null,
  "offering": 9,
  "official_grade": null,
  "person": 9,
  "role": "INST"
 },
 "model": "coredata.member",
 "pk": 4
},
{
 "fields": {
  "added_reason": "AUTO",
  "career": "NONS",
  "config": "{\"sched_print_instr\":true}",
  "credits": 0,
  "labtut_section": null,
  "offering": 10,
  "official_grade": null,
  "person": 10,
  "role": "INST"
 },
 "model": "coredata.member",
 "pk": 5
},
{
 "fields": {
  "added_reason": "AUTO",
  "career": "NONS",
  "config": "{\"sched_print_instr\":true}",
  "credits": 0,
  "labtut_section": null,
  "offering": 11,
  "official_grade": null,
  "person": 10,
  "role": "INST"
 },
 "model": "coredata.member",
 "pk": 6
},
{
 "fields": {
  "added_reason": "AUTO",
  "career": "NONS",
  "config": "{\"sched_print_instr\":true}",
  "credits": 0,
  "labtut_section": null,
  "offering": 12,
  "official_grade": null,
  "person": 10,
  "role": "INST"
 },
 "model": "coredata.member",
 "pk": 7
},
{
 "fields": {
  "added_reason": "AUTO",
  "career": "NONS",
  "config": "{\"sched_print_instr\":true}",
  "credits": 0,
  "labtut_section": null,
  "offering": 13,
  "official_grade": null,
  "person": 11,
  "role": "INST"
 },
 "model": "coredata.member",
 "pk": 8
},
{
 "fields": {
  "added_reason": "AUTO",
  "career": "NONS",
  "config": "{\"sched_print_instr\":true}",
  "credits": 0,
  "labtut_section": null,
  "offering": 14,
  "official_grade": null,
  "person": 1,
  "role": "INST"
 },
 "model": "coredata.member",
 "pk": 9
},
{
 "fields": {
  "added_reason": "AUTO",
  "career": "NONS",
  "config": "{\"sched_print_instr\":true}",
  "credits": 0,
  "labtut_section": null,
  "offering": 8,
  "official_grade": null,
  "person": 12,
  "role": "INST"
 },
 "model": "coredata.member",
 "pk": 10
},
{
 "fields": {
  "added_reason": "AUTO",
  "career": "NONS",
  "config": "{\"sched_print_instr\":true}",
  "credits": 0,
  "labtut_section": null,
  "offering": 7,
  "official_grade": null,
  "person": 13,
  "role": "INST"
 },
 "model": "coredata.member",
 "pk": 11
},
{
 "fields": {
  "added_reason": "AUTO",
  "career": "NONS",
  "config": "{}",
  "credits": 0,
  "labtut_section": null,
  "offering": 2,
  "official_grade": null,
  "person": 1,
  "role": "INST"
 },
 "model": "coredata.member",
 "pk": 18
},
{
 "fields": {
  "added_reason": "AUTO",
  "career": "NONS",
  "config": "{}",
  "credits": 0,
  "labtut_section": null,
  "offering": 2,
  "official_grade": null,
  "person": 16,
  "role": "TA"
 },
 "model": "coredata.member",
 "pk": 19
},
{
 "fields": {
  "added_reason": "AUTO",
  "career": "NONS",
  "config": "{\"sched_print_instr\":true}",
  "credits": 0,
  "labtut_section": null,
  "offering": 2,
  "official_grade": null,
  "person": 10,
  "role": "INST"
 },
 "model": "coredata.member",
 "pk": 12
},
{
 "fields": {
  "added_reason": "AUTO",
  "career": "UGRD",
  "config": "{}",
  "credits": 3,
  "labtut_section": null,
  "offering": 2,
  "official_grade": null,
  "person": 17,
  "role": "STUD"
 },
 "model": "coredata.member",
 "pk": 21
},
{
 "fields": {
  "added_reason": "AUTO",
  "career": "UGRD",
  "config": "{}",
  "credits": 3,
  "labtut_section": null,
  "offering": 2,
  "official_grade": null,
  "person": 15,
  "role": "STUD"
 },
 "model": "coredata.member",
 "pk": 20
},
{
 "fields": {
  "added_reason": "AUTO",
  "career": "NONS",
  "config": "{\"sched_print_instr\":true}",
  "credits": 0,
  "labtut_section": null,
  "offering": 1,
  "official_grade": null,
  "person": 14,
  "role": "INST"
 },
 "model": "coredata.member",
 "pk": 13
},
{
 "fields": {
  "added_reason": "AUTO",
  "career": "NONS",
  "config": "{\"sched_print_instr\":true}",
  "credits": 0,
  "labtut_section": null,
  "offering": 3,
  "official_grade": null,
  "person": 10,
  "role": "INST"
 },
 "model": "coredata.member",
 "pk": 14
},
{
 "fields": {
  "added_reason": "AUTO",
  "career": "NONS",
  "config": "{\"sched_print_instr\":true}",
  "credits": 0,
  "labtut_section": null,
  "offering": 4,
  "official_grade": null,
  "person": 10,
  "role": "INST"
 },
 "model": "coredata.member",
 "pk": 15
},
{
 "fields": {
  "added_reason": "AUTO",
  "career": "NONS",
  "config": "{\"sched_print_instr\":true}",
  "credits": 0,
  "labtut_section": null,
  "offering": 5,
  "official_grade": null,
  "person": 10,
  "role": "INST"
 },
 "model": "coredata.member",
 "pk": 16
},
{
 "fields": {
  "added_reason": "AUTO",
  "career": "NONS",
  "config": "{\"sched_print_instr\":true}",
  "credits": 0,
  "labtut_section": null,
  "offering": 6,
  "official_grade": null,
  "person": 4,
  "role": "INST"
 },
 "model": "coredata.member",
 "pk": 17
},
{
 "fields": {
  "config": "{}",
  "expiry": "2022-02-06",
  "person": 5,
  "role": "ADVS",
  "unit": 5
 },
 "model": "coredata.role",
 "pk": 2
},
{
 "fields": {
  "config": "{}",
  "expiry": "2022-02-06",
  "person": 5,
  "role": "ADMN",
  "unit": 5
 },
 "model": "coredata.role",
 "pk": 3
},
{
 "fields": {
  "config": "{}",
  "expiry": "2022-02-06",
  "person": 6,
  "role": "SYSA",
  "unit": 1
 },
 "model": "coredata.role",
 "pk": 4
},
{
 "fields": {
  "config": "{}",
  "expiry": "2022-02-06",
  "person": 5,
  "role": "INV",
  "unit": 5
 },
 "model": "coredata.role",
 "pk": 5
},
{
 "fields": {
  "config": "{}",
  "expiry": "2022-02-06",
  "person": 5,
  "role": "OUTR",
  "unit": 5
 },
 "model": "coredata.role",
 "pk": 6
},
{
 "fields": {
  "config": "{}",
  "expiry": "2022-02-06",
  "person": 5,
  "role": "SPAC",
  "unit": 5
 },
 "model": "coredata.role",
 "pk": 7
},
{
 "fields": {
  "config": "{}",
  "deleted": false,
  "due_date": "2019-07-05",
  "group": false,
  "name": "Assignmen\u021b 1",
  "offering": 2,
  "percent": 10,
  "position": 1,
  "short_name": "A1",
  "slug": "a1",
  "status": "URLS"
 },
 "model": "grades.activity",
 "pk": 1
},
{
 "fields": {
  "max_grade": 10
 },
 "model": "grades.numericactivity",
 "pk": 1
}
]
