[
{
 "fields": {
  "monday": "2010-01-04",
  "semester": 134,
  "week": 1
 },
 "model": "coredata.semesterweek",
 "pk": 134
},
{
 "fields": {
  "monday": "2010-05-17",
  "semester": 135,
  "week": 1
 },
 "model": "coredata.semesterweek",
 "pk": 135
},
{
 "fields": {
  "monday": "2010-09-06",
  "semester": 136,
  "week": 1
 },
 "model": "coredata.semesterweek",
 "pk": 136
},
{
 "fields": {
  "monday": "2011-01-10",
  "semester": 137,
  "week": 1
 },
 "model": "coredata.semesterweek",
 "pk": 137
},
{
 "fields": {
  "monday": "2011-05-09",
  "semester": 138,
  "week": 1
 },
 "model": "coredata.semesterweek",
 "pk": 138
},
{
 "fields": {
  "monday": "2011-09-05",
  "semester": 139,
  "week": 1
 },
 "model": "coredata.semesterweek",
 "pk": 139
},
{
 "fields": {
  "monday": "2012-01-09",
  "semester": 140,
  "week": 1
 },
 "model": "coredata.semesterweek",
 "pk": 140
},
{
 "fields": {
  "monday": "2012-05-07",
  "semester": 141,
  "week": 1
 },
 "model": "coredata.semesterweek",
 "pk": 141
},
{
 "fields": {
  "monday": "2012-09-03",
  "semester": 142,
  "week": 1
 },
 "model": "coredata.semesterweek",
 "pk": 142
},
{
 "fields": {
  "monday": "2013-01-07",
  "semester": 143,
  "week": 1
 },
 "model": "coredata.semesterweek",
 "pk": 143
},
{
 "fields": {
  "monday": "2013-05-06",
  "semester": 144,
  "week": 1
 },
 "model": "coredata.semesterweek",
 "pk": 144
},
{
 "fields": {
  "monday": "2013-09-02",
  "semester": 145,
  "week": 1
 },
 "model": "coredata.semesterweek",
 "pk": 145
},
{
 "fields": {
  "monday": "2014-01-06",
  "semester": 146,
  "week": 1
 },
 "model": "coredata.semesterweek",
 "pk": 146
},
{
 "fields": {
  "monday": "2014-05-05",
  "semester": 147,
  "week": 1
 },
 "model": "coredata.semesterweek",
 "pk": 147
},
{
 "fields": {
  "monday": "2014-09-01",
  "semester": 148,
  "week": 1
 },
 "model": "coredata.semesterweek",
 "pk": 148
},
{
 "fields": {
  "monday": "2015-01-05",
  "semester": 149,
  "week": 1
 },
 "model": "coredata.semesterweek",
 "pk": 149
},
{
 "fields": {
  "monday": "2015-05-11",
  "semester": 150,
  "week": 1
 },
 "model": "coredata.semesterweek",
 "pk": 150
},
{
 "fields": {
  "monday": "2015-09-07",
  "semester": 151,
  "week": 1
 },
 "model": "coredata.semesterweek",
 "pk": 151
},
{
 "fields": {
  "monday": "2016-01-04",
  "semester": 152,
  "week": 1
 },
 "model": "coredata.semesterweek",
 "pk": 152
},
{
 "fields": {
  "monday": "2016-05-09",
  "semester": 153,
  "week": 1
 },
 "model": "coredata.semesterweek",
 "pk": 153
},
{
 "fields": {
  "monday": "2016-09-05",
  "semester": 154,
  "week": 1
 },
 "model": "coredata.semesterweek",
 "pk": 154
},
{
 "fields": {
  "monday": "2017-01-09",
  "semester": 155,
  "week": 1
 },
 "model": "coredata.semesterweek",
 "pk": 155
},
{
 "fields": {
  "monday": "2017-05-08",
  "semester": 156,
  "week": 1
 },
 "model": "coredata.semesterweek",
 "pk": 156
},
{
 "fields": {
  "acad_org": "COMP SCI",
  "config": "{\"deptid\":\"12345\",\"web\":\"http://www.cs.sfu.ca/\",\"fax\":\"778-782-3045\",\"tel\":\"778-782-4277\",\"informal_name\":\"Computing Science\",\"address\":[\"9971 Applied Sciences Building\",\"8888 University Drive, Burnaby, BC\",\"Canada V5A 1S6\"],\"email\":\"csdept@sfu.ca\"}",
  "label": "CMPT",
  "name": "School of Computing Science",
  "parent": 2,
  "slug": "cmpt"
 },
 "model": "coredata.unit",
 "pk": 5
},
{
 "fields": {
  "acad_org": "ENG SCI",
  "config": "{}",
  "label": "ENSC",
  "name": "School of Engineering Science",
  "parent": 2,
  "slug": "ensc"
 },
 "model": "coredata.unit",
 "pk": 3
},
{
 "fields": {
  "acad_org": null,
  "config": "{}",
  "label": "FAS",
  "name": "Faculty of Applied Sciences",
  "parent": 1,
  "slug": "fas"
 },
 "model": "coredata.unit",
 "pk": 2
},
{
 "fields": {
  "acad_org": "MECH SYS",
  "config": "{}",
  "label": "MSE",
  "name": "School of Mechatronic Systems Engineering",
  "parent": 2,
  "slug": "mse"
 },
 "model": "coredata.unit",
 "pk": 4
},
{
 "fields": {
  "acad_org": null,
  "config": "{}",
  "label": "UNIV",
  "name": "Simon Fraser University",
  "parent": null,
  "slug": "univ"
 },
 "model": "coredata.unit",
 "pk": 1
},
{
 "fields": {
  "config": "{}",
  "number": "120",
  "slug": "cmpt-120",
  "subject": "CMPT",
  "title": "Intro.Cmpt.Sci/Programming I"
 },
 "model": "coredata.course",
 "pk": 3
},
{
 "fields": {
  "config": "{}",
  "number": "125",
  "slug": "cmpt-125",
  "subject": "CMPT",
  "title": "Intro.Cmpt.Sci/Programming II"
 },
 "model": "coredata.course",
 "pk": 4
},
{
 "fields": {
  "config": "{}",
  "number": "126",
  "slug": "cmpt-126",
  "subject": "CMPT",
  "title": "Intro.Cmpt.Sci and Programming"
 },
 "model": "coredata.course",
 "pk": 5
},
{
 "fields": {
  "config": "{}",
  "number": "127",
  "slug": "cmpt-127",
  "subject": "CMPT",
  "title": "Computing Laboratory"
 },
 "model": "coredata.course",
 "pk": 6
},
{
 "fields": {
  "config": "{}",
  "number": "128",
  "slug": "cmpt-128",
  "subject": "CMPT",
  "title": "Intro. Cmpt.Sci/Prgm/Engineers"
 },
 "model": "coredata.course",
 "pk": 7
},
{
 "fields": {
  "config": "{}",
  "number": "100W",
  "slug": "ensc-100w",
  "subject": "ENSC",
  "title": "Eng. Technology and Society"
 },
 "model": "coredata.course",
 "pk": 2
},
{
 "fields": {
  "config": "{}",
  "number": "105W",
  "slug": "ensc-105w",
  "subject": "ENSC",
  "title": "Process of Prof. Writing"
 },
 "model": "coredata.course",
 "pk": 1
},
{
 "fields": {
  "campus": "BRNBY",
  "class_nbr": 7367,
  "component": "LEC",
  "config": "{}",
  "course": 3,
  "crse_id": 14580,
  "enrl_cap": 156,
  "enrl_tot": 0,
  "flags": "10",
  "graded": true,
  "instr_mode": "P",
  "number": "120",
  "owner": 5,
  "section": "D100",
  "semester": 151,
  "slug": "2015fa-cmpt-120-d1",
  "subject": "CMPT",
  "title": "Intro.Cmpt.Sci/Programming I",
  "units": 3,
  "wait_tot": 0
 },
 "model": "coredata.courseoffering",
 "pk": 10
},
{
 "fields": {
  "campus": "BRNBY",
  "class_nbr": 7375,
  "component": "LEC",
  "config": "{}",
  "course": 3,
  "crse_id": 14580,
  "enrl_cap": 208,
  "enrl_tot": 0,
  "flags": "10",
  "graded": true,
  "instr_mode": "P",
  "number": "120",
  "owner": 5,
  "section": "D200",
  "semester": 151,
  "slug": "2015fa-cmpt-120-d2",
  "subject": "CMPT",
  "title": "Intro.Cmpt.Sci/Programming I",
  "units": 3,
  "wait_tot": 0
 },
 "model": "coredata.courseoffering",
 "pk": 11
},
{
 "fields": {
  "campus": "BRNBY",
  "class_nbr": 7385,
  "component": "LEC",
  "config": "{}",
  "course": 4,
  "crse_id": 14581,
  "enrl_cap": 192,
  "enrl_tot": 0,
  "flags": "2",
  "graded": true,
  "instr_mode": "P",
  "number": "125",
  "owner": 5,
  "section": "D100",
  "semester": 151,
  "slug": "2015fa-cmpt-125-d1",
  "subject": "CMPT",
  "title": "Intro.Cmpt.Sci/Programming II",
  "units": 3,
  "wait_tot": 0
 },
 "model": "coredata.courseoffering",
 "pk": 12
},
{
 "fields": {
  "campus": "BRNBY",
  "class_nbr": 7387,
  "component": "LAB",
  "config": "{}",
  "course": 6,
  "crse_id": 17292,
  "enrl_cap": 64,
  "enrl_tot": 0,
  "flags": "0",
  "graded": true,
  "instr_mode": "P",
  "number": "127",
  "owner": 5,
  "section": "D100",
  "semester": 151,
  "slug": "2015fa-cmpt-127-d1",
  "subject": "CMPT",
  "title": "Computing Laboratory",
  "units": 3,
  "wait_tot": 0
 },
 "model": "coredata.courseoffering",
 "pk": 13
},
{
 "fields": {
  "campus": "BRNBY",
  "class_nbr": 7388,
  "component": "LAB",
  "config": "{}",
  "course": 6,
  "crse_id": 17292,
  "enrl_cap": 64,
  "enrl_tot": 0,
  "flags": "0",
  "graded": true,
  "instr_mode": "P",
  "number": "127",
  "owner": 5,
  "section": "D200",
  "semester": 151,
  "slug": "2015fa-cmpt-127-d2",
  "subject": "CMPT",
  "title": "Computing Laboratory",
  "units": 3,
  "wait_tot": 0
 },
 "model": "coredata.courseoffering",
 "pk": 14
},
{
 "fields": {
  "campus": "BRNBY",
  "class_nbr": 7389,
  "component": "LAB",
  "config": "{}",
  "course": 6,
  "crse_id": 17292,
  "enrl_cap": 64,
  "enrl_tot": 0,
  "flags": "0",
  "graded": true,
  "instr_mode": "P",
  "number": "127",
  "owner": 5,
  "section": "D300",
  "semester": 151,
  "slug": "2015fa-cmpt-127-d3",
  "subject": "CMPT",
  "title": "Computing Laboratory",
  "units": 3,
  "wait_tot": 0
 },
 "model": "coredata.courseoffering",
 "pk": 15
},
{
 "fields": {
  "campus": "BRNBY",
  "class_nbr": 7391,
  "component": "LEC",
  "config": "{}",
  "course": 7,
  "crse_id": 14583,
  "enrl_cap": 156,
  "enrl_tot": 0,
  "flags": "10",
  "graded": true,
  "instr_mode": "P",
  "number": "128",
  "owner": 5,
  "section": "D100",
  "semester": 151,
  "slug": "2015fa-cmpt-128-d1",
  "subject": "CMPT",
  "title": "Intro. Cmpt.Sci/Prgm/Engineers",
  "units": 3,
  "wait_tot": 0
 },
 "model": "coredata.courseoffering",
 "pk": 16
},
{
 "fields": {
  "campus": "BRNBY",
  "class_nbr": 7392,
  "component": "LEC",
  "config": "{}",
  "course": 7,
  "crse_id": 14583,
  "enrl_cap": 104,
  "enrl_tot": 0,
  "flags": "10",
  "graded": true,
  "instr_mode": "P",
  "number": "128",
  "owner": 5,
  "section": "D200",
  "semester": 151,
  "slug": "2015fa-cmpt-128-d2",
  "subject": "CMPT",
  "title": "Intro. Cmpt.Sci/Prgm/Engineers",
  "units": 3,
  "wait_tot": 0
 },
 "model": "coredata.courseoffering",
 "pk": 17
},
{
 "fields": {
  "campus": "BRNBY",
  "class_nbr": 4429,
  "component": "LEC",
  "config": "{}",
  "course": 2,
  "crse_id": 14917,
  "enrl_cap": 240,
  "enrl_tot": 0,
  "flags": "12",
  "graded": true,
  "instr_mode": "P",
  "number": "100W",
  "owner": 3,
  "section": "D100",
  "semester": 151,
  "slug": "2015fa-ensc-100w-d1",
  "subject": "ENSC",
  "title": "Eng. Technology and Society",
  "units": 3,
  "wait_tot": 0
 },
 "model": "coredata.courseoffering",
 "pk": 3
},
{
 "fields": {
  "campus": "BRNBY",
  "class_nbr": 4407,
  "component": "LEC",
  "config": "{}",
  "course": 1,
  "crse_id": 16516,
  "enrl_cap": 150,
  "enrl_tot": 0,
  "flags": "1",
  "graded": true,
  "instr_mode": "P",
  "number": "105W",
  "owner": 3,
  "section": "D100",
  "semester": 151,
  "slug": "2015fa-ensc-105w-d1",
  "subject": "ENSC",
  "title": "Process of Prof. Writing",
  "units": 3,
  "wait_tot": 0
 },
 "model": "coredata.courseoffering",
 "pk": 1
},
{
 "fields": {
  "campus": "BRNBY",
  "class_nbr": 4426,
  "component": "LEC",
  "config": "{}",
  "course": 1,
  "crse_id": 16516,
  "enrl_cap": 150,
  "enrl_tot": 0,
  "flags": "1",
  "graded": true,
  "instr_mode": "P",
  "number": "105W",
  "owner": 3,
  "section": "D200",
  "semester": 151,
  "slug": "2015fa-ensc-105w-d2",
  "subject": "ENSC",
  "title": "Process of Prof. Writing",
  "units": 3,
  "wait_tot": 0
 },
 "model": "coredata.courseoffering",
 "pk": 2
},
{
 "fields": {
  "campus": "BRNBY",
  "class_nbr": 4513,
  "component": "LEC",
  "config": "{}",
  "course": 3,
  "crse_id": 14580,
  "enrl_cap": 182,
  "enrl_tot": 171,
  "flags": "10",
  "graded": true,
  "instr_mode": "P",
  "number": "120",
  "owner": 5,
  "section": "D100",
  "semester": 150,
  "slug": "2015su-cmpt-120-d1",
  "subject": "CMPT",
  "title": "Intro.Cmpt.Sci/Programming I",
  "units": 3,
  "wait_tot": 0
 },
 "model": "coredata.courseoffering",
 "pk": 4
},
{
 "fields": {
  "campus": "BRNBY",
  "class_nbr": 4514,
  "component": "LEC",
  "config": "{}",
  "course": 4,
  "crse_id": 14581,
  "enrl_cap": 165,
  "enrl_tot": 73,
  "flags": "2",
  "graded": true,
  "instr_mode": "P",
  "number": "125",
  "owner": 5,
  "section": "D100",
  "semester": 150,
  "slug": "2015su-cmpt-125-d1",
  "subject": "CMPT",
  "title": "Intro.Cmpt.Sci/Programming II",
  "units": 3,
  "wait_tot": 0
 },
 "model": "coredata.courseoffering",
 "pk": 5
},
{
 "fields": {
  "campus": "BRNBY",
  "class_nbr": 4515,
  "component": "LEC",
  "config": "{}",
  "course": 5,
  "crse_id": 14582,
  "enrl_cap": 78,
  "enrl_tot": 47,
  "flags": "10",
  "graded": true,
  "instr_mode": "P",
  "number": "126",
  "owner": 5,
  "section": "D100",
  "semester": 150,
  "slug": "2015su-cmpt-126-d1",
  "subject": "CMPT",
  "title": "Intro.Cmpt.Sci and Programming",
  "units": 3,
  "wait_tot": 0
 },
 "model": "coredata.courseoffering",
 "pk": 6
},
{
 "fields": {
  "campus": "BRNBY",
  "class_nbr": 4519,
  "component": "LAB",
  "config": "{}",
  "course": 6,
  "crse_id": 17292,
  "enrl_cap": 55,
  "enrl_tot": 47,
  "flags": "0",
  "graded": true,
  "instr_mode": "P",
  "number": "127",
  "owner": 5,
  "section": "LAB1",
  "semester": 150,
  "slug": "2015su-cmpt-127-lab1",
  "subject": "CMPT",
  "title": "Computing Laboratory",
  "units": 3,
  "wait_tot": 0
 },
 "model": "coredata.courseoffering",
 "pk": 7
},
{
 "fields": {
  "campus": "BRNBY",
  "class_nbr": 4520,
  "component": "LAB",
  "config": "{}",
  "course": 6,
  "crse_id": 17292,
  "enrl_cap": 55,
  "enrl_tot": 29,
  "flags": "0",
  "graded": true,
  "instr_mode": "P",
  "number": "127",
  "owner": 5,
  "section": "LAB2",
  "semester": 150,
  "slug": "2015su-cmpt-127-lab2",
  "subject": "CMPT",
  "title": "Computing Laboratory",
  "units": 3,
  "wait_tot": 0
 },
 "model": "coredata.courseoffering",
 "pk": 8
},
{
 "fields": {
  "campus": "BRNBY",
  "class_nbr": 4521,
  "component": "LAB",
  "config": "{}",
  "course": 6,
  "crse_id": 17292,
  "enrl_cap": 55,
  "enrl_tot": 0,
  "flags": "0",
  "graded": true,
  "instr_mode": "P",
  "number": "127",
  "owner": 5,
  "section": "LAB3",
  "semester": 150,
  "slug": "2015su-cmpt-127-lab3",
  "subject": "CMPT",
  "title": "Computing Laboratory",
  "units": 3,
  "wait_tot": 0
 },
 "model": "coredata.courseoffering",
 "pk": 9
},
{
 "fields": {
  "config": "{}",
  "emplid": 200000100,
  "first_name": "Gregor\u028f",
  "last_name": "Baker",
  "middle_name": "Garnet",
  "pref_first_name": "Greg",
  "temporary": false,
  "title": null,
  "userid": "ggbaker"
 },
 "model": "coredata.person",
 "pk": 1
},
{
 "fields": {
  "config": "{}",
  "emplid": 200000101,
  "first_name": "Philippe",
  "last_name": "Boutros",
  "middle_name": "",
  "pref_first_name": "Philippe",
  "temporary": false,
  "title": null,
  "userid": "pba7"
 },
 "model": "coredata.person",
 "pk": 6
},
{
 "fields": {
  "config": "{}",
  "emplid": 200000102,
  "first_name": "Bobby",
  "last_name": "Chan",
  "middle_name": "Chun Tung",
  "pref_first_name": "Bobby",
  "temporary": false,
  "title": "Mr",
  "userid": "bobbyc"
 },
 "model": "coredata.person",
 "pk": 8
},
{
 "fields": {
  "config": "{}",
  "emplid": 200000103,
  "first_name": "Diana",
  "last_name": "Cukierman",
  "middle_name": "Raquel",
  "pref_first_name": "Diana",
  "temporary": false,
  "title": null,
  "userid": "diana"
 },
 "model": "coredata.person",
 "pk": 4
},
{
 "fields": {
  "config": "{}",
  "emplid": 200000104,
  "first_name": "Anthony",
  "last_name": "Dixon",
  "middle_name": "",
  "pref_first_name": "Anthony",
  "temporary": false,
  "title": null,
  "userid": "dixon"
 },
 "model": "coredata.person",
 "pk": 3
},
{
 "fields": {
  "config": "{}",
  "emplid": 200000105,
  "first_name": "John",
  "last_name": "Jones",
  "middle_name": "",
  "pref_first_name": "John",
  "temporary": false,
  "title": "Dr",
  "userid": "jones"
 },
 "model": "coredata.person",
 "pk": 11
},
{
 "fields": {
  "config": "{}",
  "emplid": 200000106,
  "first_name": "Anne",
  "last_name": "Lavergne",
  "middle_name": "",
  "pref_first_name": "Anne",
  "temporary": false,
  "title": "Miss",
  "userid": "alavergn"
 },
 "model": "coredata.person",
 "pk": 7
},
{
 "fields": {
  "config": "{}",
  "emplid": 200000107,
  "first_name": "Fred",
  "last_name": "Popowich",
  "middle_name": "",
  "pref_first_name": "Fred",
  "temporary": false,
  "title": null,
  "userid": "popowich"
 },
 "model": "coredata.person",
 "pk": 2
},
{
 "fields": {
  "config": "{}",
  "emplid": 200000108,
  "first_name": "Janice",
  "last_name": "Regan",
  "middle_name": "",
  "pref_first_name": "Janice",
  "temporary": false,
  "title": "Ms",
  "userid": "jregan"
 },
 "model": "coredata.person",
 "pk": 10
},
{
 "fields": {
  "config": "{}",
  "emplid": 200000109,
  "first_name": "Michael",
  "last_name": "Sjoerdsma",
  "middle_name": "Henri",
  "pref_first_name": "Michael",
  "temporary": false,
  "title": "Mr",
  "userid": "mhs"
 },
 "model": "coredata.person",
 "pk": 12
},
{
 "fields": {
  "config": "{}",
  "emplid": 200000110,
  "first_name": "Karol",
  "last_name": "Swietlicki",
  "middle_name": "Ryszard",
  "pref_first_name": "Karol",
  "temporary": false,
  "title": "Mr",
  "userid": "kswietli"
 },
 "model": "coredata.person",
 "pk": 14
},
{
 "fields": {
  "config": "{}",
  "emplid": 200000111,
  "first_name": "Richard",
  "last_name": "Vaughan",
  "middle_name": "Terence",
  "pref_first_name": "Richard",
  "temporary": false,
  "title": "",
  "userid": "vaughan"
 },
 "model": "coredata.person",
 "pk": 9
},
{
 "fields": {
  "config": "{}",
  "emplid": 200000112,
  "first_name": "Stephen",
  "last_name": "Whitmore",
  "middle_name": "",
  "pref_first_name": "Stephen",
  "temporary": false,
  "title": "Mr",
  "userid": "whitmore"
 },
 "model": "coredata.person",
 "pk": 13
},
{
 "fields": {
  "config": "{\"privacy_signed\":true,\"privacy_version\":1,\"privacy_date\":\"2015-06-23\"}",
  "emplid": 200000113,
  "first_name": "DanYu",
  "last_name": "Zhao",
  "middle_name": "",
  "pref_first_name": "DanYu",
  "temporary": false,
  "title": null,
  "userid": "dzhao"
 },
 "model": "coredata.person",
 "pk": 5
},
{
 "fields": {
  "config": "{}",
  "emplid": 300000300,
  "first_name": "Hlrbgnto",
  "last_name": "Student",
  "middle_name": "Ltolah",
  "pref_first_name": "Hlrb",
  "temporary": false,
  "title": null,
  "userid": "0aaa0"
 },
 "model": "coredata.person",
 "pk": 15
},
{
 "fields": {
  "config": "{}",
  "emplid": 300000301,
  "first_name": "Rjhzyjh\u00e0",
  "last_name": "Student",
  "middle_name": "Fcw\u00fabv",
  "pref_first_name": "Rjhz",
  "temporary": false,
  "title": null,
  "userid": "0aaa1"
 },
 "model": "coredata.person",
 "pk": 17
},
{
 "fields": {
  "config": "{}",
  "emplid": 300000302,
  "first_name": "Yugezhof",
  "last_name": "Student",
  "middle_name": "Dv\u00eafqd",
  "pref_first_name": "Yugezhof",
  "temporary": false,
  "title": null,
  "userid": "0aaa2"
 },
 "model": "coredata.person",
 "pk": 19
},
{
 "fields": {
  "config": "{}",
  "emplid": 300000303,
  "first_name": "Qqkilhwh",
  "last_name": "Student",
  "middle_name": "Qguww\u00e0",
  "pref_first_name": "Qqkilhwh",
  "temporary": false,
  "title": null,
  "userid": "0aaa3"
 },
 "model": "coredata.person",
 "pk": 21
},
{
 "fields": {
  "config": "{}",
  "emplid": 300000304,
  "first_name": "Y\u00ea\u00e0\u00f5\u00e0ghs",
  "last_name": "Student",
  "middle_name": "T\u00f5puss",
  "pref_first_name": "Y\u00ea\u00e0\u00f5",
  "temporary": false,
  "title": null,
  "userid": "0aaa4"
 },
 "model": "coredata.person",
 "pk": 23
},
{
 "fields": {
  "config": "{}",
  "emplid": 300000305,
  "first_name": "Z\u00eamg\u00fanvb",
  "last_name": "Student",
  "middle_name": "Z\u00fanfna",
  "pref_first_name": "Z\u00eamg\u00fanvb",
  "temporary": false,
  "title": null,
  "userid": "0aaa5"
 },
 "model": "coredata.person",
 "pk": 25
},
{
 "fields": {
  "config": "{}",
  "emplid": 300000306,
  "first_name": "Eiahefew",
  "last_name": "Student",
  "middle_name": "Vedcoh",
  "pref_first_name": "Eiah",
  "temporary": false,
  "title": null,
  "userid": "0aaa6"
 },
 "model": "coredata.person",
 "pk": 27
},
{
 "fields": {
  "config": "{}",
  "emplid": 300000307,
  "first_name": "Rmlhwebe",
  "last_name": "Student",
  "middle_name": "Jgurfb",
  "pref_first_name": "Rmlh",
  "temporary": false,
  "title": null,
  "userid": "0aaa7"
 },
 "model": "coredata.person",
 "pk": 29
},
{
 "fields": {
  "config": "{}",
  "emplid": 300000308,
  "first_name": "Botnnkb\u00ef",
  "last_name": "Student",
  "middle_name": "X\u00f5wuha",
  "pref_first_name": "Botn",
  "temporary": false,
  "title": null,
  "userid": "0aaa8"
 },
 "model": "coredata.person",
 "pk": 31
},
{
 "fields": {
  "config": "{}",
  "emplid": 300000309,
  "first_name": "Prdjvm\u00e0s",
  "last_name": "Student",
  "middle_name": "Vqjpjh",
  "pref_first_name": "Prdjvm\u00e0s",
  "temporary": false,
  "title": null,
  "userid": "0aaa9"
 },
 "model": "coredata.person",
 "pk": 33
},
{
 "fields": {
  "config": "{}",
  "emplid": 300000310,
  "first_name": "Oxepso\u00efp",
  "last_name": "Student",
  "middle_name": "Mq\u00e0j\u00f5m",
  "pref_first_name": "Oxepso\u00efp",
  "temporary": false,
  "title": null,
  "userid": "0aaa10"
 },
 "model": "coredata.person",
 "pk": 35
},
{
 "fields": {
  "config": "{}",
  "emplid": 300000311,
  "first_name": "Y\u00efdl\u00e0ri\u00ea",
  "last_name": "Student",
  "middle_name": "Ystf\u00efj",
  "pref_first_name": "Y\u00efdl\u00e0ri\u00ea",
  "temporary": false,
  "title": null,
  "userid": "0aaa11"
 },
 "model": "coredata.person",
 "pk": 37
},
{
 "fields": {
  "config": "{}",
  "emplid": 300000312,
  "first_name": "Tvotawfk",
  "last_name": "Student",
  "middle_name": "Vd\u00ea\u00f5\u00efz",
  "pref_first_name": "Tvotawfk",
  "temporary": false,
  "title": null,
  "userid": "0aaa12"
 },
 "model": "coredata.person",
 "pk": 39
},
{
 "fields": {
  "config": "{}",
  "emplid": 300000313,
  "first_name": "Hwni\u00e0qia",
  "last_name": "Student",
  "middle_name": "Suzj\u00eft",
  "pref_first_name": "Hwni",
  "temporary": false,
  "title": null,
  "userid": "0aaa13"
 },
 "model": "coredata.person",
 "pk": 41
},
{
 "fields": {
  "config": "{}",
  "emplid": 300000314,
  "first_name": "Bvh\u00fa\u00eaanz",
  "last_name": "Student",
  "middle_name": "Eaqujz",
  "pref_first_name": "Bvh\u00fa\u00eaanz",
  "temporary": false,
  "title": null,
  "userid": "0aaa14"
 },
 "model": "coredata.person",
 "pk": 43
},
{
 "fields": {
  "config": "{}",
  "emplid": 300000315,
  "first_name": "Vgd\u00f5hi\u00f5h",
  "last_name": "Student",
  "middle_name": "Jgq\u00fafc",
  "pref_first_name": "Vgd\u00f5",
  "temporary": false,
  "title": null,
  "userid": "0aaa15"
 },
 "model": "coredata.person",
 "pk": 45
},
{
 "fields": {
  "config": "{}",
  "emplid": 300000316,
  "first_name": "Yrwczjgd",
  "last_name": "Student",
  "middle_name": "Snyvlk",
  "pref_first_name": "Yrwczjgd",
  "temporary": false,
  "title": null,
  "userid": "0aaa16"
 },
 "model": "coredata.person",
 "pk": 47
},
{
 "fields": {
  "config": "{}",
  "emplid": 300000317,
  "first_name": "Hkgnho\u00f5t",
  "last_name": "Student",
  "middle_name": "A\u00f5zivv",
  "pref_first_name": "Hkgn",
  "temporary": false,
  "title": null,
  "userid": "0aaa17"
 },
 "model": "coredata.person",
 "pk": 49
},
{
 "fields": {
  "config": "{}",
  "emplid": 300000318,
  "first_name": "Kxacvjmp",
  "last_name": "Student",
  "middle_name": "Bnhse\u00ea",
  "pref_first_name": "Kxac",
  "temporary": false,
  "title": null,
  "userid": "0aaa18"
 },
 "model": "coredata.person",
 "pk": 51
},
{
 "fields": {
  "config": "{}",
  "emplid": 300000319,
  "first_name": "Mpmxjrmc",
  "last_name": "Student",
  "middle_name": "Kwfu\u00eft",
  "pref_first_name": "Mpmxjrmc",
  "temporary": false,
  "title": null,
  "userid": "0aaa19"
 },
 "model": "coredata.person",
 "pk": 53
},
{
 "fields": {
  "config": "{\"gender\":\"F\",\"visa\":\"Other\",\"gpa\":0.97,\"citizen\":\"Canadian\"}",
  "emplid": 300000500,
  "first_name": "Fazocvze",
  "last_name": "Grad",
  "middle_name": "D\u00efq\u00e0ls",
  "pref_first_name": "Fazocvze",
  "temporary": false,
  "title": null,
  "userid": "0ggg0"
 },
 "model": "coredata.person",
 "pk": 16
},
{
 "fields": {
  "config": "{\"gender\":\"F\",\"visa\":\"Live-in Ca\",\"gpa\":1.53,\"citizen\":\"OtherCountrian\"}",
  "emplid": 300000501,
  "first_name": "Cyrmyrvs",
  "last_name": "Grad",
  "middle_name": "Pqrqnh",
  "pref_first_name": "Cyrm",
  "temporary": false,
  "title": null,
  "userid": "0ggg1"
 },
 "model": "coredata.person",
 "pk": 18
},
{
 "fields": {
  "config": "{\"gender\":\"U\",\"visa\":\"Unknown\",\"gpa\":1.79,\"citizen\":\"OtherCountrian\"}",
  "emplid": 300000502,
  "first_name": "Njnn\u00eas\u00e0t",
  "last_name": "Grad",
  "middle_name": "Nv\u00facpk",
  "pref_first_name": "Njnn",
  "temporary": false,
  "title": null,
  "userid": "0ggg2"
 },
 "model": "coredata.person",
 "pk": 20
},
{
 "fields": {
  "config": "{\"gender\":\"F\",\"visa\":\"New CDN\",\"gpa\":2.72,\"citizen\":\"OtherCountrian\"}",
  "emplid": 300000503,
  "first_name": "Isgpkjdg",
  "last_name": "Grad",
  "middle_name": "Wimocc",
  "pref_first_name": "Isgpkjdg",
  "temporary": false,
  "title": null,
  "userid": "0ggg3"
 },
 "model": "coredata.person",
 "pk": 22
},
{
 "fields": {
  "config": "{\"gender\":\"U\",\"visa\":\"Min Permit\",\"gpa\":2.8,\"citizen\":\"OtherCountrian\"}",
  "emplid": 300000504,
  "first_name": "D\u00e0iyoztg",
  "last_name": "Grad",
  "middle_name": "Lno\u00e0f\u00ef",
  "pref_first_name": "D\u00e0iyoztg",
  "temporary": false,
  "title": null,
  "userid": "0ggg4"
 },
 "model": "coredata.person",
 "pk": 24
},
{
 "fields": {
  "config": "{\"gender\":\"U\",\"visa\":\"Visitor\",\"gpa\":2.32,\"citizen\":\"Canadian\"}",
  "emplid": 300000505,
  "first_name": "Gbdbuyx\u00ea",
  "last_name": "Grad",
  "middle_name": "Jb\u00ef\u00f5eo",
  "pref_first_name": "Gbdb",
  "temporary": false,
  "title": null,
  "userid": "0ggg5"
 },
 "model": "coredata.person",
 "pk": 26
},
{
 "fields": {
  "config": "{\"gender\":\"M\",\"visa\":\"Student\",\"gpa\":3.3,\"citizen\":\"OtherCountrian\"}",
  "emplid": 300000506,
  "first_name": "Pkhi\u00f5\u00faen",
  "last_name": "Grad",
  "middle_name": "Kakfbu",
  "pref_first_name": "Pkhi",
  "temporary": false,
  "title": null,
  "userid": "0ggg6"
 },
 "model": "coredata.person",
 "pk": 28
},
{
 "fields": {
  "config": "{\"gender\":\"F\",\"visa\":\"New CDN\",\"gpa\":3.4,\"citizen\":\"OtherCountrian\"}",
  "emplid": 300000507,
  "first_name": "Ux\u00efq\u00f5dmb",
  "last_name": "Grad",
  "middle_name": "Tqhm\u00e0q",
  "pref_first_name": "Ux\u00efq\u00f5dmb",
  "temporary": false,
  "title": null,
  "userid": "0ggg7"
 },
 "model": "coredata.person",
 "pk": 30
},
{
 "fields": {
  "config": "{\"gender\":\"F\",\"visa\":\"Live-in Ca\",\"gpa\":0.42,\"citizen\":\"Canadian\"}",
  "emplid": 300000508,
  "first_name": "Hluh\u00f5vcg",
  "last_name": "Grad",
  "middle_name": "Kegbsl",
  "pref_first_name": "Hluh\u00f5vcg",
  "temporary": false,
  "title": null,
  "userid": "0ggg8"
 },
 "model": "coredata.person",
 "pk": 32
},
{
 "fields": {
  "config": "{\"gender\":\"M\",\"visa\":\"Other\",\"gpa\":1.47,\"citizen\":\"Canadian\"}",
  "emplid": 300000509,
  "first_name": "Bre\u00eazstx",
  "last_name": "Grad",
  "middle_name": "Drevec",
  "pref_first_name": "Bre\u00eazstx",
  "temporary": false,
  "title": null,
  "userid": "0ggg9"
 },
 "model": "coredata.person",
 "pk": 34
},
{
 "fields": {
  "config": "{\"gender\":\"M\",\"visa\":\"Unknown\",\"gpa\":3.53,\"citizen\":\"Canadian\"}",
  "emplid": 300000510,
  "first_name": "Bxyohgxe",
  "last_name": "Grad",
  "middle_name": "Iwtpvp",
  "pref_first_name": "Bxyo",
  "temporary": false,
  "title": null,
  "userid": "0ggg10"
 },
 "model": "coredata.person",
 "pk": 36
},
{
 "fields": {
  "config": "{\"gender\":\"F\",\"visa\":\"Perm Resid\",\"gpa\":2.48,\"citizen\":\"Canadian\"}",
  "emplid": 300000511,
  "first_name": "Reeu\u00ef\u00ef\u00efj",
  "last_name": "Grad",
  "middle_name": "Jt\u00eazdo",
  "pref_first_name": "Reeu",
  "temporary": false,
  "title": null,
  "userid": "0ggg11"
 },
 "model": "coredata.person",
 "pk": 38
},
{
 "fields": {
  "config": "{\"gender\":\"F\",\"visa\":\"Perm Resid\",\"gpa\":1.37,\"citizen\":\"OtherCountrian\"}",
  "emplid": 300000512,
  "first_name": "Zv\u00eaypj\u00e0\u00fa",
  "last_name": "Grad",
  "middle_name": "Oyc\u00f5\u00e0d",
  "pref_first_name": "Zv\u00eay",
  "temporary": false,
  "title": null,
  "userid": "0ggg12"
 },
 "model": "coredata.person",
 "pk": 40
},
{
 "fields": {
  "config": "{\"gender\":\"U\",\"visa\":\"Live-in Ca\",\"gpa\":1.26,\"citizen\":\"Canadian\"}",
  "emplid": 300000513,
  "first_name": "Gaxxgn\u00e0t",
  "last_name": "Grad",
  "middle_name": "Ycek\u00ea\u00fa",
  "pref_first_name": "Gaxx",
  "temporary": false,
  "title": null,
  "userid": "0ggg13"
 },
 "model": "coredata.person",
 "pk": 42
},
{
 "fields": {
  "config": "{\"gender\":\"F\",\"visa\":\"Perm Resid\",\"gpa\":2.36,\"citizen\":\"Canadian\"}",
  "emplid": 300000514,
  "first_name": "Htbv\u00efglp",
  "last_name": "Grad",
  "middle_name": "Dj\u00f5\u00ef\u00e0e",
  "pref_first_name": "Htbv",
  "temporary": false,
  "title": null,
  "userid": "0ggg14"
 },
 "model": "coredata.person",
 "pk": 44
},
{
 "fields": {
  "config": "{\"gender\":\"U\",\"visa\":\"Visitor\",\"gpa\":1.8,\"citizen\":\"Canadian\"}",
  "emplid": 300000515,
  "first_name": "Atwomh\u00e0\u00e0",
  "last_name": "Grad",
  "middle_name": "Cr\u00e0skq",
  "pref_first_name": "Atwomh\u00e0\u00e0",
  "temporary": false,
  "title": null,
  "userid": "0ggg15"
 },
 "model": "coredata.person",
 "pk": 46
},
{
 "fields": {
  "config": "{\"gender\":\"F\",\"visa\":\"Diplomat\",\"gpa\":0.57,\"citizen\":\"OtherCountrian\"}",
  "emplid": 300000516,
  "first_name": "Eomvm\u00efla",
  "last_name": "Grad",
  "middle_name": "Wrh\u00e0pk",
  "pref_first_name": "Eomvm\u00efla",
  "temporary": false,
  "title": null,
  "userid": "0ggg16"
 },
 "model": "coredata.person",
 "pk": 48
},
{
 "fields": {
  "config": "{\"gender\":\"U\",\"visa\":\"Other\",\"gpa\":2.31,\"citizen\":\"OtherCountrian\"}",
  "emplid": 300000517,
  "first_name": "Kfhvyx\u00fa\u00ea",
  "last_name": "Grad",
  "middle_name": "Xfaqxe",
  "pref_first_name": "Kfhv",
  "temporary": false,
  "title": null,
  "userid": "0ggg17"
 },
 "model": "coredata.person",
 "pk": 50
},
{
 "fields": {
  "config": "{\"gender\":\"U\",\"visa\":\"Unknown\",\"gpa\":3.56,\"citizen\":\"OtherCountrian\"}",
  "emplid": 300000518,
  "first_name": "Hnsgeg\u00e0m",
  "last_name": "Grad",
  "middle_name": "Roruq\u00f5",
  "pref_first_name": "Hnsgeg\u00e0m",
  "temporary": false,
  "title": null,
  "userid": "0ggg18"
 },
 "model": "coredata.person",
 "pk": 52
},
{
 "fields": {
  "config": "{\"gender\":\"U\",\"visa\":\"New CDN\",\"gpa\":0.95,\"citizen\":\"Canadian\"}",
  "emplid": 300000519,
  "first_name": "Po\u00f5\u00fayeff",
  "last_name": "Grad",
  "middle_name": "Dvy\u00efei",
  "pref_first_name": "Po\u00f5\u00fayeff",
  "temporary": false,
  "title": null,
  "userid": "0ggg19"
 },
 "model": "coredata.person",
 "pk": 54
},
{
 "fields": {
  "added_reason": "AUTO",
  "career": "NONS",
  "config": "{}",
  "credits": 0,
  "labtut_section": null,
  "offering": 10,
  "official_grade": null,
  "person": 7,
  "role": "INST"
 },
 "model": "coredata.member",
 "pk": 1
},
{
 "fields": {
  "added_reason": "AUTO",
  "career": "NONS",
  "config": "{}",
  "credits": 0,
  "labtut_section": null,
  "offering": 11,
  "official_grade": null,
  "person": 7,
  "role": "INST"
 },
 "model": "coredata.member",
 "pk": 2
},
{
 "fields": {
  "added_reason": "AUTO",
  "career": "NONS",
  "config": "{}",
  "credits": 0,
  "labtut_section": null,
  "offering": 12,
  "official_grade": null,
  "person": 8,
  "role": "INST"
 },
 "model": "coredata.member",
 "pk": 3
},
{
 "fields": {
  "added_reason": "AUTO",
  "career": "NONS",
  "config": "{}",
  "credits": 0,
  "labtut_section": null,
  "offering": 13,
  "official_grade": null,
  "person": 9,
  "role": "INST"
 },
 "model": "coredata.member",
 "pk": 4
},
{
 "fields": {
  "added_reason": "AUTO",
  "career": "NONS",
  "config": "{}",
  "credits": 0,
  "labtut_section": null,
  "offering": 14,
  "official_grade": null,
  "person": 9,
  "role": "INST"
 },
 "model": "coredata.member",
 "pk": 5
},
{
 "fields": {
  "added_reason": "AUTO",
  "career": "NONS",
  "config": "{}",
  "credits": 0,
  "labtut_section": null,
  "offering": 15,
  "official_grade": null,
  "person": 9,
  "role": "INST"
 },
 "model": "coredata.member",
 "pk": 6
},
{
 "fields": {
  "added_reason": "AUTO",
  "career": "NONS",
  "config": "{}",
  "credits": 0,
  "labtut_section": null,
  "offering": 16,
  "official_grade": null,
  "person": 10,
  "role": "INST"
 },
 "model": "coredata.member",
 "pk": 7
},
{
 "fields": {
  "added_reason": "AUTO",
  "career": "NONS",
  "config": "{}",
  "credits": 0,
  "labtut_section": null,
  "offering": 17,
  "official_grade": null,
  "person": 10,
  "role": "INST"
 },
 "model": "coredata.member",
 "pk": 8
},
{
 "fields": {
  "added_reason": "AUTO",
  "career": "NONS",
  "config": "{}",
  "credits": 0,
  "labtut_section": null,
  "offering": 3,
  "official_grade": null,
  "person": 11,
  "role": "INST"
 },
 "model": "coredata.member",
 "pk": 9
},
{
 "fields": {
  "added_reason": "AUTO",
  "career": "NONS",
  "config": "{}",
  "credits": 0,
  "labtut_section": null,
  "offering": 1,
  "official_grade": null,
  "person": 12,
  "role": "INST"
 },
 "model": "coredata.member",
 "pk": 10
},
{
 "fields": {
  "added_reason": "AUTO",
  "career": "NONS",
  "config": "{}",
  "credits": 0,
  "labtut_section": null,
  "offering": 1,
  "official_grade": null,
  "person": 13,
  "role": "INST"
 },
 "model": "coredata.member",
 "pk": 11
},
{
 "fields": {
  "added_reason": "AUTO",
  "career": "NONS",
  "config": "{}",
  "credits": 0,
  "labtut_section": null,
  "offering": 2,
  "official_grade": null,
  "person": 12,
  "role": "INST"
 },
 "model": "coredata.member",
 "pk": 12
},
{
 "fields": {
  "added_reason": "AUTO",
  "career": "NONS",
  "config": "{}",
  "credits": 0,
  "labtut_section": null,
  "offering": 2,
  "official_grade": null,
  "person": 13,
  "role": "INST"
 },
 "model": "coredata.member",
 "pk": 13
},
{
 "fields": {
  "added_reason": "AUTO",
  "career": "NONS",
  "config": "{}",
  "credits": 0,
  "labtut_section": null,
  "offering": 4,
  "official_grade": null,
  "person": 1,
  "role": "INST"
 },
 "model": "coredata.member",
 "pk": 20
},
{
 "fields": {
  "added_reason": "AUTO",
  "career": "NONS",
  "config": "{}",
  "credits": 0,
  "labtut_section": null,
  "offering": 4,
  "official_grade": null,
  "person": 16,
  "role": "TA"
 },
 "model": "coredata.member",
 "pk": 21
},
{
 "fields": {
  "added_reason": "AUTO",
  "career": "NONS",
  "config": "{}",
  "credits": 0,
  "labtut_section": null,
  "offering": 4,
  "official_grade": null,
  "person": 7,
  "role": "INST"
 },
 "model": "coredata.member",
 "pk": 14
},
{
 "fields": {
  "added_reason": "AUTO",
  "career": "UGRD",
  "config": "{}",
  "credits": 3,
  "labtut_section": null,
  "offering": 4,
  "official_grade": null,
  "person": 15,
  "role": "STUD"
 },
 "model": "coredata.member",
 "pk": 22
},
{
 "fields": {
  "added_reason": "AUTO",
  "career": "UGRD",
  "config": "{}",
  "credits": 3,
  "labtut_section": null,
  "offering": 4,
  "official_grade": null,
  "person": 17,
  "role": "STUD"
 },
 "model": "coredata.member",
 "pk": 23
},
{
 "fields": {
  "added_reason": "AUTO",
  "career": "NONS",
  "config": "{}",
  "credits": 0,
  "labtut_section": null,
  "offering": 5,
  "official_grade": null,
  "person": 8,
  "role": "INST"
 },
 "model": "coredata.member",
 "pk": 15
},
{
 "fields": {
  "added_reason": "AUTO",
  "career": "NONS",
  "config": "{}",
  "credits": 0,
  "labtut_section": null,
  "offering": 6,
  "official_grade": null,
  "person": 14,
  "role": "INST"
 },
 "model": "coredata.member",
 "pk": 16
},
{
 "fields": {
  "added_reason": "AUTO",
  "career": "NONS",
  "config": "{}",
  "credits": 0,
  "labtut_section": null,
  "offering": 7,
  "official_grade": null,
  "person": 7,
  "role": "INST"
 },
 "model": "coredata.member",
 "pk": 17
},
{
 "fields": {
  "added_reason": "AUTO",
  "career": "NONS",
  "config": "{}",
  "credits": 0,
  "labtut_section": null,
  "offering": 8,
  "official_grade": null,
  "person": 7,
  "role": "INST"
 },
 "model": "coredata.member",
 "pk": 18
},
{
 "fields": {
  "added_reason": "AUTO",
  "career": "NONS",
  "config": "{}",
  "credits": 0,
  "labtut_section": null,
  "offering": 9,
  "official_grade": null,
  "person": 7,
  "role": "INST"
 },
 "model": "coredata.member",
 "pk": 19
},
{
 "fields": {
  "config": "{}",
  "person": 5,
  "role": "ADVS",
  "unit": 5
 },
 "model": "coredata.role",
 "pk": 2
},
{
 "fields": {
  "config": "{}",
  "person": 5,
  "role": "ADMN",
  "unit": 5
 },
 "model": "coredata.role",
 "pk": 3
},
{
 "fields": {
  "config": "{}",
  "person": 6,
  "role": "SYSA",
  "unit": 1
 },
 "model": "coredata.role",
 "pk": 4
},
{
 "fields": {
  "config": "{}",
  "deleted": false,
  "due_date": "2015-07-10T00:00:00",
  "group": false,
  "name": "Assignmen\u021b 1",
  "offering": 4,
  "percent": "10.00",
  "position": 1,
  "short_name": "A1",
  "slug": "a1",
  "status": "URLS"
 },
 "model": "grades.activity",
 "pk": 1
},
{
 "fields": {
  "max_grade": 10
 },
 "model": "grades.numericactivity",
 "pk": 1
}
]
