[
{
 "fields": {
  "monday": "2010-01-04",
  "semester": 134,
  "week": 1
 },
 "model": "coredata.semesterweek",
 "pk": 134
},
{
 "fields": {
  "monday": "2010-05-17",
  "semester": 135,
  "week": 1
 },
 "model": "coredata.semesterweek",
 "pk": 135
},
{
 "fields": {
  "monday": "2010-09-06",
  "semester": 136,
  "week": 1
 },
 "model": "coredata.semesterweek",
 "pk": 136
},
{
 "fields": {
  "monday": "2011-01-10",
  "semester": 137,
  "week": 1
 },
 "model": "coredata.semesterweek",
 "pk": 137
},
{
 "fields": {
  "monday": "2011-05-09",
  "semester": 138,
  "week": 1
 },
 "model": "coredata.semesterweek",
 "pk": 138
},
{
 "fields": {
  "monday": "2011-09-05",
  "semester": 139,
  "week": 1
 },
 "model": "coredata.semesterweek",
 "pk": 139
},
{
 "fields": {
  "monday": "2012-01-09",
  "semester": 140,
  "week": 1
 },
 "model": "coredata.semesterweek",
 "pk": 140
},
{
 "fields": {
  "monday": "2012-05-07",
  "semester": 141,
  "week": 1
 },
 "model": "coredata.semesterweek",
 "pk": 141
},
{
 "fields": {
  "monday": "2012-09-03",
  "semester": 142,
  "week": 1
 },
 "model": "coredata.semesterweek",
 "pk": 142
},
{
 "fields": {
  "monday": "2013-01-07",
  "semester": 143,
  "week": 1
 },
 "model": "coredata.semesterweek",
 "pk": 143
},
{
 "fields": {
  "monday": "2013-05-06",
  "semester": 144,
  "week": 1
 },
 "model": "coredata.semesterweek",
 "pk": 144
},
{
 "fields": {
  "monday": "2013-09-02",
  "semester": 145,
  "week": 1
 },
 "model": "coredata.semesterweek",
 "pk": 145
},
{
 "fields": {
  "monday": "2014-01-06",
  "semester": 146,
  "week": 1
 },
 "model": "coredata.semesterweek",
 "pk": 146
},
{
 "fields": {
  "monday": "2014-05-05",
  "semester": 147,
  "week": 1
 },
 "model": "coredata.semesterweek",
 "pk": 147
},
{
 "fields": {
  "monday": "2014-09-01",
  "semester": 148,
  "week": 1
 },
 "model": "coredata.semesterweek",
 "pk": 148
},
{
 "fields": {
  "monday": "2015-01-05",
  "semester": 149,
  "week": 1
 },
 "model": "coredata.semesterweek",
 "pk": 149
},
{
 "fields": {
  "monday": "2015-05-11",
  "semester": 150,
  "week": 1
 },
 "model": "coredata.semesterweek",
 "pk": 150
},
{
 "fields": {
  "monday": "2015-09-07",
  "semester": 151,
  "week": 1
 },
 "model": "coredata.semesterweek",
 "pk": 151
},
{
 "fields": {
  "monday": "2016-01-04",
  "semester": 152,
  "week": 1
 },
 "model": "coredata.semesterweek",
 "pk": 152
},
{
 "fields": {
  "monday": "2016-05-09",
  "semester": 153,
  "week": 1
 },
 "model": "coredata.semesterweek",
 "pk": 153
},
{
 "fields": {
  "monday": "2016-09-05",
  "semester": 154,
  "week": 1
 },
 "model": "coredata.semesterweek",
 "pk": 154
},
{
 "fields": {
  "monday": "2017-01-09",
  "semester": 155,
  "week": 1
 },
 "model": "coredata.semesterweek",
 "pk": 155
},
{
 "fields": {
  "monday": "2017-05-08",
  "semester": 156,
  "week": 1
 },
 "model": "coredata.semesterweek",
 "pk": 156
},
{
 "fields": {
  "monday": "2017-09-04",
  "semester": 157,
  "week": 1
 },
 "model": "coredata.semesterweek",
 "pk": 157
},
{
 "fields": {
  "monday": "2018-01-08",
  "semester": 158,
  "week": 1
 },
 "model": "coredata.semesterweek",
 "pk": 158
},
{
 "fields": {
  "monday": "2018-05-07",
  "semester": 159,
  "week": 1
 },
 "model": "coredata.semesterweek",
 "pk": 159
},
{
 "fields": {
  "monday": "2018-09-03",
  "semester": 160,
  "week": 1
 },
 "model": "coredata.semesterweek",
 "pk": 160
},
{
 "fields": {
  "monday": "2019-01-07",
  "semester": 161,
  "week": 1
 },
 "model": "coredata.semesterweek",
 "pk": 161
},
{
 "fields": {
  "monday": "2019-05-06",
  "semester": 162,
  "week": 1
 },
 "model": "coredata.semesterweek",
 "pk": 162
},
{
 "fields": {
  "monday": "2019-09-02",
  "semester": 163,
  "week": 1
 },
 "model": "coredata.semesterweek",
 "pk": 163
},
{
 "fields": {
  "monday": "2020-01-06",
  "semester": 164,
  "week": 1
 },
 "model": "coredata.semesterweek",
 "pk": 164
},
{
 "fields": {
  "monday": "2020-05-11",
  "semester": 165,
  "week": 1
 },
 "model": "coredata.semesterweek",
 "pk": 165
},
{
 "fields": {
  "acad_org": "COMP SCI",
  "config": "{\"address\":[\"9971 Applied Sciences Building\",\"8888 University Drive, Burnaby, BC\",\"Canada V5A 1S6\"],\"email\":\"csdept@sfu.ca\",\"web\":\"http://www.cs.sfu.ca/\",\"tel\":\"778-782-4277\",\"fax\":\"778-782-3045\",\"informal_name\":\"Computing Science\",\"deptid\":\"12345\"}",
  "label": "CMPT",
  "name": "School of Computing Science",
  "parent": 2,
  "slug": "cmpt"
 },
 "model": "coredata.unit",
 "pk": 5
},
{
 "fields": {
  "acad_org": "ENG SCI",
  "config": "{}",
  "label": "ENSC",
  "name": "School of Engineering Science",
  "parent": 2,
  "slug": "ensc"
 },
 "model": "coredata.unit",
 "pk": 3
},
{
 "fields": {
  "acad_org": null,
  "config": "{}",
  "label": "FAS",
  "name": "Faculty of Applied Sciences",
  "parent": 1,
  "slug": "fas"
 },
 "model": "coredata.unit",
 "pk": 2
},
{
 "fields": {
  "acad_org": "MECH SYS",
  "config": "{}",
  "label": "MSE",
  "name": "School of Mechatronic Systems Engineering",
  "parent": 2,
  "slug": "mse"
 },
 "model": "coredata.unit",
 "pk": 4
},
{
 "fields": {
  "acad_org": null,
  "config": "{}",
  "label": "UNIV",
  "name": "Simon Fraser University",
  "parent": null,
  "slug": "univ"
 },
 "model": "coredata.unit",
 "pk": 1
},
{
 "fields": {
  "config": "{}",
  "number": "120",
  "slug": "cmpt-120",
  "subject": "CMPT",
  "title": "Intro.Cmpt.Sci/Programming I"
 },
 "model": "coredata.course",
 "pk": 1
},
{
 "fields": {
  "config": "{}",
  "number": "125",
  "slug": "cmpt-125",
  "subject": "CMPT",
  "title": "Intro.Cmpt.Sci/Programming II"
 },
 "model": "coredata.course",
 "pk": 3
},
{
 "fields": {
  "config": "{}",
  "number": "127",
  "slug": "cmpt-127",
  "subject": "CMPT",
  "title": "Computing Laboratory"
 },
 "model": "coredata.course",
 "pk": 2
},
{
 "fields": {
  "config": "{}",
  "number": "129",
  "slug": "cmpt-129",
  "subject": "CMPT",
  "title": "Intro. to CS for Maths"
 },
 "model": "coredata.course",
 "pk": 4
},
{
 "fields": {
  "config": "{}",
  "number": "165",
  "slug": "cmpt-165",
  "subject": "CMPT",
  "title": "Intro Internet  World Wide Web"
 },
 "model": "coredata.course",
 "pk": 5
},
{
 "fields": {
  "campus": "BRNBY",
  "class_nbr": 4774,
  "component": "LEC",
  "config": "{}",
  "course": 1,
  "crse_id": 14580,
  "enrl_cap": 208,
  "enrl_tot": 0,
  "flags": "10",
  "graded": true,
  "instr_mode": "P",
  "number": "120",
  "owner": 5,
  "section": "D100",
  "semester": 162,
  "slug": "2019su-cmpt-120-d1",
  "subject": "CMPT",
  "title": "Intro.Cmpt.Sci/Programming I",
  "units": 3,
  "wait_tot": 0
 },
 "model": "coredata.courseoffering",
 "pk": 12
},
{
 "fields": {
  "campus": "BRNBY",
  "class_nbr": 4711,
  "component": "LEC",
  "config": "{}",
  "course": 3,
  "crse_id": 14581,
  "enrl_cap": 192,
  "enrl_tot": 0,
  "flags": "2",
  "graded": true,
  "instr_mode": "P",
  "number": "125",
  "owner": 5,
  "section": "D100",
  "semester": 162,
  "slug": "2019su-cmpt-125-d1",
  "subject": "CMPT",
  "title": "Intro.Cmpt.Sci/Programming II",
  "units": 3,
  "wait_tot": 0
 },
 "model": "coredata.courseoffering",
 "pk": 11
},
{
 "fields": {
  "campus": "BRNBY",
  "class_nbr": 4787,
  "component": "LAB",
  "config": "{}",
  "course": 2,
  "crse_id": 17292,
  "enrl_cap": 64,
  "enrl_tot": 0,
  "flags": "0",
  "graded": true,
  "instr_mode": "P",
  "number": "127",
  "owner": 5,
  "section": "D100",
  "semester": 162,
  "slug": "2019su-cmpt-127-d1",
  "subject": "CMPT",
  "title": "Computing Laboratory",
  "units": 3,
  "wait_tot": 0
 },
 "model": "coredata.courseoffering",
 "pk": 13
},
{
 "fields": {
  "campus": "BRNBY",
  "class_nbr": 4788,
  "component": "LAB",
  "config": "{}",
  "course": 2,
  "crse_id": 17292,
  "enrl_cap": 64,
  "enrl_tot": 0,
  "flags": "0",
  "graded": true,
  "instr_mode": "P",
  "number": "127",
  "owner": 5,
  "section": "D200",
  "semester": 162,
  "slug": "2019su-cmpt-127-d2",
  "subject": "CMPT",
  "title": "Computing Laboratory",
  "units": 3,
  "wait_tot": 0
 },
 "model": "coredata.courseoffering",
 "pk": 14
},
{
 "fields": {
  "campus": "BRNBY",
  "class_nbr": 4789,
  "component": "LAB",
  "config": "{}",
  "course": 2,
  "crse_id": 17292,
  "enrl_cap": 64,
  "enrl_tot": 0,
  "flags": "0",
  "graded": true,
  "instr_mode": "P",
  "number": "127",
  "owner": 5,
  "section": "D300",
  "semester": 162,
  "slug": "2019su-cmpt-127-d3",
  "subject": "CMPT",
  "title": "Computing Laboratory",
  "units": 3,
  "wait_tot": 0
 },
 "model": "coredata.courseoffering",
 "pk": 15
},
{
 "fields": {
  "campus": "BRNBY",
  "class_nbr": 4790,
  "component": "LEC",
  "config": "{}",
  "course": 5,
  "crse_id": 11547,
  "enrl_cap": 200,
  "enrl_tot": 0,
  "flags": "8",
  "graded": true,
  "instr_mode": "P",
  "number": "165",
  "owner": 5,
  "section": "D100",
  "semester": 162,
  "slug": "2019su-cmpt-165-d1",
  "subject": "CMPT",
  "title": "Intro Internet  World Wide Web",
  "units": 3,
  "wait_tot": 0
 },
 "model": "coredata.courseoffering",
 "pk": 16
},
{
 "fields": {
  "campus": "BRNBY",
  "class_nbr": 6443,
  "component": "LEC",
  "config": "{\"labtut\":true,\"url\":\"http://www.cs.sfu.ca/CC/165/common/\",\"taemail\":\"cmpt-165-contact@sfu.ca\"}",
  "course": 1,
  "crse_id": 14580,
  "enrl_cap": 200,
  "enrl_tot": 196,
  "flags": "10",
  "graded": true,
  "instr_mode": "P",
  "number": "120",
  "owner": 5,
  "section": "D100",
  "semester": 161,
  "slug": "2019sp-cmpt-120-d1",
  "subject": "CMPT",
  "title": "Intro.Cmpt.Sci/Programming I",
  "units": 3,
  "wait_tot": 65
 },
 "model": "coredata.courseoffering",
 "pk": 1
},
{
 "fields": {
  "campus": "BRNBY",
  "class_nbr": 6444,
  "component": "LEC",
  "config": "{}",
  "course": 1,
  "crse_id": 14580,
  "enrl_cap": 200,
  "enrl_tot": 196,
  "flags": "10",
  "graded": true,
  "instr_mode": "P",
  "number": "120",
  "owner": 5,
  "section": "D200",
  "semester": 161,
  "slug": "2019sp-cmpt-120-d2",
  "subject": "CMPT",
  "title": "Intro.Cmpt.Sci/Programming I",
  "units": 3,
  "wait_tot": 49
 },
 "model": "coredata.courseoffering",
 "pk": 2
},
{
 "fields": {
  "campus": "BRNBY",
  "class_nbr": 6471,
  "component": "LEC",
  "config": "{}",
  "course": 3,
  "crse_id": 14581,
  "enrl_cap": 300,
  "enrl_tot": 242,
  "flags": "2",
  "graded": true,
  "instr_mode": "P",
  "number": "125",
  "owner": 5,
  "section": "D100",
  "semester": 161,
  "slug": "2019sp-cmpt-125-d1",
  "subject": "CMPT",
  "title": "Intro.Cmpt.Sci/Programming II",
  "units": 3,
  "wait_tot": 58
 },
 "model": "coredata.courseoffering",
 "pk": 5
},
{
 "fields": {
  "campus": "BRNBY",
  "class_nbr": 6445,
  "component": "LAB",
  "config": "{}",
  "course": 2,
  "crse_id": 17292,
  "enrl_cap": 60,
  "enrl_tot": 38,
  "flags": "0",
  "graded": true,
  "instr_mode": "P",
  "number": "127",
  "owner": 5,
  "section": "D100",
  "semester": 161,
  "slug": "2019sp-cmpt-127-d1",
  "subject": "CMPT",
  "title": "Computing Laboratory",
  "units": 3,
  "wait_tot": 17
 },
 "model": "coredata.courseoffering",
 "pk": 3
},
{
 "fields": {
  "campus": "BRNBY",
  "class_nbr": 6446,
  "component": "LAB",
  "config": "{}",
  "course": 2,
  "crse_id": 17292,
  "enrl_cap": 60,
  "enrl_tot": 60,
  "flags": "0",
  "graded": true,
  "instr_mode": "P",
  "number": "127",
  "owner": 5,
  "section": "D200",
  "semester": 161,
  "slug": "2019sp-cmpt-127-d2",
  "subject": "CMPT",
  "title": "Computing Laboratory",
  "units": 3,
  "wait_tot": 8
 },
 "model": "coredata.courseoffering",
 "pk": 4
},
{
 "fields": {
  "campus": "BRNBY",
  "class_nbr": 6473,
  "component": "LAB",
  "config": "{}",
  "course": 2,
  "crse_id": 17292,
  "enrl_cap": 60,
  "enrl_tot": 51,
  "flags": "0",
  "graded": true,
  "instr_mode": "P",
  "number": "127",
  "owner": 5,
  "section": "D300",
  "semester": 161,
  "slug": "2019sp-cmpt-127-d3",
  "subject": "CMPT",
  "title": "Computing Laboratory",
  "units": 3,
  "wait_tot": 8
 },
 "model": "coredata.courseoffering",
 "pk": 6
},
{
 "fields": {
  "campus": "BRNBY",
  "class_nbr": 6474,
  "component": "LAB",
  "config": "{}",
  "course": 2,
  "crse_id": 17292,
  "enrl_cap": 60,
  "enrl_tot": 38,
  "flags": "0",
  "graded": true,
  "instr_mode": "P",
  "number": "127",
  "owner": 5,
  "section": "D400",
  "semester": 161,
  "slug": "2019sp-cmpt-127-d4",
  "subject": "CMPT",
  "title": "Computing Laboratory",
  "units": 3,
  "wait_tot": 15
 },
 "model": "coredata.courseoffering",
 "pk": 7
},
{
 "fields": {
  "campus": "BRNBY",
  "class_nbr": 6475,
  "component": "LAB",
  "config": "{}",
  "course": 2,
  "crse_id": 17292,
  "enrl_cap": 60,
  "enrl_tot": 60,
  "flags": "0",
  "graded": true,
  "instr_mode": "P",
  "number": "127",
  "owner": 5,
  "section": "D500",
  "semester": 161,
  "slug": "2019sp-cmpt-127-d5",
  "subject": "CMPT",
  "title": "Computing Laboratory",
  "units": 3,
  "wait_tot": 6
 },
 "model": "coredata.courseoffering",
 "pk": 8
},
{
 "fields": {
  "campus": "BRNBY",
  "class_nbr": 6492,
  "component": "LEC",
  "config": "{}",
  "course": 4,
  "crse_id": 17605,
  "enrl_cap": 104,
  "enrl_tot": 89,
  "flags": "2",
  "graded": true,
  "instr_mode": "P",
  "number": "129",
  "owner": 5,
  "section": "D100",
  "semester": 161,
  "slug": "2019sp-cmpt-129-d1",
  "subject": "CMPT",
  "title": "Intro. to CS for Maths",
  "units": 3,
  "wait_tot": 29
 },
 "model": "coredata.courseoffering",
 "pk": 9
},
{
 "fields": {
  "campus": "BRNBY",
  "class_nbr": 6493,
  "component": "LEC",
  "config": "{}",
  "course": 5,
  "crse_id": 11547,
  "enrl_cap": 200,
  "enrl_tot": 126,
  "flags": "8",
  "graded": true,
  "instr_mode": "P",
  "number": "165",
  "owner": 5,
  "section": "D100",
  "semester": 161,
  "slug": "2019sp-cmpt-165-d1",
  "subject": "CMPT",
  "title": "Intro Internet  World Wide Web",
  "units": 3,
  "wait_tot": 0
 },
 "model": "coredata.courseoffering",
 "pk": 10
},
{
 "fields": {
  "config": "{}",
  "emplid": 200000100,
  "first_name": "Gregor\u028f",
  "last_name": "Baker",
  "middle_name": "Garnet",
  "pref_first_name": "Greg",
  "temporary": false,
  "title": null,
  "userid": "ggbaker"
 },
 "model": "coredata.person",
 "pk": 1
},
{
 "fields": {
  "config": "{}",
  "emplid": 200000101,
  "first_name": "Philippe",
  "last_name": "Boutros",
  "middle_name": "",
  "pref_first_name": "Philippe",
  "temporary": false,
  "title": null,
  "userid": "pba7"
 },
 "model": "coredata.person",
 "pk": 6
},
{
 "fields": {
  "config": "{}",
  "emplid": 200000102,
  "first_name": "Mo",
  "last_name": "Chen",
  "middle_name": "",
  "pref_first_name": "Mo",
  "temporary": false,
  "title": "",
  "userid": "mochen"
 },
 "model": "coredata.person",
 "pk": 10
},
{
 "fields": {
  "config": "{}",
  "emplid": 200000103,
  "first_name": "Diana",
  "last_name": "Cukierman",
  "middle_name": "Raquel",
  "pref_first_name": "Diana",
  "temporary": false,
  "title": "Dr",
  "userid": "diana"
 },
 "model": "coredata.person",
 "pk": 4
},
{
 "fields": {
  "config": "{}",
  "emplid": 200000104,
  "first_name": "Anthony",
  "last_name": "Dixon",
  "middle_name": "",
  "pref_first_name": "Anthony",
  "temporary": false,
  "title": null,
  "userid": "dixon"
 },
 "model": "coredata.person",
 "pk": 3
},
{
 "fields": {
  "config": "{}",
  "emplid": 200000105,
  "first_name": ".",
  "last_name": "Faculty",
  "middle_name": "",
  "pref_first_name": ".",
  "temporary": false,
  "title": "",
  "userid": null
 },
 "model": "coredata.person",
 "pk": 8
},
{
 "fields": {
  "config": "{}",
  "emplid": 200000106,
  "first_name": "Anne",
  "last_name": "Lavergne",
  "middle_name": "",
  "pref_first_name": "Anne",
  "temporary": false,
  "title": "Miss",
  "userid": "alavergn"
 },
 "model": "coredata.person",
 "pk": 7
},
{
 "fields": {
  "config": "{}",
  "emplid": 200000107,
  "first_name": "Angelica",
  "last_name": "Lim",
  "middle_name": "",
  "pref_first_name": "Angelica",
  "temporary": false,
  "title": "Ms",
  "userid": "alimb"
 },
 "model": "coredata.person",
 "pk": 9
},
{
 "fields": {
  "config": "{}",
  "emplid": 200000108,
  "first_name": "Frederick",
  "last_name": "Popowich",
  "middle_name": "Paul",
  "pref_first_name": "Frederick",
  "temporary": false,
  "title": null,
  "userid": "popowich"
 },
 "model": "coredata.person",
 "pk": 2
},
{
 "fields": {
  "config": "{}",
  "emplid": 200000109,
  "first_name": "Janice",
  "last_name": "Regan",
  "middle_name": "",
  "pref_first_name": "Janice",
  "temporary": false,
  "title": "Ms",
  "userid": "jregan"
 },
 "model": "coredata.person",
 "pk": 11
},
{
 "fields": {
  "config": "{}",
  "emplid": 200000110,
  "first_name": "Shervin",
  "last_name": "Shirmohammadi",
  "middle_name": "",
  "pref_first_name": "Shervin",
  "temporary": false,
  "title": "",
  "userid": "shervins"
 },
 "model": "coredata.person",
 "pk": 12
},
{
 "fields": {
  "config": "{\"privacy_signed\":true,\"privacy_date\":\"2019-01-03\",\"privacy_version\":1,\"privacy_da_signed\":true,\"privacy_da_date\":\"2019-01-03\",\"privacy_da_version\":1}",
  "emplid": 200000111,
  "first_name": "Danyu",
  "last_name": "Zhao",
  "middle_name": "",
  "pref_first_name": "Danyu",
  "temporary": false,
  "title": null,
  "userid": "dzhao"
 },
 "model": "coredata.person",
 "pk": 5
},
{
 "fields": {
  "config": "{\"sin\":123456789}",
  "emplid": 300000300,
  "first_name": "Xpgawdm\u00f5",
  "last_name": "Student",
  "middle_name": "Etmney",
  "pref_first_name": "Xpga",
  "temporary": false,
  "title": null,
  "userid": "0aaa0"
 },
 "model": "coredata.person",
 "pk": 13
},
{
 "fields": {
  "config": "{\"sin\":123456789}",
  "emplid": 300000301,
  "first_name": "Gckjhmnm",
  "last_name": "Student",
  "middle_name": "L\u00f5sqkm",
  "pref_first_name": "Gckj",
  "temporary": false,
  "title": null,
  "userid": "0aaa1"
 },
 "model": "coredata.person",
 "pk": 15
},
{
 "fields": {
  "config": "{}",
  "emplid": 300000302,
  "first_name": "Lvxioewt",
  "last_name": "Student",
  "middle_name": "E\u00ef\u00efqi\u00ef",
  "pref_first_name": "Lvxioewt",
  "temporary": false,
  "title": null,
  "userid": "0aaa2"
 },
 "model": "coredata.person",
 "pk": 17
},
{
 "fields": {
  "config": "{}",
  "emplid": 300000303,
  "first_name": "Zo\u00e0hytex",
  "last_name": "Student",
  "middle_name": "To\u00fat\u00eaq",
  "pref_first_name": "Zo\u00e0hytex",
  "temporary": false,
  "title": null,
  "userid": "0aaa3"
 },
 "model": "coredata.person",
 "pk": 19
},
{
 "fields": {
  "config": "{\"sin\":123456789}",
  "emplid": 300000304,
  "first_name": "Vwwecsdb",
  "last_name": "Student",
  "middle_name": "D\u00faxmvv",
  "pref_first_name": "Vwwecsdb",
  "temporary": false,
  "title": null,
  "userid": "0aaa4"
 },
 "model": "coredata.person",
 "pk": 21
},
{
 "fields": {
  "config": "{\"sin\":123456789}",
  "emplid": 300000305,
  "first_name": "Mn\u00e0raxyv",
  "last_name": "Student",
  "middle_name": "Ogibzw",
  "pref_first_name": "Mn\u00e0r",
  "temporary": false,
  "title": null,
  "userid": "0aaa5"
 },
 "model": "coredata.person",
 "pk": 23
},
{
 "fields": {
  "config": "{}",
  "emplid": 300000306,
  "first_name": "B\u00f5jr\u00e0vbr",
  "last_name": "Student",
  "middle_name": "Hh\u00e0qxq",
  "pref_first_name": "B\u00f5jr\u00e0vbr",
  "temporary": false,
  "title": null,
  "userid": "0aaa6"
 },
 "model": "coredata.person",
 "pk": 25
},
{
 "fields": {
  "config": "{}",
  "emplid": 300000307,
  "first_name": "Dxbiif\u00e0n",
  "last_name": "Student",
  "middle_name": "Y\u00f5\u00efg\u00efi",
  "pref_first_name": "Dxbi",
  "temporary": false,
  "title": null,
  "userid": "0aaa7"
 },
 "model": "coredata.person",
 "pk": 27
},
{
 "fields": {
  "config": "{}",
  "emplid": 300000308,
  "first_name": "Nargsiqy",
  "last_name": "Student",
  "middle_name": "Hvdp\u00f5l",
  "pref_first_name": "Nargsiqy",
  "temporary": false,
  "title": null,
  "userid": "0aaa8"
 },
 "model": "coredata.person",
 "pk": 29
},
{
 "fields": {
  "config": "{}",
  "emplid": 300000309,
  "first_name": "Orj\u00ea\u00ea\u00eaim",
  "last_name": "Student",
  "middle_name": "Rxpfiq",
  "pref_first_name": "Orj\u00ea",
  "temporary": false,
  "title": null,
  "userid": "0aaa9"
 },
 "model": "coredata.person",
 "pk": 31
},
{
 "fields": {
  "config": "{\"sin\":123456789}",
  "emplid": 300000310,
  "first_name": "Rctuv\u00f5\u00e0z",
  "last_name": "Student",
  "middle_name": "E\u00ef\u00e0enb",
  "pref_first_name": "Rctu",
  "temporary": false,
  "title": null,
  "userid": "0aaa10"
 },
 "model": "coredata.person",
 "pk": 33
},
{
 "fields": {
  "config": "{}",
  "emplid": 300000311,
  "first_name": "Vzz\u00f5yana",
  "last_name": "Student",
  "middle_name": "Sj\u00efxz\u00ef",
  "pref_first_name": "Vzz\u00f5yana",
  "temporary": false,
  "title": null,
  "userid": "0aaa11"
 },
 "model": "coredata.person",
 "pk": 35
},
{
 "fields": {
  "config": "{}",
  "emplid": 300000312,
  "first_name": "K\u00fa\u00ef\u00e0i\u00e0\u00fah",
  "last_name": "Student",
  "middle_name": "C\u00ef\u00efvix",
  "pref_first_name": "K\u00fa\u00ef\u00e0i\u00e0\u00fah",
  "temporary": false,
  "title": null,
  "userid": "0aaa12"
 },
 "model": "coredata.person",
 "pk": 37
},
{
 "fields": {
  "config": "{}",
  "emplid": 300000313,
  "first_name": "Eur\u00f5npkf",
  "last_name": "Student",
  "middle_name": "Gdnkut",
  "pref_first_name": "Eur\u00f5npkf",
  "temporary": false,
  "title": null,
  "userid": "0aaa13"
 },
 "model": "coredata.person",
 "pk": 39
},
{
 "fields": {
  "config": "{}",
  "emplid": 300000314,
  "first_name": "Eaoqzegl",
  "last_name": "Student",
  "middle_name": "T\u00fao\u00efqz",
  "pref_first_name": "Eaoq",
  "temporary": false,
  "title": null,
  "userid": "0aaa14"
 },
 "model": "coredata.person",
 "pk": 41
},
{
 "fields": {
  "config": "{}",
  "emplid": 300000315,
  "first_name": "Ux\u00fanduhw",
  "last_name": "Student",
  "middle_name": "Apq\u00fajh",
  "pref_first_name": "Ux\u00fan",
  "temporary": false,
  "title": null,
  "userid": "0aaa15"
 },
 "model": "coredata.person",
 "pk": 43
},
{
 "fields": {
  "config": "{}",
  "emplid": 300000316,
  "first_name": "Rkd\u00ean\u00fapb",
  "last_name": "Student",
  "middle_name": "Tksubj",
  "pref_first_name": "Rkd\u00ea",
  "temporary": false,
  "title": null,
  "userid": "0aaa16"
 },
 "model": "coredata.person",
 "pk": 45
},
{
 "fields": {
  "config": "{}",
  "emplid": 300000317,
  "first_name": "Jaluu\u00e0jj",
  "last_name": "Student",
  "middle_name": "Tegodt",
  "pref_first_name": "Jalu",
  "temporary": false,
  "title": null,
  "userid": "0aaa17"
 },
 "model": "coredata.person",
 "pk": 47
},
{
 "fields": {
  "config": "{\"sin\":123456789}",
  "emplid": 300000318,
  "first_name": "K\u00eakkyhwo",
  "last_name": "Student",
  "middle_name": "Itsssp",
  "pref_first_name": "K\u00eakkyhwo",
  "temporary": false,
  "title": null,
  "userid": "0aaa18"
 },
 "model": "coredata.person",
 "pk": 49
},
{
 "fields": {
  "config": "{}",
  "emplid": 300000319,
  "first_name": "Svvoxhyg",
  "last_name": "Student",
  "middle_name": "O\u00e0x\u00eayf",
  "pref_first_name": "Svvoxhyg",
  "temporary": false,
  "title": null,
  "userid": "0aaa19"
 },
 "model": "coredata.person",
 "pk": 51
},
{
 "fields": {
  "config": "{\"gender\":\"M\",\"gpa\":3.28,\"visa\":\"Visitor\",\"citizen\":\"Canadian\"}",
  "emplid": 300000500,
  "first_name": "Wfaklga\u00f5",
  "last_name": "Grad",
  "middle_name": "Hjmvxm",
  "pref_first_name": "Wfak",
  "temporary": false,
  "title": null,
  "userid": "0ggg0"
 },
 "model": "coredata.person",
 "pk": 14
},
{
 "fields": {
  "config": "{\"gender\":\"M\",\"gpa\":2.41,\"visa\":\"Unknown\",\"citizen\":\"OtherCountrian\",\"sin\":123456789}",
  "emplid": 300000501,
  "first_name": "O\u00fafsgcvt",
  "last_name": "Grad",
  "middle_name": "Zj\u00f5\u00eafy",
  "pref_first_name": "O\u00fafs",
  "temporary": false,
  "title": null,
  "userid": "0ggg1"
 },
 "model": "coredata.person",
 "pk": 16
},
{
 "fields": {
  "config": "{\"gender\":\"M\",\"gpa\":2.31,\"visa\":\"No Visa St\",\"citizen\":\"OtherCountrian\"}",
  "emplid": 300000502,
  "first_name": "D\u00ef\u00eastvsk",
  "last_name": "Grad",
  "middle_name": "Uwpgil",
  "pref_first_name": "D\u00ef\u00eastvsk",
  "temporary": false,
  "title": null,
  "userid": "0ggg2"
 },
 "model": "coredata.person",
 "pk": 18
},
{
 "fields": {
  "config": "{\"gender\":\"U\",\"gpa\":2.13,\"visa\":\"Conv Refug\",\"citizen\":\"OtherCountrian\"}",
  "emplid": 300000503,
  "first_name": "Hvmxehul",
  "last_name": "Grad",
  "middle_name": "Vvsjno",
  "pref_first_name": "Hvmxehul",
  "temporary": false,
  "title": null,
  "userid": "0ggg3"
 },
 "model": "coredata.person",
 "pk": 20
},
{
 "fields": {
  "config": "{\"gender\":\"F\",\"gpa\":2.65,\"visa\":\"Student\",\"citizen\":\"OtherCountrian\"}",
  "emplid": 300000504,
  "first_name": "Zxcfkev\u00e0",
  "last_name": "Grad",
  "middle_name": "Lzshdj",
  "pref_first_name": "Zxcf",
  "temporary": false,
  "title": null,
  "userid": "0ggg4"
 },
 "model": "coredata.person",
 "pk": 22
},
{
 "fields": {
  "config": "{\"gender\":\"U\",\"gpa\":3.43,\"visa\":\"Visitor\",\"citizen\":\"Canadian\",\"sin\":123456789}",
  "emplid": 300000505,
  "first_name": "Rea\u00efeifo",
  "last_name": "Grad",
  "middle_name": "Esxgr\u00ea",
  "pref_first_name": "Rea\u00ef",
  "temporary": false,
  "title": null,
  "userid": "0ggg5"
 },
 "model": "coredata.person",
 "pk": 24
},
{
 "fields": {
  "config": "{\"gender\":\"U\",\"gpa\":3.24,\"visa\":\"Visitor\",\"citizen\":\"OtherCountrian\",\"sin\":123456789}",
  "emplid": 300000506,
  "first_name": "Kzqpq\u00efrx",
  "last_name": "Grad",
  "middle_name": "Eec\u00e0mv",
  "pref_first_name": "Kzqp",
  "temporary": false,
  "title": null,
  "userid": "0ggg6"
 },
 "model": "coredata.person",
 "pk": 26
},
{
 "fields": {
  "config": "{\"gender\":\"F\",\"gpa\":1.88,\"visa\":\"Visitor\",\"citizen\":\"Canadian\",\"sin\":123456789}",
  "emplid": 300000507,
  "first_name": "Uusfcwtp",
  "last_name": "Grad",
  "middle_name": "Qiredx",
  "pref_first_name": "Uusfcwtp",
  "temporary": false,
  "title": null,
  "userid": "0ggg7"
 },
 "model": "coredata.person",
 "pk": 28
},
{
 "fields": {
  "config": "{\"gender\":\"M\",\"gpa\":1.14,\"visa\":\"Perm Resid\",\"citizen\":\"Canadian\",\"sin\":123456789}",
  "emplid": 300000508,
  "first_name": "Jsqcwxcv",
  "last_name": "Grad",
  "middle_name": "Z\u00e0w\u00efzy",
  "pref_first_name": "Jsqc",
  "temporary": false,
  "title": null,
  "userid": "0ggg8"
 },
 "model": "coredata.person",
 "pk": 30
},
{
 "fields": {
  "config": "{\"gender\":\"U\",\"gpa\":2.16,\"visa\":\"Refugee\",\"citizen\":\"OtherCountrian\",\"sin\":123456789}",
  "emplid": 300000509,
  "first_name": "Hjbgcrbc",
  "last_name": "Grad",
  "middle_name": "Gw\u00eazin",
  "pref_first_name": "Hjbg",
  "temporary": false,
  "title": null,
  "userid": "0ggg9"
 },
 "model": "coredata.person",
 "pk": 32
},
{
 "fields": {
  "config": "{\"gender\":\"U\",\"gpa\":4.01,\"visa\":\"No Visa St\",\"citizen\":\"OtherCountrian\",\"sin\":123456789}",
  "emplid": 300000510,
  "first_name": "Ltjkpsgo",
  "last_name": "Grad",
  "middle_name": "Yto\u00e0ib",
  "pref_first_name": "Ltjk",
  "temporary": false,
  "title": null,
  "userid": "0ggg10"
 },
 "model": "coredata.person",
 "pk": 34
},
{
 "fields": {
  "config": "{\"gender\":\"M\",\"gpa\":1.59,\"visa\":\"Visitor\",\"citizen\":\"Canadian\",\"sin\":123456789}",
  "emplid": 300000511,
  "first_name": "Zf\u00ea\u00eame\u00e0\u00fa",
  "last_name": "Grad",
  "middle_name": "Zupmy\u00e0",
  "pref_first_name": "Zf\u00ea\u00ea",
  "temporary": false,
  "title": null,
  "userid": "0ggg11"
 },
 "model": "coredata.person",
 "pk": 36
},
{
 "fields": {
  "config": "{\"gender\":\"U\",\"gpa\":0.71,\"visa\":\"Other\",\"citizen\":\"Canadian\"}",
  "emplid": 300000512,
  "first_name": "Wcbuev\u00eay",
  "last_name": "Grad",
  "middle_name": "Wrpara",
  "pref_first_name": "Wcbuev\u00eay",
  "temporary": false,
  "title": null,
  "userid": "0ggg12"
 },
 "model": "coredata.person",
 "pk": 38
},
{
 "fields": {
  "config": "{\"gender\":\"M\",\"gpa\":1.68,\"visa\":\"No Visa St\",\"citizen\":\"Canadian\",\"sin\":123456789}",
  "emplid": 300000513,
  "first_name": "Ww\u00ea\u00eal\u00e0ue",
  "last_name": "Grad",
  "middle_name": "C\u00f5uu\u00efu",
  "pref_first_name": "Ww\u00ea\u00ea",
  "temporary": false,
  "title": null,
  "userid": "0ggg13"
 },
 "model": "coredata.person",
 "pk": 40
},
{
 "fields": {
  "config": "{\"gender\":\"F\",\"gpa\":1.93,\"visa\":\"Other\",\"citizen\":\"OtherCountrian\",\"sin\":123456789}",
  "emplid": 300000514,
  "first_name": "Njxwlsfv",
  "last_name": "Grad",
  "middle_name": "Kacfp\u00ea",
  "pref_first_name": "Njxw",
  "temporary": false,
  "title": null,
  "userid": "0ggg14"
 },
 "model": "coredata.person",
 "pk": 42
},
{
 "fields": {
  "config": "{\"gender\":\"F\",\"gpa\":1.89,\"visa\":\"Unknown\",\"citizen\":\"OtherCountrian\",\"sin\":123456789}",
  "emplid": 300000515,
  "first_name": "Jpyscrre",
  "last_name": "Grad",
  "middle_name": "Swgsjf",
  "pref_first_name": "Jpyscrre",
  "temporary": false,
  "title": null,
  "userid": "0ggg15"
 },
 "model": "coredata.person",
 "pk": 44
},
{
 "fields": {
  "config": "{\"gender\":\"U\",\"gpa\":1.92,\"visa\":\"Unknown\",\"citizen\":\"Canadian\",\"sin\":123456789}",
  "emplid": 300000516,
  "first_name": "C\u00f5jeehmn",
  "last_name": "Grad",
  "middle_name": "Vqf\u00f5h\u00ef",
  "pref_first_name": "C\u00f5jeehmn",
  "temporary": false,
  "title": null,
  "userid": "0ggg16"
 },
 "model": "coredata.person",
 "pk": 46
},
{
 "fields": {
  "config": "{\"gender\":\"M\",\"gpa\":3.34,\"visa\":\"New CDN\",\"citizen\":\"OtherCountrian\",\"sin\":123456789}",
  "emplid": 300000517,
  "first_name": "Ri\u00ef\u00e0\u00fa\u00e0zs",
  "last_name": "Grad",
  "middle_name": "Xxhoes",
  "pref_first_name": "Ri\u00ef\u00e0",
  "temporary": false,
  "title": null,
  "userid": "0ggg17"
 },
 "model": "coredata.person",
 "pk": 48
},
{
 "fields": {
  "config": "{\"gender\":\"U\",\"gpa\":2.13,\"visa\":\"Unknown\",\"citizen\":\"OtherCountrian\"}",
  "emplid": 300000518,
  "first_name": "Y\u00efhqdobc",
  "last_name": "Grad",
  "middle_name": "Tz\u00eaxiv",
  "pref_first_name": "Y\u00efhqdobc",
  "temporary": false,
  "title": null,
  "userid": "0ggg18"
 },
 "model": "coredata.person",
 "pk": 50
},
{
 "fields": {
  "config": "{\"gender\":\"F\",\"gpa\":2.83,\"visa\":\"New CDN\",\"citizen\":\"Canadian\"}",
  "emplid": 300000519,
  "first_name": "Mgn\u00e0qyay",
  "last_name": "Grad",
  "middle_name": "O\u00ea\u00fawn\u00ef",
  "pref_first_name": "Mgn\u00e0",
  "temporary": false,
  "title": null,
  "userid": "0ggg19"
 },
 "model": "coredata.person",
 "pk": 52
},
{
 "fields": {
  "added_reason": "TAC",
  "career": "NONS",
  "config": "{\"bu\":5}",
  "credits": 0,
  "labtut_section": null,
  "offering": 12,
  "official_grade": null,
  "person": 26,
  "role": "DROP"
 },
 "model": "coredata.member",
 "pk": 21
},
{
 "fields": {
  "added_reason": "AUTO",
  "career": "NONS",
  "config": "{\"sched_print_instr\":true}",
  "credits": 0,
  "labtut_section": null,
  "offering": 12,
  "official_grade": null,
  "person": 7,
  "role": "INST"
 },
 "model": "coredata.member",
 "pk": 1
},
{
 "fields": {
  "added_reason": "AUTO",
  "career": "UGRD",
  "config": "{}",
  "credits": 3,
  "labtut_section": null,
  "offering": 12,
  "official_grade": null,
  "person": 39,
  "role": "STUD"
 },
 "model": "coredata.member",
 "pk": 25
},
{
 "fields": {
  "added_reason": "AUTO",
  "career": "UGRD",
  "config": "{}",
  "credits": 3,
  "labtut_section": null,
  "offering": 12,
  "official_grade": null,
  "person": 47,
  "role": "STUD"
 },
 "model": "coredata.member",
 "pk": 24
},
{
 "fields": {
  "added_reason": "AUTO",
  "career": "UGRD",
  "config": "{}",
  "credits": 3,
  "labtut_section": null,
  "offering": 12,
  "official_grade": null,
  "person": 45,
  "role": "STUD"
 },
 "model": "coredata.member",
 "pk": 22
},
{
 "fields": {
  "added_reason": "AUTO",
  "career": "UGRD",
  "config": "{}",
  "credits": 3,
  "labtut_section": null,
  "offering": 12,
  "official_grade": null,
  "person": 19,
  "role": "STUD"
 },
 "model": "coredata.member",
 "pk": 23
},
{
 "fields": {
  "added_reason": "AUTO",
  "career": "NONS",
  "config": "{\"sched_print_instr\":true}",
  "credits": 0,
  "labtut_section": null,
  "offering": 11,
  "official_grade": null,
  "person": 8,
  "role": "INST"
 },
 "model": "coredata.member",
 "pk": 2
},
{
 "fields": {
  "added_reason": "TAC",
  "career": "NONS",
  "config": "{\"bu\":5}",
  "credits": 0,
  "labtut_section": null,
  "offering": 11,
  "official_grade": null,
  "person": 46,
  "role": "TA"
 },
 "model": "coredata.member",
 "pk": 26
},
{
 "fields": {
  "added_reason": "AUTO",
  "career": "UGRD",
  "config": "{}",
  "credits": 3,
  "labtut_section": null,
  "offering": 11,
  "official_grade": null,
  "person": 41,
  "role": "STUD"
 },
 "model": "coredata.member",
 "pk": 28
},
{
 "fields": {
  "added_reason": "AUTO",
  "career": "UGRD",
  "config": "{}",
  "credits": 3,
  "labtut_section": null,
  "offering": 11,
  "official_grade": null,
  "person": 31,
  "role": "STUD"
 },
 "model": "coredata.member",
 "pk": 29
},
{
 "fields": {
  "added_reason": "AUTO",
  "career": "UGRD",
  "config": "{}",
  "credits": 3,
  "labtut_section": null,
  "offering": 11,
  "official_grade": null,
  "person": 51,
  "role": "STUD"
 },
 "model": "coredata.member",
 "pk": 27
},
{
 "fields": {
  "added_reason": "AUTO",
  "career": "UGRD",
  "config": "{}",
  "credits": 3,
  "labtut_section": null,
  "offering": 11,
  "official_grade": null,
  "person": 19,
  "role": "STUD"
 },
 "model": "coredata.member",
 "pk": 30
},
{
 "fields": {
  "added_reason": "TAC",
  "career": "NONS",
  "config": "{\"bu\":5}",
  "credits": 0,
  "labtut_section": null,
  "offering": 13,
  "official_grade": null,
  "person": 36,
  "role": "DROP"
 },
 "model": "coredata.member",
 "pk": 31
},
{
 "fields": {
  "added_reason": "AUTO",
  "career": "NONS",
  "config": "{\"sched_print_instr\":true}",
  "credits": 0,
  "labtut_section": null,
  "offering": 13,
  "official_grade": null,
  "person": 7,
  "role": "INST"
 },
 "model": "coredata.member",
 "pk": 3
},
{
 "fields": {
  "added_reason": "AUTO",
  "career": "UGRD",
  "config": "{}",
  "credits": 3,
  "labtut_section": null,
  "offering": 13,
  "official_grade": null,
  "person": 37,
  "role": "STUD"
 },
 "model": "coredata.member",
 "pk": 34
},
{
 "fields": {
  "added_reason": "AUTO",
  "career": "UGRD",
  "config": "{}",
  "credits": 3,
  "labtut_section": null,
  "offering": 13,
  "official_grade": null,
  "person": 23,
  "role": "STUD"
 },
 "model": "coredata.member",
 "pk": 33
},
{
 "fields": {
  "added_reason": "AUTO",
  "career": "UGRD",
  "config": "{}",
  "credits": 3,
  "labtut_section": null,
  "offering": 13,
  "official_grade": null,
  "person": 31,
  "role": "STUD"
 },
 "model": "coredata.member",
 "pk": 35
},
{
 "fields": {
  "added_reason": "AUTO",
  "career": "UGRD",
  "config": "{}",
  "credits": 3,
  "labtut_section": null,
  "offering": 13,
  "official_grade": null,
  "person": 43,
  "role": "STUD"
 },
 "model": "coredata.member",
 "pk": 32
},
{
 "fields": {
  "added_reason": "TAC",
  "career": "NONS",
  "config": "{\"bu\":5}",
  "credits": 0,
  "labtut_section": null,
  "offering": 14,
  "official_grade": null,
  "person": 32,
  "role": "DROP"
 },
 "model": "coredata.member",
 "pk": 36
},
{
 "fields": {
  "added_reason": "AUTO",
  "career": "NONS",
  "config": "{\"sched_print_instr\":true}",
  "credits": 0,
  "labtut_section": null,
  "offering": 14,
  "official_grade": null,
  "person": 7,
  "role": "INST"
 },
 "model": "coredata.member",
 "pk": 4
},
{
 "fields": {
  "added_reason": "AUTO",
  "career": "UGRD",
  "config": "{}",
  "credits": 3,
  "labtut_section": null,
  "offering": 14,
  "official_grade": null,
  "person": 15,
  "role": "STUD"
 },
 "model": "coredata.member",
 "pk": 40
},
{
 "fields": {
  "added_reason": "AUTO",
  "career": "UGRD",
  "config": "{}",
  "credits": 3,
  "labtut_section": null,
  "offering": 14,
  "official_grade": null,
  "person": 23,
  "role": "STUD"
 },
 "model": "coredata.member",
 "pk": 39
},
{
 "fields": {
  "added_reason": "AUTO",
  "career": "UGRD",
  "config": "{}",
  "credits": 3,
  "labtut_section": null,
  "offering": 14,
  "official_grade": null,
  "person": 35,
  "role": "STUD"
 },
 "model": "coredata.member",
 "pk": 37
},
{
 "fields": {
  "added_reason": "AUTO",
  "career": "UGRD",
  "config": "{}",
  "credits": 3,
  "labtut_section": null,
  "offering": 14,
  "official_grade": null,
  "person": 13,
  "role": "STUD"
 },
 "model": "coredata.member",
 "pk": 38
},
{
 "fields": {
  "added_reason": "TAC",
  "career": "NONS",
  "config": "{\"bu\":5}",
  "credits": 0,
  "labtut_section": null,
  "offering": 15,
  "official_grade": null,
  "person": 40,
  "role": "TA"
 },
 "model": "coredata.member",
 "pk": 41
},
{
 "fields": {
  "added_reason": "AUTO",
  "career": "NONS",
  "config": "{\"sched_print_instr\":true}",
  "credits": 0,
  "labtut_section": null,
  "offering": 15,
  "official_grade": null,
  "person": 7,
  "role": "INST"
 },
 "model": "coredata.member",
 "pk": 5
},
{
 "fields": {
  "added_reason": "AUTO",
  "career": "UGRD",
  "config": "{}",
  "credits": 3,
  "labtut_section": null,
  "offering": 15,
  "official_grade": null,
  "person": 25,
  "role": "STUD"
 },
 "model": "coredata.member",
 "pk": 43
},
{
 "fields": {
  "added_reason": "AUTO",
  "career": "UGRD",
  "config": "{}",
  "credits": 3,
  "labtut_section": null,
  "offering": 15,
  "official_grade": null,
  "person": 27,
  "role": "STUD"
 },
 "model": "coredata.member",
 "pk": 45
},
{
 "fields": {
  "added_reason": "AUTO",
  "career": "UGRD",
  "config": "{}",
  "credits": 3,
  "labtut_section": null,
  "offering": 15,
  "official_grade": null,
  "person": 21,
  "role": "STUD"
 },
 "model": "coredata.member",
 "pk": 42
},
{
 "fields": {
  "added_reason": "AUTO",
  "career": "UGRD",
  "config": "{}",
  "credits": 3,
  "labtut_section": null,
  "offering": 15,
  "official_grade": null,
  "person": 19,
  "role": "STUD"
 },
 "model": "coredata.member",
 "pk": 44
},
{
 "fields": {
  "added_reason": "AUTO",
  "career": "NONS",
  "config": "{\"sched_print_instr\":true}",
  "credits": 0,
  "labtut_section": null,
  "offering": 16,
  "official_grade": null,
  "person": 4,
  "role": "INST"
 },
 "model": "coredata.member",
 "pk": 6
},
{
 "fields": {
  "added_reason": "TAC",
  "career": "NONS",
  "config": "{\"bu\":5}",
  "credits": 0,
  "labtut_section": null,
  "offering": 16,
  "official_grade": null,
  "person": 38,
  "role": "DROP"
 },
 "model": "coredata.member",
 "pk": 46
},
{
 "fields": {
  "added_reason": "AUTO",
  "career": "UGRD",
  "config": "{}",
  "credits": 3,
  "labtut_section": null,
  "offering": 16,
  "official_grade": null,
  "person": 47,
  "role": "STUD"
 },
 "model": "coredata.member",
 "pk": 48
},
{
 "fields": {
  "added_reason": "AUTO",
  "career": "UGRD",
  "config": "{}",
  "credits": 3,
  "labtut_section": null,
  "offering": 16,
  "official_grade": null,
  "person": 37,
  "role": "STUD"
 },
 "model": "coredata.member",
 "pk": 49
},
{
 "fields": {
  "added_reason": "AUTO",
  "career": "UGRD",
  "config": "{}",
  "credits": 3,
  "labtut_section": null,
  "offering": 16,
  "official_grade": null,
  "person": 45,
  "role": "STUD"
 },
 "model": "coredata.member",
 "pk": 50
},
{
 "fields": {
  "added_reason": "AUTO",
  "career": "UGRD",
  "config": "{}",
  "credits": 3,
  "labtut_section": null,
  "offering": 16,
  "official_grade": null,
  "person": 51,
  "role": "STUD"
 },
 "model": "coredata.member",
 "pk": 47
},
{
 "fields": {
  "added_reason": "AUTO",
  "career": "NONS",
  "config": "{}",
  "credits": 0,
  "labtut_section": null,
  "offering": 1,
  "official_grade": null,
  "person": 1,
  "role": "INST"
 },
 "model": "coredata.member",
 "pk": 17
},
{
 "fields": {
  "added_reason": "AUTO",
  "career": "NONS",
  "config": "{}",
  "credits": 0,
  "labtut_section": null,
  "offering": 1,
  "official_grade": null,
  "person": 14,
  "role": "TA"
 },
 "model": "coredata.member",
 "pk": 18
},
{
 "fields": {
  "added_reason": "TAC",
  "career": "NONS",
  "config": "{\"bu\":5}",
  "credits": 0,
  "labtut_section": null,
  "offering": 1,
  "official_grade": null,
  "person": 50,
  "role": "TA"
 },
 "model": "coredata.member",
 "pk": 51
},
{
 "fields": {
  "added_reason": "AUTO",
  "career": "NONS",
  "config": "{\"sched_print_instr\":true}",
  "credits": 0,
  "labtut_section": null,
  "offering": 1,
  "official_grade": null,
  "person": 9,
  "role": "INST"
 },
 "model": "coredata.member",
 "pk": 7
},
{
 "fields": {
  "added_reason": "AUTO",
  "career": "UGRD",
  "config": "{}",
  "credits": 3,
  "labtut_section": null,
  "offering": 1,
  "official_grade": null,
  "person": 25,
  "role": "STUD"
 },
 "model": "coredata.member",
 "pk": 57
},
{
 "fields": {
  "added_reason": "AUTO",
  "career": "UGRD",
  "config": "{}",
  "credits": 3,
  "labtut_section": null,
  "offering": 1,
  "official_grade": null,
  "person": 39,
  "role": "STUD"
 },
 "model": "coredata.member",
 "pk": 53
},
{
 "fields": {
  "added_reason": "AUTO",
  "career": "UGRD",
  "config": "{}",
  "credits": 3,
  "labtut_section": null,
  "offering": 1,
  "official_grade": null,
  "person": 15,
  "role": "STUD"
 },
 "model": "coredata.member",
 "pk": 20
},
{
 "fields": {
  "added_reason": "AUTO",
  "career": "UGRD",
  "config": "{}",
  "credits": 3,
  "labtut_section": null,
  "offering": 1,
  "official_grade": null,
  "person": 17,
  "role": "STUD"
 },
 "model": "coredata.member",
 "pk": 55
},
{
 "fields": {
  "added_reason": "AUTO",
  "career": "UGRD",
  "config": "{}",
  "credits": 3,
  "labtut_section": null,
  "offering": 1,
  "official_grade": null,
  "person": 45,
  "role": "STUD"
 },
 "model": "coredata.member",
 "pk": 54
},
{
 "fields": {
  "added_reason": "AUTO",
  "career": "UGRD",
  "config": "{}",
  "credits": 3,
  "labtut_section": null,
  "offering": 1,
  "official_grade": null,
  "person": 21,
  "role": "STUD"
 },
 "model": "coredata.member",
 "pk": 56
},
{
 "fields": {
  "added_reason": "AUTO",
  "career": "UGRD",
  "config": "{}",
  "credits": 3,
  "labtut_section": null,
  "offering": 1,
  "official_grade": null,
  "person": 35,
  "role": "STUD"
 },
 "model": "coredata.member",
 "pk": 52
},
{
 "fields": {
  "added_reason": "AUTO",
  "career": "UGRD",
  "config": "{}",
  "credits": 3,
  "labtut_section": null,
  "offering": 1,
  "official_grade": null,
  "person": 13,
  "role": "STUD"
 },
 "model": "coredata.member",
 "pk": 19
},
{
 "fields": {
  "added_reason": "TAC",
  "career": "NONS",
  "config": "{\"bu\":5}",
  "credits": 0,
  "labtut_section": null,
  "offering": 2,
  "official_grade": null,
  "person": 44,
  "role": "TA"
 },
 "model": "coredata.member",
 "pk": 58
},
{
 "fields": {
  "added_reason": "AUTO",
  "career": "NONS",
  "config": "{\"sched_print_instr\":true}",
  "credits": 0,
  "labtut_section": null,
  "offering": 2,
  "official_grade": null,
  "person": 9,
  "role": "INST"
 },
 "model": "coredata.member",
 "pk": 8
},
{
 "fields": {
  "added_reason": "AUTO",
  "career": "UGRD",
  "config": "{}",
  "credits": 3,
  "labtut_section": null,
  "offering": 2,
  "official_grade": null,
  "person": 25,
  "role": "STUD"
 },
 "model": "coredata.member",
 "pk": 60
},
{
 "fields": {
  "added_reason": "AUTO",
  "career": "UGRD",
  "config": "{}",
  "credits": 3,
  "labtut_section": null,
  "offering": 2,
  "official_grade": null,
  "person": 35,
  "role": "STUD"
 },
 "model": "coredata.member",
 "pk": 61
},
{
 "fields": {
  "added_reason": "AUTO",
  "career": "UGRD",
  "config": "{}",
  "credits": 3,
  "labtut_section": null,
  "offering": 2,
  "official_grade": null,
  "person": 13,
  "role": "STUD"
 },
 "model": "coredata.member",
 "pk": 59
},
{
 "fields": {
  "added_reason": "AUTO",
  "career": "UGRD",
  "config": "{}",
  "credits": 3,
  "labtut_section": null,
  "offering": 2,
  "official_grade": null,
  "person": 19,
  "role": "STUD"
 },
 "model": "coredata.member",
 "pk": 62
},
{
 "fields": {
  "added_reason": "AUTO",
  "career": "NONS",
  "config": "{\"sched_print_instr\":true}",
  "credits": 0,
  "labtut_section": null,
  "offering": 5,
  "official_grade": null,
  "person": 10,
  "role": "INST"
 },
 "model": "coredata.member",
 "pk": 9
},
{
 "fields": {
  "added_reason": "TAC",
  "career": "NONS",
  "config": "{\"bu\":5}",
  "credits": 0,
  "labtut_section": null,
  "offering": 5,
  "official_grade": null,
  "person": 18,
  "role": "TA"
 },
 "model": "coredata.member",
 "pk": 63
},
{
 "fields": {
  "added_reason": "AUTO",
  "career": "UGRD",
  "config": "{}",
  "credits": 3,
  "labtut_section": null,
  "offering": 5,
  "official_grade": null,
  "person": 15,
  "role": "STUD"
 },
 "model": "coredata.member",
 "pk": 66
},
{
 "fields": {
  "added_reason": "AUTO",
  "career": "UGRD",
  "config": "{}",
  "credits": 3,
  "labtut_section": null,
  "offering": 5,
  "official_grade": null,
  "person": 23,
  "role": "STUD"
 },
 "model": "coredata.member",
 "pk": 67
},
{
 "fields": {
  "added_reason": "AUTO",
  "career": "UGRD",
  "config": "{}",
  "credits": 3,
  "labtut_section": null,
  "offering": 5,
  "official_grade": null,
  "person": 29,
  "role": "STUD"
 },
 "model": "coredata.member",
 "pk": 65
},
{
 "fields": {
  "added_reason": "AUTO",
  "career": "UGRD",
  "config": "{}",
  "credits": 3,
  "labtut_section": null,
  "offering": 5,
  "official_grade": null,
  "person": 43,
  "role": "STUD"
 },
 "model": "coredata.member",
 "pk": 64
},
{
 "fields": {
  "added_reason": "TAC",
  "career": "NONS",
  "config": "{\"bu\":5}",
  "credits": 0,
  "labtut_section": null,
  "offering": 3,
  "official_grade": null,
  "person": 26,
  "role": "TA"
 },
 "model": "coredata.member",
 "pk": 68
},
{
 "fields": {
  "added_reason": "AUTO",
  "career": "NONS",
  "config": "{\"sched_print_instr\":true}",
  "credits": 0,
  "labtut_section": null,
  "offering": 3,
  "official_grade": null,
  "person": 7,
  "role": "INST"
 },
 "model": "coredata.member",
 "pk": 10
},
{
 "fields": {
  "added_reason": "AUTO",
  "career": "UGRD",
  "config": "{}",
  "credits": 3,
  "labtut_section": null,
  "offering": 3,
  "official_grade": null,
  "person": 15,
  "role": "STUD"
 },
 "model": "coredata.member",
 "pk": 69
},
{
 "fields": {
  "added_reason": "AUTO",
  "career": "UGRD",
  "config": "{}",
  "credits": 3,
  "labtut_section": null,
  "offering": 3,
  "official_grade": null,
  "person": 37,
  "role": "STUD"
 },
 "model": "coredata.member",
 "pk": 72
},
{
 "fields": {
  "added_reason": "AUTO",
  "career": "UGRD",
  "config": "{}",
  "credits": 3,
  "labtut_section": null,
  "offering": 3,
  "official_grade": null,
  "person": 21,
  "role": "STUD"
 },
 "model": "coredata.member",
 "pk": 70
},
{
 "fields": {
  "added_reason": "AUTO",
  "career": "UGRD",
  "config": "{}",
  "credits": 3,
  "labtut_section": null,
  "offering": 3,
  "official_grade": null,
  "person": 35,
  "role": "STUD"
 },
 "model": "coredata.member",
 "pk": 71
},
{
 "fields": {
  "added_reason": "TAC",
  "career": "NONS",
  "config": "{\"bu\":5}",
  "credits": 0,
  "labtut_section": null,
  "offering": 4,
  "official_grade": null,
  "person": 20,
  "role": "TA"
 },
 "model": "coredata.member",
 "pk": 73
},
{
 "fields": {
  "added_reason": "AUTO",
  "career": "NONS",
  "config": "{\"sched_print_instr\":true}",
  "credits": 0,
  "labtut_section": null,
  "offering": 4,
  "official_grade": null,
  "person": 7,
  "role": "INST"
 },
 "model": "coredata.member",
 "pk": 11
},
{
 "fields": {
  "added_reason": "AUTO",
  "career": "UGRD",
  "config": "{}",
  "credits": 3,
  "labtut_section": null,
  "offering": 4,
  "official_grade": null,
  "person": 29,
  "role": "STUD"
 },
 "model": "coredata.member",
 "pk": 77
},
{
 "fields": {
  "added_reason": "AUTO",
  "career": "UGRD",
  "config": "{}",
  "credits": 3,
  "labtut_section": null,
  "offering": 4,
  "official_grade": null,
  "person": 43,
  "role": "STUD"
 },
 "model": "coredata.member",
 "pk": 75
},
{
 "fields": {
  "added_reason": "AUTO",
  "career": "UGRD",
  "config": "{}",
  "credits": 3,
  "labtut_section": null,
  "offering": 4,
  "official_grade": null,
  "person": 21,
  "role": "STUD"
 },
 "model": "coredata.member",
 "pk": 76
},
{
 "fields": {
  "added_reason": "AUTO",
  "career": "UGRD",
  "config": "{}",
  "credits": 3,
  "labtut_section": null,
  "offering": 4,
  "official_grade": null,
  "person": 13,
  "role": "STUD"
 },
 "model": "coredata.member",
 "pk": 74
},
{
 "fields": {
  "added_reason": "TAC",
  "career": "NONS",
  "config": "{\"bu\":5}",
  "credits": 0,
  "labtut_section": null,
  "offering": 6,
  "official_grade": null,
  "person": 42,
  "role": "TA"
 },
 "model": "coredata.member",
 "pk": 78
},
{
 "fields": {
  "added_reason": "AUTO",
  "career": "NONS",
  "config": "{\"sched_print_instr\":true}",
  "credits": 0,
  "labtut_section": null,
  "offering": 6,
  "official_grade": null,
  "person": 7,
  "role": "INST"
 },
 "model": "coredata.member",
 "pk": 12
},
{
 "fields": {
  "added_reason": "AUTO",
  "career": "UGRD",
  "config": "{}",
  "credits": 3,
  "labtut_section": null,
  "offering": 6,
  "official_grade": null,
  "person": 27,
  "role": "STUD"
 },
 "model": "coredata.member",
 "pk": 82
},
{
 "fields": {
  "added_reason": "AUTO",
  "career": "UGRD",
  "config": "{}",
  "credits": 3,
  "labtut_section": null,
  "offering": 6,
  "official_grade": null,
  "person": 47,
  "role": "STUD"
 },
 "model": "coredata.member",
 "pk": 81
},
{
 "fields": {
  "added_reason": "AUTO",
  "career": "UGRD",
  "config": "{}",
  "credits": 3,
  "labtut_section": null,
  "offering": 6,
  "official_grade": null,
  "person": 43,
  "role": "STUD"
 },
 "model": "coredata.member",
 "pk": 80
},
{
 "fields": {
  "added_reason": "AUTO",
  "career": "UGRD",
  "config": "{}",
  "credits": 3,
  "labtut_section": null,
  "offering": 6,
  "official_grade": null,
  "person": 19,
  "role": "STUD"
 },
 "model": "coredata.member",
 "pk": 79
},
{
 "fields": {
  "added_reason": "TAC",
  "career": "NONS",
  "config": "{\"bu\":5}",
  "credits": 0,
  "labtut_section": null,
  "offering": 7,
  "official_grade": null,
  "person": 52,
  "role": "TA"
 },
 "model": "coredata.member",
 "pk": 83
},
{
 "fields": {
  "added_reason": "AUTO",
  "career": "NONS",
  "config": "{\"sched_print_instr\":true}",
  "credits": 0,
  "labtut_section": null,
  "offering": 7,
  "official_grade": null,
  "person": 7,
  "role": "INST"
 },
 "model": "coredata.member",
 "pk": 13
},
{
 "fields": {
  "added_reason": "AUTO",
  "career": "UGRD",
  "config": "{}",
  "credits": 3,
  "labtut_section": null,
  "offering": 7,
  "official_grade": null,
  "person": 25,
  "role": "STUD"
 },
 "model": "coredata.member",
 "pk": 84
},
{
 "fields": {
  "added_reason": "AUTO",
  "career": "UGRD",
  "config": "{}",
  "credits": 3,
  "labtut_section": null,
  "offering": 7,
  "official_grade": null,
  "person": 17,
  "role": "STUD"
 },
 "model": "coredata.member",
 "pk": 85
},
{
 "fields": {
  "added_reason": "AUTO",
  "career": "UGRD",
  "config": "{}",
  "credits": 3,
  "labtut_section": null,
  "offering": 7,
  "official_grade": null,
  "person": 21,
  "role": "STUD"
 },
 "model": "coredata.member",
 "pk": 86
},
{
 "fields": {
  "added_reason": "AUTO",
  "career": "UGRD",
  "config": "{}",
  "credits": 3,
  "labtut_section": null,
  "offering": 7,
  "official_grade": null,
  "person": 35,
  "role": "STUD"
 },
 "model": "coredata.member",
 "pk": 87
},
{
 "fields": {
  "added_reason": "TAC",
  "career": "NONS",
  "config": "{\"bu\":5}",
  "credits": 0,
  "labtut_section": null,
  "offering": 8,
  "official_grade": null,
  "person": 24,
  "role": "TA"
 },
 "model": "coredata.member",
 "pk": 88
},
{
 "fields": {
  "added_reason": "AUTO",
  "career": "NONS",
  "config": "{\"sched_print_instr\":true}",
  "credits": 0,
  "labtut_section": null,
  "offering": 8,
  "official_grade": null,
  "person": 7,
  "role": "INST"
 },
 "model": "coredata.member",
 "pk": 14
},
{
 "fields": {
  "added_reason": "AUTO",
  "career": "UGRD",
  "config": "{}",
  "credits": 3,
  "labtut_section": null,
  "offering": 8,
  "official_grade": null,
  "person": 41,
  "role": "STUD"
 },
 "model": "coredata.member",
 "pk": 90
},
{
 "fields": {
  "added_reason": "AUTO",
  "career": "UGRD",
  "config": "{}",
  "credits": 3,
  "labtut_section": null,
  "offering": 8,
  "official_grade": null,
  "person": 31,
  "role": "STUD"
 },
 "model": "coredata.member",
 "pk": 92
},
{
 "fields": {
  "added_reason": "AUTO",
  "career": "UGRD",
  "config": "{}",
  "credits": 3,
  "labtut_section": null,
  "offering": 8,
  "official_grade": null,
  "person": 33,
  "role": "STUD"
 },
 "model": "coredata.member",
 "pk": 91
},
{
 "fields": {
  "added_reason": "AUTO",
  "career": "UGRD",
  "config": "{}",
  "credits": 3,
  "labtut_section": null,
  "offering": 8,
  "official_grade": null,
  "person": 21,
  "role": "STUD"
 },
 "model": "coredata.member",
 "pk": 89
},
{
 "fields": {
  "added_reason": "TAC",
  "career": "NONS",
  "config": "{\"bu\":5}",
  "credits": 0,
  "labtut_section": null,
  "offering": 9,
  "official_grade": null,
  "person": 44,
  "role": "TA"
 },
 "model": "coredata.member",
 "pk": 93
},
{
 "fields": {
  "added_reason": "AUTO",
  "career": "NONS",
  "config": "{\"sched_print_instr\":true}",
  "credits": 0,
  "labtut_section": null,
  "offering": 9,
  "official_grade": null,
  "person": 11,
  "role": "INST"
 },
 "model": "coredata.member",
 "pk": 15
},
{
 "fields": {
  "added_reason": "AUTO",
  "career": "UGRD",
  "config": "{}",
  "credits": 3,
  "labtut_section": null,
  "offering": 9,
  "official_grade": null,
  "person": 27,
  "role": "STUD"
 },
 "model": "coredata.member",
 "pk": 94
},
{
 "fields": {
  "added_reason": "AUTO",
  "career": "UGRD",
  "config": "{}",
  "credits": 3,
  "labtut_section": null,
  "offering": 9,
  "official_grade": null,
  "person": 41,
  "role": "STUD"
 },
 "model": "coredata.member",
 "pk": 97
},
{
 "fields": {
  "added_reason": "AUTO",
  "career": "UGRD",
  "config": "{}",
  "credits": 3,
  "labtut_section": null,
  "offering": 9,
  "official_grade": null,
  "person": 21,
  "role": "STUD"
 },
 "model": "coredata.member",
 "pk": 96
},
{
 "fields": {
  "added_reason": "AUTO",
  "career": "UGRD",
  "config": "{}",
  "credits": 3,
  "labtut_section": null,
  "offering": 9,
  "official_grade": null,
  "person": 35,
  "role": "STUD"
 },
 "model": "coredata.member",
 "pk": 95
},
{
 "fields": {
  "added_reason": "TAC",
  "career": "NONS",
  "config": "{\"bu\":5}",
  "credits": 0,
  "labtut_section": null,
  "offering": 10,
  "official_grade": null,
  "person": 48,
  "role": "TA"
 },
 "model": "coredata.member",
 "pk": 98
},
{
 "fields": {
  "added_reason": "AUTO",
  "career": "NONS",
  "config": "{\"sched_print_instr\":true}",
  "credits": 0,
  "labtut_section": null,
  "offering": 10,
  "official_grade": null,
  "person": 12,
  "role": "INST"
 },
 "model": "coredata.member",
 "pk": 16
},
{
 "fields": {
  "added_reason": "AUTO",
  "career": "UGRD",
  "config": "{}",
  "credits": 3,
  "labtut_section": null,
  "offering": 10,
  "official_grade": null,
  "person": 39,
  "role": "STUD"
 },
 "model": "coredata.member",
 "pk": 99
},
{
 "fields": {
  "added_reason": "AUTO",
  "career": "UGRD",
  "config": "{}",
  "credits": 3,
  "labtut_section": null,
  "offering": 10,
  "official_grade": null,
  "person": 47,
  "role": "STUD"
 },
 "model": "coredata.member",
 "pk": 101
},
{
 "fields": {
  "added_reason": "AUTO",
  "career": "UGRD",
  "config": "{}",
  "credits": 3,
  "labtut_section": null,
  "offering": 10,
  "official_grade": null,
  "person": 17,
  "role": "STUD"
 },
 "model": "coredata.member",
 "pk": 100
},
{
 "fields": {
  "added_reason": "AUTO",
  "career": "UGRD",
  "config": "{}",
  "credits": 3,
  "labtut_section": null,
  "offering": 10,
  "official_grade": null,
  "person": 21,
  "role": "STUD"
 },
 "model": "coredata.member",
 "pk": 102
},
{
 "fields": {
  "config": "{}",
  "expiry": "2021-09-29",
  "person": 5,
  "role": "ADVS",
  "unit": 5
 },
 "model": "coredata.role",
 "pk": 2
},
{
 "fields": {
  "config": "{}",
  "expiry": "2021-09-29",
  "person": 5,
  "role": "ADMN",
  "unit": 5
 },
 "model": "coredata.role",
 "pk": 3
},
{
 "fields": {
  "config": "{}",
  "expiry": "2021-09-29",
  "person": 6,
  "role": "SYSA",
  "unit": 1
 },
 "model": "coredata.role",
 "pk": 4
},
{
 "fields": {
  "config": "{}",
  "expiry": "2021-09-29",
  "person": 5,
  "role": "INV",
  "unit": 5
 },
 "model": "coredata.role",
 "pk": 5
},
{
 "fields": {
  "config": "{}",
  "expiry": "2021-09-29",
  "person": 5,
  "role": "OUTR",
  "unit": 5
 },
 "model": "coredata.role",
 "pk": 6
},
{
 "fields": {
  "config": "{}",
  "expiry": "2021-09-29",
  "person": 5,
  "role": "SPAC",
  "unit": 5
 },
 "model": "coredata.role",
 "pk": 7
},
{
 "fields": {
  "config": "{}",
  "deleted": false,
  "due_date": "2019-03-04T00:00:00",
  "group": false,
  "name": "Assignmen\u021b 1",
  "offering": 1,
  "percent": "10.00",
  "position": 1,
  "short_name": "A1",
  "slug": "a1",
  "status": "URLS"
 },
 "model": "grades.activity",
 "pk": 1
},
{
 "fields": {
  "max_grade": "10.00"
 },
 "model": "grades.numericactivity",
 "pk": 1
}
]
