[
{
 "fields": {
  "monday": "2010-01-04",
  "semester": 134,
  "week": 1
 },
 "model": "coredata.semesterweek",
 "pk": 134
},
{
 "fields": {
  "monday": "2010-05-17",
  "semester": 135,
  "week": 1
 },
 "model": "coredata.semesterweek",
 "pk": 135
},
{
 "fields": {
  "monday": "2010-09-06",
  "semester": 136,
  "week": 1
 },
 "model": "coredata.semesterweek",
 "pk": 136
},
{
 "fields": {
  "monday": "2011-01-10",
  "semester": 137,
  "week": 1
 },
 "model": "coredata.semesterweek",
 "pk": 137
},
{
 "fields": {
  "monday": "2011-05-09",
  "semester": 138,
  "week": 1
 },
 "model": "coredata.semesterweek",
 "pk": 138
},
{
 "fields": {
  "monday": "2011-09-05",
  "semester": 139,
  "week": 1
 },
 "model": "coredata.semesterweek",
 "pk": 139
},
{
 "fields": {
  "monday": "2012-01-09",
  "semester": 140,
  "week": 1
 },
 "model": "coredata.semesterweek",
 "pk": 140
},
{
 "fields": {
  "monday": "2012-05-07",
  "semester": 141,
  "week": 1
 },
 "model": "coredata.semesterweek",
 "pk": 141
},
{
 "fields": {
  "monday": "2012-09-03",
  "semester": 142,
  "week": 1
 },
 "model": "coredata.semesterweek",
 "pk": 142
},
{
 "fields": {
  "monday": "2013-01-07",
  "semester": 143,
  "week": 1
 },
 "model": "coredata.semesterweek",
 "pk": 143
},
{
 "fields": {
  "monday": "2013-05-06",
  "semester": 144,
  "week": 1
 },
 "model": "coredata.semesterweek",
 "pk": 144
},
{
 "fields": {
  "monday": "2013-09-02",
  "semester": 145,
  "week": 1
 },
 "model": "coredata.semesterweek",
 "pk": 145
},
{
 "fields": {
  "monday": "2014-01-06",
  "semester": 146,
  "week": 1
 },
 "model": "coredata.semesterweek",
 "pk": 146
},
{
 "fields": {
  "monday": "2014-05-05",
  "semester": 147,
  "week": 1
 },
 "model": "coredata.semesterweek",
 "pk": 147
},
{
 "fields": {
  "monday": "2014-09-01",
  "semester": 148,
  "week": 1
 },
 "model": "coredata.semesterweek",
 "pk": 148
},
{
 "fields": {
  "monday": "2015-01-05",
  "semester": 149,
  "week": 1
 },
 "model": "coredata.semesterweek",
 "pk": 149
},
{
 "fields": {
  "monday": "2015-05-11",
  "semester": 150,
  "week": 1
 },
 "model": "coredata.semesterweek",
 "pk": 150
},
{
 "fields": {
  "monday": "2015-09-07",
  "semester": 151,
  "week": 1
 },
 "model": "coredata.semesterweek",
 "pk": 151
},
{
 "fields": {
  "monday": "2016-01-04",
  "semester": 152,
  "week": 1
 },
 "model": "coredata.semesterweek",
 "pk": 152
},
{
 "fields": {
  "monday": "2016-05-09",
  "semester": 153,
  "week": 1
 },
 "model": "coredata.semesterweek",
 "pk": 153
},
{
 "fields": {
  "monday": "2016-09-05",
  "semester": 154,
  "week": 1
 },
 "model": "coredata.semesterweek",
 "pk": 154
},
{
 "fields": {
  "monday": "2017-01-09",
  "semester": 155,
  "week": 1
 },
 "model": "coredata.semesterweek",
 "pk": 155
},
{
 "fields": {
  "monday": "2017-05-08",
  "semester": 156,
  "week": 1
 },
 "model": "coredata.semesterweek",
 "pk": 156
},
{
 "fields": {
  "monday": "2017-09-04",
  "semester": 157,
  "week": 1
 },
 "model": "coredata.semesterweek",
 "pk": 157
},
{
 "fields": {
  "monday": "2018-01-08",
  "semester": 158,
  "week": 1
 },
 "model": "coredata.semesterweek",
 "pk": 158
},
{
 "fields": {
  "monday": "2018-05-07",
  "semester": 159,
  "week": 1
 },
 "model": "coredata.semesterweek",
 "pk": 159
},
{
 "fields": {
  "acad_org": "COMP SCI",
  "config": "{\"deptid\":\"12345\",\"web\":\"http://www.cs.sfu.ca/\",\"fax\":\"778-782-3045\",\"tel\":\"778-782-4277\",\"informal_name\":\"Computing Science\",\"address\":[\"9971 Applied Sciences Building\",\"8888 University Drive, Burnaby, BC\",\"Canada V5A 1S6\"],\"email\":\"csdept@sfu.ca\"}",
  "label": "CMPT",
  "name": "School of Computing Science",
  "parent": 2,
  "slug": "cmpt"
 },
 "model": "coredata.unit",
 "pk": 5
},
{
 "fields": {
  "acad_org": "ENG SCI",
  "config": "{}",
  "label": "ENSC",
  "name": "School of Engineering Science",
  "parent": 2,
  "slug": "ensc"
 },
 "model": "coredata.unit",
 "pk": 3
},
{
 "fields": {
  "acad_org": null,
  "config": "{}",
  "label": "FAS",
  "name": "Faculty of Applied Sciences",
  "parent": 1,
  "slug": "fas"
 },
 "model": "coredata.unit",
 "pk": 2
},
{
 "fields": {
  "acad_org": "MECH SYS",
  "config": "{}",
  "label": "MSE",
  "name": "School of Mechatronic Systems Engineering",
  "parent": 2,
  "slug": "mse"
 },
 "model": "coredata.unit",
 "pk": 4
},
{
 "fields": {
  "acad_org": null,
  "config": "{}",
  "label": "UNIV",
  "name": "Simon Fraser University",
  "parent": null,
  "slug": "univ"
 },
 "model": "coredata.unit",
 "pk": 1
},
{
 "fields": {
  "config": "{}",
  "number": "120",
  "slug": "cmpt-120",
  "subject": "CMPT",
  "title": "Intro.Cmpt.Sci/Programming I"
 },
 "model": "coredata.course",
 "pk": 1
},
{
 "fields": {
  "config": "{}",
  "number": "125",
  "slug": "cmpt-125",
  "subject": "CMPT",
  "title": "Intro.Cmpt.Sci/Programming II"
 },
 "model": "coredata.course",
 "pk": 2
},
{
 "fields": {
  "config": "{}",
  "number": "127",
  "slug": "cmpt-127",
  "subject": "CMPT",
  "title": "Computing Laboratory"
 },
 "model": "coredata.course",
 "pk": 3
},
{
 "fields": {
  "config": "{}",
  "number": "128",
  "slug": "cmpt-128",
  "subject": "CMPT",
  "title": "Intro. Cmpt.Sci/Prgm/Engineers"
 },
 "model": "coredata.course",
 "pk": 6
},
{
 "fields": {
  "config": "{}",
  "number": "129",
  "slug": "cmpt-129",
  "subject": "CMPT",
  "title": "Intro. to CS for Maths"
 },
 "model": "coredata.course",
 "pk": 7
},
{
 "fields": {
  "config": "{}",
  "number": "100W",
  "slug": "ensc-100w",
  "subject": "ENSC",
  "title": "Engineering, Science & Society"
 },
 "model": "coredata.course",
 "pk": 5
},
{
 "fields": {
  "config": "{}",
  "number": "105W",
  "slug": "ensc-105w",
  "subject": "ENSC",
  "title": "Process of Prof. Writing"
 },
 "model": "coredata.course",
 "pk": 4
},
{
 "fields": {
  "campus": "BRNBY",
  "class_nbr": 8692,
  "component": "LEC",
  "config": "{}",
  "course": 1,
  "crse_id": 14580,
  "enrl_cap": 208,
  "enrl_tot": 0,
  "flags": "10",
  "graded": true,
  "instr_mode": "P",
  "number": "120",
  "owner": 5,
  "section": "D100",
  "semester": 155,
  "slug": "2017sp-cmpt-120-d1",
  "subject": "CMPT",
  "title": "Intro.Cmpt.Sci/Programming I",
  "units": 3,
  "wait_tot": 0
 },
 "model": "coredata.courseoffering",
 "pk": 18
},
{
 "fields": {
  "campus": "BRNBY",
  "class_nbr": 8712,
  "component": "LEC",
  "config": "{}",
  "course": 2,
  "crse_id": 14581,
  "enrl_cap": 192,
  "enrl_tot": 0,
  "flags": "2",
  "graded": true,
  "instr_mode": "P",
  "number": "125",
  "owner": 5,
  "section": "D100",
  "semester": 155,
  "slug": "2017sp-cmpt-125-d1",
  "subject": "CMPT",
  "title": "Intro.Cmpt.Sci/Programming II",
  "units": 3,
  "wait_tot": 0
 },
 "model": "coredata.courseoffering",
 "pk": 19
},
{
 "fields": {
  "campus": "BRNBY",
  "class_nbr": 8714,
  "component": "LAB",
  "config": "{}",
  "course": 3,
  "crse_id": 17292,
  "enrl_cap": 64,
  "enrl_tot": 0,
  "flags": "0",
  "graded": true,
  "instr_mode": "P",
  "number": "127",
  "owner": 5,
  "section": "D100",
  "semester": 155,
  "slug": "2017sp-cmpt-127-d1",
  "subject": "CMPT",
  "title": "Computing Laboratory",
  "units": 3,
  "wait_tot": 0
 },
 "model": "coredata.courseoffering",
 "pk": 20
},
{
 "fields": {
  "campus": "BRNBY",
  "class_nbr": 8715,
  "component": "LAB",
  "config": "{}",
  "course": 3,
  "crse_id": 17292,
  "enrl_cap": 64,
  "enrl_tot": 0,
  "flags": "0",
  "graded": true,
  "instr_mode": "P",
  "number": "127",
  "owner": 5,
  "section": "D200",
  "semester": 155,
  "slug": "2017sp-cmpt-127-d2",
  "subject": "CMPT",
  "title": "Computing Laboratory",
  "units": 3,
  "wait_tot": 0
 },
 "model": "coredata.courseoffering",
 "pk": 21
},
{
 "fields": {
  "campus": "BRNBY",
  "class_nbr": 8716,
  "component": "LAB",
  "config": "{}",
  "course": 3,
  "crse_id": 17292,
  "enrl_cap": 64,
  "enrl_tot": 0,
  "flags": "0",
  "graded": true,
  "instr_mode": "P",
  "number": "127",
  "owner": 5,
  "section": "D300",
  "semester": 155,
  "slug": "2017sp-cmpt-127-d3",
  "subject": "CMPT",
  "title": "Computing Laboratory",
  "units": 3,
  "wait_tot": 0
 },
 "model": "coredata.courseoffering",
 "pk": 22
},
{
 "fields": {
  "campus": "BRNBY",
  "class_nbr": 8717,
  "component": "LEC",
  "config": "{}",
  "course": 7,
  "crse_id": 17605,
  "enrl_cap": 130,
  "enrl_tot": 0,
  "flags": "2",
  "graded": true,
  "instr_mode": "P",
  "number": "129",
  "owner": 5,
  "section": "D100",
  "semester": 155,
  "slug": "2017sp-cmpt-129-d1",
  "subject": "CMPT",
  "title": "Intro. to CS for Maths",
  "units": 3,
  "wait_tot": 0
 },
 "model": "coredata.courseoffering",
 "pk": 23
},
{
 "fields": {
  "campus": "BRNBY",
  "class_nbr": 7030,
  "component": "LEC",
  "config": "{}",
  "course": 1,
  "crse_id": 14580,
  "enrl_cap": 120,
  "enrl_tot": 117,
  "flags": "10",
  "graded": true,
  "instr_mode": "P",
  "number": "120",
  "owner": 5,
  "section": "D100",
  "semester": 154,
  "slug": "2016fa-cmpt-120-d1",
  "subject": "CMPT",
  "title": "Intro.Cmpt.Sci/Programming I",
  "units": 3,
  "wait_tot": 49
 },
 "model": "coredata.courseoffering",
 "pk": 10
},
{
 "fields": {
  "campus": "BRNBY",
  "class_nbr": 7037,
  "component": "LEC",
  "config": "{}",
  "course": 1,
  "crse_id": 14580,
  "enrl_cap": 225,
  "enrl_tot": 158,
  "flags": "10",
  "graded": true,
  "instr_mode": "P",
  "number": "120",
  "owner": 5,
  "section": "D200",
  "semester": 154,
  "slug": "2016fa-cmpt-120-d2",
  "subject": "CMPT",
  "title": "Intro.Cmpt.Sci/Programming I",
  "units": 3,
  "wait_tot": 95
 },
 "model": "coredata.courseoffering",
 "pk": 11
},
{
 "fields": {
  "campus": "BRNBY",
  "class_nbr": 7052,
  "component": "LEC",
  "config": "{}",
  "course": 2,
  "crse_id": 14581,
  "enrl_cap": 128,
  "enrl_tot": 119,
  "flags": "2",
  "graded": true,
  "instr_mode": "P",
  "number": "125",
  "owner": 5,
  "section": "D100",
  "semester": 154,
  "slug": "2016fa-cmpt-125-d1",
  "subject": "CMPT",
  "title": "Intro.Cmpt.Sci/Programming II",
  "units": 3,
  "wait_tot": 27
 },
 "model": "coredata.courseoffering",
 "pk": 12
},
{
 "fields": {
  "campus": "BRNBY",
  "class_nbr": 7053,
  "component": "LAB",
  "config": "{}",
  "course": 3,
  "crse_id": 17292,
  "enrl_cap": 60,
  "enrl_tot": 60,
  "flags": "0",
  "graded": true,
  "instr_mode": "P",
  "number": "127",
  "owner": 5,
  "section": "D100",
  "semester": 154,
  "slug": "2016fa-cmpt-127-d1",
  "subject": "CMPT",
  "title": "Computing Laboratory",
  "units": 3,
  "wait_tot": 14
 },
 "model": "coredata.courseoffering",
 "pk": 13
},
{
 "fields": {
  "campus": "BRNBY",
  "class_nbr": 7054,
  "component": "LAB",
  "config": "{}",
  "course": 3,
  "crse_id": 17292,
  "enrl_cap": 60,
  "enrl_tot": 60,
  "flags": "0",
  "graded": true,
  "instr_mode": "P",
  "number": "127",
  "owner": 5,
  "section": "D200",
  "semester": 154,
  "slug": "2016fa-cmpt-127-d2",
  "subject": "CMPT",
  "title": "Computing Laboratory",
  "units": 3,
  "wait_tot": 15
 },
 "model": "coredata.courseoffering",
 "pk": 14
},
{
 "fields": {
  "campus": "BRNBY",
  "class_nbr": 7055,
  "component": "LAB",
  "config": "{}",
  "course": 3,
  "crse_id": 17292,
  "enrl_cap": 60,
  "enrl_tot": 3,
  "flags": "0",
  "graded": true,
  "instr_mode": "P",
  "number": "127",
  "owner": 5,
  "section": "D300",
  "semester": 154,
  "slug": "2016fa-cmpt-127-d3",
  "subject": "CMPT",
  "title": "Computing Laboratory",
  "units": 3,
  "wait_tot": 4
 },
 "model": "coredata.courseoffering",
 "pk": 15
},
{
 "fields": {
  "campus": "BRNBY",
  "class_nbr": 7057,
  "component": "LEC",
  "config": "{}",
  "course": 6,
  "crse_id": 14583,
  "enrl_cap": 150,
  "enrl_tot": 147,
  "flags": "10",
  "graded": true,
  "instr_mode": "P",
  "number": "128",
  "owner": 5,
  "section": "D100",
  "semester": 154,
  "slug": "2016fa-cmpt-128-d1",
  "subject": "CMPT",
  "title": "Intro. Cmpt.Sci/Prgm/Engineers",
  "units": 3,
  "wait_tot": 18
 },
 "model": "coredata.courseoffering",
 "pk": 16
},
{
 "fields": {
  "campus": "BRNBY",
  "class_nbr": 7063,
  "component": "LEC",
  "config": "{}",
  "course": 6,
  "crse_id": 14583,
  "enrl_cap": 100,
  "enrl_tot": 41,
  "flags": "10",
  "graded": true,
  "instr_mode": "P",
  "number": "128",
  "owner": 5,
  "section": "D200",
  "semester": 154,
  "slug": "2016fa-cmpt-128-d2",
  "subject": "CMPT",
  "title": "Intro. Cmpt.Sci/Prgm/Engineers",
  "units": 3,
  "wait_tot": 14
 },
 "model": "coredata.courseoffering",
 "pk": 17
},
{
 "fields": {
  "campus": "BRNBY",
  "class_nbr": 4844,
  "component": "LEC",
  "config": "{}",
  "course": 5,
  "crse_id": 14917,
  "enrl_cap": 204,
  "enrl_tot": 190,
  "flags": "12",
  "graded": true,
  "instr_mode": "P",
  "number": "100W",
  "owner": 3,
  "section": "D100",
  "semester": 154,
  "slug": "2016fa-ensc-100w-d1",
  "subject": "ENSC",
  "title": "Engineering, Science & Society",
  "units": 3,
  "wait_tot": 1
 },
 "model": "coredata.courseoffering",
 "pk": 9
},
{
 "fields": {
  "campus": "BRNBY",
  "class_nbr": 4828,
  "component": "LEC",
  "config": "{}",
  "course": 4,
  "crse_id": 16516,
  "enrl_cap": 200,
  "enrl_tot": 189,
  "flags": "1",
  "graded": true,
  "instr_mode": "P",
  "number": "105W",
  "owner": 3,
  "section": "D100",
  "semester": 154,
  "slug": "2016fa-ensc-105w-d1",
  "subject": "ENSC",
  "title": "Process of Prof. Writing",
  "units": 3,
  "wait_tot": 1
 },
 "model": "coredata.courseoffering",
 "pk": 8
},
{
 "fields": {
  "campus": "BRNBY",
  "class_nbr": 4085,
  "component": "LEC",
  "config": "{}",
  "course": 1,
  "crse_id": 14580,
  "enrl_cap": 208,
  "enrl_tot": 190,
  "flags": "10",
  "graded": true,
  "instr_mode": "P",
  "number": "120",
  "owner": 5,
  "section": "D100",
  "semester": 153,
  "slug": "2016su-cmpt-120-d1",
  "subject": "CMPT",
  "title": "Intro.Cmpt.Sci/Programming I",
  "units": 3,
  "wait_tot": 0
 },
 "model": "coredata.courseoffering",
 "pk": 1
},
{
 "fields": {
  "campus": "BRNBY",
  "class_nbr": 4093,
  "component": "LEC",
  "config": "{}",
  "course": 2,
  "crse_id": 14581,
  "enrl_cap": 128,
  "enrl_tot": 102,
  "flags": "2",
  "graded": true,
  "instr_mode": "P",
  "number": "125",
  "owner": 5,
  "section": "D100",
  "semester": 153,
  "slug": "2016su-cmpt-125-d1",
  "subject": "CMPT",
  "title": "Intro.Cmpt.Sci/Programming II",
  "units": 3,
  "wait_tot": 0
 },
 "model": "coredata.courseoffering",
 "pk": 2
},
{
 "fields": {
  "campus": "BRNBY",
  "class_nbr": 4094,
  "component": "LAB",
  "config": "{}",
  "course": 3,
  "crse_id": 17292,
  "enrl_cap": 32,
  "enrl_tot": 30,
  "flags": "0",
  "graded": true,
  "instr_mode": "P",
  "number": "127",
  "owner": 5,
  "section": "D100",
  "semester": 153,
  "slug": "2016su-cmpt-127-d1",
  "subject": "CMPT",
  "title": "Computing Laboratory",
  "units": 3,
  "wait_tot": 0
 },
 "model": "coredata.courseoffering",
 "pk": 3
},
{
 "fields": {
  "campus": "BRNBY",
  "class_nbr": 4095,
  "component": "LAB",
  "config": "{}",
  "course": 3,
  "crse_id": 17292,
  "enrl_cap": 32,
  "enrl_tot": 26,
  "flags": "0",
  "graded": true,
  "instr_mode": "P",
  "number": "127",
  "owner": 5,
  "section": "D200",
  "semester": 153,
  "slug": "2016su-cmpt-127-d2",
  "subject": "CMPT",
  "title": "Computing Laboratory",
  "units": 3,
  "wait_tot": 0
 },
 "model": "coredata.courseoffering",
 "pk": 4
},
{
 "fields": {
  "campus": "BRNBY",
  "class_nbr": 4096,
  "component": "CAN",
  "config": "{}",
  "course": 3,
  "crse_id": 17292,
  "enrl_cap": 32,
  "enrl_tot": 0,
  "flags": "0",
  "graded": true,
  "instr_mode": "P",
  "number": "127",
  "owner": 5,
  "section": "D300",
  "semester": 153,
  "slug": "2016su-cmpt-127-d3",
  "subject": "CMPT",
  "title": "Computing Laboratory",
  "units": 3,
  "wait_tot": 0
 },
 "model": "coredata.courseoffering",
 "pk": 5
},
{
 "fields": {
  "campus": "BRNBY",
  "class_nbr": 4097,
  "component": "CAN",
  "config": "{}",
  "course": 3,
  "crse_id": 17292,
  "enrl_cap": 32,
  "enrl_tot": 0,
  "flags": "0",
  "graded": true,
  "instr_mode": "P",
  "number": "127",
  "owner": 5,
  "section": "D400",
  "semester": 153,
  "slug": "2016su-cmpt-127-d4",
  "subject": "CMPT",
  "title": "Computing Laboratory",
  "units": 3,
  "wait_tot": 0
 },
 "model": "coredata.courseoffering",
 "pk": 6
},
{
 "fields": {
  "campus": "BRNBY",
  "class_nbr": 4098,
  "component": "LAB",
  "config": "{}",
  "course": 3,
  "crse_id": 17292,
  "enrl_cap": 64,
  "enrl_tot": 53,
  "flags": "0",
  "graded": true,
  "instr_mode": "P",
  "number": "127",
  "owner": 5,
  "section": "D500",
  "semester": 153,
  "slug": "2016su-cmpt-127-d5",
  "subject": "CMPT",
  "title": "Computing Laboratory",
  "units": 3,
  "wait_tot": 0
 },
 "model": "coredata.courseoffering",
 "pk": 7
},
{
 "fields": {
  "config": "{}",
  "emplid": 200000100,
  "first_name": "Gregor\u028f",
  "last_name": "Baker",
  "middle_name": "Garnet",
  "pref_first_name": "Greg",
  "temporary": false,
  "title": null,
  "userid": "ggbaker"
 },
 "model": "coredata.person",
 "pk": 1
},
{
 "fields": {
  "config": "{}",
  "emplid": 200000101,
  "first_name": "Philippe",
  "last_name": "Boutros",
  "middle_name": "",
  "pref_first_name": "Philippe",
  "temporary": false,
  "title": null,
  "userid": "pba7"
 },
 "model": "coredata.person",
 "pk": 6
},
{
 "fields": {
  "config": "{}",
  "emplid": 200000102,
  "first_name": "Bobby",
  "last_name": "Chan",
  "middle_name": "Chun Tung",
  "pref_first_name": "Bobby",
  "temporary": false,
  "title": "Mr",
  "userid": "bobbyc"
 },
 "model": "coredata.person",
 "pk": 8
},
{
 "fields": {
  "config": "{}",
  "emplid": 200000103,
  "first_name": "Diana",
  "last_name": "Cukierman",
  "middle_name": "Raquel",
  "pref_first_name": "Diana",
  "temporary": false,
  "title": "Dr",
  "userid": "diana"
 },
 "model": "coredata.person",
 "pk": 4
},
{
 "fields": {
  "config": "{}",
  "emplid": 200000104,
  "first_name": "Anthony",
  "last_name": "Dixon",
  "middle_name": "",
  "pref_first_name": "Anthony",
  "temporary": false,
  "title": null,
  "userid": "dixon"
 },
 "model": "coredata.person",
 "pk": 3
},
{
 "fields": {
  "config": "{}",
  "emplid": 200000105,
  "first_name": "Anne",
  "last_name": "Lavergne",
  "middle_name": "",
  "pref_first_name": "Anne",
  "temporary": false,
  "title": "Miss",
  "userid": "alavergn"
 },
 "model": "coredata.person",
 "pk": 7
},
{
 "fields": {
  "config": "{}",
  "emplid": 200000106,
  "first_name": "Fred",
  "last_name": "Popowich",
  "middle_name": "",
  "pref_first_name": "Fred",
  "temporary": false,
  "title": null,
  "userid": "popowich"
 },
 "model": "coredata.person",
 "pk": 2
},
{
 "fields": {
  "config": "{}",
  "emplid": 200000107,
  "first_name": "Janice",
  "last_name": "Regan",
  "middle_name": "",
  "pref_first_name": "Janice",
  "temporary": false,
  "title": "Ms",
  "userid": "jregan"
 },
 "model": "coredata.person",
 "pk": 9
},
{
 "fields": {
  "config": "{}",
  "emplid": 200000108,
  "first_name": "Michael",
  "last_name": "Sjoerdsma",
  "middle_name": "Henri",
  "pref_first_name": "Michael",
  "temporary": false,
  "title": "Mr",
  "userid": "mhs"
 },
 "model": "coredata.person",
 "pk": 11
},
{
 "fields": {
  "config": "{}",
  "emplid": 200000109,
  "first_name": "Richard",
  "last_name": "Vaughan",
  "middle_name": "Terence",
  "pref_first_name": "Richard",
  "temporary": false,
  "title": "",
  "userid": "vaughan"
 },
 "model": "coredata.person",
 "pk": 10
},
{
 "fields": {
  "config": "{}",
  "emplid": 200000110,
  "first_name": "Stephen",
  "last_name": "Whitmore",
  "middle_name": "",
  "pref_first_name": "Stephen",
  "temporary": false,
  "title": "Mr",
  "userid": "whitmore"
 },
 "model": "coredata.person",
 "pk": 12
},
{
 "fields": {
  "config": "{\"privacy_signed\":true,\"privacy_version\":1,\"privacy_date\":\"2016-08-10\"}",
  "emplid": 200000111,
  "first_name": "DanYu",
  "last_name": "Zhao",
  "middle_name": "Olivia",
  "pref_first_name": "DanYu",
  "temporary": false,
  "title": null,
  "userid": "dzhao"
 },
 "model": "coredata.person",
 "pk": 5
},
{
 "fields": {
  "config": "{}",
  "emplid": 300000300,
  "first_name": "Cllauvlu",
  "last_name": "Student",
  "middle_name": "Etv\u00e0px",
  "pref_first_name": "Cllauvlu",
  "temporary": false,
  "title": null,
  "userid": "0aaa0"
 },
 "model": "coredata.person",
 "pk": 13
},
{
 "fields": {
  "config": "{}",
  "emplid": 300000301,
  "first_name": "Ossqcuky",
  "last_name": "Student",
  "middle_name": "Avm\u00f5yu",
  "pref_first_name": "Ossqcuky",
  "temporary": false,
  "title": null,
  "userid": "0aaa1"
 },
 "model": "coredata.person",
 "pk": 15
},
{
 "fields": {
  "config": "{}",
  "emplid": 300000302,
  "first_name": "Brrkk\u00f5lt",
  "last_name": "Student",
  "middle_name": "Ffofpx",
  "pref_first_name": "Brrkk\u00f5lt",
  "temporary": false,
  "title": null,
  "userid": "0aaa2"
 },
 "model": "coredata.person",
 "pk": 17
},
{
 "fields": {
  "config": "{}",
  "emplid": 300000303,
  "first_name": "Qx\u00eff\u00ef\u00f5ys",
  "last_name": "Student",
  "middle_name": "Si\u00eaojj",
  "pref_first_name": "Qx\u00eff",
  "temporary": false,
  "title": null,
  "userid": "0aaa3"
 },
 "model": "coredata.person",
 "pk": 19
},
{
 "fields": {
  "config": "{}",
  "emplid": 300000304,
  "first_name": "Nbgolv\u00e0l",
  "last_name": "Student",
  "middle_name": "Qtjdkw",
  "pref_first_name": "Nbgo",
  "temporary": false,
  "title": null,
  "userid": "0aaa4"
 },
 "model": "coredata.person",
 "pk": 21
},
{
 "fields": {
  "config": "{}",
  "emplid": 300000305,
  "first_name": "Idwte\u00efva",
  "last_name": "Student",
  "middle_name": "Asbnpr",
  "pref_first_name": "Idwte\u00efva",
  "temporary": false,
  "title": null,
  "userid": "0aaa5"
 },
 "model": "coredata.person",
 "pk": 23
},
{
 "fields": {
  "config": "{}",
  "emplid": 300000306,
  "first_name": "Xmzkip\u00f5\u00ea",
  "last_name": "Student",
  "middle_name": "Rin\u00efrt",
  "pref_first_name": "Xmzk",
  "temporary": false,
  "title": null,
  "userid": "0aaa6"
 },
 "model": "coredata.person",
 "pk": 25
},
{
 "fields": {
  "config": "{}",
  "emplid": 300000307,
  "first_name": "Rzby\u00eafzl",
  "last_name": "Student",
  "middle_name": "Ftzjyw",
  "pref_first_name": "Rzby\u00eafzl",
  "temporary": false,
  "title": null,
  "userid": "0aaa7"
 },
 "model": "coredata.person",
 "pk": 27
},
{
 "fields": {
  "config": "{}",
  "emplid": 300000308,
  "first_name": "Lopun\u00fahc",
  "last_name": "Student",
  "middle_name": "Kjbcof",
  "pref_first_name": "Lopun\u00fahc",
  "temporary": false,
  "title": null,
  "userid": "0aaa8"
 },
 "model": "coredata.person",
 "pk": 29
},
{
 "fields": {
  "config": "{}",
  "emplid": 300000309,
  "first_name": "Vvidp\u00f5\u00fa\u00f5",
  "last_name": "Student",
  "middle_name": "Nuukqj",
  "pref_first_name": "Vvidp\u00f5\u00fa\u00f5",
  "temporary": false,
  "title": null,
  "userid": "0aaa9"
 },
 "model": "coredata.person",
 "pk": 31
},
{
 "fields": {
  "config": "{}",
  "emplid": 300000310,
  "first_name": "K\u00efnr\u00f5ads",
  "last_name": "Student",
  "middle_name": "Wiamjl",
  "pref_first_name": "K\u00efnr\u00f5ads",
  "temporary": false,
  "title": null,
  "userid": "0aaa10"
 },
 "model": "coredata.person",
 "pk": 33
},
{
 "fields": {
  "config": "{}",
  "emplid": 300000311,
  "first_name": "Ny\u00eanlpzv",
  "last_name": "Student",
  "middle_name": "A\u00faqoqy",
  "pref_first_name": "Ny\u00ean",
  "temporary": false,
  "title": null,
  "userid": "0aaa11"
 },
 "model": "coredata.person",
 "pk": 35
},
{
 "fields": {
  "config": "{}",
  "emplid": 300000312,
  "first_name": "Rmjod\u00f5vq",
  "last_name": "Student",
  "middle_name": "Snagm\u00ef",
  "pref_first_name": "Rmjod\u00f5vq",
  "temporary": false,
  "title": null,
  "userid": "0aaa12"
 },
 "model": "coredata.person",
 "pk": 37
},
{
 "fields": {
  "config": "{}",
  "emplid": 300000313,
  "first_name": "Dsjig\u00e0p\u00ea",
  "last_name": "Student",
  "middle_name": "Eb\u00ef\u00ears",
  "pref_first_name": "Dsjig\u00e0p\u00ea",
  "temporary": false,
  "title": null,
  "userid": "0aaa13"
 },
 "model": "coredata.person",
 "pk": 39
},
{
 "fields": {
  "config": "{}",
  "emplid": 300000314,
  "first_name": "Umibtblm",
  "last_name": "Student",
  "middle_name": "Fqfxc\u00fa",
  "pref_first_name": "Umibtblm",
  "temporary": false,
  "title": null,
  "userid": "0aaa14"
 },
 "model": "coredata.person",
 "pk": 41
},
{
 "fields": {
  "config": "{}",
  "emplid": 300000315,
  "first_name": "Pdhj\u00f5vbz",
  "last_name": "Student",
  "middle_name": "Debxtz",
  "pref_first_name": "Pdhj\u00f5vbz",
  "temporary": false,
  "title": null,
  "userid": "0aaa15"
 },
 "model": "coredata.person",
 "pk": 43
},
{
 "fields": {
  "config": "{}",
  "emplid": 300000316,
  "first_name": "Qlvgjyf\u00fa",
  "last_name": "Student",
  "middle_name": "Pqz\u00f5b\u00fa",
  "pref_first_name": "Qlvgjyf\u00fa",
  "temporary": false,
  "title": null,
  "userid": "0aaa16"
 },
 "model": "coredata.person",
 "pk": 45
},
{
 "fields": {
  "config": "{}",
  "emplid": 300000317,
  "first_name": "Tvlrewsk",
  "last_name": "Student",
  "middle_name": "Sjlckg",
  "pref_first_name": "Tvlr",
  "temporary": false,
  "title": null,
  "userid": "0aaa17"
 },
 "model": "coredata.person",
 "pk": 47
},
{
 "fields": {
  "config": "{}",
  "emplid": 300000318,
  "first_name": "Rjul\u00ea\u00e0zd",
  "last_name": "Student",
  "middle_name": "K\u00eart\u00ea\u00fa",
  "pref_first_name": "Rjul",
  "temporary": false,
  "title": null,
  "userid": "0aaa18"
 },
 "model": "coredata.person",
 "pk": 49
},
{
 "fields": {
  "config": "{}",
  "emplid": 300000319,
  "first_name": "Zohsd\u00eabr",
  "last_name": "Student",
  "middle_name": "Tv\u00efqd\u00e0",
  "pref_first_name": "Zohsd\u00eabr",
  "temporary": false,
  "title": null,
  "userid": "0aaa19"
 },
 "model": "coredata.person",
 "pk": 51
},
{
 "fields": {
  "config": "{\"gender\":\"M\",\"visa\":\"Visitor\",\"gpa\":0.97,\"citizen\":\"OtherCountrian\"}",
  "emplid": 300000500,
  "first_name": "Aa\u00easmzje",
  "last_name": "Grad",
  "middle_name": "Dv\u00eftcw",
  "pref_first_name": "Aa\u00easmzje",
  "temporary": false,
  "title": null,
  "userid": "0ggg0"
 },
 "model": "coredata.person",
 "pk": 14
},
{
 "fields": {
  "config": "{\"gender\":\"F\",\"visa\":\"Unknown\",\"gpa\":3.31,\"citizen\":\"Canadian\"}",
  "emplid": 300000501,
  "first_name": "Uzlf\u00eaeyp",
  "last_name": "Grad",
  "middle_name": "Umr\u00f5fy",
  "pref_first_name": "Uzlf\u00eaeyp",
  "temporary": false,
  "title": null,
  "userid": "0ggg1"
 },
 "model": "coredata.person",
 "pk": 16
},
{
 "fields": {
  "config": "{\"gender\":\"U\",\"visa\":\"Live-in Ca\",\"gpa\":2.22,\"citizen\":\"OtherCountrian\"}",
  "emplid": 300000502,
  "first_name": "Kwuzgtzz",
  "last_name": "Grad",
  "middle_name": "Dcyyn\u00f5",
  "pref_first_name": "Kwuz",
  "temporary": false,
  "title": null,
  "userid": "0ggg2"
 },
 "model": "coredata.person",
 "pk": 18
},
{
 "fields": {
  "config": "{\"gender\":\"F\",\"visa\":\"Conv Refug\",\"gpa\":2.59,\"citizen\":\"OtherCountrian\"}",
  "emplid": 300000503,
  "first_name": "Dwts\u00faenx",
  "last_name": "Grad",
  "middle_name": "Eegopn",
  "pref_first_name": "Dwts",
  "temporary": false,
  "title": null,
  "userid": "0ggg3"
 },
 "model": "coredata.person",
 "pk": 20
},
{
 "fields": {
  "config": "{\"gender\":\"M\",\"visa\":\"Conv Refug\",\"gpa\":1.18,\"citizen\":\"OtherCountrian\"}",
  "emplid": 300000504,
  "first_name": "Dkq\u00eazk\u00e0e",
  "last_name": "Grad",
  "middle_name": "Vei\u00ef\u00e0\u00f5",
  "pref_first_name": "Dkq\u00ea",
  "temporary": false,
  "title": null,
  "userid": "0ggg4"
 },
 "model": "coredata.person",
 "pk": 22
},
{
 "fields": {
  "config": "{\"gender\":\"F\",\"visa\":\"Diplomat\",\"gpa\":1.58,\"citizen\":\"OtherCountrian\"}",
  "emplid": 300000505,
  "first_name": "Tigijnjl",
  "last_name": "Grad",
  "middle_name": "Aqy\u00eauq",
  "pref_first_name": "Tigijnjl",
  "temporary": false,
  "title": null,
  "userid": "0ggg5"
 },
 "model": "coredata.person",
 "pk": 24
},
{
 "fields": {
  "config": "{\"gender\":\"F\",\"visa\":\"Unknown\",\"gpa\":2.81,\"citizen\":\"OtherCountrian\"}",
  "emplid": 300000506,
  "first_name": "Uycuff\u00e0p",
  "last_name": "Grad",
  "middle_name": "T\u00f5gs\u00f5f",
  "pref_first_name": "Uycuff\u00e0p",
  "temporary": false,
  "title": null,
  "userid": "0ggg6"
 },
 "model": "coredata.person",
 "pk": 26
},
{
 "fields": {
  "config": "{\"gender\":\"M\",\"visa\":\"Other\",\"gpa\":1.63,\"citizen\":\"Canadian\"}",
  "emplid": 300000507,
  "first_name": "Sgz\u00eamzs\u00e0",
  "last_name": "Grad",
  "middle_name": "Ubyw\u00f5\u00f5",
  "pref_first_name": "Sgz\u00eamzs\u00e0",
  "temporary": false,
  "title": null,
  "userid": "0ggg7"
 },
 "model": "coredata.person",
 "pk": 28
},
{
 "fields": {
  "config": "{\"gender\":\"M\",\"visa\":\"Conv Refug\",\"gpa\":2.07,\"citizen\":\"Canadian\"}",
  "emplid": 300000508,
  "first_name": "Mprxt\u00e0\u00faj",
  "last_name": "Grad",
  "middle_name": "Uowhmi",
  "pref_first_name": "Mprx",
  "temporary": false,
  "title": null,
  "userid": "0ggg8"
 },
 "model": "coredata.person",
 "pk": 30
},
{
 "fields": {
  "config": "{\"gender\":\"U\",\"visa\":\"New CDN\",\"gpa\":2.32,\"citizen\":\"Canadian\"}",
  "emplid": 300000509,
  "first_name": "Ogpwjdc\u00ea",
  "last_name": "Grad",
  "middle_name": "Wabczq",
  "pref_first_name": "Ogpwjdc\u00ea",
  "temporary": false,
  "title": null,
  "userid": "0ggg9"
 },
 "model": "coredata.person",
 "pk": 32
},
{
 "fields": {
  "config": "{\"gender\":\"M\",\"visa\":\"Visitor\",\"gpa\":1.4,\"citizen\":\"OtherCountrian\"}",
  "emplid": 300000510,
  "first_name": "Mmqnr\u00f5l\u00f5",
  "last_name": "Grad",
  "middle_name": "Smndxy",
  "pref_first_name": "Mmqnr\u00f5l\u00f5",
  "temporary": false,
  "title": null,
  "userid": "0ggg10"
 },
 "model": "coredata.person",
 "pk": 34
},
{
 "fields": {
  "config": "{\"gender\":\"F\",\"visa\":\"No Visa St\",\"gpa\":2.62,\"citizen\":\"Canadian\"}",
  "emplid": 300000511,
  "first_name": "Wxokc\u00e0as",
  "last_name": "Grad",
  "middle_name": "Ynxj\u00fao",
  "pref_first_name": "Wxok",
  "temporary": false,
  "title": null,
  "userid": "0ggg11"
 },
 "model": "coredata.person",
 "pk": 36
},
{
 "fields": {
  "config": "{\"gender\":\"F\",\"visa\":\"Unknown\",\"gpa\":1.33,\"citizen\":\"OtherCountrian\"}",
  "emplid": 300000512,
  "first_name": "Rz\u00fafp\u00efih",
  "last_name": "Grad",
  "middle_name": "Xzuvqy",
  "pref_first_name": "Rz\u00faf",
  "temporary": false,
  "title": null,
  "userid": "0ggg12"
 },
 "model": "coredata.person",
 "pk": 38
},
{
 "fields": {
  "config": "{\"gender\":\"F\",\"visa\":\"Min Permit\",\"gpa\":3.69,\"citizen\":\"OtherCountrian\"}",
  "emplid": 300000513,
  "first_name": "Sy\u00e0\u00e0\u00f5ihz",
  "last_name": "Grad",
  "middle_name": "Vatssv",
  "pref_first_name": "Sy\u00e0\u00e0\u00f5ihz",
  "temporary": false,
  "title": null,
  "userid": "0ggg13"
 },
 "model": "coredata.person",
 "pk": 40
},
{
 "fields": {
  "config": "{\"gender\":\"U\",\"visa\":\"Unknown\",\"gpa\":1.12,\"citizen\":\"OtherCountrian\"}",
  "emplid": 300000514,
  "first_name": "Sfo\u00efb\u00eay\u00fa",
  "last_name": "Grad",
  "middle_name": "Kfpcue",
  "pref_first_name": "Sfo\u00efb\u00eay\u00fa",
  "temporary": false,
  "title": null,
  "userid": "0ggg14"
 },
 "model": "coredata.person",
 "pk": 42
},
{
 "fields": {
  "config": "{\"gender\":\"F\",\"visa\":\"New CDN\",\"gpa\":3.29,\"citizen\":\"Canadian\"}",
  "emplid": 300000515,
  "first_name": "Tj\u00e0pqe\u00efi",
  "last_name": "Grad",
  "middle_name": "Lgholc",
  "pref_first_name": "Tj\u00e0p",
  "temporary": false,
  "title": null,
  "userid": "0ggg15"
 },
 "model": "coredata.person",
 "pk": 44
},
{
 "fields": {
  "config": "{\"gender\":\"M\",\"visa\":\"New CDN\",\"gpa\":0.75,\"citizen\":\"Canadian\"}",
  "emplid": 300000516,
  "first_name": "Nelph\u00f5i\u00e0",
  "last_name": "Grad",
  "middle_name": "Ufcznf",
  "pref_first_name": "Nelph\u00f5i\u00e0",
  "temporary": false,
  "title": null,
  "userid": "0ggg16"
 },
 "model": "coredata.person",
 "pk": 46
},
{
 "fields": {
  "config": "{\"gender\":\"F\",\"visa\":\"No Visa St\",\"gpa\":2.12,\"citizen\":\"Canadian\"}",
  "emplid": 300000517,
  "first_name": "Br\u00eaokxev",
  "last_name": "Grad",
  "middle_name": "Ll\u00fazu\u00e0",
  "pref_first_name": "Br\u00eao",
  "temporary": false,
  "title": null,
  "userid": "0ggg17"
 },
 "model": "coredata.person",
 "pk": 48
},
{
 "fields": {
  "config": "{\"gender\":\"U\",\"visa\":\"Unknown\",\"gpa\":0.7,\"citizen\":\"OtherCountrian\"}",
  "emplid": 300000518,
  "first_name": "Dl\u00e0\u00efnnre",
  "last_name": "Grad",
  "middle_name": "Hk\u00efclb",
  "pref_first_name": "Dl\u00e0\u00ef",
  "temporary": false,
  "title": null,
  "userid": "0ggg18"
 },
 "model": "coredata.person",
 "pk": 50
},
{
 "fields": {
  "config": "{\"gender\":\"F\",\"visa\":\"Visitor\",\"gpa\":2.85,\"citizen\":\"Canadian\"}",
  "emplid": 300000519,
  "first_name": "Uin\u00efawcy",
  "last_name": "Grad",
  "middle_name": "Agh\u00fasx",
  "pref_first_name": "Uin\u00ef",
  "temporary": false,
  "title": null,
  "userid": "0ggg19"
 },
 "model": "coredata.person",
 "pk": 52
},
{
 "fields": {
  "added_reason": "AUTO",
  "career": "NONS",
  "config": "{}",
  "credits": 0,
  "labtut_section": null,
  "offering": 18,
  "official_grade": null,
  "person": 7,
  "role": "INST"
 },
 "model": "coredata.member",
 "pk": 1
},
{
 "fields": {
  "added_reason": "AUTO",
  "career": "NONS",
  "config": "{}",
  "credits": 0,
  "labtut_section": null,
  "offering": 19,
  "official_grade": null,
  "person": 8,
  "role": "INST"
 },
 "model": "coredata.member",
 "pk": 2
},
{
 "fields": {
  "added_reason": "AUTO",
  "career": "NONS",
  "config": "{}",
  "credits": 0,
  "labtut_section": null,
  "offering": 20,
  "official_grade": null,
  "person": 7,
  "role": "INST"
 },
 "model": "coredata.member",
 "pk": 3
},
{
 "fields": {
  "added_reason": "AUTO",
  "career": "NONS",
  "config": "{}",
  "credits": 0,
  "labtut_section": null,
  "offering": 21,
  "official_grade": null,
  "person": 7,
  "role": "INST"
 },
 "model": "coredata.member",
 "pk": 4
},
{
 "fields": {
  "added_reason": "AUTO",
  "career": "NONS",
  "config": "{}",
  "credits": 0,
  "labtut_section": null,
  "offering": 22,
  "official_grade": null,
  "person": 7,
  "role": "INST"
 },
 "model": "coredata.member",
 "pk": 5
},
{
 "fields": {
  "added_reason": "AUTO",
  "career": "NONS",
  "config": "{}",
  "credits": 0,
  "labtut_section": null,
  "offering": 23,
  "official_grade": null,
  "person": 9,
  "role": "INST"
 },
 "model": "coredata.member",
 "pk": 6
},
{
 "fields": {
  "added_reason": "AUTO",
  "career": "NONS",
  "config": "{}",
  "credits": 0,
  "labtut_section": null,
  "offering": 10,
  "official_grade": null,
  "person": 4,
  "role": "INST"
 },
 "model": "coredata.member",
 "pk": 7
},
{
 "fields": {
  "added_reason": "AUTO",
  "career": "NONS",
  "config": "{}",
  "credits": 0,
  "labtut_section": null,
  "offering": 11,
  "official_grade": null,
  "person": 4,
  "role": "INST"
 },
 "model": "coredata.member",
 "pk": 8
},
{
 "fields": {
  "added_reason": "AUTO",
  "career": "NONS",
  "config": "{}",
  "credits": 0,
  "labtut_section": null,
  "offering": 12,
  "official_grade": null,
  "person": 8,
  "role": "INST"
 },
 "model": "coredata.member",
 "pk": 9
},
{
 "fields": {
  "added_reason": "AUTO",
  "career": "NONS",
  "config": "{}",
  "credits": 0,
  "labtut_section": null,
  "offering": 13,
  "official_grade": null,
  "person": 10,
  "role": "INST"
 },
 "model": "coredata.member",
 "pk": 10
},
{
 "fields": {
  "added_reason": "AUTO",
  "career": "NONS",
  "config": "{}",
  "credits": 0,
  "labtut_section": null,
  "offering": 14,
  "official_grade": null,
  "person": 10,
  "role": "INST"
 },
 "model": "coredata.member",
 "pk": 11
},
{
 "fields": {
  "added_reason": "AUTO",
  "career": "NONS",
  "config": "{}",
  "credits": 0,
  "labtut_section": null,
  "offering": 15,
  "official_grade": null,
  "person": 10,
  "role": "INST"
 },
 "model": "coredata.member",
 "pk": 12
},
{
 "fields": {
  "added_reason": "AUTO",
  "career": "NONS",
  "config": "{}",
  "credits": 0,
  "labtut_section": null,
  "offering": 16,
  "official_grade": null,
  "person": 9,
  "role": "INST"
 },
 "model": "coredata.member",
 "pk": 13
},
{
 "fields": {
  "added_reason": "AUTO",
  "career": "NONS",
  "config": "{}",
  "credits": 0,
  "labtut_section": null,
  "offering": 17,
  "official_grade": null,
  "person": 9,
  "role": "INST"
 },
 "model": "coredata.member",
 "pk": 14
},
{
 "fields": {
  "added_reason": "AUTO",
  "career": "NONS",
  "config": "{}",
  "credits": 0,
  "labtut_section": null,
  "offering": 9,
  "official_grade": null,
  "person": 11,
  "role": "INST"
 },
 "model": "coredata.member",
 "pk": 15
},
{
 "fields": {
  "added_reason": "AUTO",
  "career": "NONS",
  "config": "{}",
  "credits": 0,
  "labtut_section": null,
  "offering": 8,
  "official_grade": null,
  "person": 12,
  "role": "INST"
 },
 "model": "coredata.member",
 "pk": 16
},
{
 "fields": {
  "added_reason": "AUTO",
  "career": "NONS",
  "config": "{}",
  "credits": 0,
  "labtut_section": null,
  "offering": 1,
  "official_grade": null,
  "person": 1,
  "role": "INST"
 },
 "model": "coredata.member",
 "pk": 22
},
{
 "fields": {
  "added_reason": "AUTO",
  "career": "NONS",
  "config": "{}",
  "credits": 0,
  "labtut_section": null,
  "offering": 1,
  "official_grade": null,
  "person": 4,
  "role": "INST"
 },
 "model": "coredata.member",
 "pk": 17
},
{
 "fields": {
  "added_reason": "AUTO",
  "career": "NONS",
  "config": "{}",
  "credits": 0,
  "labtut_section": null,
  "offering": 1,
  "official_grade": null,
  "person": 14,
  "role": "TA"
 },
 "model": "coredata.member",
 "pk": 23
},
{
 "fields": {
  "added_reason": "AUTO",
  "career": "UGRD",
  "config": "{}",
  "credits": 3,
  "labtut_section": null,
  "offering": 1,
  "official_grade": null,
  "person": 13,
  "role": "STUD"
 },
 "model": "coredata.member",
 "pk": 24
},
{
 "fields": {
  "added_reason": "AUTO",
  "career": "UGRD",
  "config": "{}",
  "credits": 3,
  "labtut_section": null,
  "offering": 1,
  "official_grade": null,
  "person": 15,
  "role": "STUD"
 },
 "model": "coredata.member",
 "pk": 25
},
{
 "fields": {
  "added_reason": "AUTO",
  "career": "NONS",
  "config": "{}",
  "credits": 0,
  "labtut_section": null,
  "offering": 2,
  "official_grade": null,
  "person": 8,
  "role": "INST"
 },
 "model": "coredata.member",
 "pk": 18
},
{
 "fields": {
  "added_reason": "AUTO",
  "career": "NONS",
  "config": "{}",
  "credits": 0,
  "labtut_section": null,
  "offering": 3,
  "official_grade": null,
  "person": 7,
  "role": "INST"
 },
 "model": "coredata.member",
 "pk": 19
},
{
 "fields": {
  "added_reason": "AUTO",
  "career": "NONS",
  "config": "{}",
  "credits": 0,
  "labtut_section": null,
  "offering": 4,
  "official_grade": null,
  "person": 7,
  "role": "INST"
 },
 "model": "coredata.member",
 "pk": 20
},
{
 "fields": {
  "added_reason": "AUTO",
  "career": "NONS",
  "config": "{}",
  "credits": 0,
  "labtut_section": null,
  "offering": 7,
  "official_grade": null,
  "person": 7,
  "role": "INST"
 },
 "model": "coredata.member",
 "pk": 21
},
{
 "fields": {
  "config": "{}",
  "person": 5,
  "role": "ADVS",
  "unit": 5
 },
 "model": "coredata.role",
 "pk": 2
},
{
 "fields": {
  "config": "{}",
  "person": 5,
  "role": "ADMN",
  "unit": 5
 },
 "model": "coredata.role",
 "pk": 3
},
{
 "fields": {
  "config": "{}",
  "person": 6,
  "role": "SYSA",
  "unit": 1
 },
 "model": "coredata.role",
 "pk": 4
},
{
 "fields": {
  "config": "{}",
  "person": 5,
  "role": "INV",
  "unit": 5
 },
 "model": "coredata.role",
 "pk": 5
},
{
 "fields": {
  "config": "{}",
  "person": 5,
  "role": "OUTR",
  "unit": 5
 },
 "model": "coredata.role",
 "pk": 6
},
{
 "fields": {
  "config": "{}",
  "deleted": false,
  "due_date": "2016-07-08T00:00:00",
  "group": false,
  "name": "Assignmen\u021b 1",
  "offering": 1,
  "percent": "10.00",
  "position": 1,
  "short_name": "A1",
  "slug": "a1",
  "status": "URLS"
 },
 "model": "grades.activity",
 "pk": 1
},
{
 "fields": {
  "max_grade": 10
 },
 "model": "grades.numericactivity",
 "pk": 1
}
]
