[
{
 "fields": {
  "config": "{}",
  "number": "001",
  "slug": "cmpt-001",
  "subject": "CMPT",
  "title": "The On Switch"
 },
 "model": "coredata.course",
 "pk": 7
},
{
 "fields": {
  "config": "{}",
  "number": "120",
  "slug": "cmpt-120",
  "subject": "CMPT",
  "title": "Intro to CS and Progr I"
 },
 "model": "coredata.course",
 "pk": 1
},
{
 "fields": {
  "config": "{}",
  "number": "125",
  "slug": "cmpt-125",
  "subject": "CMPT",
  "title": "Intro to CS and Progr II"
 },
 "model": "coredata.course",
 "pk": 2
},
{
 "fields": {
  "config": "{}",
  "number": "140",
  "slug": "cmpt-140",
  "subject": "CMPT",
  "title": "Introductory Computering"
 },
 "model": "coredata.course",
 "pk": 3
},
{
 "fields": {
  "config": "{}",
  "number": "145",
  "slug": "cmpt-145",
  "subject": "CMPT",
  "title": "Intro Advanced Computering"
 },
 "model": "coredata.course",
 "pk": 4
},
{
 "fields": {
  "config": "{}",
  "number": "199",
  "slug": "cmpt-199",
  "subject": "CMPT",
  "title": "Secondary System Studies"
 },
 "model": "coredata.course",
 "pk": 5
},
{
 "fields": {
  "config": "{}",
  "number": "299",
  "slug": "cmpt-299",
  "subject": "CMPT",
  "title": "Tertiary Systems Studies"
 },
 "model": "coredata.course",
 "pk": 6
},
{
 "fields": {
  "config": "{}",
  "number": "302",
  "slug": "cmpt-302",
  "subject": "CMPT",
  "title": "Specialized Computer Stuff"
 },
 "model": "coredata.course",
 "pk": 8
},
{
 "fields": {
  "config": "{}",
  "number": "303",
  "slug": "cmpt-303",
  "subject": "CMPT",
  "title": "Different Computer Stuff"
 },
 "model": "coredata.course",
 "pk": 9
},
{
 "fields": {
  "config": "{}",
  "number": "407",
  "slug": "cmpt-407",
  "subject": "CMPT",
  "title": "Extremely Spec Computer Stuff"
 },
 "model": "coredata.course",
 "pk": 10
},
{
 "fields": {
  "config": "{}",
  "number": "499",
  "slug": "cmpt-499",
  "subject": "CMPT",
  "title": "Intro To Funny Course Titles"
 },
 "model": "coredata.course",
 "pk": 11
},
{
 "fields": {
  "campus": "BRNBY",
  "class_nbr": 12352,
  "component": "LEC",
  "config": "{}",
  "course": 7,
  "crse_id": 1241,
  "enrl_cap": 150,
  "enrl_tot": 0,
  "flags": "0",
  "graded": true,
  "instr_mode": "P",
  "number": "001",
  "owner": 5,
  "section": "D100",
  "semester": 33,
  "slug": "2026fa-cmpt-001-d1",
  "subject": "CMPT",
  "title": "The On Switch",
  "units": 3,
  "wait_tot": 0
 },
 "model": "coredata.courseoffering",
 "pk": 7
},
{
 "fields": {
  "campus": "BRNBY",
  "class_nbr": 12345,
  "component": "LEC",
  "config": "{\n    \"labtut\": true,\n    \"discussion\": true,\n    \"url\": \"http://www.cs.sfu.ca/\",\n    \"taemail\": \"contact-list@example.com\"\n}",
  "course": 1,
  "crse_id": 1234,
  "enrl_cap": 150,
  "enrl_tot": 20,
  "flags": "0",
  "graded": true,
  "instr_mode": "P",
  "number": "120",
  "owner": 5,
  "section": "D100",
  "semester": 33,
  "slug": "2026fa-cmpt-120-d1",
  "subject": "CMPT",
  "title": "Intro to CS and Progr I",
  "units": 3,
  "wait_tot": 0
 },
 "model": "coredata.courseoffering",
 "pk": 1
},
{
 "fields": {
  "campus": "BRNBY",
  "class_nbr": 12347,
  "component": "LEC",
  "config": "{}",
  "course": 2,
  "crse_id": 1236,
  "enrl_cap": 150,
  "enrl_tot": 0,
  "flags": "0",
  "graded": true,
  "instr_mode": "P",
  "number": "125",
  "owner": 5,
  "section": "D100",
  "semester": 33,
  "slug": "2026fa-cmpt-125-d1",
  "subject": "CMPT",
  "title": "Intro to CS and Progr II",
  "units": 3,
  "wait_tot": 0
 },
 "model": "coredata.courseoffering",
 "pk": 2
},
{
 "fields": {
  "campus": "BRNBY",
  "class_nbr": 12348,
  "component": "LEC",
  "config": "{}",
  "course": 3,
  "crse_id": 1237,
  "enrl_cap": 150,
  "enrl_tot": 0,
  "flags": "0",
  "graded": true,
  "instr_mode": "P",
  "number": "140",
  "owner": 5,
  "section": "D100",
  "semester": 33,
  "slug": "2026fa-cmpt-140-d1",
  "subject": "CMPT",
  "title": "Introductory Computering",
  "units": 3,
  "wait_tot": 0
 },
 "model": "coredata.courseoffering",
 "pk": 3
},
{
 "fields": {
  "campus": "BRNBY",
  "class_nbr": 12349,
  "component": "LEC",
  "config": "{}",
  "course": 4,
  "crse_id": 1238,
  "enrl_cap": 150,
  "enrl_tot": 0,
  "flags": "0",
  "graded": true,
  "instr_mode": "P",
  "number": "145",
  "owner": 5,
  "section": "D100",
  "semester": 33,
  "slug": "2026fa-cmpt-145-d1",
  "subject": "CMPT",
  "title": "Intro Advanced Computering",
  "units": 3,
  "wait_tot": 0
 },
 "model": "coredata.courseoffering",
 "pk": 4
},
{
 "fields": {
  "campus": "BRNBY",
  "class_nbr": 12350,
  "component": "LEC",
  "config": "{}",
  "course": 5,
  "crse_id": 1239,
  "enrl_cap": 150,
  "enrl_tot": 0,
  "flags": "0",
  "graded": true,
  "instr_mode": "P",
  "number": "199",
  "owner": 5,
  "section": "D100",
  "semester": 33,
  "slug": "2026fa-cmpt-199-d1",
  "subject": "CMPT",
  "title": "Secondary System Studies",
  "units": 3,
  "wait_tot": 0
 },
 "model": "coredata.courseoffering",
 "pk": 5
},
{
 "fields": {
  "campus": "BRNBY",
  "class_nbr": 12351,
  "component": "LEC",
  "config": "{}",
  "course": 6,
  "crse_id": 1240,
  "enrl_cap": 150,
  "enrl_tot": 0,
  "flags": "0",
  "graded": true,
  "instr_mode": "P",
  "number": "299",
  "owner": 5,
  "section": "D100",
  "semester": 33,
  "slug": "2026fa-cmpt-299-d1",
  "subject": "CMPT",
  "title": "Tertiary Systems Studies",
  "units": 3,
  "wait_tot": 0
 },
 "model": "coredata.courseoffering",
 "pk": 6
},
{
 "fields": {
  "campus": "BRNBY",
  "class_nbr": 12353,
  "component": "LEC",
  "config": "{}",
  "course": 8,
  "crse_id": 1242,
  "enrl_cap": 150,
  "enrl_tot": 0,
  "flags": "0",
  "graded": true,
  "instr_mode": "P",
  "number": "302",
  "owner": 5,
  "section": "D100",
  "semester": 33,
  "slug": "2026fa-cmpt-302-d1",
  "subject": "CMPT",
  "title": "Specialized Computer Stuff",
  "units": 3,
  "wait_tot": 0
 },
 "model": "coredata.courseoffering",
 "pk": 8
},
{
 "fields": {
  "campus": "BRNBY",
  "class_nbr": 12354,
  "component": "LEC",
  "config": "{}",
  "course": 9,
  "crse_id": 1243,
  "enrl_cap": 150,
  "enrl_tot": 0,
  "flags": "0",
  "graded": true,
  "instr_mode": "P",
  "number": "303",
  "owner": 5,
  "section": "D100",
  "semester": 33,
  "slug": "2026fa-cmpt-303-d1",
  "subject": "CMPT",
  "title": "Different Computer Stuff",
  "units": 3,
  "wait_tot": 0
 },
 "model": "coredata.courseoffering",
 "pk": 9
},
{
 "fields": {
  "campus": "BRNBY",
  "class_nbr": 12355,
  "component": "LEC",
  "config": "{}",
  "course": 10,
  "crse_id": 1244,
  "enrl_cap": 150,
  "enrl_tot": 0,
  "flags": "0",
  "graded": true,
  "instr_mode": "P",
  "number": "407",
  "owner": 5,
  "section": "D100",
  "semester": 33,
  "slug": "2026fa-cmpt-407-d1",
  "subject": "CMPT",
  "title": "Extremely Spec Computer Stuff",
  "units": 3,
  "wait_tot": 0
 },
 "model": "coredata.courseoffering",
 "pk": 10
},
{
 "fields": {
  "campus": "BRNBY",
  "class_nbr": 12356,
  "component": "LEC",
  "config": "{}",
  "course": 11,
  "crse_id": 1245,
  "enrl_cap": 150,
  "enrl_tot": 0,
  "flags": "0",
  "graded": true,
  "instr_mode": "P",
  "number": "499",
  "owner": 5,
  "section": "D100",
  "semester": 33,
  "slug": "2026fa-cmpt-499-d1",
  "subject": "CMPT",
  "title": "Intro To Funny Course Titles",
  "units": 3,
  "wait_tot": 0
 },
 "model": "coredata.courseoffering",
 "pk": 11
},
{
 "fields": {
  "config": "{}",
  "emplid": 200000001,
  "first_name": "Greġ",
  "last_name": "Baκer",
  "middle_name": null,
  "pref_first_name": "Greġ",
  "temporary": false,
  "title": null,
  "userid": "ggbaker"
 },
 "model": "coredata.person",
 "pk": 1
},
{
 "fields": {
  "config": "{}",
  "emplid": 200000004,
  "first_name": "Phil",
  "last_name": "Boutrol",
  "middle_name": null,
  "pref_first_name": "Phil",
  "temporary": false,
  "title": null,
  "userid": "pba7"
 },
 "model": "coredata.person",
 "pk": 44
},
{
 "fields": {
  "config": "{}",
  "emplid": 200000002,
  "first_name": "Tony",
  "last_name": "Dixon",
  "middle_name": null,
  "pref_first_name": "Tony",
  "temporary": false,
  "title": null,
  "userid": "dixon"
 },
 "model": "coredata.person",
 "pk": 42
},
{
 "fields": {
  "config": "{\n    \"gender\": \"X\",\n    \"gpa\": 1.48,\n    \"visa\": \"Unknown\",\n    \"citizen\": \"Canadian\"\n}",
  "emplid": 300000501,
  "first_name": "Arõêjxtp",
  "last_name": "Grad",
  "middle_name": "Ddgrvï",
  "pref_first_name": null,
  "temporary": false,
  "title": null,
  "userid": "0ggg1"
 },
 "model": "coredata.person",
 "pk": 5
},
{
 "fields": {
  "config": "{\n    \"gender\": \"F\",\n    \"gpa\": 2.38,\n    \"visa\": \"Unknown\",\n    \"citizen\": \"OtherCountrian\"\n}",
  "emplid": 300000517,
  "first_name": "Bvkgjmkú",
  "last_name": "Grad",
  "middle_name": "Olkxvh",
  "pref_first_name": null,
  "temporary": false,
  "title": null,
  "userid": "0ggg17"
 },
 "model": "coredata.person",
 "pk": 37
},
{
 "fields": {
  "config": "{\n    \"gender\": \"M\",\n    \"gpa\": 1.89,\n    \"visa\": \"Live-in Ca\",\n    \"citizen\": \"Canadian\"\n}",
  "emplid": 300000514,
  "first_name": "Eïbusosi",
  "last_name": "Grad",
  "middle_name": "Aphowê",
  "pref_first_name": null,
  "temporary": false,
  "title": null,
  "userid": "0ggg14"
 },
 "model": "coredata.person",
 "pk": 31
},
{
 "fields": {
  "config": "{\n    \"gender\": \"U\",\n    \"gpa\": 2.34,\n    \"visa\": \"Student\",\n    \"citizen\": \"OtherCountrian\"\n}",
  "emplid": 300000516,
  "first_name": "Fnhvgvàd",
  "last_name": "Grad",
  "middle_name": "Pwllvi",
  "pref_first_name": null,
  "temporary": false,
  "title": null,
  "userid": "0ggg16"
 },
 "model": "coredata.person",
 "pk": 35
},
{
 "fields": {
  "config": "{\n    \"gender\": \"F\",\n    \"gpa\": 2.85,\n    \"visa\": \"Conv Refug\",\n    \"citizen\": \"OtherCountrian\"\n}",
  "emplid": 300000504,
  "first_name": "Iibejaqk",
  "last_name": "Grad",
  "middle_name": "Gcúmfà",
  "pref_first_name": null,
  "temporary": false,
  "title": null,
  "userid": "0ggg4"
 },
 "model": "coredata.person",
 "pk": 11
},
{
 "fields": {
  "config": "{\n    \"gender\": \"F\",\n    \"gpa\": 3.26,\n    \"visa\": \"Min Permit\",\n    \"citizen\": \"Canadian\"\n}",
  "emplid": 300000506,
  "first_name": "Jaêàújno",
  "last_name": "Grad",
  "middle_name": "Bhkkuu",
  "pref_first_name": null,
  "temporary": false,
  "title": null,
  "userid": "0ggg6"
 },
 "model": "coredata.person",
 "pk": 15
},
{
 "fields": {
  "config": "{\n    \"gender\": \"F\",\n    \"gpa\": 1.34,\n    \"visa\": \"Unknown\",\n    \"citizen\": \"OtherCountrian\"\n}",
  "emplid": 300000509,
  "first_name": "Kmfbxptx",
  "last_name": "Grad",
  "middle_name": "Zïbqúê",
  "pref_first_name": null,
  "temporary": false,
  "title": null,
  "userid": "0ggg9"
 },
 "model": "coredata.person",
 "pk": 21
},
{
 "fields": {
  "config": "{\n    \"gender\": \"U\",\n    \"gpa\": 1.84,\n    \"visa\": \"New CDN\",\n    \"citizen\": \"Canadian\"\n}",
  "emplid": 300000507,
  "first_name": "Kàbzêoõc",
  "last_name": "Grad",
  "middle_name": "Upsúêm",
  "pref_first_name": null,
  "temporary": false,
  "title": null,
  "userid": "0ggg7"
 },
 "model": "coredata.person",
 "pk": 17
},
{
 "fields": {
  "config": "{\n    \"gender\": \"M\",\n    \"gpa\": 1.41,\n    \"visa\": \"Refugee\",\n    \"citizen\": \"Canadian\"\n}",
  "emplid": 300000513,
  "first_name": "Mucbxjdi",
  "last_name": "Grad",
  "middle_name": "Lvzzïê",
  "pref_first_name": null,
  "temporary": false,
  "title": null,
  "userid": "0ggg13"
 },
 "model": "coredata.person",
 "pk": 29
},
{
 "fields": {
  "config": "{\n    \"gender\": \"F\",\n    \"gpa\": 2.01,\n    \"visa\": \"Unknown\",\n    \"citizen\": \"OtherCountrian\"\n}",
  "emplid": 300000510,
  "first_name": "Oiúàeàor",
  "last_name": "Grad",
  "middle_name": "Eknvqq",
  "pref_first_name": null,
  "temporary": false,
  "title": null,
  "userid": "0ggg10"
 },
 "model": "coredata.person",
 "pk": 23
},
{
 "fields": {
  "config": "{\n    \"gender\": \"F\",\n    \"gpa\": 1.98,\n    \"visa\": \"Live-in Ca\",\n    \"citizen\": \"OtherCountrian\"\n}",
  "emplid": 300000508,
  "first_name": "Pjàêuênx",
  "last_name": "Grad",
  "middle_name": "Yqdzhz",
  "pref_first_name": null,
  "temporary": false,
  "title": null,
  "userid": "0ggg8"
 },
 "model": "coredata.person",
 "pk": 19
},
{
 "fields": {
  "config": "{\n    \"gender\": \"F\",\n    \"gpa\": 2.29,\n    \"visa\": \"Unknown\",\n    \"citizen\": \"OtherCountrian\"\n}",
  "emplid": 300000518,
  "first_name": "Pncieasõ",
  "last_name": "Grad",
  "middle_name": "Ckõoyd",
  "pref_first_name": null,
  "temporary": false,
  "title": null,
  "userid": "0ggg18"
 },
 "model": "coredata.person",
 "pk": 39
},
{
 "fields": {
  "config": "{\n    \"gender\": \"M\",\n    \"gpa\": 2.71,\n    \"visa\": \"Other\",\n    \"citizen\": \"OtherCountrian\"\n}",
  "emplid": 300000511,
  "first_name": "Qnekjkpm",
  "last_name": "Grad",
  "middle_name": "Btõrrj",
  "pref_first_name": null,
  "temporary": false,
  "title": null,
  "userid": "0ggg11"
 },
 "model": "coredata.person",
 "pk": 25
},
{
 "fields": {
  "config": "{\n    \"gender\": \"U\",\n    \"gpa\": 1.68,\n    \"visa\": \"Unknown\",\n    \"citizen\": \"OtherCountrian\"\n}",
  "emplid": 300000519,
  "first_name": "Rxwpqqàx",
  "last_name": "Grad",
  "middle_name": "Mhlcnv",
  "pref_first_name": null,
  "temporary": false,
  "title": null,
  "userid": "0ggg19"
 },
 "model": "coredata.person",
 "pk": 41
},
{
 "fields": {
  "config": "{\n    \"gender\": \"U\",\n    \"gpa\": 2.91,\n    \"visa\": \"Perm Resid\",\n    \"citizen\": \"OtherCountrian\"\n}",
  "emplid": 300000512,
  "first_name": "Varzdqgz",
  "last_name": "Grad",
  "middle_name": "Vlxõrz",
  "pref_first_name": null,
  "temporary": false,
  "title": null,
  "userid": "0ggg12"
 },
 "model": "coredata.person",
 "pk": 27
},
{
 "fields": {
  "config": "{\n    \"gender\": \"U\",\n    \"gpa\": 2.57,\n    \"visa\": \"Perm Resid\",\n    \"citizen\": \"Canadian\"\n}",
  "emplid": 300000503,
  "first_name": "Vpaazchx",
  "last_name": "Grad",
  "middle_name": "Phwsxz",
  "pref_first_name": null,
  "temporary": false,
  "title": null,
  "userid": "0ggg3"
 },
 "model": "coredata.person",
 "pk": 9
},
{
 "fields": {
  "config": "{\n    \"gender\": \"M\",\n    \"gpa\": 2.33,\n    \"visa\": \"Conv Refug\",\n    \"citizen\": \"OtherCountrian\"\n}",
  "emplid": 300000500,
  "first_name": "Xaatfwez",
  "last_name": "Grad",
  "middle_name": "Wpnkse",
  "pref_first_name": null,
  "temporary": false,
  "title": null,
  "userid": "0ggg0"
 },
 "model": "coredata.person",
 "pk": 3
},
{
 "fields": {
  "config": "{\n    \"gender\": \"U\",\n    \"gpa\": 0.85,\n    \"visa\": \"No Visa St\",\n    \"citizen\": \"Canadian\"\n}",
  "emplid": 300000505,
  "first_name": "Xjawjsuà",
  "last_name": "Grad",
  "middle_name": "Qàgihú",
  "pref_first_name": null,
  "temporary": false,
  "title": null,
  "userid": "0ggg5"
 },
 "model": "coredata.person",
 "pk": 13
},
{
 "fields": {
  "config": "{\n    \"gender\": \"U\",\n    \"gpa\": 2.82,\n    \"visa\": \"Unknown\",\n    \"citizen\": \"OtherCountrian\"\n}",
  "emplid": 300000515,
  "first_name": "Yyrdïluj",
  "last_name": "Grad",
  "middle_name": "Juawni",
  "pref_first_name": null,
  "temporary": false,
  "title": null,
  "userid": "0ggg15"
 },
 "model": "coredata.person",
 "pk": 33
},
{
 "fields": {
  "config": "{\n    \"gender\": \"X\",\n    \"gpa\": 3.14,\n    \"visa\": \"No Visa St\",\n    \"citizen\": \"Canadian\"\n}",
  "emplid": 300000502,
  "first_name": "Zuybjtqï",
  "last_name": "Grad",
  "middle_name": "Sgoudú",
  "pref_first_name": null,
  "temporary": false,
  "title": null,
  "userid": "0ggg2"
 },
 "model": "coredata.person",
 "pk": 7
},
{
 "fields": {
  "config": "{}",
  "emplid": 300000303,
  "first_name": "Auplõïwt",
  "last_name": "Student",
  "middle_name": "Wqmgïv",
  "pref_first_name": null,
  "temporary": false,
  "title": null,
  "userid": "0aaa3"
 },
 "model": "coredata.person",
 "pk": 8
},
{
 "fields": {
  "config": "{}",
  "emplid": 300000310,
  "first_name": "Aïrnhymn",
  "last_name": "Student",
  "middle_name": "Sfaaqw",
  "pref_first_name": null,
  "temporary": false,
  "title": null,
  "userid": "0aaa10"
 },
 "model": "coredata.person",
 "pk": 22
},
{
 "fields": {
  "config": "{}",
  "emplid": 300000306,
  "first_name": "Bioakêok",
  "last_name": "Student",
  "middle_name": "Gfcsõt",
  "pref_first_name": null,
  "temporary": false,
  "title": null,
  "userid": "0aaa6"
 },
 "model": "coredata.person",
 "pk": 14
},
{
 "fields": {
  "config": "{}",
  "emplid": 300000318,
  "first_name": "Bulxsqúd",
  "last_name": "Student",
  "middle_name": "Ufsjdp",
  "pref_first_name": null,
  "temporary": false,
  "title": null,
  "userid": "0aaa18"
 },
 "model": "coredata.person",
 "pk": 38
},
{
 "fields": {
  "config": "{}",
  "emplid": 300000319,
  "first_name": "Gcsjgmal",
  "last_name": "Student",
  "middle_name": "Jcoúbe",
  "pref_first_name": null,
  "temporary": false,
  "title": null,
  "userid": "0aaa19"
 },
 "model": "coredata.person",
 "pk": 40
},
{
 "fields": {
  "config": "{}",
  "emplid": 300000313,
  "first_name": "Ifààvkcq",
  "last_name": "Student",
  "middle_name": "Xbàzgs",
  "pref_first_name": null,
  "temporary": false,
  "title": null,
  "userid": "0aaa13"
 },
 "model": "coredata.person",
 "pk": 28
},
{
 "fields": {
  "config": "{}",
  "emplid": 300000308,
  "first_name": "Jkihúlhx",
  "last_name": "Student",
  "middle_name": "Pzttef",
  "pref_first_name": null,
  "temporary": false,
  "title": null,
  "userid": "0aaa8"
 },
 "model": "coredata.person",
 "pk": 18
},
{
 "fields": {
  "config": "{}",
  "emplid": 300000300,
  "first_name": "Jspúxnvà",
  "last_name": "Student",
  "middle_name": "Rkbïss",
  "pref_first_name": null,
  "temporary": false,
  "title": null,
  "userid": "0aaa0"
 },
 "model": "coredata.person",
 "pk": 2
},
{
 "fields": {
  "config": "{}",
  "emplid": 300000304,
  "first_name": "Jzdúydvj",
  "last_name": "Student",
  "middle_name": "Zsswcz",
  "pref_first_name": null,
  "temporary": false,
  "title": null,
  "userid": "0aaa4"
 },
 "model": "coredata.person",
 "pk": 10
},
{
 "fields": {
  "config": "{}",
  "emplid": 300000317,
  "first_name": "Ncfêxàwy",
  "last_name": "Student",
  "middle_name": "Dtpêoà",
  "pref_first_name": null,
  "temporary": false,
  "title": null,
  "userid": "0aaa17"
 },
 "model": "coredata.person",
 "pk": 36
},
{
 "fields": {
  "config": "{}",
  "emplid": 300000316,
  "first_name": "Neqgdmàr",
  "last_name": "Student",
  "middle_name": "Jmppye",
  "pref_first_name": null,
  "temporary": false,
  "title": null,
  "userid": "0aaa16"
 },
 "model": "coredata.person",
 "pk": 34
},
{
 "fields": {
  "config": "{}",
  "emplid": 300000305,
  "first_name": "Oeaacïjf",
  "last_name": "Student",
  "middle_name": "Xõrpúc",
  "pref_first_name": null,
  "temporary": false,
  "title": null,
  "userid": "0aaa5"
 },
 "model": "coredata.person",
 "pk": 12
},
{
 "fields": {
  "config": "{}",
  "emplid": 300000314,
  "first_name": "Qlhrwurd",
  "last_name": "Student",
  "middle_name": "Bfõxif",
  "pref_first_name": null,
  "temporary": false,
  "title": null,
  "userid": "0aaa14"
 },
 "model": "coredata.person",
 "pk": 30
},
{
 "fields": {
  "config": "{}",
  "emplid": 300000311,
  "first_name": "Srcgxoià",
  "last_name": "Student",
  "middle_name": "Zmeoúr",
  "pref_first_name": null,
  "temporary": false,
  "title": null,
  "userid": "0aaa11"
 },
 "model": "coredata.person",
 "pk": 24
},
{
 "fields": {
  "config": "{}",
  "emplid": 300000301,
  "first_name": "Ukuqweàv",
  "last_name": "Student",
  "middle_name": "Ddzeïõ",
  "pref_first_name": null,
  "temporary": false,
  "title": null,
  "userid": "0aaa1"
 },
 "model": "coredata.person",
 "pk": 4
},
{
 "fields": {
  "config": "{}",
  "emplid": 300000309,
  "first_name": "Yjujeïúb",
  "last_name": "Student",
  "middle_name": "Zqqwvg",
  "pref_first_name": null,
  "temporary": false,
  "title": null,
  "userid": "0aaa9"
 },
 "model": "coredata.person",
 "pk": 20
},
{
 "fields": {
  "config": "{}",
  "emplid": 300000312,
  "first_name": "Yjzqrêyà",
  "last_name": "Student",
  "middle_name": "Ijrlbb",
  "pref_first_name": null,
  "temporary": false,
  "title": null,
  "userid": "0aaa12"
 },
 "model": "coredata.person",
 "pk": 26
},
{
 "fields": {
  "config": "{}",
  "emplid": 300000302,
  "first_name": "Yopqjunt",
  "last_name": "Student",
  "middle_name": "Ogfïep",
  "pref_first_name": null,
  "temporary": false,
  "title": null,
  "userid": "0aaa2"
 },
 "model": "coredata.person",
 "pk": 6
},
{
 "fields": {
  "config": "{}",
  "emplid": 300000315,
  "first_name": "Yykpbmsõ",
  "last_name": "Student",
  "middle_name": "Nyzatk",
  "pref_first_name": null,
  "temporary": false,
  "title": null,
  "userid": "0aaa15"
 },
 "model": "coredata.person",
 "pk": 32
},
{
 "fields": {
  "config": "{}",
  "emplid": 300000307,
  "first_name": "Zõïzïeqg",
  "last_name": "Student",
  "middle_name": "Fcxqyï",
  "pref_first_name": null,
  "temporary": false,
  "title": null,
  "userid": "0aaa7"
 },
 "model": "coredata.person",
 "pk": 16
},
{
 "fields": {
  "config": "{\n    \"privacy_signed\": true,\n    \"privacy_date\": \"2026-01-30\",\n    \"privacy_version\": 1,\n    \"privacy_da_signed\": true,\n    \"privacy_da_date\": \"2026-01-30\",\n    \"privacy_da_version\": 1\n}",
  "emplid": 200000003,
  "first_name": "Danyu",
  "last_name": "Zhao",
  "middle_name": null,
  "pref_first_name": "Danyu",
  "temporary": false,
  "title": null,
  "userid": "dzhao"
 },
 "model": "coredata.person",
 "pk": 43
},
{
 "fields": {
  "config": "{}",
  "expiry": "2036-01-28",
  "person": 43,
  "role": "ADVS",
  "unit": 5
 },
 "model": "coredata.role",
 "pk": 1
},
{
 "fields": {
  "config": "{}",
  "expiry": "2036-01-28",
  "person": 43,
  "role": "ADMN",
  "unit": 5
 },
 "model": "coredata.role",
 "pk": 2
},
{
 "fields": {
  "config": "{}",
  "expiry": "2036-01-28",
  "person": 43,
  "role": "INV",
  "unit": 5
 },
 "model": "coredata.role",
 "pk": 3
},
{
 "fields": {
  "config": "{}",
  "expiry": "2036-01-28",
  "person": 43,
  "role": "OUTR",
  "unit": 5
 },
 "model": "coredata.role",
 "pk": 4
},
{
 "fields": {
  "config": "{}",
  "expiry": "2036-01-28",
  "person": 43,
  "role": "SPAC",
  "unit": 5
 },
 "model": "coredata.role",
 "pk": 5
},
{
 "fields": {
  "config": "{}",
  "expiry": "2036-01-28",
  "person": 44,
  "role": "SYSA",
  "unit": 1
 },
 "model": "coredata.role",
 "pk": 6
},
{
 "fields": {
  "config": "{}",
  "expiry": "2036-01-28",
  "person": 1,
  "role": "SYSA",
  "unit": 1
 },
 "model": "coredata.role",
 "pk": 7
},
{
 "fields": {
  "key": "photo-agreement",
  "user": 43,
  "value": "{\n    \"agree\": true\n}"
 },
 "model": "dashboard.userconfig",
 "pk": 1
},
{
 "fields": {
  "added_reason": "",
  "career": "",
  "config": "{}",
  "credits": 3,
  "labtut_section": null,
  "offering": 1,
  "official_grade": null,
  "person": 1,
  "role": "INST"
 },
 "model": "coredata.member",
 "pk": 21
},
{
 "fields": {
  "added_reason": "",
  "career": "",
  "config": "{}",
  "credits": 3,
  "labtut_section": null,
  "offering": 1,
  "official_grade": null,
  "person": 3,
  "role": "TA"
 },
 "model": "coredata.member",
 "pk": 22
},
{
 "fields": {
  "added_reason": "",
  "career": "",
  "config": "{}",
  "credits": 3,
  "labtut_section": null,
  "offering": 1,
  "official_grade": null,
  "person": 8,
  "role": "STUD"
 },
 "model": "coredata.member",
 "pk": 4
},
{
 "fields": {
  "added_reason": "",
  "career": "",
  "config": "{}",
  "credits": 3,
  "labtut_section": null,
  "offering": 1,
  "official_grade": null,
  "person": 22,
  "role": "STUD"
 },
 "model": "coredata.member",
 "pk": 11
},
{
 "fields": {
  "added_reason": "",
  "career": "",
  "config": "{}",
  "credits": 3,
  "labtut_section": null,
  "offering": 1,
  "official_grade": null,
  "person": 14,
  "role": "STUD"
 },
 "model": "coredata.member",
 "pk": 7
},
{
 "fields": {
  "added_reason": "",
  "career": "",
  "config": "{}",
  "credits": 3,
  "labtut_section": null,
  "offering": 1,
  "official_grade": null,
  "person": 38,
  "role": "STUD"
 },
 "model": "coredata.member",
 "pk": 19
},
{
 "fields": {
  "added_reason": "",
  "career": "",
  "config": "{}",
  "credits": 3,
  "labtut_section": null,
  "offering": 1,
  "official_grade": null,
  "person": 40,
  "role": "STUD"
 },
 "model": "coredata.member",
 "pk": 20
},
{
 "fields": {
  "added_reason": "",
  "career": "",
  "config": "{}",
  "credits": 3,
  "labtut_section": null,
  "offering": 1,
  "official_grade": null,
  "person": 28,
  "role": "STUD"
 },
 "model": "coredata.member",
 "pk": 14
},
{
 "fields": {
  "added_reason": "",
  "career": "",
  "config": "{}",
  "credits": 3,
  "labtut_section": null,
  "offering": 1,
  "official_grade": null,
  "person": 18,
  "role": "STUD"
 },
 "model": "coredata.member",
 "pk": 9
},
{
 "fields": {
  "added_reason": "",
  "career": "",
  "config": "{}",
  "credits": 3,
  "labtut_section": null,
  "offering": 1,
  "official_grade": null,
  "person": 2,
  "role": "STUD"
 },
 "model": "coredata.member",
 "pk": 1
},
{
 "fields": {
  "added_reason": "",
  "career": "",
  "config": "{}",
  "credits": 3,
  "labtut_section": null,
  "offering": 1,
  "official_grade": null,
  "person": 10,
  "role": "STUD"
 },
 "model": "coredata.member",
 "pk": 5
},
{
 "fields": {
  "added_reason": "",
  "career": "",
  "config": "{}",
  "credits": 3,
  "labtut_section": null,
  "offering": 1,
  "official_grade": null,
  "person": 36,
  "role": "STUD"
 },
 "model": "coredata.member",
 "pk": 18
},
{
 "fields": {
  "added_reason": "",
  "career": "",
  "config": "{}",
  "credits": 3,
  "labtut_section": null,
  "offering": 1,
  "official_grade": null,
  "person": 34,
  "role": "STUD"
 },
 "model": "coredata.member",
 "pk": 17
},
{
 "fields": {
  "added_reason": "",
  "career": "",
  "config": "{}",
  "credits": 3,
  "labtut_section": null,
  "offering": 1,
  "official_grade": null,
  "person": 12,
  "role": "STUD"
 },
 "model": "coredata.member",
 "pk": 6
},
{
 "fields": {
  "added_reason": "",
  "career": "",
  "config": "{}",
  "credits": 3,
  "labtut_section": null,
  "offering": 1,
  "official_grade": null,
  "person": 30,
  "role": "STUD"
 },
 "model": "coredata.member",
 "pk": 15
},
{
 "fields": {
  "added_reason": "",
  "career": "",
  "config": "{}",
  "credits": 3,
  "labtut_section": null,
  "offering": 1,
  "official_grade": null,
  "person": 24,
  "role": "STUD"
 },
 "model": "coredata.member",
 "pk": 12
},
{
 "fields": {
  "added_reason": "",
  "career": "",
  "config": "{}",
  "credits": 3,
  "labtut_section": null,
  "offering": 1,
  "official_grade": null,
  "person": 4,
  "role": "STUD"
 },
 "model": "coredata.member",
 "pk": 2
},
{
 "fields": {
  "added_reason": "",
  "career": "",
  "config": "{}",
  "credits": 3,
  "labtut_section": null,
  "offering": 1,
  "official_grade": null,
  "person": 20,
  "role": "STUD"
 },
 "model": "coredata.member",
 "pk": 10
},
{
 "fields": {
  "added_reason": "",
  "career": "",
  "config": "{}",
  "credits": 3,
  "labtut_section": null,
  "offering": 1,
  "official_grade": null,
  "person": 26,
  "role": "STUD"
 },
 "model": "coredata.member",
 "pk": 13
},
{
 "fields": {
  "added_reason": "",
  "career": "",
  "config": "{}",
  "credits": 3,
  "labtut_section": null,
  "offering": 1,
  "official_grade": null,
  "person": 6,
  "role": "STUD"
 },
 "model": "coredata.member",
 "pk": 3
},
{
 "fields": {
  "added_reason": "",
  "career": "",
  "config": "{}",
  "credits": 3,
  "labtut_section": null,
  "offering": 1,
  "official_grade": null,
  "person": 32,
  "role": "STUD"
 },
 "model": "coredata.member",
 "pk": 16
},
{
 "fields": {
  "added_reason": "",
  "career": "",
  "config": "{}",
  "credits": 3,
  "labtut_section": null,
  "offering": 1,
  "official_grade": null,
  "person": 16,
  "role": "STUD"
 },
 "model": "coredata.member",
 "pk": 8
},
{
 "fields": {
  "config": "{}",
  "deleted": false,
  "due_date": "2026-11-01T00:00:00",
  "group": false,
  "name": "Assignmenț 1",
  "offering": 1,
  "percent": "10.00",
  "position": 1,
  "short_name": "A1",
  "slug": "a1",
  "status": "URLS"
 },
 "model": "grades.activity",
 "pk": 1
},
{
 "fields": {
  "config": "{}",
  "deleted": false,
  "due_date": "2026-11-11T00:00:00",
  "group": true,
  "name": "Assignment 2",
  "offering": 1,
  "percent": "10.00",
  "position": 2,
  "short_name": "A2",
  "slug": "a2",
  "status": "URLS"
 },
 "model": "grades.activity",
 "pk": 2
},
{
 "fields": {
  "config": "{}",
  "deleted": false,
  "due_date": "2026-11-21T00:00:00",
  "group": true,
  "name": "Project",
  "offering": 1,
  "percent": "40.00",
  "position": 3,
  "short_name": "Proj",
  "slug": "proj",
  "status": "URLS"
 },
 "model": "grades.activity",
 "pk": 3
},
{
 "fields": {
  "config": "{}",
  "deleted": false,
  "due_date": "2026-11-22T00:00:00",
  "group": false,
  "name": "Report",
  "offering": 1,
  "percent": "10.00",
  "position": 4,
  "short_name": "Rep",
  "slug": "rep",
  "status": "URLS"
 },
 "model": "grades.activity",
 "pk": 4
},
{
 "fields": {
  "config": "{}",
  "deleted": false,
  "due_date": null,
  "group": false,
  "name": "Final Exam",
  "offering": 1,
  "percent": "30.00",
  "position": 5,
  "short_name": "Exam",
  "slug": "exam",
  "status": "URLS"
 },
 "model": "grades.activity",
 "pk": 5
},
{
 "fields": {
  "config": "{}",
  "deleted": false,
  "due_date": null,
  "group": false,
  "name": "Final Percent",
  "offering": 1,
  "percent": "0.00",
  "position": 6,
  "short_name": "Perc",
  "slug": "perc",
  "status": "INVI"
 },
 "model": "grades.activity",
 "pk": 6
},
{
 "fields": {
  "config": "{}",
  "deleted": false,
  "due_date": null,
  "group": false,
  "name": "Letter Grade",
  "offering": 1,
  "percent": "0.00",
  "position": 6,
  "short_name": "Letter",
  "slug": "letter",
  "status": "INVI"
 },
 "model": "grades.activity",
 "pk": 7
},
{
 "fields": {
  "max_grade": "10.00"
 },
 "model": "grades.numericactivity",
 "pk": 1
},
{
 "fields": {
  "max_grade": "20.00"
 },
 "model": "grades.numericactivity",
 "pk": 2
},
{
 "fields": {
  "max_grade": "90.00"
 },
 "model": "grades.numericactivity",
 "pk": 5
},
{
 "fields": {
  "max_grade": "100.00"
 },
 "model": "grades.numericactivity",
 "pk": 6
},
{
 "fields": {},
 "model": "grades.letteractivity",
 "pk": 3
},
{
 "fields": {},
 "model": "grades.letteractivity",
 "pk": 4
},
{
 "fields": {},
 "model": "grades.letteractivity",
 "pk": 7
},
{
 "fields": {
  "formula": "[[activitytotal]]"
 },
 "model": "grades.calnumericactivity",
 "pk": 6
},
{
 "fields": {
  "exam_activity": null,
  "letter_cutoffs": "[95, 90, 85, 80, 75, 70, 65, 60, 55, 50]",
  "numeric_activity": 6
 },
 "model": "grades.calletteractivity",
 "pk": 7
},
{
 "fields": {
  "activity": 1,
  "deleted": false,
  "description": "The code you're submitting.",
  "position": 1,
  "slug": "code-file",
  "specified_filename": "",
  "title": "Cöde File"
 },
 "model": "submission.submissioncomponent",
 "pk": 1
},
{
 "fields": {
  "activity": 1,
  "deleted": false,
  "description": "Report on what you did.",
  "position": 2,
  "slug": "report",
  "specified_filename": "report.pdf",
  "title": "Report"
 },
 "model": "submission.submissioncomponent",
 "pk": 2
},
{
 "fields": {
  "filename": ".py",
  "filename_type": "EXT",
  "max_size": 500
 },
 "model": "submission.codefilecomponent",
 "pk": 1
},
{
 "fields": {
  "max_size": 5000
 },
 "model": "submission.pdfcomponent",
 "pk": 2
},
{
 "fields": {
  "courseoffering": 1,
  "groupForSemester": true,
  "manager": 8,
  "name": "AnotherGroup",
  "slug": "g-anothergroup"
 },
 "model": "groups.group",
 "pk": 2
},
{
 "fields": {
  "courseoffering": 1,
  "groupForSemester": true,
  "manager": 12,
  "name": "SomeGroup",
  "slug": "g-somegroup"
 },
 "model": "groups.group",
 "pk": 1
},
{
 "fields": {
  "activity": 2,
  "confirmed": true,
  "group": 1,
  "student": 1
 },
 "model": "groups.groupmember",
 "pk": 2
},
{
 "fields": {
  "activity": 2,
  "confirmed": true,
  "group": 2,
  "student": 5
 },
 "model": "groups.groupmember",
 "pk": 7
},
{
 "fields": {
  "activity": 3,
  "confirmed": true,
  "group": 2,
  "student": 5
 },
 "model": "groups.groupmember",
 "pk": 8
},
{
 "fields": {
  "activity": 2,
  "confirmed": true,
  "group": 2,
  "student": 15
 },
 "model": "groups.groupmember",
 "pk": 5
},
{
 "fields": {
  "activity": 3,
  "confirmed": true,
  "group": 2,
  "student": 15
 },
 "model": "groups.groupmember",
 "pk": 6
},
{
 "fields": {
  "activity": 2,
  "confirmed": true,
  "group": 1,
  "student": 12
 },
 "model": "groups.groupmember",
 "pk": 1
},
{
 "fields": {
  "activity": 2,
  "confirmed": true,
  "group": 2,
  "student": 8
 },
 "model": "groups.groupmember",
 "pk": 3
},
{
 "fields": {
  "activity": 3,
  "confirmed": true,
  "group": 2,
  "student": 8
 },
 "model": "groups.groupmember",
 "pk": 4
},
{
 "fields": {
  "config": "{}",
  "deleted": false,
  "description": "Part ➀ was done well and seems to work.",
  "max_mark": "5.00",
  "numeric_activity": 1,
  "position": 1,
  "slug": "part",
  "title": "Part ➀"
 },
 "model": "marking.activitycomponent",
 "pk": 1
},
{
 "fields": {
  "config": "{}",
  "deleted": false,
  "description": "Part 2 was done well and seems to work.",
  "max_mark": "5.00",
  "numeric_activity": 1,
  "position": 2,
  "slug": "part-2",
  "title": "Part 2"
 },
 "model": "marking.activitycomponent",
 "pk": 2
}
]
