[
{
 "fields": {
  "monday": "2010-01-04",
  "semester": 134,
  "week": 1
 },
 "model": "coredata.semesterweek",
 "pk": 134
},
{
 "fields": {
  "monday": "2010-05-17",
  "semester": 135,
  "week": 1
 },
 "model": "coredata.semesterweek",
 "pk": 135
},
{
 "fields": {
  "monday": "2010-09-06",
  "semester": 136,
  "week": 1
 },
 "model": "coredata.semesterweek",
 "pk": 136
},
{
 "fields": {
  "monday": "2011-01-10",
  "semester": 137,
  "week": 1
 },
 "model": "coredata.semesterweek",
 "pk": 137
},
{
 "fields": {
  "monday": "2011-05-09",
  "semester": 138,
  "week": 1
 },
 "model": "coredata.semesterweek",
 "pk": 138
},
{
 "fields": {
  "monday": "2011-09-05",
  "semester": 139,
  "week": 1
 },
 "model": "coredata.semesterweek",
 "pk": 139
},
{
 "fields": {
  "monday": "2012-01-09",
  "semester": 140,
  "week": 1
 },
 "model": "coredata.semesterweek",
 "pk": 140
},
{
 "fields": {
  "monday": "2012-05-07",
  "semester": 141,
  "week": 1
 },
 "model": "coredata.semesterweek",
 "pk": 141
},
{
 "fields": {
  "monday": "2012-09-03",
  "semester": 142,
  "week": 1
 },
 "model": "coredata.semesterweek",
 "pk": 142
},
{
 "fields": {
  "monday": "2013-01-07",
  "semester": 143,
  "week": 1
 },
 "model": "coredata.semesterweek",
 "pk": 143
},
{
 "fields": {
  "monday": "2013-05-06",
  "semester": 144,
  "week": 1
 },
 "model": "coredata.semesterweek",
 "pk": 144
},
{
 "fields": {
  "monday": "2013-09-02",
  "semester": 145,
  "week": 1
 },
 "model": "coredata.semesterweek",
 "pk": 145
},
{
 "fields": {
  "monday": "2014-01-06",
  "semester": 146,
  "week": 1
 },
 "model": "coredata.semesterweek",
 "pk": 146
},
{
 "fields": {
  "monday": "2014-05-05",
  "semester": 147,
  "week": 1
 },
 "model": "coredata.semesterweek",
 "pk": 147
},
{
 "fields": {
  "monday": "2014-09-01",
  "semester": 148,
  "week": 1
 },
 "model": "coredata.semesterweek",
 "pk": 148
},
{
 "fields": {
  "monday": "2015-01-05",
  "semester": 149,
  "week": 1
 },
 "model": "coredata.semesterweek",
 "pk": 149
},
{
 "fields": {
  "monday": "2015-05-11",
  "semester": 150,
  "week": 1
 },
 "model": "coredata.semesterweek",
 "pk": 150
},
{
 "fields": {
  "monday": "2015-09-07",
  "semester": 151,
  "week": 1
 },
 "model": "coredata.semesterweek",
 "pk": 151
},
{
 "fields": {
  "monday": "2016-01-04",
  "semester": 152,
  "week": 1
 },
 "model": "coredata.semesterweek",
 "pk": 152
},
{
 "fields": {
  "monday": "2016-05-09",
  "semester": 153,
  "week": 1
 },
 "model": "coredata.semesterweek",
 "pk": 153
},
{
 "fields": {
  "monday": "2016-09-05",
  "semester": 154,
  "week": 1
 },
 "model": "coredata.semesterweek",
 "pk": 154
},
{
 "fields": {
  "monday": "2017-01-09",
  "semester": 155,
  "week": 1
 },
 "model": "coredata.semesterweek",
 "pk": 155
},
{
 "fields": {
  "monday": "2017-05-08",
  "semester": 156,
  "week": 1
 },
 "model": "coredata.semesterweek",
 "pk": 156
},
{
 "fields": {
  "monday": "2017-09-04",
  "semester": 157,
  "week": 1
 },
 "model": "coredata.semesterweek",
 "pk": 157
},
{
 "fields": {
  "monday": "2018-01-08",
  "semester": 158,
  "week": 1
 },
 "model": "coredata.semesterweek",
 "pk": 158
},
{
 "fields": {
  "monday": "2018-05-07",
  "semester": 159,
  "week": 1
 },
 "model": "coredata.semesterweek",
 "pk": 159
},
{
 "fields": {
  "monday": "2018-09-03",
  "semester": 160,
  "week": 1
 },
 "model": "coredata.semesterweek",
 "pk": 160
},
{
 "fields": {
  "monday": "2019-01-07",
  "semester": 161,
  "week": 1
 },
 "model": "coredata.semesterweek",
 "pk": 161
},
{
 "fields": {
  "acad_org": "COMP SCI",
  "config": "{\"deptid\":\"12345\",\"web\":\"http://www.cs.sfu.ca/\",\"fax\":\"778-782-3045\",\"tel\":\"778-782-4277\",\"informal_name\":\"Computing Science\",\"address\":[\"9971 Applied Sciences Building\",\"8888 University Drive, Burnaby, BC\",\"Canada V5A 1S6\"],\"email\":\"csdept@sfu.ca\"}",
  "label": "CMPT",
  "name": "School of Computing Science",
  "parent": 2,
  "slug": "cmpt"
 },
 "model": "coredata.unit",
 "pk": 5
},
{
 "fields": {
  "acad_org": "ENG SCI",
  "config": "{}",
  "label": "ENSC",
  "name": "School of Engineering Science",
  "parent": 2,
  "slug": "ensc"
 },
 "model": "coredata.unit",
 "pk": 3
},
{
 "fields": {
  "acad_org": null,
  "config": "{}",
  "label": "FAS",
  "name": "Faculty of Applied Sciences",
  "parent": 1,
  "slug": "fas"
 },
 "model": "coredata.unit",
 "pk": 2
},
{
 "fields": {
  "acad_org": "MECH SYS",
  "config": "{}",
  "label": "MSE",
  "name": "School of Mechatronic Systems Engineering",
  "parent": 2,
  "slug": "mse"
 },
 "model": "coredata.unit",
 "pk": 4
},
{
 "fields": {
  "acad_org": null,
  "config": "{}",
  "label": "UNIV",
  "name": "Simon Fraser University",
  "parent": null,
  "slug": "univ"
 },
 "model": "coredata.unit",
 "pk": 1
},
{
 "fields": {
  "config": "{}",
  "number": "120",
  "slug": "cmpt-120",
  "subject": "CMPT",
  "title": "Intro.Cmpt.Sci/Programming I"
 },
 "model": "coredata.course",
 "pk": 2
},
{
 "fields": {
  "config": "{}",
  "number": "125",
  "slug": "cmpt-125",
  "subject": "CMPT",
  "title": "Intro.Cmpt.Sci/Programming II"
 },
 "model": "coredata.course",
 "pk": 3
},
{
 "fields": {
  "config": "{}",
  "number": "127",
  "slug": "cmpt-127",
  "subject": "CMPT",
  "title": "Computing Laboratory"
 },
 "model": "coredata.course",
 "pk": 4
},
{
 "fields": {
  "config": "{}",
  "number": "129",
  "slug": "cmpt-129",
  "subject": "CMPT",
  "title": "Intro. to CS for Maths"
 },
 "model": "coredata.course",
 "pk": 5
},
{
 "fields": {
  "config": "{}",
  "number": "165",
  "slug": "cmpt-165",
  "subject": "CMPT",
  "title": "Intro Internet  World Wide Web"
 },
 "model": "coredata.course",
 "pk": 6
},
{
 "fields": {
  "config": "{}",
  "number": "166",
  "slug": "cmpt-166",
  "subject": "CMPT",
  "title": "Animated Intro to Programming"
 },
 "model": "coredata.course",
 "pk": 1
},
{
 "fields": {
  "config": "{}",
  "number": "100W",
  "slug": "ensc-100w",
  "subject": "ENSC",
  "title": "Engineering, Science & Society"
 },
 "model": "coredata.course",
 "pk": 8
},
{
 "fields": {
  "config": "{}",
  "number": "105W",
  "slug": "ensc-105w",
  "subject": "ENSC",
  "title": "Process of Prof. Writing"
 },
 "model": "coredata.course",
 "pk": 7
},
{
 "fields": {
  "campus": "BRNBY",
  "class_nbr": 4591,
  "component": "LEC",
  "config": "{}",
  "course": 8,
  "crse_id": 14917,
  "enrl_cap": 240,
  "enrl_tot": 0,
  "flags": "12",
  "graded": true,
  "instr_mode": "P",
  "number": "100W",
  "owner": 3,
  "section": "D100",
  "semester": 157,
  "slug": "2017fa-ensc-100w-d1",
  "subject": "ENSC",
  "title": "Engineering, Science & Society",
  "units": 3,
  "wait_tot": 0
 },
 "model": "coredata.courseoffering",
 "pk": 12
},
{
 "fields": {
  "campus": "BRNBY",
  "class_nbr": 4576,
  "component": "LEC",
  "config": "{}",
  "course": 7,
  "crse_id": 16516,
  "enrl_cap": 240,
  "enrl_tot": 0,
  "flags": "1",
  "graded": true,
  "instr_mode": "P",
  "number": "105W",
  "owner": 3,
  "section": "D100",
  "semester": 157,
  "slug": "2017fa-ensc-105w-d1",
  "subject": "ENSC",
  "title": "Process of Prof. Writing",
  "units": 3,
  "wait_tot": 0
 },
 "model": "coredata.courseoffering",
 "pk": 11
},
{
 "fields": {
  "campus": "BRNBY",
  "class_nbr": 5230,
  "component": "LEC",
  "config": "{}",
  "course": 2,
  "crse_id": 14580,
  "enrl_cap": 192,
  "enrl_tot": 108,
  "flags": "10",
  "graded": true,
  "instr_mode": "P",
  "number": "120",
  "owner": 5,
  "section": "D100",
  "semester": 156,
  "slug": "2017su-cmpt-120-d1",
  "subject": "CMPT",
  "title": "Intro.Cmpt.Sci/Programming I",
  "units": 3,
  "wait_tot": 142
 },
 "model": "coredata.courseoffering",
 "pk": 13
},
{
 "fields": {
  "campus": "BRNBY",
  "class_nbr": 5231,
  "component": "LEC",
  "config": "{}",
  "course": 3,
  "crse_id": 14581,
  "enrl_cap": 120,
  "enrl_tot": 42,
  "flags": "2",
  "graded": true,
  "instr_mode": "P",
  "number": "125",
  "owner": 5,
  "section": "D100",
  "semester": 156,
  "slug": "2017su-cmpt-125-d1",
  "subject": "CMPT",
  "title": "Intro.Cmpt.Sci/Programming II",
  "units": 3,
  "wait_tot": 108
 },
 "model": "coredata.courseoffering",
 "pk": 14
},
{
 "fields": {
  "campus": "BRNBY",
  "class_nbr": 5232,
  "component": "LAB",
  "config": "{}",
  "course": 4,
  "crse_id": 17292,
  "enrl_cap": 60,
  "enrl_tot": 28,
  "flags": "0",
  "graded": true,
  "instr_mode": "P",
  "number": "127",
  "owner": 5,
  "section": "D100",
  "semester": 156,
  "slug": "2017su-cmpt-127-d1",
  "subject": "CMPT",
  "title": "Computing Laboratory",
  "units": 3,
  "wait_tot": 53
 },
 "model": "coredata.courseoffering",
 "pk": 15
},
{
 "fields": {
  "campus": "BRNBY",
  "class_nbr": 5233,
  "component": "LAB",
  "config": "{}",
  "course": 4,
  "crse_id": 17292,
  "enrl_cap": 60,
  "enrl_tot": 21,
  "flags": "0",
  "graded": true,
  "instr_mode": "P",
  "number": "127",
  "owner": 5,
  "section": "D200",
  "semester": 156,
  "slug": "2017su-cmpt-127-d2",
  "subject": "CMPT",
  "title": "Computing Laboratory",
  "units": 3,
  "wait_tot": 49
 },
 "model": "coredata.courseoffering",
 "pk": 16
},
{
 "fields": {
  "campus": "BRNBY",
  "class_nbr": 5235,
  "component": "SEC",
  "config": "{}",
  "course": 6,
  "crse_id": 11547,
  "enrl_cap": 75,
  "enrl_tot": 75,
  "flags": "8",
  "graded": true,
  "instr_mode": "DE",
  "number": "165",
  "owner": 5,
  "section": "C100",
  "semester": 156,
  "slug": "2017su-cmpt-165-c1",
  "subject": "CMPT",
  "title": "Intro Internet  World Wide Web",
  "units": 3,
  "wait_tot": 77
 },
 "model": "coredata.courseoffering",
 "pk": 17
},
{
 "fields": {
  "campus": "BRNBY",
  "class_nbr": 5236,
  "component": "SEC",
  "config": "{}",
  "course": 6,
  "crse_id": 11547,
  "enrl_cap": 75,
  "enrl_tot": 75,
  "flags": "8",
  "graded": true,
  "instr_mode": "DE",
  "number": "165",
  "owner": 5,
  "section": "C200",
  "semester": 156,
  "slug": "2017su-cmpt-165-c2",
  "subject": "CMPT",
  "title": "Intro Internet  World Wide Web",
  "units": 3,
  "wait_tot": 63
 },
 "model": "coredata.courseoffering",
 "pk": 18
},
{
 "fields": {
  "campus": "BRNBY",
  "class_nbr": 5237,
  "component": "LEC",
  "config": "{}",
  "course": 6,
  "crse_id": 11547,
  "enrl_cap": 200,
  "enrl_tot": 149,
  "flags": "8",
  "graded": true,
  "instr_mode": "P",
  "number": "165",
  "owner": 5,
  "section": "D100",
  "semester": 156,
  "slug": "2017su-cmpt-165-d1",
  "subject": "CMPT",
  "title": "Intro Internet  World Wide Web",
  "units": 3,
  "wait_tot": 0
 },
 "model": "coredata.courseoffering",
 "pk": 19
},
{
 "fields": {
  "campus": "SURRY",
  "class_nbr": 5890,
  "component": "LEC",
  "config": "{}",
  "course": 1,
  "crse_id": 16684,
  "enrl_cap": 75,
  "enrl_tot": 10,
  "flags": "10",
  "graded": true,
  "instr_mode": "P",
  "number": "166",
  "owner": 5,
  "section": "D100",
  "semester": 156,
  "slug": "2017su-cmpt-166-d1",
  "subject": "CMPT",
  "title": "Animated Intro to Programming",
  "units": 3,
  "wait_tot": 59
 },
 "model": "coredata.courseoffering",
 "pk": 20
},
{
 "fields": {
  "campus": "BRNBY",
  "class_nbr": 8692,
  "component": "LEC",
  "config": "{}",
  "course": 2,
  "crse_id": 14580,
  "enrl_cap": 208,
  "enrl_tot": 202,
  "flags": "10",
  "graded": true,
  "instr_mode": "P",
  "number": "120",
  "owner": 5,
  "section": "D100",
  "semester": 155,
  "slug": "2017sp-cmpt-120-d1",
  "subject": "CMPT",
  "title": "Intro.Cmpt.Sci/Programming I",
  "units": 3,
  "wait_tot": 0
 },
 "model": "coredata.courseoffering",
 "pk": 2
},
{
 "fields": {
  "campus": "BRNBY",
  "class_nbr": 8712,
  "component": "LEC",
  "config": "{}",
  "course": 3,
  "crse_id": 14581,
  "enrl_cap": 192,
  "enrl_tot": 188,
  "flags": "2",
  "graded": true,
  "instr_mode": "P",
  "number": "125",
  "owner": 5,
  "section": "D100",
  "semester": 155,
  "slug": "2017sp-cmpt-125-d1",
  "subject": "CMPT",
  "title": "Intro.Cmpt.Sci/Programming II",
  "units": 3,
  "wait_tot": 0
 },
 "model": "coredata.courseoffering",
 "pk": 3
},
{
 "fields": {
  "campus": "BRNBY",
  "class_nbr": 8714,
  "component": "LAB",
  "config": "{}",
  "course": 4,
  "crse_id": 17292,
  "enrl_cap": 64,
  "enrl_tot": 64,
  "flags": "0",
  "graded": true,
  "instr_mode": "P",
  "number": "127",
  "owner": 5,
  "section": "D100",
  "semester": 155,
  "slug": "2017sp-cmpt-127-d1",
  "subject": "CMPT",
  "title": "Computing Laboratory",
  "units": 3,
  "wait_tot": 0
 },
 "model": "coredata.courseoffering",
 "pk": 4
},
{
 "fields": {
  "campus": "BRNBY",
  "class_nbr": 8715,
  "component": "LAB",
  "config": "{}",
  "course": 4,
  "crse_id": 17292,
  "enrl_cap": 64,
  "enrl_tot": 64,
  "flags": "0",
  "graded": true,
  "instr_mode": "P",
  "number": "127",
  "owner": 5,
  "section": "D200",
  "semester": 155,
  "slug": "2017sp-cmpt-127-d2",
  "subject": "CMPT",
  "title": "Computing Laboratory",
  "units": 3,
  "wait_tot": 0
 },
 "model": "coredata.courseoffering",
 "pk": 5
},
{
 "fields": {
  "campus": "BRNBY",
  "class_nbr": 8716,
  "component": "LAB",
  "config": "{}",
  "course": 4,
  "crse_id": 17292,
  "enrl_cap": 64,
  "enrl_tot": 64,
  "flags": "0",
  "graded": true,
  "instr_mode": "P",
  "number": "127",
  "owner": 5,
  "section": "D300",
  "semester": 155,
  "slug": "2017sp-cmpt-127-d3",
  "subject": "CMPT",
  "title": "Computing Laboratory",
  "units": 3,
  "wait_tot": 0
 },
 "model": "coredata.courseoffering",
 "pk": 6
},
{
 "fields": {
  "campus": "BRNBY",
  "class_nbr": 8717,
  "component": "LEC",
  "config": "{}",
  "course": 5,
  "crse_id": 17605,
  "enrl_cap": 125,
  "enrl_tot": 42,
  "flags": "2",
  "graded": true,
  "instr_mode": "P",
  "number": "129",
  "owner": 5,
  "section": "D100",
  "semester": 155,
  "slug": "2017sp-cmpt-129-d1",
  "subject": "CMPT",
  "title": "Intro. to CS for Maths",
  "units": 3,
  "wait_tot": 0
 },
 "model": "coredata.courseoffering",
 "pk": 7
},
{
 "fields": {
  "campus": "BRNBY",
  "class_nbr": 8773,
  "component": "SEC",
  "config": "{}",
  "course": 6,
  "crse_id": 11547,
  "enrl_cap": 75,
  "enrl_tot": 70,
  "flags": "8",
  "graded": true,
  "instr_mode": "DE",
  "number": "165",
  "owner": 5,
  "section": "C100",
  "semester": 155,
  "slug": "2017sp-cmpt-165-c1",
  "subject": "CMPT",
  "title": "Intro Internet  World Wide Web",
  "units": 3,
  "wait_tot": 0
 },
 "model": "coredata.courseoffering",
 "pk": 9
},
{
 "fields": {
  "campus": "BRNBY",
  "class_nbr": 8774,
  "component": "SEC",
  "config": "{}",
  "course": 6,
  "crse_id": 11547,
  "enrl_cap": 75,
  "enrl_tot": 72,
  "flags": "8",
  "graded": true,
  "instr_mode": "DE",
  "number": "165",
  "owner": 5,
  "section": "C200",
  "semester": 155,
  "slug": "2017sp-cmpt-165-c2",
  "subject": "CMPT",
  "title": "Intro Internet  World Wide Web",
  "units": 3,
  "wait_tot": 0
 },
 "model": "coredata.courseoffering",
 "pk": 10
},
{
 "fields": {
  "campus": "BRNBY",
  "class_nbr": 8719,
  "component": "LEC",
  "config": "{}",
  "course": 6,
  "crse_id": 11547,
  "enrl_cap": 200,
  "enrl_tot": 154,
  "flags": "8",
  "graded": true,
  "instr_mode": "P",
  "number": "165",
  "owner": 5,
  "section": "D100",
  "semester": 155,
  "slug": "2017sp-cmpt-165-d1",
  "subject": "CMPT",
  "title": "Intro Internet  World Wide Web",
  "units": 3,
  "wait_tot": 0
 },
 "model": "coredata.courseoffering",
 "pk": 8
},
{
 "fields": {
  "campus": "SURRY",
  "class_nbr": 8411,
  "component": "LEC",
  "config": "{}",
  "course": 1,
  "crse_id": 16684,
  "enrl_cap": 96,
  "enrl_tot": 80,
  "flags": "10",
  "graded": true,
  "instr_mode": "P",
  "number": "166",
  "owner": 5,
  "section": "D100",
  "semester": 155,
  "slug": "2017sp-cmpt-166-d1",
  "subject": "CMPT",
  "title": "Animated Intro to Programming",
  "units": 3,
  "wait_tot": 0
 },
 "model": "coredata.courseoffering",
 "pk": 1
},
{
 "fields": {
  "config": "{}",
  "emplid": 200000100,
  "first_name": "Gregor\u028f",
  "last_name": "Baker",
  "middle_name": "Garnet",
  "pref_first_name": "Greg",
  "temporary": false,
  "title": null,
  "userid": "ggbaker"
 },
 "model": "coredata.person",
 "pk": 1
},
{
 "fields": {
  "config": "{}",
  "emplid": 200000101,
  "first_name": "Philippe",
  "last_name": "Boutros",
  "middle_name": "",
  "pref_first_name": "Philippe",
  "temporary": false,
  "title": null,
  "userid": "pba7"
 },
 "model": "coredata.person",
 "pk": 6
},
{
 "fields": {
  "config": "{}",
  "emplid": 200000102,
  "first_name": "Bobby",
  "last_name": "Chan",
  "middle_name": "Chun Tung",
  "pref_first_name": "Bobby",
  "temporary": false,
  "title": "Mr",
  "userid": "bobbyc"
 },
 "model": "coredata.person",
 "pk": 15
},
{
 "fields": {
  "config": "{}",
  "emplid": 200000103,
  "first_name": "Diana",
  "last_name": "Cukierman",
  "middle_name": "Raquel",
  "pref_first_name": "Diana",
  "temporary": false,
  "title": null,
  "userid": "diana"
 },
 "model": "coredata.person",
 "pk": 4
},
{
 "fields": {
  "config": "{}",
  "emplid": 200000104,
  "first_name": "Anthony",
  "last_name": "Dixon",
  "middle_name": "",
  "pref_first_name": "Anthony",
  "temporary": false,
  "title": null,
  "userid": "dixon"
 },
 "model": "coredata.person",
 "pk": 3
},
{
 "fields": {
  "config": "{}",
  "emplid": 200000105,
  "first_name": "Toby",
  "last_name": "Donaldson",
  "middle_name": "John",
  "pref_first_name": "Toby",
  "temporary": false,
  "title": "Mr",
  "userid": "tjd"
 },
 "model": "coredata.person",
 "pk": 13
},
{
 "fields": {
  "config": "{}",
  "emplid": 200000106,
  "first_name": "John",
  "last_name": "Edgar",
  "middle_name": "William McCredie",
  "pref_first_name": "John",
  "temporary": false,
  "title": "Mr",
  "userid": "johnwill"
 },
 "model": "coredata.person",
 "pk": 10
},
{
 "fields": {
  "config": "{}",
  "emplid": 200000107,
  "first_name": ".",
  "last_name": "Faculty",
  "middle_name": "",
  "pref_first_name": ".",
  "temporary": false,
  "title": "",
  "userid": null
 },
 "model": "coredata.person",
 "pk": 12
},
{
 "fields": {
  "config": "{}",
  "emplid": 200000108,
  "first_name": "Harinder",
  "last_name": "Khangura",
  "middle_name": "Singh",
  "pref_first_name": "Harinder",
  "temporary": false,
  "title": "Mr",
  "userid": "hskhangu"
 },
 "model": "coredata.person",
 "pk": 14
},
{
 "fields": {
  "config": "{}",
  "emplid": 200000109,
  "first_name": "Anne",
  "last_name": "Lavergne",
  "middle_name": "",
  "pref_first_name": "Anne",
  "temporary": false,
  "title": "Miss",
  "userid": "alavergn"
 },
 "model": "coredata.person",
 "pk": 9
},
{
 "fields": {
  "config": "{}",
  "emplid": 200000110,
  "first_name": "Fred",
  "last_name": "Popowich",
  "middle_name": "",
  "pref_first_name": "Fred",
  "temporary": false,
  "title": null,
  "userid": "popowich"
 },
 "model": "coredata.person",
 "pk": 2
},
{
 "fields": {
  "config": "{}",
  "emplid": 200000111,
  "first_name": "Janice",
  "last_name": "Regan",
  "middle_name": "",
  "pref_first_name": "Janice",
  "temporary": false,
  "title": "Ms",
  "userid": "jregan"
 },
 "model": "coredata.person",
 "pk": 16
},
{
 "fields": {
  "config": "{}",
  "emplid": 200000112,
  "first_name": "Anoop",
  "last_name": "Sarkar",
  "middle_name": "",
  "pref_first_name": "Anoop",
  "temporary": false,
  "title": "Dr",
  "userid": "anoop"
 },
 "model": "coredata.person",
 "pk": 11
},
{
 "fields": {
  "config": "{}",
  "emplid": 200000113,
  "first_name": "Christopher",
  "last_name": "Schmidt",
  "middle_name": "Lee",
  "pref_first_name": "Christopher",
  "temporary": false,
  "title": "Mr",
  "userid": "cschmidt"
 },
 "model": "coredata.person",
 "pk": 17
},
{
 "fields": {
  "config": "{}",
  "emplid": 200000114,
  "first_name": "Michael",
  "last_name": "Sjoerdsma",
  "middle_name": "Henri",
  "pref_first_name": "Michael",
  "temporary": false,
  "title": "Mr",
  "userid": "mhs"
 },
 "model": "coredata.person",
 "pk": 7
},
{
 "fields": {
  "config": "{}",
  "emplid": 200000115,
  "first_name": "Karol",
  "last_name": "Swietlicki",
  "middle_name": "Ryszard",
  "pref_first_name": "Karol",
  "temporary": false,
  "title": "Mr",
  "userid": "kswietli"
 },
 "model": "coredata.person",
 "pk": 18
},
{
 "fields": {
  "config": "{}",
  "emplid": 200000116,
  "first_name": "Stephen",
  "last_name": "Whitmore",
  "middle_name": "",
  "pref_first_name": "Stephen",
  "temporary": false,
  "title": "Mr",
  "userid": "whitmore"
 },
 "model": "coredata.person",
 "pk": 8
},
{
 "fields": {
  "config": "{\"privacy_signed\":true,\"privacy_version\":1,\"privacy_date\":\"2017-03-27\"}",
  "emplid": 200000117,
  "first_name": "Danyu",
  "last_name": "Zhao",
  "middle_name": "",
  "pref_first_name": "Danyu",
  "temporary": false,
  "title": null,
  "userid": "dzhao"
 },
 "model": "coredata.person",
 "pk": 5
},
{
 "fields": {
  "config": "{}",
  "emplid": 300000300,
  "first_name": "Jvlcdbnk",
  "last_name": "Student",
  "middle_name": "Vfkdhn",
  "pref_first_name": "Jvlcdbnk",
  "temporary": false,
  "title": null,
  "userid": "0aaa0"
 },
 "model": "coredata.person",
 "pk": 19
},
{
 "fields": {
  "config": "{}",
  "emplid": 300000301,
  "first_name": "Snow\u00eap\u00efm",
  "last_name": "Student",
  "middle_name": "Llvazf",
  "pref_first_name": "Snow",
  "temporary": false,
  "title": null,
  "userid": "0aaa1"
 },
 "model": "coredata.person",
 "pk": 21
},
{
 "fields": {
  "config": "{}",
  "emplid": 300000302,
  "first_name": "Iwnhpdeg",
  "last_name": "Student",
  "middle_name": "Ojebul",
  "pref_first_name": "Iwnh",
  "temporary": false,
  "title": null,
  "userid": "0aaa2"
 },
 "model": "coredata.person",
 "pk": 23
},
{
 "fields": {
  "config": "{}",
  "emplid": 300000303,
  "first_name": "W\u00eflnsavq",
  "last_name": "Student",
  "middle_name": "Xjiegy",
  "pref_first_name": "W\u00efln",
  "temporary": false,
  "title": null,
  "userid": "0aaa3"
 },
 "model": "coredata.person",
 "pk": 25
},
{
 "fields": {
  "config": "{}",
  "emplid": 300000304,
  "first_name": "Kazhjc\u00eay",
  "last_name": "Student",
  "middle_name": "Noxkcj",
  "pref_first_name": "Kazhjc\u00eay",
  "temporary": false,
  "title": null,
  "userid": "0aaa4"
 },
 "model": "coredata.person",
 "pk": 27
},
{
 "fields": {
  "config": "{}",
  "emplid": 300000305,
  "first_name": "Nbmjmjki",
  "last_name": "Student",
  "middle_name": "Eqpcem",
  "pref_first_name": "Nbmjmjki",
  "temporary": false,
  "title": null,
  "userid": "0aaa5"
 },
 "model": "coredata.person",
 "pk": 29
},
{
 "fields": {
  "config": "{}",
  "emplid": 300000306,
  "first_name": "Lsvenvl\u00f5",
  "last_name": "Student",
  "middle_name": "Nl\u00f5vqq",
  "pref_first_name": "Lsve",
  "temporary": false,
  "title": null,
  "userid": "0aaa6"
 },
 "model": "coredata.person",
 "pk": 31
},
{
 "fields": {
  "config": "{}",
  "emplid": 300000307,
  "first_name": "Sb\u00fadyi\u00fa\u00ea",
  "last_name": "Student",
  "middle_name": "Buwlrm",
  "pref_first_name": "Sb\u00fadyi\u00fa\u00ea",
  "temporary": false,
  "title": null,
  "userid": "0aaa7"
 },
 "model": "coredata.person",
 "pk": 33
},
{
 "fields": {
  "config": "{}",
  "emplid": 300000308,
  "first_name": "Gvu\u00e0rhap",
  "last_name": "Student",
  "middle_name": "E\u00e0zv\u00e0w",
  "pref_first_name": "Gvu\u00e0rhap",
  "temporary": false,
  "title": null,
  "userid": "0aaa8"
 },
 "model": "coredata.person",
 "pk": 35
},
{
 "fields": {
  "config": "{}",
  "emplid": 300000309,
  "first_name": "Ip\u00e0wtq\u00f5\u00f5",
  "last_name": "Student",
  "middle_name": "Qvefgd",
  "pref_first_name": "Ip\u00e0w",
  "temporary": false,
  "title": null,
  "userid": "0aaa9"
 },
 "model": "coredata.person",
 "pk": 37
},
{
 "fields": {
  "config": "{}",
  "emplid": 300000310,
  "first_name": "Jcbkynms",
  "last_name": "Student",
  "middle_name": "Ch\u00e0hyo",
  "pref_first_name": "Jcbk",
  "temporary": false,
  "title": null,
  "userid": "0aaa10"
 },
 "model": "coredata.person",
 "pk": 39
},
{
 "fields": {
  "config": "{}",
  "emplid": 300000311,
  "first_name": "Cp\u00efbmvm\u00ea",
  "last_name": "Student",
  "middle_name": "Y\u00f5v\u00fagt",
  "pref_first_name": "Cp\u00efbmvm\u00ea",
  "temporary": false,
  "title": null,
  "userid": "0aaa11"
 },
 "model": "coredata.person",
 "pk": 41
},
{
 "fields": {
  "config": "{}",
  "emplid": 300000312,
  "first_name": "Goqc\u00f5dvq",
  "last_name": "Student",
  "middle_name": "Ahhcuc",
  "pref_first_name": "Goqc",
  "temporary": false,
  "title": null,
  "userid": "0aaa12"
 },
 "model": "coredata.person",
 "pk": 43
},
{
 "fields": {
  "config": "{}",
  "emplid": 300000313,
  "first_name": "Yugwuehr",
  "last_name": "Student",
  "middle_name": "Frrb\u00fa\u00ef",
  "pref_first_name": "Yugwuehr",
  "temporary": false,
  "title": null,
  "userid": "0aaa13"
 },
 "model": "coredata.person",
 "pk": 45
},
{
 "fields": {
  "config": "{}",
  "emplid": 300000314,
  "first_name": "Sgope\u00eafs",
  "last_name": "Student",
  "middle_name": "Dvtihg",
  "pref_first_name": "Sgop",
  "temporary": false,
  "title": null,
  "userid": "0aaa14"
 },
 "model": "coredata.person",
 "pk": 47
},
{
 "fields": {
  "config": "{}",
  "emplid": 300000315,
  "first_name": "Nhjrenvb",
  "last_name": "Student",
  "middle_name": "Cpv\u00eft\u00ea",
  "pref_first_name": "Nhjrenvb",
  "temporary": false,
  "title": null,
  "userid": "0aaa15"
 },
 "model": "coredata.person",
 "pk": 49
},
{
 "fields": {
  "config": "{}",
  "emplid": 300000316,
  "first_name": "Twdgca\u00ean",
  "last_name": "Student",
  "middle_name": "Iloysd",
  "pref_first_name": "Twdg",
  "temporary": false,
  "title": null,
  "userid": "0aaa16"
 },
 "model": "coredata.person",
 "pk": 51
},
{
 "fields": {
  "config": "{}",
  "emplid": 300000317,
  "first_name": "D\u00efutqpow",
  "last_name": "Student",
  "middle_name": "Uftlna",
  "pref_first_name": "D\u00efutqpow",
  "temporary": false,
  "title": null,
  "userid": "0aaa17"
 },
 "model": "coredata.person",
 "pk": 53
},
{
 "fields": {
  "config": "{}",
  "emplid": 300000318,
  "first_name": "Nubtfydb",
  "last_name": "Student",
  "middle_name": "Qsjdxj",
  "pref_first_name": "Nubt",
  "temporary": false,
  "title": null,
  "userid": "0aaa18"
 },
 "model": "coredata.person",
 "pk": 55
},
{
 "fields": {
  "config": "{}",
  "emplid": 300000319,
  "first_name": "Fkj\u00efqbav",
  "last_name": "Student",
  "middle_name": "U\u00efp\u00e0bj",
  "pref_first_name": "Fkj\u00efqbav",
  "temporary": false,
  "title": null,
  "userid": "0aaa19"
 },
 "model": "coredata.person",
 "pk": 57
},
{
 "fields": {
  "config": "{\"gender\":\"F\",\"visa\":\"Min Permit\",\"gpa\":1.62,\"citizen\":\"Canadian\"}",
  "emplid": 300000500,
  "first_name": "Ev\u00f5wcucw",
  "last_name": "Grad",
  "middle_name": "Sfmxnf",
  "pref_first_name": "Ev\u00f5wcucw",
  "temporary": false,
  "title": null,
  "userid": "0ggg0"
 },
 "model": "coredata.person",
 "pk": 20
},
{
 "fields": {
  "config": "{\"gender\":\"F\",\"visa\":\"No Visa St\",\"gpa\":1.59,\"citizen\":\"Canadian\"}",
  "emplid": 300000501,
  "first_name": "Tv\u00facvbrh",
  "last_name": "Grad",
  "middle_name": "Mvmsnh",
  "pref_first_name": "Tv\u00fac",
  "temporary": false,
  "title": null,
  "userid": "0ggg1"
 },
 "model": "coredata.person",
 "pk": 22
},
{
 "fields": {
  "config": "{\"gender\":\"U\",\"visa\":\"New CDN\",\"gpa\":0.41,\"citizen\":\"OtherCountrian\"}",
  "emplid": 300000502,
  "first_name": "Bxjb\u00e0wfy",
  "last_name": "Grad",
  "middle_name": "Drmd\u00eai",
  "pref_first_name": "Bxjb\u00e0wfy",
  "temporary": false,
  "title": null,
  "userid": "0ggg2"
 },
 "model": "coredata.person",
 "pk": 24
},
{
 "fields": {
  "config": "{\"gender\":\"M\",\"visa\":\"Conv Refug\",\"gpa\":1.45,\"citizen\":\"Canadian\"}",
  "emplid": 300000503,
  "first_name": "Qgzuqfte",
  "last_name": "Grad",
  "middle_name": "F\u00efgyrx",
  "pref_first_name": "Qgzuqfte",
  "temporary": false,
  "title": null,
  "userid": "0ggg3"
 },
 "model": "coredata.person",
 "pk": 26
},
{
 "fields": {
  "config": "{\"gender\":\"F\",\"visa\":\"Perm Resid\",\"gpa\":1.48,\"citizen\":\"OtherCountrian\"}",
  "emplid": 300000504,
  "first_name": "Rszjg\u00f5zz",
  "last_name": "Grad",
  "middle_name": "Exrhba",
  "pref_first_name": "Rszj",
  "temporary": false,
  "title": null,
  "userid": "0ggg4"
 },
 "model": "coredata.person",
 "pk": 28
},
{
 "fields": {
  "config": "{\"gender\":\"U\",\"visa\":\"New CDN\",\"gpa\":3.03,\"citizen\":\"OtherCountrian\"}",
  "emplid": 300000505,
  "first_name": "Yml\u00efpsxi",
  "last_name": "Grad",
  "middle_name": "Veb\u00e0vs",
  "pref_first_name": "Yml\u00efpsxi",
  "temporary": false,
  "title": null,
  "userid": "0ggg5"
 },
 "model": "coredata.person",
 "pk": 30
},
{
 "fields": {
  "config": "{\"gender\":\"F\",\"visa\":\"Unknown\",\"gpa\":2.14,\"citizen\":\"Canadian\"}",
  "emplid": 300000506,
  "first_name": "Gv\u00f5gqszd",
  "last_name": "Grad",
  "middle_name": "Hinnaw",
  "pref_first_name": "Gv\u00f5gqszd",
  "temporary": false,
  "title": null,
  "userid": "0ggg6"
 },
 "model": "coredata.person",
 "pk": 32
},
{
 "fields": {
  "config": "{\"gender\":\"F\",\"visa\":\"Visitor\",\"gpa\":3.71,\"citizen\":\"Canadian\"}",
  "emplid": 300000507,
  "first_name": "P\u00efj\u00e0zeee",
  "last_name": "Grad",
  "middle_name": "Llbd\u00eab",
  "pref_first_name": "P\u00efj\u00e0",
  "temporary": false,
  "title": null,
  "userid": "0ggg7"
 },
 "model": "coredata.person",
 "pk": 34
},
{
 "fields": {
  "config": "{\"gender\":\"U\",\"visa\":\"Other\",\"gpa\":2.69,\"citizen\":\"OtherCountrian\"}",
  "emplid": 300000508,
  "first_name": "Vylojqbw",
  "last_name": "Grad",
  "middle_name": "Jplrsv",
  "pref_first_name": "Vylojqbw",
  "temporary": false,
  "title": null,
  "userid": "0ggg8"
 },
 "model": "coredata.person",
 "pk": 36
},
{
 "fields": {
  "config": "{\"gender\":\"F\",\"visa\":\"Student\",\"gpa\":1.9,\"citizen\":\"Canadian\"}",
  "emplid": 300000509,
  "first_name": "Jamyzp\u00e0\u00f5",
  "last_name": "Grad",
  "middle_name": "Ygxgxi",
  "pref_first_name": "Jamy",
  "temporary": false,
  "title": null,
  "userid": "0ggg9"
 },
 "model": "coredata.person",
 "pk": 38
},
{
 "fields": {
  "config": "{\"gender\":\"M\",\"visa\":\"Live-in Ca\",\"gpa\":1.42,\"citizen\":\"OtherCountrian\"}",
  "emplid": 300000510,
  "first_name": "Dyhmeryt",
  "last_name": "Grad",
  "middle_name": "Kcx\u00fanc",
  "pref_first_name": "Dyhm",
  "temporary": false,
  "title": null,
  "userid": "0ggg10"
 },
 "model": "coredata.person",
 "pk": 40
},
{
 "fields": {
  "config": "{\"gender\":\"U\",\"visa\":\"Conv Refug\",\"gpa\":0.86,\"citizen\":\"Canadian\"}",
  "emplid": 300000511,
  "first_name": "Sgdastvx",
  "last_name": "Grad",
  "middle_name": "W\u00f5ndkw",
  "pref_first_name": "Sgda",
  "temporary": false,
  "title": null,
  "userid": "0ggg11"
 },
 "model": "coredata.person",
 "pk": 42
},
{
 "fields": {
  "config": "{\"gender\":\"M\",\"visa\":\"Other\",\"gpa\":0.6,\"citizen\":\"Canadian\"}",
  "emplid": 300000512,
  "first_name": "Dwt\u00e0f\u00efrh",
  "last_name": "Grad",
  "middle_name": "J\u00eavvsx",
  "pref_first_name": "Dwt\u00e0",
  "temporary": false,
  "title": null,
  "userid": "0ggg12"
 },
 "model": "coredata.person",
 "pk": 44
},
{
 "fields": {
  "config": "{\"gender\":\"U\",\"visa\":\"Student\",\"gpa\":3.8,\"citizen\":\"Canadian\"}",
  "emplid": 300000513,
  "first_name": "S\u00fat\u00f5\u00fauit",
  "last_name": "Grad",
  "middle_name": "Bqga\u00faw",
  "pref_first_name": "S\u00fat\u00f5\u00fauit",
  "temporary": false,
  "title": null,
  "userid": "0ggg13"
 },
 "model": "coredata.person",
 "pk": 46
},
{
 "fields": {
  "config": "{\"gender\":\"M\",\"visa\":\"Unknown\",\"gpa\":3.37,\"citizen\":\"OtherCountrian\"}",
  "emplid": 300000514,
  "first_name": "Kn\u00e0ly\u00e0sq",
  "last_name": "Grad",
  "middle_name": "Yro\u00e0lv",
  "pref_first_name": "Kn\u00e0ly\u00e0sq",
  "temporary": false,
  "title": null,
  "userid": "0ggg14"
 },
 "model": "coredata.person",
 "pk": 48
},
{
 "fields": {
  "config": "{\"gender\":\"U\",\"visa\":\"No Visa St\",\"gpa\":3.1,\"citizen\":\"Canadian\"}",
  "emplid": 300000515,
  "first_name": "Wtngl\u00e0vv",
  "last_name": "Grad",
  "middle_name": "Urjm\u00efi",
  "pref_first_name": "Wtng",
  "temporary": false,
  "title": null,
  "userid": "0ggg15"
 },
 "model": "coredata.person",
 "pk": 50
},
{
 "fields": {
  "config": "{\"gender\":\"U\",\"visa\":\"No Visa St\",\"gpa\":2.39,\"citizen\":\"OtherCountrian\"}",
  "emplid": 300000516,
  "first_name": "Cwfppdok",
  "last_name": "Grad",
  "middle_name": "Evntoe",
  "pref_first_name": "Cwfppdok",
  "temporary": false,
  "title": null,
  "userid": "0ggg16"
 },
 "model": "coredata.person",
 "pk": 52
},
{
 "fields": {
  "config": "{\"gender\":\"F\",\"visa\":\"Conv Refug\",\"gpa\":2.55,\"citizen\":\"OtherCountrian\"}",
  "emplid": 300000517,
  "first_name": "Blp\u00ef\u00ef\u00ea\u00eap",
  "last_name": "Grad",
  "middle_name": "Dgaktz",
  "pref_first_name": "Blp\u00ef\u00ef\u00ea\u00eap",
  "temporary": false,
  "title": null,
  "userid": "0ggg17"
 },
 "model": "coredata.person",
 "pk": 54
},
{
 "fields": {
  "config": "{\"gender\":\"U\",\"visa\":\"Perm Resid\",\"gpa\":1.97,\"citizen\":\"OtherCountrian\"}",
  "emplid": 300000518,
  "first_name": "V\u00e0frz\u00ealw",
  "last_name": "Grad",
  "middle_name": "H\u00e0c\u00eawt",
  "pref_first_name": "V\u00e0frz\u00ealw",
  "temporary": false,
  "title": null,
  "userid": "0ggg18"
 },
 "model": "coredata.person",
 "pk": 56
},
{
 "fields": {
  "config": "{\"gender\":\"F\",\"visa\":\"Conv Refug\",\"gpa\":2.19,\"citizen\":\"Canadian\"}",
  "emplid": 300000519,
  "first_name": "Uq\u00effgtrm",
  "last_name": "Grad",
  "middle_name": "Hjipia",
  "pref_first_name": "Uq\u00eff",
  "temporary": false,
  "title": null,
  "userid": "0ggg19"
 },
 "model": "coredata.person",
 "pk": 58
},
{
 "fields": {
  "added_reason": "AUTO",
  "career": "NONS",
  "config": "{\"sched_print_instr\":true}",
  "credits": 0,
  "labtut_section": null,
  "offering": 12,
  "official_grade": null,
  "person": 7,
  "role": "INST"
 },
 "model": "coredata.member",
 "pk": 1
},
{
 "fields": {
  "added_reason": "AUTO",
  "career": "NONS",
  "config": "{\"sched_print_instr\":true}",
  "credits": 0,
  "labtut_section": null,
  "offering": 11,
  "official_grade": null,
  "person": 8,
  "role": "INST"
 },
 "model": "coredata.member",
 "pk": 2
},
{
 "fields": {
  "added_reason": "AUTO",
  "career": "NONS",
  "config": "{}",
  "credits": 0,
  "labtut_section": null,
  "offering": 13,
  "official_grade": null,
  "person": 1,
  "role": "INST"
 },
 "model": "coredata.member",
 "pk": 22
},
{
 "fields": {
  "added_reason": "AUTO",
  "career": "NONS",
  "config": "{}",
  "credits": 0,
  "labtut_section": null,
  "offering": 13,
  "official_grade": null,
  "person": 20,
  "role": "TA"
 },
 "model": "coredata.member",
 "pk": 23
},
{
 "fields": {
  "added_reason": "AUTO",
  "career": "NONS",
  "config": "{\"sched_print_instr\":true}",
  "credits": 0,
  "labtut_section": null,
  "offering": 13,
  "official_grade": null,
  "person": 9,
  "role": "INST"
 },
 "model": "coredata.member",
 "pk": 3
},
{
 "fields": {
  "added_reason": "AUTO",
  "career": "UGRD",
  "config": "{}",
  "credits": 3,
  "labtut_section": null,
  "offering": 13,
  "official_grade": null,
  "person": 19,
  "role": "STUD"
 },
 "model": "coredata.member",
 "pk": 24
},
{
 "fields": {
  "added_reason": "AUTO",
  "career": "UGRD",
  "config": "{}",
  "credits": 3,
  "labtut_section": null,
  "offering": 13,
  "official_grade": null,
  "person": 21,
  "role": "STUD"
 },
 "model": "coredata.member",
 "pk": 25
},
{
 "fields": {
  "added_reason": "AUTO",
  "career": "NONS",
  "config": "{\"sched_print_instr\":true}",
  "credits": 0,
  "labtut_section": null,
  "offering": 14,
  "official_grade": null,
  "person": 10,
  "role": "INST"
 },
 "model": "coredata.member",
 "pk": 4
},
{
 "fields": {
  "added_reason": "AUTO",
  "career": "NONS",
  "config": "{\"sched_print_instr\":true}",
  "credits": 0,
  "labtut_section": null,
  "offering": 15,
  "official_grade": null,
  "person": 11,
  "role": "INST"
 },
 "model": "coredata.member",
 "pk": 5
},
{
 "fields": {
  "added_reason": "AUTO",
  "career": "NONS",
  "config": "{\"sched_print_instr\":true}",
  "credits": 0,
  "labtut_section": null,
  "offering": 16,
  "official_grade": null,
  "person": 11,
  "role": "INST"
 },
 "model": "coredata.member",
 "pk": 6
},
{
 "fields": {
  "added_reason": "AUTO",
  "career": "NONS",
  "config": "{\"sched_print_instr\":true}",
  "credits": 0,
  "labtut_section": null,
  "offering": 17,
  "official_grade": null,
  "person": 12,
  "role": "INST"
 },
 "model": "coredata.member",
 "pk": 7
},
{
 "fields": {
  "added_reason": "AUTO",
  "career": "NONS",
  "config": "{\"sched_print_instr\":true}",
  "credits": 0,
  "labtut_section": null,
  "offering": 18,
  "official_grade": null,
  "person": 12,
  "role": "INST"
 },
 "model": "coredata.member",
 "pk": 8
},
{
 "fields": {
  "added_reason": "AUTO",
  "career": "NONS",
  "config": "{\"sched_print_instr\":true}",
  "credits": 0,
  "labtut_section": null,
  "offering": 19,
  "official_grade": null,
  "person": 13,
  "role": "INST"
 },
 "model": "coredata.member",
 "pk": 9
},
{
 "fields": {
  "added_reason": "AUTO",
  "career": "NONS",
  "config": "{\"sched_print_instr\":true}",
  "credits": 0,
  "labtut_section": null,
  "offering": 20,
  "official_grade": null,
  "person": 14,
  "role": "INST"
 },
 "model": "coredata.member",
 "pk": 10
},
{
 "fields": {
  "added_reason": "AUTO",
  "career": "NONS",
  "config": "{\"sched_print_instr\":true}",
  "credits": 0,
  "labtut_section": null,
  "offering": 2,
  "official_grade": null,
  "person": 9,
  "role": "INST"
 },
 "model": "coredata.member",
 "pk": 11
},
{
 "fields": {
  "added_reason": "AUTO",
  "career": "NONS",
  "config": "{\"sched_print_instr\":true}",
  "credits": 0,
  "labtut_section": null,
  "offering": 3,
  "official_grade": null,
  "person": 15,
  "role": "INST"
 },
 "model": "coredata.member",
 "pk": 12
},
{
 "fields": {
  "added_reason": "AUTO",
  "career": "NONS",
  "config": "{\"sched_print_instr\":true}",
  "credits": 0,
  "labtut_section": null,
  "offering": 4,
  "official_grade": null,
  "person": 9,
  "role": "INST"
 },
 "model": "coredata.member",
 "pk": 13
},
{
 "fields": {
  "added_reason": "AUTO",
  "career": "NONS",
  "config": "{\"sched_print_instr\":true}",
  "credits": 0,
  "labtut_section": null,
  "offering": 5,
  "official_grade": null,
  "person": 9,
  "role": "INST"
 },
 "model": "coredata.member",
 "pk": 14
},
{
 "fields": {
  "added_reason": "AUTO",
  "career": "NONS",
  "config": "{\"sched_print_instr\":true}",
  "credits": 0,
  "labtut_section": null,
  "offering": 6,
  "official_grade": null,
  "person": 9,
  "role": "INST"
 },
 "model": "coredata.member",
 "pk": 15
},
{
 "fields": {
  "added_reason": "AUTO",
  "career": "NONS",
  "config": "{\"sched_print_instr\":true}",
  "credits": 0,
  "labtut_section": null,
  "offering": 7,
  "official_grade": null,
  "person": 16,
  "role": "INST"
 },
 "model": "coredata.member",
 "pk": 16
},
{
 "fields": {
  "added_reason": "AUTO",
  "career": "NONS",
  "config": "{\"sched_print_instr\":true}",
  "credits": 0,
  "labtut_section": null,
  "offering": 9,
  "official_grade": null,
  "person": 12,
  "role": "INST"
 },
 "model": "coredata.member",
 "pk": 18
},
{
 "fields": {
  "added_reason": "AUTO",
  "career": "NONS",
  "config": "{\"sched_print_instr\":true}",
  "credits": 0,
  "labtut_section": null,
  "offering": 9,
  "official_grade": null,
  "person": 17,
  "role": "INST"
 },
 "model": "coredata.member",
 "pk": 17
},
{
 "fields": {
  "added_reason": "AUTO",
  "career": "NONS",
  "config": "{\"sched_print_instr\":true}",
  "credits": 0,
  "labtut_section": null,
  "offering": 10,
  "official_grade": null,
  "person": 17,
  "role": "INST"
 },
 "model": "coredata.member",
 "pk": 19
},
{
 "fields": {
  "added_reason": "AUTO",
  "career": "NONS",
  "config": "{\"sched_print_instr\":true}",
  "credits": 0,
  "labtut_section": null,
  "offering": 8,
  "official_grade": null,
  "person": 17,
  "role": "INST"
 },
 "model": "coredata.member",
 "pk": 20
},
{
 "fields": {
  "added_reason": "AUTO",
  "career": "NONS",
  "config": "{\"sched_print_instr\":true}",
  "credits": 0,
  "labtut_section": null,
  "offering": 1,
  "official_grade": null,
  "person": 18,
  "role": "INST"
 },
 "model": "coredata.member",
 "pk": 21
},
{
 "fields": {
  "config": "{}",
  "expiry": "2019-12-22",
  "person": 5,
  "role": "ADVS",
  "unit": 5
 },
 "model": "coredata.role",
 "pk": 2
},
{
 "fields": {
  "config": "{}",
  "expiry": "2019-12-22",
  "person": 5,
  "role": "ADMN",
  "unit": 5
 },
 "model": "coredata.role",
 "pk": 3
},
{
 "fields": {
  "config": "{}",
  "expiry": "2019-12-22",
  "person": 6,
  "role": "SYSA",
  "unit": 1
 },
 "model": "coredata.role",
 "pk": 4
},
{
 "fields": {
  "config": "{}",
  "expiry": "2019-12-22",
  "person": 5,
  "role": "INV",
  "unit": 5
 },
 "model": "coredata.role",
 "pk": 5
},
{
 "fields": {
  "config": "{}",
  "expiry": "2019-12-22",
  "person": 5,
  "role": "OUTR",
  "unit": 5
 },
 "model": "coredata.role",
 "pk": 6
},
{
 "fields": {
  "config": "{}",
  "expiry": "2019-12-22",
  "person": 5,
  "role": "SPAC",
  "unit": 5
},
 "model": "coredata.role",
 "pk": 7
},
{
 "fields": {
  "config": "{}",
  "deleted": false,
  "due_date": "2017-07-07T00:00:00",
  "group": false,
  "name": "Assignmen\u021b 1",
  "offering": 13,
  "percent": "10.00",
  "position": 1,
  "short_name": "A1",
  "slug": "a1",
  "status": "URLS"
 },
 "model": "grades.activity",
 "pk": 1
},
{
 "fields": {
  "max_grade": 10
 },
 "model": "grades.numericactivity",
 "pk": 1
}
]
