[
{
 "fields": {
  "config": "{}",
  "expiry": "2023-01-23",
  "person": 5,
  "role": "GRAD",
  "unit": 5
 },
 "model": "coredata.role",
 "pk": 8
},
{
 "fields": {
  "config": "{}",
  "expiry": "2023-01-23",
  "person": 2,
  "role": "GRPD",
  "unit": 5
 },
 "model": "coredata.role",
 "pk": 9
},
{
 "fields": {
  "created_at": "2020-04-28T12:17:34.606",
  "created_by": "",
  "description": "MSc Course option",
  "hidden": false,
  "label": "MSc Course",
  "modified_by": null,
  "slug": "msccourse",
  "unit": 5,
  "updated_at": "2020-04-28T12:17:34.607"
 },
 "model": "grad.gradprogram",
 "pk": 1
},
{
 "fields": {
  "created_at": "2020-04-28T12:17:34.731",
  "created_by": "",
  "description": "MSc Project option",
  "hidden": false,
  "label": "MSc Proj",
  "modified_by": null,
  "slug": "mscproj",
  "unit": 5,
  "updated_at": "2020-04-28T12:17:34.731"
 },
 "model": "grad.gradprogram",
 "pk": 2
},
{
 "fields": {
  "created_at": "2020-04-28T12:17:34.872",
  "created_by": "",
  "description": "MSc Thesis option",
  "hidden": false,
  "label": "MSc Thesis",
  "modified_by": null,
  "slug": "mscthesis",
  "unit": 5,
  "updated_at": "2020-04-28T12:17:34.872"
 },
 "model": "grad.gradprogram",
 "pk": 3
},
{
 "fields": {
  "created_at": "2020-04-28T12:17:35.063",
  "created_by": "",
  "description": "Doctor of Philosophy",
  "hidden": false,
  "label": "PhD",
  "modified_by": null,
  "slug": "phd",
  "unit": 5,
  "updated_at": "2020-04-28T12:17:35.063"
 },
 "model": "grad.gradprogram",
 "pk": 4
},
{
 "fields": {
  "created_at": "2020-04-28T12:17:36.072",
  "created_by": "",
  "description": "Qualifying student",
  "hidden": false,
  "label": "Qualifying",
  "modified_by": null,
  "slug": "qualifying",
  "unit": 5,
  "updated_at": "2020-04-28T12:17:36.072"
 },
 "model": "grad.gradprogram",
 "pk": 5
},
{
 "fields": {
  "created_at": "2020-04-28T12:17:36.263",
  "created_by": "",
  "description": "Special Arrangements",
  "hidden": false,
  "label": "Special",
  "modified_by": null,
  "slug": "special",
  "unit": 5,
  "updated_at": "2020-04-28T12:17:36.263"
 },
 "model": "grad.gradprogram",
 "pk": 6
},
{
 "fields": {
  "comments": null,
  "eligible": false,
  "hidden": false,
  "name": "Scholarship-o-rama",
  "unit": 5
 },
 "model": "grad.scholarshiptype",
 "pk": 1
},
{
 "fields": {
  "comments": null,
  "eligible": true,
  "hidden": false,
  "name": "Generic Scholarship #8",
  "unit": 5
 },
 "model": "grad.scholarshiptype",
 "pk": 2
},
{
 "fields": {
  "created_at": "2020-04-28T12:17:36.383",
  "description": "Achieved Speciality",
  "hidden": false,
  "program": 6,
  "series": 1,
  "updated_at": "2020-04-28T12:17:36.383"
 },
 "model": "grad.gradrequirement",
 "pk": 1
},
{
 "fields": {
  "created_at": "2020-04-28T12:17:36.514",
  "description": "Found campus",
  "hidden": false,
  "program": 1,
  "series": 2,
  "updated_at": "2020-04-28T12:17:36.514"
 },
 "model": "grad.gradrequirement",
 "pk": 2
},
{
 "fields": {
  "created_at": "2020-04-28T12:17:36.644",
  "description": "Found campus",
  "hidden": false,
  "program": 2,
  "series": 2,
  "updated_at": "2020-04-28T12:17:36.644"
 },
 "model": "grad.gradrequirement",
 "pk": 3
},
{
 "fields": {
  "created_at": "2020-04-28T12:17:36.817",
  "description": "Found campus",
  "hidden": false,
  "program": 3,
  "series": 2,
  "updated_at": "2020-04-28T12:17:36.817"
 },
 "model": "grad.gradrequirement",
 "pk": 4
},
{
 "fields": {
  "created_at": "2020-04-28T12:17:36.942",
  "description": "Found campus",
  "hidden": false,
  "program": 4,
  "series": 2,
  "updated_at": "2020-04-28T12:17:36.942"
 },
 "model": "grad.gradrequirement",
 "pk": 5
},
{
 "fields": {
  "created_at": "2020-04-28T12:17:37.051",
  "description": "Found campus",
  "hidden": false,
  "program": 5,
  "series": 2,
  "updated_at": "2020-04-28T12:17:37.051"
 },
 "model": "grad.gradrequirement",
 "pk": 6
},
{
 "fields": {
  "created_at": "2020-04-28T12:17:37.165",
  "description": "Found campus",
  "hidden": false,
  "program": 6,
  "series": 2,
  "updated_at": "2020-04-28T12:17:37.166"
 },
 "model": "grad.gradrequirement",
 "pk": 7
},
{
 "fields": {
  "config": "{}",
  "content": "Congratulations, {{first_name}}, we would like to offer you admission to the {{program}} program in Computing Science at SFU.\r\n\r\nThis is g\u00f6\u00f6d news. Really.",
  "created_at": "2020-04-28T12:17:34.339",
  "created_by": "",
  "hidden": false,
  "label": "offer",
  "slug": "cmpt-offer",
  "unit": 5
 },
 "model": "grad.lettertemplate",
 "pk": 1
},
{
 "fields": {
  "config": "{}",
  "content": "This is to confirm that {{title}} {{first_name}} {{last_name}} is currently enrolled as a full time student in the {{program}} in the School of Computing Science at SFU.",
  "created_at": "2020-04-28T12:17:34.423",
  "created_by": "",
  "hidden": false,
  "label": "visa",
  "slug": "cmpt-visa",
  "unit": 5
 },
 "model": "grad.lettertemplate",
 "pk": 2
},
{
 "fields": {
  "config": "{}",
  "content": "This is to confirm that {{title}} {{first_name}} {{last_name}} is a student in the School of Computing Science's {{program}} program. {{He_She}} has been employed as follows:\r\n\r\n{% if tafunding %}Teaching assistant responsibilities include providing tutorials, office hours and marking assignments. {{title}} {{last_name}}'s assignments have been:\r\n\r\n{{ tafunding }}{% endif %}\r\n{% if rafunding %}Research assistants assist/provide research services to faculty. {{title}} {{last_name}}'s assignments have been:\r\n\r\n{{ rafunding }}{% endif %}\r\n{% if scholarships %}{{title}} {{last_name}} has received the following scholarships:\r\n\r\n{{ scholarships }}{% endif %}\r\n\r\n{{title}} {{last_name}} is making satisfactory progress.",
  "created_at": "2020-04-28T12:17:34.531",
  "created_by": "",
  "hidden": false,
  "label": "Funding",
  "slug": "cmpt-funding",
  "unit": 5
 },
 "model": "grad.lettertemplate",
 "pk": 3
},
{
 "fields": {
  "label": "Dual Degree Program",
  "unit": 5
 },
 "model": "grad.gradflag",
 "pk": 1
},
{
 "fields": {
  "label": "Co-op",
  "unit": 5
 },
 "model": "grad.gradflag",
 "pk": 2
},
{
 "fields": {
  "campus": "GNWC",
  "comments": "",
  "config": "{}",
  "created_at": "2020-04-28T12:17:37.558",
  "created_by": "",
  "current_status": "ACTI",
  "end_semester": null,
  "english_fluency": "",
  "is_canadian": false,
  "modified_by": null,
  "mother_tongue": "",
  "passport_issued_by": "",
  "person": 24,
  "program": 3,
  "research_area": "Nfelz\u00fa\u00ea\u00e0ology",
  "slug": "0ggg0-mscthesis",
  "start_semester": 160,
  "updated_at": "2020-04-28T12:17:38.712"
 },
 "model": "grad.gradstudent",
 "pk": 1
},
{
 "fields": {
  "campus": "SURRY",
  "comments": "",
  "config": "{}",
  "created_at": "2020-04-28T12:17:39.849",
  "created_by": "",
  "current_status": "ACTI",
  "end_semester": null,
  "english_fluency": "",
  "is_canadian": false,
  "modified_by": null,
  "mother_tongue": "",
  "passport_issued_by": "",
  "person": 44,
  "program": 3,
  "research_area": "Oon\u00ef\u00e0aidology",
  "slug": "0ggg10-mscthesis",
  "start_semester": 163,
  "updated_at": "2020-04-28T12:17:41.043"
 },
 "model": "grad.gradstudent",
 "pk": 2
},
{
 "fields": {
  "campus": "OFFST",
  "comments": "",
  "config": "{}",
  "created_at": "2020-04-28T12:17:42.267",
  "created_by": "",
  "current_status": "ACTI",
  "end_semester": null,
  "english_fluency": "",
  "is_canadian": null,
  "modified_by": null,
  "mother_tongue": "",
  "passport_issued_by": "",
  "person": 36,
  "program": 5,
  "research_area": "Aubeeb\u00e0iology",
  "slug": "0ggg6-qualifying",
  "start_semester": 161,
  "updated_at": "2020-04-28T12:17:43.473"
 },
 "model": "grad.gradstudent",
 "pk": 3
},
{
 "fields": {
  "campus": "BRNBY",
  "comments": "",
  "config": "{}",
  "created_at": "2020-04-28T12:17:44.378",
  "created_by": "",
  "current_status": "ACTI",
  "end_semester": null,
  "english_fluency": "",
  "is_canadian": null,
  "modified_by": null,
  "mother_tongue": "",
  "passport_issued_by": "",
  "person": 50,
  "program": 3,
  "research_area": "Zedfcxqfology",
  "slug": "0ggg13-mscthesis",
  "start_semester": 161,
  "updated_at": "2020-04-28T12:17:45.538"
 },
 "model": "grad.gradstudent",
 "pk": 4
},
{
 "fields": {
  "campus": "GNWC",
  "comments": "",
  "config": "{}",
  "created_at": "2020-04-28T12:17:46.620",
  "created_by": "",
  "current_status": "ACTI",
  "end_semester": null,
  "english_fluency": "",
  "is_canadian": false,
  "modified_by": null,
  "mother_tongue": "",
  "passport_issued_by": "",
  "person": 48,
  "program": 1,
  "research_area": "Zjz\u00efbqhrology",
  "slug": "0ggg12-msccourse",
  "start_semester": 160,
  "updated_at": "2020-04-28T12:17:48.148"
 },
 "model": "grad.gradstudent",
 "pk": 5
},
{
 "fields": {
  "campus": "VANCR",
  "comments": "",
  "config": "{}",
  "created_at": "2020-04-28T12:17:49.265",
  "created_by": "",
  "current_status": "REJE",
  "end_semester": null,
  "english_fluency": "",
  "is_canadian": null,
  "modified_by": null,
  "mother_tongue": "",
  "passport_issued_by": "",
  "person": 30,
  "program": 5,
  "research_area": "J\u00faayn\u00fac\u00eaology",
  "slug": "0ggg3-qualifying",
  "start_semester": 164,
  "updated_at": "2020-04-28T12:17:50.372"
 },
 "model": "grad.gradstudent",
 "pk": 6
},
{
 "fields": {
  "campus": "BRNBY",
  "comments": "",
  "config": "{}",
  "created_at": "2020-04-28T12:17:51.445",
  "created_by": "",
  "current_status": "ACTI",
  "end_semester": null,
  "english_fluency": "",
  "is_canadian": true,
  "modified_by": null,
  "mother_tongue": "",
  "passport_issued_by": "",
  "person": 52,
  "program": 6,
  "research_area": "Mi\u00ea\u00fa\u00f5\u00fa\u00eakology",
  "slug": "0ggg14-special",
  "start_semester": 161,
  "updated_at": "2020-04-28T12:17:53.307"
 },
 "model": "grad.gradstudent",
 "pk": 7
},
{
 "fields": {
  "campus": "SURRY",
  "comments": "",
  "config": "{}",
  "created_at": "2020-04-28T12:17:55.165",
  "created_by": "",
  "current_status": "REJE",
  "end_semester": null,
  "english_fluency": "",
  "is_canadian": true,
  "modified_by": null,
  "mother_tongue": "",
  "passport_issued_by": "",
  "person": 60,
  "program": 2,
  "research_area": "Lp\u00efc\u00f5nmmology",
  "slug": "0ggg18-mscproj",
  "start_semester": 164,
  "updated_at": "2020-04-28T12:17:56.141"
 },
 "model": "grad.gradstudent",
 "pk": 8
},
{
 "fields": {
  "campus": "VANCR",
  "comments": "",
  "config": "{}",
  "created_at": "2020-04-28T12:17:58.052",
  "created_by": "",
  "current_status": "ACTI",
  "end_semester": null,
  "english_fluency": "",
  "is_canadian": null,
  "modified_by": null,
  "mother_tongue": "",
  "passport_issued_by": "",
  "person": 56,
  "program": 4,
  "research_area": "Bexujxwsology",
  "slug": "0ggg16-phd",
  "start_semester": 162,
  "updated_at": "2020-04-28T12:17:59.692"
 },
 "model": "grad.gradstudent",
 "pk": 9
},
{
 "fields": {
  "campus": "VANCR",
  "comments": "",
  "config": "{}",
  "created_at": "2020-04-28T12:18:01.803",
  "created_by": "",
  "current_status": "ACTI",
  "end_semester": null,
  "english_fluency": "",
  "is_canadian": false,
  "modified_by": null,
  "mother_tongue": "",
  "passport_issued_by": "",
  "person": 62,
  "program": 5,
  "research_area": "L\u00eap\u00fagwusology",
  "slug": "0ggg19-qualifying",
  "start_semester": 159,
  "updated_at": "2020-04-28T12:18:03.630"
 },
 "model": "grad.gradstudent",
 "pk": 10
},
{
 "fields": {
  "campus": "METRO",
  "comments": "",
  "config": "{}",
  "created_at": "2020-04-28T12:18:05.394",
  "created_by": "",
  "current_status": "WIDR",
  "end_semester": 160,
  "english_fluency": "",
  "is_canadian": null,
  "modified_by": null,
  "mother_tongue": "",
  "passport_issued_by": "",
  "person": 54,
  "program": 3,
  "research_area": "Esdplyu\u00faology",
  "slug": "0ggg15-mscthesis",
  "start_semester": 157,
  "updated_at": "2020-04-28T12:18:08.063"
 },
 "model": "grad.gradstudent",
 "pk": 11
},
{
 "fields": {
  "campus": "METRO",
  "comments": "",
  "config": "{}",
  "created_at": "2020-04-28T12:18:08.974",
  "created_by": "",
  "current_status": "REJE",
  "end_semester": null,
  "english_fluency": "",
  "is_canadian": null,
  "modified_by": null,
  "mother_tongue": "",
  "passport_issued_by": "",
  "person": 42,
  "program": 4,
  "research_area": "Kepcid\u00eafology",
  "slug": "0ggg9-phd",
  "start_semester": 158,
  "updated_at": "2020-04-28T12:18:09.837"
 },
 "model": "grad.gradstudent",
 "pk": 12
},
{
 "fields": {
  "campus": "VANCR",
  "comments": "",
  "config": "{}",
  "created_at": "2020-04-28T12:18:10.415",
  "created_by": "",
  "current_status": "REJE",
  "end_semester": null,
  "english_fluency": "",
  "is_canadian": true,
  "modified_by": null,
  "mother_tongue": "",
  "passport_issued_by": "",
  "person": 26,
  "program": 1,
  "research_area": "Ziwcosdyology",
  "slug": "0ggg1-msccourse",
  "start_semester": 163,
  "updated_at": "2020-04-28T12:18:11.285"
 },
 "model": "grad.gradstudent",
 "pk": 13
},
{
 "fields": {
  "campus": "METRO",
  "comments": "",
  "config": "{}",
  "created_at": "2020-04-28T12:18:12.475",
  "created_by": "",
  "current_status": "ACTI",
  "end_semester": null,
  "english_fluency": "",
  "is_canadian": false,
  "modified_by": null,
  "mother_tongue": "",
  "passport_issued_by": "",
  "person": 32,
  "program": 2,
  "research_area": "Vr\u00efdbagnology",
  "slug": "0ggg4-mscproj",
  "start_semester": 160,
  "updated_at": "2020-04-28T12:18:13.745"
 },
 "model": "grad.gradstudent",
 "pk": 14
},
{
 "fields": {
  "campus": "OFFST",
  "comments": "",
  "config": "{}",
  "created_at": "2020-04-28T12:18:14.714",
  "created_by": "",
  "current_status": "ACTI",
  "end_semester": null,
  "english_fluency": "",
  "is_canadian": null,
  "modified_by": null,
  "mother_tongue": "",
  "passport_issued_by": "",
  "person": 28,
  "program": 4,
  "research_area": "H\u00efxnilwqology",
  "slug": "0ggg2-phd",
  "start_semester": 164,
  "updated_at": "2020-04-28T12:18:16.075"
 },
 "model": "grad.gradstudent",
 "pk": 15
},
{
 "fields": {
  "campus": "BRNBY",
  "comments": "",
  "config": "{}",
  "created_at": "2020-04-28T12:18:17.502",
  "created_by": "",
  "current_status": "REJE",
  "end_semester": null,
  "english_fluency": "",
  "is_canadian": false,
  "modified_by": null,
  "mother_tongue": "",
  "passport_issued_by": "",
  "person": 38,
  "program": 2,
  "research_area": "Ul\u00fa\u00fairekology",
  "slug": "0ggg7-mscproj",
  "start_semester": 160,
  "updated_at": "2020-04-28T12:18:18.376"
 },
 "model": "grad.gradstudent",
 "pk": 16
},
{
 "fields": {
  "campus": "SURRY",
  "comments": "",
  "config": "{}",
  "created_at": "2020-04-28T12:18:19.083",
  "created_by": "",
  "current_status": "ACTI",
  "end_semester": null,
  "english_fluency": "",
  "is_canadian": null,
  "modified_by": null,
  "mother_tongue": "",
  "passport_issued_by": "",
  "person": 58,
  "program": 4,
  "research_area": "V\u00f5xiaie\u00e0ology",
  "slug": "0ggg17-phd",
  "start_semester": 158,
  "updated_at": "2020-04-28T12:18:20.630"
 },
 "model": "grad.gradstudent",
 "pk": 17
},
{
 "fields": {
  "campus": "GNWC",
  "comments": "",
  "config": "{}",
  "created_at": "2020-04-28T12:18:21.729",
  "created_by": "",
  "current_status": "ACTI",
  "end_semester": null,
  "english_fluency": "",
  "is_canadian": null,
  "modified_by": null,
  "mother_tongue": "",
  "passport_issued_by": "",
  "person": 34,
  "program": 3,
  "research_area": "Nytqvtuaology",
  "slug": "0ggg5-mscthesis",
  "start_semester": 157,
  "updated_at": "2020-04-28T12:18:23.191"
 },
 "model": "grad.gradstudent",
 "pk": 18
},
{
 "fields": {
  "campus": "BRNBY",
  "comments": "",
  "config": "{}",
  "created_at": "2020-04-28T12:18:24.724",
  "created_by": "",
  "current_status": "ACTI",
  "end_semester": null,
  "english_fluency": "",
  "is_canadian": false,
  "modified_by": null,
  "mother_tongue": "",
  "passport_issued_by": "",
  "person": 40,
  "program": 5,
  "research_area": "Ngnxirv\u00eaology",
  "slug": "0ggg8-qualifying",
  "start_semester": 161,
  "updated_at": "2020-04-28T12:18:25.895"
 },
 "model": "grad.gradstudent",
 "pk": 19
},
{
 "fields": {
  "campus": "VANCR",
  "comments": "",
  "config": "{}",
  "created_at": "2020-04-28T12:18:27.197",
  "created_by": "",
  "current_status": "ACTI",
  "end_semester": null,
  "english_fluency": "",
  "is_canadian": null,
  "modified_by": null,
  "mother_tongue": "",
  "passport_issued_by": "",
  "person": 46,
  "program": 5,
  "research_area": "Wrgorgagology",
  "slug": "0ggg11-qualifying",
  "start_semester": 160,
  "updated_at": "2020-04-28T12:18:28.850"
 },
 "model": "grad.gradstudent",
 "pk": 20
},
{
 "fields": {
  "campus": "GNWC",
  "comments": "",
  "config": "{}",
  "created_at": "2020-04-28T12:18:29.990",
  "created_by": "",
  "current_status": "ACTI",
  "end_semester": null,
  "english_fluency": "",
  "is_canadian": true,
  "modified_by": null,
  "mother_tongue": "",
  "passport_issued_by": "",
  "person": 62,
  "program": 1,
  "research_area": "Kswzu\u00eak\u00f5ology",
  "slug": "0ggg19-msccourse",
  "start_semester": 161,
  "updated_at": "2020-04-28T12:18:31.121"
 },
 "model": "grad.gradstudent",
 "pk": 21
},
{
 "fields": {
  "campus": "GNWC",
  "comments": "",
  "config": "{}",
  "created_at": "2020-04-28T12:18:35.032",
  "created_by": "",
  "current_status": "ACTI",
  "end_semester": null,
  "english_fluency": "",
  "is_canadian": null,
  "modified_by": null,
  "mother_tongue": "",
  "passport_issued_by": "",
  "person": 34,
  "program": 4,
  "research_area": "Jpnc\u00eagvhology",
  "slug": "0ggg5-phd",
  "start_semester": 164,
  "updated_at": "2020-04-28T12:18:36.247"
 },
 "model": "grad.gradstudent",
 "pk": 22
},
{
 "fields": {
  "campus": "VANCR",
  "comments": "",
  "config": "{}",
  "created_at": "2020-04-28T12:18:37.479",
  "created_by": "",
  "current_status": "ACTI",
  "end_semester": null,
  "english_fluency": "",
  "is_canadian": false,
  "modified_by": null,
  "mother_tongue": "",
  "passport_issued_by": "",
  "person": 46,
  "program": 4,
  "research_area": "Liy\u00f5refjology",
  "slug": "0ggg11-phd",
  "start_semester": 159,
  "updated_at": "2020-04-28T12:18:38.724"
 },
 "model": "grad.gradstudent",
 "pk": 23
},
{
 "fields": {
  "campus": "GNWC",
  "comments": "",
  "config": "{}",
  "created_at": "2020-04-28T12:18:40.130",
  "created_by": "",
  "current_status": "ACTI",
  "end_semester": null,
  "english_fluency": "",
  "is_canadian": false,
  "modified_by": null,
  "mother_tongue": "",
  "passport_issued_by": "",
  "person": 50,
  "program": 2,
  "research_area": "Yforrsakology",
  "slug": "0ggg13-mscproj",
  "start_semester": 164,
  "updated_at": "2020-04-28T12:18:41.522"
 },
 "model": "grad.gradstudent",
 "pk": 24
},
{
 "fields": {
  "campus": "SURRY",
  "comments": "",
  "config": "{}",
  "created_at": "2020-04-28T12:18:42.551",
  "created_by": "",
  "current_status": "WIDR",
  "end_semester": 163,
  "english_fluency": "",
  "is_canadian": false,
  "modified_by": null,
  "mother_tongue": "",
  "passport_issued_by": "",
  "person": 54,
  "program": 5,
  "research_area": "It\u00f5\u00efvjh\u00eaology",
  "slug": "0ggg15-qualifying",
  "start_semester": 158,
  "updated_at": "2020-04-28T12:18:44.239"
 },
 "model": "grad.gradstudent",
 "pk": 25
},
{
 "fields": {
  "config": "{}",
  "program": 3,
  "start_semester": 160,
  "starting": "2020-04-28",
  "student": 1
 },
 "model": "grad.gradprogramhistory",
 "pk": 1
},
{
 "fields": {
  "config": "{}",
  "program": 3,
  "start_semester": 163,
  "starting": "2020-04-28",
  "student": 2
 },
 "model": "grad.gradprogramhistory",
 "pk": 2
},
{
 "fields": {
  "config": "{}",
  "program": 5,
  "start_semester": 165,
  "starting": "2020-04-28",
  "student": 2
 },
 "model": "grad.gradprogramhistory",
 "pk": 3
},
{
 "fields": {
  "config": "{}",
  "program": 5,
  "start_semester": 161,
  "starting": "2020-04-28",
  "student": 3
 },
 "model": "grad.gradprogramhistory",
 "pk": 4
},
{
 "fields": {
  "config": "{}",
  "program": 3,
  "start_semester": 161,
  "starting": "2020-04-28",
  "student": 4
 },
 "model": "grad.gradprogramhistory",
 "pk": 5
},
{
 "fields": {
  "config": "{}",
  "program": 1,
  "start_semester": 160,
  "starting": "2020-04-28",
  "student": 5
 },
 "model": "grad.gradprogramhistory",
 "pk": 6
},
{
 "fields": {
  "config": "{}",
  "program": 5,
  "start_semester": 164,
  "starting": "2020-04-28",
  "student": 6
 },
 "model": "grad.gradprogramhistory",
 "pk": 7
},
{
 "fields": {
  "config": "{}",
  "program": 6,
  "start_semester": 161,
  "starting": "2020-04-28",
  "student": 7
 },
 "model": "grad.gradprogramhistory",
 "pk": 8
},
{
 "fields": {
  "config": "{}",
  "program": 2,
  "start_semester": 164,
  "starting": "2020-04-28",
  "student": 8
 },
 "model": "grad.gradprogramhistory",
 "pk": 9
},
{
 "fields": {
  "config": "{}",
  "program": 4,
  "start_semester": 162,
  "starting": "2020-04-28",
  "student": 9
 },
 "model": "grad.gradprogramhistory",
 "pk": 10
},
{
 "fields": {
  "config": "{}",
  "program": 2,
  "start_semester": 159,
  "starting": "2020-04-28",
  "student": 10
 },
 "model": "grad.gradprogramhistory",
 "pk": 11
},
{
 "fields": {
  "config": "{}",
  "program": 5,
  "start_semester": 163,
  "starting": "2020-04-28",
  "student": 10
 },
 "model": "grad.gradprogramhistory",
 "pk": 12
},
{
 "fields": {
  "config": "{}",
  "program": 3,
  "start_semester": 157,
  "starting": "2020-04-28",
  "student": 11
 },
 "model": "grad.gradprogramhistory",
 "pk": 13
},
{
 "fields": {
  "config": "{}",
  "program": 4,
  "start_semester": 158,
  "starting": "2020-04-28",
  "student": 12
 },
 "model": "grad.gradprogramhistory",
 "pk": 14
},
{
 "fields": {
  "config": "{}",
  "program": 1,
  "start_semester": 163,
  "starting": "2020-04-28",
  "student": 13
 },
 "model": "grad.gradprogramhistory",
 "pk": 15
},
{
 "fields": {
  "config": "{}",
  "program": 3,
  "start_semester": 160,
  "starting": "2020-04-28",
  "student": 14
 },
 "model": "grad.gradprogramhistory",
 "pk": 16
},
{
 "fields": {
  "config": "{}",
  "program": 2,
  "start_semester": 164,
  "starting": "2020-04-28",
  "student": 14
 },
 "model": "grad.gradprogramhistory",
 "pk": 17
},
{
 "fields": {
  "config": "{}",
  "program": 4,
  "start_semester": 164,
  "starting": "2020-04-28",
  "student": 15
 },
 "model": "grad.gradprogramhistory",
 "pk": 18
},
{
 "fields": {
  "config": "{}",
  "program": 2,
  "start_semester": 160,
  "starting": "2020-04-28",
  "student": 16
 },
 "model": "grad.gradprogramhistory",
 "pk": 19
},
{
 "fields": {
  "config": "{}",
  "program": 1,
  "start_semester": 158,
  "starting": "2020-04-28",
  "student": 17
 },
 "model": "grad.gradprogramhistory",
 "pk": 20
},
{
 "fields": {
  "config": "{}",
  "program": 4,
  "start_semester": 162,
  "starting": "2020-04-28",
  "student": 17
 },
 "model": "grad.gradprogramhistory",
 "pk": 21
},
{
 "fields": {
  "config": "{}",
  "program": 3,
  "start_semester": 157,
  "starting": "2020-04-28",
  "student": 18
 },
 "model": "grad.gradprogramhistory",
 "pk": 22
},
{
 "fields": {
  "config": "{}",
  "program": 5,
  "start_semester": 161,
  "starting": "2020-04-28",
  "student": 19
 },
 "model": "grad.gradprogramhistory",
 "pk": 23
},
{
 "fields": {
  "config": "{}",
  "program": 4,
  "start_semester": 160,
  "starting": "2020-04-28",
  "student": 20
 },
 "model": "grad.gradprogramhistory",
 "pk": 24
},
{
 "fields": {
  "config": "{}",
  "program": 5,
  "start_semester": 164,
  "starting": "2020-04-28",
  "student": 20
 },
 "model": "grad.gradprogramhistory",
 "pk": 25
},
{
 "fields": {
  "config": "{}",
  "program": 1,
  "start_semester": 161,
  "starting": "2020-04-28",
  "student": 21
 },
 "model": "grad.gradprogramhistory",
 "pk": 26
},
{
 "fields": {
  "config": "{}",
  "program": 4,
  "start_semester": 164,
  "starting": "2020-04-28",
  "student": 22
 },
 "model": "grad.gradprogramhistory",
 "pk": 27
},
{
 "fields": {
  "config": "{}",
  "program": 4,
  "start_semester": 159,
  "starting": "2020-04-28",
  "student": 23
 },
 "model": "grad.gradprogramhistory",
 "pk": 28
},
{
 "fields": {
  "config": "{}",
  "program": 2,
  "start_semester": 164,
  "starting": "2020-04-28",
  "student": 24
 },
 "model": "grad.gradprogramhistory",
 "pk": 29
},
{
 "fields": {
  "config": "{}",
  "program": 4,
  "start_semester": 165,
  "starting": "2020-04-28",
  "student": 24
 },
 "model": "grad.gradprogramhistory",
 "pk": 30
},
{
 "fields": {
  "config": "{}",
  "program": 3,
  "start_semester": 158,
  "starting": "2020-04-28",
  "student": 25
 },
 "model": "grad.gradprogramhistory",
 "pk": 31
},
{
 "fields": {
  "config": "{}",
  "program": 5,
  "start_semester": 159,
  "starting": "2020-04-28",
  "student": 25
 },
 "model": "grad.gradprogramhistory",
 "pk": 32
},
{
 "fields": {
  "config": "{}",
  "created_at": "2020-04-28T12:17:37.791",
  "end": 160,
  "hidden": false,
  "notes": "",
  "start": 160,
  "start_date": "2018-05-27",
  "status": "COMP",
  "student": 1,
  "updated_at": "2020-04-28T12:17:38.188"
 },
 "model": "grad.gradstatus",
 "pk": 1
},
{
 "fields": {
  "config": "{}",
  "created_at": "2020-04-28T12:17:38.059",
  "end": 160,
  "hidden": false,
  "notes": "",
  "start": 160,
  "start_date": "2018-06-16",
  "status": "OFFO",
  "student": 1,
  "updated_at": "2020-04-28T12:17:38.548"
 },
 "model": "grad.gradstatus",
 "pk": 2
},
{
 "fields": {
  "config": "{}",
  "created_at": "2020-04-28T12:17:38.423",
  "end": null,
  "hidden": false,
  "notes": "",
  "start": 160,
  "start_date": "2018-09-04",
  "status": "ACTI",
  "student": 1,
  "updated_at": "2020-04-28T12:17:38.423"
 },
 "model": "grad.gradstatus",
 "pk": 3
},
{
 "fields": {
  "config": "{}",
  "created_at": "2020-04-28T12:17:40.180",
  "end": 163,
  "hidden": false,
  "notes": "",
  "start": 163,
  "start_date": "2019-05-26",
  "status": "COMP",
  "student": 2,
  "updated_at": "2020-04-28T12:17:40.550"
 },
 "model": "grad.gradstatus",
 "pk": 4
},
{
 "fields": {
  "config": "{}",
  "created_at": "2020-04-28T12:17:40.434",
  "end": 163,
  "hidden": false,
  "notes": "",
  "start": 163,
  "start_date": "2019-06-15",
  "status": "OFFO",
  "student": 2,
  "updated_at": "2020-04-28T12:17:40.907"
 },
 "model": "grad.gradstatus",
 "pk": 5
},
{
 "fields": {
  "config": "{}",
  "created_at": "2020-04-28T12:17:40.759",
  "end": null,
  "hidden": false,
  "notes": "",
  "start": 163,
  "start_date": "2019-09-03",
  "status": "ACTI",
  "student": 2,
  "updated_at": "2020-04-28T12:17:40.759"
 },
 "model": "grad.gradstatus",
 "pk": 6
},
{
 "fields": {
  "config": "{}",
  "created_at": "2020-04-28T12:17:42.611",
  "end": 161,
  "hidden": false,
  "notes": "",
  "start": 161,
  "start_date": "2018-09-25",
  "status": "COMP",
  "student": 3,
  "updated_at": "2020-04-28T12:17:42.960"
 },
 "model": "grad.gradstatus",
 "pk": 7
},
{
 "fields": {
  "config": "{}",
  "created_at": "2020-04-28T12:17:42.867",
  "end": 161,
  "hidden": false,
  "notes": "",
  "start": 161,
  "start_date": "2018-10-15",
  "status": "OFFO",
  "student": 3,
  "updated_at": "2020-04-28T12:17:43.348"
 },
 "model": "grad.gradstatus",
 "pk": 8
},
{
 "fields": {
  "config": "{}",
  "created_at": "2020-04-28T12:17:43.209",
  "end": 170,
  "hidden": false,
  "notes": "",
  "start": 161,
  "start_date": "2019-01-03",
  "status": "ACTI",
  "student": 3,
  "updated_at": "2020-04-28T12:17:43.715"
 },
 "model": "grad.gradstatus",
 "pk": 9
},
{
 "fields": {
  "config": "{}",
  "created_at": "2020-04-28T12:17:43.584",
  "end": null,
  "hidden": false,
  "notes": "",
  "start": 170,
  "start_date": "2022-01-05",
  "status": "WIDR",
  "student": 3,
  "updated_at": "2020-04-28T12:17:43.584"
 },
 "model": "grad.gradstatus",
 "pk": 10
},
{
 "fields": {
  "config": "{}",
  "created_at": "2020-04-28T12:17:44.657",
  "end": 161,
  "hidden": false,
  "notes": "",
  "start": 161,
  "start_date": "2018-09-25",
  "status": "COMP",
  "student": 4,
  "updated_at": "2020-04-28T12:17:45.061"
 },
 "model": "grad.gradstatus",
 "pk": 11
},
{
 "fields": {
  "config": "{}",
  "created_at": "2020-04-28T12:17:44.909",
  "end": 161,
  "hidden": false,
  "notes": "",
  "start": 161,
  "start_date": "2018-10-15",
  "status": "OFFO",
  "student": 4,
  "updated_at": "2020-04-28T12:17:45.415"
 },
 "model": "grad.gradstatus",
 "pk": 12
},
{
 "fields": {
  "config": "{}",
  "created_at": "2020-04-28T12:17:45.299",
  "end": null,
  "hidden": false,
  "notes": "",
  "start": 161,
  "start_date": "2019-01-03",
  "status": "ACTI",
  "student": 4,
  "updated_at": "2020-04-28T12:17:45.299"
 },
 "model": "grad.gradstatus",
 "pk": 13
},
{
 "fields": {
  "config": "{}",
  "created_at": "2020-04-28T12:17:46.839",
  "end": 160,
  "hidden": false,
  "notes": "",
  "start": 160,
  "start_date": "2018-05-27",
  "status": "COMP",
  "student": 5,
  "updated_at": "2020-04-28T12:17:47.494"
 },
 "model": "grad.gradstatus",
 "pk": 14
},
{
 "fields": {
  "config": "{}",
  "created_at": "2020-04-28T12:17:47.193",
  "end": 160,
  "hidden": false,
  "notes": "",
  "start": 160,
  "start_date": "2018-06-16",
  "status": "OFFO",
  "student": 5,
  "updated_at": "2020-04-28T12:17:47.969"
 },
 "model": "grad.gradstatus",
 "pk": 15
},
{
 "fields": {
  "config": "{}",
  "created_at": "2020-04-28T12:17:47.818",
  "end": null,
  "hidden": false,
  "notes": "",
  "start": 160,
  "start_date": "2018-09-04",
  "status": "ACTI",
  "student": 5,
  "updated_at": "2020-04-28T12:17:47.818"
 },
 "model": "grad.gradstatus",
 "pk": 16
},
{
 "fields": {
  "config": "{}",
  "created_at": "2020-04-28T12:17:49.667",
  "end": 164,
  "hidden": false,
  "notes": "",
  "start": 164,
  "start_date": "2019-09-28",
  "status": "COMP",
  "student": 6,
  "updated_at": "2020-04-28T12:17:50.221"
 },
 "model": "grad.gradstatus",
 "pk": 17
},
{
 "fields": {
  "config": "{}",
  "created_at": "2020-04-28T12:17:50.068",
  "end": null,
  "hidden": false,
  "notes": "",
  "start": 164,
  "start_date": "2019-10-18",
  "status": "REJE",
  "student": 6,
  "updated_at": "2020-04-28T12:17:50.068"
 },
 "model": "grad.gradstatus",
 "pk": 18
},
{
 "fields": {
  "config": "{}",
  "created_at": "2020-04-28T12:17:52.075",
  "end": 161,
  "hidden": false,
  "notes": "",
  "start": 161,
  "start_date": "2018-09-25",
  "status": "COMP",
  "student": 7,
  "updated_at": "2020-04-28T12:17:52.502"
 },
 "model": "grad.gradstatus",
 "pk": 19
},
{
 "fields": {
  "config": "{}",
  "created_at": "2020-04-28T12:17:52.341",
  "end": 161,
  "hidden": false,
  "notes": "",
  "start": 161,
  "start_date": "2018-10-15",
  "status": "OFFO",
  "student": 7,
  "updated_at": "2020-04-28T12:17:53.012"
 },
 "model": "grad.gradstatus",
 "pk": 20
},
{
 "fields": {
  "config": "{}",
  "created_at": "2020-04-28T12:17:52.869",
  "end": 167,
  "hidden": false,
  "notes": "",
  "start": 161,
  "start_date": "2019-01-03",
  "status": "ACTI",
  "student": 7,
  "updated_at": "2020-04-28T12:17:53.615"
 },
 "model": "grad.gradstatus",
 "pk": 21
},
{
 "fields": {
  "config": "{}",
  "created_at": "2020-04-28T12:17:53.452",
  "end": null,
  "hidden": false,
  "notes": "",
  "start": 167,
  "start_date": "2021-01-05",
  "status": "WIDR",
  "student": 7,
  "updated_at": "2020-04-28T12:17:53.452"
 },
 "model": "grad.gradstatus",
 "pk": 22
},
{
 "fields": {
  "config": "{}",
  "created_at": "2020-04-28T12:17:55.460",
  "end": 164,
  "hidden": false,
  "notes": "",
  "start": 164,
  "start_date": "2019-09-28",
  "status": "COMP",
  "student": 8,
  "updated_at": "2020-04-28T12:17:55.981"
 },
 "model": "grad.gradstatus",
 "pk": 23
},
{
 "fields": {
  "config": "{}",
  "created_at": "2020-04-28T12:17:55.759",
  "end": null,
  "hidden": false,
  "notes": "",
  "start": 164,
  "start_date": "2019-10-18",
  "status": "REJE",
  "student": 8,
  "updated_at": "2020-04-28T12:17:55.759"
 },
 "model": "grad.gradstatus",
 "pk": 24
},
{
 "fields": {
  "config": "{}",
  "created_at": "2020-04-28T12:17:58.366",
  "end": 162,
  "hidden": false,
  "notes": "",
  "start": 162,
  "start_date": "2019-01-26",
  "status": "COMP",
  "student": 9,
  "updated_at": "2020-04-28T12:17:58.895"
 },
 "model": "grad.gradstatus",
 "pk": 25
},
{
 "fields": {
  "config": "{}",
  "created_at": "2020-04-28T12:17:58.750",
  "end": 162,
  "hidden": false,
  "notes": "",
  "start": 162,
  "start_date": "2019-02-15",
  "status": "OFFO",
  "student": 9,
  "updated_at": "2020-04-28T12:17:59.457"
 },
 "model": "grad.gradstatus",
 "pk": 26
},
{
 "fields": {
  "config": "{}",
  "created_at": "2020-04-28T12:17:59.294",
  "end": 168,
  "hidden": false,
  "notes": "",
  "start": 162,
  "start_date": "2019-05-06",
  "status": "ACTI",
  "student": 9,
  "updated_at": "2020-04-28T12:17:59.979"
 },
 "model": "grad.gradstatus",
 "pk": 27
},
{
 "fields": {
  "config": "{}",
  "created_at": "2020-04-28T12:17:59.826",
  "end": null,
  "hidden": false,
  "notes": "",
  "start": 168,
  "start_date": "2021-05-10",
  "status": "WIDR",
  "student": 9,
  "updated_at": "2020-04-28T12:17:59.826"
 },
 "model": "grad.gradstatus",
 "pk": 28
},
{
 "fields": {
  "config": "{}",
  "created_at": "2020-04-28T12:18:02.442",
  "end": 159,
  "hidden": false,
  "notes": "",
  "start": 159,
  "start_date": "2018-01-27",
  "status": "COMP",
  "student": 10,
  "updated_at": "2020-04-28T12:18:02.904"
 },
 "model": "grad.gradstatus",
 "pk": 29
},
{
 "fields": {
  "config": "{}",
  "created_at": "2020-04-28T12:18:02.751",
  "end": 159,
  "hidden": false,
  "notes": "",
  "start": 159,
  "start_date": "2018-02-16",
  "status": "OFFO",
  "student": 10,
  "updated_at": "2020-04-28T12:18:03.427"
 },
 "model": "grad.gradstatus",
 "pk": 30
},
{
 "fields": {
  "config": "{}",
  "created_at": "2020-04-28T12:18:03.201",
  "end": 167,
  "hidden": false,
  "notes": "",
  "start": 159,
  "start_date": "2018-05-07",
  "status": "ACTI",
  "student": 10,
  "updated_at": "2020-04-28T12:18:04.065"
 },
 "model": "grad.gradstatus",
 "pk": 31
},
{
 "fields": {
  "config": "{}",
  "created_at": "2020-04-28T12:18:03.829",
  "end": null,
  "hidden": false,
  "notes": "",
  "start": 167,
  "start_date": "2021-01-05",
  "status": "WIDR",
  "student": 10,
  "updated_at": "2020-04-28T12:18:03.829"
 },
 "model": "grad.gradstatus",
 "pk": 32
},
{
 "fields": {
  "config": "{}",
  "created_at": "2020-04-28T12:18:05.752",
  "end": 157,
  "hidden": false,
  "notes": "",
  "start": 157,
  "start_date": "2017-05-28",
  "status": "COMP",
  "student": 11,
  "updated_at": "2020-04-28T12:18:06.188"
 },
 "model": "grad.gradstatus",
 "pk": 33
},
{
 "fields": {
  "config": "{}",
  "created_at": "2020-04-28T12:18:06.034",
  "end": 157,
  "hidden": false,
  "notes": "",
  "start": 157,
  "start_date": "2017-06-17",
  "status": "OFFO",
  "student": 11,
  "updated_at": "2020-04-28T12:18:06.835"
 },
 "model": "grad.gradstatus",
 "pk": 34
},
{
 "fields": {
  "config": "{}",
  "created_at": "2020-04-28T12:18:06.686",
  "end": 160,
  "hidden": false,
  "notes": "",
  "start": 157,
  "start_date": "2017-09-05",
  "status": "ACTI",
  "student": 11,
  "updated_at": "2020-04-28T12:18:07.344"
 },
 "model": "grad.gradstatus",
 "pk": 35
},
{
 "fields": {
  "config": "{}",
  "created_at": "2020-04-28T12:18:07.197",
  "end": null,
  "hidden": false,
  "notes": "",
  "start": 160,
  "start_date": "2018-09-04",
  "status": "WIDR",
  "student": 11,
  "updated_at": "2020-04-28T12:18:07.197"
 },
 "model": "grad.gradstatus",
 "pk": 36
},
{
 "fields": {
  "config": "{}",
  "created_at": "2020-04-28T12:18:09.194",
  "end": 158,
  "hidden": false,
  "notes": "",
  "start": 158,
  "start_date": "2017-09-25",
  "status": "COMP",
  "student": 12,
  "updated_at": "2020-04-28T12:18:09.717"
 },
 "model": "grad.gradstatus",
 "pk": 37
},
{
 "fields": {
  "config": "{}",
  "created_at": "2020-04-28T12:18:09.521",
  "end": null,
  "hidden": false,
  "notes": "",
  "start": 158,
  "start_date": "2017-10-15",
  "status": "REJE",
  "student": 12,
  "updated_at": "2020-04-28T12:18:09.521"
 },
 "model": "grad.gradstatus",
 "pk": 38
},
{
 "fields": {
  "config": "{}",
  "created_at": "2020-04-28T12:18:10.700",
  "end": 163,
  "hidden": false,
  "notes": "",
  "start": 163,
  "start_date": "2019-05-26",
  "status": "COMP",
  "student": 13,
  "updated_at": "2020-04-28T12:18:11.167"
 },
 "model": "grad.gradstatus",
 "pk": 39
},
{
 "fields": {
  "config": "{}",
  "created_at": "2020-04-28T12:18:11.018",
  "end": null,
  "hidden": false,
  "notes": "",
  "start": 163,
  "start_date": "2019-06-15",
  "status": "REJE",
  "student": 13,
  "updated_at": "2020-04-28T12:18:11.018"
 },
 "model": "grad.gradstatus",
 "pk": 40
},
{
 "fields": {
  "config": "{}",
  "created_at": "2020-04-28T12:18:12.828",
  "end": 160,
  "hidden": false,
  "notes": "",
  "start": 160,
  "start_date": "2018-05-27",
  "status": "COMP",
  "student": 14,
  "updated_at": "2020-04-28T12:18:13.246"
 },
 "model": "grad.gradstatus",
 "pk": 41
},
{
 "fields": {
  "config": "{}",
  "created_at": "2020-04-28T12:18:13.127",
  "end": 160,
  "hidden": false,
  "notes": "",
  "start": 160,
  "start_date": "2018-06-16",
  "status": "OFFO",
  "student": 14,
  "updated_at": "2020-04-28T12:18:13.611"
 },
 "model": "grad.gradstatus",
 "pk": 42
},
{
 "fields": {
  "config": "{}",
  "created_at": "2020-04-28T12:18:13.487",
  "end": null,
  "hidden": false,
  "notes": "",
  "start": 160,
  "start_date": "2018-09-04",
  "status": "ACTI",
  "student": 14,
  "updated_at": "2020-04-28T12:18:13.488"
 },
 "model": "grad.gradstatus",
 "pk": 43
},
{
 "fields": {
  "config": "{}",
  "created_at": "2020-04-28T12:18:15.095",
  "end": 164,
  "hidden": false,
  "notes": "",
  "start": 164,
  "start_date": "2019-09-28",
  "status": "COMP",
  "student": 15,
  "updated_at": "2020-04-28T12:18:15.541"
 },
 "model": "grad.gradstatus",
 "pk": 44
},
{
 "fields": {
  "config": "{}",
  "created_at": "2020-04-28T12:18:15.393",
  "end": 164,
  "hidden": false,
  "notes": "",
  "start": 164,
  "start_date": "2019-10-18",
  "status": "OFFO",
  "student": 15,
  "updated_at": "2020-04-28T12:18:15.947"
 },
 "model": "grad.gradstatus",
 "pk": 45
},
{
 "fields": {
  "config": "{}",
  "created_at": "2020-04-28T12:18:15.821",
  "end": 173,
  "hidden": false,
  "notes": "",
  "start": 164,
  "start_date": "2020-01-06",
  "status": "ACTI",
  "student": 15,
  "updated_at": "2020-04-28T12:18:16.330"
 },
 "model": "grad.gradstatus",
 "pk": 46
},
{
 "fields": {
  "config": "{}",
  "created_at": "2020-04-28T12:18:16.179",
  "end": null,
  "hidden": false,
  "notes": "",
  "start": 173,
  "start_date": "2023-01-04",
  "status": "WIDR",
  "student": 15,
  "updated_at": "2020-04-28T12:18:16.180"
 },
 "model": "grad.gradstatus",
 "pk": 47
},
{
 "fields": {
  "config": "{}",
  "created_at": "2020-04-28T12:18:17.777",
  "end": 160,
  "hidden": false,
  "notes": "",
  "start": 160,
  "start_date": "2018-05-27",
  "status": "COMP",
  "student": 16,
  "updated_at": "2020-04-28T12:18:18.219"
 },
 "model": "grad.gradstatus",
 "pk": 48
},
{
 "fields": {
  "config": "{}",
  "created_at": "2020-04-28T12:18:18.096",
  "end": null,
  "hidden": false,
  "notes": "",
  "start": 160,
  "start_date": "2018-06-16",
  "status": "REJE",
  "student": 16,
  "updated_at": "2020-04-28T12:18:18.096"
 },
 "model": "grad.gradstatus",
 "pk": 49
},
{
 "fields": {
  "config": "{}",
  "created_at": "2020-04-28T12:18:19.468",
  "end": 158,
  "hidden": false,
  "notes": "",
  "start": 158,
  "start_date": "2017-09-25",
  "status": "COMP",
  "student": 17,
  "updated_at": "2020-04-28T12:18:19.916"
 },
 "model": "grad.gradstatus",
 "pk": 50
},
{
 "fields": {
  "config": "{}",
  "created_at": "2020-04-28T12:18:19.780",
  "end": 158,
  "hidden": false,
  "notes": "",
  "start": 158,
  "start_date": "2017-10-15",
  "status": "OFFO",
  "student": 17,
  "updated_at": "2020-04-28T12:18:20.297"
 },
 "model": "grad.gradstatus",
 "pk": 51
},
{
 "fields": {
  "config": "{}",
  "created_at": "2020-04-28T12:18:20.135",
  "end": null,
  "hidden": false,
  "notes": "",
  "start": 158,
  "start_date": "2018-01-03",
  "status": "ACTI",
  "student": 17,
  "updated_at": "2020-04-28T12:18:20.135"
 },
 "model": "grad.gradstatus",
 "pk": 52
},
{
 "fields": {
  "config": "{}",
  "created_at": "2020-04-28T12:18:22.070",
  "end": 157,
  "hidden": false,
  "notes": "",
  "start": 157,
  "start_date": "2017-05-28",
  "status": "COMP",
  "student": 18,
  "updated_at": "2020-04-28T12:18:22.609"
 },
 "model": "grad.gradstatus",
 "pk": 53
},
{
 "fields": {
  "config": "{}",
  "created_at": "2020-04-28T12:18:22.430",
  "end": 157,
  "hidden": false,
  "notes": "",
  "start": 157,
  "start_date": "2017-06-17",
  "status": "OFFO",
  "student": 18,
  "updated_at": "2020-04-28T12:18:23.057"
 },
 "model": "grad.gradstatus",
 "pk": 54
},
{
 "fields": {
  "config": "{}",
  "created_at": "2020-04-28T12:18:22.864",
  "end": null,
  "hidden": false,
  "notes": "",
  "start": 157,
  "start_date": "2017-09-05",
  "status": "ACTI",
  "student": 18,
  "updated_at": "2020-04-28T12:18:22.864"
 },
 "model": "grad.gradstatus",
 "pk": 55
},
{
 "fields": {
  "config": "{}",
  "created_at": "2020-04-28T12:18:24.938",
  "end": 161,
  "hidden": false,
  "notes": "",
  "start": 161,
  "start_date": "2018-09-25",
  "status": "COMP",
  "student": 19,
  "updated_at": "2020-04-28T12:18:25.360"
 },
 "model": "grad.gradstatus",
 "pk": 56
},
{
 "fields": {
  "config": "{}",
  "created_at": "2020-04-28T12:18:25.212",
  "end": 161,
  "hidden": false,
  "notes": "",
  "start": 161,
  "start_date": "2018-10-15",
  "status": "OFFO",
  "student": 19,
  "updated_at": "2020-04-28T12:18:25.760"
 },
 "model": "grad.gradstatus",
 "pk": 57
},
{
 "fields": {
  "config": "{}",
  "created_at": "2020-04-28T12:18:25.639",
  "end": null,
  "hidden": false,
  "notes": "",
  "start": 161,
  "start_date": "2019-01-03",
  "status": "ACTI",
  "student": 19,
  "updated_at": "2020-04-28T12:18:25.639"
 },
 "model": "grad.gradstatus",
 "pk": 58
},
{
 "fields": {
  "config": "{}",
  "created_at": "2020-04-28T12:18:27.737",
  "end": 160,
  "hidden": false,
  "notes": "",
  "start": 160,
  "start_date": "2018-05-27",
  "status": "COMP",
  "student": 20,
  "updated_at": "2020-04-28T12:18:28.190"
 },
 "model": "grad.gradstatus",
 "pk": 59
},
{
 "fields": {
  "config": "{}",
  "created_at": "2020-04-28T12:18:28.030",
  "end": 160,
  "hidden": false,
  "notes": "",
  "start": 160,
  "start_date": "2018-06-16",
  "status": "OFFO",
  "student": 20,
  "updated_at": "2020-04-28T12:18:28.700"
 },
 "model": "grad.gradstatus",
 "pk": 60
},
{
 "fields": {
  "config": "{}",
  "created_at": "2020-04-28T12:18:28.545",
  "end": 165,
  "hidden": false,
  "notes": "",
  "start": 160,
  "start_date": "2018-09-04",
  "status": "ACTI",
  "student": 20,
  "updated_at": "2020-04-28T12:18:29.079"
 },
 "model": "grad.gradstatus",
 "pk": 61
},
{
 "fields": {
  "config": "{}",
  "created_at": "2020-04-28T12:18:28.946",
  "end": null,
  "hidden": false,
  "notes": "",
  "start": 165,
  "start_date": "2020-05-11",
  "status": "WIDR",
  "student": 20,
  "updated_at": "2020-04-28T12:18:28.946"
 },
 "model": "grad.gradstatus",
 "pk": 62
},
{
 "fields": {
  "config": "{}",
  "created_at": "2020-04-28T12:18:30.255",
  "end": 161,
  "hidden": false,
  "notes": "",
  "start": 161,
  "start_date": "2018-09-25",
  "status": "COMP",
  "student": 21,
  "updated_at": "2020-04-28T12:18:30.614"
 },
 "model": "grad.gradstatus",
 "pk": 63
},
{
 "fields": {
  "config": "{}",
  "created_at": "2020-04-28T12:18:30.495",
  "end": 161,
  "hidden": false,
  "notes": "",
  "start": 161,
  "start_date": "2018-10-15",
  "status": "OFFO",
  "student": 21,
  "updated_at": "2020-04-28T12:18:30.954"
 },
 "model": "grad.gradstatus",
 "pk": 64
},
{
 "fields": {
  "config": "{}",
  "created_at": "2020-04-28T12:18:30.831",
  "end": 168,
  "hidden": false,
  "notes": "",
  "start": 161,
  "start_date": "2019-01-03",
  "status": "ACTI",
  "student": 21,
  "updated_at": "2020-04-28T12:18:31.543"
 },
 "model": "grad.gradstatus",
 "pk": 65
},
{
 "fields": {
  "config": "{}",
  "created_at": "2020-04-28T12:18:31.329",
  "end": null,
  "hidden": false,
  "notes": "",
  "start": 168,
  "start_date": "2021-05-10",
  "status": "WIDR",
  "student": 21,
  "updated_at": "2020-04-28T12:18:31.329"
 },
 "model": "grad.gradstatus",
 "pk": 66
},
{
 "fields": {
  "config": "{}",
  "created_at": "2020-04-28T12:18:35.346",
  "end": 164,
  "hidden": false,
  "notes": "",
  "start": 164,
  "start_date": "2019-09-28",
  "status": "COMP",
  "student": 22,
  "updated_at": "2020-04-28T12:18:35.741"
 },
 "model": "grad.gradstatus",
 "pk": 67
},
{
 "fields": {
  "config": "{}",
  "created_at": "2020-04-28T12:18:35.609",
  "end": 164,
  "hidden": false,
  "notes": "",
  "start": 164,
  "start_date": "2019-10-18",
  "status": "OFFO",
  "student": 22,
  "updated_at": "2020-04-28T12:18:36.111"
 },
 "model": "grad.gradstatus",
 "pk": 68
},
{
 "fields": {
  "config": "{}",
  "created_at": "2020-04-28T12:18:35.981",
  "end": 167,
  "hidden": false,
  "notes": "",
  "start": 164,
  "start_date": "2020-01-06",
  "status": "ACTI",
  "student": 22,
  "updated_at": "2020-04-28T12:18:36.499"
 },
 "model": "grad.gradstatus",
 "pk": 69
},
{
 "fields": {
  "config": "{}",
  "created_at": "2020-04-28T12:18:36.340",
  "end": null,
  "hidden": false,
  "notes": "",
  "start": 167,
  "start_date": "2021-01-05",
  "status": "WIDR",
  "student": 22,
  "updated_at": "2020-04-28T12:18:36.340"
 },
 "model": "grad.gradstatus",
 "pk": 70
},
{
 "fields": {
  "config": "{}",
  "created_at": "2020-04-28T12:18:37.747",
  "end": 159,
  "hidden": false,
  "notes": "",
  "start": 159,
  "start_date": "2018-01-27",
  "status": "COMP",
  "student": 23,
  "updated_at": "2020-04-28T12:18:38.156"
 },
 "model": "grad.gradstatus",
 "pk": 71
},
{
 "fields": {
  "config": "{}",
  "created_at": "2020-04-28T12:18:38.047",
  "end": 159,
  "hidden": false,
  "notes": "",
  "start": 159,
  "start_date": "2018-02-16",
  "status": "OFFO",
  "student": 23,
  "updated_at": "2020-04-28T12:18:38.571"
 },
 "model": "grad.gradstatus",
 "pk": 72
},
{
 "fields": {
  "config": "{}",
  "created_at": "2020-04-28T12:18:38.457",
  "end": 165,
  "hidden": false,
  "notes": "",
  "start": 159,
  "start_date": "2018-05-07",
  "status": "ACTI",
  "student": 23,
  "updated_at": "2020-04-28T12:18:39.047"
 },
 "model": "grad.gradstatus",
 "pk": 73
},
{
 "fields": {
  "config": "{}",
  "created_at": "2020-04-28T12:18:38.874",
  "end": null,
  "hidden": false,
  "notes": "",
  "start": 165,
  "start_date": "2020-05-11",
  "status": "WIDR",
  "student": 23,
  "updated_at": "2020-04-28T12:18:38.874"
 },
 "model": "grad.gradstatus",
 "pk": 74
},
{
 "fields": {
  "config": "{}",
  "created_at": "2020-04-28T12:18:40.514",
  "end": 164,
  "hidden": false,
  "notes": "",
  "start": 164,
  "start_date": "2019-09-28",
  "status": "COMP",
  "student": 24,
  "updated_at": "2020-04-28T12:18:40.892"
 },
 "model": "grad.gradstatus",
 "pk": 75
},
{
 "fields": {
  "config": "{}",
  "created_at": "2020-04-28T12:18:40.755",
  "end": 164,
  "hidden": false,
  "notes": "",
  "start": 164,
  "start_date": "2019-10-18",
  "status": "OFFO",
  "student": 24,
  "updated_at": "2020-04-28T12:18:41.330"
 },
 "model": "grad.gradstatus",
 "pk": 76
},
{
 "fields": {
  "config": "{}",
  "created_at": "2020-04-28T12:18:41.129",
  "end": 171,
  "hidden": false,
  "notes": "",
  "start": 164,
  "start_date": "2020-01-06",
  "status": "ACTI",
  "student": 24,
  "updated_at": "2020-04-28T12:18:41.755"
 },
 "model": "grad.gradstatus",
 "pk": 77
},
{
 "fields": {
  "config": "{}",
  "created_at": "2020-04-28T12:18:41.632",
  "end": null,
  "hidden": false,
  "notes": "",
  "start": 171,
  "start_date": "2022-05-09",
  "status": "WIDR",
  "student": 24,
  "updated_at": "2020-04-28T12:18:41.632"
 },
 "model": "grad.gradstatus",
 "pk": 78
},
{
 "fields": {
  "config": "{}",
  "created_at": "2020-04-28T12:18:42.952",
  "end": 158,
  "hidden": false,
  "notes": "",
  "start": 158,
  "start_date": "2017-09-25",
  "status": "COMP",
  "student": 25,
  "updated_at": "2020-04-28T12:18:43.316"
 },
 "model": "grad.gradstatus",
 "pk": 79
},
{
 "fields": {
  "config": "{}",
  "created_at": "2020-04-28T12:18:43.199",
  "end": 158,
  "hidden": false,
  "notes": "",
  "start": 158,
  "start_date": "2017-10-15",
  "status": "OFFO",
  "student": 25,
  "updated_at": "2020-04-28T12:18:43.688"
 },
 "model": "grad.gradstatus",
 "pk": 80
},
{
 "fields": {
  "config": "{}",
  "created_at": "2020-04-28T12:18:43.557",
  "end": 163,
  "hidden": false,
  "notes": "",
  "start": 158,
  "start_date": "2018-01-03",
  "status": "ACTI",
  "student": 25,
  "updated_at": "2020-04-28T12:18:44.071"
 },
 "model": "grad.gradstatus",
 "pk": 81
},
{
 "fields": {
  "config": "{}",
  "created_at": "2020-04-28T12:18:43.965",
  "end": null,
  "hidden": false,
  "notes": "",
  "start": 163,
  "start_date": "2019-09-03",
  "status": "WIDR",
  "student": 25,
  "updated_at": "2020-04-28T12:18:43.965"
 },
 "model": "grad.gradstatus",
 "pk": 82
},
{
 "fields": {
  "amount": "2000.00",
  "comments": null,
  "end_semester": 162,
  "removed": false,
  "scholarship_type": 2,
  "start_semester": 160,
  "student": 1
 },
 "model": "grad.scholarship",
 "pk": 1
},
{
 "fields": {
  "amount": "2000.00",
  "comments": null,
  "end_semester": 165,
  "removed": false,
  "scholarship_type": 2,
  "start_semester": 163,
  "student": 2
 },
 "model": "grad.scholarship",
 "pk": 2
},
{
 "fields": {
  "amount": "2000.00",
  "comments": null,
  "end_semester": 163,
  "removed": false,
  "scholarship_type": 1,
  "start_semester": 161,
  "student": 3
 },
 "model": "grad.scholarship",
 "pk": 3
},
{
 "fields": {
  "amount": "2000.00",
  "comments": null,
  "end_semester": 163,
  "removed": false,
  "scholarship_type": 1,
  "start_semester": 161,
  "student": 4
 },
 "model": "grad.scholarship",
 "pk": 4
},
{
 "fields": {
  "amount": "2000.00",
  "comments": null,
  "end_semester": 162,
  "removed": false,
  "scholarship_type": 2,
  "start_semester": 160,
  "student": 5
 },
 "model": "grad.scholarship",
 "pk": 5
},
{
 "fields": {
  "amount": "2000.00",
  "comments": null,
  "end_semester": 166,
  "removed": false,
  "scholarship_type": 1,
  "start_semester": 164,
  "student": 6
 },
 "model": "grad.scholarship",
 "pk": 6
},
{
 "fields": {
  "amount": "2000.00",
  "comments": null,
  "end_semester": 163,
  "removed": false,
  "scholarship_type": 1,
  "start_semester": 161,
  "student": 7
 },
 "model": "grad.scholarship",
 "pk": 7
},
{
 "fields": {
  "amount": "2000.00",
  "comments": null,
  "end_semester": 166,
  "removed": false,
  "scholarship_type": 2,
  "start_semester": 164,
  "student": 8
 },
 "model": "grad.scholarship",
 "pk": 8
},
{
 "fields": {
  "amount": "2000.00",
  "comments": null,
  "end_semester": 164,
  "removed": false,
  "scholarship_type": 2,
  "start_semester": 162,
  "student": 9
 },
 "model": "grad.scholarship",
 "pk": 9
},
{
 "fields": {
  "amount": "2000.00",
  "comments": null,
  "end_semester": 161,
  "removed": false,
  "scholarship_type": 1,
  "start_semester": 159,
  "student": 10
 },
 "model": "grad.scholarship",
 "pk": 10
},
{
 "fields": {
  "amount": "2000.00",
  "comments": null,
  "end_semester": 159,
  "removed": false,
  "scholarship_type": 2,
  "start_semester": 157,
  "student": 11
 },
 "model": "grad.scholarship",
 "pk": 11
},
{
 "fields": {
  "amount": "2000.00",
  "comments": null,
  "end_semester": 160,
  "removed": false,
  "scholarship_type": 1,
  "start_semester": 158,
  "student": 12
 },
 "model": "grad.scholarship",
 "pk": 12
},
{
 "fields": {
  "amount": "2000.00",
  "comments": null,
  "end_semester": 165,
  "removed": false,
  "scholarship_type": 2,
  "start_semester": 163,
  "student": 13
 },
 "model": "grad.scholarship",
 "pk": 13
},
{
 "fields": {
  "amount": "2000.00",
  "comments": null,
  "end_semester": 162,
  "removed": false,
  "scholarship_type": 2,
  "start_semester": 160,
  "student": 14
 },
 "model": "grad.scholarship",
 "pk": 14
},
{
 "fields": {
  "amount": "2000.00",
  "comments": null,
  "end_semester": 166,
  "removed": false,
  "scholarship_type": 1,
  "start_semester": 164,
  "student": 15
 },
 "model": "grad.scholarship",
 "pk": 15
},
{
 "fields": {
  "amount": "2000.00",
  "comments": null,
  "end_semester": 162,
  "removed": false,
  "scholarship_type": 2,
  "start_semester": 160,
  "student": 16
 },
 "model": "grad.scholarship",
 "pk": 16
},
{
 "fields": {
  "amount": "2000.00",
  "comments": null,
  "end_semester": 160,
  "removed": false,
  "scholarship_type": 1,
  "start_semester": 158,
  "student": 17
 },
 "model": "grad.scholarship",
 "pk": 17
},
{
 "fields": {
  "amount": "2000.00",
  "comments": null,
  "end_semester": 159,
  "removed": false,
  "scholarship_type": 2,
  "start_semester": 157,
  "student": 18
 },
 "model": "grad.scholarship",
 "pk": 18
},
{
 "fields": {
  "amount": "2000.00",
  "comments": null,
  "end_semester": 163,
  "removed": false,
  "scholarship_type": 2,
  "start_semester": 161,
  "student": 19
 },
 "model": "grad.scholarship",
 "pk": 19
},
{
 "fields": {
  "amount": "2000.00",
  "comments": null,
  "end_semester": 162,
  "removed": false,
  "scholarship_type": 2,
  "start_semester": 160,
  "student": 20
 },
 "model": "grad.scholarship",
 "pk": 20
},
{
 "fields": {
  "amount": "2000.00",
  "comments": null,
  "end_semester": 163,
  "removed": false,
  "scholarship_type": 2,
  "start_semester": 161,
  "student": 21
 },
 "model": "grad.scholarship",
 "pk": 21
},
{
 "fields": {
  "amount": "2000.00",
  "comments": null,
  "end_semester": 166,
  "removed": false,
  "scholarship_type": 1,
  "start_semester": 164,
  "student": 22
 },
 "model": "grad.scholarship",
 "pk": 22
},
{
 "fields": {
  "amount": "2000.00",
  "comments": null,
  "end_semester": 161,
  "removed": false,
  "scholarship_type": 2,
  "start_semester": 159,
  "student": 23
 },
 "model": "grad.scholarship",
 "pk": 23
},
{
 "fields": {
  "amount": "2000.00",
  "comments": null,
  "end_semester": 166,
  "removed": false,
  "scholarship_type": 2,
  "start_semester": 164,
  "student": 24
 },
 "model": "grad.scholarship",
 "pk": 24
},
{
 "fields": {
  "amount": "2000.00",
  "comments": null,
  "end_semester": 160,
  "removed": false,
  "scholarship_type": 2,
  "start_semester": 158,
  "student": 25
 },
 "model": "grad.scholarship",
 "pk": 25
},
{
 "fields": {
  "amount": "1300.00",
  "comments": null,
  "description": "Money fell from the sky",
  "eligible": true,
  "removed": false,
  "semester": 163,
  "student": 1
 },
 "model": "grad.otherfunding",
 "pk": 1
},
{
 "fields": {
  "amount": "1300.00",
  "comments": null,
  "description": "Money fell from the sky",
  "eligible": true,
  "removed": false,
  "semester": 166,
  "student": 2
 },
 "model": "grad.otherfunding",
 "pk": 2
},
{
 "fields": {
  "amount": "1300.00",
  "comments": null,
  "description": "Money fell from the sky",
  "eligible": true,
  "removed": false,
  "semester": 164,
  "student": 3
 },
 "model": "grad.otherfunding",
 "pk": 3
},
{
 "fields": {
  "amount": "1300.00",
  "comments": null,
  "description": "Money fell from the sky",
  "eligible": true,
  "removed": false,
  "semester": 164,
  "student": 4
 },
 "model": "grad.otherfunding",
 "pk": 4
},
{
 "fields": {
  "amount": "1300.00",
  "comments": null,
  "description": "Money fell from the sky",
  "eligible": true,
  "removed": false,
  "semester": 163,
  "student": 5
 },
 "model": "grad.otherfunding",
 "pk": 5
},
{
 "fields": {
  "amount": "1300.00",
  "comments": null,
  "description": "Money fell from the sky",
  "eligible": true,
  "removed": false,
  "semester": 167,
  "student": 6
 },
 "model": "grad.otherfunding",
 "pk": 6
},
{
 "fields": {
  "amount": "1300.00",
  "comments": null,
  "description": "Money fell from the sky",
  "eligible": true,
  "removed": false,
  "semester": 164,
  "student": 7
 },
 "model": "grad.otherfunding",
 "pk": 7
},
{
 "fields": {
  "amount": "1300.00",
  "comments": null,
  "description": "Money fell from the sky",
  "eligible": true,
  "removed": false,
  "semester": 167,
  "student": 8
 },
 "model": "grad.otherfunding",
 "pk": 8
},
{
 "fields": {
  "amount": "1300.00",
  "comments": null,
  "description": "Money fell from the sky",
  "eligible": true,
  "removed": false,
  "semester": 165,
  "student": 9
 },
 "model": "grad.otherfunding",
 "pk": 9
},
{
 "fields": {
  "amount": "1300.00",
  "comments": null,
  "description": "Money fell from the sky",
  "eligible": true,
  "removed": false,
  "semester": 162,
  "student": 10
 },
 "model": "grad.otherfunding",
 "pk": 10
},
{
 "fields": {
  "amount": "1300.00",
  "comments": null,
  "description": "Money fell from the sky",
  "eligible": true,
  "removed": false,
  "semester": 160,
  "student": 11
 },
 "model": "grad.otherfunding",
 "pk": 11
},
{
 "fields": {
  "amount": "1300.00",
  "comments": null,
  "description": "Money fell from the sky",
  "eligible": true,
  "removed": false,
  "semester": 161,
  "student": 12
 },
 "model": "grad.otherfunding",
 "pk": 12
},
{
 "fields": {
  "amount": "1300.00",
  "comments": null,
  "description": "Money fell from the sky",
  "eligible": true,
  "removed": false,
  "semester": 166,
  "student": 13
 },
 "model": "grad.otherfunding",
 "pk": 13
},
{
 "fields": {
  "amount": "1300.00",
  "comments": null,
  "description": "Money fell from the sky",
  "eligible": true,
  "removed": false,
  "semester": 163,
  "student": 14
 },
 "model": "grad.otherfunding",
 "pk": 14
},
{
 "fields": {
  "amount": "1300.00",
  "comments": null,
  "description": "Money fell from the sky",
  "eligible": true,
  "removed": false,
  "semester": 167,
  "student": 15
 },
 "model": "grad.otherfunding",
 "pk": 15
},
{
 "fields": {
  "amount": "1300.00",
  "comments": null,
  "description": "Money fell from the sky",
  "eligible": true,
  "removed": false,
  "semester": 163,
  "student": 16
 },
 "model": "grad.otherfunding",
 "pk": 16
},
{
 "fields": {
  "amount": "1300.00",
  "comments": null,
  "description": "Money fell from the sky",
  "eligible": true,
  "removed": false,
  "semester": 161,
  "student": 17
 },
 "model": "grad.otherfunding",
 "pk": 17
},
{
 "fields": {
  "amount": "1300.00",
  "comments": null,
  "description": "Money fell from the sky",
  "eligible": true,
  "removed": false,
  "semester": 160,
  "student": 18
 },
 "model": "grad.otherfunding",
 "pk": 18
},
{
 "fields": {
  "amount": "1300.00",
  "comments": null,
  "description": "Money fell from the sky",
  "eligible": true,
  "removed": false,
  "semester": 164,
  "student": 19
 },
 "model": "grad.otherfunding",
 "pk": 19
},
{
 "fields": {
  "amount": "1300.00",
  "comments": null,
  "description": "Money fell from the sky",
  "eligible": true,
  "removed": false,
  "semester": 163,
  "student": 20
 },
 "model": "grad.otherfunding",
 "pk": 20
},
{
 "fields": {
  "amount": "1300.00",
  "comments": null,
  "description": "Money fell from the sky",
  "eligible": true,
  "removed": false,
  "semester": 164,
  "student": 21
 },
 "model": "grad.otherfunding",
 "pk": 21
},
{
 "fields": {
  "amount": "1300.00",
  "comments": null,
  "description": "Money fell from the sky",
  "eligible": true,
  "removed": false,
  "semester": 167,
  "student": 22
 },
 "model": "grad.otherfunding",
 "pk": 22
},
{
 "fields": {
  "amount": "1300.00",
  "comments": null,
  "description": "Money fell from the sky",
  "eligible": true,
  "removed": false,
  "semester": 162,
  "student": 23
 },
 "model": "grad.otherfunding",
 "pk": 23
},
{
 "fields": {
  "amount": "1300.00",
  "comments": null,
  "description": "Money fell from the sky",
  "eligible": true,
  "removed": false,
  "semester": 167,
  "student": 24
 },
 "model": "grad.otherfunding",
 "pk": 24
},
{
 "fields": {
  "amount": "1300.00",
  "comments": null,
  "description": "Money fell from the sky",
  "eligible": true,
  "removed": false,
  "semester": 161,
  "student": 25
 },
 "model": "grad.otherfunding",
 "pk": 25
},
{
 "fields": {
  "amount": "10000.00",
  "comments": null,
  "end_semester": 161,
  "removed": false,
  "start_semester": 160,
  "student": 1
 },
 "model": "grad.promise",
 "pk": 1
},
{
 "fields": {
  "amount": "10000.00",
  "comments": null,
  "end_semester": 163,
  "removed": false,
  "start_semester": 162,
  "student": 1
 },
 "model": "grad.promise",
 "pk": 2
},
{
 "fields": {
  "amount": "10000.00",
  "comments": null,
  "end_semester": 164,
  "removed": false,
  "start_semester": 163,
  "student": 2
 },
 "model": "grad.promise",
 "pk": 3
},
{
 "fields": {
  "amount": "10000.00",
  "comments": null,
  "end_semester": 166,
  "removed": false,
  "start_semester": 165,
  "student": 2
 },
 "model": "grad.promise",
 "pk": 4
},
{
 "fields": {
  "amount": "10000.00",
  "comments": null,
  "end_semester": 162,
  "removed": false,
  "start_semester": 161,
  "student": 3
 },
 "model": "grad.promise",
 "pk": 5
},
{
 "fields": {
  "amount": "10000.00",
  "comments": null,
  "end_semester": 164,
  "removed": false,
  "start_semester": 163,
  "student": 3
 },
 "model": "grad.promise",
 "pk": 6
},
{
 "fields": {
  "amount": "10000.00",
  "comments": null,
  "end_semester": 162,
  "removed": false,
  "start_semester": 161,
  "student": 4
 },
 "model": "grad.promise",
 "pk": 7
},
{
 "fields": {
  "amount": "10000.00",
  "comments": null,
  "end_semester": 164,
  "removed": false,
  "start_semester": 163,
  "student": 4
 },
 "model": "grad.promise",
 "pk": 8
},
{
 "fields": {
  "amount": "10000.00",
  "comments": null,
  "end_semester": 161,
  "removed": false,
  "start_semester": 160,
  "student": 5
 },
 "model": "grad.promise",
 "pk": 9
},
{
 "fields": {
  "amount": "10000.00",
  "comments": null,
  "end_semester": 163,
  "removed": false,
  "start_semester": 162,
  "student": 5
 },
 "model": "grad.promise",
 "pk": 10
},
{
 "fields": {
  "amount": "10000.00",
  "comments": null,
  "end_semester": 165,
  "removed": false,
  "start_semester": 164,
  "student": 6
 },
 "model": "grad.promise",
 "pk": 11
},
{
 "fields": {
  "amount": "10000.00",
  "comments": null,
  "end_semester": 167,
  "removed": false,
  "start_semester": 166,
  "student": 6
 },
 "model": "grad.promise",
 "pk": 12
},
{
 "fields": {
  "amount": "10000.00",
  "comments": null,
  "end_semester": 162,
  "removed": false,
  "start_semester": 161,
  "student": 7
 },
 "model": "grad.promise",
 "pk": 13
},
{
 "fields": {
  "amount": "10000.00",
  "comments": null,
  "end_semester": 164,
  "removed": false,
  "start_semester": 163,
  "student": 7
 },
 "model": "grad.promise",
 "pk": 14
},
{
 "fields": {
  "amount": "10000.00",
  "comments": null,
  "end_semester": 165,
  "removed": false,
  "start_semester": 164,
  "student": 8
 },
 "model": "grad.promise",
 "pk": 15
},
{
 "fields": {
  "amount": "10000.00",
  "comments": null,
  "end_semester": 167,
  "removed": false,
  "start_semester": 166,
  "student": 8
 },
 "model": "grad.promise",
 "pk": 16
},
{
 "fields": {
  "amount": "10000.00",
  "comments": null,
  "end_semester": 163,
  "removed": false,
  "start_semester": 162,
  "student": 9
 },
 "model": "grad.promise",
 "pk": 17
},
{
 "fields": {
  "amount": "10000.00",
  "comments": null,
  "end_semester": 165,
  "removed": false,
  "start_semester": 164,
  "student": 9
 },
 "model": "grad.promise",
 "pk": 18
},
{
 "fields": {
  "amount": "10000.00",
  "comments": null,
  "end_semester": 160,
  "removed": false,
  "start_semester": 159,
  "student": 10
 },
 "model": "grad.promise",
 "pk": 19
},
{
 "fields": {
  "amount": "10000.00",
  "comments": null,
  "end_semester": 162,
  "removed": false,
  "start_semester": 161,
  "student": 10
 },
 "model": "grad.promise",
 "pk": 20
},
{
 "fields": {
  "amount": "10000.00",
  "comments": null,
  "end_semester": 158,
  "removed": false,
  "start_semester": 157,
  "student": 11
 },
 "model": "grad.promise",
 "pk": 21
},
{
 "fields": {
  "amount": "10000.00",
  "comments": null,
  "end_semester": 160,
  "removed": false,
  "start_semester": 159,
  "student": 11
 },
 "model": "grad.promise",
 "pk": 22
},
{
 "fields": {
  "amount": "10000.00",
  "comments": null,
  "end_semester": 159,
  "removed": false,
  "start_semester": 158,
  "student": 12
 },
 "model": "grad.promise",
 "pk": 23
},
{
 "fields": {
  "amount": "10000.00",
  "comments": null,
  "end_semester": 161,
  "removed": false,
  "start_semester": 160,
  "student": 12
 },
 "model": "grad.promise",
 "pk": 24
},
{
 "fields": {
  "amount": "10000.00",
  "comments": null,
  "end_semester": 164,
  "removed": false,
  "start_semester": 163,
  "student": 13
 },
 "model": "grad.promise",
 "pk": 25
},
{
 "fields": {
  "amount": "10000.00",
  "comments": null,
  "end_semester": 166,
  "removed": false,
  "start_semester": 165,
  "student": 13
 },
 "model": "grad.promise",
 "pk": 26
},
{
 "fields": {
  "amount": "10000.00",
  "comments": null,
  "end_semester": 161,
  "removed": false,
  "start_semester": 160,
  "student": 14
 },
 "model": "grad.promise",
 "pk": 27
},
{
 "fields": {
  "amount": "10000.00",
  "comments": null,
  "end_semester": 163,
  "removed": false,
  "start_semester": 162,
  "student": 14
 },
 "model": "grad.promise",
 "pk": 28
},
{
 "fields": {
  "amount": "10000.00",
  "comments": null,
  "end_semester": 165,
  "removed": false,
  "start_semester": 164,
  "student": 15
 },
 "model": "grad.promise",
 "pk": 29
},
{
 "fields": {
  "amount": "10000.00",
  "comments": null,
  "end_semester": 167,
  "removed": false,
  "start_semester": 166,
  "student": 15
 },
 "model": "grad.promise",
 "pk": 30
},
{
 "fields": {
  "amount": "10000.00",
  "comments": null,
  "end_semester": 161,
  "removed": false,
  "start_semester": 160,
  "student": 16
 },
 "model": "grad.promise",
 "pk": 31
},
{
 "fields": {
  "amount": "10000.00",
  "comments": null,
  "end_semester": 163,
  "removed": false,
  "start_semester": 162,
  "student": 16
 },
 "model": "grad.promise",
 "pk": 32
},
{
 "fields": {
  "amount": "10000.00",
  "comments": null,
  "end_semester": 159,
  "removed": false,
  "start_semester": 158,
  "student": 17
 },
 "model": "grad.promise",
 "pk": 33
},
{
 "fields": {
  "amount": "10000.00",
  "comments": null,
  "end_semester": 161,
  "removed": false,
  "start_semester": 160,
  "student": 17
 },
 "model": "grad.promise",
 "pk": 34
},
{
 "fields": {
  "amount": "10000.00",
  "comments": null,
  "end_semester": 158,
  "removed": false,
  "start_semester": 157,
  "student": 18
 },
 "model": "grad.promise",
 "pk": 35
},
{
 "fields": {
  "amount": "10000.00",
  "comments": null,
  "end_semester": 160,
  "removed": false,
  "start_semester": 159,
  "student": 18
 },
 "model": "grad.promise",
 "pk": 36
},
{
 "fields": {
  "amount": "10000.00",
  "comments": null,
  "end_semester": 162,
  "removed": false,
  "start_semester": 161,
  "student": 19
 },
 "model": "grad.promise",
 "pk": 37
},
{
 "fields": {
  "amount": "10000.00",
  "comments": null,
  "end_semester": 164,
  "removed": false,
  "start_semester": 163,
  "student": 19
 },
 "model": "grad.promise",
 "pk": 38
},
{
 "fields": {
  "amount": "10000.00",
  "comments": null,
  "end_semester": 161,
  "removed": false,
  "start_semester": 160,
  "student": 20
 },
 "model": "grad.promise",
 "pk": 39
},
{
 "fields": {
  "amount": "10000.00",
  "comments": null,
  "end_semester": 163,
  "removed": false,
  "start_semester": 162,
  "student": 20
 },
 "model": "grad.promise",
 "pk": 40
},
{
 "fields": {
  "amount": "10000.00",
  "comments": null,
  "end_semester": 162,
  "removed": false,
  "start_semester": 161,
  "student": 21
 },
 "model": "grad.promise",
 "pk": 41
},
{
 "fields": {
  "amount": "10000.00",
  "comments": null,
  "end_semester": 164,
  "removed": false,
  "start_semester": 163,
  "student": 21
 },
 "model": "grad.promise",
 "pk": 42
},
{
 "fields": {
  "amount": "10000.00",
  "comments": null,
  "end_semester": 165,
  "removed": false,
  "start_semester": 164,
  "student": 22
 },
 "model": "grad.promise",
 "pk": 43
},
{
 "fields": {
  "amount": "10000.00",
  "comments": null,
  "end_semester": 167,
  "removed": false,
  "start_semester": 166,
  "student": 22
 },
 "model": "grad.promise",
 "pk": 44
},
{
 "fields": {
  "amount": "10000.00",
  "comments": null,
  "end_semester": 160,
  "removed": false,
  "start_semester": 159,
  "student": 23
 },
 "model": "grad.promise",
 "pk": 45
},
{
 "fields": {
  "amount": "10000.00",
  "comments": null,
  "end_semester": 162,
  "removed": false,
  "start_semester": 161,
  "student": 23
 },
 "model": "grad.promise",
 "pk": 46
},
{
 "fields": {
  "amount": "10000.00",
  "comments": null,
  "end_semester": 165,
  "removed": false,
  "start_semester": 164,
  "student": 24
 },
 "model": "grad.promise",
 "pk": 47
},
{
 "fields": {
  "amount": "10000.00",
  "comments": null,
  "end_semester": 167,
  "removed": false,
  "start_semester": 166,
  "student": 24
 },
 "model": "grad.promise",
 "pk": 48
},
{
 "fields": {
  "amount": "10000.00",
  "comments": null,
  "end_semester": 159,
  "removed": false,
  "start_semester": 158,
  "student": 25
 },
 "model": "grad.promise",
 "pk": 49
},
{
 "fields": {
  "amount": "10000.00",
  "comments": null,
  "end_semester": 161,
  "removed": false,
  "start_semester": 160,
  "student": 25
 },
 "model": "grad.promise",
 "pk": 50
},
{
 "fields": {
  "created_at": "2020-04-28T12:17:39.369",
  "date": null,
  "notes": null,
  "removed": false,
  "requirement": 7,
  "semester": 161,
  "student": 1,
  "updated_at": "2020-04-28T12:17:39.369"
 },
 "model": "grad.completedrequirement",
 "pk": 1
},
{
 "fields": {
  "created_at": "2020-04-28T12:17:41.711",
  "date": null,
  "notes": null,
  "removed": false,
  "requirement": 7,
  "semester": 164,
  "student": 2,
  "updated_at": "2020-04-28T12:17:41.711"
 },
 "model": "grad.completedrequirement",
 "pk": 2
},
{
 "fields": {
  "created_at": "2020-04-28T12:17:46.315",
  "date": null,
  "notes": null,
  "removed": false,
  "requirement": 7,
  "semester": 162,
  "student": 4,
  "updated_at": "2020-04-28T12:17:46.315"
 },
 "model": "grad.completedrequirement",
 "pk": 3
},
{
 "fields": {
  "created_at": "2020-04-28T12:17:48.970",
  "date": null,
  "notes": null,
  "removed": false,
  "requirement": 7,
  "semester": 161,
  "student": 5,
  "updated_at": "2020-04-28T12:17:48.970"
 },
 "model": "grad.completedrequirement",
 "pk": 4
},
{
 "fields": {
  "created_at": "2020-04-28T12:17:51.103",
  "date": null,
  "notes": null,
  "removed": false,
  "requirement": 7,
  "semester": 165,
  "student": 6,
  "updated_at": "2020-04-28T12:17:51.103"
 },
 "model": "grad.completedrequirement",
 "pk": 5
},
{
 "fields": {
  "created_at": "2020-04-28T12:17:54.495",
  "date": null,
  "notes": null,
  "removed": false,
  "requirement": 7,
  "semester": 162,
  "student": 7,
  "updated_at": "2020-04-28T12:17:54.495"
 },
 "model": "grad.completedrequirement",
 "pk": 6
},
{
 "fields": {
  "created_at": "2020-04-28T12:17:57.316",
  "date": null,
  "notes": null,
  "removed": false,
  "requirement": 7,
  "semester": 165,
  "student": 8,
  "updated_at": "2020-04-28T12:17:57.316"
 },
 "model": "grad.completedrequirement",
 "pk": 7
},
{
 "fields": {
  "created_at": "2020-04-28T12:18:01.051",
  "date": null,
  "notes": null,
  "removed": false,
  "requirement": 7,
  "semester": 163,
  "student": 9,
  "updated_at": "2020-04-28T12:18:01.051"
 },
 "model": "grad.completedrequirement",
 "pk": 8
},
{
 "fields": {
  "created_at": "2020-04-28T12:18:08.860",
  "date": null,
  "notes": null,
  "removed": false,
  "requirement": 7,
  "semester": 158,
  "student": 11,
  "updated_at": "2020-04-28T12:18:08.860"
 },
 "model": "grad.completedrequirement",
 "pk": 9
},
{
 "fields": {
  "created_at": "2020-04-28T12:18:11.936",
  "date": null,
  "notes": null,
  "removed": false,
  "requirement": 7,
  "semester": 164,
  "student": 13,
  "updated_at": "2020-04-28T12:18:11.936"
 },
 "model": "grad.completedrequirement",
 "pk": 10
},
{
 "fields": {
  "created_at": "2020-04-28T12:18:17.211",
  "date": null,
  "notes": null,
  "removed": false,
  "requirement": 7,
  "semester": 165,
  "student": 15,
  "updated_at": "2020-04-28T12:18:17.211"
 },
 "model": "grad.completedrequirement",
 "pk": 11
},
{
 "fields": {
  "created_at": "2020-04-28T12:18:24.073",
  "date": null,
  "notes": null,
  "removed": false,
  "requirement": 7,
  "semester": 158,
  "student": 18,
  "updated_at": "2020-04-28T12:18:24.073"
 },
 "model": "grad.completedrequirement",
 "pk": 12
},
{
 "fields": {
  "created_at": "2020-04-28T12:18:34.795",
  "date": null,
  "notes": null,
  "removed": false,
  "requirement": 7,
  "semester": 162,
  "student": 21,
  "updated_at": "2020-04-28T12:18:34.795"
 },
 "model": "grad.completedrequirement",
 "pk": 13
},
{
 "fields": {
  "created_at": "2020-04-28T12:18:37.155",
  "date": null,
  "notes": null,
  "removed": false,
  "requirement": 7,
  "semester": 165,
  "student": 22,
  "updated_at": "2020-04-28T12:18:37.155"
 },
 "model": "grad.completedrequirement",
 "pk": 14
},
{
 "fields": {
  "created_at": "2020-04-28T12:18:39.730",
  "date": null,
  "notes": null,
  "removed": false,
  "requirement": 7,
  "semester": 160,
  "student": 23,
  "updated_at": "2020-04-28T12:18:39.730"
 },
 "model": "grad.completedrequirement",
 "pk": 15
},
{
 "fields": {
  "created_at": "2020-04-28T12:18:44.893",
  "date": null,
  "notes": null,
  "removed": false,
  "requirement": 7,
  "semester": 159,
  "student": 25,
  "updated_at": "2020-04-28T12:18:44.893"
 },
 "model": "grad.completedrequirement",
 "pk": 16
},
{
 "fields": {
  "flag": 2,
  "student": 9,
  "value": true
 },
 "model": "grad.gradflagvalue",
 "pk": 1
},
{
 "fields": {
  "flag": 2,
  "student": 10,
  "value": true
 },
 "model": "grad.gradflagvalue",
 "pk": 2
},
{
 "fields": {
  "flag": 2,
  "student": 13,
  "value": true
 },
 "model": "grad.gradflagvalue",
 "pk": 3
},
{
 "fields": {
  "flag": 2,
  "student": 15,
  "value": true
 },
 "model": "grad.gradflagvalue",
 "pk": 4
},
{
 "fields": {
  "flag": 2,
  "student": 18,
  "value": true
 },
 "model": "grad.gradflagvalue",
 "pk": 5
},
{
 "fields": {
  "flag": 2,
  "student": 21,
  "value": true
 },
 "model": "grad.gradflagvalue",
 "pk": 6
},
{
 "fields": {
  "flag": 2,
  "student": 23,
  "value": true
 },
 "model": "grad.gradflagvalue",
 "pk": 7
},
{
 "fields": {
  "flag": 2,
  "student": 25,
  "value": true
 },
 "model": "grad.gradflagvalue",
 "pk": 8
},
{
 "fields": {
  "config": "{}",
  "created_at": "2020-04-28T12:17:39.481",
  "created_by": "",
  "external": null,
  "modified_by": null,
  "removed": false,
  "student": 1,
  "supervisor": 22,
  "supervisor_type": "POT",
  "updated_at": "2020-04-28T12:17:39.483"
 },
 "model": "grad.supervisor",
 "pk": 1
},
{
 "fields": {
  "config": "{}",
  "created_at": "2020-04-28T12:17:39.630",
  "created_by": "",
  "external": null,
  "modified_by": null,
  "removed": false,
  "student": 1,
  "supervisor": 22,
  "supervisor_type": "SEN",
  "updated_at": "2020-04-28T12:17:39.632"
 },
 "model": "grad.supervisor",
 "pk": 2
},
{
 "fields": {
  "config": "{}",
  "created_at": "2020-04-28T12:17:39.740",
  "created_by": "",
  "external": null,
  "modified_by": null,
  "removed": false,
  "student": 1,
  "supervisor": 11,
  "supervisor_type": "COM",
  "updated_at": "2020-04-28T12:17:39.742"
 },
 "model": "grad.supervisor",
 "pk": 3
},
{
 "fields": {
  "config": "{}",
  "created_at": "2020-04-28T12:17:41.830",
  "created_by": "",
  "external": null,
  "modified_by": null,
  "removed": false,
  "student": 2,
  "supervisor": 20,
  "supervisor_type": "POT",
  "updated_at": "2020-04-28T12:17:41.830"
 },
 "model": "grad.supervisor",
 "pk": 4
},
{
 "fields": {
  "config": "{}",
  "created_at": "2020-04-28T12:17:41.964",
  "created_by": "",
  "external": null,
  "modified_by": null,
  "removed": false,
  "student": 2,
  "supervisor": 20,
  "supervisor_type": "SEN",
  "updated_at": "2020-04-28T12:17:41.965"
 },
 "model": "grad.supervisor",
 "pk": 5
},
{
 "fields": {
  "config": "{}",
  "created_at": "2020-04-28T12:17:42.130",
  "created_by": "",
  "external": null,
  "modified_by": null,
  "removed": false,
  "student": 2,
  "supervisor": 1,
  "supervisor_type": "COM",
  "updated_at": "2020-04-28T12:17:42.130"
 },
 "model": "grad.supervisor",
 "pk": 6
},
{
 "fields": {
  "config": "{}",
  "created_at": "2020-04-28T12:17:46.515",
  "created_by": "",
  "external": null,
  "modified_by": null,
  "removed": false,
  "student": 4,
  "supervisor": 4,
  "supervisor_type": "POT",
  "updated_at": "2020-04-28T12:17:46.517"
 },
 "model": "grad.supervisor",
 "pk": 7
},
{
 "fields": {
  "config": "{}",
  "created_at": "2020-04-28T12:17:49.123",
  "created_by": "",
  "external": null,
  "modified_by": null,
  "removed": false,
  "student": 5,
  "supervisor": 11,
  "supervisor_type": "POT",
  "updated_at": "2020-04-28T12:17:49.124"
 },
 "model": "grad.supervisor",
 "pk": 8
},
{
 "fields": {
  "config": "{}",
  "created_at": "2020-04-28T12:17:51.223",
  "created_by": "",
  "external": null,
  "modified_by": null,
  "removed": false,
  "student": 6,
  "supervisor": 11,
  "supervisor_type": "POT",
  "updated_at": "2020-04-28T12:17:51.224"
 },
 "model": "grad.supervisor",
 "pk": 9
},
{
 "fields": {
  "config": "{}",
  "created_at": "2020-04-28T12:17:54.641",
  "created_by": "",
  "external": null,
  "modified_by": null,
  "removed": false,
  "student": 7,
  "supervisor": 17,
  "supervisor_type": "POT",
  "updated_at": "2020-04-28T12:17:54.643"
 },
 "model": "grad.supervisor",
 "pk": 10
},
{
 "fields": {
  "config": "{}",
  "created_at": "2020-04-28T12:17:54.808",
  "created_by": "",
  "external": null,
  "modified_by": null,
  "removed": false,
  "student": 7,
  "supervisor": 17,
  "supervisor_type": "SEN",
  "updated_at": "2020-04-28T12:17:54.810"
 },
 "model": "grad.supervisor",
 "pk": 11
},
{
 "fields": {
  "config": "{}",
  "created_at": "2020-04-28T12:17:54.975",
  "created_by": "",
  "external": null,
  "modified_by": null,
  "removed": false,
  "student": 7,
  "supervisor": 17,
  "supervisor_type": "COM",
  "updated_at": "2020-04-28T12:17:54.977"
 },
 "model": "grad.supervisor",
 "pk": 12
},
{
 "fields": {
  "config": "{}",
  "created_at": "2020-04-28T12:17:57.583",
  "created_by": "",
  "external": null,
  "modified_by": null,
  "removed": false,
  "student": 8,
  "supervisor": 8,
  "supervisor_type": "POT",
  "updated_at": "2020-04-28T12:17:57.585"
 },
 "model": "grad.supervisor",
 "pk": 13
},
{
 "fields": {
  "config": "{}",
  "created_at": "2020-04-28T12:17:57.742",
  "created_by": "",
  "external": null,
  "modified_by": null,
  "removed": false,
  "student": 8,
  "supervisor": 8,
  "supervisor_type": "SEN",
  "updated_at": "2020-04-28T12:17:57.743"
 },
 "model": "grad.supervisor",
 "pk": 14
},
{
 "fields": {
  "config": "{}",
  "created_at": "2020-04-28T12:17:57.891",
  "created_by": "",
  "external": null,
  "modified_by": null,
  "removed": false,
  "student": 8,
  "supervisor": 7,
  "supervisor_type": "COM",
  "updated_at": "2020-04-28T12:17:57.891"
 },
 "model": "grad.supervisor",
 "pk": 15
},
{
 "fields": {
  "config": "{}",
  "created_at": "2020-04-28T12:18:01.616",
  "created_by": "",
  "external": null,
  "modified_by": null,
  "removed": false,
  "student": 9,
  "supervisor": 7,
  "supervisor_type": "POT",
  "updated_at": "2020-04-28T12:18:01.617"
 },
 "model": "grad.supervisor",
 "pk": 16
},
{
 "fields": {
  "config": "{}",
  "created_at": "2020-04-28T12:18:05.200",
  "created_by": "",
  "external": null,
  "modified_by": null,
  "removed": false,
  "student": 10,
  "supervisor": 20,
  "supervisor_type": "POT",
  "updated_at": "2020-04-28T12:18:05.202"
 },
 "model": "grad.supervisor",
 "pk": 17
},
{
 "fields": {
  "config": "{}",
  "created_at": "2020-04-28T12:18:12.318",
  "created_by": "",
  "external": null,
  "modified_by": null,
  "removed": false,
  "student": 13,
  "supervisor": 21,
  "supervisor_type": "POT",
  "updated_at": "2020-04-28T12:18:12.319"
 },
 "model": "grad.supervisor",
 "pk": 18
},
{
 "fields": {
  "config": "{}",
  "created_at": "2020-04-28T12:18:14.351",
  "created_by": "",
  "external": null,
  "modified_by": null,
  "removed": false,
  "student": 14,
  "supervisor": 20,
  "supervisor_type": "POT",
  "updated_at": "2020-04-28T12:18:14.351"
 },
 "model": "grad.supervisor",
 "pk": 19
},
{
 "fields": {
  "config": "{}",
  "created_at": "2020-04-28T12:18:14.459",
  "created_by": "",
  "external": null,
  "modified_by": null,
  "removed": false,
  "student": 14,
  "supervisor": 20,
  "supervisor_type": "SEN",
  "updated_at": "2020-04-28T12:18:14.460"
 },
 "model": "grad.supervisor",
 "pk": 20
},
{
 "fields": {
  "config": "{}",
  "created_at": "2020-04-28T12:18:14.568",
  "created_by": "",
  "external": null,
  "modified_by": null,
  "removed": false,
  "student": 14,
  "supervisor": 4,
  "supervisor_type": "COM",
  "updated_at": "2020-04-28T12:18:14.570"
 },
 "model": "grad.supervisor",
 "pk": 21
},
{
 "fields": {
  "config": "{}",
  "created_at": "2020-04-28T12:18:21.201",
  "created_by": "",
  "external": null,
  "modified_by": null,
  "removed": false,
  "student": 17,
  "supervisor": 9,
  "supervisor_type": "POT",
  "updated_at": "2020-04-28T12:18:21.203"
 },
 "model": "grad.supervisor",
 "pk": 22
},
{
 "fields": {
  "config": "{}",
  "created_at": "2020-04-28T12:18:21.394",
  "created_by": "",
  "external": null,
  "modified_by": null,
  "removed": false,
  "student": 17,
  "supervisor": 9,
  "supervisor_type": "SEN",
  "updated_at": "2020-04-28T12:18:21.395"
 },
 "model": "grad.supervisor",
 "pk": 23
},
{
 "fields": {
  "config": "{}",
  "created_at": "2020-04-28T12:18:21.543",
  "created_by": "",
  "external": null,
  "modified_by": null,
  "removed": false,
  "student": 17,
  "supervisor": 12,
  "supervisor_type": "COM",
  "updated_at": "2020-04-28T12:18:21.545"
 },
 "model": "grad.supervisor",
 "pk": 24
},
{
 "fields": {
  "config": "{}",
  "created_at": "2020-04-28T12:18:24.327",
  "created_by": "",
  "external": null,
  "modified_by": null,
  "removed": false,
  "student": 18,
  "supervisor": 16,
  "supervisor_type": "POT",
  "updated_at": "2020-04-28T12:18:24.327"
 },
 "model": "grad.supervisor",
 "pk": 25
},
{
 "fields": {
  "config": "{}",
  "created_at": "2020-04-28T12:18:24.470",
  "created_by": "",
  "external": null,
  "modified_by": null,
  "removed": false,
  "student": 18,
  "supervisor": 16,
  "supervisor_type": "SEN",
  "updated_at": "2020-04-28T12:18:24.471"
 },
 "model": "grad.supervisor",
 "pk": 26
},
{
 "fields": {
  "config": "{}",
  "created_at": "2020-04-28T12:18:24.586",
  "created_by": "",
  "external": null,
  "modified_by": null,
  "removed": false,
  "student": 18,
  "supervisor": 15,
  "supervisor_type": "COM",
  "updated_at": "2020-04-28T12:18:24.588"
 },
 "model": "grad.supervisor",
 "pk": 27
},
{
 "fields": {
  "config": "{}",
  "created_at": "2020-04-28T12:18:26.569",
  "created_by": "",
  "external": null,
  "modified_by": null,
  "removed": false,
  "student": 19,
  "supervisor": 12,
  "supervisor_type": "POT",
  "updated_at": "2020-04-28T12:18:26.569"
 },
 "model": "grad.supervisor",
 "pk": 28
},
{
 "fields": {
  "config": "{}",
  "created_at": "2020-04-28T12:18:26.736",
  "created_by": "",
  "external": null,
  "modified_by": null,
  "removed": false,
  "student": 19,
  "supervisor": 12,
  "supervisor_type": "SEN",
  "updated_at": "2020-04-28T12:18:26.738"
 },
 "model": "grad.supervisor",
 "pk": 29
},
{
 "fields": {
  "config": "{}",
  "created_at": "2020-04-28T12:18:27.044",
  "created_by": "",
  "external": null,
  "modified_by": null,
  "removed": false,
  "student": 19,
  "supervisor": 22,
  "supervisor_type": "COM",
  "updated_at": "2020-04-28T12:18:27.044"
 },
 "model": "grad.supervisor",
 "pk": 30
},
{
 "fields": {
  "config": "{}",
  "created_at": "2020-04-28T12:18:29.835",
  "created_by": "",
  "external": null,
  "modified_by": null,
  "removed": false,
  "student": 20,
  "supervisor": 16,
  "supervisor_type": "POT",
  "updated_at": "2020-04-28T12:18:29.835"
 },
 "model": "grad.supervisor",
 "pk": 31
},
{
 "fields": {
  "config": "{}",
  "created_at": "2020-04-28T12:18:37.320",
  "created_by": "",
  "external": null,
  "modified_by": null,
  "removed": false,
  "student": 22,
  "supervisor": 9,
  "supervisor_type": "POT",
  "updated_at": "2020-04-28T12:18:37.321"
 },
 "model": "grad.supervisor",
 "pk": 32
},
{
 "fields": {
  "config": "{}",
  "created_at": "2020-04-28T12:18:39.986",
  "created_by": "",
  "external": null,
  "modified_by": null,
  "removed": false,
  "student": 23,
  "supervisor": 8,
  "supervisor_type": "POT",
  "updated_at": "2020-04-28T12:18:39.988"
 },
 "model": "grad.supervisor",
 "pk": 33
},
{
 "fields": {
  "config": "{}",
  "created_at": "2020-04-28T12:18:42.420",
  "created_by": "",
  "external": null,
  "modified_by": null,
  "removed": false,
  "student": 24,
  "supervisor": 12,
  "supervisor_type": "POT",
  "updated_at": "2020-04-28T12:18:42.422"
 },
 "model": "grad.supervisor",
 "pk": 34
},
{
 "fields": {
  "config": "{}",
  "created_at": "2020-04-28T12:18:45.138",
  "created_by": "",
  "external": null,
  "modified_by": null,
  "removed": false,
  "student": 25,
  "supervisor": 11,
  "supervisor_type": "POT",
  "updated_at": "2020-04-28T12:18:45.139"
 },
 "model": "grad.supervisor",
 "pk": 35
},
{
 "fields": {
  "config": "{}",
  "created_at": "2020-04-28T12:18:45.255",
  "created_by": "",
  "external": null,
  "modified_by": null,
  "removed": false,
  "student": 25,
  "supervisor": 11,
  "supervisor_type": "SEN",
  "updated_at": "2020-04-28T12:18:45.257"
 },
 "model": "grad.supervisor",
 "pk": 36
},
{
 "fields": {
  "config": "{}",
  "created_at": "2020-04-28T12:18:45.372",
  "created_by": "",
  "external": null,
  "modified_by": null,
  "removed": false,
  "student": 25,
  "supervisor": 22,
  "supervisor_type": "COM",
  "updated_at": "2020-04-28T12:18:45.374"
 },
 "model": "grad.supervisor",
 "pk": 37
}
]
