[
{
 "fields": {
  "config": "{}",
  "expiry": "2021-09-29",
  "person": 5,
  "role": "GRAD",
  "unit": 5
 },
 "model": "coredata.role",
 "pk": 8
},
{
 "fields": {
  "config": "{}",
  "expiry": "2021-09-29",
  "person": 2,
  "role": "GRPD",
  "unit": 5
 },
 "model": "coredata.role",
 "pk": 9
},
{
 "fields": {
  "created_at": "2019-01-03T12:59:25.252",
  "created_by": "",
  "description": "MSc Course option",
  "hidden": false,
  "label": "MSc Course",
  "modified_by": null,
  "slug": "msccourse",
  "unit": 5,
  "updated_at": "2019-01-03T12:59:25.252"
 },
 "model": "grad.gradprogram",
 "pk": 1
},
{
 "fields": {
  "created_at": "2019-01-03T12:59:25.486",
  "created_by": "",
  "description": "MSc Project option",
  "hidden": false,
  "label": "MSc Proj",
  "modified_by": null,
  "slug": "mscproj",
  "unit": 5,
  "updated_at": "2019-01-03T12:59:25.486"
 },
 "model": "grad.gradprogram",
 "pk": 2
},
{
 "fields": {
  "created_at": "2019-01-03T12:59:25.694",
  "created_by": "",
  "description": "MSc Thesis option",
  "hidden": false,
  "label": "MSc Thesis",
  "modified_by": null,
  "slug": "mscthesis",
  "unit": 5,
  "updated_at": "2019-01-03T12:59:25.694"
 },
 "model": "grad.gradprogram",
 "pk": 3
},
{
 "fields": {
  "created_at": "2019-01-03T12:59:25.863",
  "created_by": "",
  "description": "Doctor of Philosophy",
  "hidden": false,
  "label": "PhD",
  "modified_by": null,
  "slug": "phd",
  "unit": 5,
  "updated_at": "2019-01-03T12:59:25.863"
 },
 "model": "grad.gradprogram",
 "pk": 4
},
{
 "fields": {
  "created_at": "2019-01-03T12:59:25.972",
  "created_by": "",
  "description": "Qualifying student",
  "hidden": false,
  "label": "Qualifying",
  "modified_by": null,
  "slug": "qualifying",
  "unit": 5,
  "updated_at": "2019-01-03T12:59:25.972"
 },
 "model": "grad.gradprogram",
 "pk": 5
},
{
 "fields": {
  "created_at": "2019-01-03T12:59:26.272",
  "created_by": "",
  "description": "Special Arrangements",
  "hidden": false,
  "label": "Special",
  "modified_by": null,
  "slug": "special",
  "unit": 5,
  "updated_at": "2019-01-03T12:59:26.272"
 },
 "model": "grad.gradprogram",
 "pk": 6
},
{
 "fields": {
  "comments": null,
  "eligible": false,
  "hidden": false,
  "name": "Scholarship-o-rama",
  "unit": 5
 },
 "model": "grad.scholarshiptype",
 "pk": 1
},
{
 "fields": {
  "comments": null,
  "eligible": true,
  "hidden": false,
  "name": "Generic Scholarship #8",
  "unit": 5
 },
 "model": "grad.scholarshiptype",
 "pk": 2
},
{
 "fields": {
  "created_at": "2019-01-03T12:59:26.584",
  "description": "Achieved Speciality",
  "hidden": false,
  "program": 6,
  "series": 1,
  "updated_at": "2019-01-03T12:59:26.584"
 },
 "model": "grad.gradrequirement",
 "pk": 1
},
{
 "fields": {
  "created_at": "2019-01-03T12:59:26.740",
  "description": "Found campus",
  "hidden": false,
  "program": 1,
  "series": 2,
  "updated_at": "2019-01-03T12:59:26.740"
 },
 "model": "grad.gradrequirement",
 "pk": 2
},
{
 "fields": {
  "created_at": "2019-01-03T12:59:26.872",
  "description": "Found campus",
  "hidden": false,
  "program": 2,
  "series": 2,
  "updated_at": "2019-01-03T12:59:26.872"
 },
 "model": "grad.gradrequirement",
 "pk": 3
},
{
 "fields": {
  "created_at": "2019-01-03T12:59:27.017",
  "description": "Found campus",
  "hidden": false,
  "program": 3,
  "series": 2,
  "updated_at": "2019-01-03T12:59:27.017"
 },
 "model": "grad.gradrequirement",
 "pk": 4
},
{
 "fields": {
  "created_at": "2019-01-03T12:59:27.171",
  "description": "Found campus",
  "hidden": false,
  "program": 4,
  "series": 2,
  "updated_at": "2019-01-03T12:59:27.171"
 },
 "model": "grad.gradrequirement",
 "pk": 5
},
{
 "fields": {
  "created_at": "2019-01-03T12:59:27.367",
  "description": "Found campus",
  "hidden": false,
  "program": 5,
  "series": 2,
  "updated_at": "2019-01-03T12:59:27.367"
 },
 "model": "grad.gradrequirement",
 "pk": 6
},
{
 "fields": {
  "created_at": "2019-01-03T12:59:27.601",
  "description": "Found campus",
  "hidden": false,
  "program": 6,
  "series": 2,
  "updated_at": "2019-01-03T12:59:27.601"
 },
 "model": "grad.gradrequirement",
 "pk": 7
},
{
 "fields": {
  "config": "{}",
  "content": "Congratulations, {{first_name}}, we would like to offer you admission to the {{program}} program in Computing Science at SFU.\r\n\r\nThis is g\u00f6\u00f6d news. Really.",
  "created_at": "2019-01-03T12:59:24.784",
  "created_by": "",
  "hidden": false,
  "label": "offer",
  "slug": "cmpt-offer",
  "unit": 5
 },
 "model": "grad.lettertemplate",
 "pk": 1
},
{
 "fields": {
  "config": "{}",
  "content": "This is to confirm that {{title}} {{first_name}} {{last_name}} is currently enrolled as a full time student in the {{program}} in the School of Computing Science at SFU.",
  "created_at": "2019-01-03T12:59:24.984",
  "created_by": "",
  "hidden": false,
  "label": "visa",
  "slug": "cmpt-visa",
  "unit": 5
 },
 "model": "grad.lettertemplate",
 "pk": 2
},
{
 "fields": {
  "config": "{}",
  "content": "This is to confirm that {{title}} {{first_name}} {{last_name}} is a student in the School of Computing Science's {{program}} program. {{He_She}} has been employed as follows:\r\n\r\n{% if tafunding %}Teaching assistant responsibilities include providing tutorials, office hours and marking assignments. {{title}} {{last_name}}'s assignments have been:\r\n\r\n{{ tafunding }}{% endif %}\r\n{% if rafunding %}Research assistants assist/provide research services to faculty. {{title}} {{last_name}}'s assignments have been:\r\n\r\n{{ rafunding }}{% endif %}\r\n{% if scholarships %}{{title}} {{last_name}} has received the following scholarships:\r\n\r\n{{ scholarships }}{% endif %}\r\n\r\n{{title}} {{last_name}} is making satisfactory progress.",
  "created_at": "2019-01-03T12:59:25.143",
  "created_by": "",
  "hidden": false,
  "label": "Funding",
  "slug": "cmpt-funding",
  "unit": 5
 },
 "model": "grad.lettertemplate",
 "pk": 3
},
{
 "fields": {
  "label": "Dual Degree Program",
  "unit": 5
 },
 "model": "grad.gradflag",
 "pk": 1
},
{
 "fields": {
  "label": "Co-op",
  "unit": 5
 },
 "model": "grad.gradflag",
 "pk": 2
},
{
 "fields": {
  "campus": "OFFST",
  "comments": "",
  "config": "{}",
  "created_at": "2019-01-03T12:59:28.292",
  "created_by": "",
  "current_status": "ACTI",
  "end_semester": null,
  "english_fluency": "",
  "is_canadian": false,
  "modified_by": null,
  "mother_tongue": "",
  "passport_issued_by": "",
  "person": 46,
  "program": 3,
  "research_area": "Htlg\u00f5fg\u00efology",
  "slug": "0ggg16-mscthesis",
  "start_semester": 157,
  "updated_at": "2019-01-03T12:59:30.513"
 },
 "model": "grad.gradstudent",
 "pk": 1
},
{
 "fields": {
  "campus": "GNWC",
  "comments": "",
  "config": "{}",
  "created_at": "2019-01-03T12:59:32.884",
  "created_by": "",
  "current_status": "ACTI",
  "end_semester": null,
  "english_fluency": "",
  "is_canadian": null,
  "modified_by": null,
  "mother_tongue": "",
  "passport_issued_by": "",
  "person": 18,
  "program": 4,
  "research_area": "Awldzqrgology",
  "slug": "0ggg2-phd",
  "start_semester": 159,
  "updated_at": "2019-01-03T12:59:35.399"
 },
 "model": "grad.gradstudent",
 "pk": 2
},
{
 "fields": {
  "campus": "OFFST",
  "comments": "",
  "config": "{}",
  "created_at": "2019-01-03T12:59:37.024",
  "created_by": "",
  "current_status": "WIDR",
  "end_semester": 161,
  "english_fluency": "",
  "is_canadian": null,
  "modified_by": null,
  "mother_tongue": "",
  "passport_issued_by": "",
  "person": 32,
  "program": 2,
  "research_area": "Fdepmoqpology",
  "slug": "0ggg9-mscproj",
  "start_semester": 157,
  "updated_at": "2019-01-03T12:59:40.459"
 },
 "model": "grad.gradstudent",
 "pk": 3
},
{
 "fields": {
  "campus": "VANCR",
  "comments": "",
  "config": "{}",
  "created_at": "2019-01-03T12:59:41.702",
  "created_by": "",
  "current_status": "REJE",
  "end_semester": null,
  "english_fluency": "",
  "is_canadian": false,
  "modified_by": null,
  "mother_tongue": "",
  "passport_issued_by": "",
  "person": 20,
  "program": 3,
  "research_area": "Oihzkcfzology",
  "slug": "0ggg3-mscthesis",
  "start_semester": 158,
  "updated_at": "2019-01-03T12:59:42.834"
 },
 "model": "grad.gradstudent",
 "pk": 4
},
{
 "fields": {
  "campus": "METRO",
  "comments": "",
  "config": "{}",
  "created_at": "2019-01-03T12:59:44.616",
  "created_by": "",
  "current_status": "ACTI",
  "end_semester": null,
  "english_fluency": "",
  "is_canadian": false,
  "modified_by": null,
  "mother_tongue": "",
  "passport_issued_by": "",
  "person": 44,
  "program": 4,
  "research_area": "Epnj\u00f5exoology",
  "slug": "0ggg15-phd",
  "start_semester": 156,
  "updated_at": "2019-01-03T12:59:47.281"
 },
 "model": "grad.gradstudent",
 "pk": 5
},
{
 "fields": {
  "campus": "OFFST",
  "comments": "",
  "config": "{}",
  "created_at": "2019-01-03T12:59:48.549",
  "created_by": "",
  "current_status": "ACTI",
  "end_semester": null,
  "english_fluency": "",
  "is_canadian": false,
  "modified_by": null,
  "mother_tongue": "",
  "passport_issued_by": "",
  "person": 30,
  "program": 4,
  "research_area": "Fnym\u00fagloology",
  "slug": "0ggg8-phd",
  "start_semester": 157,
  "updated_at": "2019-01-03T12:59:50.548"
 },
 "model": "grad.gradstudent",
 "pk": 6
},
{
 "fields": {
  "campus": "BRNBY",
  "comments": "",
  "config": "{}",
  "created_at": "2019-01-03T12:59:51.701",
  "created_by": "",
  "current_status": "REJE",
  "end_semester": null,
  "english_fluency": "",
  "is_canadian": false,
  "modified_by": null,
  "mother_tongue": "",
  "passport_issued_by": "",
  "person": 26,
  "program": 3,
  "research_area": "Kxwt\u00f5dcpology",
  "slug": "0ggg6-mscthesis",
  "start_semester": 155,
  "updated_at": "2019-01-03T12:59:52.907"
 },
 "model": "grad.gradstudent",
 "pk": 7
},
{
 "fields": {
  "campus": "BRNBY",
  "comments": "",
  "config": "{}",
  "created_at": "2019-01-03T12:59:54.748",
  "created_by": "",
  "current_status": "ACTI",
  "end_semester": null,
  "english_fluency": "",
  "is_canadian": false,
  "modified_by": null,
  "mother_tongue": "",
  "passport_issued_by": "",
  "person": 34,
  "program": 3,
  "research_area": "Tizfy\u00f5\u00earology",
  "slug": "0ggg10-mscthesis",
  "start_semester": 159,
  "updated_at": "2019-01-03T12:59:57.205"
 },
 "model": "grad.gradstudent",
 "pk": 8
},
{
 "fields": {
  "campus": "METRO",
  "comments": "",
  "config": "{}",
  "created_at": "2019-01-03T12:59:58.859",
  "created_by": "",
  "current_status": "REJE",
  "end_semester": null,
  "english_fluency": "",
  "is_canadian": null,
  "modified_by": null,
  "mother_tongue": "",
  "passport_issued_by": "",
  "person": 52,
  "program": 3,
  "research_area": "Wdn\u00efh\u00f5ybology",
  "slug": "0ggg19-mscthesis",
  "start_semester": 154,
  "updated_at": "2019-01-03T13:00:00.215"
 },
 "model": "grad.gradstudent",
 "pk": 9
},
{
 "fields": {
  "campus": "GNWC",
  "comments": "",
  "config": "{}",
  "created_at": "2019-01-03T13:00:01.100",
  "created_by": "",
  "current_status": "ACTI",
  "end_semester": null,
  "english_fluency": "",
  "is_canadian": true,
  "modified_by": null,
  "mother_tongue": "",
  "passport_issued_by": "",
  "person": 42,
  "program": 3,
  "research_area": "Soket\u00f5woology",
  "slug": "0ggg14-mscthesis",
  "start_semester": 159,
  "updated_at": "2019-01-03T13:00:03.265"
 },
 "model": "grad.gradstudent",
 "pk": 10
},
{
 "fields": {
  "campus": "GNWC",
  "comments": "",
  "config": "{}",
  "created_at": "2019-01-03T13:00:04.865",
  "created_by": "",
  "current_status": "ACTI",
  "end_semester": null,
  "english_fluency": "",
  "is_canadian": null,
  "modified_by": null,
  "mother_tongue": "",
  "passport_issued_by": "",
  "person": 16,
  "program": 5,
  "research_area": "E\u00f5\u00efvbcoiology",
  "slug": "0ggg1-qualifying",
  "start_semester": 156,
  "updated_at": "2019-01-03T13:00:06.627"
 },
 "model": "grad.gradstudent",
 "pk": 11
},
{
 "fields": {
  "campus": "METRO",
  "comments": "",
  "config": "{}",
  "created_at": "2019-01-03T13:00:08.392",
  "created_by": "",
  "current_status": "WIDR",
  "end_semester": 161,
  "english_fluency": "",
  "is_canadian": true,
  "modified_by": null,
  "mother_tongue": "",
  "passport_issued_by": "",
  "person": 24,
  "program": 4,
  "research_area": "Wl\u00ea\u00f5irf\u00f5ology",
  "slug": "0ggg5-phd",
  "start_semester": 156,
  "updated_at": "2019-01-03T13:00:11.324"
 },
 "model": "grad.gradstudent",
 "pk": 12
},
{
 "fields": {
  "campus": "GNWC",
  "comments": "",
  "config": "{}",
  "created_at": "2019-01-03T13:00:12.883",
  "created_by": "",
  "current_status": "ACTI",
  "end_semester": null,
  "english_fluency": "",
  "is_canadian": false,
  "modified_by": null,
  "mother_tongue": "",
  "passport_issued_by": "",
  "person": 48,
  "program": 6,
  "research_area": "R\u00eatrc\u00f5nvology",
  "slug": "0ggg17-special",
  "start_semester": 160,
  "updated_at": "2019-01-03T13:00:15.949"
 },
 "model": "grad.gradstudent",
 "pk": 13
},
{
 "fields": {
  "campus": "METRO",
  "comments": "",
  "config": "{}",
  "created_at": "2019-01-03T13:00:18.390",
  "created_by": "",
  "current_status": "ACTI",
  "end_semester": null,
  "english_fluency": "",
  "is_canadian": true,
  "modified_by": null,
  "mother_tongue": "",
  "passport_issued_by": "",
  "person": 28,
  "program": 1,
  "research_area": "Qpc\u00efnvw\u00efology",
  "slug": "0ggg7-msccourse",
  "start_semester": 159,
  "updated_at": "2019-01-03T13:00:20.905"
 },
 "model": "grad.gradstudent",
 "pk": 14
},
{
 "fields": {
  "campus": "VANCR",
  "comments": "",
  "config": "{}",
  "created_at": "2019-01-03T13:00:22.456",
  "created_by": "",
  "current_status": "WIDR",
  "end_semester": 160,
  "english_fluency": "",
  "is_canadian": false,
  "modified_by": null,
  "mother_tongue": "",
  "passport_issued_by": "",
  "person": 38,
  "program": 5,
  "research_area": "Sej\u00ef\u00efmnxology",
  "slug": "0ggg12-qualifying",
  "start_semester": 155,
  "updated_at": "2019-01-03T13:00:24.819"
 },
 "model": "grad.gradstudent",
 "pk": 15
},
{
 "fields": {
  "campus": "METRO",
  "comments": "",
  "config": "{}",
  "created_at": "2019-01-03T13:00:26.160",
  "created_by": "",
  "current_status": "REJE",
  "end_semester": null,
  "english_fluency": "",
  "is_canadian": true,
  "modified_by": null,
  "mother_tongue": "",
  "passport_issued_by": "",
  "person": 14,
  "program": 3,
  "research_area": "Nnk\u00efbalcology",
  "slug": "0ggg0-mscthesis",
  "start_semester": 153,
  "updated_at": "2019-01-03T13:00:27.311"
 },
 "model": "grad.gradstudent",
 "pk": 16
},
{
 "fields": {
  "campus": "METRO",
  "comments": "",
  "config": "{}",
  "created_at": "2019-01-03T13:00:29.097",
  "created_by": "",
  "current_status": "ACTI",
  "end_semester": null,
  "english_fluency": "",
  "is_canadian": null,
  "modified_by": null,
  "mother_tongue": "",
  "passport_issued_by": "",
  "person": 40,
  "program": 4,
  "research_area": "Byfabjlgology",
  "slug": "0ggg13-phd",
  "start_semester": 159,
  "updated_at": "2019-01-03T13:00:31.126"
 },
 "model": "grad.gradstudent",
 "pk": 17
},
{
 "fields": {
  "campus": "BRNBY",
  "comments": "",
  "config": "{}",
  "created_at": "2019-01-03T13:00:32.915",
  "created_by": "",
  "current_status": "REJE",
  "end_semester": null,
  "english_fluency": "",
  "is_canadian": true,
  "modified_by": null,
  "mother_tongue": "",
  "passport_issued_by": "",
  "person": 50,
  "program": 1,
  "research_area": "Cgy\u00f5yf\u00f5sology",
  "slug": "0ggg18-msccourse",
  "start_semester": 155,
  "updated_at": "2019-01-03T13:00:34.790"
 },
 "model": "grad.gradstudent",
 "pk": 18
},
{
 "fields": {
  "campus": "METRO",
  "comments": "",
  "config": "{}",
  "created_at": "2019-01-03T13:00:36.485",
  "created_by": "",
  "current_status": "ACTI",
  "end_semester": null,
  "english_fluency": "",
  "is_canadian": true,
  "modified_by": null,
  "mother_tongue": "",
  "passport_issued_by": "",
  "person": 36,
  "program": 4,
  "research_area": "Pofztl\u00e0zology",
  "slug": "0ggg11-phd",
  "start_semester": 153,
  "updated_at": "2019-01-03T13:00:38.100"
 },
 "model": "grad.gradstudent",
 "pk": 19
},
{
 "fields": {
  "campus": "METRO",
  "comments": "",
  "config": "{}",
  "created_at": "2019-01-03T13:00:39.817",
  "created_by": "",
  "current_status": "ACTI",
  "end_semester": null,
  "english_fluency": "",
  "is_canadian": true,
  "modified_by": null,
  "mother_tongue": "",
  "passport_issued_by": "",
  "person": 22,
  "program": 6,
  "research_area": "Ass\u00efotv\u00e0ology",
  "slug": "0ggg4-special",
  "start_semester": 156,
  "updated_at": "2019-01-03T13:00:42.682"
 },
 "model": "grad.gradstudent",
 "pk": 20
},
{
 "fields": {
  "campus": "GNWC",
  "comments": "",
  "config": "{}",
  "created_at": "2019-01-03T13:00:43.805",
  "created_by": "",
  "current_status": "ACTI",
  "end_semester": null,
  "english_fluency": "",
  "is_canadian": null,
  "modified_by": null,
  "mother_tongue": "",
  "passport_issued_by": "",
  "person": 34,
  "program": 2,
  "research_area": "Menmrkthology",
  "slug": "0ggg10-mscproj",
  "start_semester": 157,
  "updated_at": "2019-01-03T13:00:45.563"
 },
 "model": "grad.gradstudent",
 "pk": 21
},
{
 "fields": {
  "campus": "OFFST",
  "comments": "",
  "config": "{}",
  "created_at": "2019-01-03T13:00:46.879",
  "created_by": "",
  "current_status": "REJE",
  "end_semester": null,
  "english_fluency": "",
  "is_canadian": true,
  "modified_by": null,
  "mother_tongue": "",
  "passport_issued_by": "",
  "person": 18,
  "program": 6,
  "research_area": "Huuo\u00efjy\u00efology",
  "slug": "0ggg2-special",
  "start_semester": 160,
  "updated_at": "2019-01-03T13:00:47.976"
 },
 "model": "grad.gradstudent",
 "pk": 22
},
{
 "fields": {
  "campus": "BRNBY",
  "comments": "",
  "config": "{}",
  "created_at": "2019-01-03T13:00:49.409",
  "created_by": "",
  "current_status": "ACTI",
  "end_semester": null,
  "english_fluency": "",
  "is_canadian": false,
  "modified_by": null,
  "mother_tongue": "",
  "passport_issued_by": "",
  "person": 16,
  "program": 3,
  "research_area": "Ytrt\u00ea\u00f5qjology",
  "slug": "0ggg1-mscthesis",
  "start_semester": 155,
  "updated_at": "2019-01-03T13:00:51.044"
 },
 "model": "grad.gradstudent",
 "pk": 23
},
{
 "fields": {
  "campus": "BRNBY",
  "comments": "",
  "config": "{}",
  "created_at": "2019-01-03T13:00:52.806",
  "created_by": "",
  "current_status": "ACTI",
  "end_semester": null,
  "english_fluency": "",
  "is_canadian": true,
  "modified_by": null,
  "mother_tongue": "",
  "passport_issued_by": "",
  "person": 32,
  "program": 5,
  "research_area": "Rfyenyb\u00faology",
  "slug": "0ggg9-qualifying",
  "start_semester": 157,
  "updated_at": "2019-01-03T13:00:54.553"
 },
 "model": "grad.gradstudent",
 "pk": 24
},
{
 "fields": {
  "campus": "BRNBY",
  "comments": "",
  "config": "{}",
  "created_at": "2019-01-03T13:00:55.617",
  "created_by": "",
  "current_status": "ACTI",
  "end_semester": null,
  "english_fluency": "",
  "is_canadian": true,
  "modified_by": null,
  "mother_tongue": "",
  "passport_issued_by": "",
  "person": 38,
  "program": 3,
  "research_area": "Hf\u00eas\u00fawemology",
  "slug": "0ggg12-mscthesis",
  "start_semester": 157,
  "updated_at": "2019-01-03T13:00:57.506"
 },
 "model": "grad.gradstudent",
 "pk": 25
},
{
 "fields": {
  "config": "{}",
  "program": 4,
  "start_semester": 157,
  "starting": "2019-01-03",
  "student": 1
 },
 "model": "grad.gradprogramhistory",
 "pk": 1
},
{
 "fields": {
  "config": "{}",
  "program": 3,
  "start_semester": 161,
  "starting": "2019-01-03",
  "student": 1
 },
 "model": "grad.gradprogramhistory",
 "pk": 2
},
{
 "fields": {
  "config": "{}",
  "program": 6,
  "start_semester": 159,
  "starting": "2019-01-03",
  "student": 2
 },
 "model": "grad.gradprogramhistory",
 "pk": 3
},
{
 "fields": {
  "config": "{}",
  "program": 4,
  "start_semester": 160,
  "starting": "2019-01-03",
  "student": 2
 },
 "model": "grad.gradprogramhistory",
 "pk": 4
},
{
 "fields": {
  "config": "{}",
  "program": 2,
  "start_semester": 157,
  "starting": "2019-01-03",
  "student": 3
 },
 "model": "grad.gradprogramhistory",
 "pk": 5
},
{
 "fields": {
  "config": "{}",
  "program": 3,
  "start_semester": 158,
  "starting": "2019-01-03",
  "student": 4
 },
 "model": "grad.gradprogramhistory",
 "pk": 6
},
{
 "fields": {
  "config": "{}",
  "program": 4,
  "start_semester": 156,
  "starting": "2019-01-03",
  "student": 5
 },
 "model": "grad.gradprogramhistory",
 "pk": 7
},
{
 "fields": {
  "config": "{}",
  "program": 5,
  "start_semester": 157,
  "starting": "2019-01-03",
  "student": 6
 },
 "model": "grad.gradprogramhistory",
 "pk": 8
},
{
 "fields": {
  "config": "{}",
  "program": 4,
  "start_semester": 158,
  "starting": "2019-01-03",
  "student": 6
 },
 "model": "grad.gradprogramhistory",
 "pk": 9
},
{
 "fields": {
  "config": "{}",
  "program": 3,
  "start_semester": 155,
  "starting": "2019-01-03",
  "student": 7
 },
 "model": "grad.gradprogramhistory",
 "pk": 10
},
{
 "fields": {
  "config": "{}",
  "program": 2,
  "start_semester": 159,
  "starting": "2019-01-03",
  "student": 8
 },
 "model": "grad.gradprogramhistory",
 "pk": 11
},
{
 "fields": {
  "config": "{}",
  "program": 3,
  "start_semester": 161,
  "starting": "2019-01-03",
  "student": 8
 },
 "model": "grad.gradprogramhistory",
 "pk": 12
},
{
 "fields": {
  "config": "{}",
  "program": 3,
  "start_semester": 154,
  "starting": "2019-01-03",
  "student": 9
 },
 "model": "grad.gradprogramhistory",
 "pk": 13
},
{
 "fields": {
  "config": "{}",
  "program": 3,
  "start_semester": 159,
  "starting": "2019-01-03",
  "student": 10
 },
 "model": "grad.gradprogramhistory",
 "pk": 14
},
{
 "fields": {
  "config": "{}",
  "program": 1,
  "start_semester": 162,
  "starting": "2019-01-03",
  "student": 10
 },
 "model": "grad.gradprogramhistory",
 "pk": 15
},
{
 "fields": {
  "config": "{}",
  "program": 2,
  "start_semester": 156,
  "starting": "2019-01-03",
  "student": 11
 },
 "model": "grad.gradprogramhistory",
 "pk": 16
},
{
 "fields": {
  "config": "{}",
  "program": 5,
  "start_semester": 158,
  "starting": "2019-01-03",
  "student": 11
 },
 "model": "grad.gradprogramhistory",
 "pk": 17
},
{
 "fields": {
  "config": "{}",
  "program": 4,
  "start_semester": 156,
  "starting": "2019-01-03",
  "student": 12
 },
 "model": "grad.gradprogramhistory",
 "pk": 18
},
{
 "fields": {
  "config": "{}",
  "program": 6,
  "start_semester": 160,
  "starting": "2019-01-03",
  "student": 13
 },
 "model": "grad.gradprogramhistory",
 "pk": 19
},
{
 "fields": {
  "config": "{}",
  "program": 4,
  "start_semester": 163,
  "starting": "2019-01-03",
  "student": 13
 },
 "model": "grad.gradprogramhistory",
 "pk": 20
},
{
 "fields": {
  "config": "{}",
  "program": 6,
  "start_semester": 159,
  "starting": "2019-01-03",
  "student": 14
 },
 "model": "grad.gradprogramhistory",
 "pk": 21
},
{
 "fields": {
  "config": "{}",
  "program": 1,
  "start_semester": 160,
  "starting": "2019-01-03",
  "student": 14
 },
 "model": "grad.gradprogramhistory",
 "pk": 22
},
{
 "fields": {
  "config": "{}",
  "program": 5,
  "start_semester": 155,
  "starting": "2019-01-03",
  "student": 15
 },
 "model": "grad.gradprogramhistory",
 "pk": 23
},
{
 "fields": {
  "config": "{}",
  "program": 3,
  "start_semester": 153,
  "starting": "2019-01-03",
  "student": 16
 },
 "model": "grad.gradprogramhistory",
 "pk": 24
},
{
 "fields": {
  "config": "{}",
  "program": 4,
  "start_semester": 159,
  "starting": "2019-01-03",
  "student": 17
 },
 "model": "grad.gradprogramhistory",
 "pk": 25
},
{
 "fields": {
  "config": "{}",
  "program": 5,
  "start_semester": 155,
  "starting": "2019-01-03",
  "student": 18
 },
 "model": "grad.gradprogramhistory",
 "pk": 26
},
{
 "fields": {
  "config": "{}",
  "program": 1,
  "start_semester": 159,
  "starting": "2019-01-03",
  "student": 18
 },
 "model": "grad.gradprogramhistory",
 "pk": 27
},
{
 "fields": {
  "config": "{}",
  "program": 4,
  "start_semester": 153,
  "starting": "2019-01-03",
  "student": 19
 },
 "model": "grad.gradprogramhistory",
 "pk": 28
},
{
 "fields": {
  "config": "{}",
  "program": 6,
  "start_semester": 156,
  "starting": "2019-01-03",
  "student": 20
 },
 "model": "grad.gradprogramhistory",
 "pk": 29
},
{
 "fields": {
  "config": "{}",
  "program": 2,
  "start_semester": 157,
  "starting": "2019-01-03",
  "student": 21
 },
 "model": "grad.gradprogramhistory",
 "pk": 30
},
{
 "fields": {
  "config": "{}",
  "program": 6,
  "start_semester": 160,
  "starting": "2019-01-03",
  "student": 22
 },
 "model": "grad.gradprogramhistory",
 "pk": 31
},
{
 "fields": {
  "config": "{}",
  "program": 2,
  "start_semester": 155,
  "starting": "2019-01-03",
  "student": 23
 },
 "model": "grad.gradprogramhistory",
 "pk": 32
},
{
 "fields": {
  "config": "{}",
  "program": 3,
  "start_semester": 157,
  "starting": "2019-01-03",
  "student": 23
 },
 "model": "grad.gradprogramhistory",
 "pk": 33
},
{
 "fields": {
  "config": "{}",
  "program": 5,
  "start_semester": 157,
  "starting": "2019-01-03",
  "student": 24
 },
 "model": "grad.gradprogramhistory",
 "pk": 34
},
{
 "fields": {
  "config": "{}",
  "program": 1,
  "start_semester": 157,
  "starting": "2019-01-03",
  "student": 25
 },
 "model": "grad.gradprogramhistory",
 "pk": 35
},
{
 "fields": {
  "config": "{}",
  "program": 3,
  "start_semester": 160,
  "starting": "2019-01-03",
  "student": 25
 },
 "model": "grad.gradprogramhistory",
 "pk": 36
},
{
 "fields": {
  "config": "{}",
  "created_at": "2019-01-03T12:59:28.818",
  "end": 157,
  "hidden": false,
  "notes": "",
  "start": 157,
  "start_date": "2017-05-28",
  "status": "COMP",
  "student": 1,
  "updated_at": "2019-01-03T12:59:29.550"
 },
 "model": "grad.gradstatus",
 "pk": 1
},
{
 "fields": {
  "config": "{}",
  "created_at": "2019-01-03T12:59:29.253",
  "end": 157,
  "hidden": false,
  "notes": "",
  "start": 157,
  "start_date": "2017-06-17",
  "status": "OFFO",
  "student": 1,
  "updated_at": "2019-01-03T12:59:30.272"
 },
 "model": "grad.gradstatus",
 "pk": 2
},
{
 "fields": {
  "config": "{}",
  "created_at": "2019-01-03T12:59:30.065",
  "end": 163,
  "hidden": false,
  "notes": "",
  "start": 157,
  "start_date": "2017-09-05",
  "status": "ACTI",
  "student": 1,
  "updated_at": "2019-01-03T12:59:30.876"
 },
 "model": "grad.gradstatus",
 "pk": 3
},
{
 "fields": {
  "config": "{}",
  "created_at": "2019-01-03T12:59:30.626",
  "end": null,
  "hidden": false,
  "notes": "",
  "start": 163,
  "start_date": "2019-09-03",
  "status": "WIDR",
  "student": 1,
  "updated_at": "2019-01-03T12:59:30.627"
 },
 "model": "grad.gradstatus",
 "pk": 4
},
{
 "fields": {
  "config": "{}",
  "created_at": "2019-01-03T12:59:33.797",
  "end": 159,
  "hidden": false,
  "notes": "",
  "start": 159,
  "start_date": "2018-01-27",
  "status": "COMP",
  "student": 2,
  "updated_at": "2019-01-03T12:59:34.547"
 },
 "model": "grad.gradstatus",
 "pk": 5
},
{
 "fields": {
  "config": "{}",
  "created_at": "2019-01-03T12:59:34.344",
  "end": 159,
  "hidden": false,
  "notes": "",
  "start": 159,
  "start_date": "2018-02-16",
  "status": "OFFO",
  "student": 2,
  "updated_at": "2019-01-03T12:59:35.215"
 },
 "model": "grad.gradstatus",
 "pk": 6
},
{
 "fields": {
  "config": "{}",
  "created_at": "2019-01-03T12:59:35.006",
  "end": null,
  "hidden": false,
  "notes": "",
  "start": 159,
  "start_date": "2018-05-07",
  "status": "ACTI",
  "student": 2,
  "updated_at": "2019-01-03T12:59:35.006"
 },
 "model": "grad.gradstatus",
 "pk": 7
},
{
 "fields": {
  "config": "{}",
  "created_at": "2019-01-03T12:59:37.590",
  "end": 157,
  "hidden": false,
  "notes": "",
  "start": 157,
  "start_date": "2017-05-28",
  "status": "COMP",
  "student": 3,
  "updated_at": "2019-01-03T12:59:38.141"
 },
 "model": "grad.gradstatus",
 "pk": 8
},
{
 "fields": {
  "config": "{}",
  "created_at": "2019-01-03T12:59:37.992",
  "end": 157,
  "hidden": false,
  "notes": "",
  "start": 157,
  "start_date": "2017-06-17",
  "status": "OFFO",
  "student": 3,
  "updated_at": "2019-01-03T12:59:39.437"
 },
 "model": "grad.gradstatus",
 "pk": 9
},
{
 "fields": {
  "config": "{}",
  "created_at": "2019-01-03T12:59:38.611",
  "end": 161,
  "hidden": false,
  "notes": "",
  "start": 157,
  "start_date": "2017-09-05",
  "status": "ACTI",
  "student": 3,
  "updated_at": "2019-01-03T12:59:40.188"
 },
 "model": "grad.gradstatus",
 "pk": 10
},
{
 "fields": {
  "config": "{}",
  "created_at": "2019-01-03T12:59:40.014",
  "end": null,
  "hidden": false,
  "notes": "",
  "start": 161,
  "start_date": "2019-01-03",
  "status": "WIDR",
  "student": 3,
  "updated_at": "2019-01-03T12:59:40.014"
 },
 "model": "grad.gradstatus",
 "pk": 11
},
{
 "fields": {
  "config": "{}",
  "created_at": "2019-01-03T12:59:42.081",
  "end": 158,
  "hidden": false,
  "notes": "",
  "start": 158,
  "start_date": "2017-09-25",
  "status": "COMP",
  "student": 4,
  "updated_at": "2019-01-03T12:59:42.609"
 },
 "model": "grad.gradstatus",
 "pk": 12
},
{
 "fields": {
  "config": "{}",
  "created_at": "2019-01-03T12:59:42.364",
  "end": null,
  "hidden": false,
  "notes": "",
  "start": 158,
  "start_date": "2017-10-15",
  "status": "REJE",
  "student": 4,
  "updated_at": "2019-01-03T12:59:42.364"
 },
 "model": "grad.gradstatus",
 "pk": 13
},
{
 "fields": {
  "config": "{}",
  "created_at": "2019-01-03T12:59:45.182",
  "end": 156,
  "hidden": false,
  "notes": "",
  "start": 156,
  "start_date": "2017-01-28",
  "status": "COMP",
  "student": 5,
  "updated_at": "2019-01-03T12:59:45.800"
 },
 "model": "grad.gradstatus",
 "pk": 14
},
{
 "fields": {
  "config": "{}",
  "created_at": "2019-01-03T12:59:45.685",
  "end": 156,
  "hidden": false,
  "notes": "",
  "start": 156,
  "start_date": "2017-02-17",
  "status": "OFFO",
  "student": 5,
  "updated_at": "2019-01-03T12:59:46.667"
 },
 "model": "grad.gradstatus",
 "pk": 15
},
{
 "fields": {
  "config": "{}",
  "created_at": "2019-01-03T12:59:46.215",
  "end": null,
  "hidden": false,
  "notes": "",
  "start": 156,
  "start_date": "2017-05-08",
  "status": "ACTI",
  "student": 5,
  "updated_at": "2019-01-03T12:59:46.215"
 },
 "model": "grad.gradstatus",
 "pk": 16
},
{
 "fields": {
  "config": "{}",
  "created_at": "2019-01-03T12:59:49.136",
  "end": 157,
  "hidden": false,
  "notes": "",
  "start": 157,
  "start_date": "2017-05-28",
  "status": "COMP",
  "student": 6,
  "updated_at": "2019-01-03T12:59:49.812"
 },
 "model": "grad.gradstatus",
 "pk": 17
},
{
 "fields": {
  "config": "{}",
  "created_at": "2019-01-03T12:59:49.537",
  "end": 157,
  "hidden": false,
  "notes": "",
  "start": 157,
  "start_date": "2017-06-17",
  "status": "OFFO",
  "student": 6,
  "updated_at": "2019-01-03T12:59:50.347"
 },
 "model": "grad.gradstatus",
 "pk": 18
},
{
 "fields": {
  "config": "{}",
  "created_at": "2019-01-03T12:59:50.205",
  "end": null,
  "hidden": false,
  "notes": "",
  "start": 157,
  "start_date": "2017-09-05",
  "status": "ACTI",
  "student": 6,
  "updated_at": "2019-01-03T12:59:50.205"
 },
 "model": "grad.gradstatus",
 "pk": 19
},
{
 "fields": {
  "config": "{}",
  "created_at": "2019-01-03T12:59:52.144",
  "end": 155,
  "hidden": false,
  "notes": "",
  "start": 155,
  "start_date": "2016-09-26",
  "status": "COMP",
  "student": 7,
  "updated_at": "2019-01-03T12:59:52.651"
 },
 "model": "grad.gradstatus",
 "pk": 20
},
{
 "fields": {
  "config": "{}",
  "created_at": "2019-01-03T12:59:52.476",
  "end": null,
  "hidden": false,
  "notes": "",
  "start": 155,
  "start_date": "2016-10-16",
  "status": "REJE",
  "student": 7,
  "updated_at": "2019-01-03T12:59:52.476"
 },
 "model": "grad.gradstatus",
 "pk": 21
},
{
 "fields": {
  "config": "{}",
  "created_at": "2019-01-03T12:59:55.630",
  "end": 159,
  "hidden": false,
  "notes": "",
  "start": 159,
  "start_date": "2018-01-27",
  "status": "COMP",
  "student": 8,
  "updated_at": "2019-01-03T12:59:56.308"
 },
 "model": "grad.gradstatus",
 "pk": 22
},
{
 "fields": {
  "config": "{}",
  "created_at": "2019-01-03T12:59:56.066",
  "end": 159,
  "hidden": false,
  "notes": "",
  "start": 159,
  "start_date": "2018-02-16",
  "status": "OFFO",
  "student": 8,
  "updated_at": "2019-01-03T12:59:56.892"
 },
 "model": "grad.gradstatus",
 "pk": 23
},
{
 "fields": {
  "config": "{}",
  "created_at": "2019-01-03T12:59:56.759",
  "end": 163,
  "hidden": false,
  "notes": "",
  "start": 159,
  "start_date": "2018-05-07",
  "status": "ACTI",
  "student": 8,
  "updated_at": "2019-01-03T12:59:57.628"
 },
 "model": "grad.gradstatus",
 "pk": 24
},
{
 "fields": {
  "config": "{}",
  "created_at": "2019-01-03T12:59:57.363",
  "end": null,
  "hidden": false,
  "notes": "",
  "start": 163,
  "start_date": "2019-09-03",
  "status": "WIDR",
  "student": 8,
  "updated_at": "2019-01-03T12:59:57.363"
 },
 "model": "grad.gradstatus",
 "pk": 25
},
{
 "fields": {
  "config": "{}",
  "created_at": "2019-01-03T12:59:59.295",
  "end": 154,
  "hidden": false,
  "notes": "",
  "start": 154,
  "start_date": "2016-05-29",
  "status": "COMP",
  "student": 9,
  "updated_at": "2019-01-03T12:59:59.928"
 },
 "model": "grad.gradstatus",
 "pk": 26
},
{
 "fields": {
  "config": "{}",
  "created_at": "2019-01-03T12:59:59.697",
  "end": null,
  "hidden": false,
  "notes": "",
  "start": 154,
  "start_date": "2016-06-18",
  "status": "REJE",
  "student": 9,
  "updated_at": "2019-01-03T12:59:59.697"
 },
 "model": "grad.gradstatus",
 "pk": 27
},
{
 "fields": {
  "config": "{}",
  "created_at": "2019-01-03T13:00:01.696",
  "end": 159,
  "hidden": false,
  "notes": "",
  "start": 159,
  "start_date": "2018-01-27",
  "status": "COMP",
  "student": 10,
  "updated_at": "2019-01-03T13:00:02.427"
 },
 "model": "grad.gradstatus",
 "pk": 28
},
{
 "fields": {
  "config": "{}",
  "created_at": "2019-01-03T13:00:02.167",
  "end": 159,
  "hidden": false,
  "notes": "",
  "start": 159,
  "start_date": "2018-02-16",
  "status": "OFFO",
  "student": 10,
  "updated_at": "2019-01-03T13:00:03.029"
 },
 "model": "grad.gradstatus",
 "pk": 29
},
{
 "fields": {
  "config": "{}",
  "created_at": "2019-01-03T13:00:02.819",
  "end": 162,
  "hidden": false,
  "notes": "",
  "start": 159,
  "start_date": "2018-05-07",
  "status": "ACTI",
  "student": 10,
  "updated_at": "2019-01-03T13:00:03.745"
 },
 "model": "grad.gradstatus",
 "pk": 30
},
{
 "fields": {
  "config": "{}",
  "created_at": "2019-01-03T13:00:03.488",
  "end": null,
  "hidden": false,
  "notes": "",
  "start": 162,
  "start_date": "2019-05-06",
  "status": "WIDR",
  "student": 10,
  "updated_at": "2019-01-03T13:00:03.488"
 },
 "model": "grad.gradstatus",
 "pk": 31
},
{
 "fields": {
  "config": "{}",
  "created_at": "2019-01-03T13:00:05.365",
  "end": 156,
  "hidden": false,
  "notes": "",
  "start": 156,
  "start_date": "2017-01-28",
  "status": "COMP",
  "student": 11,
  "updated_at": "2019-01-03T13:00:05.908"
 },
 "model": "grad.gradstatus",
 "pk": 32
},
{
 "fields": {
  "config": "{}",
  "created_at": "2019-01-03T13:00:05.777",
  "end": 156,
  "hidden": false,
  "notes": "",
  "start": 156,
  "start_date": "2017-02-17",
  "status": "OFFO",
  "student": 11,
  "updated_at": "2019-01-03T13:00:06.375"
 },
 "model": "grad.gradstatus",
 "pk": 33
},
{
 "fields": {
  "config": "{}",
  "created_at": "2019-01-03T13:00:06.263",
  "end": 165,
  "hidden": false,
  "notes": "",
  "start": 156,
  "start_date": "2017-05-08",
  "status": "ACTI",
  "student": 11,
  "updated_at": "2019-01-03T13:00:06.855"
 },
 "model": "grad.gradstatus",
 "pk": 34
},
{
 "fields": {
  "config": "{}",
  "created_at": "2019-01-03T13:00:06.729",
  "end": null,
  "hidden": false,
  "notes": "",
  "start": 165,
  "start_date": "2020-05-11",
  "status": "WIDR",
  "student": 11,
  "updated_at": "2019-01-03T13:00:06.729"
 },
 "model": "grad.gradstatus",
 "pk": 35
},
{
 "fields": {
  "config": "{}",
  "created_at": "2019-01-03T13:00:08.606",
  "end": 156,
  "hidden": false,
  "notes": "",
  "start": 156,
  "start_date": "2017-01-28",
  "status": "COMP",
  "student": 12,
  "updated_at": "2019-01-03T13:00:09.214"
 },
 "model": "grad.gradstatus",
 "pk": 36
},
{
 "fields": {
  "config": "{}",
  "created_at": "2019-01-03T13:00:08.933",
  "end": 156,
  "hidden": false,
  "notes": "",
  "start": 156,
  "start_date": "2017-02-17",
  "status": "OFFO",
  "student": 12,
  "updated_at": "2019-01-03T13:00:10.492"
 },
 "model": "grad.gradstatus",
 "pk": 37
},
{
 "fields": {
  "config": "{}",
  "created_at": "2019-01-03T13:00:10.221",
  "end": 161,
  "hidden": false,
  "notes": "",
  "start": 156,
  "start_date": "2017-05-08",
  "status": "ACTI",
  "student": 12,
  "updated_at": "2019-01-03T13:00:11.108"
 },
 "model": "grad.gradstatus",
 "pk": 38
},
{
 "fields": {
  "config": "{}",
  "created_at": "2019-01-03T13:00:10.927",
  "end": null,
  "hidden": false,
  "notes": "",
  "start": 161,
  "start_date": "2019-01-03",
  "status": "WIDR",
  "student": 12,
  "updated_at": "2019-01-03T13:00:10.927"
 },
 "model": "grad.gradstatus",
 "pk": 39
},
{
 "fields": {
  "config": "{}",
  "created_at": "2019-01-03T13:00:13.614",
  "end": 160,
  "hidden": false,
  "notes": "",
  "start": 160,
  "start_date": "2018-05-27",
  "status": "COMP",
  "student": 13,
  "updated_at": "2019-01-03T13:00:14.273"
 },
 "model": "grad.gradstatus",
 "pk": 40
},
{
 "fields": {
  "config": "{}",
  "created_at": "2019-01-03T13:00:14.088",
  "end": 160,
  "hidden": false,
  "notes": "",
  "start": 160,
  "start_date": "2018-06-16",
  "status": "OFFO",
  "student": 13,
  "updated_at": "2019-01-03T13:00:15.774"
 },
 "model": "grad.gradstatus",
 "pk": 41
},
{
 "fields": {
  "config": "{}",
  "created_at": "2019-01-03T13:00:15.420",
  "end": 163,
  "hidden": false,
  "notes": "",
  "start": 160,
  "start_date": "2018-09-04",
  "status": "ACTI",
  "student": 13,
  "updated_at": "2019-01-03T13:00:16.333"
 },
 "model": "grad.gradstatus",
 "pk": 42
},
{
 "fields": {
  "config": "{}",
  "created_at": "2019-01-03T13:00:16.105",
  "end": null,
  "hidden": false,
  "notes": "",
  "start": 163,
  "start_date": "2019-09-03",
  "status": "WIDR",
  "student": 13,
  "updated_at": "2019-01-03T13:00:16.105"
 },
 "model": "grad.gradstatus",
 "pk": 43
},
{
 "fields": {
  "config": "{}",
  "created_at": "2019-01-03T13:00:19.095",
  "end": 159,
  "hidden": false,
  "notes": "",
  "start": 159,
  "start_date": "2018-01-27",
  "status": "COMP",
  "student": 14,
  "updated_at": "2019-01-03T13:00:19.864"
 },
 "model": "grad.gradstatus",
 "pk": 44
},
{
 "fields": {
  "config": "{}",
  "created_at": "2019-01-03T13:00:19.553",
  "end": 159,
  "hidden": false,
  "notes": "",
  "start": 159,
  "start_date": "2018-02-16",
  "status": "OFFO",
  "student": 14,
  "updated_at": "2019-01-03T13:00:20.725"
 },
 "model": "grad.gradstatus",
 "pk": 45
},
{
 "fields": {
  "config": "{}",
  "created_at": "2019-01-03T13:00:20.421",
  "end": null,
  "hidden": false,
  "notes": "",
  "start": 159,
  "start_date": "2018-05-07",
  "status": "ACTI",
  "student": 14,
  "updated_at": "2019-01-03T13:00:20.421"
 },
 "model": "grad.gradstatus",
 "pk": 46
},
{
 "fields": {
  "config": "{}",
  "created_at": "2019-01-03T13:00:22.768",
  "end": 155,
  "hidden": false,
  "notes": "",
  "start": 155,
  "start_date": "2016-09-26",
  "status": "COMP",
  "student": 15,
  "updated_at": "2019-01-03T13:00:23.360"
 },
 "model": "grad.gradstatus",
 "pk": 47
},
{
 "fields": {
  "config": "{}",
  "created_at": "2019-01-03T13:00:23.169",
  "end": 155,
  "hidden": false,
  "notes": "",
  "start": 155,
  "start_date": "2016-10-16",
  "status": "OFFO",
  "student": 15,
  "updated_at": "2019-01-03T13:00:23.954"
 },
 "model": "grad.gradstatus",
 "pk": 48
},
{
 "fields": {
  "config": "{}",
  "created_at": "2019-01-03T13:00:23.831",
  "end": 160,
  "hidden": false,
  "notes": "",
  "start": 155,
  "start_date": "2017-01-04",
  "status": "ACTI",
  "student": 15,
  "updated_at": "2019-01-03T13:00:24.568"
 },
 "model": "grad.gradstatus",
 "pk": 49
},
{
 "fields": {
  "config": "{}",
  "created_at": "2019-01-03T13:00:24.389",
  "end": null,
  "hidden": false,
  "notes": "",
  "start": 160,
  "start_date": "2018-09-04",
  "status": "WIDR",
  "student": 15,
  "updated_at": "2019-01-03T13:00:24.389"
 },
 "model": "grad.gradstatus",
 "pk": 50
},
{
 "fields": {
  "config": "{}",
  "created_at": "2019-01-03T13:00:26.547",
  "end": 153,
  "hidden": false,
  "notes": "",
  "start": 153,
  "start_date": "2016-01-30",
  "status": "COMP",
  "student": 16,
  "updated_at": "2019-01-03T13:00:27.094"
 },
 "model": "grad.gradstatus",
 "pk": 51
},
{
 "fields": {
  "config": "{}",
  "created_at": "2019-01-03T13:00:26.856",
  "end": null,
  "hidden": false,
  "notes": "",
  "start": 153,
  "start_date": "2016-02-19",
  "status": "REJE",
  "student": 16,
  "updated_at": "2019-01-03T13:00:26.856"
 },
 "model": "grad.gradstatus",
 "pk": 52
},
{
 "fields": {
  "config": "{}",
  "created_at": "2019-01-03T13:00:29.600",
  "end": 159,
  "hidden": false,
  "notes": "",
  "start": 159,
  "start_date": "2018-01-27",
  "status": "COMP",
  "student": 17,
  "updated_at": "2019-01-03T13:00:30.354"
 },
 "model": "grad.gradstatus",
 "pk": 53
},
{
 "fields": {
  "config": "{}",
  "created_at": "2019-01-03T13:00:29.969",
  "end": 159,
  "hidden": false,
  "notes": "",
  "start": 159,
  "start_date": "2018-02-16",
  "status": "OFFO",
  "student": 17,
  "updated_at": "2019-01-03T13:00:30.924"
 },
 "model": "grad.gradstatus",
 "pk": 54
},
{
 "fields": {
  "config": "{}",
  "created_at": "2019-01-03T13:00:30.720",
  "end": null,
  "hidden": false,
  "notes": "",
  "start": 159,
  "start_date": "2018-05-07",
  "status": "ACTI",
  "student": 17,
  "updated_at": "2019-01-03T13:00:30.720"
 },
 "model": "grad.gradstatus",
 "pk": 55
},
{
 "fields": {
  "config": "{}",
  "created_at": "2019-01-03T13:00:33.841",
  "end": 155,
  "hidden": false,
  "notes": "",
  "start": 155,
  "start_date": "2016-09-26",
  "status": "COMP",
  "student": 18,
  "updated_at": "2019-01-03T13:00:34.578"
 },
 "model": "grad.gradstatus",
 "pk": 56
},
{
 "fields": {
  "config": "{}",
  "created_at": "2019-01-03T13:00:34.357",
  "end": null,
  "hidden": false,
  "notes": "",
  "start": 155,
  "start_date": "2016-10-16",
  "status": "REJE",
  "student": 18,
  "updated_at": "2019-01-03T13:00:34.357"
 },
 "model": "grad.gradstatus",
 "pk": 57
},
{
 "fields": {
  "config": "{}",
  "created_at": "2019-01-03T13:00:36.784",
  "end": 153,
  "hidden": false,
  "notes": "",
  "start": 153,
  "start_date": "2016-01-30",
  "status": "COMP",
  "student": 19,
  "updated_at": "2019-01-03T13:00:37.260"
 },
 "model": "grad.gradstatus",
 "pk": 58
},
{
 "fields": {
  "config": "{}",
  "created_at": "2019-01-03T13:00:37.110",
  "end": 153,
  "hidden": false,
  "notes": "",
  "start": 153,
  "start_date": "2016-02-19",
  "status": "OFFO",
  "student": 19,
  "updated_at": "2019-01-03T13:00:37.779"
 },
 "model": "grad.gradstatus",
 "pk": 59
},
{
 "fields": {
  "config": "{}",
  "created_at": "2019-01-03T13:00:37.634",
  "end": null,
  "hidden": false,
  "notes": "",
  "start": 153,
  "start_date": "2016-05-09",
  "status": "ACTI",
  "student": 19,
  "updated_at": "2019-01-03T13:00:37.634"
 },
 "model": "grad.gradstatus",
 "pk": 60
},
{
 "fields": {
  "config": "{}",
  "created_at": "2019-01-03T13:00:40.292",
  "end": 156,
  "hidden": false,
  "notes": "",
  "start": 156,
  "start_date": "2017-01-28",
  "status": "COMP",
  "student": 20,
  "updated_at": "2019-01-03T13:00:41.841"
 },
 "model": "grad.gradstatus",
 "pk": 61
},
{
 "fields": {
  "config": "{}",
  "created_at": "2019-01-03T13:00:41.609",
  "end": 156,
  "hidden": false,
  "notes": "",
  "start": 156,
  "start_date": "2017-02-17",
  "status": "OFFO",
  "student": 20,
  "updated_at": "2019-01-03T13:00:42.434"
 },
 "model": "grad.gradstatus",
 "pk": 62
},
{
 "fields": {
  "config": "{}",
  "created_at": "2019-01-03T13:00:42.153",
  "end": null,
  "hidden": false,
  "notes": "",
  "start": 156,
  "start_date": "2017-05-08",
  "status": "ACTI",
  "student": 20,
  "updated_at": "2019-01-03T13:00:42.153"
 },
 "model": "grad.gradstatus",
 "pk": 63
},
{
 "fields": {
  "config": "{}",
  "created_at": "2019-01-03T13:00:44.244",
  "end": 157,
  "hidden": false,
  "notes": "",
  "start": 157,
  "start_date": "2017-05-28",
  "status": "COMP",
  "student": 21,
  "updated_at": "2019-01-03T13:00:44.785"
 },
 "model": "grad.gradstatus",
 "pk": 64
},
{
 "fields": {
  "config": "{}",
  "created_at": "2019-01-03T13:00:44.671",
  "end": 157,
  "hidden": false,
  "notes": "",
  "start": 157,
  "start_date": "2017-06-17",
  "status": "OFFO",
  "student": 21,
  "updated_at": "2019-01-03T13:00:45.405"
 },
 "model": "grad.gradstatus",
 "pk": 65
},
{
 "fields": {
  "config": "{}",
  "created_at": "2019-01-03T13:00:45.209",
  "end": null,
  "hidden": false,
  "notes": "",
  "start": 157,
  "start_date": "2017-09-05",
  "status": "ACTI",
  "student": 21,
  "updated_at": "2019-01-03T13:00:45.209"
 },
 "model": "grad.gradstatus",
 "pk": 66
},
{
 "fields": {
  "config": "{}",
  "created_at": "2019-01-03T13:00:47.182",
  "end": 160,
  "hidden": false,
  "notes": "",
  "start": 160,
  "start_date": "2018-05-27",
  "status": "COMP",
  "student": 22,
  "updated_at": "2019-01-03T13:00:47.783"
 },
 "model": "grad.gradstatus",
 "pk": 67
},
{
 "fields": {
  "config": "{}",
  "created_at": "2019-01-03T13:00:47.622",
  "end": null,
  "hidden": false,
  "notes": "",
  "start": 160,
  "start_date": "2018-06-16",
  "status": "REJE",
  "student": 22,
  "updated_at": "2019-01-03T13:00:47.622"
 },
 "model": "grad.gradstatus",
 "pk": 68
},
{
 "fields": {
  "config": "{}",
  "created_at": "2019-01-03T13:00:49.840",
  "end": 155,
  "hidden": false,
  "notes": "",
  "start": 155,
  "start_date": "2016-09-26",
  "status": "COMP",
  "student": 23,
  "updated_at": "2019-01-03T13:00:50.315"
 },
 "model": "grad.gradstatus",
 "pk": 69
},
{
 "fields": {
  "config": "{}",
  "created_at": "2019-01-03T13:00:50.152",
  "end": 155,
  "hidden": false,
  "notes": "",
  "start": 155,
  "start_date": "2016-10-16",
  "status": "OFFO",
  "student": 23,
  "updated_at": "2019-01-03T13:00:50.843"
 },
 "model": "grad.gradstatus",
 "pk": 70
},
{
 "fields": {
  "config": "{}",
  "created_at": "2019-01-03T13:00:50.710",
  "end": 164,
  "hidden": false,
  "notes": "",
  "start": 155,
  "start_date": "2017-01-04",
  "status": "ACTI",
  "student": 23,
  "updated_at": "2019-01-03T13:00:51.345"
 },
 "model": "grad.gradstatus",
 "pk": 71
},
{
 "fields": {
  "config": "{}",
  "created_at": "2019-01-03T13:00:51.176",
  "end": null,
  "hidden": false,
  "notes": "",
  "start": 164,
  "start_date": "2020-01-06",
  "status": "WIDR",
  "student": 23,
  "updated_at": "2019-01-03T13:00:51.176"
 },
 "model": "grad.gradstatus",
 "pk": 72
},
{
 "fields": {
  "config": "{}",
  "created_at": "2019-01-03T13:00:53.029",
  "end": 157,
  "hidden": false,
  "notes": "",
  "start": 157,
  "start_date": "2017-05-28",
  "status": "COMP",
  "student": 24,
  "updated_at": "2019-01-03T13:00:53.788"
 },
 "model": "grad.gradstatus",
 "pk": 73
},
{
 "fields": {
  "config": "{}",
  "created_at": "2019-01-03T13:00:53.567",
  "end": 157,
  "hidden": false,
  "notes": "",
  "start": 157,
  "start_date": "2017-06-17",
  "status": "OFFO",
  "student": 24,
  "updated_at": "2019-01-03T13:00:54.315"
 },
 "model": "grad.gradstatus",
 "pk": 74
},
{
 "fields": {
  "config": "{}",
  "created_at": "2019-01-03T13:00:54.168",
  "end": null,
  "hidden": false,
  "notes": "",
  "start": 157,
  "start_date": "2017-09-05",
  "status": "ACTI",
  "student": 24,
  "updated_at": "2019-01-03T13:00:54.168"
 },
 "model": "grad.gradstatus",
 "pk": 75
},
{
 "fields": {
  "config": "{}",
  "created_at": "2019-01-03T13:00:55.983",
  "end": 157,
  "hidden": false,
  "notes": "",
  "start": 157,
  "start_date": "2017-05-28",
  "status": "COMP",
  "student": 25,
  "updated_at": "2019-01-03T13:00:56.691"
 },
 "model": "grad.gradstatus",
 "pk": 76
},
{
 "fields": {
  "config": "{}",
  "created_at": "2019-01-03T13:00:56.552",
  "end": 157,
  "hidden": false,
  "notes": "",
  "start": 157,
  "start_date": "2017-06-17",
  "status": "OFFO",
  "student": 25,
  "updated_at": "2019-01-03T13:00:57.327"
 },
 "model": "grad.gradstatus",
 "pk": 77
},
{
 "fields": {
  "config": "{}",
  "created_at": "2019-01-03T13:00:57.118",
  "end": null,
  "hidden": false,
  "notes": "",
  "start": 157,
  "start_date": "2017-09-05",
  "status": "ACTI",
  "student": 25,
  "updated_at": "2019-01-03T13:00:57.119"
 },
 "model": "grad.gradstatus",
 "pk": 78
},
{
 "fields": {
  "amount": "2000.00",
  "comments": null,
  "end_semester": 159,
  "removed": false,
  "scholarship_type": 2,
  "start_semester": 157,
  "student": 1
 },
 "model": "grad.scholarship",
 "pk": 1
},
{
 "fields": {
  "amount": "2000.00",
  "comments": null,
  "end_semester": 161,
  "removed": false,
  "scholarship_type": 2,
  "start_semester": 159,
  "student": 2
 },
 "model": "grad.scholarship",
 "pk": 2
},
{
 "fields": {
  "amount": "2000.00",
  "comments": null,
  "end_semester": 159,
  "removed": false,
  "scholarship_type": 2,
  "start_semester": 157,
  "student": 3
 },
 "model": "grad.scholarship",
 "pk": 3
},
{
 "fields": {
  "amount": "2000.00",
  "comments": null,
  "end_semester": 160,
  "removed": false,
  "scholarship_type": 1,
  "start_semester": 158,
  "student": 4
 },
 "model": "grad.scholarship",
 "pk": 4
},
{
 "fields": {
  "amount": "2000.00",
  "comments": null,
  "end_semester": 158,
  "removed": false,
  "scholarship_type": 1,
  "start_semester": 156,
  "student": 5
 },
 "model": "grad.scholarship",
 "pk": 5
},
{
 "fields": {
  "amount": "2000.00",
  "comments": null,
  "end_semester": 159,
  "removed": false,
  "scholarship_type": 2,
  "start_semester": 157,
  "student": 6
 },
 "model": "grad.scholarship",
 "pk": 6
},
{
 "fields": {
  "amount": "2000.00",
  "comments": null,
  "end_semester": 157,
  "removed": false,
  "scholarship_type": 1,
  "start_semester": 155,
  "student": 7
 },
 "model": "grad.scholarship",
 "pk": 7
},
{
 "fields": {
  "amount": "2000.00",
  "comments": null,
  "end_semester": 161,
  "removed": false,
  "scholarship_type": 2,
  "start_semester": 159,
  "student": 8
 },
 "model": "grad.scholarship",
 "pk": 8
},
{
 "fields": {
  "amount": "2000.00",
  "comments": null,
  "end_semester": 156,
  "removed": false,
  "scholarship_type": 2,
  "start_semester": 154,
  "student": 9
 },
 "model": "grad.scholarship",
 "pk": 9
},
{
 "fields": {
  "amount": "2000.00",
  "comments": null,
  "end_semester": 161,
  "removed": false,
  "scholarship_type": 1,
  "start_semester": 159,
  "student": 10
 },
 "model": "grad.scholarship",
 "pk": 10
},
{
 "fields": {
  "amount": "2000.00",
  "comments": null,
  "end_semester": 158,
  "removed": false,
  "scholarship_type": 2,
  "start_semester": 156,
  "student": 11
 },
 "model": "grad.scholarship",
 "pk": 11
},
{
 "fields": {
  "amount": "2000.00",
  "comments": null,
  "end_semester": 158,
  "removed": false,
  "scholarship_type": 2,
  "start_semester": 156,
  "student": 12
 },
 "model": "grad.scholarship",
 "pk": 12
},
{
 "fields": {
  "amount": "2000.00",
  "comments": null,
  "end_semester": 162,
  "removed": false,
  "scholarship_type": 2,
  "start_semester": 160,
  "student": 13
 },
 "model": "grad.scholarship",
 "pk": 13
},
{
 "fields": {
  "amount": "2000.00",
  "comments": null,
  "end_semester": 161,
  "removed": false,
  "scholarship_type": 2,
  "start_semester": 159,
  "student": 14
 },
 "model": "grad.scholarship",
 "pk": 14
},
{
 "fields": {
  "amount": "2000.00",
  "comments": null,
  "end_semester": 157,
  "removed": false,
  "scholarship_type": 2,
  "start_semester": 155,
  "student": 15
 },
 "model": "grad.scholarship",
 "pk": 15
},
{
 "fields": {
  "amount": "2000.00",
  "comments": null,
  "end_semester": 155,
  "removed": false,
  "scholarship_type": 2,
  "start_semester": 153,
  "student": 16
 },
 "model": "grad.scholarship",
 "pk": 16
},
{
 "fields": {
  "amount": "2000.00",
  "comments": null,
  "end_semester": 161,
  "removed": false,
  "scholarship_type": 1,
  "start_semester": 159,
  "student": 17
 },
 "model": "grad.scholarship",
 "pk": 17
},
{
 "fields": {
  "amount": "2000.00",
  "comments": null,
  "end_semester": 157,
  "removed": false,
  "scholarship_type": 2,
  "start_semester": 155,
  "student": 18
 },
 "model": "grad.scholarship",
 "pk": 18
},
{
 "fields": {
  "amount": "2000.00",
  "comments": null,
  "end_semester": 155,
  "removed": false,
  "scholarship_type": 1,
  "start_semester": 153,
  "student": 19
 },
 "model": "grad.scholarship",
 "pk": 19
},
{
 "fields": {
  "amount": "2000.00",
  "comments": null,
  "end_semester": 158,
  "removed": false,
  "scholarship_type": 2,
  "start_semester": 156,
  "student": 20
 },
 "model": "grad.scholarship",
 "pk": 20
},
{
 "fields": {
  "amount": "2000.00",
  "comments": null,
  "end_semester": 159,
  "removed": false,
  "scholarship_type": 1,
  "start_semester": 157,
  "student": 21
 },
 "model": "grad.scholarship",
 "pk": 21
},
{
 "fields": {
  "amount": "2000.00",
  "comments": null,
  "end_semester": 162,
  "removed": false,
  "scholarship_type": 2,
  "start_semester": 160,
  "student": 22
 },
 "model": "grad.scholarship",
 "pk": 22
},
{
 "fields": {
  "amount": "2000.00",
  "comments": null,
  "end_semester": 157,
  "removed": false,
  "scholarship_type": 2,
  "start_semester": 155,
  "student": 23
 },
 "model": "grad.scholarship",
 "pk": 23
},
{
 "fields": {
  "amount": "2000.00",
  "comments": null,
  "end_semester": 159,
  "removed": false,
  "scholarship_type": 1,
  "start_semester": 157,
  "student": 24
 },
 "model": "grad.scholarship",
 "pk": 24
},
{
 "fields": {
  "amount": "2000.00",
  "comments": null,
  "end_semester": 159,
  "removed": false,
  "scholarship_type": 1,
  "start_semester": 157,
  "student": 25
 },
 "model": "grad.scholarship",
 "pk": 25
},
{
 "fields": {
  "amount": "1300.00",
  "comments": null,
  "description": "Money fell from the sky",
  "eligible": true,
  "removed": false,
  "semester": 160,
  "student": 1
 },
 "model": "grad.otherfunding",
 "pk": 1
},
{
 "fields": {
  "amount": "1300.00",
  "comments": null,
  "description": "Money fell from the sky",
  "eligible": true,
  "removed": false,
  "semester": 162,
  "student": 2
 },
 "model": "grad.otherfunding",
 "pk": 2
},
{
 "fields": {
  "amount": "1300.00",
  "comments": null,
  "description": "Money fell from the sky",
  "eligible": true,
  "removed": false,
  "semester": 160,
  "student": 3
 },
 "model": "grad.otherfunding",
 "pk": 3
},
{
 "fields": {
  "amount": "1300.00",
  "comments": null,
  "description": "Money fell from the sky",
  "eligible": true,
  "removed": false,
  "semester": 161,
  "student": 4
 },
 "model": "grad.otherfunding",
 "pk": 4
},
{
 "fields": {
  "amount": "1300.00",
  "comments": null,
  "description": "Money fell from the sky",
  "eligible": true,
  "removed": false,
  "semester": 159,
  "student": 5
 },
 "model": "grad.otherfunding",
 "pk": 5
},
{
 "fields": {
  "amount": "1300.00",
  "comments": null,
  "description": "Money fell from the sky",
  "eligible": true,
  "removed": false,
  "semester": 160,
  "student": 6
 },
 "model": "grad.otherfunding",
 "pk": 6
},
{
 "fields": {
  "amount": "1300.00",
  "comments": null,
  "description": "Money fell from the sky",
  "eligible": true,
  "removed": false,
  "semester": 158,
  "student": 7
 },
 "model": "grad.otherfunding",
 "pk": 7
},
{
 "fields": {
  "amount": "1300.00",
  "comments": null,
  "description": "Money fell from the sky",
  "eligible": true,
  "removed": false,
  "semester": 162,
  "student": 8
 },
 "model": "grad.otherfunding",
 "pk": 8
},
{
 "fields": {
  "amount": "1300.00",
  "comments": null,
  "description": "Money fell from the sky",
  "eligible": true,
  "removed": false,
  "semester": 157,
  "student": 9
 },
 "model": "grad.otherfunding",
 "pk": 9
},
{
 "fields": {
  "amount": "1300.00",
  "comments": null,
  "description": "Money fell from the sky",
  "eligible": true,
  "removed": false,
  "semester": 162,
  "student": 10
 },
 "model": "grad.otherfunding",
 "pk": 10
},
{
 "fields": {
  "amount": "1300.00",
  "comments": null,
  "description": "Money fell from the sky",
  "eligible": true,
  "removed": false,
  "semester": 159,
  "student": 11
 },
 "model": "grad.otherfunding",
 "pk": 11
},
{
 "fields": {
  "amount": "1300.00",
  "comments": null,
  "description": "Money fell from the sky",
  "eligible": true,
  "removed": false,
  "semester": 159,
  "student": 12
 },
 "model": "grad.otherfunding",
 "pk": 12
},
{
 "fields": {
  "amount": "1300.00",
  "comments": null,
  "description": "Money fell from the sky",
  "eligible": true,
  "removed": false,
  "semester": 163,
  "student": 13
 },
 "model": "grad.otherfunding",
 "pk": 13
},
{
 "fields": {
  "amount": "1300.00",
  "comments": null,
  "description": "Money fell from the sky",
  "eligible": true,
  "removed": false,
  "semester": 162,
  "student": 14
 },
 "model": "grad.otherfunding",
 "pk": 14
},
{
 "fields": {
  "amount": "1300.00",
  "comments": null,
  "description": "Money fell from the sky",
  "eligible": true,
  "removed": false,
  "semester": 158,
  "student": 15
 },
 "model": "grad.otherfunding",
 "pk": 15
},
{
 "fields": {
  "amount": "1300.00",
  "comments": null,
  "description": "Money fell from the sky",
  "eligible": true,
  "removed": false,
  "semester": 156,
  "student": 16
 },
 "model": "grad.otherfunding",
 "pk": 16
},
{
 "fields": {
  "amount": "1300.00",
  "comments": null,
  "description": "Money fell from the sky",
  "eligible": true,
  "removed": false,
  "semester": 162,
  "student": 17
 },
 "model": "grad.otherfunding",
 "pk": 17
},
{
 "fields": {
  "amount": "1300.00",
  "comments": null,
  "description": "Money fell from the sky",
  "eligible": true,
  "removed": false,
  "semester": 158,
  "student": 18
 },
 "model": "grad.otherfunding",
 "pk": 18
},
{
 "fields": {
  "amount": "1300.00",
  "comments": null,
  "description": "Money fell from the sky",
  "eligible": true,
  "removed": false,
  "semester": 156,
  "student": 19
 },
 "model": "grad.otherfunding",
 "pk": 19
},
{
 "fields": {
  "amount": "1300.00",
  "comments": null,
  "description": "Money fell from the sky",
  "eligible": true,
  "removed": false,
  "semester": 159,
  "student": 20
 },
 "model": "grad.otherfunding",
 "pk": 20
},
{
 "fields": {
  "amount": "1300.00",
  "comments": null,
  "description": "Money fell from the sky",
  "eligible": true,
  "removed": false,
  "semester": 160,
  "student": 21
 },
 "model": "grad.otherfunding",
 "pk": 21
},
{
 "fields": {
  "amount": "1300.00",
  "comments": null,
  "description": "Money fell from the sky",
  "eligible": true,
  "removed": false,
  "semester": 163,
  "student": 22
 },
 "model": "grad.otherfunding",
 "pk": 22
},
{
 "fields": {
  "amount": "1300.00",
  "comments": null,
  "description": "Money fell from the sky",
  "eligible": true,
  "removed": false,
  "semester": 158,
  "student": 23
 },
 "model": "grad.otherfunding",
 "pk": 23
},
{
 "fields": {
  "amount": "1300.00",
  "comments": null,
  "description": "Money fell from the sky",
  "eligible": true,
  "removed": false,
  "semester": 160,
  "student": 24
 },
 "model": "grad.otherfunding",
 "pk": 24
},
{
 "fields": {
  "amount": "1300.00",
  "comments": null,
  "description": "Money fell from the sky",
  "eligible": true,
  "removed": false,
  "semester": 160,
  "student": 25
 },
 "model": "grad.otherfunding",
 "pk": 25
},
{
 "fields": {
  "amount": "10000.00",
  "comments": null,
  "end_semester": 159,
  "removed": false,
  "start_semester": 157,
  "student": 1
 },
 "model": "grad.promise",
 "pk": 1
},
{
 "fields": {
  "amount": "10000.00",
  "comments": null,
  "end_semester": 162,
  "removed": false,
  "start_semester": 160,
  "student": 1
 },
 "model": "grad.promise",
 "pk": 2
},
{
 "fields": {
  "amount": "10000.00",
  "comments": null,
  "end_semester": 161,
  "removed": false,
  "start_semester": 159,
  "student": 2
 },
 "model": "grad.promise",
 "pk": 3
},
{
 "fields": {
  "amount": "10000.00",
  "comments": null,
  "end_semester": 164,
  "removed": false,
  "start_semester": 162,
  "student": 2
 },
 "model": "grad.promise",
 "pk": 4
},
{
 "fields": {
  "amount": "10000.00",
  "comments": null,
  "end_semester": 159,
  "removed": false,
  "start_semester": 157,
  "student": 3
 },
 "model": "grad.promise",
 "pk": 5
},
{
 "fields": {
  "amount": "10000.00",
  "comments": null,
  "end_semester": 162,
  "removed": false,
  "start_semester": 160,
  "student": 3
 },
 "model": "grad.promise",
 "pk": 6
},
{
 "fields": {
  "amount": "10000.00",
  "comments": null,
  "end_semester": 160,
  "removed": false,
  "start_semester": 158,
  "student": 4
 },
 "model": "grad.promise",
 "pk": 7
},
{
 "fields": {
  "amount": "10000.00",
  "comments": null,
  "end_semester": 163,
  "removed": false,
  "start_semester": 161,
  "student": 4
 },
 "model": "grad.promise",
 "pk": 8
},
{
 "fields": {
  "amount": "10000.00",
  "comments": null,
  "end_semester": 158,
  "removed": false,
  "start_semester": 156,
  "student": 5
 },
 "model": "grad.promise",
 "pk": 9
},
{
 "fields": {
  "amount": "10000.00",
  "comments": null,
  "end_semester": 161,
  "removed": false,
  "start_semester": 159,
  "student": 5
 },
 "model": "grad.promise",
 "pk": 10
},
{
 "fields": {
  "amount": "10000.00",
  "comments": null,
  "end_semester": 159,
  "removed": false,
  "start_semester": 157,
  "student": 6
 },
 "model": "grad.promise",
 "pk": 11
},
{
 "fields": {
  "amount": "10000.00",
  "comments": null,
  "end_semester": 162,
  "removed": false,
  "start_semester": 160,
  "student": 6
 },
 "model": "grad.promise",
 "pk": 12
},
{
 "fields": {
  "amount": "10000.00",
  "comments": null,
  "end_semester": 157,
  "removed": false,
  "start_semester": 155,
  "student": 7
 },
 "model": "grad.promise",
 "pk": 13
},
{
 "fields": {
  "amount": "10000.00",
  "comments": null,
  "end_semester": 160,
  "removed": false,
  "start_semester": 158,
  "student": 7
 },
 "model": "grad.promise",
 "pk": 14
},
{
 "fields": {
  "amount": "10000.00",
  "comments": null,
  "end_semester": 161,
  "removed": false,
  "start_semester": 159,
  "student": 8
 },
 "model": "grad.promise",
 "pk": 15
},
{
 "fields": {
  "amount": "10000.00",
  "comments": null,
  "end_semester": 164,
  "removed": false,
  "start_semester": 162,
  "student": 8
 },
 "model": "grad.promise",
 "pk": 16
},
{
 "fields": {
  "amount": "10000.00",
  "comments": null,
  "end_semester": 156,
  "removed": false,
  "start_semester": 154,
  "student": 9
 },
 "model": "grad.promise",
 "pk": 17
},
{
 "fields": {
  "amount": "10000.00",
  "comments": null,
  "end_semester": 159,
  "removed": false,
  "start_semester": 157,
  "student": 9
 },
 "model": "grad.promise",
 "pk": 18
},
{
 "fields": {
  "amount": "10000.00",
  "comments": null,
  "end_semester": 161,
  "removed": false,
  "start_semester": 159,
  "student": 10
 },
 "model": "grad.promise",
 "pk": 19
},
{
 "fields": {
  "amount": "10000.00",
  "comments": null,
  "end_semester": 164,
  "removed": false,
  "start_semester": 162,
  "student": 10
 },
 "model": "grad.promise",
 "pk": 20
},
{
 "fields": {
  "amount": "10000.00",
  "comments": null,
  "end_semester": 158,
  "removed": false,
  "start_semester": 156,
  "student": 11
 },
 "model": "grad.promise",
 "pk": 21
},
{
 "fields": {
  "amount": "10000.00",
  "comments": null,
  "end_semester": 161,
  "removed": false,
  "start_semester": 159,
  "student": 11
 },
 "model": "grad.promise",
 "pk": 22
},
{
 "fields": {
  "amount": "10000.00",
  "comments": null,
  "end_semester": 158,
  "removed": false,
  "start_semester": 156,
  "student": 12
 },
 "model": "grad.promise",
 "pk": 23
},
{
 "fields": {
  "amount": "10000.00",
  "comments": null,
  "end_semester": 161,
  "removed": false,
  "start_semester": 159,
  "student": 12
 },
 "model": "grad.promise",
 "pk": 24
},
{
 "fields": {
  "amount": "10000.00",
  "comments": null,
  "end_semester": 162,
  "removed": false,
  "start_semester": 160,
  "student": 13
 },
 "model": "grad.promise",
 "pk": 25
},
{
 "fields": {
  "amount": "10000.00",
  "comments": null,
  "end_semester": 165,
  "removed": false,
  "start_semester": 163,
  "student": 13
 },
 "model": "grad.promise",
 "pk": 26
},
{
 "fields": {
  "amount": "10000.00",
  "comments": null,
  "end_semester": 161,
  "removed": false,
  "start_semester": 159,
  "student": 14
 },
 "model": "grad.promise",
 "pk": 27
},
{
 "fields": {
  "amount": "10000.00",
  "comments": null,
  "end_semester": 164,
  "removed": false,
  "start_semester": 162,
  "student": 14
 },
 "model": "grad.promise",
 "pk": 28
},
{
 "fields": {
  "amount": "10000.00",
  "comments": null,
  "end_semester": 157,
  "removed": false,
  "start_semester": 155,
  "student": 15
 },
 "model": "grad.promise",
 "pk": 29
},
{
 "fields": {
  "amount": "10000.00",
  "comments": null,
  "end_semester": 160,
  "removed": false,
  "start_semester": 158,
  "student": 15
 },
 "model": "grad.promise",
 "pk": 30
},
{
 "fields": {
  "amount": "10000.00",
  "comments": null,
  "end_semester": 155,
  "removed": false,
  "start_semester": 153,
  "student": 16
 },
 "model": "grad.promise",
 "pk": 31
},
{
 "fields": {
  "amount": "10000.00",
  "comments": null,
  "end_semester": 158,
  "removed": false,
  "start_semester": 156,
  "student": 16
 },
 "model": "grad.promise",
 "pk": 32
},
{
 "fields": {
  "amount": "10000.00",
  "comments": null,
  "end_semester": 161,
  "removed": false,
  "start_semester": 159,
  "student": 17
 },
 "model": "grad.promise",
 "pk": 33
},
{
 "fields": {
  "amount": "10000.00",
  "comments": null,
  "end_semester": 164,
  "removed": false,
  "start_semester": 162,
  "student": 17
 },
 "model": "grad.promise",
 "pk": 34
},
{
 "fields": {
  "amount": "10000.00",
  "comments": null,
  "end_semester": 157,
  "removed": false,
  "start_semester": 155,
  "student": 18
 },
 "model": "grad.promise",
 "pk": 35
},
{
 "fields": {
  "amount": "10000.00",
  "comments": null,
  "end_semester": 160,
  "removed": false,
  "start_semester": 158,
  "student": 18
 },
 "model": "grad.promise",
 "pk": 36
},
{
 "fields": {
  "amount": "10000.00",
  "comments": null,
  "end_semester": 155,
  "removed": false,
  "start_semester": 153,
  "student": 19
 },
 "model": "grad.promise",
 "pk": 37
},
{
 "fields": {
  "amount": "10000.00",
  "comments": null,
  "end_semester": 158,
  "removed": false,
  "start_semester": 156,
  "student": 19
 },
 "model": "grad.promise",
 "pk": 38
},
{
 "fields": {
  "amount": "10000.00",
  "comments": null,
  "end_semester": 158,
  "removed": false,
  "start_semester": 156,
  "student": 20
 },
 "model": "grad.promise",
 "pk": 39
},
{
 "fields": {
  "amount": "10000.00",
  "comments": null,
  "end_semester": 161,
  "removed": false,
  "start_semester": 159,
  "student": 20
 },
 "model": "grad.promise",
 "pk": 40
},
{
 "fields": {
  "amount": "10000.00",
  "comments": null,
  "end_semester": 159,
  "removed": false,
  "start_semester": 157,
  "student": 21
 },
 "model": "grad.promise",
 "pk": 41
},
{
 "fields": {
  "amount": "10000.00",
  "comments": null,
  "end_semester": 162,
  "removed": false,
  "start_semester": 160,
  "student": 21
 },
 "model": "grad.promise",
 "pk": 42
},
{
 "fields": {
  "amount": "10000.00",
  "comments": null,
  "end_semester": 162,
  "removed": false,
  "start_semester": 160,
  "student": 22
 },
 "model": "grad.promise",
 "pk": 43
},
{
 "fields": {
  "amount": "10000.00",
  "comments": null,
  "end_semester": 165,
  "removed": false,
  "start_semester": 163,
  "student": 22
 },
 "model": "grad.promise",
 "pk": 44
},
{
 "fields": {
  "amount": "10000.00",
  "comments": null,
  "end_semester": 157,
  "removed": false,
  "start_semester": 155,
  "student": 23
 },
 "model": "grad.promise",
 "pk": 45
},
{
 "fields": {
  "amount": "10000.00",
  "comments": null,
  "end_semester": 160,
  "removed": false,
  "start_semester": 158,
  "student": 23
 },
 "model": "grad.promise",
 "pk": 46
},
{
 "fields": {
  "amount": "10000.00",
  "comments": null,
  "end_semester": 159,
  "removed": false,
  "start_semester": 157,
  "student": 24
 },
 "model": "grad.promise",
 "pk": 47
},
{
 "fields": {
  "amount": "10000.00",
  "comments": null,
  "end_semester": 162,
  "removed": false,
  "start_semester": 160,
  "student": 24
 },
 "model": "grad.promise",
 "pk": 48
},
{
 "fields": {
  "amount": "10000.00",
  "comments": null,
  "end_semester": 159,
  "removed": false,
  "start_semester": 157,
  "student": 25
 },
 "model": "grad.promise",
 "pk": 49
},
{
 "fields": {
  "amount": "10000.00",
  "comments": null,
  "end_semester": 162,
  "removed": false,
  "start_semester": 160,
  "student": 25
 },
 "model": "grad.promise",
 "pk": 50
},
{
 "fields": {
  "created_at": "2019-01-03T12:59:32.135",
  "date": null,
  "notes": null,
  "removed": false,
  "requirement": 7,
  "semester": 158,
  "student": 1,
  "updated_at": "2019-01-03T12:59:32.135"
 },
 "model": "grad.completedrequirement",
 "pk": 1
},
{
 "fields": {
  "created_at": "2019-01-03T12:59:51.339",
  "date": null,
  "notes": null,
  "removed": false,
  "requirement": 7,
  "semester": 158,
  "student": 6,
  "updated_at": "2019-01-03T12:59:51.339"
 },
 "model": "grad.completedrequirement",
 "pk": 2
},
{
 "fields": {
  "created_at": "2019-01-03T12:59:53.639",
  "date": null,
  "notes": null,
  "removed": false,
  "requirement": 7,
  "semester": 156,
  "student": 7,
  "updated_at": "2019-01-03T12:59:53.639"
 },
 "model": "grad.completedrequirement",
 "pk": 3
},
{
 "fields": {
  "created_at": "2019-01-03T13:00:12.770",
  "date": null,
  "notes": null,
  "removed": false,
  "requirement": 7,
  "semester": 157,
  "student": 12,
  "updated_at": "2019-01-03T13:00:12.770"
 },
 "model": "grad.completedrequirement",
 "pk": 4
},
{
 "fields": {
  "created_at": "2019-01-03T13:00:21.653",
  "date": null,
  "notes": null,
  "removed": false,
  "requirement": 7,
  "semester": 160,
  "student": 14,
  "updated_at": "2019-01-03T13:00:21.653"
 },
 "model": "grad.completedrequirement",
 "pk": 5
},
{
 "fields": {
  "created_at": "2019-01-03T13:00:32.254",
  "date": null,
  "notes": null,
  "removed": false,
  "requirement": 7,
  "semester": 160,
  "student": 17,
  "updated_at": "2019-01-03T13:00:32.254"
 },
 "model": "grad.completedrequirement",
 "pk": 6
},
{
 "fields": {
  "created_at": "2019-01-03T13:00:39.023",
  "date": null,
  "notes": null,
  "removed": false,
  "requirement": 7,
  "semester": 154,
  "student": 19,
  "updated_at": "2019-01-03T13:00:39.023"
 },
 "model": "grad.completedrequirement",
 "pk": 7
},
{
 "fields": {
  "created_at": "2019-01-03T13:00:46.655",
  "date": null,
  "notes": null,
  "removed": false,
  "requirement": 7,
  "semester": 158,
  "student": 21,
  "updated_at": "2019-01-03T13:00:46.655"
 },
 "model": "grad.completedrequirement",
 "pk": 8
},
{
 "fields": {
  "flag": 2,
  "student": 2,
  "value": true
 },
 "model": "grad.gradflagvalue",
 "pk": 1
},
{
 "fields": {
  "flag": 2,
  "student": 3,
  "value": true
 },
 "model": "grad.gradflagvalue",
 "pk": 2
},
{
 "fields": {
  "flag": 2,
  "student": 7,
  "value": true
 },
 "model": "grad.gradflagvalue",
 "pk": 3
},
{
 "fields": {
  "flag": 2,
  "student": 16,
  "value": true
 },
 "model": "grad.gradflagvalue",
 "pk": 4
},
{
 "fields": {
  "flag": 2,
  "student": 17,
  "value": true
 },
 "model": "grad.gradflagvalue",
 "pk": 5
},
{
 "fields": {
  "config": "{}",
  "created_at": "2019-01-03T12:59:32.295",
  "created_by": "",
  "external": null,
  "modified_by": null,
  "removed": false,
  "student": 1,
  "supervisor": 10,
  "supervisor_type": "POT",
  "updated_at": "2019-01-03T12:59:32.297"
 },
 "model": "grad.supervisor",
 "pk": 1
},
{
 "fields": {
  "config": "{}",
  "created_at": "2019-01-03T12:59:32.443",
  "created_by": "",
  "external": null,
  "modified_by": null,
  "removed": false,
  "student": 1,
  "supervisor": 10,
  "supervisor_type": "SEN",
  "updated_at": "2019-01-03T12:59:32.444"
 },
 "model": "grad.supervisor",
 "pk": 2
},
{
 "fields": {
  "config": "{}",
  "created_at": "2019-01-03T12:59:32.619",
  "created_by": "",
  "external": null,
  "modified_by": null,
  "removed": false,
  "student": 1,
  "supervisor": 4,
  "supervisor_type": "COM",
  "updated_at": "2019-01-03T12:59:32.620"
 },
 "model": "grad.supervisor",
 "pk": 3
},
{
 "fields": {
  "config": "{}",
  "created_at": "2019-01-03T12:59:36.535",
  "created_by": "",
  "external": null,
  "modified_by": null,
  "removed": false,
  "student": 2,
  "supervisor": 10,
  "supervisor_type": "POT",
  "updated_at": "2019-01-03T12:59:36.537"
 },
 "model": "grad.supervisor",
 "pk": 4
},
{
 "fields": {
  "config": "{}",
  "created_at": "2019-01-03T12:59:36.653",
  "created_by": "",
  "external": null,
  "modified_by": null,
  "removed": false,
  "student": 2,
  "supervisor": 10,
  "supervisor_type": "SEN",
  "updated_at": "2019-01-03T12:59:36.654"
 },
 "model": "grad.supervisor",
 "pk": 5
},
{
 "fields": {
  "config": "{}",
  "created_at": "2019-01-03T12:59:36.770",
  "created_by": "",
  "external": null,
  "modified_by": null,
  "removed": false,
  "student": 2,
  "supervisor": 12,
  "supervisor_type": "COM",
  "updated_at": "2019-01-03T12:59:36.771"
 },
 "model": "grad.supervisor",
 "pk": 6
},
{
 "fields": {
  "config": "{}",
  "created_at": "2019-01-03T12:59:41.594",
  "created_by": "",
  "external": null,
  "modified_by": null,
  "removed": false,
  "student": 3,
  "supervisor": 9,
  "supervisor_type": "POT",
  "updated_at": "2019-01-03T12:59:41.595"
 },
 "model": "grad.supervisor",
 "pk": 7
},
{
 "fields": {
  "config": "{}",
  "created_at": "2019-01-03T12:59:44.019",
  "created_by": "",
  "external": null,
  "modified_by": null,
  "removed": false,
  "student": 4,
  "supervisor": 11,
  "supervisor_type": "POT",
  "updated_at": "2019-01-03T12:59:44.020"
 },
 "model": "grad.supervisor",
 "pk": 8
},
{
 "fields": {
  "config": "{}",
  "created_at": "2019-01-03T12:59:44.285",
  "created_by": "",
  "external": null,
  "modified_by": null,
  "removed": false,
  "student": 4,
  "supervisor": 11,
  "supervisor_type": "SEN",
  "updated_at": "2019-01-03T12:59:44.287"
 },
 "model": "grad.supervisor",
 "pk": 9
},
{
 "fields": {
  "config": "{}",
  "created_at": "2019-01-03T12:59:44.488",
  "created_by": "",
  "external": null,
  "modified_by": null,
  "removed": false,
  "student": 4,
  "supervisor": 12,
  "supervisor_type": "COM",
  "updated_at": "2019-01-03T12:59:44.489"
 },
 "model": "grad.supervisor",
 "pk": 10
},
{
 "fields": {
  "config": "{}",
  "created_at": "2019-01-03T12:59:48.265",
  "created_by": "",
  "external": null,
  "modified_by": null,
  "removed": false,
  "student": 5,
  "supervisor": 1,
  "supervisor_type": "POT",
  "updated_at": "2019-01-03T12:59:48.267"
 },
 "model": "grad.supervisor",
 "pk": 11
},
{
 "fields": {
  "config": "{}",
  "created_at": "2019-01-03T12:59:51.511",
  "created_by": "",
  "external": null,
  "modified_by": null,
  "removed": false,
  "student": 6,
  "supervisor": 12,
  "supervisor_type": "POT",
  "updated_at": "2019-01-03T12:59:51.512"
 },
 "model": "grad.supervisor",
 "pk": 12
},
{
 "fields": {
  "config": "{}",
  "created_at": "2019-01-03T12:59:53.929",
  "created_by": "",
  "external": null,
  "modified_by": null,
  "removed": false,
  "student": 7,
  "supervisor": 4,
  "supervisor_type": "POT",
  "updated_at": "2019-01-03T12:59:53.930"
 },
 "model": "grad.supervisor",
 "pk": 13
},
{
 "fields": {
  "config": "{}",
  "created_at": "2019-01-03T12:59:54.304",
  "created_by": "",
  "external": null,
  "modified_by": null,
  "removed": false,
  "student": 7,
  "supervisor": 4,
  "supervisor_type": "SEN",
  "updated_at": "2019-01-03T12:59:54.305"
 },
 "model": "grad.supervisor",
 "pk": 14
},
{
 "fields": {
  "config": "{}",
  "created_at": "2019-01-03T12:59:54.482",
  "created_by": "",
  "external": null,
  "modified_by": null,
  "removed": false,
  "student": 7,
  "supervisor": 4,
  "supervisor_type": "COM",
  "updated_at": "2019-01-03T12:59:54.483"
 },
 "model": "grad.supervisor",
 "pk": 15
},
{
 "fields": {
  "config": "{}",
  "created_at": "2019-01-03T12:59:58.524",
  "created_by": "",
  "external": null,
  "modified_by": null,
  "removed": false,
  "student": 8,
  "supervisor": 8,
  "supervisor_type": "POT",
  "updated_at": "2019-01-03T12:59:58.524"
 },
 "model": "grad.supervisor",
 "pk": 16
},
{
 "fields": {
  "config": "{}",
  "created_at": "2019-01-03T12:59:58.633",
  "created_by": "",
  "external": null,
  "modified_by": null,
  "removed": false,
  "student": 8,
  "supervisor": 8,
  "supervisor_type": "SEN",
  "updated_at": "2019-01-03T12:59:58.635"
 },
 "model": "grad.supervisor",
 "pk": 17
},
{
 "fields": {
  "config": "{}",
  "created_at": "2019-01-03T12:59:58.743",
  "created_by": "",
  "external": null,
  "modified_by": null,
  "removed": false,
  "student": 8,
  "supervisor": 11,
  "supervisor_type": "COM",
  "updated_at": "2019-01-03T12:59:58.744"
 },
 "model": "grad.supervisor",
 "pk": 18
},
{
 "fields": {
  "config": "{}",
  "created_at": "2019-01-03T13:00:07.700",
  "created_by": "",
  "external": null,
  "modified_by": null,
  "removed": false,
  "student": 11,
  "supervisor": 12,
  "supervisor_type": "POT",
  "updated_at": "2019-01-03T13:00:07.701"
 },
 "model": "grad.supervisor",
 "pk": 19
},
{
 "fields": {
  "config": "{}",
  "created_at": "2019-01-03T13:00:07.919",
  "created_by": "",
  "external": null,
  "modified_by": null,
  "removed": false,
  "student": 11,
  "supervisor": 12,
  "supervisor_type": "SEN",
  "updated_at": "2019-01-03T13:00:07.920"
 },
 "model": "grad.supervisor",
 "pk": 20
},
{
 "fields": {
  "config": "{}",
  "created_at": "2019-01-03T13:00:08.161",
  "created_by": "",
  "external": null,
  "modified_by": null,
  "removed": false,
  "student": 11,
  "supervisor": 1,
  "supervisor_type": "COM",
  "updated_at": "2019-01-03T13:00:08.162"
 },
 "model": "grad.supervisor",
 "pk": 21
},
{
 "fields": {
  "config": "{}",
  "created_at": "2019-01-03T13:00:17.216",
  "created_by": "",
  "external": null,
  "modified_by": null,
  "removed": false,
  "student": 13,
  "supervisor": 8,
  "supervisor_type": "POT",
  "updated_at": "2019-01-03T13:00:17.217"
 },
 "model": "grad.supervisor",
 "pk": 22
},
{
 "fields": {
  "config": "{}",
  "created_at": "2019-01-03T13:00:17.950",
  "created_by": "",
  "external": null,
  "modified_by": null,
  "removed": false,
  "student": 13,
  "supervisor": 8,
  "supervisor_type": "SEN",
  "updated_at": "2019-01-03T13:00:17.951"
 },
 "model": "grad.supervisor",
 "pk": 23
},
{
 "fields": {
  "config": "{}",
  "created_at": "2019-01-03T13:00:18.201",
  "created_by": "",
  "external": null,
  "modified_by": null,
  "removed": false,
  "student": 13,
  "supervisor": 10,
  "supervisor_type": "COM",
  "updated_at": "2019-01-03T13:00:18.202"
 },
 "model": "grad.supervisor",
 "pk": 24
},
{
 "fields": {
  "config": "{}",
  "created_at": "2019-01-03T13:00:21.824",
  "created_by": "",
  "external": null,
  "modified_by": null,
  "removed": false,
  "student": 14,
  "supervisor": 11,
  "supervisor_type": "POT",
  "updated_at": "2019-01-03T13:00:21.826"
 },
 "model": "grad.supervisor",
 "pk": 25
},
{
 "fields": {
  "config": "{}",
  "created_at": "2019-01-03T13:00:21.951",
  "created_by": "",
  "external": null,
  "modified_by": null,
  "removed": false,
  "student": 14,
  "supervisor": 11,
  "supervisor_type": "SEN",
  "updated_at": "2019-01-03T13:00:21.952"
 },
 "model": "grad.supervisor",
 "pk": 26
},
{
 "fields": {
  "config": "{}",
  "created_at": "2019-01-03T13:00:22.181",
  "created_by": "",
  "external": null,
  "modified_by": null,
  "removed": false,
  "student": 14,
  "supervisor": 10,
  "supervisor_type": "COM",
  "updated_at": "2019-01-03T13:00:22.183"
 },
 "model": "grad.supervisor",
 "pk": 27
},
{
 "fields": {
  "config": "{}",
  "created_at": "2019-01-03T13:00:28.608",
  "created_by": "",
  "external": null,
  "modified_by": null,
  "removed": false,
  "student": 16,
  "supervisor": 10,
  "supervisor_type": "POT",
  "updated_at": "2019-01-03T13:00:28.610"
 },
 "model": "grad.supervisor",
 "pk": 28
},
{
 "fields": {
  "config": "{}",
  "created_at": "2019-01-03T13:00:28.730",
  "created_by": "",
  "external": null,
  "modified_by": null,
  "removed": false,
  "student": 16,
  "supervisor": 10,
  "supervisor_type": "SEN",
  "updated_at": "2019-01-03T13:00:28.731"
 },
 "model": "grad.supervisor",
 "pk": 29
},
{
 "fields": {
  "config": "{}",
  "created_at": "2019-01-03T13:00:28.880",
  "created_by": "",
  "external": null,
  "modified_by": null,
  "removed": false,
  "student": 16,
  "supervisor": 1,
  "supervisor_type": "COM",
  "updated_at": "2019-01-03T13:00:28.881"
 },
 "model": "grad.supervisor",
 "pk": 30
},
{
 "fields": {
  "config": "{}",
  "created_at": "2019-01-03T13:00:32.735",
  "created_by": "",
  "external": null,
  "modified_by": null,
  "removed": false,
  "student": 17,
  "supervisor": 7,
  "supervisor_type": "POT",
  "updated_at": "2019-01-03T13:00:32.736"
 },
 "model": "grad.supervisor",
 "pk": 31
},
{
 "fields": {
  "config": "{}",
  "created_at": "2019-01-03T13:00:36.022",
  "created_by": "",
  "external": null,
  "modified_by": null,
  "removed": false,
  "student": 18,
  "supervisor": 10,
  "supervisor_type": "POT",
  "updated_at": "2019-01-03T13:00:36.023"
 },
 "model": "grad.supervisor",
 "pk": 32
},
{
 "fields": {
  "config": "{}",
  "created_at": "2019-01-03T13:00:36.131",
  "created_by": "",
  "external": null,
  "modified_by": null,
  "removed": false,
  "student": 18,
  "supervisor": 10,
  "supervisor_type": "SEN",
  "updated_at": "2019-01-03T13:00:36.132"
 },
 "model": "grad.supervisor",
 "pk": 33
},
{
 "fields": {
  "config": "{}",
  "created_at": "2019-01-03T13:00:36.292",
  "created_by": "",
  "external": null,
  "modified_by": null,
  "removed": false,
  "student": 18,
  "supervisor": 7,
  "supervisor_type": "COM",
  "updated_at": "2019-01-03T13:00:36.293"
 },
 "model": "grad.supervisor",
 "pk": 34
},
{
 "fields": {
  "config": "{}",
  "created_at": "2019-01-03T13:00:39.268",
  "created_by": "",
  "external": null,
  "modified_by": null,
  "removed": false,
  "student": 19,
  "supervisor": 10,
  "supervisor_type": "POT",
  "updated_at": "2019-01-03T13:00:39.271"
 },
 "model": "grad.supervisor",
 "pk": 35
},
{
 "fields": {
  "config": "{}",
  "created_at": "2019-01-03T13:00:39.409",
  "created_by": "",
  "external": null,
  "modified_by": null,
  "removed": false,
  "student": 19,
  "supervisor": 10,
  "supervisor_type": "SEN",
  "updated_at": "2019-01-03T13:00:39.410"
 },
 "model": "grad.supervisor",
 "pk": 36
},
{
 "fields": {
  "config": "{}",
  "created_at": "2019-01-03T13:00:39.604",
  "created_by": "",
  "external": null,
  "modified_by": null,
  "removed": false,
  "student": 19,
  "supervisor": 9,
  "supervisor_type": "COM",
  "updated_at": "2019-01-03T13:00:39.605"
 },
 "model": "grad.supervisor",
 "pk": 37
},
{
 "fields": {
  "config": "{}",
  "created_at": "2019-01-03T13:00:43.691",
  "created_by": "",
  "external": null,
  "modified_by": null,
  "removed": false,
  "student": 20,
  "supervisor": 8,
  "supervisor_type": "POT",
  "updated_at": "2019-01-03T13:00:43.692"
 },
 "model": "grad.supervisor",
 "pk": 38
},
{
 "fields": {
  "config": "{}",
  "created_at": "2019-01-03T13:00:46.760",
  "created_by": "",
  "external": null,
  "modified_by": null,
  "removed": false,
  "student": 21,
  "supervisor": 4,
  "supervisor_type": "POT",
  "updated_at": "2019-01-03T13:00:46.762"
 },
 "model": "grad.supervisor",
 "pk": 39
},
{
 "fields": {
  "config": "{}",
  "created_at": "2019-01-03T13:00:49.274",
  "created_by": "",
  "external": null,
  "modified_by": null,
  "removed": false,
  "student": 22,
  "supervisor": 7,
  "supervisor_type": "POT",
  "updated_at": "2019-01-03T13:00:49.275"
 },
 "model": "grad.supervisor",
 "pk": 40
},
{
 "fields": {
  "config": "{}",
  "created_at": "2019-01-03T13:00:52.224",
  "created_by": "",
  "external": null,
  "modified_by": null,
  "removed": false,
  "student": 23,
  "supervisor": 11,
  "supervisor_type": "POT",
  "updated_at": "2019-01-03T13:00:52.225"
 },
 "model": "grad.supervisor",
 "pk": 41
},
{
 "fields": {
  "config": "{}",
  "created_at": "2019-01-03T13:00:52.440",
  "created_by": "",
  "external": null,
  "modified_by": null,
  "removed": false,
  "student": 23,
  "supervisor": 11,
  "supervisor_type": "SEN",
  "updated_at": "2019-01-03T13:00:52.441"
 },
 "model": "grad.supervisor",
 "pk": 42
},
{
 "fields": {
  "config": "{}",
  "created_at": "2019-01-03T13:00:52.636",
  "created_by": "",
  "external": null,
  "modified_by": null,
  "removed": false,
  "student": 23,
  "supervisor": 11,
  "supervisor_type": "COM",
  "updated_at": "2019-01-03T13:00:52.637"
 },
 "model": "grad.supervisor",
 "pk": 43
},
{
 "fields": {
  "config": "{}",
  "created_at": "2019-01-03T13:00:58.340",
  "created_by": "",
  "external": null,
  "modified_by": null,
  "removed": false,
  "student": 25,
  "supervisor": 8,
  "supervisor_type": "POT",
  "updated_at": "2019-01-03T13:00:58.342"
 },
 "model": "grad.supervisor",
 "pk": 44
},
{
 "fields": {
  "config": "{}",
  "created_at": "2019-01-03T13:00:58.541",
  "created_by": "",
  "external": null,
  "modified_by": null,
  "removed": false,
  "student": 25,
  "supervisor": 8,
  "supervisor_type": "SEN",
  "updated_at": "2019-01-03T13:00:58.542"
 },
 "model": "grad.supervisor",
 "pk": 45
},
{
 "fields": {
  "config": "{}",
  "created_at": "2019-01-03T13:00:58.692",
  "created_by": "",
  "external": null,
  "modified_by": null,
  "removed": false,
  "student": 25,
  "supervisor": 9,
  "supervisor_type": "COM",
  "updated_at": "2019-01-03T13:00:58.693"
 },
 "model": "grad.supervisor",
 "pk": 46
}
]
