[
{
 "fields": {
  "config": "{}",
  "person": 5,
  "role": "GRAD",
  "unit": 5
 },
 "model": "coredata.role",
 "pk": 5
},
{
 "fields": {
  "config": "{}",
  "person": 2,
  "role": "GRPD",
  "unit": 5
 },
 "model": "coredata.role",
 "pk": 6
},
{
 "fields": {
  "created_at": "2015-06-23T12:12:04.928",
  "created_by": "",
  "description": "MSc Course option",
  "hidden": false,
  "label": "MSc Course",
  "modified_by": null,
  "slug": "msccourse",
  "unit": 5,
  "updated_at": "2015-06-23T12:12:04.928"
 },
 "model": "grad.gradprogram",
 "pk": 1
},
{
 "fields": {
  "created_at": "2015-06-23T12:12:05.045",
  "created_by": "",
  "description": "MSc Project option",
  "hidden": false,
  "label": "MSc Proj",
  "modified_by": null,
  "slug": "mscproj",
  "unit": 5,
  "updated_at": "2015-06-23T12:12:05.045"
 },
 "model": "grad.gradprogram",
 "pk": 2
},
{
 "fields": {
  "created_at": "2015-06-23T12:12:05.153",
  "created_by": "",
  "description": "MSc Thesis option",
  "hidden": false,
  "label": "MSc Thesis",
  "modified_by": null,
  "slug": "mscthesis",
  "unit": 5,
  "updated_at": "2015-06-23T12:12:05.153"
 },
 "model": "grad.gradprogram",
 "pk": 3
},
{
 "fields": {
  "created_at": "2015-06-23T12:12:05.304",
  "created_by": "",
  "description": "Doctor of Philosophy",
  "hidden": false,
  "label": "PhD",
  "modified_by": null,
  "slug": "phd",
  "unit": 5,
  "updated_at": "2015-06-23T12:12:05.304"
 },
 "model": "grad.gradprogram",
 "pk": 4
},
{
 "fields": {
  "created_at": "2015-06-23T12:12:05.396",
  "created_by": "",
  "description": "Qualifying student",
  "hidden": false,
  "label": "Qualifying",
  "modified_by": null,
  "slug": "qualifying",
  "unit": 5,
  "updated_at": "2015-06-23T12:12:05.396"
 },
 "model": "grad.gradprogram",
 "pk": 5
},
{
 "fields": {
  "created_at": "2015-06-23T12:12:05.504",
  "created_by": "",
  "description": "Special Arrangements",
  "hidden": false,
  "label": "Special",
  "modified_by": null,
  "slug": "special",
  "unit": 5,
  "updated_at": "2015-06-23T12:12:05.504"
 },
 "model": "grad.gradprogram",
 "pk": 6
},
{
 "fields": {
  "comments": null,
  "eligible": false,
  "hidden": false,
  "name": "Scholarship-o-rama",
  "unit": 5
 },
 "model": "grad.scholarshiptype",
 "pk": 1
},
{
 "fields": {
  "comments": null,
  "eligible": true,
  "hidden": false,
  "name": "Generic Scholarship #8",
  "unit": 5
 },
 "model": "grad.scholarshiptype",
 "pk": 2
},
{
 "fields": {
  "created_at": "2015-06-23T12:12:05.632",
  "description": "Achieved Speciality",
  "hidden": false,
  "program": 6,
  "series": 1,
  "updated_at": "2015-06-23T12:12:05.632"
 },
 "model": "grad.gradrequirement",
 "pk": 1
},
{
 "fields": {
  "created_at": "2015-06-23T12:12:05.735",
  "description": "Found campus",
  "hidden": false,
  "program": 1,
  "series": 2,
  "updated_at": "2015-06-23T12:12:05.735"
 },
 "model": "grad.gradrequirement",
 "pk": 2
},
{
 "fields": {
  "created_at": "2015-06-23T12:12:05.842",
  "description": "Found campus",
  "hidden": false,
  "program": 2,
  "series": 2,
  "updated_at": "2015-06-23T12:12:05.842"
 },
 "model": "grad.gradrequirement",
 "pk": 3
},
{
 "fields": {
  "created_at": "2015-06-23T12:12:05.942",
  "description": "Found campus",
  "hidden": false,
  "program": 3,
  "series": 2,
  "updated_at": "2015-06-23T12:12:05.942"
 },
 "model": "grad.gradrequirement",
 "pk": 4
},
{
 "fields": {
  "created_at": "2015-06-23T12:12:06.042",
  "description": "Found campus",
  "hidden": false,
  "program": 4,
  "series": 2,
  "updated_at": "2015-06-23T12:12:06.043"
 },
 "model": "grad.gradrequirement",
 "pk": 5
},
{
 "fields": {
  "created_at": "2015-06-23T12:12:06.143",
  "description": "Found campus",
  "hidden": false,
  "program": 5,
  "series": 2,
  "updated_at": "2015-06-23T12:12:06.143"
 },
 "model": "grad.gradrequirement",
 "pk": 6
},
{
 "fields": {
  "created_at": "2015-06-23T12:12:06.243",
  "description": "Found campus",
  "hidden": false,
  "program": 6,
  "series": 2,
  "updated_at": "2015-06-23T12:12:06.243"
 },
 "model": "grad.gradrequirement",
 "pk": 7
},
{
 "fields": {
  "content": "Congratulations, {{first_name}}, we would like to offer you admission to the {{program}} program in Computing Science at SFU.\r\n\r\nThis is g\u00f6\u00f6d news. Really.",
  "created_at": "2015-06-23T12:12:04.610",
  "created_by": "",
  "hidden": false,
  "label": "offer",
  "slug": "cmpt-offer",
  "unit": 5
 },
 "model": "grad.lettertemplate",
 "pk": 1
},
{
 "fields": {
  "content": "This is to confirm that {{title}} {{first_name}} {{last_name}} is currently enrolled as a full time student in the {{program}} in the School of Computing Science at SFU.",
  "created_at": "2015-06-23T12:12:04.710",
  "created_by": "",
  "hidden": false,
  "label": "visa",
  "slug": "cmpt-visa",
  "unit": 5
 },
 "model": "grad.lettertemplate",
 "pk": 2
},
{
 "fields": {
  "content": "This is to confirm that {{title}} {{first_name}} {{last_name}} is a student in the School of Computing Science's {{program}} program. {{He_She}} has been employed as follows:\r\n\r\n{% if tafunding %}Teaching assistant responsibilities include providing tutorials, office hours and marking assignments. {{title}} {{last_name}}'s assignments have been:\r\n\r\n{{ tafunding }}{% endif %}\r\n{% if rafunding %}Research assistants assist/provide research services to faculty. {{title}} {{last_name}}'s assignments have been:\r\n\r\n{{ rafunding }}{% endif %}\r\n{% if scholarships %}{{title}} {{last_name}} has received the following scholarships:\r\n\r\n{{ scholarships }}{% endif %}\r\n\r\n{{title}} {{last_name}} is making satisfactory progress.",
  "created_at": "2015-06-23T12:12:04.828",
  "created_by": "",
  "hidden": false,
  "label": "Funding",
  "slug": "cmpt-funding",
  "unit": 5
 },
 "model": "grad.lettertemplate",
 "pk": 3
},
{
 "fields": {
  "label": "Dual Degree Program",
  "unit": 5
 },
 "model": "grad.gradflag",
 "pk": 1
},
{
 "fields": {
  "label": "Co-op",
  "unit": 5
 },
 "model": "grad.gradflag",
 "pk": 2
},
{
 "fields": {
  "campus": "BRNBY",
  "comments": "",
  "config": "{}",
  "created_at": "2015-06-23T12:12:06.618",
  "created_by": "",
  "current_status": "ACTI",
  "end_semester": null,
  "english_fluency": "",
  "is_canadian": true,
  "modified_by": null,
  "mother_tongue": "",
  "passport_issued_by": "",
  "person": 46,
  "program": 2,
  "research_area": "Kqmt\u00famsiology",
  "slug": "0ggg15-mscproj",
  "start_semester": 150,
  "updated_at": "2015-06-23T12:12:07.719"
 },
 "model": "grad.gradstudent",
 "pk": 1
},
{
 "fields": {
  "campus": "OFFST",
  "comments": "",
  "config": "{}",
  "created_at": "2015-06-23T12:12:08.407",
  "created_by": "",
  "current_status": "ACTI",
  "end_semester": null,
  "english_fluency": "",
  "is_canadian": false,
  "modified_by": null,
  "mother_tongue": "",
  "passport_issued_by": "",
  "person": 34,
  "program": 3,
  "research_area": "Cxfwr\u00f5qkology",
  "slug": "0ggg9-mscthesis",
  "start_semester": 150,
  "updated_at": "2015-06-23T12:12:09.466"
 },
 "model": "grad.gradstudent",
 "pk": 2
},
{
 "fields": {
  "campus": "OFFST",
  "comments": "",
  "config": "{}",
  "created_at": "2015-06-23T12:12:10.171",
  "created_by": "",
  "current_status": "ACTI",
  "end_semester": null,
  "english_fluency": "",
  "is_canadian": false,
  "modified_by": null,
  "mother_tongue": "",
  "passport_issued_by": "",
  "person": 36,
  "program": 5,
  "research_area": "Rlhjuzftology",
  "slug": "0ggg10-qualifying",
  "start_semester": 150,
  "updated_at": "2015-06-23T12:12:11.180"
 },
 "model": "grad.gradstudent",
 "pk": 3
},
{
 "fields": {
  "campus": "SURRY",
  "comments": "",
  "config": "{}",
  "created_at": "2015-06-23T12:12:11.742",
  "created_by": "",
  "current_status": "ACTI",
  "end_semester": null,
  "english_fluency": "",
  "is_canadian": true,
  "modified_by": null,
  "mother_tongue": "",
  "passport_issued_by": "",
  "person": 18,
  "program": 2,
  "research_area": "Elwhwqy\u00e0ology",
  "slug": "0ggg1-mscproj",
  "start_semester": 150,
  "updated_at": "2015-06-23T12:12:12.919"
 },
 "model": "grad.gradstudent",
 "pk": 4
},
{
 "fields": {
  "campus": "VANCR",
  "comments": "",
  "config": "{}",
  "created_at": "2015-06-23T12:12:13.673",
  "created_by": "",
  "current_status": "ACTI",
  "end_semester": null,
  "english_fluency": "",
  "is_canadian": null,
  "modified_by": null,
  "mother_tongue": "",
  "passport_issued_by": "",
  "person": 24,
  "program": 1,
  "research_area": "Zaf\u00fa\u00efcb\u00f5ology",
  "slug": "0ggg4-msccourse",
  "start_semester": 147,
  "updated_at": "2015-06-23T12:12:14.875"
 },
 "model": "grad.gradstudent",
 "pk": 5
},
{
 "fields": {
  "campus": "VANCR",
  "comments": "",
  "config": "{}",
  "created_at": "2015-06-23T12:12:15.547",
  "created_by": "",
  "current_status": "ACTI",
  "end_semester": null,
  "english_fluency": "",
  "is_canadian": false,
  "modified_by": null,
  "mother_tongue": "",
  "passport_issued_by": "",
  "person": 48,
  "program": 4,
  "research_area": "Balcbx\u00efxology",
  "slug": "0ggg16-phd",
  "start_semester": 146,
  "updated_at": "2015-06-23T12:12:16.489"
 },
 "model": "grad.gradstudent",
 "pk": 6
},
{
 "fields": {
  "campus": "BRNBY",
  "comments": "",
  "config": "{}",
  "created_at": "2015-06-23T12:12:17.771",
  "created_by": "",
  "current_status": "REJE",
  "end_semester": null,
  "english_fluency": "",
  "is_canadian": null,
  "modified_by": null,
  "mother_tongue": "",
  "passport_issued_by": "",
  "person": 16,
  "program": 2,
  "research_area": "V\u00f5mlf\u00f5\u00eakology",
  "slug": "0ggg0-mscproj",
  "start_semester": 147,
  "updated_at": "2015-06-23T12:12:18.561"
 },
 "model": "grad.gradstudent",
 "pk": 7
},
{
 "fields": {
  "campus": "OFFST",
  "comments": "",
  "config": "{}",
  "created_at": "2015-06-23T12:12:19.200",
  "created_by": "",
  "current_status": "ACTI",
  "end_semester": null,
  "english_fluency": "",
  "is_canadian": false,
  "modified_by": null,
  "mother_tongue": "",
  "passport_issued_by": "",
  "person": 42,
  "program": 6,
  "research_area": "Few\u00efecqxology",
  "slug": "0ggg13-special",
  "start_semester": 148,
  "updated_at": "2015-06-23T12:12:20.307"
 },
 "model": "grad.gradstudent",
 "pk": 8
},
{
 "fields": {
  "campus": "BRNBY",
  "comments": "",
  "config": "{}",
  "created_at": "2015-06-23T12:12:21.447",
  "created_by": "",
  "current_status": "ACTI",
  "end_semester": null,
  "english_fluency": "",
  "is_canadian": null,
  "modified_by": null,
  "mother_tongue": "",
  "passport_issued_by": "",
  "person": 26,
  "program": 6,
  "research_area": "M\u00f5ywpo\u00efqology",
  "slug": "0ggg5-special",
  "start_semester": 150,
  "updated_at": "2015-06-23T12:12:22.541"
 },
 "model": "grad.gradstudent",
 "pk": 9
},
{
 "fields": {
  "campus": "SURRY",
  "comments": "",
  "config": "{}",
  "created_at": "2015-06-23T12:12:23.247",
  "created_by": "",
  "current_status": "ACTI",
  "end_semester": null,
  "english_fluency": "",
  "is_canadian": true,
  "modified_by": null,
  "mother_tongue": "",
  "passport_issued_by": "",
  "person": 32,
  "program": 6,
  "research_area": "Rkog\u00eavypology",
  "slug": "0ggg8-special",
  "start_semester": 149,
  "updated_at": "2015-06-23T12:12:24.363"
 },
 "model": "grad.gradstudent",
 "pk": 10
},
{
 "fields": {
  "campus": "OFFST",
  "comments": "",
  "config": "{}",
  "created_at": "2015-06-23T12:12:25.202",
  "created_by": "",
  "current_status": "ACTI",
  "end_semester": null,
  "english_fluency": "",
  "is_canadian": null,
  "modified_by": null,
  "mother_tongue": "",
  "passport_issued_by": "",
  "person": 52,
  "program": 4,
  "research_area": "Azjotcdpology",
  "slug": "0ggg18-phd",
  "start_semester": 148,
  "updated_at": "2015-06-23T12:12:26.361"
 },
 "model": "grad.gradstudent",
 "pk": 11
},
{
 "fields": {
  "campus": "GNWC",
  "comments": "",
  "config": "{}",
  "created_at": "2015-06-23T12:12:27.360",
  "created_by": "",
  "current_status": "ACTI",
  "end_semester": null,
  "english_fluency": "",
  "is_canadian": null,
  "modified_by": null,
  "mother_tongue": "",
  "passport_issued_by": "",
  "person": 44,
  "program": 5,
  "research_area": "Fqbiuag\u00e0ology",
  "slug": "0ggg14-qualifying",
  "start_semester": 146,
  "updated_at": "2015-06-23T12:12:28.509"
 },
 "model": "grad.gradstudent",
 "pk": 12
},
{
 "fields": {
  "campus": "GNWC",
  "comments": "",
  "config": "{}",
  "created_at": "2015-06-23T12:12:29.441",
  "created_by": "",
  "current_status": "ACTI",
  "end_semester": null,
  "english_fluency": "",
  "is_canadian": true,
  "modified_by": null,
  "mother_tongue": "",
  "passport_issued_by": "",
  "person": 22,
  "program": 5,
  "research_area": "Ibh\u00efzgfbology",
  "slug": "0ggg3-qualifying",
  "start_semester": 147,
  "updated_at": "2015-06-23T12:12:30.464"
 },
 "model": "grad.gradstudent",
 "pk": 13
},
{
 "fields": {
  "campus": "VANCR",
  "comments": "",
  "config": "{}",
  "created_at": "2015-06-23T12:12:31.303",
  "created_by": "",
  "current_status": "ACTI",
  "end_semester": null,
  "english_fluency": "",
  "is_canadian": null,
  "modified_by": null,
  "mother_tongue": "",
  "passport_issued_by": "",
  "person": 50,
  "program": 5,
  "research_area": "Tdmfkq\u00efhology",
  "slug": "0ggg17-qualifying",
  "start_semester": 150,
  "updated_at": "2015-06-23T12:12:32.504"
 },
 "model": "grad.gradstudent",
 "pk": 14
},
{
 "fields": {
  "campus": "GNWC",
  "comments": "",
  "config": "{}",
  "created_at": "2015-06-23T12:12:33.369",
  "created_by": "",
  "current_status": "ACTI",
  "end_semester": null,
  "english_fluency": "",
  "is_canadian": false,
  "modified_by": null,
  "mother_tongue": "",
  "passport_issued_by": "",
  "person": 20,
  "program": 6,
  "research_area": "Guychr\u00ef\u00f5ology",
  "slug": "0ggg2-special",
  "start_semester": 147,
  "updated_at": "2015-06-23T12:12:34.387"
 },
 "model": "grad.gradstudent",
 "pk": 15
},
{
 "fields": {
  "campus": "METRO",
  "comments": "",
  "config": "{}",
  "created_at": "2015-06-23T12:12:35.450",
  "created_by": "",
  "current_status": "ACTI",
  "end_semester": null,
  "english_fluency": "",
  "is_canadian": false,
  "modified_by": null,
  "mother_tongue": "",
  "passport_issued_by": "",
  "person": 28,
  "program": 1,
  "research_area": "Vnggq\u00efpoology",
  "slug": "0ggg6-msccourse",
  "start_semester": 145,
  "updated_at": "2015-06-23T12:12:36.980"
 },
 "model": "grad.gradstudent",
 "pk": 16
},
{
 "fields": {
  "campus": "VANCR",
  "comments": "",
  "config": "{}",
  "created_at": "2015-06-23T12:12:37.988",
  "created_by": "",
  "current_status": "ACTI",
  "end_semester": null,
  "english_fluency": "",
  "is_canadian": true,
  "modified_by": null,
  "mother_tongue": "",
  "passport_issued_by": "",
  "person": 54,
  "program": 4,
  "research_area": "Jitwfhyxology",
  "slug": "0ggg19-phd",
  "start_semester": 146,
  "updated_at": "2015-06-23T12:12:39.061"
 },
 "model": "grad.gradstudent",
 "pk": 17
},
{
 "fields": {
  "campus": "GNWC",
  "comments": "",
  "config": "{}",
  "created_at": "2015-06-23T12:12:40.210",
  "created_by": "",
  "current_status": "WIDR",
  "end_semester": 149,
  "english_fluency": "",
  "is_canadian": null,
  "modified_by": null,
  "mother_tongue": "",
  "passport_issued_by": "",
  "person": 38,
  "program": 4,
  "research_area": "J\u00ef\u00ef\u00f5xmomology",
  "slug": "0ggg11-phd",
  "start_semester": 145,
  "updated_at": "2015-06-23T12:12:42.433"
 },
 "model": "grad.gradstudent",
 "pk": 18
},
{
 "fields": {
  "campus": "METRO",
  "comments": "",
  "config": "{}",
  "created_at": "2015-06-23T12:12:43.148",
  "created_by": "",
  "current_status": "ACTI",
  "end_semester": null,
  "english_fluency": "",
  "is_canadian": false,
  "modified_by": null,
  "mother_tongue": "",
  "passport_issued_by": "",
  "person": 30,
  "program": 1,
  "research_area": "Eo\u00f5mqmm\u00e0ology",
  "slug": "0ggg7-msccourse",
  "start_semester": 149,
  "updated_at": "2015-06-23T12:12:44.551"
 },
 "model": "grad.gradstudent",
 "pk": 19
},
{
 "fields": {
  "campus": "GNWC",
  "comments": "",
  "config": "{}",
  "created_at": "2015-06-23T12:12:45.172",
  "created_by": "",
  "current_status": "REJE",
  "end_semester": null,
  "english_fluency": "",
  "is_canadian": true,
  "modified_by": null,
  "mother_tongue": "",
  "passport_issued_by": "",
  "person": 40,
  "program": 3,
  "research_area": "Tmoxrtx\u00efology",
  "slug": "0ggg12-mscthesis",
  "start_semester": 149,
  "updated_at": "2015-06-23T12:12:46.013"
 },
 "model": "grad.gradstudent",
 "pk": 20
},
{
 "fields": {
  "campus": "VANCR",
  "comments": "",
  "config": "{}",
  "created_at": "2015-06-23T12:12:46.663",
  "created_by": "",
  "current_status": "ACTI",
  "end_semester": null,
  "english_fluency": "",
  "is_canadian": true,
  "modified_by": null,
  "mother_tongue": "",
  "passport_issued_by": "",
  "person": 24,
  "program": 1,
  "research_area": "Ehh\u00efz\u00e0\u00fa\u00f5ology",
  "slug": "0ggg4-msccourse-2",
  "start_semester": 150,
  "updated_at": "2015-06-23T12:12:47.789"
 },
 "model": "grad.gradstudent",
 "pk": 21
},
{
 "fields": {
  "campus": "VANCR",
  "comments": "",
  "config": "{}",
  "created_at": "2015-06-23T12:12:48.751",
  "created_by": "",
  "current_status": "ACTI",
  "end_semester": null,
  "english_fluency": "",
  "is_canadian": true,
  "modified_by": null,
  "mother_tongue": "",
  "passport_issued_by": "",
  "person": 28,
  "program": 1,
  "research_area": "Hiqvz\u00eaqjology",
  "slug": "0ggg6-msccourse-2",
  "start_semester": 145,
  "updated_at": "2015-06-23T12:12:49.926"
 },
 "model": "grad.gradstudent",
 "pk": 22
},
{
 "fields": {
  "campus": "SURRY",
  "comments": "",
  "config": "{}",
  "created_at": "2015-06-23T12:12:50.598",
  "created_by": "",
  "current_status": "ACTI",
  "end_semester": null,
  "english_fluency": "",
  "is_canadian": null,
  "modified_by": null,
  "mother_tongue": "",
  "passport_issued_by": "",
  "person": 38,
  "program": 2,
  "research_area": "Tvklxgxnology",
  "slug": "0ggg11-mscproj",
  "start_semester": 148,
  "updated_at": "2015-06-23T12:12:51.630"
 },
 "model": "grad.gradstudent",
 "pk": 23
},
{
 "fields": {
  "campus": "VANCR",
  "comments": "",
  "config": "{}",
  "created_at": "2015-06-23T12:12:53.480",
  "created_by": "",
  "current_status": "ACTI",
  "end_semester": null,
  "english_fluency": "",
  "is_canadian": null,
  "modified_by": null,
  "mother_tongue": "",
  "passport_issued_by": "",
  "person": 52,
  "program": 5,
  "research_area": "Hejwhuvdology",
  "slug": "0ggg18-qualifying",
  "start_semester": 146,
  "updated_at": "2015-06-23T12:12:54.581"
 },
 "model": "grad.gradstudent",
 "pk": 24
},
{
 "fields": {
  "campus": "BRNBY",
  "comments": "",
  "config": "{}",
  "created_at": "2015-06-23T12:12:55.580",
  "created_by": "",
  "current_status": "ACTI",
  "end_semester": null,
  "english_fluency": "",
  "is_canadian": false,
  "modified_by": null,
  "mother_tongue": "",
  "passport_issued_by": "",
  "person": 20,
  "program": 2,
  "research_area": "W\u00eayxaal\u00f5ology",
  "slug": "0ggg2-mscproj",
  "start_semester": 150,
  "updated_at": "2015-06-23T12:12:56.738"
 },
 "model": "grad.gradstudent",
 "pk": 25
},
{
 "fields": {
  "config": "{}",
  "program": 2,
  "start_semester": 150,
  "starting": "2015-06-23",
  "student": 1
 },
 "model": "grad.gradprogramhistory",
 "pk": 1
},
{
 "fields": {
  "config": "{}",
  "program": 3,
  "start_semester": 150,
  "starting": "2015-06-23",
  "student": 2
 },
 "model": "grad.gradprogramhistory",
 "pk": 2
},
{
 "fields": {
  "config": "{}",
  "program": 2,
  "start_semester": 151,
  "starting": "2015-06-23",
  "student": 2
 },
 "model": "grad.gradprogramhistory",
 "pk": 3
},
{
 "fields": {
  "config": "{}",
  "program": 5,
  "start_semester": 150,
  "starting": "2015-06-23",
  "student": 3
 },
 "model": "grad.gradprogramhistory",
 "pk": 4
},
{
 "fields": {
  "config": "{}",
  "program": 2,
  "start_semester": 150,
  "starting": "2015-06-23",
  "student": 4
 },
 "model": "grad.gradprogramhistory",
 "pk": 5
},
{
 "fields": {
  "config": "{}",
  "program": 5,
  "start_semester": 152,
  "starting": "2015-06-23",
  "student": 4
 },
 "model": "grad.gradprogramhistory",
 "pk": 6
},
{
 "fields": {
  "config": "{}",
  "program": 5,
  "start_semester": 147,
  "starting": "2015-06-23",
  "student": 5
 },
 "model": "grad.gradprogramhistory",
 "pk": 7
},
{
 "fields": {
  "config": "{}",
  "program": 1,
  "start_semester": 149,
  "starting": "2015-06-23",
  "student": 5
 },
 "model": "grad.gradprogramhistory",
 "pk": 8
},
{
 "fields": {
  "config": "{}",
  "program": 4,
  "start_semester": 146,
  "starting": "2015-06-23",
  "student": 6
 },
 "model": "grad.gradprogramhistory",
 "pk": 9
},
{
 "fields": {
  "config": "{}",
  "program": 2,
  "start_semester": 147,
  "starting": "2015-06-23",
  "student": 7
 },
 "model": "grad.gradprogramhistory",
 "pk": 10
},
{
 "fields": {
  "config": "{}",
  "program": 4,
  "start_semester": 151,
  "starting": "2015-06-23",
  "student": 7
 },
 "model": "grad.gradprogramhistory",
 "pk": 11
},
{
 "fields": {
  "config": "{}",
  "program": 6,
  "start_semester": 148,
  "starting": "2015-06-23",
  "student": 8
 },
 "model": "grad.gradprogramhistory",
 "pk": 12
},
{
 "fields": {
  "config": "{}",
  "program": 6,
  "start_semester": 150,
  "starting": "2015-06-23",
  "student": 9
 },
 "model": "grad.gradprogramhistory",
 "pk": 13
},
{
 "fields": {
  "config": "{}",
  "program": 6,
  "start_semester": 149,
  "starting": "2015-06-23",
  "student": 10
 },
 "model": "grad.gradprogramhistory",
 "pk": 14
},
{
 "fields": {
  "config": "{}",
  "program": 3,
  "start_semester": 152,
  "starting": "2015-06-23",
  "student": 10
 },
 "model": "grad.gradprogramhistory",
 "pk": 15
},
{
 "fields": {
  "config": "{}",
  "program": 4,
  "start_semester": 148,
  "starting": "2015-06-23",
  "student": 11
 },
 "model": "grad.gradprogramhistory",
 "pk": 16
},
{
 "fields": {
  "config": "{}",
  "program": 5,
  "start_semester": 146,
  "starting": "2015-06-23",
  "student": 12
 },
 "model": "grad.gradprogramhistory",
 "pk": 17
},
{
 "fields": {
  "config": "{}",
  "program": 5,
  "start_semester": 147,
  "starting": "2015-06-23",
  "student": 13
 },
 "model": "grad.gradprogramhistory",
 "pk": 18
},
{
 "fields": {
  "config": "{}",
  "program": 5,
  "start_semester": 150,
  "starting": "2015-06-23",
  "student": 14
 },
 "model": "grad.gradprogramhistory",
 "pk": 19
},
{
 "fields": {
  "config": "{}",
  "program": 6,
  "start_semester": 147,
  "starting": "2015-06-23",
  "student": 15
 },
 "model": "grad.gradprogramhistory",
 "pk": 20
},
{
 "fields": {
  "config": "{}",
  "program": 3,
  "start_semester": 145,
  "starting": "2015-06-23",
  "student": 16
 },
 "model": "grad.gradprogramhistory",
 "pk": 21
},
{
 "fields": {
  "config": "{}",
  "program": 1,
  "start_semester": 148,
  "starting": "2015-06-23",
  "student": 16
 },
 "model": "grad.gradprogramhistory",
 "pk": 22
},
{
 "fields": {
  "config": "{}",
  "program": 4,
  "start_semester": 146,
  "starting": "2015-06-23",
  "student": 17
 },
 "model": "grad.gradprogramhistory",
 "pk": 23
},
{
 "fields": {
  "config": "{}",
  "program": 4,
  "start_semester": 145,
  "starting": "2015-06-23",
  "student": 18
 },
 "model": "grad.gradprogramhistory",
 "pk": 24
},
{
 "fields": {
  "config": "{}",
  "program": 1,
  "start_semester": 149,
  "starting": "2015-06-23",
  "student": 19
 },
 "model": "grad.gradprogramhistory",
 "pk": 25
},
{
 "fields": {
  "config": "{}",
  "program": 3,
  "start_semester": 149,
  "starting": "2015-06-23",
  "student": 20
 },
 "model": "grad.gradprogramhistory",
 "pk": 26
},
{
 "fields": {
  "config": "{}",
  "program": 2,
  "start_semester": 153,
  "starting": "2015-06-23",
  "student": 20
 },
 "model": "grad.gradprogramhistory",
 "pk": 27
},
{
 "fields": {
  "config": "{}",
  "program": 1,
  "start_semester": 150,
  "starting": "2015-06-23",
  "student": 21
 },
 "model": "grad.gradprogramhistory",
 "pk": 28
},
{
 "fields": {
  "config": "{}",
  "program": 5,
  "start_semester": 153,
  "starting": "2015-06-23",
  "student": 21
 },
 "model": "grad.gradprogramhistory",
 "pk": 29
},
{
 "fields": {
  "config": "{}",
  "program": 1,
  "start_semester": 145,
  "starting": "2015-06-23",
  "student": 22
 },
 "model": "grad.gradprogramhistory",
 "pk": 30
},
{
 "fields": {
  "config": "{}",
  "program": 2,
  "start_semester": 148,
  "starting": "2015-06-23",
  "student": 23
 },
 "model": "grad.gradprogramhistory",
 "pk": 31
},
{
 "fields": {
  "config": "{}",
  "program": 2,
  "start_semester": 146,
  "starting": "2015-06-23",
  "student": 24
 },
 "model": "grad.gradprogramhistory",
 "pk": 32
},
{
 "fields": {
  "config": "{}",
  "program": 5,
  "start_semester": 148,
  "starting": "2015-06-23",
  "student": 24
 },
 "model": "grad.gradprogramhistory",
 "pk": 33
},
{
 "fields": {
  "config": "{}",
  "program": 2,
  "start_semester": 150,
  "starting": "2015-06-23",
  "student": 25
 },
 "model": "grad.gradprogramhistory",
 "pk": 34
},
{
 "fields": {
  "config": "{}",
  "program": 5,
  "start_semester": 152,
  "starting": "2015-06-23",
  "student": 25
 },
 "model": "grad.gradprogramhistory",
 "pk": 35
},
{
 "fields": {
  "config": "{}",
  "created_at": "2015-06-23T12:12:06.867",
  "end": 150,
  "hidden": false,
  "notes": "",
  "start": 150,
  "start_date": "2015-01-31",
  "status": "COMP",
  "student": 1,
  "updated_at": "2015-06-23T12:12:07.213"
 },
 "model": "grad.gradstatus",
 "pk": 1
},
{
 "fields": {
  "config": "{}",
  "created_at": "2015-06-23T12:12:07.101",
  "end": 150,
  "hidden": false,
  "notes": "",
  "start": 150,
  "start_date": "2015-02-20",
  "status": "OFFO",
  "student": 1,
  "updated_at": "2015-06-23T12:12:07.564"
 },
 "model": "grad.gradstatus",
 "pk": 2
},
{
 "fields": {
  "config": "{}",
  "created_at": "2015-06-23T12:12:07.461",
  "end": null,
  "hidden": false,
  "notes": "",
  "start": 150,
  "start_date": "2015-05-11",
  "status": "ACTI",
  "student": 1,
  "updated_at": "2015-06-23T12:12:07.461"
 },
 "model": "grad.gradstatus",
 "pk": 3
},
{
 "fields": {
  "config": "{}",
  "created_at": "2015-06-23T12:12:08.773",
  "end": 150,
  "hidden": false,
  "notes": "",
  "start": 150,
  "start_date": "2015-01-31",
  "status": "COMP",
  "student": 2,
  "updated_at": "2015-06-23T12:12:09.077"
 },
 "model": "grad.gradstatus",
 "pk": 4
},
{
 "fields": {
  "config": "{}",
  "created_at": "2015-06-23T12:12:08.974",
  "end": 150,
  "hidden": false,
  "notes": "",
  "start": 150,
  "start_date": "2015-02-20",
  "status": "OFFO",
  "student": 2,
  "updated_at": "2015-06-23T12:12:09.370"
 },
 "model": "grad.gradstatus",
 "pk": 5
},
{
 "fields": {
  "config": "{}",
  "created_at": "2015-06-23T12:12:09.275",
  "end": null,
  "hidden": false,
  "notes": "",
  "start": 150,
  "start_date": "2015-05-11",
  "status": "ACTI",
  "student": 2,
  "updated_at": "2015-06-23T12:12:09.275"
 },
 "model": "grad.gradstatus",
 "pk": 6
},
{
 "fields": {
  "config": "{}",
  "created_at": "2015-06-23T12:12:10.370",
  "end": 150,
  "hidden": false,
  "notes": "",
  "start": 150,
  "start_date": "2015-01-31",
  "status": "COMP",
  "student": 3,
  "updated_at": "2015-06-23T12:12:10.708"
 },
 "model": "grad.gradstatus",
 "pk": 7
},
{
 "fields": {
  "config": "{}",
  "created_at": "2015-06-23T12:12:10.605",
  "end": 150,
  "hidden": false,
  "notes": "",
  "start": 150,
  "start_date": "2015-02-20",
  "status": "OFFO",
  "student": 3,
  "updated_at": "2015-06-23T12:12:11.042"
 },
 "model": "grad.gradstatus",
 "pk": 8
},
{
 "fields": {
  "config": "{}",
  "created_at": "2015-06-23T12:12:10.939",
  "end": null,
  "hidden": false,
  "notes": "",
  "start": 150,
  "start_date": "2015-05-11",
  "status": "ACTI",
  "student": 3,
  "updated_at": "2015-06-23T12:12:10.939"
 },
 "model": "grad.gradstatus",
 "pk": 9
},
{
 "fields": {
  "config": "{}",
  "created_at": "2015-06-23T12:12:12.067",
  "end": 150,
  "hidden": false,
  "notes": "",
  "start": 150,
  "start_date": "2015-01-31",
  "status": "COMP",
  "student": 4,
  "updated_at": "2015-06-23T12:12:12.455"
 },
 "model": "grad.gradstatus",
 "pk": 10
},
{
 "fields": {
  "config": "{}",
  "created_at": "2015-06-23T12:12:12.318",
  "end": 150,
  "hidden": false,
  "notes": "",
  "start": 150,
  "start_date": "2015-02-20",
  "status": "OFFO",
  "student": 4,
  "updated_at": "2015-06-23T12:12:12.756"
 },
 "model": "grad.gradstatus",
 "pk": 11
},
{
 "fields": {
  "config": "{}",
  "created_at": "2015-06-23T12:12:12.636",
  "end": null,
  "hidden": false,
  "notes": "",
  "start": 150,
  "start_date": "2015-05-11",
  "status": "ACTI",
  "student": 4,
  "updated_at": "2015-06-23T12:12:12.636"
 },
 "model": "grad.gradstatus",
 "pk": 12
},
{
 "fields": {
  "config": "{}",
  "created_at": "2015-06-23T12:12:14.023",
  "end": 147,
  "hidden": false,
  "notes": "",
  "start": 147,
  "start_date": "2014-01-25",
  "status": "COMP",
  "student": 5,
  "updated_at": "2015-06-23T12:12:14.394"
 },
 "model": "grad.gradstatus",
 "pk": 13
},
{
 "fields": {
  "config": "{}",
  "created_at": "2015-06-23T12:12:14.307",
  "end": 147,
  "hidden": false,
  "notes": "",
  "start": 147,
  "start_date": "2014-02-14",
  "status": "OFFO",
  "student": 5,
  "updated_at": "2015-06-23T12:12:14.754"
 },
 "model": "grad.gradstatus",
 "pk": 14
},
{
 "fields": {
  "config": "{}",
  "created_at": "2015-06-23T12:12:14.651",
  "end": null,
  "hidden": false,
  "notes": "",
  "start": 147,
  "start_date": "2014-05-05",
  "status": "ACTI",
  "student": 5,
  "updated_at": "2015-06-23T12:12:14.651"
 },
 "model": "grad.gradstatus",
 "pk": 15
},
{
 "fields": {
  "config": "{}",
  "created_at": "2015-06-23T12:12:15.745",
  "end": 146,
  "hidden": false,
  "notes": "",
  "start": 146,
  "start_date": "2013-09-28",
  "status": "COMP",
  "student": 6,
  "updated_at": "2015-06-23T12:12:16.049"
 },
 "model": "grad.gradstatus",
 "pk": 16
},
{
 "fields": {
  "config": "{}",
  "created_at": "2015-06-23T12:12:15.946",
  "end": 146,
  "hidden": false,
  "notes": "",
  "start": 146,
  "start_date": "2013-10-18",
  "status": "OFFO",
  "student": 6,
  "updated_at": "2015-06-23T12:12:16.368"
 },
 "model": "grad.gradstatus",
 "pk": 17
},
{
 "fields": {
  "config": "{}",
  "created_at": "2015-06-23T12:12:16.264",
  "end": 155,
  "hidden": false,
  "notes": "",
  "start": 146,
  "start_date": "2014-01-06",
  "status": "ACTI",
  "student": 6,
  "updated_at": "2015-06-23T12:12:16.710"
 },
 "model": "grad.gradstatus",
 "pk": 18
},
{
 "fields": {
  "config": "{}",
  "created_at": "2015-06-23T12:12:16.590",
  "end": null,
  "hidden": false,
  "notes": "",
  "start": 155,
  "start_date": "2017-01-04",
  "status": "WIDR",
  "student": 6,
  "updated_at": "2015-06-23T12:12:16.590"
 },
 "model": "grad.gradstatus",
 "pk": 19
},
{
 "fields": {
  "config": "{}",
  "created_at": "2015-06-23T12:12:18.102",
  "end": 147,
  "hidden": false,
  "notes": "",
  "start": 147,
  "start_date": "2014-01-25",
  "status": "COMP",
  "student": 7,
  "updated_at": "2015-06-23T12:12:18.440"
 },
 "model": "grad.gradstatus",
 "pk": 20
},
{
 "fields": {
  "config": "{}",
  "created_at": "2015-06-23T12:12:18.320",
  "end": null,
  "hidden": false,
  "notes": "",
  "start": 147,
  "start_date": "2014-02-14",
  "status": "REJE",
  "student": 7,
  "updated_at": "2015-06-23T12:12:18.320"
 },
 "model": "grad.gradstatus",
 "pk": 21
},
{
 "fields": {
  "config": "{}",
  "created_at": "2015-06-23T12:12:19.398",
  "end": 148,
  "hidden": false,
  "notes": "",
  "start": 148,
  "start_date": "2014-05-25",
  "status": "COMP",
  "student": 8,
  "updated_at": "2015-06-23T12:12:19.794"
 },
 "model": "grad.gradstatus",
 "pk": 22
},
{
 "fields": {
  "config": "{}",
  "created_at": "2015-06-23T12:12:19.674",
  "end": 148,
  "hidden": false,
  "notes": "",
  "start": 148,
  "start_date": "2014-06-14",
  "status": "OFFO",
  "student": 8,
  "updated_at": "2015-06-23T12:12:20.171"
 },
 "model": "grad.gradstatus",
 "pk": 23
},
{
 "fields": {
  "config": "{}",
  "created_at": "2015-06-23T12:12:20.025",
  "end": 153,
  "hidden": false,
  "notes": "",
  "start": 148,
  "start_date": "2014-09-02",
  "status": "ACTI",
  "student": 8,
  "updated_at": "2015-06-23T12:12:20.497"
 },
 "model": "grad.gradstatus",
 "pk": 24
},
{
 "fields": {
  "config": "{}",
  "created_at": "2015-06-23T12:12:20.401",
  "end": null,
  "hidden": false,
  "notes": "",
  "start": 153,
  "start_date": "2016-05-09",
  "status": "WIDR",
  "student": 8,
  "updated_at": "2015-06-23T12:12:20.401"
 },
 "model": "grad.gradstatus",
 "pk": 25
},
{
 "fields": {
  "config": "{}",
  "created_at": "2015-06-23T12:12:21.664",
  "end": 150,
  "hidden": false,
  "notes": "",
  "start": 150,
  "start_date": "2015-01-31",
  "status": "COMP",
  "student": 9,
  "updated_at": "2015-06-23T12:12:22.085"
 },
 "model": "grad.gradstatus",
 "pk": 26
},
{
 "fields": {
  "config": "{}",
  "created_at": "2015-06-23T12:12:21.947",
  "end": 150,
  "hidden": false,
  "notes": "",
  "start": 150,
  "start_date": "2015-02-20",
  "status": "OFFO",
  "student": 9,
  "updated_at": "2015-06-23T12:12:22.427"
 },
 "model": "grad.gradstatus",
 "pk": 27
},
{
 "fields": {
  "config": "{}",
  "created_at": "2015-06-23T12:12:22.308",
  "end": null,
  "hidden": false,
  "notes": "",
  "start": 150,
  "start_date": "2015-05-11",
  "status": "ACTI",
  "student": 9,
  "updated_at": "2015-06-23T12:12:22.308"
 },
 "model": "grad.gradstatus",
 "pk": 28
},
{
 "fields": {
  "config": "{}",
  "created_at": "2015-06-23T12:12:23.520",
  "end": 149,
  "hidden": false,
  "notes": "",
  "start": 149,
  "start_date": "2014-09-28",
  "status": "COMP",
  "student": 10,
  "updated_at": "2015-06-23T12:12:23.858"
 },
 "model": "grad.gradstatus",
 "pk": 29
},
{
 "fields": {
  "config": "{}",
  "created_at": "2015-06-23T12:12:23.737",
  "end": 149,
  "hidden": false,
  "notes": "",
  "start": 149,
  "start_date": "2014-10-18",
  "status": "OFFO",
  "student": 10,
  "updated_at": "2015-06-23T12:12:24.225"
 },
 "model": "grad.gradstatus",
 "pk": 30
},
{
 "fields": {
  "config": "{}",
  "created_at": "2015-06-23T12:12:24.088",
  "end": 154,
  "hidden": false,
  "notes": "",
  "start": 149,
  "start_date": "2015-01-06",
  "status": "ACTI",
  "student": 10,
  "updated_at": "2015-06-23T12:12:24.601"
 },
 "model": "grad.gradstatus",
 "pk": 31
},
{
 "fields": {
  "config": "{}",
  "created_at": "2015-06-23T12:12:24.472",
  "end": null,
  "hidden": false,
  "notes": "",
  "start": 154,
  "start_date": "2016-09-06",
  "status": "WIDR",
  "student": 10,
  "updated_at": "2015-06-23T12:12:24.472"
 },
 "model": "grad.gradstatus",
 "pk": 32
},
{
 "fields": {
  "config": "{}",
  "created_at": "2015-06-23T12:12:25.484",
  "end": 148,
  "hidden": false,
  "notes": "",
  "start": 148,
  "start_date": "2014-05-25",
  "status": "COMP",
  "student": 11,
  "updated_at": "2015-06-23T12:12:25.822"
 },
 "model": "grad.gradstatus",
 "pk": 33
},
{
 "fields": {
  "config": "{}",
  "created_at": "2015-06-23T12:12:25.694",
  "end": 148,
  "hidden": false,
  "notes": "",
  "start": 148,
  "start_date": "2014-06-14",
  "status": "OFFO",
  "student": 11,
  "updated_at": "2015-06-23T12:12:26.206"
 },
 "model": "grad.gradstatus",
 "pk": 34
},
{
 "fields": {
  "config": "{}",
  "created_at": "2015-06-23T12:12:26.103",
  "end": null,
  "hidden": false,
  "notes": "",
  "start": 148,
  "start_date": "2014-09-02",
  "status": "ACTI",
  "student": 11,
  "updated_at": "2015-06-23T12:12:26.103"
 },
 "model": "grad.gradstatus",
 "pk": 35
},
{
 "fields": {
  "config": "{}",
  "created_at": "2015-06-23T12:12:27.599",
  "end": 146,
  "hidden": false,
  "notes": "",
  "start": 146,
  "start_date": "2013-09-28",
  "status": "COMP",
  "student": 12,
  "updated_at": "2015-06-23T12:12:27.986"
 },
 "model": "grad.gradstatus",
 "pk": 36
},
{
 "fields": {
  "config": "{}",
  "created_at": "2015-06-23T12:12:27.841",
  "end": 146,
  "hidden": false,
  "notes": "",
  "start": 146,
  "start_date": "2013-10-18",
  "status": "OFFO",
  "student": 12,
  "updated_at": "2015-06-23T12:12:28.396"
 },
 "model": "grad.gradstatus",
 "pk": 37
},
{
 "fields": {
  "config": "{}",
  "created_at": "2015-06-23T12:12:28.259",
  "end": 154,
  "hidden": false,
  "notes": "",
  "start": 146,
  "start_date": "2014-01-06",
  "status": "ACTI",
  "student": 12,
  "updated_at": "2015-06-23T12:12:28.747"
 },
 "model": "grad.gradstatus",
 "pk": 38
},
{
 "fields": {
  "config": "{}",
  "created_at": "2015-06-23T12:12:28.627",
  "end": null,
  "hidden": false,
  "notes": "",
  "start": 154,
  "start_date": "2016-09-06",
  "status": "WIDR",
  "student": 12,
  "updated_at": "2015-06-23T12:12:28.627"
 },
 "model": "grad.gradstatus",
 "pk": 39
},
{
 "fields": {
  "config": "{}",
  "created_at": "2015-06-23T12:12:29.672",
  "end": 147,
  "hidden": false,
  "notes": "",
  "start": 147,
  "start_date": "2014-01-25",
  "status": "COMP",
  "student": 13,
  "updated_at": "2015-06-23T12:12:30.051"
 },
 "model": "grad.gradstatus",
 "pk": 40
},
{
 "fields": {
  "config": "{}",
  "created_at": "2015-06-23T12:12:29.964",
  "end": 147,
  "hidden": false,
  "notes": "",
  "start": 147,
  "start_date": "2014-02-14",
  "status": "OFFO",
  "student": 13,
  "updated_at": "2015-06-23T12:12:30.368"
 },
 "model": "grad.gradstatus",
 "pk": 41
},
{
 "fields": {
  "config": "{}",
  "created_at": "2015-06-23T12:12:30.282",
  "end": 156,
  "hidden": false,
  "notes": "",
  "start": 147,
  "start_date": "2014-05-05",
  "status": "ACTI",
  "student": 13,
  "updated_at": "2015-06-23T12:12:30.686"
 },
 "model": "grad.gradstatus",
 "pk": 42
},
{
 "fields": {
  "config": "{}",
  "created_at": "2015-06-23T12:12:30.550",
  "end": null,
  "hidden": false,
  "notes": "",
  "start": 156,
  "start_date": "2017-05-08",
  "status": "WIDR",
  "student": 13,
  "updated_at": "2015-06-23T12:12:30.550"
 },
 "model": "grad.gradstatus",
 "pk": 43
},
{
 "fields": {
  "config": "{}",
  "created_at": "2015-06-23T12:12:31.511",
  "end": 150,
  "hidden": false,
  "notes": "",
  "start": 150,
  "start_date": "2015-01-31",
  "status": "COMP",
  "student": 14,
  "updated_at": "2015-06-23T12:12:31.941"
 },
 "model": "grad.gradstatus",
 "pk": 44
},
{
 "fields": {
  "config": "{}",
  "created_at": "2015-06-23T12:12:31.770",
  "end": 150,
  "hidden": false,
  "notes": "",
  "start": 150,
  "start_date": "2015-02-20",
  "status": "OFFO",
  "student": 14,
  "updated_at": "2015-06-23T12:12:32.384"
 },
 "model": "grad.gradstatus",
 "pk": 45
},
{
 "fields": {
  "config": "{}",
  "created_at": "2015-06-23T12:12:32.280",
  "end": null,
  "hidden": false,
  "notes": "",
  "start": 150,
  "start_date": "2015-05-11",
  "status": "ACTI",
  "student": 14,
  "updated_at": "2015-06-23T12:12:32.280"
 },
 "model": "grad.gradstatus",
 "pk": 46
},
{
 "fields": {
  "config": "{}",
  "created_at": "2015-06-23T12:12:33.550",
  "end": 147,
  "hidden": false,
  "notes": "",
  "start": 147,
  "start_date": "2014-01-25",
  "status": "COMP",
  "student": 15,
  "updated_at": "2015-06-23T12:12:33.871"
 },
 "model": "grad.gradstatus",
 "pk": 47
},
{
 "fields": {
  "config": "{}",
  "created_at": "2015-06-23T12:12:33.768",
  "end": 147,
  "hidden": false,
  "notes": "",
  "start": 147,
  "start_date": "2014-02-14",
  "status": "OFFO",
  "student": 15,
  "updated_at": "2015-06-23T12:12:34.238"
 },
 "model": "grad.gradstatus",
 "pk": 48
},
{
 "fields": {
  "config": "{}",
  "created_at": "2015-06-23T12:12:34.136",
  "end": 156,
  "hidden": false,
  "notes": "",
  "start": 147,
  "start_date": "2014-05-05",
  "status": "ACTI",
  "student": 15,
  "updated_at": "2015-06-23T12:12:34.607"
 },
 "model": "grad.gradstatus",
 "pk": 49
},
{
 "fields": {
  "config": "{}",
  "created_at": "2015-06-23T12:12:34.504",
  "end": null,
  "hidden": false,
  "notes": "",
  "start": 156,
  "start_date": "2017-05-08",
  "status": "WIDR",
  "student": 15,
  "updated_at": "2015-06-23T12:12:34.504"
 },
 "model": "grad.gradstatus",
 "pk": 50
},
{
 "fields": {
  "config": "{}",
  "created_at": "2015-06-23T12:12:35.824",
  "end": 145,
  "hidden": false,
  "notes": "",
  "start": 145,
  "start_date": "2013-05-26",
  "status": "COMP",
  "student": 16,
  "updated_at": "2015-06-23T12:12:36.403"
 },
 "model": "grad.gradstatus",
 "pk": 51
},
{
 "fields": {
  "config": "{}",
  "created_at": "2015-06-23T12:12:36.284",
  "end": 145,
  "hidden": false,
  "notes": "",
  "start": 145,
  "start_date": "2013-06-15",
  "status": "OFFO",
  "student": 16,
  "updated_at": "2015-06-23T12:12:36.840"
 },
 "model": "grad.gradstatus",
 "pk": 52
},
{
 "fields": {
  "config": "{}",
  "created_at": "2015-06-23T12:12:36.696",
  "end": null,
  "hidden": false,
  "notes": "",
  "start": 145,
  "start_date": "2013-09-03",
  "status": "ACTI",
  "student": 16,
  "updated_at": "2015-06-23T12:12:36.696"
 },
 "model": "grad.gradstatus",
 "pk": 53
},
{
 "fields": {
  "config": "{}",
  "created_at": "2015-06-23T12:12:38.243",
  "end": 146,
  "hidden": false,
  "notes": "",
  "start": 146,
  "start_date": "2013-09-28",
  "status": "COMP",
  "student": 17,
  "updated_at": "2015-06-23T12:12:38.564"
 },
 "model": "grad.gradstatus",
 "pk": 54
},
{
 "fields": {
  "config": "{}",
  "created_at": "2015-06-23T12:12:38.460",
  "end": 146,
  "hidden": false,
  "notes": "",
  "start": 146,
  "start_date": "2013-10-18",
  "status": "OFFO",
  "student": 17,
  "updated_at": "2015-06-23T12:12:38.907"
 },
 "model": "grad.gradstatus",
 "pk": 55
},
{
 "fields": {
  "config": "{}",
  "created_at": "2015-06-23T12:12:38.795",
  "end": 151,
  "hidden": false,
  "notes": "",
  "start": 146,
  "start_date": "2014-01-06",
  "status": "ACTI",
  "student": 17,
  "updated_at": "2015-06-23T12:12:39.299"
 },
 "model": "grad.gradstatus",
 "pk": 56
},
{
 "fields": {
  "config": "{}",
  "created_at": "2015-06-23T12:12:39.197",
  "end": null,
  "hidden": false,
  "notes": "",
  "start": 151,
  "start_date": "2015-09-08",
  "status": "WIDR",
  "student": 17,
  "updated_at": "2015-06-23T12:12:39.197"
 },
 "model": "grad.gradstatus",
 "pk": 57
},
{
 "fields": {
  "config": "{}",
  "created_at": "2015-06-23T12:12:40.610",
  "end": 145,
  "hidden": false,
  "notes": "",
  "start": 145,
  "start_date": "2013-05-26",
  "status": "COMP",
  "student": 18,
  "updated_at": "2015-06-23T12:12:41.267"
 },
 "model": "grad.gradstatus",
 "pk": 58
},
{
 "fields": {
  "config": "{}",
  "created_at": "2015-06-23T12:12:41.054",
  "end": 145,
  "hidden": false,
  "notes": "",
  "start": 145,
  "start_date": "2013-06-15",
  "status": "OFFO",
  "student": 18,
  "updated_at": "2015-06-23T12:12:41.887"
 },
 "model": "grad.gradstatus",
 "pk": 59
},
{
 "fields": {
  "config": "{}",
  "created_at": "2015-06-23T12:12:41.742",
  "end": 149,
  "hidden": false,
  "notes": "",
  "start": 145,
  "start_date": "2013-09-03",
  "status": "ACTI",
  "student": 18,
  "updated_at": "2015-06-23T12:12:42.271"
 },
 "model": "grad.gradstatus",
 "pk": 60
},
{
 "fields": {
  "config": "{}",
  "created_at": "2015-06-23T12:12:42.134",
  "end": null,
  "hidden": false,
  "notes": "",
  "start": 149,
  "start_date": "2015-01-06",
  "status": "WIDR",
  "student": 18,
  "updated_at": "2015-06-23T12:12:42.134"
 },
 "model": "grad.gradstatus",
 "pk": 61
},
{
 "fields": {
  "config": "{}",
  "created_at": "2015-06-23T12:12:43.355",
  "end": 149,
  "hidden": false,
  "notes": "",
  "start": 149,
  "start_date": "2014-09-28",
  "status": "COMP",
  "student": 19,
  "updated_at": "2015-06-23T12:12:43.726"
 },
 "model": "grad.gradstatus",
 "pk": 62
},
{
 "fields": {
  "config": "{}",
  "created_at": "2015-06-23T12:12:43.598",
  "end": 149,
  "hidden": false,
  "notes": "",
  "start": 149,
  "start_date": "2014-10-18",
  "status": "OFFO",
  "student": 19,
  "updated_at": "2015-06-23T12:12:44.386"
 },
 "model": "grad.gradstatus",
 "pk": 63
},
{
 "fields": {
  "config": "{}",
  "created_at": "2015-06-23T12:12:43.957",
  "end": null,
  "hidden": false,
  "notes": "",
  "start": 149,
  "start_date": "2015-01-06",
  "status": "ACTI",
  "student": 19,
  "updated_at": "2015-06-23T12:12:43.957"
 },
 "model": "grad.gradstatus",
 "pk": 64
},
{
 "fields": {
  "config": "{}",
  "created_at": "2015-06-23T12:12:45.479",
  "end": 149,
  "hidden": false,
  "notes": "",
  "start": 149,
  "start_date": "2014-09-28",
  "status": "COMP",
  "student": 20,
  "updated_at": "2015-06-23T12:12:45.892"
 },
 "model": "grad.gradstatus",
 "pk": 65
},
{
 "fields": {
  "config": "{}",
  "created_at": "2015-06-23T12:12:45.788",
  "end": null,
  "hidden": false,
  "notes": "",
  "start": 149,
  "start_date": "2014-10-18",
  "status": "REJE",
  "student": 20,
  "updated_at": "2015-06-23T12:12:45.788"
 },
 "model": "grad.gradstatus",
 "pk": 66
},
{
 "fields": {
  "config": "{}",
  "created_at": "2015-06-23T12:12:46.976",
  "end": 150,
  "hidden": false,
  "notes": "",
  "start": 150,
  "start_date": "2015-01-31",
  "status": "COMP",
  "student": 21,
  "updated_at": "2015-06-23T12:12:47.305"
 },
 "model": "grad.gradstatus",
 "pk": 67
},
{
 "fields": {
  "config": "{}",
  "created_at": "2015-06-23T12:12:47.201",
  "end": 150,
  "hidden": false,
  "notes": "",
  "start": 150,
  "start_date": "2015-02-20",
  "status": "OFFO",
  "student": 21,
  "updated_at": "2015-06-23T12:12:47.672"
 },
 "model": "grad.gradstatus",
 "pk": 68
},
{
 "fields": {
  "config": "{}",
  "created_at": "2015-06-23T12:12:47.528",
  "end": null,
  "hidden": false,
  "notes": "",
  "start": 150,
  "start_date": "2015-05-11",
  "status": "ACTI",
  "student": 21,
  "updated_at": "2015-06-23T12:12:47.528"
 },
 "model": "grad.gradstatus",
 "pk": 69
},
{
 "fields": {
  "config": "{}",
  "created_at": "2015-06-23T12:12:49.007",
  "end": 145,
  "hidden": false,
  "notes": "",
  "start": 145,
  "start_date": "2013-05-26",
  "status": "COMP",
  "student": 22,
  "updated_at": "2015-06-23T12:12:49.395"
 },
 "model": "grad.gradstatus",
 "pk": 70
},
{
 "fields": {
  "config": "{}",
  "created_at": "2015-06-23T12:12:49.291",
  "end": 145,
  "hidden": false,
  "notes": "",
  "start": 145,
  "start_date": "2013-06-15",
  "status": "OFFO",
  "student": 22,
  "updated_at": "2015-06-23T12:12:49.771"
 },
 "model": "grad.gradstatus",
 "pk": 71
},
{
 "fields": {
  "config": "{}",
  "created_at": "2015-06-23T12:12:49.651",
  "end": null,
  "hidden": false,
  "notes": "",
  "start": 145,
  "start_date": "2013-09-03",
  "status": "ACTI",
  "student": 22,
  "updated_at": "2015-06-23T12:12:49.651"
 },
 "model": "grad.gradstatus",
 "pk": 72
},
{
 "fields": {
  "config": "{}",
  "created_at": "2015-06-23T12:12:50.804",
  "end": 148,
  "hidden": false,
  "notes": "",
  "start": 148,
  "start_date": "2014-05-25",
  "status": "COMP",
  "student": 23,
  "updated_at": "2015-06-23T12:12:51.167"
 },
 "model": "grad.gradstatus",
 "pk": 73
},
{
 "fields": {
  "config": "{}",
  "created_at": "2015-06-23T12:12:51.021",
  "end": 148,
  "hidden": false,
  "notes": "",
  "start": 148,
  "start_date": "2014-06-14",
  "status": "OFFO",
  "student": 23,
  "updated_at": "2015-06-23T12:12:51.501"
 },
 "model": "grad.gradstatus",
 "pk": 74
},
{
 "fields": {
  "config": "{}",
  "created_at": "2015-06-23T12:12:51.381",
  "end": 156,
  "hidden": false,
  "notes": "",
  "start": 148,
  "start_date": "2014-09-02",
  "status": "ACTI",
  "student": 23,
  "updated_at": "2015-06-23T12:12:51.835"
 },
 "model": "grad.gradstatus",
 "pk": 75
},
{
 "fields": {
  "config": "{}",
  "created_at": "2015-06-23T12:12:51.716",
  "end": null,
  "hidden": false,
  "notes": "",
  "start": 156,
  "start_date": "2017-05-08",
  "status": "WIDR",
  "student": 23,
  "updated_at": "2015-06-23T12:12:51.716"
 },
 "model": "grad.gradstatus",
 "pk": 76
},
{
 "fields": {
  "config": "{}",
  "created_at": "2015-06-23T12:12:53.755",
  "end": 146,
  "hidden": false,
  "notes": "",
  "start": 146,
  "start_date": "2013-09-28",
  "status": "COMP",
  "student": 24,
  "updated_at": "2015-06-23T12:12:54.116"
 },
 "model": "grad.gradstatus",
 "pk": 77
},
{
 "fields": {
  "config": "{}",
  "created_at": "2015-06-23T12:12:54.014",
  "end": 146,
  "hidden": false,
  "notes": "",
  "start": 146,
  "start_date": "2013-10-18",
  "status": "OFFO",
  "student": 24,
  "updated_at": "2015-06-23T12:12:54.416"
 },
 "model": "grad.gradstatus",
 "pk": 78
},
{
 "fields": {
  "config": "{}",
  "created_at": "2015-06-23T12:12:54.331",
  "end": null,
  "hidden": false,
  "notes": "",
  "start": 146,
  "start_date": "2014-01-06",
  "status": "ACTI",
  "student": 24,
  "updated_at": "2015-06-23T12:12:54.331"
 },
 "model": "grad.gradstatus",
 "pk": 79
},
{
 "fields": {
  "config": "{}",
  "created_at": "2015-06-23T12:12:55.962",
  "end": 150,
  "hidden": false,
  "notes": "",
  "start": 150,
  "start_date": "2015-01-31",
  "status": "COMP",
  "student": 25,
  "updated_at": "2015-06-23T12:12:56.282"
 },
 "model": "grad.gradstatus",
 "pk": 80
},
{
 "fields": {
  "config": "{}",
  "created_at": "2015-06-23T12:12:56.179",
  "end": 150,
  "hidden": false,
  "notes": "",
  "start": 150,
  "start_date": "2015-02-20",
  "status": "OFFO",
  "student": 25,
  "updated_at": "2015-06-23T12:12:56.599"
 },
 "model": "grad.gradstatus",
 "pk": 81
},
{
 "fields": {
  "config": "{}",
  "created_at": "2015-06-23T12:12:56.480",
  "end": null,
  "hidden": false,
  "notes": "",
  "start": 150,
  "start_date": "2015-05-11",
  "status": "ACTI",
  "student": 25,
  "updated_at": "2015-06-23T12:12:56.480"
 },
 "model": "grad.gradstatus",
 "pk": 82
},
{
 "fields": {
  "amount": "2000.00",
  "comments": null,
  "end_semester": 152,
  "removed": false,
  "scholarship_type": 1,
  "start_semester": 150,
  "student": 1
 },
 "model": "grad.scholarship",
 "pk": 1
},
{
 "fields": {
  "amount": "2000.00",
  "comments": null,
  "end_semester": 152,
  "removed": false,
  "scholarship_type": 2,
  "start_semester": 150,
  "student": 2
 },
 "model": "grad.scholarship",
 "pk": 2
},
{
 "fields": {
  "amount": "2000.00",
  "comments": null,
  "end_semester": 152,
  "removed": false,
  "scholarship_type": 2,
  "start_semester": 150,
  "student": 3
 },
 "model": "grad.scholarship",
 "pk": 3
},
{
 "fields": {
  "amount": "2000.00",
  "comments": null,
  "end_semester": 152,
  "removed": false,
  "scholarship_type": 1,
  "start_semester": 150,
  "student": 4
 },
 "model": "grad.scholarship",
 "pk": 4
},
{
 "fields": {
  "amount": "2000.00",
  "comments": null,
  "end_semester": 149,
  "removed": false,
  "scholarship_type": 1,
  "start_semester": 147,
  "student": 5
 },
 "model": "grad.scholarship",
 "pk": 5
},
{
 "fields": {
  "amount": "2000.00",
  "comments": null,
  "end_semester": 148,
  "removed": false,
  "scholarship_type": 1,
  "start_semester": 146,
  "student": 6
 },
 "model": "grad.scholarship",
 "pk": 6
},
{
 "fields": {
  "amount": "2000.00",
  "comments": null,
  "end_semester": 149,
  "removed": false,
  "scholarship_type": 2,
  "start_semester": 147,
  "student": 7
 },
 "model": "grad.scholarship",
 "pk": 7
},
{
 "fields": {
  "amount": "2000.00",
  "comments": null,
  "end_semester": 150,
  "removed": false,
  "scholarship_type": 2,
  "start_semester": 148,
  "student": 8
 },
 "model": "grad.scholarship",
 "pk": 8
},
{
 "fields": {
  "amount": "2000.00",
  "comments": null,
  "end_semester": 152,
  "removed": false,
  "scholarship_type": 1,
  "start_semester": 150,
  "student": 9
 },
 "model": "grad.scholarship",
 "pk": 9
},
{
 "fields": {
  "amount": "2000.00",
  "comments": null,
  "end_semester": 151,
  "removed": false,
  "scholarship_type": 1,
  "start_semester": 149,
  "student": 10
 },
 "model": "grad.scholarship",
 "pk": 10
},
{
 "fields": {
  "amount": "2000.00",
  "comments": null,
  "end_semester": 150,
  "removed": false,
  "scholarship_type": 2,
  "start_semester": 148,
  "student": 11
 },
 "model": "grad.scholarship",
 "pk": 11
},
{
 "fields": {
  "amount": "2000.00",
  "comments": null,
  "end_semester": 148,
  "removed": false,
  "scholarship_type": 1,
  "start_semester": 146,
  "student": 12
 },
 "model": "grad.scholarship",
 "pk": 12
},
{
 "fields": {
  "amount": "2000.00",
  "comments": null,
  "end_semester": 149,
  "removed": false,
  "scholarship_type": 2,
  "start_semester": 147,
  "student": 13
 },
 "model": "grad.scholarship",
 "pk": 13
},
{
 "fields": {
  "amount": "2000.00",
  "comments": null,
  "end_semester": 152,
  "removed": false,
  "scholarship_type": 1,
  "start_semester": 150,
  "student": 14
 },
 "model": "grad.scholarship",
 "pk": 14
},
{
 "fields": {
  "amount": "2000.00",
  "comments": null,
  "end_semester": 149,
  "removed": false,
  "scholarship_type": 1,
  "start_semester": 147,
  "student": 15
 },
 "model": "grad.scholarship",
 "pk": 15
},
{
 "fields": {
  "amount": "2000.00",
  "comments": null,
  "end_semester": 147,
  "removed": false,
  "scholarship_type": 2,
  "start_semester": 145,
  "student": 16
 },
 "model": "grad.scholarship",
 "pk": 16
},
{
 "fields": {
  "amount": "2000.00",
  "comments": null,
  "end_semester": 148,
  "removed": false,
  "scholarship_type": 2,
  "start_semester": 146,
  "student": 17
 },
 "model": "grad.scholarship",
 "pk": 17
},
{
 "fields": {
  "amount": "2000.00",
  "comments": null,
  "end_semester": 147,
  "removed": false,
  "scholarship_type": 1,
  "start_semester": 145,
  "student": 18
 },
 "model": "grad.scholarship",
 "pk": 18
},
{
 "fields": {
  "amount": "2000.00",
  "comments": null,
  "end_semester": 151,
  "removed": false,
  "scholarship_type": 1,
  "start_semester": 149,
  "student": 19
 },
 "model": "grad.scholarship",
 "pk": 19
},
{
 "fields": {
  "amount": "2000.00",
  "comments": null,
  "end_semester": 151,
  "removed": false,
  "scholarship_type": 2,
  "start_semester": 149,
  "student": 20
 },
 "model": "grad.scholarship",
 "pk": 20
},
{
 "fields": {
  "amount": "2000.00",
  "comments": null,
  "end_semester": 152,
  "removed": false,
  "scholarship_type": 2,
  "start_semester": 150,
  "student": 21
 },
 "model": "grad.scholarship",
 "pk": 21
},
{
 "fields": {
  "amount": "2000.00",
  "comments": null,
  "end_semester": 147,
  "removed": false,
  "scholarship_type": 1,
  "start_semester": 145,
  "student": 22
 },
 "model": "grad.scholarship",
 "pk": 22
},
{
 "fields": {
  "amount": "2000.00",
  "comments": null,
  "end_semester": 150,
  "removed": false,
  "scholarship_type": 1,
  "start_semester": 148,
  "student": 23
 },
 "model": "grad.scholarship",
 "pk": 23
},
{
 "fields": {
  "amount": "2000.00",
  "comments": null,
  "end_semester": 148,
  "removed": false,
  "scholarship_type": 2,
  "start_semester": 146,
  "student": 24
 },
 "model": "grad.scholarship",
 "pk": 24
},
{
 "fields": {
  "amount": "2000.00",
  "comments": null,
  "end_semester": 152,
  "removed": false,
  "scholarship_type": 1,
  "start_semester": 150,
  "student": 25
 },
 "model": "grad.scholarship",
 "pk": 25
},
{
 "fields": {
  "amount": "1300.00",
  "comments": null,
  "description": "Money fell from the sky",
  "eligible": true,
  "removed": false,
  "semester": 153,
  "student": 1
 },
 "model": "grad.otherfunding",
 "pk": 1
},
{
 "fields": {
  "amount": "1300.00",
  "comments": null,
  "description": "Money fell from the sky",
  "eligible": true,
  "removed": false,
  "semester": 153,
  "student": 2
 },
 "model": "grad.otherfunding",
 "pk": 2
},
{
 "fields": {
  "amount": "1300.00",
  "comments": null,
  "description": "Money fell from the sky",
  "eligible": true,
  "removed": false,
  "semester": 153,
  "student": 3
 },
 "model": "grad.otherfunding",
 "pk": 3
},
{
 "fields": {
  "amount": "1300.00",
  "comments": null,
  "description": "Money fell from the sky",
  "eligible": true,
  "removed": false,
  "semester": 153,
  "student": 4
 },
 "model": "grad.otherfunding",
 "pk": 4
},
{
 "fields": {
  "amount": "1300.00",
  "comments": null,
  "description": "Money fell from the sky",
  "eligible": true,
  "removed": false,
  "semester": 150,
  "student": 5
 },
 "model": "grad.otherfunding",
 "pk": 5
},
{
 "fields": {
  "amount": "1300.00",
  "comments": null,
  "description": "Money fell from the sky",
  "eligible": true,
  "removed": false,
  "semester": 149,
  "student": 6
 },
 "model": "grad.otherfunding",
 "pk": 6
},
{
 "fields": {
  "amount": "1300.00",
  "comments": null,
  "description": "Money fell from the sky",
  "eligible": true,
  "removed": false,
  "semester": 150,
  "student": 7
 },
 "model": "grad.otherfunding",
 "pk": 7
},
{
 "fields": {
  "amount": "1300.00",
  "comments": null,
  "description": "Money fell from the sky",
  "eligible": true,
  "removed": false,
  "semester": 151,
  "student": 8
 },
 "model": "grad.otherfunding",
 "pk": 8
},
{
 "fields": {
  "amount": "1300.00",
  "comments": null,
  "description": "Money fell from the sky",
  "eligible": true,
  "removed": false,
  "semester": 153,
  "student": 9
 },
 "model": "grad.otherfunding",
 "pk": 9
},
{
 "fields": {
  "amount": "1300.00",
  "comments": null,
  "description": "Money fell from the sky",
  "eligible": true,
  "removed": false,
  "semester": 152,
  "student": 10
 },
 "model": "grad.otherfunding",
 "pk": 10
},
{
 "fields": {
  "amount": "1300.00",
  "comments": null,
  "description": "Money fell from the sky",
  "eligible": true,
  "removed": false,
  "semester": 151,
  "student": 11
 },
 "model": "grad.otherfunding",
 "pk": 11
},
{
 "fields": {
  "amount": "1300.00",
  "comments": null,
  "description": "Money fell from the sky",
  "eligible": true,
  "removed": false,
  "semester": 149,
  "student": 12
 },
 "model": "grad.otherfunding",
 "pk": 12
},
{
 "fields": {
  "amount": "1300.00",
  "comments": null,
  "description": "Money fell from the sky",
  "eligible": true,
  "removed": false,
  "semester": 150,
  "student": 13
 },
 "model": "grad.otherfunding",
 "pk": 13
},
{
 "fields": {
  "amount": "1300.00",
  "comments": null,
  "description": "Money fell from the sky",
  "eligible": true,
  "removed": false,
  "semester": 153,
  "student": 14
 },
 "model": "grad.otherfunding",
 "pk": 14
},
{
 "fields": {
  "amount": "1300.00",
  "comments": null,
  "description": "Money fell from the sky",
  "eligible": true,
  "removed": false,
  "semester": 150,
  "student": 15
 },
 "model": "grad.otherfunding",
 "pk": 15
},
{
 "fields": {
  "amount": "1300.00",
  "comments": null,
  "description": "Money fell from the sky",
  "eligible": true,
  "removed": false,
  "semester": 148,
  "student": 16
 },
 "model": "grad.otherfunding",
 "pk": 16
},
{
 "fields": {
  "amount": "1300.00",
  "comments": null,
  "description": "Money fell from the sky",
  "eligible": true,
  "removed": false,
  "semester": 149,
  "student": 17
 },
 "model": "grad.otherfunding",
 "pk": 17
},
{
 "fields": {
  "amount": "1300.00",
  "comments": null,
  "description": "Money fell from the sky",
  "eligible": true,
  "removed": false,
  "semester": 148,
  "student": 18
 },
 "model": "grad.otherfunding",
 "pk": 18
},
{
 "fields": {
  "amount": "1300.00",
  "comments": null,
  "description": "Money fell from the sky",
  "eligible": true,
  "removed": false,
  "semester": 152,
  "student": 19
 },
 "model": "grad.otherfunding",
 "pk": 19
},
{
 "fields": {
  "amount": "1300.00",
  "comments": null,
  "description": "Money fell from the sky",
  "eligible": true,
  "removed": false,
  "semester": 152,
  "student": 20
 },
 "model": "grad.otherfunding",
 "pk": 20
},
{
 "fields": {
  "amount": "1300.00",
  "comments": null,
  "description": "Money fell from the sky",
  "eligible": true,
  "removed": false,
  "semester": 153,
  "student": 21
 },
 "model": "grad.otherfunding",
 "pk": 21
},
{
 "fields": {
  "amount": "1300.00",
  "comments": null,
  "description": "Money fell from the sky",
  "eligible": true,
  "removed": false,
  "semester": 148,
  "student": 22
 },
 "model": "grad.otherfunding",
 "pk": 22
},
{
 "fields": {
  "amount": "1300.00",
  "comments": null,
  "description": "Money fell from the sky",
  "eligible": true,
  "removed": false,
  "semester": 151,
  "student": 23
 },
 "model": "grad.otherfunding",
 "pk": 23
},
{
 "fields": {
  "amount": "1300.00",
  "comments": null,
  "description": "Money fell from the sky",
  "eligible": true,
  "removed": false,
  "semester": 149,
  "student": 24
 },
 "model": "grad.otherfunding",
 "pk": 24
},
{
 "fields": {
  "amount": "1300.00",
  "comments": null,
  "description": "Money fell from the sky",
  "eligible": true,
  "removed": false,
  "semester": 153,
  "student": 25
 },
 "model": "grad.otherfunding",
 "pk": 25
},
{
 "fields": {
  "amount": "10000.00",
  "comments": null,
  "end_semester": 152,
  "removed": false,
  "start_semester": 150,
  "student": 1
 },
 "model": "grad.promise",
 "pk": 1
},
{
 "fields": {
  "amount": "10000.00",
  "comments": null,
  "end_semester": 155,
  "removed": false,
  "start_semester": 153,
  "student": 1
 },
 "model": "grad.promise",
 "pk": 2
},
{
 "fields": {
  "amount": "10000.00",
  "comments": null,
  "end_semester": 152,
  "removed": false,
  "start_semester": 150,
  "student": 2
 },
 "model": "grad.promise",
 "pk": 3
},
{
 "fields": {
  "amount": "10000.00",
  "comments": null,
  "end_semester": 155,
  "removed": false,
  "start_semester": 153,
  "student": 2
 },
 "model": "grad.promise",
 "pk": 4
},
{
 "fields": {
  "amount": "10000.00",
  "comments": null,
  "end_semester": 152,
  "removed": false,
  "start_semester": 150,
  "student": 3
 },
 "model": "grad.promise",
 "pk": 5
},
{
 "fields": {
  "amount": "10000.00",
  "comments": null,
  "end_semester": 155,
  "removed": false,
  "start_semester": 153,
  "student": 3
 },
 "model": "grad.promise",
 "pk": 6
},
{
 "fields": {
  "amount": "10000.00",
  "comments": null,
  "end_semester": 152,
  "removed": false,
  "start_semester": 150,
  "student": 4
 },
 "model": "grad.promise",
 "pk": 7
},
{
 "fields": {
  "amount": "10000.00",
  "comments": null,
  "end_semester": 155,
  "removed": false,
  "start_semester": 153,
  "student": 4
 },
 "model": "grad.promise",
 "pk": 8
},
{
 "fields": {
  "amount": "10000.00",
  "comments": null,
  "end_semester": 149,
  "removed": false,
  "start_semester": 147,
  "student": 5
 },
 "model": "grad.promise",
 "pk": 9
},
{
 "fields": {
  "amount": "10000.00",
  "comments": null,
  "end_semester": 152,
  "removed": false,
  "start_semester": 150,
  "student": 5
 },
 "model": "grad.promise",
 "pk": 10
},
{
 "fields": {
  "amount": "10000.00",
  "comments": null,
  "end_semester": 148,
  "removed": false,
  "start_semester": 146,
  "student": 6
 },
 "model": "grad.promise",
 "pk": 11
},
{
 "fields": {
  "amount": "10000.00",
  "comments": null,
  "end_semester": 151,
  "removed": false,
  "start_semester": 149,
  "student": 6
 },
 "model": "grad.promise",
 "pk": 12
},
{
 "fields": {
  "amount": "10000.00",
  "comments": null,
  "end_semester": 149,
  "removed": false,
  "start_semester": 147,
  "student": 7
 },
 "model": "grad.promise",
 "pk": 13
},
{
 "fields": {
  "amount": "10000.00",
  "comments": null,
  "end_semester": 152,
  "removed": false,
  "start_semester": 150,
  "student": 7
 },
 "model": "grad.promise",
 "pk": 14
},
{
 "fields": {
  "amount": "10000.00",
  "comments": null,
  "end_semester": 150,
  "removed": false,
  "start_semester": 148,
  "student": 8
 },
 "model": "grad.promise",
 "pk": 15
},
{
 "fields": {
  "amount": "10000.00",
  "comments": null,
  "end_semester": 153,
  "removed": false,
  "start_semester": 151,
  "student": 8
 },
 "model": "grad.promise",
 "pk": 16
},
{
 "fields": {
  "amount": "10000.00",
  "comments": null,
  "end_semester": 152,
  "removed": false,
  "start_semester": 150,
  "student": 9
 },
 "model": "grad.promise",
 "pk": 17
},
{
 "fields": {
  "amount": "10000.00",
  "comments": null,
  "end_semester": 155,
  "removed": false,
  "start_semester": 153,
  "student": 9
 },
 "model": "grad.promise",
 "pk": 18
},
{
 "fields": {
  "amount": "10000.00",
  "comments": null,
  "end_semester": 151,
  "removed": false,
  "start_semester": 149,
  "student": 10
 },
 "model": "grad.promise",
 "pk": 19
},
{
 "fields": {
  "amount": "10000.00",
  "comments": null,
  "end_semester": 154,
  "removed": false,
  "start_semester": 152,
  "student": 10
 },
 "model": "grad.promise",
 "pk": 20
},
{
 "fields": {
  "amount": "10000.00",
  "comments": null,
  "end_semester": 150,
  "removed": false,
  "start_semester": 148,
  "student": 11
 },
 "model": "grad.promise",
 "pk": 21
},
{
 "fields": {
  "amount": "10000.00",
  "comments": null,
  "end_semester": 153,
  "removed": false,
  "start_semester": 151,
  "student": 11
 },
 "model": "grad.promise",
 "pk": 22
},
{
 "fields": {
  "amount": "10000.00",
  "comments": null,
  "end_semester": 148,
  "removed": false,
  "start_semester": 146,
  "student": 12
 },
 "model": "grad.promise",
 "pk": 23
},
{
 "fields": {
  "amount": "10000.00",
  "comments": null,
  "end_semester": 151,
  "removed": false,
  "start_semester": 149,
  "student": 12
 },
 "model": "grad.promise",
 "pk": 24
},
{
 "fields": {
  "amount": "10000.00",
  "comments": null,
  "end_semester": 149,
  "removed": false,
  "start_semester": 147,
  "student": 13
 },
 "model": "grad.promise",
 "pk": 25
},
{
 "fields": {
  "amount": "10000.00",
  "comments": null,
  "end_semester": 152,
  "removed": false,
  "start_semester": 150,
  "student": 13
 },
 "model": "grad.promise",
 "pk": 26
},
{
 "fields": {
  "amount": "10000.00",
  "comments": null,
  "end_semester": 152,
  "removed": false,
  "start_semester": 150,
  "student": 14
 },
 "model": "grad.promise",
 "pk": 27
},
{
 "fields": {
  "amount": "10000.00",
  "comments": null,
  "end_semester": 155,
  "removed": false,
  "start_semester": 153,
  "student": 14
 },
 "model": "grad.promise",
 "pk": 28
},
{
 "fields": {
  "amount": "10000.00",
  "comments": null,
  "end_semester": 149,
  "removed": false,
  "start_semester": 147,
  "student": 15
 },
 "model": "grad.promise",
 "pk": 29
},
{
 "fields": {
  "amount": "10000.00",
  "comments": null,
  "end_semester": 152,
  "removed": false,
  "start_semester": 150,
  "student": 15
 },
 "model": "grad.promise",
 "pk": 30
},
{
 "fields": {
  "amount": "10000.00",
  "comments": null,
  "end_semester": 147,
  "removed": false,
  "start_semester": 145,
  "student": 16
 },
 "model": "grad.promise",
 "pk": 31
},
{
 "fields": {
  "amount": "10000.00",
  "comments": null,
  "end_semester": 150,
  "removed": false,
  "start_semester": 148,
  "student": 16
 },
 "model": "grad.promise",
 "pk": 32
},
{
 "fields": {
  "amount": "10000.00",
  "comments": null,
  "end_semester": 148,
  "removed": false,
  "start_semester": 146,
  "student": 17
 },
 "model": "grad.promise",
 "pk": 33
},
{
 "fields": {
  "amount": "10000.00",
  "comments": null,
  "end_semester": 151,
  "removed": false,
  "start_semester": 149,
  "student": 17
 },
 "model": "grad.promise",
 "pk": 34
},
{
 "fields": {
  "amount": "10000.00",
  "comments": null,
  "end_semester": 147,
  "removed": false,
  "start_semester": 145,
  "student": 18
 },
 "model": "grad.promise",
 "pk": 35
},
{
 "fields": {
  "amount": "10000.00",
  "comments": null,
  "end_semester": 150,
  "removed": false,
  "start_semester": 148,
  "student": 18
 },
 "model": "grad.promise",
 "pk": 36
},
{
 "fields": {
  "amount": "10000.00",
  "comments": null,
  "end_semester": 151,
  "removed": false,
  "start_semester": 149,
  "student": 19
 },
 "model": "grad.promise",
 "pk": 37
},
{
 "fields": {
  "amount": "10000.00",
  "comments": null,
  "end_semester": 154,
  "removed": false,
  "start_semester": 152,
  "student": 19
 },
 "model": "grad.promise",
 "pk": 38
},
{
 "fields": {
  "amount": "10000.00",
  "comments": null,
  "end_semester": 151,
  "removed": false,
  "start_semester": 149,
  "student": 20
 },
 "model": "grad.promise",
 "pk": 39
},
{
 "fields": {
  "amount": "10000.00",
  "comments": null,
  "end_semester": 154,
  "removed": false,
  "start_semester": 152,
  "student": 20
 },
 "model": "grad.promise",
 "pk": 40
},
{
 "fields": {
  "amount": "10000.00",
  "comments": null,
  "end_semester": 152,
  "removed": false,
  "start_semester": 150,
  "student": 21
 },
 "model": "grad.promise",
 "pk": 41
},
{
 "fields": {
  "amount": "10000.00",
  "comments": null,
  "end_semester": 155,
  "removed": false,
  "start_semester": 153,
  "student": 21
 },
 "model": "grad.promise",
 "pk": 42
},
{
 "fields": {
  "amount": "10000.00",
  "comments": null,
  "end_semester": 147,
  "removed": false,
  "start_semester": 145,
  "student": 22
 },
 "model": "grad.promise",
 "pk": 43
},
{
 "fields": {
  "amount": "10000.00",
  "comments": null,
  "end_semester": 150,
  "removed": false,
  "start_semester": 148,
  "student": 22
 },
 "model": "grad.promise",
 "pk": 44
},
{
 "fields": {
  "amount": "10000.00",
  "comments": null,
  "end_semester": 150,
  "removed": false,
  "start_semester": 148,
  "student": 23
 },
 "model": "grad.promise",
 "pk": 45
},
{
 "fields": {
  "amount": "10000.00",
  "comments": null,
  "end_semester": 153,
  "removed": false,
  "start_semester": 151,
  "student": 23
 },
 "model": "grad.promise",
 "pk": 46
},
{
 "fields": {
  "amount": "10000.00",
  "comments": null,
  "end_semester": 148,
  "removed": false,
  "start_semester": 146,
  "student": 24
 },
 "model": "grad.promise",
 "pk": 47
},
{
 "fields": {
  "amount": "10000.00",
  "comments": null,
  "end_semester": 151,
  "removed": false,
  "start_semester": 149,
  "student": 24
 },
 "model": "grad.promise",
 "pk": 48
},
{
 "fields": {
  "amount": "10000.00",
  "comments": null,
  "end_semester": 152,
  "removed": false,
  "start_semester": 150,
  "student": 25
 },
 "model": "grad.promise",
 "pk": 49
},
{
 "fields": {
  "amount": "10000.00",
  "comments": null,
  "end_semester": 155,
  "removed": false,
  "start_semester": 153,
  "student": 25
 },
 "model": "grad.promise",
 "pk": 50
},
{
 "fields": {
  "created_at": "2015-06-23T12:12:13.473",
  "date": null,
  "notes": null,
  "removed": false,
  "requirement": 7,
  "semester": 151,
  "student": 4,
  "updated_at": "2015-06-23T12:12:13.473"
 },
 "model": "grad.completedrequirement",
 "pk": 1
},
{
 "fields": {
  "created_at": "2015-06-23T12:12:21.013",
  "date": null,
  "notes": null,
  "removed": false,
  "requirement": 7,
  "semester": 149,
  "student": 8,
  "updated_at": "2015-06-23T12:12:21.013"
 },
 "model": "grad.completedrequirement",
 "pk": 2
},
{
 "fields": {
  "created_at": "2015-06-23T12:12:35.182",
  "date": null,
  "notes": null,
  "removed": false,
  "requirement": 7,
  "semester": 148,
  "student": 15,
  "updated_at": "2015-06-23T12:12:35.182"
 },
 "model": "grad.completedrequirement",
 "pk": 3
},
{
 "fields": {
  "created_at": "2015-06-23T12:12:37.667",
  "date": null,
  "notes": null,
  "removed": false,
  "requirement": 7,
  "semester": 146,
  "student": 16,
  "updated_at": "2015-06-23T12:12:37.667"
 },
 "model": "grad.completedrequirement",
 "pk": 4
},
{
 "fields": {
  "created_at": "2015-06-23T12:12:39.925",
  "date": null,
  "notes": null,
  "removed": false,
  "requirement": 7,
  "semester": 147,
  "student": 17,
  "updated_at": "2015-06-23T12:12:39.925"
 },
 "model": "grad.completedrequirement",
 "pk": 5
},
{
 "fields": {
  "created_at": "2015-06-23T12:12:42.929",
  "date": null,
  "notes": null,
  "removed": false,
  "requirement": 7,
  "semester": 146,
  "student": 18,
  "updated_at": "2015-06-23T12:12:42.929"
 },
 "model": "grad.completedrequirement",
 "pk": 6
},
{
 "fields": {
  "created_at": "2015-06-23T12:12:48.364",
  "date": null,
  "notes": null,
  "removed": false,
  "requirement": 7,
  "semester": 151,
  "student": 21,
  "updated_at": "2015-06-23T12:12:48.364"
 },
 "model": "grad.completedrequirement",
 "pk": 7
},
{
 "fields": {
  "created_at": "2015-06-23T12:12:53.104",
  "date": null,
  "notes": null,
  "removed": false,
  "requirement": 7,
  "semester": 149,
  "student": 23,
  "updated_at": "2015-06-23T12:12:53.104"
 },
 "model": "grad.completedrequirement",
 "pk": 8
},
{
 "fields": {
  "flag": 2,
  "student": 1,
  "value": true
 },
 "model": "grad.gradflagvalue",
 "pk": 1
},
{
 "fields": {
  "flag": 2,
  "student": 4,
  "value": true
 },
 "model": "grad.gradflagvalue",
 "pk": 2
},
{
 "fields": {
  "flag": 2,
  "student": 8,
  "value": true
 },
 "model": "grad.gradflagvalue",
 "pk": 3
},
{
 "fields": {
  "flag": 2,
  "student": 11,
  "value": true
 },
 "model": "grad.gradflagvalue",
 "pk": 4
},
{
 "fields": {
  "flag": 2,
  "student": 16,
  "value": true
 },
 "model": "grad.gradflagvalue",
 "pk": 5
},
{
 "fields": {
  "flag": 2,
  "student": 17,
  "value": true
 },
 "model": "grad.gradflagvalue",
 "pk": 6
},
{
 "fields": {
  "flag": 2,
  "student": 21,
  "value": true
 },
 "model": "grad.gradflagvalue",
 "pk": 7
},
{
 "fields": {
  "flag": 2,
  "student": 22,
  "value": true
 },
 "model": "grad.gradflagvalue",
 "pk": 8
},
{
 "fields": {
  "flag": 2,
  "student": 24,
  "value": true
 },
 "model": "grad.gradflagvalue",
 "pk": 9
},
{
 "fields": {
  "config": "{}",
  "created_at": "2015-06-23T12:12:10.052",
  "created_by": "",
  "external": null,
  "modified_by": null,
  "removed": false,
  "student": 2,
  "supervisor": 13,
  "supervisor_type": "POT",
  "updated_at": "2015-06-23T12:12:10.052"
 },
 "model": "grad.supervisor",
 "pk": 1
},
{
 "fields": {
  "config": "{}",
  "created_at": "2015-06-23T12:12:15.427",
  "created_by": "",
  "external": null,
  "modified_by": null,
  "removed": false,
  "student": 5,
  "supervisor": 1,
  "supervisor_type": "POT",
  "updated_at": "2015-06-23T12:12:15.428"
 },
 "model": "grad.supervisor",
 "pk": 2
},
{
 "fields": {
  "config": "{}",
  "created_at": "2015-06-23T12:12:17.433",
  "created_by": "",
  "external": null,
  "modified_by": null,
  "removed": false,
  "student": 6,
  "supervisor": 12,
  "supervisor_type": "POT",
  "updated_at": "2015-06-23T12:12:17.434"
 },
 "model": "grad.supervisor",
 "pk": 3
},
{
 "fields": {
  "config": "{}",
  "created_at": "2015-06-23T12:12:17.550",
  "created_by": "",
  "external": null,
  "modified_by": null,
  "removed": false,
  "student": 6,
  "supervisor": 12,
  "supervisor_type": "SEN",
  "updated_at": "2015-06-23T12:12:17.551"
 },
 "model": "grad.supervisor",
 "pk": 4
},
{
 "fields": {
  "config": "{}",
  "created_at": "2015-06-23T12:12:17.667",
  "created_by": "",
  "external": null,
  "modified_by": null,
  "removed": false,
  "student": 6,
  "supervisor": 1,
  "supervisor_type": "COM",
  "updated_at": "2015-06-23T12:12:17.668"
 },
 "model": "grad.supervisor",
 "pk": 5
},
{
 "fields": {
  "config": "{}",
  "created_at": "2015-06-23T12:12:21.328",
  "created_by": "",
  "external": null,
  "modified_by": null,
  "removed": false,
  "student": 8,
  "supervisor": 8,
  "supervisor_type": "POT",
  "updated_at": "2015-06-23T12:12:21.329"
 },
 "model": "grad.supervisor",
 "pk": 6
},
{
 "fields": {
  "config": "{}",
  "created_at": "2015-06-23T12:12:23.143",
  "created_by": "",
  "external": null,
  "modified_by": null,
  "removed": false,
  "student": 9,
  "supervisor": 9,
  "supervisor_type": "POT",
  "updated_at": "2015-06-23T12:12:23.143"
 },
 "model": "grad.supervisor",
 "pk": 7
},
{
 "fields": {
  "config": "{}",
  "created_at": "2015-06-23T12:12:27.038",
  "created_by": "",
  "external": null,
  "modified_by": null,
  "removed": false,
  "student": 11,
  "supervisor": 8,
  "supervisor_type": "POT",
  "updated_at": "2015-06-23T12:12:27.039"
 },
 "model": "grad.supervisor",
 "pk": 8
},
{
 "fields": {
  "config": "{}",
  "created_at": "2015-06-23T12:12:27.155",
  "created_by": "",
  "external": null,
  "modified_by": null,
  "removed": false,
  "student": 11,
  "supervisor": 8,
  "supervisor_type": "SEN",
  "updated_at": "2015-06-23T12:12:27.156"
 },
 "model": "grad.supervisor",
 "pk": 9
},
{
 "fields": {
  "config": "{}",
  "created_at": "2015-06-23T12:12:27.256",
  "created_by": "",
  "external": null,
  "modified_by": null,
  "removed": false,
  "student": 11,
  "supervisor": 9,
  "supervisor_type": "COM",
  "updated_at": "2015-06-23T12:12:27.256"
 },
 "model": "grad.supervisor",
 "pk": 10
},
{
 "fields": {
  "config": "{}",
  "created_at": "2015-06-23T12:12:33.065",
  "created_by": "",
  "external": null,
  "modified_by": null,
  "removed": false,
  "student": 14,
  "supervisor": 11,
  "supervisor_type": "POT",
  "updated_at": "2015-06-23T12:12:33.066"
 },
 "model": "grad.supervisor",
 "pk": 11
},
{
 "fields": {
  "config": "{}",
  "created_at": "2015-06-23T12:12:33.149",
  "created_by": "",
  "external": null,
  "modified_by": null,
  "removed": false,
  "student": 14,
  "supervisor": 11,
  "supervisor_type": "SEN",
  "updated_at": "2015-06-23T12:12:33.149"
 },
 "model": "grad.supervisor",
 "pk": 12
},
{
 "fields": {
  "config": "{}",
  "created_at": "2015-06-23T12:12:33.258",
  "created_by": "",
  "external": null,
  "modified_by": null,
  "removed": false,
  "student": 14,
  "supervisor": 11,
  "supervisor_type": "COM",
  "updated_at": "2015-06-23T12:12:33.258"
 },
 "model": "grad.supervisor",
 "pk": 13
},
{
 "fields": {
  "config": "{}",
  "created_at": "2015-06-23T12:12:35.281",
  "created_by": "",
  "external": null,
  "modified_by": null,
  "removed": false,
  "student": 15,
  "supervisor": 9,
  "supervisor_type": "POT",
  "updated_at": "2015-06-23T12:12:35.281"
 },
 "model": "grad.supervisor",
 "pk": 14
},
{
 "fields": {
  "config": "{}",
  "created_at": "2015-06-23T12:12:37.883",
  "created_by": "",
  "external": null,
  "modified_by": null,
  "removed": false,
  "student": 16,
  "supervisor": 14,
  "supervisor_type": "POT",
  "updated_at": "2015-06-23T12:12:37.884"
 },
 "model": "grad.supervisor",
 "pk": 15
},
{
 "fields": {
  "config": "{}",
  "created_at": "2015-06-23T12:12:43.037",
  "created_by": "",
  "external": null,
  "modified_by": null,
  "removed": false,
  "student": 18,
  "supervisor": 13,
  "supervisor_type": "POT",
  "updated_at": "2015-06-23T12:12:43.037"
 },
 "model": "grad.supervisor",
 "pk": 16
},
{
 "fields": {
  "config": "{}",
  "created_at": "2015-06-23T12:12:46.557",
  "created_by": "",
  "external": null,
  "modified_by": null,
  "removed": false,
  "student": 20,
  "supervisor": 14,
  "supervisor_type": "POT",
  "updated_at": "2015-06-23T12:12:46.558"
 },
 "model": "grad.supervisor",
 "pk": 17
},
{
 "fields": {
  "config": "{}",
  "created_at": "2015-06-23T12:12:48.630",
  "created_by": "",
  "external": null,
  "modified_by": null,
  "removed": false,
  "student": 21,
  "supervisor": 8,
  "supervisor_type": "POT",
  "updated_at": "2015-06-23T12:12:48.631"
 },
 "model": "grad.supervisor",
 "pk": 18
},
{
 "fields": {
  "config": "{}",
  "created_at": "2015-06-23T12:12:53.202",
  "created_by": "",
  "external": null,
  "modified_by": null,
  "removed": false,
  "student": 23,
  "supervisor": 10,
  "supervisor_type": "POT",
  "updated_at": "2015-06-23T12:12:53.203"
 },
 "model": "grad.supervisor",
 "pk": 19
},
{
 "fields": {
  "config": "{}",
  "created_at": "2015-06-23T12:12:53.286",
  "created_by": "",
  "external": null,
  "modified_by": null,
  "removed": false,
  "student": 23,
  "supervisor": 10,
  "supervisor_type": "SEN",
  "updated_at": "2015-06-23T12:12:53.287"
 },
 "model": "grad.supervisor",
 "pk": 20
},
{
 "fields": {
  "config": "{}",
  "created_at": "2015-06-23T12:12:53.378",
  "created_by": "",
  "external": null,
  "modified_by": null,
  "removed": false,
  "student": 23,
  "supervisor": 11,
  "supervisor_type": "COM",
  "updated_at": "2015-06-23T12:12:53.379"
 },
 "model": "grad.supervisor",
 "pk": 21
},
{
 "fields": {
  "config": "{}",
  "created_at": "2015-06-23T12:12:55.233",
  "created_by": "",
  "external": null,
  "modified_by": null,
  "removed": false,
  "student": 24,
  "supervisor": 13,
  "supervisor_type": "POT",
  "updated_at": "2015-06-23T12:12:55.234"
 },
 "model": "grad.supervisor",
 "pk": 22
},
{
 "fields": {
  "config": "{}",
  "created_at": "2015-06-23T12:12:55.334",
  "created_by": "",
  "external": null,
  "modified_by": null,
  "removed": false,
  "student": 24,
  "supervisor": 13,
  "supervisor_type": "SEN",
  "updated_at": "2015-06-23T12:12:55.335"
 },
 "model": "grad.supervisor",
 "pk": 23
},
{
 "fields": {
  "config": "{}",
  "created_at": "2015-06-23T12:12:55.468",
  "created_by": "",
  "external": null,
  "modified_by": null,
  "removed": false,
  "student": 24,
  "supervisor": 11,
  "supervisor_type": "COM",
  "updated_at": "2015-06-23T12:12:55.468"
 },
 "model": "grad.supervisor",
 "pk": 24
},
{
 "fields": {
  "config": "{}",
  "created_at": "2015-06-23T12:12:57.340",
  "created_by": "",
  "external": null,
  "modified_by": null,
  "removed": false,
  "student": 25,
  "supervisor": 12,
  "supervisor_type": "POT",
  "updated_at": "2015-06-23T12:12:57.340"
 },
 "model": "grad.supervisor",
 "pk": 25
},
{
 "fields": {
  "config": "{}",
  "created_at": "2015-06-23T12:12:57.449",
  "created_by": "",
  "external": null,
  "modified_by": null,
  "removed": false,
  "student": 25,
  "supervisor": 12,
  "supervisor_type": "SEN",
  "updated_at": "2015-06-23T12:12:57.449"
 },
 "model": "grad.supervisor",
 "pk": 26
},
{
 "fields": {
  "config": "{}",
  "created_at": "2015-06-23T12:12:57.582",
  "created_by": "",
  "external": null,
  "modified_by": null,
  "removed": false,
  "student": 25,
  "supervisor": 8,
  "supervisor_type": "COM",
  "updated_at": "2015-06-23T12:12:57.583"
 },
 "model": "grad.supervisor",
 "pk": 27
}
]
