[
{
 "fields": {
  "config": "{}",
  "expiry": "2022-02-06",
  "person": 5,
  "role": "GRAD",
  "unit": 5
 },
 "model": "coredata.role",
 "pk": 8
},
{
 "fields": {
  "config": "{}",
  "expiry": "2022-02-06",
  "person": 2,
  "role": "GRPD",
  "unit": 5
 },
 "model": "coredata.role",
 "pk": 9
},
{
 "fields": {
  "created_at": "2019-05-13T15:27:49.849",
  "created_by": "",
  "description": "MSc Course option",
  "hidden": false,
  "label": "MSc Course",
  "modified_by": null,
  "slug": "msccourse",
  "unit": 5,
  "updated_at": "2019-05-13T15:27:49.849"
 },
 "model": "grad.gradprogram",
 "pk": 1
},
{
 "fields": {
  "created_at": "2019-05-13T15:27:49.867",
  "created_by": "",
  "description": "MSc Project option",
  "hidden": false,
  "label": "MSc Proj",
  "modified_by": null,
  "slug": "mscproj",
  "unit": 5,
  "updated_at": "2019-05-13T15:27:49.868"
 },
 "model": "grad.gradprogram",
 "pk": 2
},
{
 "fields": {
  "created_at": "2019-05-13T15:27:49.888",
  "created_by": "",
  "description": "MSc Thesis option",
  "hidden": false,
  "label": "MSc Thesis",
  "modified_by": null,
  "slug": "mscthesis",
  "unit": 5,
  "updated_at": "2019-05-13T15:27:49.888"
 },
 "model": "grad.gradprogram",
 "pk": 3
},
{
 "fields": {
  "created_at": "2019-05-13T15:27:49.906",
  "created_by": "",
  "description": "Doctor of Philosophy",
  "hidden": false,
  "label": "PhD",
  "modified_by": null,
  "slug": "phd",
  "unit": 5,
  "updated_at": "2019-05-13T15:27:49.906"
 },
 "model": "grad.gradprogram",
 "pk": 4
},
{
 "fields": {
  "created_at": "2019-05-13T15:27:49.918",
  "created_by": "",
  "description": "Qualifying student",
  "hidden": false,
  "label": "Qualifying",
  "modified_by": null,
  "slug": "qualifying",
  "unit": 5,
  "updated_at": "2019-05-13T15:27:49.918"
 },
 "model": "grad.gradprogram",
 "pk": 5
},
{
 "fields": {
  "created_at": "2019-05-13T15:27:49.934",
  "created_by": "",
  "description": "Special Arrangements",
  "hidden": false,
  "label": "Special",
  "modified_by": null,
  "slug": "special",
  "unit": 5,
  "updated_at": "2019-05-13T15:27:49.934"
 },
 "model": "grad.gradprogram",
 "pk": 6
},
{
 "fields": {
  "comments": null,
  "eligible": false,
  "hidden": false,
  "name": "Scholarship-o-rama",
  "unit": 5
 },
 "model": "grad.scholarshiptype",
 "pk": 1
},
{
 "fields": {
  "comments": null,
  "eligible": true,
  "hidden": false,
  "name": "Generic Scholarship #8",
  "unit": 5
 },
 "model": "grad.scholarshiptype",
 "pk": 2
},
{
 "fields": {
  "created_at": "2019-05-13T15:27:49.949",
  "description": "Achieved Speciality",
  "hidden": false,
  "program": 6,
  "series": 1,
  "updated_at": "2019-05-13T15:27:49.949"
 },
 "model": "grad.gradrequirement",
 "pk": 1
},
{
 "fields": {
  "created_at": "2019-05-13T15:27:49.964",
  "description": "Found campus",
  "hidden": false,
  "program": 1,
  "series": 2,
  "updated_at": "2019-05-13T15:27:49.964"
 },
 "model": "grad.gradrequirement",
 "pk": 2
},
{
 "fields": {
  "created_at": "2019-05-13T15:27:49.976",
  "description": "Found campus",
  "hidden": false,
  "program": 2,
  "series": 2,
  "updated_at": "2019-05-13T15:27:49.976"
 },
 "model": "grad.gradrequirement",
 "pk": 3
},
{
 "fields": {
  "created_at": "2019-05-13T15:27:49.988",
  "description": "Found campus",
  "hidden": false,
  "program": 3,
  "series": 2,
  "updated_at": "2019-05-13T15:27:49.988"
 },
 "model": "grad.gradrequirement",
 "pk": 4
},
{
 "fields": {
  "created_at": "2019-05-13T15:27:50.000",
  "description": "Found campus",
  "hidden": false,
  "program": 4,
  "series": 2,
  "updated_at": "2019-05-13T15:27:50.000"
 },
 "model": "grad.gradrequirement",
 "pk": 5
},
{
 "fields": {
  "created_at": "2019-05-13T15:27:50.012",
  "description": "Found campus",
  "hidden": false,
  "program": 5,
  "series": 2,
  "updated_at": "2019-05-13T15:27:50.012"
 },
 "model": "grad.gradrequirement",
 "pk": 6
},
{
 "fields": {
  "created_at": "2019-05-13T15:27:50.030",
  "description": "Found campus",
  "hidden": false,
  "program": 6,
  "series": 2,
  "updated_at": "2019-05-13T15:27:50.030"
 },
 "model": "grad.gradrequirement",
 "pk": 7
},
{
 "fields": {
  "config": "{}",
  "content": "Congratulations, {{first_name}}, we would like to offer you admission to the {{program}} program in Computing Science at SFU.\r\n\r\nThis is g\u00f6\u00f6d news. Really.",
  "created_at": "2019-05-13T15:27:49.804",
  "created_by": "",
  "hidden": false,
  "label": "offer",
  "slug": "cmpt-offer",
  "unit": 5
 },
 "model": "grad.lettertemplate",
 "pk": 1
},
{
 "fields": {
  "config": "{}",
  "content": "This is to confirm that {{title}} {{first_name}} {{last_name}} is currently enrolled as a full time student in the {{program}} in the School of Computing Science at SFU.",
  "created_at": "2019-05-13T15:27:49.818",
  "created_by": "",
  "hidden": false,
  "label": "visa",
  "slug": "cmpt-visa",
  "unit": 5
 },
 "model": "grad.lettertemplate",
 "pk": 2
},
{
 "fields": {
  "config": "{}",
  "content": "This is to confirm that {{title}} {{first_name}} {{last_name}} is a student in the School of Computing Science's {{program}} program. {{He_She}} has been employed as follows:\r\n\r\n{% if tafunding %}Teaching assistant responsibilities include providing tutorials, office hours and marking assignments. {{title}} {{last_name}}'s assignments have been:\r\n\r\n{{ tafunding }}{% endif %}\r\n{% if rafunding %}Research assistants assist/provide research services to faculty. {{title}} {{last_name}}'s assignments have been:\r\n\r\n{{ rafunding }}{% endif %}\r\n{% if scholarships %}{{title}} {{last_name}} has received the following scholarships:\r\n\r\n{{ scholarships }}{% endif %}\r\n\r\n{{title}} {{last_name}} is making satisfactory progress.",
  "created_at": "2019-05-13T15:27:49.833",
  "created_by": "",
  "hidden": false,
  "label": "Funding",
  "slug": "cmpt-funding",
  "unit": 5
 },
 "model": "grad.lettertemplate",
 "pk": 3
},
{
 "fields": {
  "label": "Dual Degree Program",
  "unit": 5
 },
 "model": "grad.gradflag",
 "pk": 1
},
{
 "fields": {
  "label": "Co-op",
  "unit": 5
 },
 "model": "grad.gradflag",
 "pk": 2
},
{
 "fields": {
  "campus": "SURRY",
  "comments": "",
  "config": "{}",
  "created_at": "2019-05-13T15:27:50.108",
  "created_by": "",
  "current_status": "WIDR",
  "end_semester": 162,
  "english_fluency": "",
  "is_canadian": true,
  "modified_by": null,
  "mother_tongue": "",
  "passport_issued_by": "",
  "person": 22,
  "program": 5,
  "research_area": "Oaznutyzology",
  "slug": "0ggg3-qualifying",
  "start_semester": 155,
  "updated_at": "2019-05-13T15:27:50.348"
 },
 "model": "grad.gradstudent",
 "pk": 1
},
{
 "fields": {
  "campus": "BRNBY",
  "comments": "",
  "config": "{}",
  "created_at": "2019-05-13T15:27:50.498",
  "created_by": "",
  "current_status": "REJE",
  "end_semester": null,
  "english_fluency": "",
  "is_canadian": null,
  "modified_by": null,
  "mother_tongue": "",
  "passport_issued_by": "",
  "person": 34,
  "program": 1,
  "research_area": "Zesgrz\u00e0\u00f5ology",
  "slug": "0ggg9-msccourse",
  "start_semester": 155,
  "updated_at": "2019-05-13T15:27:50.624"
 },
 "model": "grad.gradstudent",
 "pk": 2
},
{
 "fields": {
  "campus": "OFFST",
  "comments": "",
  "config": "{}",
  "created_at": "2019-05-13T15:27:50.757",
  "created_by": "",
  "current_status": "REJE",
  "end_semester": null,
  "english_fluency": "",
  "is_canadian": false,
  "modified_by": null,
  "mother_tongue": "",
  "passport_issued_by": "",
  "person": 50,
  "program": 3,
  "research_area": "D\u00e0soe\u00ea\u00eaaology",
  "slug": "0ggg17-mscthesis",
  "start_semester": 161,
  "updated_at": "2019-05-13T15:27:50.895"
 },
 "model": "grad.gradstudent",
 "pk": 3
},
{
 "fields": {
  "campus": "OFFST",
  "comments": "",
  "config": "{}",
  "created_at": "2019-05-13T15:27:50.994",
  "created_by": "",
  "current_status": "ACTI",
  "end_semester": null,
  "english_fluency": "",
  "is_canadian": true,
  "modified_by": null,
  "mother_tongue": "",
  "passport_issued_by": "",
  "person": 24,
  "program": 1,
  "research_area": "Qbb\u00efl\u00f5a\u00eaology",
  "slug": "0ggg4-msccourse",
  "start_semester": 157,
  "updated_at": "2019-05-13T15:27:51.177"
 },
 "model": "grad.gradstudent",
 "pk": 4
},
{
 "fields": {
  "campus": "METRO",
  "comments": "",
  "config": "{}",
  "created_at": "2019-05-13T15:27:51.271",
  "created_by": "",
  "current_status": "ACTI",
  "end_semester": null,
  "english_fluency": "",
  "is_canadian": null,
  "modified_by": null,
  "mother_tongue": "",
  "passport_issued_by": "",
  "person": 32,
  "program": 6,
  "research_area": "Nfj\u00f5khljology",
  "slug": "0ggg8-special",
  "start_semester": 158,
  "updated_at": "2019-05-13T15:27:51.463"
 },
 "model": "grad.gradstudent",
 "pk": 5
},
{
 "fields": {
  "campus": "OFFST",
  "comments": "",
  "config": "{}",
  "created_at": "2019-05-13T15:27:51.552",
  "created_by": "",
  "current_status": "REJE",
  "end_semester": null,
  "english_fluency": "",
  "is_canadian": null,
  "modified_by": null,
  "mother_tongue": "",
  "passport_issued_by": "",
  "person": 30,
  "program": 4,
  "research_area": "Sxyrjbasology",
  "slug": "0ggg7-phd",
  "start_semester": 162,
  "updated_at": "2019-05-13T15:27:51.694"
 },
 "model": "grad.gradstudent",
 "pk": 6
},
{
 "fields": {
  "campus": "SURRY",
  "comments": "",
  "config": "{}",
  "created_at": "2019-05-13T15:27:51.811",
  "created_by": "",
  "current_status": "ACTI",
  "end_semester": null,
  "english_fluency": "",
  "is_canadian": true,
  "modified_by": null,
  "mother_tongue": "",
  "passport_issued_by": "",
  "person": 36,
  "program": 5,
  "research_area": "I\u00e0cgtyipology",
  "slug": "0ggg10-qualifying",
  "start_semester": 155,
  "updated_at": "2019-05-13T15:27:51.994"
 },
 "model": "grad.gradstudent",
 "pk": 7
},
{
 "fields": {
  "campus": "OFFST",
  "comments": "",
  "config": "{}",
  "created_at": "2019-05-13T15:27:52.086",
  "created_by": "",
  "current_status": "ACTI",
  "end_semester": null,
  "english_fluency": "",
  "is_canadian": null,
  "modified_by": null,
  "mother_tongue": "",
  "passport_issued_by": "",
  "person": 26,
  "program": 2,
  "research_area": "Rmz\u00e0hj\u00e0tology",
  "slug": "0ggg5-mscproj",
  "start_semester": 159,
  "updated_at": "2019-05-13T15:27:52.276"
 },
 "model": "grad.gradstudent",
 "pk": 8
},
{
 "fields": {
  "campus": "OFFST",
  "comments": "",
  "config": "{}",
  "created_at": "2019-05-13T15:27:52.419",
  "created_by": "",
  "current_status": "ACTI",
  "end_semester": null,
  "english_fluency": "",
  "is_canadian": null,
  "modified_by": null,
  "mother_tongue": "",
  "passport_issued_by": "",
  "person": 18,
  "program": 4,
  "research_area": "Dqrlvnkmology",
  "slug": "0ggg1-phd",
  "start_semester": 159,
  "updated_at": "2019-05-13T15:27:52.625"
 },
 "model": "grad.gradstudent",
 "pk": 9
},
{
 "fields": {
  "campus": "OFFST",
  "comments": "",
  "config": "{}",
  "created_at": "2019-05-13T15:27:52.778",
  "created_by": "",
  "current_status": "ACTI",
  "end_semester": null,
  "english_fluency": "",
  "is_canadian": null,
  "modified_by": null,
  "mother_tongue": "",
  "passport_issued_by": "",
  "person": 38,
  "program": 3,
  "research_area": "Fcmbwlmvology",
  "slug": "0ggg11-mscthesis",
  "start_semester": 157,
  "updated_at": "2019-05-13T15:27:52.974"
 },
 "model": "grad.gradstudent",
 "pk": 10
},
{
 "fields": {
  "campus": "BRNBY",
  "comments": "",
  "config": "{}",
  "created_at": "2019-05-13T15:27:53.073",
  "created_by": "",
  "current_status": "ACTI",
  "end_semester": null,
  "english_fluency": "",
  "is_canadian": true,
  "modified_by": null,
  "mother_tongue": "",
  "passport_issued_by": "",
  "person": 54,
  "program": 5,
  "research_area": "Ut\u00f5eopvaology",
  "slug": "0ggg19-qualifying",
  "start_semester": 162,
  "updated_at": "2019-05-13T15:27:53.227"
 },
 "model": "grad.gradstudent",
 "pk": 11
},
{
 "fields": {
  "campus": "BRNBY",
  "comments": "",
  "config": "{}",
  "created_at": "2019-05-13T15:27:53.336",
  "created_by": "",
  "current_status": "WIDR",
  "end_semester": 161,
  "english_fluency": "",
  "is_canadian": true,
  "modified_by": null,
  "mother_tongue": "",
  "passport_issued_by": "",
  "person": 44,
  "program": 5,
  "research_area": "Q\u00f5kc\u00f5\u00e0tpology",
  "slug": "0ggg14-qualifying",
  "start_semester": 158,
  "updated_at": "2019-05-13T15:27:53.587"
 },
 "model": "grad.gradstudent",
 "pk": 12
},
{
 "fields": {
  "campus": "BRNBY",
  "comments": "",
  "config": "{}",
  "created_at": "2019-05-13T15:27:53.675",
  "created_by": "",
  "current_status": "ACTI",
  "end_semester": null,
  "english_fluency": "",
  "is_canadian": true,
  "modified_by": null,
  "mother_tongue": "",
  "passport_issued_by": "",
  "person": 20,
  "program": 2,
  "research_area": "Iqqe\u00e0k\u00efwology",
  "slug": "0ggg2-mscproj",
  "start_semester": 156,
  "updated_at": "2019-05-13T15:27:53.844"
 },
 "model": "grad.gradstudent",
 "pk": 13
},
{
 "fields": {
  "campus": "VANCR",
  "comments": "",
  "config": "{}",
  "created_at": "2019-05-13T15:27:54.010",
  "created_by": "",
  "current_status": "ACTI",
  "end_semester": null,
  "english_fluency": "",
  "is_canadian": null,
  "modified_by": null,
  "mother_tongue": "",
  "passport_issued_by": "",
  "person": 42,
  "program": 2,
  "research_area": "Xsthk\u00ea\u00f5mology",
  "slug": "0ggg13-mscproj",
  "start_semester": 161,
  "updated_at": "2019-05-13T15:27:54.202"
 },
 "model": "grad.gradstudent",
 "pk": 14
},
{
 "fields": {
  "campus": "SURRY",
  "comments": "",
  "config": "{}",
  "created_at": "2019-05-13T15:27:54.290",
  "created_by": "",
  "current_status": "REJE",
  "end_semester": null,
  "english_fluency": "",
  "is_canadian": false,
  "modified_by": null,
  "mother_tongue": "",
  "passport_issued_by": "",
  "person": 16,
  "program": 6,
  "research_area": "F\u00e0cxwotwology",
  "slug": "0ggg0-special",
  "start_semester": 158,
  "updated_at": "2019-05-13T15:27:54.440"
 },
 "model": "grad.gradstudent",
 "pk": 15
},
{
 "fields": {
  "campus": "VANCR",
  "comments": "",
  "config": "{}",
  "created_at": "2019-05-13T15:27:54.556",
  "created_by": "",
  "current_status": "WIDR",
  "end_semester": 162,
  "english_fluency": "",
  "is_canadian": true,
  "modified_by": null,
  "mother_tongue": "",
  "passport_issued_by": "",
  "person": 52,
  "program": 5,
  "research_area": "Nhlomh\u00eaeology",
  "slug": "0ggg18-qualifying",
  "start_semester": 159,
  "updated_at": "2019-05-13T15:27:54.829"
 },
 "model": "grad.gradstudent",
 "pk": 16
},
{
 "fields": {
  "campus": "SURRY",
  "comments": "",
  "config": "{}",
  "created_at": "2019-05-13T15:27:54.897",
  "created_by": "",
  "current_status": "REJE",
  "end_semester": null,
  "english_fluency": "",
  "is_canadian": true,
  "modified_by": null,
  "mother_tongue": "",
  "passport_issued_by": "",
  "person": 46,
  "program": 3,
  "research_area": "Glud\u00e0\u00f5loology",
  "slug": "0ggg15-mscthesis",
  "start_semester": 158,
  "updated_at": "2019-05-13T15:27:55.006"
 },
 "model": "grad.gradstudent",
 "pk": 17
},
{
 "fields": {
  "campus": "OFFST",
  "comments": "",
  "config": "{}",
  "created_at": "2019-05-13T15:27:55.110",
  "created_by": "",
  "current_status": "WIDR",
  "end_semester": 161,
  "english_fluency": "",
  "is_canadian": true,
  "modified_by": null,
  "mother_tongue": "",
  "passport_issued_by": "",
  "person": 28,
  "program": 4,
  "research_area": "Zvayjk\u00efrology",
  "slug": "0ggg6-phd",
  "start_semester": 157,
  "updated_at": "2019-05-13T15:27:55.357"
 },
 "model": "grad.gradstudent",
 "pk": 18
},
{
 "fields": {
  "campus": "GNWC",
  "comments": "",
  "config": "{}",
  "created_at": "2019-05-13T15:27:55.475",
  "created_by": "",
  "current_status": "REJE",
  "end_semester": null,
  "english_fluency": "",
  "is_canadian": false,
  "modified_by": null,
  "mother_tongue": "",
  "passport_issued_by": "",
  "person": 48,
  "program": 2,
  "research_area": "G\u00efcrznz\u00eaology",
  "slug": "0ggg16-mscproj",
  "start_semester": 159,
  "updated_at": "2019-05-13T15:27:55.617"
 },
 "model": "grad.gradstudent",
 "pk": 19
},
{
 "fields": {
  "campus": "BRNBY",
  "comments": "",
  "config": "{}",
  "created_at": "2019-05-13T15:27:55.761",
  "created_by": "",
  "current_status": "ACTI",
  "end_semester": null,
  "english_fluency": "",
  "is_canadian": null,
  "modified_by": null,
  "mother_tongue": "",
  "passport_issued_by": "",
  "person": 40,
  "program": 5,
  "research_area": "Wguajcrbology",
  "slug": "0ggg12-qualifying",
  "start_semester": 161,
  "updated_at": "2019-05-13T15:27:55.957"
 },
 "model": "grad.gradstudent",
 "pk": 20
},
{
 "fields": {
  "campus": "SURRY",
  "comments": "",
  "config": "{}",
  "created_at": "2019-05-13T15:27:56.043",
  "created_by": "",
  "current_status": "ACTI",
  "end_semester": null,
  "english_fluency": "",
  "is_canadian": false,
  "modified_by": null,
  "mother_tongue": "",
  "passport_issued_by": "",
  "person": 36,
  "program": 3,
  "research_area": "E\u00faphfgmvology",
  "slug": "0ggg10-mscthesis",
  "start_semester": 157,
  "updated_at": "2019-05-13T15:27:56.252"
 },
 "model": "grad.gradstudent",
 "pk": 21
},
{
 "fields": {
  "campus": "OFFST",
  "comments": "",
  "config": "{}",
  "created_at": "2019-05-13T15:27:56.360",
  "created_by": "",
  "current_status": "ACTI",
  "end_semester": null,
  "english_fluency": "",
  "is_canadian": null,
  "modified_by": null,
  "mother_tongue": "",
  "passport_issued_by": "",
  "person": 44,
  "program": 2,
  "research_area": "Xmwziq\u00efbology",
  "slug": "0ggg14-mscproj",
  "start_semester": 160,
  "updated_at": "2019-05-13T15:27:56.564"
 },
 "model": "grad.gradstudent",
 "pk": 22
},
{
 "fields": {
  "campus": "GNWC",
  "comments": "",
  "config": "{}",
  "created_at": "2019-05-13T15:27:56.706",
  "created_by": "",
  "current_status": "ACTI",
  "end_semester": null,
  "english_fluency": "",
  "is_canadian": false,
  "modified_by": null,
  "mother_tongue": "",
  "passport_issued_by": "",
  "person": 20,
  "program": 3,
  "research_area": "R\u00eazlpqsrology",
  "slug": "0ggg2-mscthesis",
  "start_semester": 161,
  "updated_at": "2019-05-13T15:27:56.900"
 },
 "model": "grad.gradstudent",
 "pk": 23
},
{
 "fields": {
  "campus": "SURRY",
  "comments": "",
  "config": "{}",
  "created_at": "2019-05-13T15:27:56.990",
  "created_by": "",
  "current_status": "ACTI",
  "end_semester": null,
  "english_fluency": "",
  "is_canadian": null,
  "modified_by": null,
  "mother_tongue": "",
  "passport_issued_by": "",
  "person": 34,
  "program": 1,
  "research_area": "Srpkysdiology",
  "slug": "0ggg9-msccourse-2",
  "start_semester": 160,
  "updated_at": "2019-05-13T15:27:57.145"
 },
 "model": "grad.gradstudent",
 "pk": 24
},
{
 "fields": {
  "campus": "OFFST",
  "comments": "",
  "config": "{}",
  "created_at": "2019-05-13T15:27:57.268",
  "created_by": "",
  "current_status": "ACTI",
  "end_semester": null,
  "english_fluency": "",
  "is_canadian": false,
  "modified_by": null,
  "mother_tongue": "",
  "passport_issued_by": "",
  "person": 46,
  "program": 4,
  "research_area": "Ixbqcop\u00efology",
  "slug": "0ggg15-phd",
  "start_semester": 156,
  "updated_at": "2019-05-13T15:27:57.449"
 },
 "model": "grad.gradstudent",
 "pk": 25
},
{
 "fields": {
  "config": "{}",
  "program": 5,
  "start_semester": 155,
  "starting": "2019-05-13",
  "student": 1
 },
 "model": "grad.gradprogramhistory",
 "pk": 1
},
{
 "fields": {
  "config": "{}",
  "program": 1,
  "start_semester": 155,
  "starting": "2019-05-13",
  "student": 2
 },
 "model": "grad.gradprogramhistory",
 "pk": 2
},
{
 "fields": {
  "config": "{}",
  "program": 3,
  "start_semester": 161,
  "starting": "2019-05-13",
  "student": 3
 },
 "model": "grad.gradprogramhistory",
 "pk": 3
},
{
 "fields": {
  "config": "{}",
  "program": 2,
  "start_semester": 165,
  "starting": "2019-05-13",
  "student": 3
 },
 "model": "grad.gradprogramhistory",
 "pk": 4
},
{
 "fields": {
  "config": "{}",
  "program": 1,
  "start_semester": 157,
  "starting": "2019-05-13",
  "student": 4
 },
 "model": "grad.gradprogramhistory",
 "pk": 5
},
{
 "fields": {
  "config": "{}",
  "program": 2,
  "start_semester": 158,
  "starting": "2019-05-13",
  "student": 5
 },
 "model": "grad.gradprogramhistory",
 "pk": 6
},
{
 "fields": {
  "config": "{}",
  "program": 6,
  "start_semester": 159,
  "starting": "2019-05-13",
  "student": 5
 },
 "model": "grad.gradprogramhistory",
 "pk": 7
},
{
 "fields": {
  "config": "{}",
  "program": 4,
  "start_semester": 162,
  "starting": "2019-05-13",
  "student": 6
 },
 "model": "grad.gradprogramhistory",
 "pk": 8
},
{
 "fields": {
  "config": "{}",
  "program": 5,
  "start_semester": 155,
  "starting": "2019-05-13",
  "student": 7
 },
 "model": "grad.gradprogramhistory",
 "pk": 9
},
{
 "fields": {
  "config": "{}",
  "program": 2,
  "start_semester": 159,
  "starting": "2019-05-13",
  "student": 8
 },
 "model": "grad.gradprogramhistory",
 "pk": 10
},
{
 "fields": {
  "config": "{}",
  "program": 4,
  "start_semester": 159,
  "starting": "2019-05-13",
  "student": 9
 },
 "model": "grad.gradprogramhistory",
 "pk": 11
},
{
 "fields": {
  "config": "{}",
  "program": 3,
  "start_semester": 157,
  "starting": "2019-05-13",
  "student": 10
 },
 "model": "grad.gradprogramhistory",
 "pk": 12
},
{
 "fields": {
  "config": "{}",
  "program": 5,
  "start_semester": 162,
  "starting": "2019-05-13",
  "student": 11
 },
 "model": "grad.gradprogramhistory",
 "pk": 13
},
{
 "fields": {
  "config": "{}",
  "program": 5,
  "start_semester": 158,
  "starting": "2019-05-13",
  "student": 12
 },
 "model": "grad.gradprogramhistory",
 "pk": 14
},
{
 "fields": {
  "config": "{}",
  "program": 2,
  "start_semester": 156,
  "starting": "2019-05-13",
  "student": 13
 },
 "model": "grad.gradprogramhistory",
 "pk": 15
},
{
 "fields": {
  "config": "{}",
  "program": 2,
  "start_semester": 161,
  "starting": "2019-05-13",
  "student": 14
 },
 "model": "grad.gradprogramhistory",
 "pk": 16
},
{
 "fields": {
  "config": "{}",
  "program": 6,
  "start_semester": 158,
  "starting": "2019-05-13",
  "student": 15
 },
 "model": "grad.gradprogramhistory",
 "pk": 17
},
{
 "fields": {
  "config": "{}",
  "program": 4,
  "start_semester": 159,
  "starting": "2019-05-13",
  "student": 16
 },
 "model": "grad.gradprogramhistory",
 "pk": 18
},
{
 "fields": {
  "config": "{}",
  "program": 5,
  "start_semester": 162,
  "starting": "2019-05-13",
  "student": 16
 },
 "model": "grad.gradprogramhistory",
 "pk": 19
},
{
 "fields": {
  "config": "{}",
  "program": 6,
  "start_semester": 158,
  "starting": "2019-05-13",
  "student": 17
 },
 "model": "grad.gradprogramhistory",
 "pk": 20
},
{
 "fields": {
  "config": "{}",
  "program": 3,
  "start_semester": 161,
  "starting": "2019-05-13",
  "student": 17
 },
 "model": "grad.gradprogramhistory",
 "pk": 21
},
{
 "fields": {
  "config": "{}",
  "program": 4,
  "start_semester": 157,
  "starting": "2019-05-13",
  "student": 18
 },
 "model": "grad.gradprogramhistory",
 "pk": 22
},
{
 "fields": {
  "config": "{}",
  "program": 2,
  "start_semester": 159,
  "starting": "2019-05-13",
  "student": 19
 },
 "model": "grad.gradprogramhistory",
 "pk": 23
},
{
 "fields": {
  "config": "{}",
  "program": 5,
  "start_semester": 161,
  "starting": "2019-05-13",
  "student": 20
 },
 "model": "grad.gradprogramhistory",
 "pk": 24
},
{
 "fields": {
  "config": "{}",
  "program": 3,
  "start_semester": 157,
  "starting": "2019-05-13",
  "student": 21
 },
 "model": "grad.gradprogramhistory",
 "pk": 25
},
{
 "fields": {
  "config": "{}",
  "program": 3,
  "start_semester": 160,
  "starting": "2019-05-13",
  "student": 22
 },
 "model": "grad.gradprogramhistory",
 "pk": 26
},
{
 "fields": {
  "config": "{}",
  "program": 2,
  "start_semester": 162,
  "starting": "2019-05-13",
  "student": 22
 },
 "model": "grad.gradprogramhistory",
 "pk": 27
},
{
 "fields": {
  "config": "{}",
  "program": 3,
  "start_semester": 161,
  "starting": "2019-05-13",
  "student": 23
 },
 "model": "grad.gradprogramhistory",
 "pk": 28
},
{
 "fields": {
  "config": "{}",
  "program": 1,
  "start_semester": 160,
  "starting": "2019-05-13",
  "student": 24
 },
 "model": "grad.gradprogramhistory",
 "pk": 29
},
{
 "fields": {
  "config": "{}",
  "program": 1,
  "start_semester": 156,
  "starting": "2019-05-13",
  "student": 25
 },
 "model": "grad.gradprogramhistory",
 "pk": 30
},
{
 "fields": {
  "config": "{}",
  "program": 4,
  "start_semester": 158,
  "starting": "2019-05-13",
  "student": 25
 },
 "model": "grad.gradprogramhistory",
 "pk": 31
},
{
 "fields": {
  "config": "{}",
  "created_at": "2019-05-13T15:27:50.135",
  "end": 155,
  "hidden": false,
  "notes": "",
  "start": 155,
  "start_date": "2016-09-26",
  "status": "COMP",
  "student": 1,
  "updated_at": "2019-05-13T15:27:50.203"
 },
 "model": "grad.gradstatus",
 "pk": 1
},
{
 "fields": {
  "config": "{}",
  "created_at": "2019-05-13T15:27:50.190",
  "end": 155,
  "hidden": false,
  "notes": "",
  "start": 155,
  "start_date": "2016-10-16",
  "status": "OFFO",
  "student": 1,
  "updated_at": "2019-05-13T15:27:50.257"
 },
 "model": "grad.gradstatus",
 "pk": 2
},
{
 "fields": {
  "config": "{}",
  "created_at": "2019-05-13T15:27:50.237",
  "end": 162,
  "hidden": false,
  "notes": "",
  "start": 155,
  "start_date": "2017-01-04",
  "status": "ACTI",
  "student": 1,
  "updated_at": "2019-05-13T15:27:50.325"
 },
 "model": "grad.gradstatus",
 "pk": 3
},
{
 "fields": {
  "config": "{}",
  "created_at": "2019-05-13T15:27:50.312",
  "end": null,
  "hidden": false,
  "notes": "",
  "start": 162,
  "start_date": "2019-05-06",
  "status": "WIDR",
  "student": 1,
  "updated_at": "2019-05-13T15:27:50.312"
 },
 "model": "grad.gradstatus",
 "pk": 4
},
{
 "fields": {
  "config": "{}",
  "created_at": "2019-05-13T15:27:50.529",
  "end": 155,
  "hidden": false,
  "notes": "",
  "start": 155,
  "start_date": "2016-09-26",
  "status": "COMP",
  "student": 2,
  "updated_at": "2019-05-13T15:27:50.600"
 },
 "model": "grad.gradstatus",
 "pk": 5
},
{
 "fields": {
  "config": "{}",
  "created_at": "2019-05-13T15:27:50.586",
  "end": null,
  "hidden": false,
  "notes": "",
  "start": 155,
  "start_date": "2016-10-16",
  "status": "REJE",
  "student": 2,
  "updated_at": "2019-05-13T15:27:50.586"
 },
 "model": "grad.gradstatus",
 "pk": 6
},
{
 "fields": {
  "config": "{}",
  "created_at": "2019-05-13T15:27:50.816",
  "end": 161,
  "hidden": false,
  "notes": "",
  "start": 161,
  "start_date": "2018-09-25",
  "status": "COMP",
  "student": 3,
  "updated_at": "2019-05-13T15:27:50.877"
 },
 "model": "grad.gradstatus",
 "pk": 7
},
{
 "fields": {
  "config": "{}",
  "created_at": "2019-05-13T15:27:50.863",
  "end": null,
  "hidden": false,
  "notes": "",
  "start": 161,
  "start_date": "2018-10-15",
  "status": "REJE",
  "student": 3,
  "updated_at": "2019-05-13T15:27:50.863"
 },
 "model": "grad.gradstatus",
 "pk": 8
},
{
 "fields": {
  "config": "{}",
  "created_at": "2019-05-13T15:27:51.019",
  "end": 157,
  "hidden": false,
  "notes": "",
  "start": 157,
  "start_date": "2017-05-28",
  "status": "COMP",
  "student": 4,
  "updated_at": "2019-05-13T15:27:51.064"
 },
 "model": "grad.gradstatus",
 "pk": 9
},
{
 "fields": {
  "config": "{}",
  "created_at": "2019-05-13T15:27:51.051",
  "end": 157,
  "hidden": false,
  "notes": "",
  "start": 157,
  "start_date": "2017-06-17",
  "status": "OFFO",
  "student": 4,
  "updated_at": "2019-05-13T15:27:51.140"
 },
 "model": "grad.gradstatus",
 "pk": 10
},
{
 "fields": {
  "config": "{}",
  "created_at": "2019-05-13T15:27:51.122",
  "end": null,
  "hidden": false,
  "notes": "",
  "start": 157,
  "start_date": "2017-09-05",
  "status": "ACTI",
  "student": 4,
  "updated_at": "2019-05-13T15:27:51.122"
 },
 "model": "grad.gradstatus",
 "pk": 11
},
{
 "fields": {
  "config": "{}",
  "created_at": "2019-05-13T15:27:51.317",
  "end": 158,
  "hidden": false,
  "notes": "",
  "start": 158,
  "start_date": "2017-09-25",
  "status": "COMP",
  "student": 5,
  "updated_at": "2019-05-13T15:27:51.389"
 },
 "model": "grad.gradstatus",
 "pk": 12
},
{
 "fields": {
  "config": "{}",
  "created_at": "2019-05-13T15:27:51.375",
  "end": 158,
  "hidden": false,
  "notes": "",
  "start": 158,
  "start_date": "2017-10-15",
  "status": "OFFO",
  "student": 5,
  "updated_at": "2019-05-13T15:27:51.439"
 },
 "model": "grad.gradstatus",
 "pk": 13
},
{
 "fields": {
  "config": "{}",
  "created_at": "2019-05-13T15:27:51.425",
  "end": null,
  "hidden": false,
  "notes": "",
  "start": 158,
  "start_date": "2018-01-03",
  "status": "ACTI",
  "student": 5,
  "updated_at": "2019-05-13T15:27:51.425"
 },
 "model": "grad.gradstatus",
 "pk": 14
},
{
 "fields": {
  "config": "{}",
  "created_at": "2019-05-13T15:27:51.582",
  "end": 162,
  "hidden": false,
  "notes": "",
  "start": 162,
  "start_date": "2019-01-26",
  "status": "COMP",
  "student": 6,
  "updated_at": "2019-05-13T15:27:51.660"
 },
 "model": "grad.gradstatus",
 "pk": 15
},
{
 "fields": {
  "config": "{}",
  "created_at": "2019-05-13T15:27:51.642",
  "end": null,
  "hidden": false,
  "notes": "",
  "start": 162,
  "start_date": "2019-02-15",
  "status": "REJE",
  "student": 6,
  "updated_at": "2019-05-13T15:27:51.642"
 },
 "model": "grad.gradstatus",
 "pk": 16
},
{
 "fields": {
  "config": "{}",
  "created_at": "2019-05-13T15:27:51.841",
  "end": 155,
  "hidden": false,
  "notes": "",
  "start": 155,
  "start_date": "2016-09-26",
  "status": "COMP",
  "student": 7,
  "updated_at": "2019-05-13T15:27:51.913"
 },
 "model": "grad.gradstatus",
 "pk": 17
},
{
 "fields": {
  "config": "{}",
  "created_at": "2019-05-13T15:27:51.892",
  "end": 155,
  "hidden": false,
  "notes": "",
  "start": 155,
  "start_date": "2016-10-16",
  "status": "OFFO",
  "student": 7,
  "updated_at": "2019-05-13T15:27:51.972"
 },
 "model": "grad.gradstatus",
 "pk": 18
},
{
 "fields": {
  "config": "{}",
  "created_at": "2019-05-13T15:27:51.959",
  "end": null,
  "hidden": false,
  "notes": "",
  "start": 155,
  "start_date": "2017-01-04",
  "status": "ACTI",
  "student": 7,
  "updated_at": "2019-05-13T15:27:51.959"
 },
 "model": "grad.gradstatus",
 "pk": 19
},
{
 "fields": {
  "config": "{}",
  "created_at": "2019-05-13T15:27:52.116",
  "end": 159,
  "hidden": false,
  "notes": "",
  "start": 159,
  "start_date": "2018-01-27",
  "status": "COMP",
  "student": 8,
  "updated_at": "2019-05-13T15:27:52.185"
 },
 "model": "grad.gradstatus",
 "pk": 20
},
{
 "fields": {
  "config": "{}",
  "created_at": "2019-05-13T15:27:52.171",
  "end": 159,
  "hidden": false,
  "notes": "",
  "start": 159,
  "start_date": "2018-02-16",
  "status": "OFFO",
  "student": 8,
  "updated_at": "2019-05-13T15:27:52.233"
 },
 "model": "grad.gradstatus",
 "pk": 21
},
{
 "fields": {
  "config": "{}",
  "created_at": "2019-05-13T15:27:52.220",
  "end": null,
  "hidden": false,
  "notes": "",
  "start": 159,
  "start_date": "2018-05-07",
  "status": "ACTI",
  "student": 8,
  "updated_at": "2019-05-13T15:27:52.220"
 },
 "model": "grad.gradstatus",
 "pk": 22
},
{
 "fields": {
  "config": "{}",
  "created_at": "2019-05-13T15:27:52.449",
  "end": 159,
  "hidden": false,
  "notes": "",
  "start": 159,
  "start_date": "2018-01-27",
  "status": "COMP",
  "student": 9,
  "updated_at": "2019-05-13T15:27:52.519"
 },
 "model": "grad.gradstatus",
 "pk": 23
},
{
 "fields": {
  "config": "{}",
  "created_at": "2019-05-13T15:27:52.505",
  "end": 159,
  "hidden": false,
  "notes": "",
  "start": 159,
  "start_date": "2018-02-16",
  "status": "OFFO",
  "student": 9,
  "updated_at": "2019-05-13T15:27:52.581"
 },
 "model": "grad.gradstatus",
 "pk": 24
},
{
 "fields": {
  "config": "{}",
  "created_at": "2019-05-13T15:27:52.557",
  "end": 166,
  "hidden": false,
  "notes": "",
  "start": 159,
  "start_date": "2018-05-07",
  "status": "ACTI",
  "student": 9,
  "updated_at": "2019-05-13T15:27:52.651"
 },
 "model": "grad.gradstatus",
 "pk": 25
},
{
 "fields": {
  "config": "{}",
  "created_at": "2019-05-13T15:27:52.637",
  "end": null,
  "hidden": false,
  "notes": "",
  "start": 166,
  "start_date": "2020-09-08",
  "status": "WIDR",
  "student": 9,
  "updated_at": "2019-05-13T15:27:52.637"
 },
 "model": "grad.gradstatus",
 "pk": 26
},
{
 "fields": {
  "config": "{}",
  "created_at": "2019-05-13T15:27:52.808",
  "end": 157,
  "hidden": false,
  "notes": "",
  "start": 157,
  "start_date": "2017-05-28",
  "status": "COMP",
  "student": 10,
  "updated_at": "2019-05-13T15:27:52.879"
 },
 "model": "grad.gradstatus",
 "pk": 27
},
{
 "fields": {
  "config": "{}",
  "created_at": "2019-05-13T15:27:52.865",
  "end": 157,
  "hidden": false,
  "notes": "",
  "start": 157,
  "start_date": "2017-06-17",
  "status": "OFFO",
  "student": 10,
  "updated_at": "2019-05-13T15:27:52.933"
 },
 "model": "grad.gradstatus",
 "pk": 28
},
{
 "fields": {
  "config": "{}",
  "created_at": "2019-05-13T15:27:52.912",
  "end": null,
  "hidden": false,
  "notes": "",
  "start": 157,
  "start_date": "2017-09-05",
  "status": "ACTI",
  "student": 10,
  "updated_at": "2019-05-13T15:27:52.912"
 },
 "model": "grad.gradstatus",
 "pk": 29
},
{
 "fields": {
  "config": "{}",
  "created_at": "2019-05-13T15:27:53.097",
  "end": 162,
  "hidden": false,
  "notes": "",
  "start": 162,
  "start_date": "2019-01-26",
  "status": "COMP",
  "student": 11,
  "updated_at": "2019-05-13T15:27:53.145"
 },
 "model": "grad.gradstatus",
 "pk": 30
},
{
 "fields": {
  "config": "{}",
  "created_at": "2019-05-13T15:27:53.131",
  "end": 162,
  "hidden": false,
  "notes": "",
  "start": 162,
  "start_date": "2019-02-15",
  "status": "OFFO",
  "student": 11,
  "updated_at": "2019-05-13T15:27:53.199"
 },
 "model": "grad.gradstatus",
 "pk": 31
},
{
 "fields": {
  "config": "{}",
  "created_at": "2019-05-13T15:27:53.184",
  "end": null,
  "hidden": false,
  "notes": "",
  "start": 162,
  "start_date": "2019-05-06",
  "status": "ACTI",
  "student": 11,
  "updated_at": "2019-05-13T15:27:53.184"
 },
 "model": "grad.gradstatus",
 "pk": 32
},
{
 "fields": {
  "config": "{}",
  "created_at": "2019-05-13T15:27:53.367",
  "end": 158,
  "hidden": false,
  "notes": "",
  "start": 158,
  "start_date": "2017-09-25",
  "status": "COMP",
  "student": 12,
  "updated_at": "2019-05-13T15:27:53.442"
 },
 "model": "grad.gradstatus",
 "pk": 33
},
{
 "fields": {
  "config": "{}",
  "created_at": "2019-05-13T15:27:53.422",
  "end": 158,
  "hidden": false,
  "notes": "",
  "start": 158,
  "start_date": "2017-10-15",
  "status": "OFFO",
  "student": 12,
  "updated_at": "2019-05-13T15:27:53.510"
 },
 "model": "grad.gradstatus",
 "pk": 34
},
{
 "fields": {
  "config": "{}",
  "created_at": "2019-05-13T15:27:53.496",
  "end": 161,
  "hidden": false,
  "notes": "",
  "start": 158,
  "start_date": "2018-01-03",
  "status": "ACTI",
  "student": 12,
  "updated_at": "2019-05-13T15:27:53.561"
 },
 "model": "grad.gradstatus",
 "pk": 35
},
{
 "fields": {
  "config": "{}",
  "created_at": "2019-05-13T15:27:53.546",
  "end": null,
  "hidden": false,
  "notes": "",
  "start": 161,
  "start_date": "2019-01-03",
  "status": "WIDR",
  "student": 12,
  "updated_at": "2019-05-13T15:27:53.547"
 },
 "model": "grad.gradstatus",
 "pk": 36
},
{
 "fields": {
  "config": "{}",
  "created_at": "2019-05-13T15:27:53.705",
  "end": 156,
  "hidden": false,
  "notes": "",
  "start": 156,
  "start_date": "2017-01-28",
  "status": "COMP",
  "student": 13,
  "updated_at": "2019-05-13T15:27:53.750"
 },
 "model": "grad.gradstatus",
 "pk": 37
},
{
 "fields": {
  "config": "{}",
  "created_at": "2019-05-13T15:27:53.737",
  "end": 156,
  "hidden": false,
  "notes": "",
  "start": 156,
  "start_date": "2017-02-17",
  "status": "OFFO",
  "student": 13,
  "updated_at": "2019-05-13T15:27:53.803"
 },
 "model": "grad.gradstatus",
 "pk": 38
},
{
 "fields": {
  "config": "{}",
  "created_at": "2019-05-13T15:27:53.781",
  "end": 163,
  "hidden": false,
  "notes": "",
  "start": 156,
  "start_date": "2017-05-08",
  "status": "ACTI",
  "student": 13,
  "updated_at": "2019-05-13T15:27:53.869"
 },
 "model": "grad.gradstatus",
 "pk": 39
},
{
 "fields": {
  "config": "{}",
  "created_at": "2019-05-13T15:27:53.857",
  "end": null,
  "hidden": false,
  "notes": "",
  "start": 163,
  "start_date": "2019-09-03",
  "status": "WIDR",
  "student": 13,
  "updated_at": "2019-05-13T15:27:53.857"
 },
 "model": "grad.gradstatus",
 "pk": 40
},
{
 "fields": {
  "config": "{}",
  "created_at": "2019-05-13T15:27:54.041",
  "end": 161,
  "hidden": false,
  "notes": "",
  "start": 161,
  "start_date": "2018-09-25",
  "status": "COMP",
  "student": 14,
  "updated_at": "2019-05-13T15:27:54.109"
 },
 "model": "grad.gradstatus",
 "pk": 41
},
{
 "fields": {
  "config": "{}",
  "created_at": "2019-05-13T15:27:54.097",
  "end": 161,
  "hidden": false,
  "notes": "",
  "start": 161,
  "start_date": "2018-10-15",
  "status": "OFFO",
  "student": 14,
  "updated_at": "2019-05-13T15:27:54.178"
 },
 "model": "grad.gradstatus",
 "pk": 42
},
{
 "fields": {
  "config": "{}",
  "created_at": "2019-05-13T15:27:54.164",
  "end": null,
  "hidden": false,
  "notes": "",
  "start": 161,
  "start_date": "2019-01-03",
  "status": "ACTI",
  "student": 14,
  "updated_at": "2019-05-13T15:27:54.164"
 },
 "model": "grad.gradstatus",
 "pk": 43
},
{
 "fields": {
  "config": "{}",
  "created_at": "2019-05-13T15:27:54.319",
  "end": 158,
  "hidden": false,
  "notes": "",
  "start": 158,
  "start_date": "2017-09-25",
  "status": "COMP",
  "student": 15,
  "updated_at": "2019-05-13T15:27:54.402"
 },
 "model": "grad.gradstatus",
 "pk": 44
},
{
 "fields": {
  "config": "{}",
  "created_at": "2019-05-13T15:27:54.380",
  "end": null,
  "hidden": false,
  "notes": "",
  "start": 158,
  "start_date": "2017-10-15",
  "status": "REJE",
  "student": 15,
  "updated_at": "2019-05-13T15:27:54.380"
 },
 "model": "grad.gradstatus",
 "pk": 45
},
{
 "fields": {
  "config": "{}",
  "created_at": "2019-05-13T15:27:54.604",
  "end": 159,
  "hidden": false,
  "notes": "",
  "start": 159,
  "start_date": "2018-01-27",
  "status": "COMP",
  "student": 16,
  "updated_at": "2019-05-13T15:27:54.676"
 },
 "model": "grad.gradstatus",
 "pk": 46
},
{
 "fields": {
  "config": "{}",
  "created_at": "2019-05-13T15:27:54.662",
  "end": 159,
  "hidden": false,
  "notes": "",
  "start": 159,
  "start_date": "2018-02-16",
  "status": "OFFO",
  "student": 16,
  "updated_at": "2019-05-13T15:27:54.740"
 },
 "model": "grad.gradstatus",
 "pk": 47
},
{
 "fields": {
  "config": "{}",
  "created_at": "2019-05-13T15:27:54.715",
  "end": 162,
  "hidden": false,
  "notes": "",
  "start": 159,
  "start_date": "2018-05-07",
  "status": "ACTI",
  "student": 16,
  "updated_at": "2019-05-13T15:27:54.801"
 },
 "model": "grad.gradstatus",
 "pk": 48
},
{
 "fields": {
  "config": "{}",
  "created_at": "2019-05-13T15:27:54.782",
  "end": null,
  "hidden": false,
  "notes": "",
  "start": 162,
  "start_date": "2019-05-06",
  "status": "WIDR",
  "student": 16,
  "updated_at": "2019-05-13T15:27:54.782"
 },
 "model": "grad.gradstatus",
 "pk": 49
},
{
 "fields": {
  "config": "{}",
  "created_at": "2019-05-13T15:27:54.932",
  "end": 158,
  "hidden": false,
  "notes": "",
  "start": 158,
  "start_date": "2017-09-25",
  "status": "COMP",
  "student": 17,
  "updated_at": "2019-05-13T15:27:54.984"
 },
 "model": "grad.gradstatus",
 "pk": 50
},
{
 "fields": {
  "config": "{}",
  "created_at": "2019-05-13T15:27:54.969",
  "end": null,
  "hidden": false,
  "notes": "",
  "start": 158,
  "start_date": "2017-10-15",
  "status": "REJE",
  "student": 17,
  "updated_at": "2019-05-13T15:27:54.969"
 },
 "model": "grad.gradstatus",
 "pk": 51
},
{
 "fields": {
  "config": "{}",
  "created_at": "2019-05-13T15:27:55.134",
  "end": 157,
  "hidden": false,
  "notes": "",
  "start": 157,
  "start_date": "2017-05-28",
  "status": "COMP",
  "student": 18,
  "updated_at": "2019-05-13T15:27:55.208"
 },
 "model": "grad.gradstatus",
 "pk": 52
},
{
 "fields": {
  "config": "{}",
  "created_at": "2019-05-13T15:27:55.191",
  "end": 157,
  "hidden": false,
  "notes": "",
  "start": 157,
  "start_date": "2017-06-17",
  "status": "OFFO",
  "student": 18,
  "updated_at": "2019-05-13T15:27:55.262"
 },
 "model": "grad.gradstatus",
 "pk": 53
},
{
 "fields": {
  "config": "{}",
  "created_at": "2019-05-13T15:27:55.240",
  "end": 161,
  "hidden": false,
  "notes": "",
  "start": 157,
  "start_date": "2017-09-05",
  "status": "ACTI",
  "student": 18,
  "updated_at": "2019-05-13T15:27:55.331"
 },
 "model": "grad.gradstatus",
 "pk": 54
},
{
 "fields": {
  "config": "{}",
  "created_at": "2019-05-13T15:27:55.317",
  "end": null,
  "hidden": false,
  "notes": "",
  "start": 161,
  "start_date": "2019-01-03",
  "status": "WIDR",
  "student": 18,
  "updated_at": "2019-05-13T15:27:55.317"
 },
 "model": "grad.gradstatus",
 "pk": 55
},
{
 "fields": {
  "config": "{}",
  "created_at": "2019-05-13T15:27:55.521",
  "end": 159,
  "hidden": false,
  "notes": "",
  "start": 159,
  "start_date": "2018-01-27",
  "status": "COMP",
  "student": 19,
  "updated_at": "2019-05-13T15:27:55.593"
 },
 "model": "grad.gradstatus",
 "pk": 56
},
{
 "fields": {
  "config": "{}",
  "created_at": "2019-05-13T15:27:55.579",
  "end": null,
  "hidden": false,
  "notes": "",
  "start": 159,
  "start_date": "2018-02-16",
  "status": "REJE",
  "student": 19,
  "updated_at": "2019-05-13T15:27:55.579"
 },
 "model": "grad.gradstatus",
 "pk": 57
},
{
 "fields": {
  "config": "{}",
  "created_at": "2019-05-13T15:27:55.792",
  "end": 161,
  "hidden": false,
  "notes": "",
  "start": 161,
  "start_date": "2018-09-25",
  "status": "COMP",
  "student": 20,
  "updated_at": "2019-05-13T15:27:55.866"
 },
 "model": "grad.gradstatus",
 "pk": 58
},
{
 "fields": {
  "config": "{}",
  "created_at": "2019-05-13T15:27:55.852",
  "end": 161,
  "hidden": false,
  "notes": "",
  "start": 161,
  "start_date": "2018-10-15",
  "status": "OFFO",
  "student": 20,
  "updated_at": "2019-05-13T15:27:55.916"
 },
 "model": "grad.gradstatus",
 "pk": 59
},
{
 "fields": {
  "config": "{}",
  "created_at": "2019-05-13T15:27:55.903",
  "end": null,
  "hidden": false,
  "notes": "",
  "start": 161,
  "start_date": "2019-01-03",
  "status": "ACTI",
  "student": 20,
  "updated_at": "2019-05-13T15:27:55.903"
 },
 "model": "grad.gradstatus",
 "pk": 60
},
{
 "fields": {
  "config": "{}",
  "created_at": "2019-05-13T15:27:56.074",
  "end": 157,
  "hidden": false,
  "notes": "",
  "start": 157,
  "start_date": "2017-05-28",
  "status": "COMP",
  "student": 21,
  "updated_at": "2019-05-13T15:27:56.145"
 },
 "model": "grad.gradstatus",
 "pk": 61
},
{
 "fields": {
  "config": "{}",
  "created_at": "2019-05-13T15:27:56.133",
  "end": 157,
  "hidden": false,
  "notes": "",
  "start": 157,
  "start_date": "2017-06-17",
  "status": "OFFO",
  "student": 21,
  "updated_at": "2019-05-13T15:27:56.209"
 },
 "model": "grad.gradstatus",
 "pk": 62
},
{
 "fields": {
  "config": "{}",
  "created_at": "2019-05-13T15:27:56.189",
  "end": null,
  "hidden": false,
  "notes": "",
  "start": 157,
  "start_date": "2017-09-05",
  "status": "ACTI",
  "student": 21,
  "updated_at": "2019-05-13T15:27:56.189"
 },
 "model": "grad.gradstatus",
 "pk": 63
},
{
 "fields": {
  "config": "{}",
  "created_at": "2019-05-13T15:27:56.406",
  "end": 160,
  "hidden": false,
  "notes": "",
  "start": 160,
  "start_date": "2018-05-27",
  "status": "COMP",
  "student": 22,
  "updated_at": "2019-05-13T15:27:56.475"
 },
 "model": "grad.gradstatus",
 "pk": 64
},
{
 "fields": {
  "config": "{}",
  "created_at": "2019-05-13T15:27:56.461",
  "end": 160,
  "hidden": false,
  "notes": "",
  "start": 160,
  "start_date": "2018-06-16",
  "status": "OFFO",
  "student": 22,
  "updated_at": "2019-05-13T15:27:56.540"
 },
 "model": "grad.gradstatus",
 "pk": 65
},
{
 "fields": {
  "config": "{}",
  "created_at": "2019-05-13T15:27:56.526",
  "end": 164,
  "hidden": false,
  "notes": "",
  "start": 160,
  "start_date": "2018-09-04",
  "status": "ACTI",
  "student": 22,
  "updated_at": "2019-05-13T15:27:56.594"
 },
 "model": "grad.gradstatus",
 "pk": 66
},
{
 "fields": {
  "config": "{}",
  "created_at": "2019-05-13T15:27:56.576",
  "end": null,
  "hidden": false,
  "notes": "",
  "start": 164,
  "start_date": "2020-01-06",
  "status": "WIDR",
  "student": 22,
  "updated_at": "2019-05-13T15:27:56.576"
 },
 "model": "grad.gradstatus",
 "pk": 67
},
{
 "fields": {
  "config": "{}",
  "created_at": "2019-05-13T15:27:56.732",
  "end": 161,
  "hidden": false,
  "notes": "",
  "start": 161,
  "start_date": "2018-09-25",
  "status": "COMP",
  "student": 23,
  "updated_at": "2019-05-13T15:27:56.800"
 },
 "model": "grad.gradstatus",
 "pk": 68
},
{
 "fields": {
  "config": "{}",
  "created_at": "2019-05-13T15:27:56.782",
  "end": 161,
  "hidden": false,
  "notes": "",
  "start": 161,
  "start_date": "2018-10-15",
  "status": "OFFO",
  "student": 23,
  "updated_at": "2019-05-13T15:27:56.862"
 },
 "model": "grad.gradstatus",
 "pk": 69
},
{
 "fields": {
  "config": "{}",
  "created_at": "2019-05-13T15:27:56.849",
  "end": null,
  "hidden": false,
  "notes": "",
  "start": 161,
  "start_date": "2019-01-03",
  "status": "ACTI",
  "student": 23,
  "updated_at": "2019-05-13T15:27:56.849"
 },
 "model": "grad.gradstatus",
 "pk": 70
},
{
 "fields": {
  "config": "{}",
  "created_at": "2019-05-13T15:27:57.012",
  "end": 160,
  "hidden": false,
  "notes": "",
  "start": 160,
  "start_date": "2018-05-27",
  "status": "COMP",
  "student": 24,
  "updated_at": "2019-05-13T15:27:57.076"
 },
 "model": "grad.gradstatus",
 "pk": 71
},
{
 "fields": {
  "config": "{}",
  "created_at": "2019-05-13T15:27:57.063",
  "end": 160,
  "hidden": false,
  "notes": "",
  "start": 160,
  "start_date": "2018-06-16",
  "status": "OFFO",
  "student": 24,
  "updated_at": "2019-05-13T15:27:57.121"
 },
 "model": "grad.gradstatus",
 "pk": 72
},
{
 "fields": {
  "config": "{}",
  "created_at": "2019-05-13T15:27:57.109",
  "end": 165,
  "hidden": false,
  "notes": "",
  "start": 160,
  "start_date": "2018-09-04",
  "status": "ACTI",
  "student": 24,
  "updated_at": "2019-05-13T15:27:57.171"
 },
 "model": "grad.gradstatus",
 "pk": 73
},
{
 "fields": {
  "config": "{}",
  "created_at": "2019-05-13T15:27:57.157",
  "end": null,
  "hidden": false,
  "notes": "",
  "start": 165,
  "start_date": "2020-05-11",
  "status": "WIDR",
  "student": 24,
  "updated_at": "2019-05-13T15:27:57.157"
 },
 "model": "grad.gradstatus",
 "pk": 74
},
{
 "fields": {
  "config": "{}",
  "created_at": "2019-05-13T15:27:57.309",
  "end": 156,
  "hidden": false,
  "notes": "",
  "start": 156,
  "start_date": "2017-01-28",
  "status": "COMP",
  "student": 25,
  "updated_at": "2019-05-13T15:27:57.375"
 },
 "model": "grad.gradstatus",
 "pk": 75
},
{
 "fields": {
  "config": "{}",
  "created_at": "2019-05-13T15:27:57.360",
  "end": 156,
  "hidden": false,
  "notes": "",
  "start": 156,
  "start_date": "2017-02-17",
  "status": "OFFO",
  "student": 25,
  "updated_at": "2019-05-13T15:27:57.424"
 },
 "model": "grad.gradstatus",
 "pk": 76
},
{
 "fields": {
  "config": "{}",
  "created_at": "2019-05-13T15:27:57.410",
  "end": null,
  "hidden": false,
  "notes": "",
  "start": 156,
  "start_date": "2017-05-08",
  "status": "ACTI",
  "student": 25,
  "updated_at": "2019-05-13T15:27:57.410"
 },
 "model": "grad.gradstatus",
 "pk": 77
},
{
 "fields": {
  "amount": "2000.00",
  "comments": null,
  "end_semester": 157,
  "removed": false,
  "scholarship_type": 1,
  "start_semester": 155,
  "student": 1
 },
 "model": "grad.scholarship",
 "pk": 1
},
{
 "fields": {
  "amount": "2000.00",
  "comments": null,
  "end_semester": 157,
  "removed": false,
  "scholarship_type": 1,
  "start_semester": 155,
  "student": 2
 },
 "model": "grad.scholarship",
 "pk": 2
},
{
 "fields": {
  "amount": "2000.00",
  "comments": null,
  "end_semester": 163,
  "removed": false,
  "scholarship_type": 2,
  "start_semester": 161,
  "student": 3
 },
 "model": "grad.scholarship",
 "pk": 3
},
{
 "fields": {
  "amount": "2000.00",
  "comments": null,
  "end_semester": 159,
  "removed": false,
  "scholarship_type": 1,
  "start_semester": 157,
  "student": 4
 },
 "model": "grad.scholarship",
 "pk": 4
},
{
 "fields": {
  "amount": "2000.00",
  "comments": null,
  "end_semester": 160,
  "removed": false,
  "scholarship_type": 2,
  "start_semester": 158,
  "student": 5
 },
 "model": "grad.scholarship",
 "pk": 5
},
{
 "fields": {
  "amount": "2000.00",
  "comments": null,
  "end_semester": 164,
  "removed": false,
  "scholarship_type": 1,
  "start_semester": 162,
  "student": 6
 },
 "model": "grad.scholarship",
 "pk": 6
},
{
 "fields": {
  "amount": "2000.00",
  "comments": null,
  "end_semester": 157,
  "removed": false,
  "scholarship_type": 2,
  "start_semester": 155,
  "student": 7
 },
 "model": "grad.scholarship",
 "pk": 7
},
{
 "fields": {
  "amount": "2000.00",
  "comments": null,
  "end_semester": 161,
  "removed": false,
  "scholarship_type": 2,
  "start_semester": 159,
  "student": 8
 },
 "model": "grad.scholarship",
 "pk": 8
},
{
 "fields": {
  "amount": "2000.00",
  "comments": null,
  "end_semester": 161,
  "removed": false,
  "scholarship_type": 2,
  "start_semester": 159,
  "student": 9
 },
 "model": "grad.scholarship",
 "pk": 9
},
{
 "fields": {
  "amount": "2000.00",
  "comments": null,
  "end_semester": 159,
  "removed": false,
  "scholarship_type": 2,
  "start_semester": 157,
  "student": 10
 },
 "model": "grad.scholarship",
 "pk": 10
},
{
 "fields": {
  "amount": "2000.00",
  "comments": null,
  "end_semester": 164,
  "removed": false,
  "scholarship_type": 1,
  "start_semester": 162,
  "student": 11
 },
 "model": "grad.scholarship",
 "pk": 11
},
{
 "fields": {
  "amount": "2000.00",
  "comments": null,
  "end_semester": 160,
  "removed": false,
  "scholarship_type": 2,
  "start_semester": 158,
  "student": 12
 },
 "model": "grad.scholarship",
 "pk": 12
},
{
 "fields": {
  "amount": "2000.00",
  "comments": null,
  "end_semester": 158,
  "removed": false,
  "scholarship_type": 2,
  "start_semester": 156,
  "student": 13
 },
 "model": "grad.scholarship",
 "pk": 13
},
{
 "fields": {
  "amount": "2000.00",
  "comments": null,
  "end_semester": 163,
  "removed": false,
  "scholarship_type": 2,
  "start_semester": 161,
  "student": 14
 },
 "model": "grad.scholarship",
 "pk": 14
},
{
 "fields": {
  "amount": "2000.00",
  "comments": null,
  "end_semester": 160,
  "removed": false,
  "scholarship_type": 2,
  "start_semester": 158,
  "student": 15
 },
 "model": "grad.scholarship",
 "pk": 15
},
{
 "fields": {
  "amount": "2000.00",
  "comments": null,
  "end_semester": 161,
  "removed": false,
  "scholarship_type": 2,
  "start_semester": 159,
  "student": 16
 },
 "model": "grad.scholarship",
 "pk": 16
},
{
 "fields": {
  "amount": "2000.00",
  "comments": null,
  "end_semester": 160,
  "removed": false,
  "scholarship_type": 1,
  "start_semester": 158,
  "student": 17
 },
 "model": "grad.scholarship",
 "pk": 17
},
{
 "fields": {
  "amount": "2000.00",
  "comments": null,
  "end_semester": 159,
  "removed": false,
  "scholarship_type": 1,
  "start_semester": 157,
  "student": 18
 },
 "model": "grad.scholarship",
 "pk": 18
},
{
 "fields": {
  "amount": "2000.00",
  "comments": null,
  "end_semester": 161,
  "removed": false,
  "scholarship_type": 1,
  "start_semester": 159,
  "student": 19
 },
 "model": "grad.scholarship",
 "pk": 19
},
{
 "fields": {
  "amount": "2000.00",
  "comments": null,
  "end_semester": 163,
  "removed": false,
  "scholarship_type": 2,
  "start_semester": 161,
  "student": 20
 },
 "model": "grad.scholarship",
 "pk": 20
},
{
 "fields": {
  "amount": "2000.00",
  "comments": null,
  "end_semester": 159,
  "removed": false,
  "scholarship_type": 2,
  "start_semester": 157,
  "student": 21
 },
 "model": "grad.scholarship",
 "pk": 21
},
{
 "fields": {
  "amount": "2000.00",
  "comments": null,
  "end_semester": 162,
  "removed": false,
  "scholarship_type": 2,
  "start_semester": 160,
  "student": 22
 },
 "model": "grad.scholarship",
 "pk": 22
},
{
 "fields": {
  "amount": "2000.00",
  "comments": null,
  "end_semester": 163,
  "removed": false,
  "scholarship_type": 2,
  "start_semester": 161,
  "student": 23
 },
 "model": "grad.scholarship",
 "pk": 23
},
{
 "fields": {
  "amount": "2000.00",
  "comments": null,
  "end_semester": 162,
  "removed": false,
  "scholarship_type": 2,
  "start_semester": 160,
  "student": 24
 },
 "model": "grad.scholarship",
 "pk": 24
},
{
 "fields": {
  "amount": "2000.00",
  "comments": null,
  "end_semester": 158,
  "removed": false,
  "scholarship_type": 2,
  "start_semester": 156,
  "student": 25
 },
 "model": "grad.scholarship",
 "pk": 25
},
{
 "fields": {
  "amount": "1300.00",
  "comments": null,
  "description": "Money fell from the sky",
  "eligible": true,
  "removed": false,
  "semester": 158,
  "student": 1
 },
 "model": "grad.otherfunding",
 "pk": 1
},
{
 "fields": {
  "amount": "1300.00",
  "comments": null,
  "description": "Money fell from the sky",
  "eligible": true,
  "removed": false,
  "semester": 158,
  "student": 2
 },
 "model": "grad.otherfunding",
 "pk": 2
},
{
 "fields": {
  "amount": "1300.00",
  "comments": null,
  "description": "Money fell from the sky",
  "eligible": true,
  "removed": false,
  "semester": 164,
  "student": 3
 },
 "model": "grad.otherfunding",
 "pk": 3
},
{
 "fields": {
  "amount": "1300.00",
  "comments": null,
  "description": "Money fell from the sky",
  "eligible": true,
  "removed": false,
  "semester": 160,
  "student": 4
 },
 "model": "grad.otherfunding",
 "pk": 4
},
{
 "fields": {
  "amount": "1300.00",
  "comments": null,
  "description": "Money fell from the sky",
  "eligible": true,
  "removed": false,
  "semester": 161,
  "student": 5
 },
 "model": "grad.otherfunding",
 "pk": 5
},
{
 "fields": {
  "amount": "1300.00",
  "comments": null,
  "description": "Money fell from the sky",
  "eligible": true,
  "removed": false,
  "semester": 165,
  "student": 6
 },
 "model": "grad.otherfunding",
 "pk": 6
},
{
 "fields": {
  "amount": "1300.00",
  "comments": null,
  "description": "Money fell from the sky",
  "eligible": true,
  "removed": false,
  "semester": 158,
  "student": 7
 },
 "model": "grad.otherfunding",
 "pk": 7
},
{
 "fields": {
  "amount": "1300.00",
  "comments": null,
  "description": "Money fell from the sky",
  "eligible": true,
  "removed": false,
  "semester": 162,
  "student": 8
 },
 "model": "grad.otherfunding",
 "pk": 8
},
{
 "fields": {
  "amount": "1300.00",
  "comments": null,
  "description": "Money fell from the sky",
  "eligible": true,
  "removed": false,
  "semester": 162,
  "student": 9
 },
 "model": "grad.otherfunding",
 "pk": 9
},
{
 "fields": {
  "amount": "1300.00",
  "comments": null,
  "description": "Money fell from the sky",
  "eligible": true,
  "removed": false,
  "semester": 160,
  "student": 10
 },
 "model": "grad.otherfunding",
 "pk": 10
},
{
 "fields": {
  "amount": "1300.00",
  "comments": null,
  "description": "Money fell from the sky",
  "eligible": true,
  "removed": false,
  "semester": 165,
  "student": 11
 },
 "model": "grad.otherfunding",
 "pk": 11
},
{
 "fields": {
  "amount": "1300.00",
  "comments": null,
  "description": "Money fell from the sky",
  "eligible": true,
  "removed": false,
  "semester": 161,
  "student": 12
 },
 "model": "grad.otherfunding",
 "pk": 12
},
{
 "fields": {
  "amount": "1300.00",
  "comments": null,
  "description": "Money fell from the sky",
  "eligible": true,
  "removed": false,
  "semester": 159,
  "student": 13
 },
 "model": "grad.otherfunding",
 "pk": 13
},
{
 "fields": {
  "amount": "1300.00",
  "comments": null,
  "description": "Money fell from the sky",
  "eligible": true,
  "removed": false,
  "semester": 164,
  "student": 14
 },
 "model": "grad.otherfunding",
 "pk": 14
},
{
 "fields": {
  "amount": "1300.00",
  "comments": null,
  "description": "Money fell from the sky",
  "eligible": true,
  "removed": false,
  "semester": 161,
  "student": 15
 },
 "model": "grad.otherfunding",
 "pk": 15
},
{
 "fields": {
  "amount": "1300.00",
  "comments": null,
  "description": "Money fell from the sky",
  "eligible": true,
  "removed": false,
  "semester": 162,
  "student": 16
 },
 "model": "grad.otherfunding",
 "pk": 16
},
{
 "fields": {
  "amount": "1300.00",
  "comments": null,
  "description": "Money fell from the sky",
  "eligible": true,
  "removed": false,
  "semester": 161,
  "student": 17
 },
 "model": "grad.otherfunding",
 "pk": 17
},
{
 "fields": {
  "amount": "1300.00",
  "comments": null,
  "description": "Money fell from the sky",
  "eligible": true,
  "removed": false,
  "semester": 160,
  "student": 18
 },
 "model": "grad.otherfunding",
 "pk": 18
},
{
 "fields": {
  "amount": "1300.00",
  "comments": null,
  "description": "Money fell from the sky",
  "eligible": true,
  "removed": false,
  "semester": 162,
  "student": 19
 },
 "model": "grad.otherfunding",
 "pk": 19
},
{
 "fields": {
  "amount": "1300.00",
  "comments": null,
  "description": "Money fell from the sky",
  "eligible": true,
  "removed": false,
  "semester": 164,
  "student": 20
 },
 "model": "grad.otherfunding",
 "pk": 20
},
{
 "fields": {
  "amount": "1300.00",
  "comments": null,
  "description": "Money fell from the sky",
  "eligible": true,
  "removed": false,
  "semester": 160,
  "student": 21
 },
 "model": "grad.otherfunding",
 "pk": 21
},
{
 "fields": {
  "amount": "1300.00",
  "comments": null,
  "description": "Money fell from the sky",
  "eligible": true,
  "removed": false,
  "semester": 163,
  "student": 22
 },
 "model": "grad.otherfunding",
 "pk": 22
},
{
 "fields": {
  "amount": "1300.00",
  "comments": null,
  "description": "Money fell from the sky",
  "eligible": true,
  "removed": false,
  "semester": 164,
  "student": 23
 },
 "model": "grad.otherfunding",
 "pk": 23
},
{
 "fields": {
  "amount": "1300.00",
  "comments": null,
  "description": "Money fell from the sky",
  "eligible": true,
  "removed": false,
  "semester": 163,
  "student": 24
 },
 "model": "grad.otherfunding",
 "pk": 24
},
{
 "fields": {
  "amount": "1300.00",
  "comments": null,
  "description": "Money fell from the sky",
  "eligible": true,
  "removed": false,
  "semester": 159,
  "student": 25
 },
 "model": "grad.otherfunding",
 "pk": 25
},
{
 "fields": {
  "amount": "10000.00",
  "comments": null,
  "end_semester": 156,
  "removed": false,
  "start_semester": 155,
  "student": 1
 },
 "model": "grad.promise",
 "pk": 1
},
{
 "fields": {
  "amount": "10000.00",
  "comments": null,
  "end_semester": 158,
  "removed": false,
  "start_semester": 157,
  "student": 1
 },
 "model": "grad.promise",
 "pk": 2
},
{
 "fields": {
  "amount": "10000.00",
  "comments": null,
  "end_semester": 156,
  "removed": false,
  "start_semester": 155,
  "student": 2
 },
 "model": "grad.promise",
 "pk": 3
},
{
 "fields": {
  "amount": "10000.00",
  "comments": null,
  "end_semester": 158,
  "removed": false,
  "start_semester": 157,
  "student": 2
 },
 "model": "grad.promise",
 "pk": 4
},
{
 "fields": {
  "amount": "10000.00",
  "comments": null,
  "end_semester": 162,
  "removed": false,
  "start_semester": 161,
  "student": 3
 },
 "model": "grad.promise",
 "pk": 5
},
{
 "fields": {
  "amount": "10000.00",
  "comments": null,
  "end_semester": 164,
  "removed": false,
  "start_semester": 163,
  "student": 3
 },
 "model": "grad.promise",
 "pk": 6
},
{
 "fields": {
  "amount": "10000.00",
  "comments": null,
  "end_semester": 158,
  "removed": false,
  "start_semester": 157,
  "student": 4
 },
 "model": "grad.promise",
 "pk": 7
},
{
 "fields": {
  "amount": "10000.00",
  "comments": null,
  "end_semester": 160,
  "removed": false,
  "start_semester": 159,
  "student": 4
 },
 "model": "grad.promise",
 "pk": 8
},
{
 "fields": {
  "amount": "10000.00",
  "comments": null,
  "end_semester": 159,
  "removed": false,
  "start_semester": 158,
  "student": 5
 },
 "model": "grad.promise",
 "pk": 9
},
{
 "fields": {
  "amount": "10000.00",
  "comments": null,
  "end_semester": 161,
  "removed": false,
  "start_semester": 160,
  "student": 5
 },
 "model": "grad.promise",
 "pk": 10
},
{
 "fields": {
  "amount": "10000.00",
  "comments": null,
  "end_semester": 163,
  "removed": false,
  "start_semester": 162,
  "student": 6
 },
 "model": "grad.promise",
 "pk": 11
},
{
 "fields": {
  "amount": "10000.00",
  "comments": null,
  "end_semester": 165,
  "removed": false,
  "start_semester": 164,
  "student": 6
 },
 "model": "grad.promise",
 "pk": 12
},
{
 "fields": {
  "amount": "10000.00",
  "comments": null,
  "end_semester": 156,
  "removed": false,
  "start_semester": 155,
  "student": 7
 },
 "model": "grad.promise",
 "pk": 13
},
{
 "fields": {
  "amount": "10000.00",
  "comments": null,
  "end_semester": 158,
  "removed": false,
  "start_semester": 157,
  "student": 7
 },
 "model": "grad.promise",
 "pk": 14
},
{
 "fields": {
  "amount": "10000.00",
  "comments": null,
  "end_semester": 160,
  "removed": false,
  "start_semester": 159,
  "student": 8
 },
 "model": "grad.promise",
 "pk": 15
},
{
 "fields": {
  "amount": "10000.00",
  "comments": null,
  "end_semester": 162,
  "removed": false,
  "start_semester": 161,
  "student": 8
 },
 "model": "grad.promise",
 "pk": 16
},
{
 "fields": {
  "amount": "10000.00",
  "comments": null,
  "end_semester": 160,
  "removed": false,
  "start_semester": 159,
  "student": 9
 },
 "model": "grad.promise",
 "pk": 17
},
{
 "fields": {
  "amount": "10000.00",
  "comments": null,
  "end_semester": 162,
  "removed": false,
  "start_semester": 161,
  "student": 9
 },
 "model": "grad.promise",
 "pk": 18
},
{
 "fields": {
  "amount": "10000.00",
  "comments": null,
  "end_semester": 158,
  "removed": false,
  "start_semester": 157,
  "student": 10
 },
 "model": "grad.promise",
 "pk": 19
},
{
 "fields": {
  "amount": "10000.00",
  "comments": null,
  "end_semester": 160,
  "removed": false,
  "start_semester": 159,
  "student": 10
 },
 "model": "grad.promise",
 "pk": 20
},
{
 "fields": {
  "amount": "10000.00",
  "comments": null,
  "end_semester": 163,
  "removed": false,
  "start_semester": 162,
  "student": 11
 },
 "model": "grad.promise",
 "pk": 21
},
{
 "fields": {
  "amount": "10000.00",
  "comments": null,
  "end_semester": 165,
  "removed": false,
  "start_semester": 164,
  "student": 11
 },
 "model": "grad.promise",
 "pk": 22
},
{
 "fields": {
  "amount": "10000.00",
  "comments": null,
  "end_semester": 159,
  "removed": false,
  "start_semester": 158,
  "student": 12
 },
 "model": "grad.promise",
 "pk": 23
},
{
 "fields": {
  "amount": "10000.00",
  "comments": null,
  "end_semester": 161,
  "removed": false,
  "start_semester": 160,
  "student": 12
 },
 "model": "grad.promise",
 "pk": 24
},
{
 "fields": {
  "amount": "10000.00",
  "comments": null,
  "end_semester": 157,
  "removed": false,
  "start_semester": 156,
  "student": 13
 },
 "model": "grad.promise",
 "pk": 25
},
{
 "fields": {
  "amount": "10000.00",
  "comments": null,
  "end_semester": 159,
  "removed": false,
  "start_semester": 158,
  "student": 13
 },
 "model": "grad.promise",
 "pk": 26
},
{
 "fields": {
  "amount": "10000.00",
  "comments": null,
  "end_semester": 162,
  "removed": false,
  "start_semester": 161,
  "student": 14
 },
 "model": "grad.promise",
 "pk": 27
},
{
 "fields": {
  "amount": "10000.00",
  "comments": null,
  "end_semester": 164,
  "removed": false,
  "start_semester": 163,
  "student": 14
 },
 "model": "grad.promise",
 "pk": 28
},
{
 "fields": {
  "amount": "10000.00",
  "comments": null,
  "end_semester": 159,
  "removed": false,
  "start_semester": 158,
  "student": 15
 },
 "model": "grad.promise",
 "pk": 29
},
{
 "fields": {
  "amount": "10000.00",
  "comments": null,
  "end_semester": 161,
  "removed": false,
  "start_semester": 160,
  "student": 15
 },
 "model": "grad.promise",
 "pk": 30
},
{
 "fields": {
  "amount": "10000.00",
  "comments": null,
  "end_semester": 160,
  "removed": false,
  "start_semester": 159,
  "student": 16
 },
 "model": "grad.promise",
 "pk": 31
},
{
 "fields": {
  "amount": "10000.00",
  "comments": null,
  "end_semester": 162,
  "removed": false,
  "start_semester": 161,
  "student": 16
 },
 "model": "grad.promise",
 "pk": 32
},
{
 "fields": {
  "amount": "10000.00",
  "comments": null,
  "end_semester": 159,
  "removed": false,
  "start_semester": 158,
  "student": 17
 },
 "model": "grad.promise",
 "pk": 33
},
{
 "fields": {
  "amount": "10000.00",
  "comments": null,
  "end_semester": 161,
  "removed": false,
  "start_semester": 160,
  "student": 17
 },
 "model": "grad.promise",
 "pk": 34
},
{
 "fields": {
  "amount": "10000.00",
  "comments": null,
  "end_semester": 158,
  "removed": false,
  "start_semester": 157,
  "student": 18
 },
 "model": "grad.promise",
 "pk": 35
},
{
 "fields": {
  "amount": "10000.00",
  "comments": null,
  "end_semester": 160,
  "removed": false,
  "start_semester": 159,
  "student": 18
 },
 "model": "grad.promise",
 "pk": 36
},
{
 "fields": {
  "amount": "10000.00",
  "comments": null,
  "end_semester": 160,
  "removed": false,
  "start_semester": 159,
  "student": 19
 },
 "model": "grad.promise",
 "pk": 37
},
{
 "fields": {
  "amount": "10000.00",
  "comments": null,
  "end_semester": 162,
  "removed": false,
  "start_semester": 161,
  "student": 19
 },
 "model": "grad.promise",
 "pk": 38
},
{
 "fields": {
  "amount": "10000.00",
  "comments": null,
  "end_semester": 162,
  "removed": false,
  "start_semester": 161,
  "student": 20
 },
 "model": "grad.promise",
 "pk": 39
},
{
 "fields": {
  "amount": "10000.00",
  "comments": null,
  "end_semester": 164,
  "removed": false,
  "start_semester": 163,
  "student": 20
 },
 "model": "grad.promise",
 "pk": 40
},
{
 "fields": {
  "amount": "10000.00",
  "comments": null,
  "end_semester": 158,
  "removed": false,
  "start_semester": 157,
  "student": 21
 },
 "model": "grad.promise",
 "pk": 41
},
{
 "fields": {
  "amount": "10000.00",
  "comments": null,
  "end_semester": 160,
  "removed": false,
  "start_semester": 159,
  "student": 21
 },
 "model": "grad.promise",
 "pk": 42
},
{
 "fields": {
  "amount": "10000.00",
  "comments": null,
  "end_semester": 161,
  "removed": false,
  "start_semester": 160,
  "student": 22
 },
 "model": "grad.promise",
 "pk": 43
},
{
 "fields": {
  "amount": "10000.00",
  "comments": null,
  "end_semester": 163,
  "removed": false,
  "start_semester": 162,
  "student": 22
 },
 "model": "grad.promise",
 "pk": 44
},
{
 "fields": {
  "amount": "10000.00",
  "comments": null,
  "end_semester": 162,
  "removed": false,
  "start_semester": 161,
  "student": 23
 },
 "model": "grad.promise",
 "pk": 45
},
{
 "fields": {
  "amount": "10000.00",
  "comments": null,
  "end_semester": 164,
  "removed": false,
  "start_semester": 163,
  "student": 23
 },
 "model": "grad.promise",
 "pk": 46
},
{
 "fields": {
  "amount": "10000.00",
  "comments": null,
  "end_semester": 161,
  "removed": false,
  "start_semester": 160,
  "student": 24
 },
 "model": "grad.promise",
 "pk": 47
},
{
 "fields": {
  "amount": "10000.00",
  "comments": null,
  "end_semester": 163,
  "removed": false,
  "start_semester": 162,
  "student": 24
 },
 "model": "grad.promise",
 "pk": 48
},
{
 "fields": {
  "amount": "10000.00",
  "comments": null,
  "end_semester": 157,
  "removed": false,
  "start_semester": 156,
  "student": 25
 },
 "model": "grad.promise",
 "pk": 49
},
{
 "fields": {
  "amount": "10000.00",
  "comments": null,
  "end_semester": 159,
  "removed": false,
  "start_semester": 158,
  "student": 25
 },
 "model": "grad.promise",
 "pk": 50
},
{
 "fields": {
  "created_at": "2019-05-13T15:27:52.067",
  "date": null,
  "notes": null,
  "removed": false,
  "requirement": 7,
  "semester": 156,
  "student": 7,
  "updated_at": "2019-05-13T15:27:52.067"
 },
 "model": "grad.completedrequirement",
 "pk": 1
},
{
 "fields": {
  "created_at": "2019-05-13T15:27:52.747",
  "date": null,
  "notes": null,
  "removed": false,
  "requirement": 7,
  "semester": 160,
  "student": 9,
  "updated_at": "2019-05-13T15:27:52.747"
 },
 "model": "grad.completedrequirement",
 "pk": 2
},
{
 "fields": {
  "created_at": "2019-05-13T15:27:53.058",
  "date": null,
  "notes": null,
  "removed": false,
  "requirement": 7,
  "semester": 158,
  "student": 10,
  "updated_at": "2019-05-13T15:27:53.058"
 },
 "model": "grad.completedrequirement",
 "pk": 3
},
{
 "fields": {
  "created_at": "2019-05-13T15:27:53.938",
  "date": null,
  "notes": null,
  "removed": false,
  "requirement": 7,
  "semester": 157,
  "student": 13,
  "updated_at": "2019-05-13T15:27:53.938"
 },
 "model": "grad.completedrequirement",
 "pk": 4
},
{
 "fields": {
  "created_at": "2019-05-13T15:27:54.523",
  "date": null,
  "notes": null,
  "removed": false,
  "requirement": 7,
  "semester": 159,
  "student": 15,
  "updated_at": "2019-05-13T15:27:54.523"
 },
 "model": "grad.completedrequirement",
 "pk": 5
},
{
 "fields": {
  "created_at": "2019-05-13T15:27:55.444",
  "date": null,
  "notes": null,
  "removed": false,
  "requirement": 7,
  "semester": 158,
  "student": 18,
  "updated_at": "2019-05-13T15:27:55.444"
 },
 "model": "grad.completedrequirement",
 "pk": 6
},
{
 "fields": {
  "created_at": "2019-05-13T15:27:55.698",
  "date": null,
  "notes": null,
  "removed": false,
  "requirement": 7,
  "semester": 160,
  "student": 19,
  "updated_at": "2019-05-13T15:27:55.699"
 },
 "model": "grad.completedrequirement",
 "pk": 7
},
{
 "fields": {
  "created_at": "2019-05-13T15:27:56.667",
  "date": null,
  "notes": null,
  "removed": false,
  "requirement": 7,
  "semester": 161,
  "student": 22,
  "updated_at": "2019-05-13T15:27:56.667"
 },
 "model": "grad.completedrequirement",
 "pk": 8
},
{
 "fields": {
  "flag": 2,
  "student": 2,
  "value": true
 },
 "model": "grad.gradflagvalue",
 "pk": 1
},
{
 "fields": {
  "flag": 2,
  "student": 5,
  "value": true
 },
 "model": "grad.gradflagvalue",
 "pk": 2
},
{
 "fields": {
  "flag": 2,
  "student": 8,
  "value": true
 },
 "model": "grad.gradflagvalue",
 "pk": 3
},
{
 "fields": {
  "flag": 2,
  "student": 9,
  "value": true
 },
 "model": "grad.gradflagvalue",
 "pk": 4
},
{
 "fields": {
  "flag": 2,
  "student": 13,
  "value": true
 },
 "model": "grad.gradflagvalue",
 "pk": 5
},
{
 "fields": {
  "flag": 2,
  "student": 14,
  "value": true
 },
 "model": "grad.gradflagvalue",
 "pk": 6
},
{
 "fields": {
  "flag": 2,
  "student": 15,
  "value": true
 },
 "model": "grad.gradflagvalue",
 "pk": 7
},
{
 "fields": {
  "flag": 2,
  "student": 22,
  "value": true
 },
 "model": "grad.gradflagvalue",
 "pk": 8
},
{
 "fields": {
  "flag": 2,
  "student": 23,
  "value": true
 },
 "model": "grad.gradflagvalue",
 "pk": 9
},
{
 "fields": {
  "config": "{}",
  "created_at": "2019-05-13T15:27:50.448",
  "created_by": "",
  "external": null,
  "modified_by": null,
  "removed": false,
  "student": 1,
  "supervisor": 8,
  "supervisor_type": "POT",
  "updated_at": "2019-05-13T15:27:50.449"
 },
 "model": "grad.supervisor",
 "pk": 1
},
{
 "fields": {
  "config": "{}",
  "created_at": "2019-05-13T15:27:50.463",
  "created_by": "",
  "external": null,
  "modified_by": null,
  "removed": false,
  "student": 1,
  "supervisor": 8,
  "supervisor_type": "SEN",
  "updated_at": "2019-05-13T15:27:50.464"
 },
 "model": "grad.supervisor",
 "pk": 2
},
{
 "fields": {
  "config": "{}",
  "created_at": "2019-05-13T15:27:50.478",
  "created_by": "",
  "external": null,
  "modified_by": null,
  "removed": false,
  "student": 1,
  "supervisor": 1,
  "supervisor_type": "COM",
  "updated_at": "2019-05-13T15:27:50.479"
 },
 "model": "grad.supervisor",
 "pk": 3
},
{
 "fields": {
  "config": "{}",
  "created_at": "2019-05-13T15:27:50.706",
  "created_by": "",
  "external": null,
  "modified_by": null,
  "removed": false,
  "student": 2,
  "supervisor": 13,
  "supervisor_type": "POT",
  "updated_at": "2019-05-13T15:27:50.707"
 },
 "model": "grad.supervisor",
 "pk": 4
},
{
 "fields": {
  "config": "{}",
  "created_at": "2019-05-13T15:27:50.720",
  "created_by": "",
  "external": null,
  "modified_by": null,
  "removed": false,
  "student": 2,
  "supervisor": 13,
  "supervisor_type": "SEN",
  "updated_at": "2019-05-13T15:27:50.721"
 },
 "model": "grad.supervisor",
 "pk": 5
},
{
 "fields": {
  "config": "{}",
  "created_at": "2019-05-13T15:27:50.734",
  "created_by": "",
  "external": null,
  "modified_by": null,
  "removed": false,
  "student": 2,
  "supervisor": 11,
  "supervisor_type": "COM",
  "updated_at": "2019-05-13T15:27:50.736"
 },
 "model": "grad.supervisor",
 "pk": 6
},
{
 "fields": {
  "config": "{}",
  "created_at": "2019-05-13T15:27:50.956",
  "created_by": "",
  "external": null,
  "modified_by": null,
  "removed": false,
  "student": 3,
  "supervisor": 7,
  "supervisor_type": "POT",
  "updated_at": "2019-05-13T15:27:50.957"
 },
 "model": "grad.supervisor",
 "pk": 7
},
{
 "fields": {
  "config": "{}",
  "created_at": "2019-05-13T15:27:50.968",
  "created_by": "",
  "external": null,
  "modified_by": null,
  "removed": false,
  "student": 3,
  "supervisor": 7,
  "supervisor_type": "SEN",
  "updated_at": "2019-05-13T15:27:50.968"
 },
 "model": "grad.supervisor",
 "pk": 8
},
{
 "fields": {
  "config": "{}",
  "created_at": "2019-05-13T15:27:50.979",
  "created_by": "",
  "external": null,
  "modified_by": null,
  "removed": false,
  "student": 3,
  "supervisor": 12,
  "supervisor_type": "COM",
  "updated_at": "2019-05-13T15:27:50.980"
 },
 "model": "grad.supervisor",
 "pk": 9
},
{
 "fields": {
  "config": "{}",
  "created_at": "2019-05-13T15:27:51.248",
  "created_by": "",
  "external": null,
  "modified_by": null,
  "removed": false,
  "student": 4,
  "supervisor": 8,
  "supervisor_type": "POT",
  "updated_at": "2019-05-13T15:27:51.249"
 },
 "model": "grad.supervisor",
 "pk": 10
},
{
 "fields": {
  "config": "{}",
  "created_at": "2019-05-13T15:27:51.765",
  "created_by": "",
  "external": null,
  "modified_by": null,
  "removed": false,
  "student": 6,
  "supervisor": 9,
  "supervisor_type": "POT",
  "updated_at": "2019-05-13T15:27:51.766"
 },
 "model": "grad.supervisor",
 "pk": 11
},
{
 "fields": {
  "config": "{}",
  "created_at": "2019-05-13T15:27:51.777",
  "created_by": "",
  "external": null,
  "modified_by": null,
  "removed": false,
  "student": 6,
  "supervisor": 9,
  "supervisor_type": "SEN",
  "updated_at": "2019-05-13T15:27:51.778"
 },
 "model": "grad.supervisor",
 "pk": 12
},
{
 "fields": {
  "config": "{}",
  "created_at": "2019-05-13T15:27:51.791",
  "created_by": "",
  "external": null,
  "modified_by": null,
  "removed": false,
  "student": 6,
  "supervisor": 8,
  "supervisor_type": "COM",
  "updated_at": "2019-05-13T15:27:51.792"
 },
 "model": "grad.supervisor",
 "pk": 13
},
{
 "fields": {
  "config": "{}",
  "created_at": "2019-05-13T15:27:52.367",
  "created_by": "",
  "external": null,
  "modified_by": null,
  "removed": false,
  "student": 8,
  "supervisor": 7,
  "supervisor_type": "POT",
  "updated_at": "2019-05-13T15:27:52.368"
 },
 "model": "grad.supervisor",
 "pk": 14
},
{
 "fields": {
  "config": "{}",
  "created_at": "2019-05-13T15:27:52.382",
  "created_by": "",
  "external": null,
  "modified_by": null,
  "removed": false,
  "student": 8,
  "supervisor": 7,
  "supervisor_type": "SEN",
  "updated_at": "2019-05-13T15:27:52.383"
 },
 "model": "grad.supervisor",
 "pk": 15
},
{
 "fields": {
  "config": "{}",
  "created_at": "2019-05-13T15:27:52.396",
  "created_by": "",
  "external": null,
  "modified_by": null,
  "removed": false,
  "student": 8,
  "supervisor": 8,
  "supervisor_type": "COM",
  "updated_at": "2019-05-13T15:27:52.398"
 },
 "model": "grad.supervisor",
 "pk": 16
},
{
 "fields": {
  "config": "{}",
  "created_at": "2019-05-13T15:27:53.313",
  "created_by": "",
  "external": null,
  "modified_by": null,
  "removed": false,
  "student": 11,
  "supervisor": 12,
  "supervisor_type": "POT",
  "updated_at": "2019-05-13T15:27:53.315"
 },
 "model": "grad.supervisor",
 "pk": 17
},
{
 "fields": {
  "config": "{}",
  "created_at": "2019-05-13T15:27:53.960",
  "created_by": "",
  "external": null,
  "modified_by": null,
  "removed": false,
  "student": 13,
  "supervisor": 11,
  "supervisor_type": "POT",
  "updated_at": "2019-05-13T15:27:53.962"
 },
 "model": "grad.supervisor",
 "pk": 18
},
{
 "fields": {
  "config": "{}",
  "created_at": "2019-05-13T15:27:53.975",
  "created_by": "",
  "external": null,
  "modified_by": null,
  "removed": false,
  "student": 13,
  "supervisor": 11,
  "supervisor_type": "SEN",
  "updated_at": "2019-05-13T15:27:53.976"
 },
 "model": "grad.supervisor",
 "pk": 19
},
{
 "fields": {
  "config": "{}",
  "created_at": "2019-05-13T15:27:53.990",
  "created_by": "",
  "external": null,
  "modified_by": null,
  "removed": false,
  "student": 13,
  "supervisor": 1,
  "supervisor_type": "COM",
  "updated_at": "2019-05-13T15:27:53.991"
 },
 "model": "grad.supervisor",
 "pk": 20
},
{
 "fields": {
  "config": "{}",
  "created_at": "2019-05-13T15:27:55.094",
  "created_by": "",
  "external": null,
  "modified_by": null,
  "removed": false,
  "student": 17,
  "supervisor": 11,
  "supervisor_type": "POT",
  "updated_at": "2019-05-13T15:27:55.096"
 },
 "model": "grad.supervisor",
 "pk": 21
},
{
 "fields": {
  "config": "{}",
  "created_at": "2019-05-13T15:27:55.455",
  "created_by": "",
  "external": null,
  "modified_by": null,
  "removed": false,
  "student": 18,
  "supervisor": 4,
  "supervisor_type": "POT",
  "updated_at": "2019-05-13T15:27:55.456"
 },
 "model": "grad.supervisor",
 "pk": 22
},
{
 "fields": {
  "config": "{}",
  "created_at": "2019-05-13T15:27:55.711",
  "created_by": "",
  "external": null,
  "modified_by": null,
  "removed": false,
  "student": 19,
  "supervisor": 4,
  "supervisor_type": "POT",
  "updated_at": "2019-05-13T15:27:55.713"
 },
 "model": "grad.supervisor",
 "pk": 23
},
{
 "fields": {
  "config": "{}",
  "created_at": "2019-05-13T15:27:55.726",
  "created_by": "",
  "external": null,
  "modified_by": null,
  "removed": false,
  "student": 19,
  "supervisor": 4,
  "supervisor_type": "SEN",
  "updated_at": "2019-05-13T15:27:55.728"
 },
 "model": "grad.supervisor",
 "pk": 24
},
{
 "fields": {
  "config": "{}",
  "created_at": "2019-05-13T15:27:55.741",
  "created_by": "",
  "external": null,
  "modified_by": null,
  "removed": false,
  "student": 19,
  "supervisor": 7,
  "supervisor_type": "COM",
  "updated_at": "2019-05-13T15:27:55.742"
 },
 "model": "grad.supervisor",
 "pk": 25
},
{
 "fields": {
  "config": "{}",
  "created_at": "2019-05-13T15:27:56.337",
  "created_by": "",
  "external": null,
  "modified_by": null,
  "removed": false,
  "student": 21,
  "supervisor": 1,
  "supervisor_type": "POT",
  "updated_at": "2019-05-13T15:27:56.338"
 },
 "model": "grad.supervisor",
 "pk": 26
},
{
 "fields": {
  "config": "{}",
  "created_at": "2019-05-13T15:27:57.254",
  "created_by": "",
  "external": null,
  "modified_by": null,
  "removed": false,
  "student": 24,
  "supervisor": 1,
  "supervisor_type": "POT",
  "updated_at": "2019-05-13T15:27:57.254"
 },
 "model": "grad.supervisor",
 "pk": 27
},
{
 "fields": {
  "config": "{}",
  "created_at": "2019-05-13T15:27:57.521",
  "created_by": "",
  "external": null,
  "modified_by": null,
  "removed": false,
  "student": 25,
  "supervisor": 14,
  "supervisor_type": "POT",
  "updated_at": "2019-05-13T15:27:57.522"
 },
 "model": "grad.supervisor",
 "pk": 28
},
{
 "fields": {
  "config": "{}",
  "created_at": "2019-05-13T15:27:57.534",
  "created_by": "",
  "external": null,
  "modified_by": null,
  "removed": false,
  "student": 25,
  "supervisor": 14,
  "supervisor_type": "SEN",
  "updated_at": "2019-05-13T15:27:57.535"
 },
 "model": "grad.supervisor",
 "pk": 29
},
{
 "fields": {
  "config": "{}",
  "created_at": "2019-05-13T15:27:57.549",
  "created_by": "",
  "external": null,
  "modified_by": null,
  "removed": false,
  "student": 25,
  "supervisor": 8,
  "supervisor_type": "COM",
  "updated_at": "2019-05-13T15:27:57.550"
 },
 "model": "grad.supervisor",
 "pk": 30
}
]
