[
{
 "fields": {
  "config": "{}",
  "expiry": "2036-01-28",
  "person": 43,
  "role": "GRAD",
  "unit": 5
 },
 "model": "coredata.role",
 "pk": 8
},
{
 "fields": {
  "config": "{}",
  "expiry": "2036-01-28",
  "person": 42,
  "role": "GRPD",
  "unit": 5
 },
 "model": "coredata.role",
 "pk": 9
},
{
 "fields": {
  "created_at": "2026-01-30T10:51:10.990",
  "created_by": "",
  "description": "MSc Course option",
  "expected_completion_terms": 0,
  "grad_category": "OT",
  "hidden": false,
  "label": "MSc Course",
  "modified_by": null,
  "requires_supervisor": false,
  "slug": "msccourse",
  "unit": 5,
  "updated_at": "2026-01-30T10:51:10.990"
 },
 "model": "grad.gradprogram",
 "pk": 1
},
{
 "fields": {
  "created_at": "2026-01-30T10:51:10.991",
  "created_by": "",
  "description": "MSc Project option",
  "expected_completion_terms": 0,
  "grad_category": "OT",
  "hidden": false,
  "label": "MSc Proj",
  "modified_by": null,
  "requires_supervisor": false,
  "slug": "mscproj",
  "unit": 5,
  "updated_at": "2026-01-30T10:51:10.991"
 },
 "model": "grad.gradprogram",
 "pk": 2
},
{
 "fields": {
  "created_at": "2026-01-30T10:51:10.993",
  "created_by": "",
  "description": "MSc Thesis option",
  "expected_completion_terms": 0,
  "grad_category": "OT",
  "hidden": false,
  "label": "MSc Thesis",
  "modified_by": null,
  "requires_supervisor": false,
  "slug": "mscthesis",
  "unit": 5,
  "updated_at": "2026-01-30T10:51:10.993"
 },
 "model": "grad.gradprogram",
 "pk": 3
},
{
 "fields": {
  "created_at": "2026-01-30T10:51:10.994",
  "created_by": "",
  "description": "Doctor of Philosophy",
  "expected_completion_terms": 0,
  "grad_category": "OT",
  "hidden": false,
  "label": "PhD",
  "modified_by": null,
  "requires_supervisor": false,
  "slug": "phd",
  "unit": 5,
  "updated_at": "2026-01-30T10:51:10.994"
 },
 "model": "grad.gradprogram",
 "pk": 4
},
{
 "fields": {
  "created_at": "2026-01-30T10:51:10.995",
  "created_by": "",
  "description": "Qualifying student",
  "expected_completion_terms": 0,
  "grad_category": "OT",
  "hidden": false,
  "label": "Qualifying",
  "modified_by": null,
  "requires_supervisor": false,
  "slug": "qualifying",
  "unit": 5,
  "updated_at": "2026-01-30T10:51:10.995"
 },
 "model": "grad.gradprogram",
 "pk": 5
},
{
 "fields": {
  "created_at": "2026-01-30T10:51:10.996",
  "created_by": "",
  "description": "Special Arrangements",
  "expected_completion_terms": 0,
  "grad_category": "OT",
  "hidden": false,
  "label": "Special",
  "modified_by": null,
  "requires_supervisor": false,
  "slug": "special",
  "unit": 5,
  "updated_at": "2026-01-30T10:51:10.996"
 },
 "model": "grad.gradprogram",
 "pk": 6
},
{
 "fields": {
  "comments": null,
  "eligible": false,
  "hidden": false,
  "name": "Scholarship-o-rama",
  "unit": 5
 },
 "model": "grad.scholarshiptype",
 "pk": 1
},
{
 "fields": {
  "comments": null,
  "eligible": true,
  "hidden": false,
  "name": "Generic Scholarship #8",
  "unit": 5
 },
 "model": "grad.scholarshiptype",
 "pk": 2
},
{
 "fields": {
  "created_at": "2026-01-30T10:51:10.998",
  "description": "Achieved Speciality",
  "hidden": false,
  "program": 6,
  "series": 1,
  "updated_at": "2026-01-30T10:51:10.998"
 },
 "model": "grad.gradrequirement",
 "pk": 1
},
{
 "fields": {
  "created_at": "2026-01-30T10:51:11.001",
  "description": "Found campus",
  "hidden": false,
  "program": 1,
  "series": 2,
  "updated_at": "2026-01-30T10:51:11.001"
 },
 "model": "grad.gradrequirement",
 "pk": 2
},
{
 "fields": {
  "created_at": "2026-01-30T10:51:11.003",
  "description": "Found campus",
  "hidden": false,
  "program": 2,
  "series": 2,
  "updated_at": "2026-01-30T10:51:11.003"
 },
 "model": "grad.gradrequirement",
 "pk": 3
},
{
 "fields": {
  "created_at": "2026-01-30T10:51:11.005",
  "description": "Found campus",
  "hidden": false,
  "program": 3,
  "series": 2,
  "updated_at": "2026-01-30T10:51:11.005"
 },
 "model": "grad.gradrequirement",
 "pk": 4
},
{
 "fields": {
  "created_at": "2026-01-30T10:51:11.007",
  "description": "Found campus",
  "hidden": false,
  "program": 4,
  "series": 2,
  "updated_at": "2026-01-30T10:51:11.007"
 },
 "model": "grad.gradrequirement",
 "pk": 5
},
{
 "fields": {
  "created_at": "2026-01-30T10:51:11.009",
  "description": "Found campus",
  "hidden": false,
  "program": 5,
  "series": 2,
  "updated_at": "2026-01-30T10:51:11.009"
 },
 "model": "grad.gradrequirement",
 "pk": 6
},
{
 "fields": {
  "created_at": "2026-01-30T10:51:11.010",
  "description": "Found campus",
  "hidden": false,
  "program": 6,
  "series": 2,
  "updated_at": "2026-01-30T10:51:11.010"
 },
 "model": "grad.gradrequirement",
 "pk": 7
},
{
 "fields": {
  "config": "{}",
  "content": "Congratulations, {{first_name}}, we would like to offer you admission to the {{program}} program in Computing Science at SFU.\r\n\r\nThis is gööd news. Really.",
  "created_at": "2026-01-30T10:51:10.986",
  "created_by": "",
  "hidden": false,
  "label": "offer",
  "slug": "cmpt-offer",
  "unit": 5
 },
 "model": "grad.lettertemplate",
 "pk": 1
},
{
 "fields": {
  "config": "{}",
  "content": "This is to confirm that {{title}} {{first_name}} {{last_name}} is currently enrolled as a full time student in the {{program}} in the School of Computing Science at SFU.",
  "created_at": "2026-01-30T10:51:10.988",
  "created_by": "",
  "hidden": false,
  "label": "visa",
  "slug": "cmpt-visa",
  "unit": 5
 },
 "model": "grad.lettertemplate",
 "pk": 2
},
{
 "fields": {
  "config": "{}",
  "content": "This is to confirm that {{title}} {{first_name}} {{last_name}} is a student in the School of Computing Science's {{program}} program. {{He_She}} has been employed as follows:\r\n\r\n{% if tafunding %}Teaching assistant responsibilities include providing tutorials, office hours and marking assignments. {{title}} {{last_name}}'s assignments have been:\r\n\r\n{{ tafunding }}{% endif %}\r\n{% if rafunding %}Research assistants assist/provide research services to faculty. {{title}} {{last_name}}'s assignments have been:\r\n\r\n{{ rafunding }}{% endif %}\r\n{% if scholarships %}{{title}} {{last_name}} has received the following scholarships:\r\n\r\n{{ scholarships }}{% endif %}\r\n\r\n{{title}} {{last_name}} is making satisfactory progress.",
  "created_at": "2026-01-30T10:51:10.989",
  "created_by": "",
  "hidden": false,
  "label": "Funding",
  "slug": "cmpt-funding",
  "unit": 5
 },
 "model": "grad.lettertemplate",
 "pk": 3
},
{
 "fields": {
  "label": "Dual Degree Program",
  "unit": 5
 },
 "model": "grad.gradflag",
 "pk": 1
},
{
 "fields": {
  "label": "Co-op",
  "unit": 5
 },
 "model": "grad.gradflag",
 "pk": 2
},
{
 "fields": {
  "campus": "GNWC",
  "comments": "",
  "config": "{}",
  "created_at": "2026-01-30T10:51:11.016",
  "created_by": "",
  "current_status": "WIDR",
  "end_semester": 28,
  "english_fluency": "",
  "is_canadian": false,
  "modified_by": null,
  "mother_tongue": "",
  "passport_issued_by": "",
  "person": 5,
  "program": 5,
  "research_area": "Mthxïqúoology",
  "slug": "0ggg1-qualifying",
  "start_semester": 25,
  "updated_at": "2026-01-30T10:51:11.041"
 },
 "model": "grad.gradstudent",
 "pk": 1
},
{
 "fields": {
  "campus": "SURRY",
  "comments": "",
  "config": "{}",
  "created_at": "2026-01-30T10:51:11.055",
  "created_by": "",
  "current_status": "REJE",
  "end_semester": null,
  "english_fluency": "",
  "is_canadian": true,
  "modified_by": null,
  "mother_tongue": "",
  "passport_issued_by": "",
  "person": 37,
  "program": 4,
  "research_area": "Uõtàkthbology",
  "slug": "0ggg17-phd",
  "start_semester": 24,
  "updated_at": "2026-01-30T10:51:11.069"
 },
 "model": "grad.gradstudent",
 "pk": 2
},
{
 "fields": {
  "campus": "OFFST",
  "comments": "",
  "config": "{}",
  "created_at": "2026-01-30T10:51:11.078",
  "created_by": "",
  "current_status": "ACTI",
  "end_semester": null,
  "english_fluency": "",
  "is_canadian": null,
  "modified_by": null,
  "mother_tongue": "",
  "passport_issued_by": "",
  "person": 31,
  "program": 5,
  "research_area": "Wuonpzpwology",
  "slug": "0ggg14-qualifying",
  "start_semester": 27,
  "updated_at": "2026-01-30T10:51:11.096"
 },
 "model": "grad.gradstudent",
 "pk": 3
},
{
 "fields": {
  "campus": "SURRY",
  "comments": "",
  "config": "{}",
  "created_at": "2026-01-30T10:51:11.107",
  "created_by": "",
  "current_status": "ACTI",
  "end_semester": null,
  "english_fluency": "",
  "is_canadian": null,
  "modified_by": null,
  "mother_tongue": "",
  "passport_issued_by": "",
  "person": 35,
  "program": 5,
  "research_area": "Cixàrdoxology",
  "slug": "0ggg16-qualifying",
  "start_semester": 29,
  "updated_at": "2026-01-30T10:51:11.126"
 },
 "model": "grad.gradstudent",
 "pk": 4
},
{
 "fields": {
  "campus": "OFFST",
  "comments": "",
  "config": "{}",
  "created_at": "2026-01-30T10:51:11.136",
  "created_by": "",
  "current_status": "WIDR",
  "end_semester": 28,
  "english_fluency": "",
  "is_canadian": null,
  "modified_by": null,
  "mother_tongue": "",
  "passport_issued_by": "",
  "person": 11,
  "program": 1,
  "research_area": "Pêõïúucuology",
  "slug": "0ggg4-msccourse",
  "start_semester": 25,
  "updated_at": "2026-01-30T10:51:11.160"
 },
 "model": "grad.gradstudent",
 "pk": 5
},
{
 "fields": {
  "campus": "BRNBY",
  "comments": "",
  "config": "{}",
  "created_at": "2026-01-30T10:51:11.173",
  "created_by": "",
  "current_status": "ACTI",
  "end_semester": null,
  "english_fluency": "",
  "is_canadian": null,
  "modified_by": null,
  "mother_tongue": "",
  "passport_issued_by": "",
  "person": 15,
  "program": 3,
  "research_area": "Leyugogmology",
  "slug": "0ggg6-mscthesis",
  "start_semester": 31,
  "updated_at": "2026-01-30T10:51:11.191"
 },
 "model": "grad.gradstudent",
 "pk": 6
},
{
 "fields": {
  "campus": "GNWC",
  "comments": "",
  "config": "{}",
  "created_at": "2026-01-30T10:51:11.207",
  "created_by": "",
  "current_status": "REJE",
  "end_semester": null,
  "english_fluency": "",
  "is_canadian": true,
  "modified_by": null,
  "mother_tongue": "",
  "passport_issued_by": "",
  "person": 21,
  "program": 3,
  "research_area": "Bnàioïõêology",
  "slug": "0ggg9-mscthesis",
  "start_semester": 27,
  "updated_at": "2026-01-30T10:51:11.220"
 },
 "model": "grad.gradstudent",
 "pk": 7
},
{
 "fields": {
  "campus": "GNWC",
  "comments": "",
  "config": "{}",
  "created_at": "2026-01-30T10:51:11.229",
  "created_by": "",
  "current_status": "ACTI",
  "end_semester": null,
  "english_fluency": "",
  "is_canadian": false,
  "modified_by": null,
  "mother_tongue": "",
  "passport_issued_by": "",
  "person": 17,
  "program": 6,
  "research_area": "Hïlwlmbgology",
  "slug": "0ggg7-special",
  "start_semester": 31,
  "updated_at": "2026-01-30T10:51:11.248"
 },
 "model": "grad.gradstudent",
 "pk": 8
},
{
 "fields": {
  "campus": "VANCR",
  "comments": "",
  "config": "{}",
  "created_at": "2026-01-30T10:51:11.262",
  "created_by": "",
  "current_status": "REJE",
  "end_semester": null,
  "english_fluency": "",
  "is_canadian": false,
  "modified_by": null,
  "mother_tongue": "",
  "passport_issued_by": "",
  "person": 29,
  "program": 5,
  "research_area": "Mryidnpiology",
  "slug": "0ggg13-qualifying",
  "start_semester": 27,
  "updated_at": "2026-01-30T10:51:11.275"
 },
 "model": "grad.gradstudent",
 "pk": 9
},
{
 "fields": {
  "campus": "SURRY",
  "comments": "",
  "config": "{}",
  "created_at": "2026-01-30T10:51:11.287",
  "created_by": "",
  "current_status": "ACTI",
  "end_semester": null,
  "english_fluency": "",
  "is_canadian": null,
  "modified_by": null,
  "mother_tongue": "",
  "passport_issued_by": "",
  "person": 23,
  "program": 4,
  "research_area": "Suêhonvpology",
  "slug": "0ggg10-phd",
  "start_semester": 25,
  "updated_at": "2026-01-30T10:51:11.306"
 },
 "model": "grad.gradstudent",
 "pk": 10
},
{
 "fields": {
  "campus": "METRO",
  "comments": "",
  "config": "{}",
  "created_at": "2026-01-30T10:51:11.320",
  "created_by": "",
  "current_status": "ACTI",
  "end_semester": null,
  "english_fluency": "",
  "is_canadian": null,
  "modified_by": null,
  "mother_tongue": "",
  "passport_issued_by": "",
  "person": 19,
  "program": 2,
  "research_area": "Lêgõàêtyology",
  "slug": "0ggg8-mscproj",
  "start_semester": 29,
  "updated_at": "2026-01-30T10:51:11.339"
 },
 "model": "grad.gradstudent",
 "pk": 11
},
{
 "fields": {
  "campus": "METRO",
  "comments": "",
  "config": "{}",
  "created_at": "2026-01-30T10:51:11.351",
  "created_by": "",
  "current_status": "ACTI",
  "end_semester": null,
  "english_fluency": "",
  "is_canadian": null,
  "modified_by": null,
  "mother_tongue": "",
  "passport_issued_by": "",
  "person": 39,
  "program": 1,
  "research_area": "Hggpwõgsology",
  "slug": "0ggg18-msccourse",
  "start_semester": 29,
  "updated_at": "2026-01-30T10:51:11.370"
 },
 "model": "grad.gradstudent",
 "pk": 12
},
{
 "fields": {
  "campus": "BRNBY",
  "comments": "",
  "config": "{}",
  "created_at": "2026-01-30T10:51:11.381",
  "created_by": "",
  "current_status": "WIDR",
  "end_semester": 31,
  "english_fluency": "",
  "is_canadian": null,
  "modified_by": null,
  "mother_tongue": "",
  "passport_issued_by": "",
  "person": 25,
  "program": 1,
  "research_area": "Sicbkulbology",
  "slug": "0ggg11-msccourse",
  "start_semester": 27,
  "updated_at": "2026-01-30T10:51:11.406"
 },
 "model": "grad.gradstudent",
 "pk": 13
},
{
 "fields": {
  "campus": "BRNBY",
  "comments": "",
  "config": "{}",
  "created_at": "2026-01-30T10:51:11.418",
  "created_by": "",
  "current_status": "ACTI",
  "end_semester": null,
  "english_fluency": "",
  "is_canadian": false,
  "modified_by": null,
  "mother_tongue": "",
  "passport_issued_by": "",
  "person": 41,
  "program": 3,
  "research_area": "Smsiêêusology",
  "slug": "0ggg19-mscthesis",
  "start_semester": 28,
  "updated_at": "2026-01-30T10:51:11.436"
 },
 "model": "grad.gradstudent",
 "pk": 14
},
{
 "fields": {
  "campus": "SURRY",
  "comments": "",
  "config": "{}",
  "created_at": "2026-01-30T10:51:11.445",
  "created_by": "",
  "current_status": "ACTI",
  "end_semester": null,
  "english_fluency": "",
  "is_canadian": null,
  "modified_by": null,
  "mother_tongue": "",
  "passport_issued_by": "",
  "person": 27,
  "program": 5,
  "research_area": "Nprdurghology",
  "slug": "0ggg12-qualifying",
  "start_semester": 25,
  "updated_at": "2026-01-30T10:51:11.469"
 },
 "model": "grad.gradstudent",
 "pk": 15
},
{
 "fields": {
  "campus": "VANCR",
  "comments": "",
  "config": "{}",
  "created_at": "2026-01-30T10:51:11.481",
  "created_by": "",
  "current_status": "WIDR",
  "end_semester": 31,
  "english_fluency": "",
  "is_canadian": false,
  "modified_by": null,
  "mother_tongue": "",
  "passport_issued_by": "",
  "person": 9,
  "program": 1,
  "research_area": "Dwzïgwoõology",
  "slug": "0ggg3-msccourse",
  "start_semester": 26,
  "updated_at": "2026-01-30T10:51:11.507"
 },
 "model": "grad.gradstudent",
 "pk": 16
},
{
 "fields": {
  "campus": "GNWC",
  "comments": "",
  "config": "{}",
  "created_at": "2026-01-30T10:51:11.516",
  "created_by": "",
  "current_status": "ACTI",
  "end_semester": null,
  "english_fluency": "",
  "is_canadian": false,
  "modified_by": null,
  "mother_tongue": "",
  "passport_issued_by": "",
  "person": 3,
  "program": 6,
  "research_area": "Gopàncsmology",
  "slug": "0ggg0-special",
  "start_semester": 24,
  "updated_at": "2026-01-30T10:51:11.548"
 },
 "model": "grad.gradstudent",
 "pk": 17
},
{
 "fields": {
  "campus": "VANCR",
  "comments": "",
  "config": "{}",
  "created_at": "2026-01-30T10:51:11.570",
  "created_by": "",
  "current_status": "ACTI",
  "end_semester": null,
  "english_fluency": "",
  "is_canadian": true,
  "modified_by": null,
  "mother_tongue": "",
  "passport_issued_by": "",
  "person": 13,
  "program": 4,
  "research_area": "Mbvmgúlgology",
  "slug": "0ggg5-phd",
  "start_semester": 30,
  "updated_at": "2026-01-30T10:51:11.604"
 },
 "model": "grad.gradstudent",
 "pk": 18
},
{
 "fields": {
  "campus": "SURRY",
  "comments": "",
  "config": "{}",
  "created_at": "2026-01-30T10:51:11.620",
  "created_by": "",
  "current_status": "REJE",
  "end_semester": null,
  "english_fluency": "",
  "is_canadian": false,
  "modified_by": null,
  "mother_tongue": "",
  "passport_issued_by": "",
  "person": 33,
  "program": 4,
  "research_area": "Gïêúcêrpology",
  "slug": "0ggg15-phd",
  "start_semester": 31,
  "updated_at": "2026-01-30T10:51:11.633"
 },
 "model": "grad.gradstudent",
 "pk": 19
},
{
 "fields": {
  "campus": "BRNBY",
  "comments": "",
  "config": "{}",
  "created_at": "2026-01-30T10:51:11.642",
  "created_by": "",
  "current_status": "REJE",
  "end_semester": null,
  "english_fluency": "",
  "is_canadian": null,
  "modified_by": null,
  "mother_tongue": "",
  "passport_issued_by": "",
  "person": 7,
  "program": 3,
  "research_area": "Dzibanecology",
  "slug": "0ggg2-mscthesis",
  "start_semester": 26,
  "updated_at": "2026-01-30T10:51:11.658"
 },
 "model": "grad.gradstudent",
 "pk": 20
},
{
 "fields": {
  "campus": "METRO",
  "comments": "",
  "config": "{}",
  "created_at": "2026-01-30T10:51:11.672",
  "created_by": "",
  "current_status": "ACTI",
  "end_semester": null,
  "english_fluency": "",
  "is_canadian": null,
  "modified_by": null,
  "mother_tongue": "",
  "passport_issued_by": "",
  "person": 11,
  "program": 4,
  "research_area": "Tõrdzõczology",
  "slug": "0ggg4-phd",
  "start_semester": 29,
  "updated_at": "2026-01-30T10:51:11.707"
 },
 "model": "grad.gradstudent",
 "pk": 21
},
{
 "fields": {
  "campus": "SURRY",
  "comments": "",
  "config": "{}",
  "created_at": "2026-01-30T10:51:11.716",
  "created_by": "",
  "current_status": "ACTI",
  "end_semester": null,
  "english_fluency": "",
  "is_canadian": true,
  "modified_by": null,
  "mother_tongue": "",
  "passport_issued_by": "",
  "person": 21,
  "program": 1,
  "research_area": "Snxwzhdrology",
  "slug": "0ggg9-msccourse",
  "start_semester": 24,
  "updated_at": "2026-01-30T10:51:11.735"
 },
 "model": "grad.gradstudent",
 "pk": 22
},
{
 "fields": {
  "campus": "GNWC",
  "comments": "",
  "config": "{}",
  "created_at": "2026-01-30T10:51:11.749",
  "created_by": "",
  "current_status": "WIDR",
  "end_semester": 29,
  "english_fluency": "",
  "is_canadian": true,
  "modified_by": null,
  "mother_tongue": "",
  "passport_issued_by": "",
  "person": 5,
  "program": 2,
  "research_area": "Mzhoïdefology",
  "slug": "0ggg1-mscproj",
  "start_semester": 25,
  "updated_at": "2026-01-30T10:51:11.775"
 },
 "model": "grad.gradstudent",
 "pk": 23
},
{
 "fields": {
  "campus": "METRO",
  "comments": "",
  "config": "{}",
  "created_at": "2026-01-30T10:51:11.789",
  "created_by": "",
  "current_status": "REJE",
  "end_semester": null,
  "english_fluency": "",
  "is_canadian": false,
  "modified_by": null,
  "mother_tongue": "",
  "passport_issued_by": "",
  "person": 19,
  "program": 4,
  "research_area": "Bdtxhdtoology",
  "slug": "0ggg8-phd",
  "start_semester": 30,
  "updated_at": "2026-01-30T10:51:11.810"
 },
 "model": "grad.gradstudent",
 "pk": 24
},
{
 "fields": {
  "campus": "VANCR",
  "comments": "",
  "config": "{}",
  "created_at": "2026-01-30T10:51:11.824",
  "created_by": "",
  "current_status": "ACTI",
  "end_semester": null,
  "english_fluency": "",
  "is_canadian": null,
  "modified_by": null,
  "mother_tongue": "",
  "passport_issued_by": "",
  "person": 3,
  "program": 2,
  "research_area": "Ogepêwbsology",
  "slug": "0ggg0-mscproj",
  "start_semester": 29,
  "updated_at": "2026-01-30T10:51:11.853"
 },
 "model": "grad.gradstudent",
 "pk": 25
},
{
 "fields": {
  "config": "{}",
  "program": 5,
  "start_semester": 25,
  "starting": "2026-01-30",
  "student": 1
 },
 "model": "grad.gradprogramhistory",
 "pk": 1
},
{
 "fields": {
  "config": "{}",
  "program": 6,
  "start_semester": 24,
  "starting": "2026-01-30",
  "student": 2
 },
 "model": "grad.gradprogramhistory",
 "pk": 2
},
{
 "fields": {
  "config": "{}",
  "program": 4,
  "start_semester": 25,
  "starting": "2026-01-30",
  "student": 2
 },
 "model": "grad.gradprogramhistory",
 "pk": 3
},
{
 "fields": {
  "config": "{}",
  "program": 5,
  "start_semester": 27,
  "starting": "2026-01-30",
  "student": 3
 },
 "model": "grad.gradprogramhistory",
 "pk": 4
},
{
 "fields": {
  "config": "{}",
  "program": 5,
  "start_semester": 29,
  "starting": "2026-01-30",
  "student": 4
 },
 "model": "grad.gradprogramhistory",
 "pk": 5
},
{
 "fields": {
  "config": "{}",
  "program": 3,
  "start_semester": 32,
  "starting": "2026-01-30",
  "student": 4
 },
 "model": "grad.gradprogramhistory",
 "pk": 6
},
{
 "fields": {
  "config": "{}",
  "program": 1,
  "start_semester": 25,
  "starting": "2026-01-30",
  "student": 5
 },
 "model": "grad.gradprogramhistory",
 "pk": 7
},
{
 "fields": {
  "config": "{}",
  "program": 3,
  "start_semester": 31,
  "starting": "2026-01-30",
  "student": 6
 },
 "model": "grad.gradprogramhistory",
 "pk": 8
},
{
 "fields": {
  "config": "{}",
  "program": 1,
  "start_semester": 27,
  "starting": "2026-01-30",
  "student": 7
 },
 "model": "grad.gradprogramhistory",
 "pk": 9
},
{
 "fields": {
  "config": "{}",
  "program": 3,
  "start_semester": 31,
  "starting": "2026-01-30",
  "student": 7
 },
 "model": "grad.gradprogramhistory",
 "pk": 10
},
{
 "fields": {
  "config": "{}",
  "program": 6,
  "start_semester": 31,
  "starting": "2026-01-30",
  "student": 8
 },
 "model": "grad.gradprogramhistory",
 "pk": 11
},
{
 "fields": {
  "config": "{}",
  "program": 4,
  "start_semester": 27,
  "starting": "2026-01-30",
  "student": 9
 },
 "model": "grad.gradprogramhistory",
 "pk": 12
},
{
 "fields": {
  "config": "{}",
  "program": 5,
  "start_semester": 28,
  "starting": "2026-01-30",
  "student": 9
 },
 "model": "grad.gradprogramhistory",
 "pk": 13
},
{
 "fields": {
  "config": "{}",
  "program": 5,
  "start_semester": 25,
  "starting": "2026-01-30",
  "student": 10
 },
 "model": "grad.gradprogramhistory",
 "pk": 14
},
{
 "fields": {
  "config": "{}",
  "program": 4,
  "start_semester": 28,
  "starting": "2026-01-30",
  "student": 10
 },
 "model": "grad.gradprogramhistory",
 "pk": 15
},
{
 "fields": {
  "config": "{}",
  "program": 4,
  "start_semester": 29,
  "starting": "2026-01-30",
  "student": 11
 },
 "model": "grad.gradprogramhistory",
 "pk": 16
},
{
 "fields": {
  "config": "{}",
  "program": 2,
  "start_semester": 30,
  "starting": "2026-01-30",
  "student": 11
 },
 "model": "grad.gradprogramhistory",
 "pk": 17
},
{
 "fields": {
  "config": "{}",
  "program": 1,
  "start_semester": 29,
  "starting": "2026-01-30",
  "student": 12
 },
 "model": "grad.gradprogramhistory",
 "pk": 18
},
{
 "fields": {
  "config": "{}",
  "program": 2,
  "start_semester": 33,
  "starting": "2026-01-30",
  "student": 12
 },
 "model": "grad.gradprogramhistory",
 "pk": 19
},
{
 "fields": {
  "config": "{}",
  "program": 1,
  "start_semester": 27,
  "starting": "2026-01-30",
  "student": 13
 },
 "model": "grad.gradprogramhistory",
 "pk": 20
},
{
 "fields": {
  "config": "{}",
  "program": 3,
  "start_semester": 28,
  "starting": "2026-01-30",
  "student": 14
 },
 "model": "grad.gradprogramhistory",
 "pk": 21
},
{
 "fields": {
  "config": "{}",
  "program": 1,
  "start_semester": 25,
  "starting": "2026-01-30",
  "student": 15
 },
 "model": "grad.gradprogramhistory",
 "pk": 22
},
{
 "fields": {
  "config": "{}",
  "program": 5,
  "start_semester": 28,
  "starting": "2026-01-30",
  "student": 15
 },
 "model": "grad.gradprogramhistory",
 "pk": 23
},
{
 "fields": {
  "config": "{}",
  "program": 1,
  "start_semester": 26,
  "starting": "2026-01-30",
  "student": 16
 },
 "model": "grad.gradprogramhistory",
 "pk": 24
},
{
 "fields": {
  "config": "{}",
  "program": 6,
  "start_semester": 24,
  "starting": "2026-01-30",
  "student": 17
 },
 "model": "grad.gradprogramhistory",
 "pk": 25
},
{
 "fields": {
  "config": "{}",
  "program": 4,
  "start_semester": 30,
  "starting": "2026-01-30",
  "student": 18
 },
 "model": "grad.gradprogramhistory",
 "pk": 26
},
{
 "fields": {
  "config": "{}",
  "program": 4,
  "start_semester": 31,
  "starting": "2026-01-30",
  "student": 19
 },
 "model": "grad.gradprogramhistory",
 "pk": 27
},
{
 "fields": {
  "config": "{}",
  "program": 6,
  "start_semester": 33,
  "starting": "2026-01-30",
  "student": 19
 },
 "model": "grad.gradprogramhistory",
 "pk": 28
},
{
 "fields": {
  "config": "{}",
  "program": 5,
  "start_semester": 26,
  "starting": "2026-01-30",
  "student": 20
 },
 "model": "grad.gradprogramhistory",
 "pk": 29
},
{
 "fields": {
  "config": "{}",
  "program": 3,
  "start_semester": 27,
  "starting": "2026-01-30",
  "student": 20
 },
 "model": "grad.gradprogramhistory",
 "pk": 30
},
{
 "fields": {
  "config": "{}",
  "program": 4,
  "start_semester": 29,
  "starting": "2026-01-30",
  "student": 21
 },
 "model": "grad.gradprogramhistory",
 "pk": 31
},
{
 "fields": {
  "config": "{}",
  "program": 5,
  "start_semester": 24,
  "starting": "2026-01-30",
  "student": 22
 },
 "model": "grad.gradprogramhistory",
 "pk": 32
},
{
 "fields": {
  "config": "{}",
  "program": 1,
  "start_semester": 27,
  "starting": "2026-01-30",
  "student": 22
 },
 "model": "grad.gradprogramhistory",
 "pk": 33
},
{
 "fields": {
  "config": "{}",
  "program": 2,
  "start_semester": 25,
  "starting": "2026-01-30",
  "student": 23
 },
 "model": "grad.gradprogramhistory",
 "pk": 34
},
{
 "fields": {
  "config": "{}",
  "program": 4,
  "start_semester": 30,
  "starting": "2026-01-30",
  "student": 24
 },
 "model": "grad.gradprogramhistory",
 "pk": 35
},
{
 "fields": {
  "config": "{}",
  "program": 2,
  "start_semester": 29,
  "starting": "2026-01-30",
  "student": 25
 },
 "model": "grad.gradprogramhistory",
 "pk": 36
},
{
 "fields": {
  "config": "{}",
  "created_at": "2026-01-30T10:51:11.018",
  "end": 25,
  "hidden": false,
  "notes": "",
  "start": 25,
  "start_date": "2023-09-24",
  "status": "COMP",
  "student": 1,
  "updated_at": "2026-01-30T10:51:11.025"
 },
 "model": "grad.gradstatus",
 "pk": 1
},
{
 "fields": {
  "config": "{}",
  "created_at": "2026-01-30T10:51:11.024",
  "end": 25,
  "hidden": false,
  "notes": "",
  "start": 25,
  "start_date": "2023-10-14",
  "status": "OFFO",
  "student": 1,
  "updated_at": "2026-01-30T10:51:11.032"
 },
 "model": "grad.gradstatus",
 "pk": 2
},
{
 "fields": {
  "config": "{}",
  "created_at": "2026-01-30T10:51:11.030",
  "end": 28,
  "hidden": false,
  "notes": "",
  "start": 25,
  "start_date": "2024-01-02",
  "status": "ACTI",
  "student": 1,
  "updated_at": "2026-01-30T10:51:11.038"
 },
 "model": "grad.gradstatus",
 "pk": 3
},
{
 "fields": {
  "config": "{}",
  "created_at": "2026-01-30T10:51:11.036",
  "end": null,
  "hidden": false,
  "notes": "",
  "start": 28,
  "start_date": "2025-01-02",
  "status": "WIDR",
  "student": 1,
  "updated_at": "2026-01-30T10:51:11.036"
 },
 "model": "grad.gradstatus",
 "pk": 4
},
{
 "fields": {
  "config": "{}",
  "created_at": "2026-01-30T10:51:11.059",
  "end": 24,
  "hidden": false,
  "notes": "",
  "start": 24,
  "start_date": "2023-05-25",
  "status": "COMP",
  "student": 2,
  "updated_at": "2026-01-30T10:51:11.066"
 },
 "model": "grad.gradstatus",
 "pk": 5
},
{
 "fields": {
  "config": "{}",
  "created_at": "2026-01-30T10:51:11.064",
  "end": null,
  "hidden": false,
  "notes": "",
  "start": 24,
  "start_date": "2023-06-14",
  "status": "REJE",
  "student": 2,
  "updated_at": "2026-01-30T10:51:11.064"
 },
 "model": "grad.gradstatus",
 "pk": 6
},
{
 "fields": {
  "config": "{}",
  "created_at": "2026-01-30T10:51:11.081",
  "end": 27,
  "hidden": false,
  "notes": "",
  "start": 27,
  "start_date": "2024-05-25",
  "status": "COMP",
  "student": 3,
  "updated_at": "2026-01-30T10:51:11.087"
 },
 "model": "grad.gradstatus",
 "pk": 7
},
{
 "fields": {
  "config": "{}",
  "created_at": "2026-01-30T10:51:11.085",
  "end": 27,
  "hidden": false,
  "notes": "",
  "start": 27,
  "start_date": "2024-06-14",
  "status": "OFFO",
  "student": 3,
  "updated_at": "2026-01-30T10:51:11.093"
 },
 "model": "grad.gradstatus",
 "pk": 8
},
{
 "fields": {
  "config": "{}",
  "created_at": "2026-01-30T10:51:11.091",
  "end": null,
  "hidden": false,
  "notes": "",
  "start": 27,
  "start_date": "2024-09-02",
  "status": "ACTI",
  "student": 3,
  "updated_at": "2026-01-30T10:51:11.091"
 },
 "model": "grad.gradstatus",
 "pk": 9
},
{
 "fields": {
  "config": "{}",
  "created_at": "2026-01-30T10:51:11.111",
  "end": 29,
  "hidden": false,
  "notes": "",
  "start": 29,
  "start_date": "2025-01-22",
  "status": "COMP",
  "student": 4,
  "updated_at": "2026-01-30T10:51:11.117"
 },
 "model": "grad.gradstatus",
 "pk": 10
},
{
 "fields": {
  "config": "{}",
  "created_at": "2026-01-30T10:51:11.115",
  "end": 29,
  "hidden": false,
  "notes": "",
  "start": 29,
  "start_date": "2025-02-11",
  "status": "OFFO",
  "student": 4,
  "updated_at": "2026-01-30T10:51:11.123"
 },
 "model": "grad.gradstatus",
 "pk": 11
},
{
 "fields": {
  "config": "{}",
  "created_at": "2026-01-30T10:51:11.121",
  "end": null,
  "hidden": false,
  "notes": "",
  "start": 29,
  "start_date": "2025-05-02",
  "status": "ACTI",
  "student": 4,
  "updated_at": "2026-01-30T10:51:11.121"
 },
 "model": "grad.gradstatus",
 "pk": 12
},
{
 "fields": {
  "config": "{}",
  "created_at": "2026-01-30T10:51:11.138",
  "end": 25,
  "hidden": false,
  "notes": "",
  "start": 25,
  "start_date": "2023-09-24",
  "status": "COMP",
  "student": 5,
  "updated_at": "2026-01-30T10:51:11.144"
 },
 "model": "grad.gradstatus",
 "pk": 13
},
{
 "fields": {
  "config": "{}",
  "created_at": "2026-01-30T10:51:11.143",
  "end": 25,
  "hidden": false,
  "notes": "",
  "start": 25,
  "start_date": "2023-10-14",
  "status": "OFFO",
  "student": 5,
  "updated_at": "2026-01-30T10:51:11.150"
 },
 "model": "grad.gradstatus",
 "pk": 14
},
{
 "fields": {
  "config": "{}",
  "created_at": "2026-01-30T10:51:11.149",
  "end": 28,
  "hidden": false,
  "notes": "",
  "start": 25,
  "start_date": "2024-01-02",
  "status": "ACTI",
  "student": 5,
  "updated_at": "2026-01-30T10:51:11.157"
 },
 "model": "grad.gradstatus",
 "pk": 15
},
{
 "fields": {
  "config": "{}",
  "created_at": "2026-01-30T10:51:11.155",
  "end": null,
  "hidden": false,
  "notes": "",
  "start": 28,
  "start_date": "2025-01-02",
  "status": "WIDR",
  "student": 5,
  "updated_at": "2026-01-30T10:51:11.155"
 },
 "model": "grad.gradstatus",
 "pk": 16
},
{
 "fields": {
  "config": "{}",
  "created_at": "2026-01-30T10:51:11.175",
  "end": 31,
  "hidden": false,
  "notes": "",
  "start": 31,
  "start_date": "2025-09-24",
  "status": "COMP",
  "student": 6,
  "updated_at": "2026-01-30T10:51:11.181"
 },
 "model": "grad.gradstatus",
 "pk": 17
},
{
 "fields": {
  "config": "{}",
  "created_at": "2026-01-30T10:51:11.180",
  "end": 31,
  "hidden": false,
  "notes": "",
  "start": 31,
  "start_date": "2025-10-14",
  "status": "OFFO",
  "student": 6,
  "updated_at": "2026-01-30T10:51:11.188"
 },
 "model": "grad.gradstatus",
 "pk": 18
},
{
 "fields": {
  "config": "{}",
  "created_at": "2026-01-30T10:51:11.186",
  "end": 36,
  "hidden": false,
  "notes": "",
  "start": 31,
  "start_date": "2026-01-02",
  "status": "ACTI",
  "student": 6,
  "updated_at": "2026-01-30T10:51:11.194"
 },
 "model": "grad.gradstatus",
 "pk": 19
},
{
 "fields": {
  "config": "{}",
  "created_at": "2026-01-30T10:51:11.192",
  "end": null,
  "hidden": false,
  "notes": "",
  "start": 36,
  "start_date": "2027-09-02",
  "status": "WIDR",
  "student": 6,
  "updated_at": "2026-01-30T10:51:11.192"
 },
 "model": "grad.gradstatus",
 "pk": 20
},
{
 "fields": {
  "config": "{}",
  "created_at": "2026-01-30T10:51:11.210",
  "end": 27,
  "hidden": false,
  "notes": "",
  "start": 27,
  "start_date": "2024-05-25",
  "status": "COMP",
  "student": 7,
  "updated_at": "2026-01-30T10:51:11.216"
 },
 "model": "grad.gradstatus",
 "pk": 21
},
{
 "fields": {
  "config": "{}",
  "created_at": "2026-01-30T10:51:11.215",
  "end": null,
  "hidden": false,
  "notes": "",
  "start": 27,
  "start_date": "2024-06-14",
  "status": "REJE",
  "student": 7,
  "updated_at": "2026-01-30T10:51:11.215"
 },
 "model": "grad.gradstatus",
 "pk": 22
},
{
 "fields": {
  "config": "{}",
  "created_at": "2026-01-30T10:51:11.232",
  "end": 31,
  "hidden": false,
  "notes": "",
  "start": 31,
  "start_date": "2025-09-24",
  "status": "COMP",
  "student": 8,
  "updated_at": "2026-01-30T10:51:11.238"
 },
 "model": "grad.gradstatus",
 "pk": 23
},
{
 "fields": {
  "config": "{}",
  "created_at": "2026-01-30T10:51:11.237",
  "end": 31,
  "hidden": false,
  "notes": "",
  "start": 31,
  "start_date": "2025-10-14",
  "status": "OFFO",
  "student": 8,
  "updated_at": "2026-01-30T10:51:11.244"
 },
 "model": "grad.gradstatus",
 "pk": 24
},
{
 "fields": {
  "config": "{}",
  "created_at": "2026-01-30T10:51:11.243",
  "end": 40,
  "hidden": false,
  "notes": "",
  "start": 31,
  "start_date": "2026-01-02",
  "status": "ACTI",
  "student": 8,
  "updated_at": "2026-01-30T10:51:11.250"
 },
 "model": "grad.gradstatus",
 "pk": 25
},
{
 "fields": {
  "config": "{}",
  "created_at": "2026-01-30T10:51:11.249",
  "end": null,
  "hidden": false,
  "notes": "",
  "start": 40,
  "start_date": "2029-01-02",
  "status": "WIDR",
  "student": 8,
  "updated_at": "2026-01-30T10:51:11.249"
 },
 "model": "grad.gradstatus",
 "pk": 26
},
{
 "fields": {
  "config": "{}",
  "created_at": "2026-01-30T10:51:11.265",
  "end": 27,
  "hidden": false,
  "notes": "",
  "start": 27,
  "start_date": "2024-05-25",
  "status": "COMP",
  "student": 9,
  "updated_at": "2026-01-30T10:51:11.272"
 },
 "model": "grad.gradstatus",
 "pk": 27
},
{
 "fields": {
  "config": "{}",
  "created_at": "2026-01-30T10:51:11.270",
  "end": null,
  "hidden": false,
  "notes": "",
  "start": 27,
  "start_date": "2024-06-14",
  "status": "REJE",
  "student": 9,
  "updated_at": "2026-01-30T10:51:11.270"
 },
 "model": "grad.gradstatus",
 "pk": 28
},
{
 "fields": {
  "config": "{}",
  "created_at": "2026-01-30T10:51:11.290",
  "end": 25,
  "hidden": false,
  "notes": "",
  "start": 25,
  "start_date": "2023-09-24",
  "status": "COMP",
  "student": 10,
  "updated_at": "2026-01-30T10:51:11.297"
 },
 "model": "grad.gradstatus",
 "pk": 29
},
{
 "fields": {
  "config": "{}",
  "created_at": "2026-01-30T10:51:11.295",
  "end": 25,
  "hidden": false,
  "notes": "",
  "start": 25,
  "start_date": "2023-10-14",
  "status": "OFFO",
  "student": 10,
  "updated_at": "2026-01-30T10:51:11.303"
 },
 "model": "grad.gradstatus",
 "pk": 30
},
{
 "fields": {
  "config": "{}",
  "created_at": "2026-01-30T10:51:11.301",
  "end": 34,
  "hidden": false,
  "notes": "",
  "start": 25,
  "start_date": "2024-01-02",
  "status": "ACTI",
  "student": 10,
  "updated_at": "2026-01-30T10:51:11.309"
 },
 "model": "grad.gradstatus",
 "pk": 31
},
{
 "fields": {
  "config": "{}",
  "created_at": "2026-01-30T10:51:11.307",
  "end": null,
  "hidden": false,
  "notes": "",
  "start": 34,
  "start_date": "2027-01-02",
  "status": "WIDR",
  "student": 10,
  "updated_at": "2026-01-30T10:51:11.307"
 },
 "model": "grad.gradstatus",
 "pk": 32
},
{
 "fields": {
  "config": "{}",
  "created_at": "2026-01-30T10:51:11.324",
  "end": 29,
  "hidden": false,
  "notes": "",
  "start": 29,
  "start_date": "2025-01-22",
  "status": "COMP",
  "student": 11,
  "updated_at": "2026-01-30T10:51:11.330"
 },
 "model": "grad.gradstatus",
 "pk": 33
},
{
 "fields": {
  "config": "{}",
  "created_at": "2026-01-30T10:51:11.328",
  "end": 29,
  "hidden": false,
  "notes": "",
  "start": 29,
  "start_date": "2025-02-11",
  "status": "OFFO",
  "student": 11,
  "updated_at": "2026-01-30T10:51:11.336"
 },
 "model": "grad.gradstatus",
 "pk": 34
},
{
 "fields": {
  "config": "{}",
  "created_at": "2026-01-30T10:51:11.334",
  "end": null,
  "hidden": false,
  "notes": "",
  "start": 29,
  "start_date": "2025-05-02",
  "status": "ACTI",
  "student": 11,
  "updated_at": "2026-01-30T10:51:11.334"
 },
 "model": "grad.gradstatus",
 "pk": 35
},
{
 "fields": {
  "config": "{}",
  "created_at": "2026-01-30T10:51:11.354",
  "end": 29,
  "hidden": false,
  "notes": "",
  "start": 29,
  "start_date": "2025-01-22",
  "status": "COMP",
  "student": 12,
  "updated_at": "2026-01-30T10:51:11.360"
 },
 "model": "grad.gradstatus",
 "pk": 36
},
{
 "fields": {
  "config": "{}",
  "created_at": "2026-01-30T10:51:11.359",
  "end": 29,
  "hidden": false,
  "notes": "",
  "start": 29,
  "start_date": "2025-02-11",
  "status": "OFFO",
  "student": 12,
  "updated_at": "2026-01-30T10:51:11.366"
 },
 "model": "grad.gradstatus",
 "pk": 37
},
{
 "fields": {
  "config": "{}",
  "created_at": "2026-01-30T10:51:11.365",
  "end": null,
  "hidden": false,
  "notes": "",
  "start": 29,
  "start_date": "2025-05-02",
  "status": "ACTI",
  "student": 12,
  "updated_at": "2026-01-30T10:51:11.365"
 },
 "model": "grad.gradstatus",
 "pk": 38
},
{
 "fields": {
  "config": "{}",
  "created_at": "2026-01-30T10:51:11.384",
  "end": 27,
  "hidden": false,
  "notes": "",
  "start": 27,
  "start_date": "2024-05-25",
  "status": "COMP",
  "student": 13,
  "updated_at": "2026-01-30T10:51:11.390"
 },
 "model": "grad.gradstatus",
 "pk": 39
},
{
 "fields": {
  "config": "{}",
  "created_at": "2026-01-30T10:51:11.388",
  "end": 27,
  "hidden": false,
  "notes": "",
  "start": 27,
  "start_date": "2024-06-14",
  "status": "OFFO",
  "student": 13,
  "updated_at": "2026-01-30T10:51:11.396"
 },
 "model": "grad.gradstatus",
 "pk": 40
},
{
 "fields": {
  "config": "{}",
  "created_at": "2026-01-30T10:51:11.394",
  "end": 31,
  "hidden": false,
  "notes": "",
  "start": 27,
  "start_date": "2024-09-02",
  "status": "ACTI",
  "student": 13,
  "updated_at": "2026-01-30T10:51:11.402"
 },
 "model": "grad.gradstatus",
 "pk": 41
},
{
 "fields": {
  "config": "{}",
  "created_at": "2026-01-30T10:51:11.401",
  "end": null,
  "hidden": false,
  "notes": "",
  "start": 31,
  "start_date": "2026-01-02",
  "status": "WIDR",
  "student": 13,
  "updated_at": "2026-01-30T10:51:11.401"
 },
 "model": "grad.gradstatus",
 "pk": 42
},
{
 "fields": {
  "config": "{}",
  "created_at": "2026-01-30T10:51:11.421",
  "end": 28,
  "hidden": false,
  "notes": "",
  "start": 28,
  "start_date": "2024-09-24",
  "status": "COMP",
  "student": 14,
  "updated_at": "2026-01-30T10:51:11.427"
 },
 "model": "grad.gradstatus",
 "pk": 43
},
{
 "fields": {
  "config": "{}",
  "created_at": "2026-01-30T10:51:11.425",
  "end": 28,
  "hidden": false,
  "notes": "",
  "start": 28,
  "start_date": "2024-10-14",
  "status": "OFFO",
  "student": 14,
  "updated_at": "2026-01-30T10:51:11.433"
 },
 "model": "grad.gradstatus",
 "pk": 44
},
{
 "fields": {
  "config": "{}",
  "created_at": "2026-01-30T10:51:11.432",
  "end": null,
  "hidden": false,
  "notes": "",
  "start": 28,
  "start_date": "2025-01-02",
  "status": "ACTI",
  "student": 14,
  "updated_at": "2026-01-30T10:51:11.432"
 },
 "model": "grad.gradstatus",
 "pk": 45
},
{
 "fields": {
  "config": "{}",
  "created_at": "2026-01-30T10:51:11.449",
  "end": 25,
  "hidden": false,
  "notes": "",
  "start": 25,
  "start_date": "2023-09-24",
  "status": "COMP",
  "student": 15,
  "updated_at": "2026-01-30T10:51:11.455"
 },
 "model": "grad.gradstatus",
 "pk": 46
},
{
 "fields": {
  "config": "{}",
  "created_at": "2026-01-30T10:51:11.453",
  "end": 25,
  "hidden": false,
  "notes": "",
  "start": 25,
  "start_date": "2023-10-14",
  "status": "OFFO",
  "student": 15,
  "updated_at": "2026-01-30T10:51:11.464"
 },
 "model": "grad.gradstatus",
 "pk": 47
},
{
 "fields": {
  "config": "{}",
  "created_at": "2026-01-30T10:51:11.462",
  "end": null,
  "hidden": false,
  "notes": "",
  "start": 25,
  "start_date": "2024-01-02",
  "status": "ACTI",
  "student": 15,
  "updated_at": "2026-01-30T10:51:11.462"
 },
 "model": "grad.gradstatus",
 "pk": 48
},
{
 "fields": {
  "config": "{}",
  "created_at": "2026-01-30T10:51:11.484",
  "end": 26,
  "hidden": false,
  "notes": "",
  "start": 26,
  "start_date": "2024-01-23",
  "status": "COMP",
  "student": 16,
  "updated_at": "2026-01-30T10:51:11.491"
 },
 "model": "grad.gradstatus",
 "pk": 49
},
{
 "fields": {
  "config": "{}",
  "created_at": "2026-01-30T10:51:11.489",
  "end": 26,
  "hidden": false,
  "notes": "",
  "start": 26,
  "start_date": "2024-02-12",
  "status": "OFFO",
  "student": 16,
  "updated_at": "2026-01-30T10:51:11.497"
 },
 "model": "grad.gradstatus",
 "pk": 50
},
{
 "fields": {
  "config": "{}",
  "created_at": "2026-01-30T10:51:11.495",
  "end": 31,
  "hidden": false,
  "notes": "",
  "start": 26,
  "start_date": "2024-05-02",
  "status": "ACTI",
  "student": 16,
  "updated_at": "2026-01-30T10:51:11.503"
 },
 "model": "grad.gradstatus",
 "pk": 51
},
{
 "fields": {
  "config": "{}",
  "created_at": "2026-01-30T10:51:11.502",
  "end": null,
  "hidden": false,
  "notes": "",
  "start": 31,
  "start_date": "2026-01-02",
  "status": "WIDR",
  "student": 16,
  "updated_at": "2026-01-30T10:51:11.502"
 },
 "model": "grad.gradstatus",
 "pk": 52
},
{
 "fields": {
  "config": "{}",
  "created_at": "2026-01-30T10:51:11.518",
  "end": 24,
  "hidden": false,
  "notes": "",
  "start": 24,
  "start_date": "2023-05-25",
  "status": "COMP",
  "student": 17,
  "updated_at": "2026-01-30T10:51:11.526"
 },
 "model": "grad.gradstatus",
 "pk": 53
},
{
 "fields": {
  "config": "{}",
  "created_at": "2026-01-30T10:51:11.524",
  "end": 24,
  "hidden": false,
  "notes": "",
  "start": 24,
  "start_date": "2023-06-14",
  "status": "OFFO",
  "student": 17,
  "updated_at": "2026-01-30T10:51:11.540"
 },
 "model": "grad.gradstatus",
 "pk": 54
},
{
 "fields": {
  "config": "{}",
  "created_at": "2026-01-30T10:51:11.537",
  "end": null,
  "hidden": false,
  "notes": "",
  "start": 24,
  "start_date": "2023-09-02",
  "status": "ACTI",
  "student": 17,
  "updated_at": "2026-01-30T10:51:11.537"
 },
 "model": "grad.gradstatus",
 "pk": 55
},
{
 "fields": {
  "config": "{}",
  "created_at": "2026-01-30T10:51:11.575",
  "end": 30,
  "hidden": false,
  "notes": "",
  "start": 30,
  "start_date": "2025-05-25",
  "status": "COMP",
  "student": 18,
  "updated_at": "2026-01-30T10:51:11.588"
 },
 "model": "grad.gradstatus",
 "pk": 56
},
{
 "fields": {
  "config": "{}",
  "created_at": "2026-01-30T10:51:11.585",
  "end": 30,
  "hidden": false,
  "notes": "",
  "start": 30,
  "start_date": "2025-06-14",
  "status": "OFFO",
  "student": 18,
  "updated_at": "2026-01-30T10:51:11.600"
 },
 "model": "grad.gradstatus",
 "pk": 57
},
{
 "fields": {
  "config": "{}",
  "created_at": "2026-01-30T10:51:11.598",
  "end": 39,
  "hidden": false,
  "notes": "",
  "start": 30,
  "start_date": "2025-09-02",
  "status": "ACTI",
  "student": 18,
  "updated_at": "2026-01-30T10:51:11.607"
 },
 "model": "grad.gradstatus",
 "pk": 58
},
{
 "fields": {
  "config": "{}",
  "created_at": "2026-01-30T10:51:11.605",
  "end": null,
  "hidden": false,
  "notes": "",
  "start": 39,
  "start_date": "2028-09-02",
  "status": "WIDR",
  "student": 18,
  "updated_at": "2026-01-30T10:51:11.605"
 },
 "model": "grad.gradstatus",
 "pk": 59
},
{
 "fields": {
  "config": "{}",
  "created_at": "2026-01-30T10:51:11.623",
  "end": 31,
  "hidden": false,
  "notes": "",
  "start": 31,
  "start_date": "2025-09-24",
  "status": "COMP",
  "student": 19,
  "updated_at": "2026-01-30T10:51:11.630"
 },
 "model": "grad.gradstatus",
 "pk": 60
},
{
 "fields": {
  "config": "{}",
  "created_at": "2026-01-30T10:51:11.628",
  "end": null,
  "hidden": false,
  "notes": "",
  "start": 31,
  "start_date": "2025-10-14",
  "status": "REJE",
  "student": 19,
  "updated_at": "2026-01-30T10:51:11.628"
 },
 "model": "grad.gradstatus",
 "pk": 61
},
{
 "fields": {
  "config": "{}",
  "created_at": "2026-01-30T10:51:11.646",
  "end": 26,
  "hidden": false,
  "notes": "",
  "start": 26,
  "start_date": "2024-01-23",
  "status": "COMP",
  "student": 20,
  "updated_at": "2026-01-30T10:51:11.653"
 },
 "model": "grad.gradstatus",
 "pk": 62
},
{
 "fields": {
  "config": "{}",
  "created_at": "2026-01-30T10:51:11.651",
  "end": null,
  "hidden": false,
  "notes": "",
  "start": 26,
  "start_date": "2024-02-12",
  "status": "REJE",
  "student": 20,
  "updated_at": "2026-01-30T10:51:11.651"
 },
 "model": "grad.gradstatus",
 "pk": 63
},
{
 "fields": {
  "config": "{}",
  "created_at": "2026-01-30T10:51:11.675",
  "end": 29,
  "hidden": false,
  "notes": "",
  "start": 29,
  "start_date": "2025-01-22",
  "status": "COMP",
  "student": 21,
  "updated_at": "2026-01-30T10:51:11.690"
 },
 "model": "grad.gradstatus",
 "pk": 64
},
{
 "fields": {
  "config": "{}",
  "created_at": "2026-01-30T10:51:11.688",
  "end": 29,
  "hidden": false,
  "notes": "",
  "start": 29,
  "start_date": "2025-02-11",
  "status": "OFFO",
  "student": 21,
  "updated_at": "2026-01-30T10:51:11.702"
 },
 "model": "grad.gradstatus",
 "pk": 65
},
{
 "fields": {
  "config": "{}",
  "created_at": "2026-01-30T10:51:11.700",
  "end": null,
  "hidden": false,
  "notes": "",
  "start": 29,
  "start_date": "2025-05-02",
  "status": "ACTI",
  "student": 21,
  "updated_at": "2026-01-30T10:51:11.700"
 },
 "model": "grad.gradstatus",
 "pk": 66
},
{
 "fields": {
  "config": "{}",
  "created_at": "2026-01-30T10:51:11.719",
  "end": 24,
  "hidden": false,
  "notes": "",
  "start": 24,
  "start_date": "2023-05-25",
  "status": "COMP",
  "student": 22,
  "updated_at": "2026-01-30T10:51:11.725"
 },
 "model": "grad.gradstatus",
 "pk": 67
},
{
 "fields": {
  "config": "{}",
  "created_at": "2026-01-30T10:51:11.724",
  "end": 24,
  "hidden": false,
  "notes": "",
  "start": 24,
  "start_date": "2023-06-14",
  "status": "OFFO",
  "student": 22,
  "updated_at": "2026-01-30T10:51:11.732"
 },
 "model": "grad.gradstatus",
 "pk": 68
},
{
 "fields": {
  "config": "{}",
  "created_at": "2026-01-30T10:51:11.730",
  "end": 32,
  "hidden": false,
  "notes": "",
  "start": 24,
  "start_date": "2023-09-02",
  "status": "ACTI",
  "student": 22,
  "updated_at": "2026-01-30T10:51:11.738"
 },
 "model": "grad.gradstatus",
 "pk": 69
},
{
 "fields": {
  "config": "{}",
  "created_at": "2026-01-30T10:51:11.736",
  "end": null,
  "hidden": false,
  "notes": "",
  "start": 32,
  "start_date": "2026-05-02",
  "status": "WIDR",
  "student": 22,
  "updated_at": "2026-01-30T10:51:11.736"
 },
 "model": "grad.gradstatus",
 "pk": 70
},
{
 "fields": {
  "config": "{}",
  "created_at": "2026-01-30T10:51:11.751",
  "end": 25,
  "hidden": false,
  "notes": "",
  "start": 25,
  "start_date": "2023-09-24",
  "status": "COMP",
  "student": 23,
  "updated_at": "2026-01-30T10:51:11.757"
 },
 "model": "grad.gradstatus",
 "pk": 71
},
{
 "fields": {
  "config": "{}",
  "created_at": "2026-01-30T10:51:11.755",
  "end": 25,
  "hidden": false,
  "notes": "",
  "start": 25,
  "start_date": "2023-10-14",
  "status": "OFFO",
  "student": 23,
  "updated_at": "2026-01-30T10:51:11.763"
 },
 "model": "grad.gradstatus",
 "pk": 72
},
{
 "fields": {
  "config": "{}",
  "created_at": "2026-01-30T10:51:11.762",
  "end": 29,
  "hidden": false,
  "notes": "",
  "start": 25,
  "start_date": "2024-01-02",
  "status": "ACTI",
  "student": 23,
  "updated_at": "2026-01-30T10:51:11.770"
 },
 "model": "grad.gradstatus",
 "pk": 73
},
{
 "fields": {
  "config": "{}",
  "created_at": "2026-01-30T10:51:11.768",
  "end": null,
  "hidden": false,
  "notes": "",
  "start": 29,
  "start_date": "2025-05-02",
  "status": "WIDR",
  "student": 23,
  "updated_at": "2026-01-30T10:51:11.768"
 },
 "model": "grad.gradstatus",
 "pk": 74
},
{
 "fields": {
  "config": "{}",
  "created_at": "2026-01-30T10:51:11.792",
  "end": 30,
  "hidden": false,
  "notes": "",
  "start": 30,
  "start_date": "2025-05-25",
  "status": "COMP",
  "student": 24,
  "updated_at": "2026-01-30T10:51:11.803"
 },
 "model": "grad.gradstatus",
 "pk": 75
},
{
 "fields": {
  "config": "{}",
  "created_at": "2026-01-30T10:51:11.800",
  "end": null,
  "hidden": false,
  "notes": "",
  "start": 30,
  "start_date": "2025-06-14",
  "status": "REJE",
  "student": 24,
  "updated_at": "2026-01-30T10:51:11.800"
 },
 "model": "grad.gradstatus",
 "pk": 76
},
{
 "fields": {
  "config": "{}",
  "created_at": "2026-01-30T10:51:11.826",
  "end": 29,
  "hidden": false,
  "notes": "",
  "start": 29,
  "start_date": "2025-01-22",
  "status": "COMP",
  "student": 25,
  "updated_at": "2026-01-30T10:51:11.833"
 },
 "model": "grad.gradstatus",
 "pk": 77
},
{
 "fields": {
  "config": "{}",
  "created_at": "2026-01-30T10:51:11.832",
  "end": 29,
  "hidden": false,
  "notes": "",
  "start": 29,
  "start_date": "2025-02-11",
  "status": "OFFO",
  "student": 25,
  "updated_at": "2026-01-30T10:51:11.842"
 },
 "model": "grad.gradstatus",
 "pk": 78
},
{
 "fields": {
  "config": "{}",
  "created_at": "2026-01-30T10:51:11.839",
  "end": null,
  "hidden": false,
  "notes": "",
  "start": 29,
  "start_date": "2025-05-02",
  "status": "ACTI",
  "student": 25,
  "updated_at": "2026-01-30T10:51:11.839"
 },
 "model": "grad.gradstatus",
 "pk": 79
},
{
 "fields": {
  "amount": "2000.00",
  "comments": null,
  "end_semester": 27,
  "entrydate": null,
  "removed": false,
  "scholarship_type": 2,
  "start_semester": 25,
  "student": 1
 },
 "model": "grad.scholarship",
 "pk": 1
},
{
 "fields": {
  "amount": "2000.00",
  "comments": null,
  "end_semester": 26,
  "entrydate": null,
  "removed": false,
  "scholarship_type": 1,
  "start_semester": 24,
  "student": 2
 },
 "model": "grad.scholarship",
 "pk": 2
},
{
 "fields": {
  "amount": "2000.00",
  "comments": null,
  "end_semester": 29,
  "entrydate": null,
  "removed": false,
  "scholarship_type": 1,
  "start_semester": 27,
  "student": 3
 },
 "model": "grad.scholarship",
 "pk": 3
},
{
 "fields": {
  "amount": "2000.00",
  "comments": null,
  "end_semester": 31,
  "entrydate": null,
  "removed": false,
  "scholarship_type": 2,
  "start_semester": 29,
  "student": 4
 },
 "model": "grad.scholarship",
 "pk": 4
},
{
 "fields": {
  "amount": "2000.00",
  "comments": null,
  "end_semester": 27,
  "entrydate": null,
  "removed": false,
  "scholarship_type": 1,
  "start_semester": 25,
  "student": 5
 },
 "model": "grad.scholarship",
 "pk": 5
},
{
 "fields": {
  "amount": "2000.00",
  "comments": null,
  "end_semester": 33,
  "entrydate": null,
  "removed": false,
  "scholarship_type": 1,
  "start_semester": 31,
  "student": 6
 },
 "model": "grad.scholarship",
 "pk": 6
},
{
 "fields": {
  "amount": "2000.00",
  "comments": null,
  "end_semester": 29,
  "entrydate": null,
  "removed": false,
  "scholarship_type": 1,
  "start_semester": 27,
  "student": 7
 },
 "model": "grad.scholarship",
 "pk": 7
},
{
 "fields": {
  "amount": "2000.00",
  "comments": null,
  "end_semester": 33,
  "entrydate": null,
  "removed": false,
  "scholarship_type": 1,
  "start_semester": 31,
  "student": 8
 },
 "model": "grad.scholarship",
 "pk": 8
},
{
 "fields": {
  "amount": "2000.00",
  "comments": null,
  "end_semester": 29,
  "entrydate": null,
  "removed": false,
  "scholarship_type": 1,
  "start_semester": 27,
  "student": 9
 },
 "model": "grad.scholarship",
 "pk": 9
},
{
 "fields": {
  "amount": "2000.00",
  "comments": null,
  "end_semester": 27,
  "entrydate": null,
  "removed": false,
  "scholarship_type": 1,
  "start_semester": 25,
  "student": 10
 },
 "model": "grad.scholarship",
 "pk": 10
},
{
 "fields": {
  "amount": "2000.00",
  "comments": null,
  "end_semester": 31,
  "entrydate": null,
  "removed": false,
  "scholarship_type": 2,
  "start_semester": 29,
  "student": 11
 },
 "model": "grad.scholarship",
 "pk": 11
},
{
 "fields": {
  "amount": "2000.00",
  "comments": null,
  "end_semester": 31,
  "entrydate": null,
  "removed": false,
  "scholarship_type": 2,
  "start_semester": 29,
  "student": 12
 },
 "model": "grad.scholarship",
 "pk": 12
},
{
 "fields": {
  "amount": "2000.00",
  "comments": null,
  "end_semester": 29,
  "entrydate": null,
  "removed": false,
  "scholarship_type": 1,
  "start_semester": 27,
  "student": 13
 },
 "model": "grad.scholarship",
 "pk": 13
},
{
 "fields": {
  "amount": "2000.00",
  "comments": null,
  "end_semester": 30,
  "entrydate": null,
  "removed": false,
  "scholarship_type": 1,
  "start_semester": 28,
  "student": 14
 },
 "model": "grad.scholarship",
 "pk": 14
},
{
 "fields": {
  "amount": "2000.00",
  "comments": null,
  "end_semester": 27,
  "entrydate": null,
  "removed": false,
  "scholarship_type": 1,
  "start_semester": 25,
  "student": 15
 },
 "model": "grad.scholarship",
 "pk": 15
},
{
 "fields": {
  "amount": "2000.00",
  "comments": null,
  "end_semester": 28,
  "entrydate": null,
  "removed": false,
  "scholarship_type": 1,
  "start_semester": 26,
  "student": 16
 },
 "model": "grad.scholarship",
 "pk": 16
},
{
 "fields": {
  "amount": "2000.00",
  "comments": null,
  "end_semester": 26,
  "entrydate": null,
  "removed": false,
  "scholarship_type": 2,
  "start_semester": 24,
  "student": 17
 },
 "model": "grad.scholarship",
 "pk": 17
},
{
 "fields": {
  "amount": "2000.00",
  "comments": null,
  "end_semester": 32,
  "entrydate": null,
  "removed": false,
  "scholarship_type": 2,
  "start_semester": 30,
  "student": 18
 },
 "model": "grad.scholarship",
 "pk": 18
},
{
 "fields": {
  "amount": "2000.00",
  "comments": null,
  "end_semester": 33,
  "entrydate": null,
  "removed": false,
  "scholarship_type": 2,
  "start_semester": 31,
  "student": 19
 },
 "model": "grad.scholarship",
 "pk": 19
},
{
 "fields": {
  "amount": "2000.00",
  "comments": null,
  "end_semester": 28,
  "entrydate": null,
  "removed": false,
  "scholarship_type": 2,
  "start_semester": 26,
  "student": 20
 },
 "model": "grad.scholarship",
 "pk": 20
},
{
 "fields": {
  "amount": "2000.00",
  "comments": null,
  "end_semester": 31,
  "entrydate": null,
  "removed": false,
  "scholarship_type": 2,
  "start_semester": 29,
  "student": 21
 },
 "model": "grad.scholarship",
 "pk": 21
},
{
 "fields": {
  "amount": "2000.00",
  "comments": null,
  "end_semester": 26,
  "entrydate": null,
  "removed": false,
  "scholarship_type": 1,
  "start_semester": 24,
  "student": 22
 },
 "model": "grad.scholarship",
 "pk": 22
},
{
 "fields": {
  "amount": "2000.00",
  "comments": null,
  "end_semester": 27,
  "entrydate": null,
  "removed": false,
  "scholarship_type": 1,
  "start_semester": 25,
  "student": 23
 },
 "model": "grad.scholarship",
 "pk": 23
},
{
 "fields": {
  "amount": "2000.00",
  "comments": null,
  "end_semester": 32,
  "entrydate": null,
  "removed": false,
  "scholarship_type": 1,
  "start_semester": 30,
  "student": 24
 },
 "model": "grad.scholarship",
 "pk": 24
},
{
 "fields": {
  "amount": "2000.00",
  "comments": null,
  "end_semester": 31,
  "entrydate": null,
  "removed": false,
  "scholarship_type": 2,
  "start_semester": 29,
  "student": 25
 },
 "model": "grad.scholarship",
 "pk": 25
},
{
 "fields": {
  "amount": "1300.00",
  "comments": null,
  "description": "Money fell from the sky",
  "eligible": true,
  "removed": false,
  "semester": 28,
  "student": 1
 },
 "model": "grad.otherfunding",
 "pk": 1
},
{
 "fields": {
  "amount": "1300.00",
  "comments": null,
  "description": "Money fell from the sky",
  "eligible": true,
  "removed": false,
  "semester": 27,
  "student": 2
 },
 "model": "grad.otherfunding",
 "pk": 2
},
{
 "fields": {
  "amount": "1300.00",
  "comments": null,
  "description": "Money fell from the sky",
  "eligible": true,
  "removed": false,
  "semester": 30,
  "student": 3
 },
 "model": "grad.otherfunding",
 "pk": 3
},
{
 "fields": {
  "amount": "1300.00",
  "comments": null,
  "description": "Money fell from the sky",
  "eligible": true,
  "removed": false,
  "semester": 32,
  "student": 4
 },
 "model": "grad.otherfunding",
 "pk": 4
},
{
 "fields": {
  "amount": "1300.00",
  "comments": null,
  "description": "Money fell from the sky",
  "eligible": true,
  "removed": false,
  "semester": 28,
  "student": 5
 },
 "model": "grad.otherfunding",
 "pk": 5
},
{
 "fields": {
  "amount": "1300.00",
  "comments": null,
  "description": "Money fell from the sky",
  "eligible": true,
  "removed": false,
  "semester": 34,
  "student": 6
 },
 "model": "grad.otherfunding",
 "pk": 6
},
{
 "fields": {
  "amount": "1300.00",
  "comments": null,
  "description": "Money fell from the sky",
  "eligible": true,
  "removed": false,
  "semester": 30,
  "student": 7
 },
 "model": "grad.otherfunding",
 "pk": 7
},
{
 "fields": {
  "amount": "1300.00",
  "comments": null,
  "description": "Money fell from the sky",
  "eligible": true,
  "removed": false,
  "semester": 34,
  "student": 8
 },
 "model": "grad.otherfunding",
 "pk": 8
},
{
 "fields": {
  "amount": "1300.00",
  "comments": null,
  "description": "Money fell from the sky",
  "eligible": true,
  "removed": false,
  "semester": 30,
  "student": 9
 },
 "model": "grad.otherfunding",
 "pk": 9
},
{
 "fields": {
  "amount": "1300.00",
  "comments": null,
  "description": "Money fell from the sky",
  "eligible": true,
  "removed": false,
  "semester": 28,
  "student": 10
 },
 "model": "grad.otherfunding",
 "pk": 10
},
{
 "fields": {
  "amount": "1300.00",
  "comments": null,
  "description": "Money fell from the sky",
  "eligible": true,
  "removed": false,
  "semester": 32,
  "student": 11
 },
 "model": "grad.otherfunding",
 "pk": 11
},
{
 "fields": {
  "amount": "1300.00",
  "comments": null,
  "description": "Money fell from the sky",
  "eligible": true,
  "removed": false,
  "semester": 32,
  "student": 12
 },
 "model": "grad.otherfunding",
 "pk": 12
},
{
 "fields": {
  "amount": "1300.00",
  "comments": null,
  "description": "Money fell from the sky",
  "eligible": true,
  "removed": false,
  "semester": 30,
  "student": 13
 },
 "model": "grad.otherfunding",
 "pk": 13
},
{
 "fields": {
  "amount": "1300.00",
  "comments": null,
  "description": "Money fell from the sky",
  "eligible": true,
  "removed": false,
  "semester": 31,
  "student": 14
 },
 "model": "grad.otherfunding",
 "pk": 14
},
{
 "fields": {
  "amount": "1300.00",
  "comments": null,
  "description": "Money fell from the sky",
  "eligible": true,
  "removed": false,
  "semester": 28,
  "student": 15
 },
 "model": "grad.otherfunding",
 "pk": 15
},
{
 "fields": {
  "amount": "1300.00",
  "comments": null,
  "description": "Money fell from the sky",
  "eligible": true,
  "removed": false,
  "semester": 29,
  "student": 16
 },
 "model": "grad.otherfunding",
 "pk": 16
},
{
 "fields": {
  "amount": "1300.00",
  "comments": null,
  "description": "Money fell from the sky",
  "eligible": true,
  "removed": false,
  "semester": 27,
  "student": 17
 },
 "model": "grad.otherfunding",
 "pk": 17
},
{
 "fields": {
  "amount": "1300.00",
  "comments": null,
  "description": "Money fell from the sky",
  "eligible": true,
  "removed": false,
  "semester": 33,
  "student": 18
 },
 "model": "grad.otherfunding",
 "pk": 18
},
{
 "fields": {
  "amount": "1300.00",
  "comments": null,
  "description": "Money fell from the sky",
  "eligible": true,
  "removed": false,
  "semester": 34,
  "student": 19
 },
 "model": "grad.otherfunding",
 "pk": 19
},
{
 "fields": {
  "amount": "1300.00",
  "comments": null,
  "description": "Money fell from the sky",
  "eligible": true,
  "removed": false,
  "semester": 29,
  "student": 20
 },
 "model": "grad.otherfunding",
 "pk": 20
},
{
 "fields": {
  "amount": "1300.00",
  "comments": null,
  "description": "Money fell from the sky",
  "eligible": true,
  "removed": false,
  "semester": 32,
  "student": 21
 },
 "model": "grad.otherfunding",
 "pk": 21
},
{
 "fields": {
  "amount": "1300.00",
  "comments": null,
  "description": "Money fell from the sky",
  "eligible": true,
  "removed": false,
  "semester": 27,
  "student": 22
 },
 "model": "grad.otherfunding",
 "pk": 22
},
{
 "fields": {
  "amount": "1300.00",
  "comments": null,
  "description": "Money fell from the sky",
  "eligible": true,
  "removed": false,
  "semester": 28,
  "student": 23
 },
 "model": "grad.otherfunding",
 "pk": 23
},
{
 "fields": {
  "amount": "1300.00",
  "comments": null,
  "description": "Money fell from the sky",
  "eligible": true,
  "removed": false,
  "semester": 33,
  "student": 24
 },
 "model": "grad.otherfunding",
 "pk": 24
},
{
 "fields": {
  "amount": "1300.00",
  "comments": null,
  "description": "Money fell from the sky",
  "eligible": true,
  "removed": false,
  "semester": 32,
  "student": 25
 },
 "model": "grad.otherfunding",
 "pk": 25
},
{
 "fields": {
  "amount": "10000.00",
  "comments": null,
  "end_semester": 26,
  "removed": false,
  "start_semester": 25,
  "student": 1
 },
 "model": "grad.promise",
 "pk": 1
},
{
 "fields": {
  "amount": "10000.00",
  "comments": null,
  "end_semester": 28,
  "removed": false,
  "start_semester": 27,
  "student": 1
 },
 "model": "grad.promise",
 "pk": 2
},
{
 "fields": {
  "amount": "10000.00",
  "comments": null,
  "end_semester": 25,
  "removed": false,
  "start_semester": 24,
  "student": 2
 },
 "model": "grad.promise",
 "pk": 3
},
{
 "fields": {
  "amount": "10000.00",
  "comments": null,
  "end_semester": 27,
  "removed": false,
  "start_semester": 26,
  "student": 2
 },
 "model": "grad.promise",
 "pk": 4
},
{
 "fields": {
  "amount": "10000.00",
  "comments": null,
  "end_semester": 28,
  "removed": false,
  "start_semester": 27,
  "student": 3
 },
 "model": "grad.promise",
 "pk": 5
},
{
 "fields": {
  "amount": "10000.00",
  "comments": null,
  "end_semester": 30,
  "removed": false,
  "start_semester": 29,
  "student": 3
 },
 "model": "grad.promise",
 "pk": 6
},
{
 "fields": {
  "amount": "10000.00",
  "comments": null,
  "end_semester": 30,
  "removed": false,
  "start_semester": 29,
  "student": 4
 },
 "model": "grad.promise",
 "pk": 7
},
{
 "fields": {
  "amount": "10000.00",
  "comments": null,
  "end_semester": 32,
  "removed": false,
  "start_semester": 31,
  "student": 4
 },
 "model": "grad.promise",
 "pk": 8
},
{
 "fields": {
  "amount": "10000.00",
  "comments": null,
  "end_semester": 26,
  "removed": false,
  "start_semester": 25,
  "student": 5
 },
 "model": "grad.promise",
 "pk": 9
},
{
 "fields": {
  "amount": "10000.00",
  "comments": null,
  "end_semester": 28,
  "removed": false,
  "start_semester": 27,
  "student": 5
 },
 "model": "grad.promise",
 "pk": 10
},
{
 "fields": {
  "amount": "10000.00",
  "comments": null,
  "end_semester": 32,
  "removed": false,
  "start_semester": 31,
  "student": 6
 },
 "model": "grad.promise",
 "pk": 11
},
{
 "fields": {
  "amount": "10000.00",
  "comments": null,
  "end_semester": 34,
  "removed": false,
  "start_semester": 33,
  "student": 6
 },
 "model": "grad.promise",
 "pk": 12
},
{
 "fields": {
  "amount": "10000.00",
  "comments": null,
  "end_semester": 28,
  "removed": false,
  "start_semester": 27,
  "student": 7
 },
 "model": "grad.promise",
 "pk": 13
},
{
 "fields": {
  "amount": "10000.00",
  "comments": null,
  "end_semester": 30,
  "removed": false,
  "start_semester": 29,
  "student": 7
 },
 "model": "grad.promise",
 "pk": 14
},
{
 "fields": {
  "amount": "10000.00",
  "comments": null,
  "end_semester": 32,
  "removed": false,
  "start_semester": 31,
  "student": 8
 },
 "model": "grad.promise",
 "pk": 15
},
{
 "fields": {
  "amount": "10000.00",
  "comments": null,
  "end_semester": 34,
  "removed": false,
  "start_semester": 33,
  "student": 8
 },
 "model": "grad.promise",
 "pk": 16
},
{
 "fields": {
  "amount": "10000.00",
  "comments": null,
  "end_semester": 28,
  "removed": false,
  "start_semester": 27,
  "student": 9
 },
 "model": "grad.promise",
 "pk": 17
},
{
 "fields": {
  "amount": "10000.00",
  "comments": null,
  "end_semester": 30,
  "removed": false,
  "start_semester": 29,
  "student": 9
 },
 "model": "grad.promise",
 "pk": 18
},
{
 "fields": {
  "amount": "10000.00",
  "comments": null,
  "end_semester": 26,
  "removed": false,
  "start_semester": 25,
  "student": 10
 },
 "model": "grad.promise",
 "pk": 19
},
{
 "fields": {
  "amount": "10000.00",
  "comments": null,
  "end_semester": 28,
  "removed": false,
  "start_semester": 27,
  "student": 10
 },
 "model": "grad.promise",
 "pk": 20
},
{
 "fields": {
  "amount": "10000.00",
  "comments": null,
  "end_semester": 30,
  "removed": false,
  "start_semester": 29,
  "student": 11
 },
 "model": "grad.promise",
 "pk": 21
},
{
 "fields": {
  "amount": "10000.00",
  "comments": null,
  "end_semester": 32,
  "removed": false,
  "start_semester": 31,
  "student": 11
 },
 "model": "grad.promise",
 "pk": 22
},
{
 "fields": {
  "amount": "10000.00",
  "comments": null,
  "end_semester": 30,
  "removed": false,
  "start_semester": 29,
  "student": 12
 },
 "model": "grad.promise",
 "pk": 23
},
{
 "fields": {
  "amount": "10000.00",
  "comments": null,
  "end_semester": 32,
  "removed": false,
  "start_semester": 31,
  "student": 12
 },
 "model": "grad.promise",
 "pk": 24
},
{
 "fields": {
  "amount": "10000.00",
  "comments": null,
  "end_semester": 28,
  "removed": false,
  "start_semester": 27,
  "student": 13
 },
 "model": "grad.promise",
 "pk": 25
},
{
 "fields": {
  "amount": "10000.00",
  "comments": null,
  "end_semester": 30,
  "removed": false,
  "start_semester": 29,
  "student": 13
 },
 "model": "grad.promise",
 "pk": 26
},
{
 "fields": {
  "amount": "10000.00",
  "comments": null,
  "end_semester": 29,
  "removed": false,
  "start_semester": 28,
  "student": 14
 },
 "model": "grad.promise",
 "pk": 27
},
{
 "fields": {
  "amount": "10000.00",
  "comments": null,
  "end_semester": 31,
  "removed": false,
  "start_semester": 30,
  "student": 14
 },
 "model": "grad.promise",
 "pk": 28
},
{
 "fields": {
  "amount": "10000.00",
  "comments": null,
  "end_semester": 26,
  "removed": false,
  "start_semester": 25,
  "student": 15
 },
 "model": "grad.promise",
 "pk": 29
},
{
 "fields": {
  "amount": "10000.00",
  "comments": null,
  "end_semester": 28,
  "removed": false,
  "start_semester": 27,
  "student": 15
 },
 "model": "grad.promise",
 "pk": 30
},
{
 "fields": {
  "amount": "10000.00",
  "comments": null,
  "end_semester": 27,
  "removed": false,
  "start_semester": 26,
  "student": 16
 },
 "model": "grad.promise",
 "pk": 31
},
{
 "fields": {
  "amount": "10000.00",
  "comments": null,
  "end_semester": 29,
  "removed": false,
  "start_semester": 28,
  "student": 16
 },
 "model": "grad.promise",
 "pk": 32
},
{
 "fields": {
  "amount": "10000.00",
  "comments": null,
  "end_semester": 25,
  "removed": false,
  "start_semester": 24,
  "student": 17
 },
 "model": "grad.promise",
 "pk": 33
},
{
 "fields": {
  "amount": "10000.00",
  "comments": null,
  "end_semester": 27,
  "removed": false,
  "start_semester": 26,
  "student": 17
 },
 "model": "grad.promise",
 "pk": 34
},
{
 "fields": {
  "amount": "10000.00",
  "comments": null,
  "end_semester": 31,
  "removed": false,
  "start_semester": 30,
  "student": 18
 },
 "model": "grad.promise",
 "pk": 35
},
{
 "fields": {
  "amount": "10000.00",
  "comments": null,
  "end_semester": 33,
  "removed": false,
  "start_semester": 32,
  "student": 18
 },
 "model": "grad.promise",
 "pk": 36
},
{
 "fields": {
  "amount": "10000.00",
  "comments": null,
  "end_semester": 32,
  "removed": false,
  "start_semester": 31,
  "student": 19
 },
 "model": "grad.promise",
 "pk": 37
},
{
 "fields": {
  "amount": "10000.00",
  "comments": null,
  "end_semester": 34,
  "removed": false,
  "start_semester": 33,
  "student": 19
 },
 "model": "grad.promise",
 "pk": 38
},
{
 "fields": {
  "amount": "10000.00",
  "comments": null,
  "end_semester": 27,
  "removed": false,
  "start_semester": 26,
  "student": 20
 },
 "model": "grad.promise",
 "pk": 39
},
{
 "fields": {
  "amount": "10000.00",
  "comments": null,
  "end_semester": 29,
  "removed": false,
  "start_semester": 28,
  "student": 20
 },
 "model": "grad.promise",
 "pk": 40
},
{
 "fields": {
  "amount": "10000.00",
  "comments": null,
  "end_semester": 30,
  "removed": false,
  "start_semester": 29,
  "student": 21
 },
 "model": "grad.promise",
 "pk": 41
},
{
 "fields": {
  "amount": "10000.00",
  "comments": null,
  "end_semester": 32,
  "removed": false,
  "start_semester": 31,
  "student": 21
 },
 "model": "grad.promise",
 "pk": 42
},
{
 "fields": {
  "amount": "10000.00",
  "comments": null,
  "end_semester": 25,
  "removed": false,
  "start_semester": 24,
  "student": 22
 },
 "model": "grad.promise",
 "pk": 43
},
{
 "fields": {
  "amount": "10000.00",
  "comments": null,
  "end_semester": 27,
  "removed": false,
  "start_semester": 26,
  "student": 22
 },
 "model": "grad.promise",
 "pk": 44
},
{
 "fields": {
  "amount": "10000.00",
  "comments": null,
  "end_semester": 26,
  "removed": false,
  "start_semester": 25,
  "student": 23
 },
 "model": "grad.promise",
 "pk": 45
},
{
 "fields": {
  "amount": "10000.00",
  "comments": null,
  "end_semester": 28,
  "removed": false,
  "start_semester": 27,
  "student": 23
 },
 "model": "grad.promise",
 "pk": 46
},
{
 "fields": {
  "amount": "10000.00",
  "comments": null,
  "end_semester": 31,
  "removed": false,
  "start_semester": 30,
  "student": 24
 },
 "model": "grad.promise",
 "pk": 47
},
{
 "fields": {
  "amount": "10000.00",
  "comments": null,
  "end_semester": 33,
  "removed": false,
  "start_semester": 32,
  "student": 24
 },
 "model": "grad.promise",
 "pk": 48
},
{
 "fields": {
  "amount": "10000.00",
  "comments": null,
  "end_semester": 30,
  "removed": false,
  "start_semester": 29,
  "student": 25
 },
 "model": "grad.promise",
 "pk": 49
},
{
 "fields": {
  "amount": "10000.00",
  "comments": null,
  "end_semester": 32,
  "removed": false,
  "start_semester": 31,
  "student": 25
 },
 "model": "grad.promise",
 "pk": 50
},
{
 "fields": {
  "created_at": "2026-01-30T10:51:11.105",
  "date": null,
  "notes": null,
  "removed": false,
  "requirement": 7,
  "semester": 28,
  "student": 3,
  "updated_at": "2026-01-30T10:51:11.105"
 },
 "model": "grad.completedrequirement",
 "pk": 1
},
{
 "fields": {
  "created_at": "2026-01-30T10:51:11.204",
  "date": null,
  "notes": null,
  "removed": false,
  "requirement": 7,
  "semester": 32,
  "student": 6,
  "updated_at": "2026-01-30T10:51:11.204"
 },
 "model": "grad.completedrequirement",
 "pk": 2
},
{
 "fields": {
  "created_at": "2026-01-30T10:51:11.228",
  "date": null,
  "notes": null,
  "removed": false,
  "requirement": 7,
  "semester": 28,
  "student": 7,
  "updated_at": "2026-01-30T10:51:11.228"
 },
 "model": "grad.completedrequirement",
 "pk": 3
},
{
 "fields": {
  "created_at": "2026-01-30T10:51:11.283",
  "date": null,
  "notes": null,
  "removed": false,
  "requirement": 7,
  "semester": 28,
  "student": 9,
  "updated_at": "2026-01-30T10:51:11.283"
 },
 "model": "grad.completedrequirement",
 "pk": 4
},
{
 "fields": {
  "created_at": "2026-01-30T10:51:11.379",
  "date": null,
  "notes": null,
  "removed": false,
  "requirement": 7,
  "semester": 30,
  "student": 12,
  "updated_at": "2026-01-30T10:51:11.379"
 },
 "model": "grad.completedrequirement",
 "pk": 5
},
{
 "fields": {
  "created_at": "2026-01-30T10:51:11.567",
  "date": null,
  "notes": null,
  "removed": false,
  "requirement": 7,
  "semester": 25,
  "student": 17,
  "updated_at": "2026-01-30T10:51:11.567"
 },
 "model": "grad.completedrequirement",
 "pk": 6
},
{
 "fields": {
  "created_at": "2026-01-30T10:51:11.617",
  "date": null,
  "notes": null,
  "removed": false,
  "requirement": 7,
  "semester": 31,
  "student": 18,
  "updated_at": "2026-01-30T10:51:11.617"
 },
 "model": "grad.completedrequirement",
 "pk": 7
},
{
 "fields": {
  "flag": 2,
  "student": 1,
  "value": true
 },
 "model": "grad.gradflagvalue",
 "pk": 1
},
{
 "fields": {
  "flag": 2,
  "student": 4,
  "value": true
 },
 "model": "grad.gradflagvalue",
 "pk": 2
},
{
 "fields": {
  "flag": 2,
  "student": 5,
  "value": true
 },
 "model": "grad.gradflagvalue",
 "pk": 3
},
{
 "fields": {
  "flag": 2,
  "student": 9,
  "value": true
 },
 "model": "grad.gradflagvalue",
 "pk": 4
},
{
 "fields": {
  "flag": 2,
  "student": 13,
  "value": true
 },
 "model": "grad.gradflagvalue",
 "pk": 5
},
{
 "fields": {
  "flag": 2,
  "student": 18,
  "value": true
 },
 "model": "grad.gradflagvalue",
 "pk": 6
},
{
 "fields": {
  "config": "{}",
  "created_at": "2026-01-30T10:51:11.051",
  "created_by": "",
  "external": null,
  "modified_by": null,
  "removed": false,
  "student": 1,
  "supervisor": 1,
  "supervisor_type": "POT",
  "updated_at": "2026-01-30T10:51:11.051"
 },
 "model": "grad.supervisor",
 "pk": 1
},
{
 "fields": {
  "config": "{}",
  "created_at": "2026-01-30T10:51:11.052",
  "created_by": "",
  "external": null,
  "modified_by": null,
  "removed": false,
  "student": 1,
  "supervisor": 1,
  "supervisor_type": "SEN",
  "updated_at": "2026-01-30T10:51:11.052"
 },
 "model": "grad.supervisor",
 "pk": 2
},
{
 "fields": {
  "config": "{}",
  "created_at": "2026-01-30T10:51:11.053",
  "created_by": "",
  "external": null,
  "modified_by": null,
  "removed": false,
  "student": 1,
  "supervisor": 1,
  "supervisor_type": "COM",
  "updated_at": "2026-01-30T10:51:11.053"
 },
 "model": "grad.supervisor",
 "pk": 3
},
{
 "fields": {
  "config": "{}",
  "created_at": "2026-01-30T10:51:11.077",
  "created_by": "",
  "external": null,
  "modified_by": null,
  "removed": false,
  "student": 2,
  "supervisor": 1,
  "supervisor_type": "POT",
  "updated_at": "2026-01-30T10:51:11.077"
 },
 "model": "grad.supervisor",
 "pk": 4
},
{
 "fields": {
  "config": "{}",
  "created_at": "2026-01-30T10:51:11.106",
  "created_by": "",
  "external": null,
  "modified_by": null,
  "removed": false,
  "student": 3,
  "supervisor": 1,
  "supervisor_type": "POT",
  "updated_at": "2026-01-30T10:51:11.106"
 },
 "model": "grad.supervisor",
 "pk": 5
},
{
 "fields": {
  "config": "{}",
  "created_at": "2026-01-30T10:51:11.169",
  "created_by": "",
  "external": null,
  "modified_by": null,
  "removed": false,
  "student": 5,
  "supervisor": 1,
  "supervisor_type": "POT",
  "updated_at": "2026-01-30T10:51:11.170"
 },
 "model": "grad.supervisor",
 "pk": 6
},
{
 "fields": {
  "config": "{}",
  "created_at": "2026-01-30T10:51:11.171",
  "created_by": "",
  "external": null,
  "modified_by": null,
  "removed": false,
  "student": 5,
  "supervisor": 1,
  "supervisor_type": "SEN",
  "updated_at": "2026-01-30T10:51:11.171"
 },
 "model": "grad.supervisor",
 "pk": 7
},
{
 "fields": {
  "config": "{}",
  "created_at": "2026-01-30T10:51:11.172",
  "created_by": "",
  "external": null,
  "modified_by": null,
  "removed": false,
  "student": 5,
  "supervisor": 1,
  "supervisor_type": "COM",
  "updated_at": "2026-01-30T10:51:11.172"
 },
 "model": "grad.supervisor",
 "pk": 8
},
{
 "fields": {
  "config": "{}",
  "created_at": "2026-01-30T10:51:11.205",
  "created_by": "",
  "external": null,
  "modified_by": null,
  "removed": false,
  "student": 6,
  "supervisor": 1,
  "supervisor_type": "POT",
  "updated_at": "2026-01-30T10:51:11.205"
 },
 "model": "grad.supervisor",
 "pk": 9
},
{
 "fields": {
  "config": "{}",
  "created_at": "2026-01-30T10:51:11.261",
  "created_by": "",
  "external": null,
  "modified_by": null,
  "removed": false,
  "student": 8,
  "supervisor": 1,
  "supervisor_type": "POT",
  "updated_at": "2026-01-30T10:51:11.261"
 },
 "model": "grad.supervisor",
 "pk": 10
},
{
 "fields": {
  "config": "{}",
  "created_at": "2026-01-30T10:51:11.285",
  "created_by": "",
  "external": null,
  "modified_by": null,
  "removed": false,
  "student": 9,
  "supervisor": 1,
  "supervisor_type": "POT",
  "updated_at": "2026-01-30T10:51:11.285"
 },
 "model": "grad.supervisor",
 "pk": 11
},
{
 "fields": {
  "config": "{}",
  "created_at": "2026-01-30T10:51:11.319",
  "created_by": "",
  "external": null,
  "modified_by": null,
  "removed": false,
  "student": 10,
  "supervisor": 1,
  "supervisor_type": "POT",
  "updated_at": "2026-01-30T10:51:11.319"
 },
 "model": "grad.supervisor",
 "pk": 12
},
{
 "fields": {
  "config": "{}",
  "created_at": "2026-01-30T10:51:11.347",
  "created_by": "",
  "external": null,
  "modified_by": null,
  "removed": false,
  "student": 11,
  "supervisor": 1,
  "supervisor_type": "POT",
  "updated_at": "2026-01-30T10:51:11.347"
 },
 "model": "grad.supervisor",
 "pk": 13
},
{
 "fields": {
  "config": "{}",
  "created_at": "2026-01-30T10:51:11.348",
  "created_by": "",
  "external": null,
  "modified_by": null,
  "removed": false,
  "student": 11,
  "supervisor": 1,
  "supervisor_type": "SEN",
  "updated_at": "2026-01-30T10:51:11.349"
 },
 "model": "grad.supervisor",
 "pk": 14
},
{
 "fields": {
  "config": "{}",
  "created_at": "2026-01-30T10:51:11.349",
  "created_by": "",
  "external": null,
  "modified_by": null,
  "removed": false,
  "student": 11,
  "supervisor": 1,
  "supervisor_type": "COM",
  "updated_at": "2026-01-30T10:51:11.350"
 },
 "model": "grad.supervisor",
 "pk": 15
},
{
 "fields": {
  "config": "{}",
  "created_at": "2026-01-30T10:51:11.380",
  "created_by": "",
  "external": null,
  "modified_by": null,
  "removed": false,
  "student": 12,
  "supervisor": 1,
  "supervisor_type": "POT",
  "updated_at": "2026-01-30T10:51:11.380"
 },
 "model": "grad.supervisor",
 "pk": 16
},
{
 "fields": {
  "config": "{}",
  "created_at": "2026-01-30T10:51:11.415",
  "created_by": "",
  "external": null,
  "modified_by": null,
  "removed": false,
  "student": 13,
  "supervisor": 1,
  "supervisor_type": "POT",
  "updated_at": "2026-01-30T10:51:11.415"
 },
 "model": "grad.supervisor",
 "pk": 17
},
{
 "fields": {
  "config": "{}",
  "created_at": "2026-01-30T10:51:11.416",
  "created_by": "",
  "external": null,
  "modified_by": null,
  "removed": false,
  "student": 13,
  "supervisor": 1,
  "supervisor_type": "SEN",
  "updated_at": "2026-01-30T10:51:11.416"
 },
 "model": "grad.supervisor",
 "pk": 18
},
{
 "fields": {
  "config": "{}",
  "created_at": "2026-01-30T10:51:11.417",
  "created_by": "",
  "external": null,
  "modified_by": null,
  "removed": false,
  "student": 13,
  "supervisor": 1,
  "supervisor_type": "COM",
  "updated_at": "2026-01-30T10:51:11.417"
 },
 "model": "grad.supervisor",
 "pk": 19
},
{
 "fields": {
  "config": "{}",
  "created_at": "2026-01-30T10:51:11.785",
  "created_by": "",
  "external": null,
  "modified_by": null,
  "removed": false,
  "student": 23,
  "supervisor": 1,
  "supervisor_type": "POT",
  "updated_at": "2026-01-30T10:51:11.786"
 },
 "model": "grad.supervisor",
 "pk": 20
},
{
 "fields": {
  "config": "{}",
  "created_at": "2026-01-30T10:51:11.787",
  "created_by": "",
  "external": null,
  "modified_by": null,
  "removed": false,
  "student": 23,
  "supervisor": 1,
  "supervisor_type": "SEN",
  "updated_at": "2026-01-30T10:51:11.787"
 },
 "model": "grad.supervisor",
 "pk": 21
},
{
 "fields": {
  "config": "{}",
  "created_at": "2026-01-30T10:51:11.788",
  "created_by": "",
  "external": null,
  "modified_by": null,
  "removed": false,
  "student": 23,
  "supervisor": 1,
  "supervisor_type": "COM",
  "updated_at": "2026-01-30T10:51:11.788"
 },
 "model": "grad.supervisor",
 "pk": 22
},
{
 "fields": {
  "config": "{}",
  "created_at": "2026-01-30T10:51:11.822",
  "created_by": "",
  "external": null,
  "modified_by": null,
  "removed": false,
  "student": 24,
  "supervisor": 1,
  "supervisor_type": "POT",
  "updated_at": "2026-01-30T10:51:11.822"
 },
 "model": "grad.supervisor",
 "pk": 23
},
{
 "fields": {
  "config": "{}",
  "created_at": "2026-01-30T10:51:11.873",
  "created_by": "",
  "external": null,
  "modified_by": null,
  "removed": false,
  "student": 25,
  "supervisor": 1,
  "supervisor_type": "POT",
  "updated_at": "2026-01-30T10:51:11.874"
 },
 "model": "grad.supervisor",
 "pk": 24
},
{
 "fields": {
  "config": "{}",
  "created_at": "2026-01-30T10:51:11.875",
  "created_by": "",
  "external": null,
  "modified_by": null,
  "removed": false,
  "student": 25,
  "supervisor": 1,
  "supervisor_type": "SEN",
  "updated_at": "2026-01-30T10:51:11.875"
 },
 "model": "grad.supervisor",
 "pk": 25
},
{
 "fields": {
  "config": "{}",
  "created_at": "2026-01-30T10:51:11.877",
  "created_by": "",
  "external": null,
  "modified_by": null,
  "removed": false,
  "student": 25,
  "supervisor": 1,
  "supervisor_type": "COM",
  "updated_at": "2026-01-30T10:51:11.877"
 },
 "model": "grad.supervisor",
 "pk": 26
}
]
