[
{
 "fields": {
  "config": "{}",
  "person": 5,
  "role": "GRAD",
  "unit": 5
 },
 "model": "coredata.role",
 "pk": 5
},
{
 "fields": {
  "config": "{}",
  "person": 2,
  "role": "GRPD",
  "unit": 5
 },
 "model": "coredata.role",
 "pk": 6
},
{
 "fields": {
  "created_at": "2015-03-19T21:04:47.856",
  "created_by": "",
  "description": "MSc Course option",
  "hidden": false,
  "label": "MSc Course",
  "modified_by": null,
  "slug": "msccourse",
  "unit": 5,
  "updated_at": "2015-03-19T21:04:47.856"
 },
 "model": "grad.gradprogram",
 "pk": 1
},
{
 "fields": {
  "created_at": "2015-03-19T21:04:47.982",
  "created_by": "",
  "description": "MSc Project option",
  "hidden": false,
  "label": "MSc Proj",
  "modified_by": null,
  "slug": "mscproj",
  "unit": 5,
  "updated_at": "2015-03-19T21:04:47.982"
 },
 "model": "grad.gradprogram",
 "pk": 2
},
{
 "fields": {
  "created_at": "2015-03-19T21:04:48.123",
  "created_by": "",
  "description": "MSc Thesis option",
  "hidden": false,
  "label": "MSc Thesis",
  "modified_by": null,
  "slug": "mscthesis",
  "unit": 5,
  "updated_at": "2015-03-19T21:04:48.123"
 },
 "model": "grad.gradprogram",
 "pk": 3
},
{
 "fields": {
  "created_at": "2015-03-19T21:04:48.235",
  "created_by": "",
  "description": "Doctor of Philosophy",
  "hidden": false,
  "label": "PhD",
  "modified_by": null,
  "slug": "phd",
  "unit": 5,
  "updated_at": "2015-03-19T21:04:48.235"
 },
 "model": "grad.gradprogram",
 "pk": 4
},
{
 "fields": {
  "created_at": "2015-03-19T21:04:48.360",
  "created_by": "",
  "description": "Qualifying student",
  "hidden": false,
  "label": "Qualifying",
  "modified_by": null,
  "slug": "qualifying",
  "unit": 5,
  "updated_at": "2015-03-19T21:04:48.360"
 },
 "model": "grad.gradprogram",
 "pk": 5
},
{
 "fields": {
  "created_at": "2015-03-19T21:04:48.569",
  "created_by": "",
  "description": "Special Arrangements",
  "hidden": false,
  "label": "Special",
  "modified_by": null,
  "slug": "special",
  "unit": 5,
  "updated_at": "2015-03-19T21:04:48.569"
 },
 "model": "grad.gradprogram",
 "pk": 6
},
{
 "fields": {
  "comments": null,
  "eligible": false,
  "hidden": false,
  "name": "Scholarship-o-rama",
  "unit": 5
 },
 "model": "grad.scholarshiptype",
 "pk": 1
},
{
 "fields": {
  "comments": null,
  "eligible": true,
  "hidden": false,
  "name": "Generic Scholarship #8",
  "unit": 5
 },
 "model": "grad.scholarshiptype",
 "pk": 2
},
{
 "fields": {
  "created_at": "2015-03-19T21:04:48.704",
  "description": "Achieved Speciality",
  "hidden": false,
  "program": 6,
  "series": 1,
  "updated_at": "2015-03-19T21:04:48.704"
 },
 "model": "grad.gradrequirement",
 "pk": 1
},
{
 "fields": {
  "created_at": "2015-03-19T21:04:48.830",
  "description": "Found campus",
  "hidden": false,
  "program": 1,
  "series": 2,
  "updated_at": "2015-03-19T21:04:48.830"
 },
 "model": "grad.gradrequirement",
 "pk": 2
},
{
 "fields": {
  "created_at": "2015-03-19T21:04:49.070",
  "description": "Found campus",
  "hidden": false,
  "program": 2,
  "series": 2,
  "updated_at": "2015-03-19T21:04:49.070"
 },
 "model": "grad.gradrequirement",
 "pk": 3
},
{
 "fields": {
  "created_at": "2015-03-19T21:04:49.213",
  "description": "Found campus",
  "hidden": false,
  "program": 3,
  "series": 2,
  "updated_at": "2015-03-19T21:04:49.213"
 },
 "model": "grad.gradrequirement",
 "pk": 4
},
{
 "fields": {
  "created_at": "2015-03-19T21:04:49.346",
  "description": "Found campus",
  "hidden": false,
  "program": 4,
  "series": 2,
  "updated_at": "2015-03-19T21:04:49.346"
 },
 "model": "grad.gradrequirement",
 "pk": 5
},
{
 "fields": {
  "created_at": "2015-03-19T21:04:49.471",
  "description": "Found campus",
  "hidden": false,
  "program": 5,
  "series": 2,
  "updated_at": "2015-03-19T21:04:49.471"
 },
 "model": "grad.gradrequirement",
 "pk": 6
},
{
 "fields": {
  "created_at": "2015-03-19T21:04:49.597",
  "description": "Found campus",
  "hidden": false,
  "program": 6,
  "series": 2,
  "updated_at": "2015-03-19T21:04:49.597"
 },
 "model": "grad.gradrequirement",
 "pk": 7
},
{
 "fields": {
  "content": "Congratulations, {{first_name}}, we would like to offer you admission to the {{program}} program in Computing Science at SFU.\r\n\r\nThis is good news. Really.",
  "created_at": "2015-03-19T21:04:47.397",
  "created_by": "",
  "hidden": false,
  "label": "offer",
  "slug": "cmpt-offer",
  "unit": 5
 },
 "model": "grad.lettertemplate",
 "pk": 1
},
{
 "fields": {
  "content": "This is to confirm that {{title}} {{first_name}} {{last_name}} is currently enrolled as a full time student in the {{program}} in the School of Computing Science at SFU.",
  "created_at": "2015-03-19T21:04:47.564",
  "created_by": "",
  "hidden": false,
  "label": "visa",
  "slug": "cmpt-visa",
  "unit": 5
 },
 "model": "grad.lettertemplate",
 "pk": 2
},
{
 "fields": {
  "content": "This is to confirm that {{title}} {{first_name}} {{last_name}} is a student in the School of Computing Science's {{program}} program. {{He_She}} has been employed as follows:\r\n\r\n{% if tafunding %}Teaching assistant responsibilities include providing tutorials, office hours and marking assignments. {{title}} {{last_name}}'s assignments have been:\r\n\r\n{{ tafunding }}{% endif %}\r\n{% if rafunding %}Research assistants assist/provide research services to faculty. {{title}} {{last_name}}'s assignments have been:\r\n\r\n{{ rafunding }}{% endif %}\r\n{% if scholarships %}{{title}} {{last_name}} has received the following scholarships:\r\n\r\n{{ scholarships }}{% endif %}\r\n\r\n{{title}} {{last_name}} is making satisfactory progress.",
  "created_at": "2015-03-19T21:04:47.706",
  "created_by": "",
  "hidden": false,
  "label": "Funding",
  "slug": "cmpt-funding",
  "unit": 5
 },
 "model": "grad.lettertemplate",
 "pk": 3
},
{
 "fields": {
  "label": "Dual Degree Program",
  "unit": 5
 },
 "model": "grad.gradflag",
 "pk": 1
},
{
 "fields": {
  "label": "Co-op",
  "unit": 5
 },
 "model": "grad.gradflag",
 "pk": 2
},
{
 "fields": {
  "campus": "OFFST",
  "comments": "",
  "config": "{}",
  "created_at": "2015-03-19T21:04:50.220",
  "created_by": "",
  "current_status": "ACTI",
  "end_semester": null,
  "english_fluency": "",
  "is_canadian": true,
  "modified_by": null,
  "mother_tongue": "",
  "passport_issued_by": "",
  "person": 29,
  "program": 6,
  "research_area": "Fbgmrksfology",
  "slug": "0ggg7-special",
  "start_semester": 148,
  "updated_at": "2015-03-19T21:04:51.588"
 },
 "model": "grad.gradstudent",
 "pk": 1
},
{
 "fields": {
  "campus": "VANCR",
  "comments": "",
  "config": "{}",
  "created_at": "2015-03-19T21:04:53.369",
  "created_by": "",
  "current_status": "ACTI",
  "end_semester": null,
  "english_fluency": "",
  "is_canadian": false,
  "modified_by": null,
  "mother_tongue": "",
  "passport_issued_by": "",
  "person": 47,
  "program": 5,
  "research_area": "Uhxhlcrzology",
  "slug": "0ggg16-qualifying",
  "start_semester": 147,
  "updated_at": "2015-03-19T21:04:54.771"
 },
 "model": "grad.gradstudent",
 "pk": 2
},
{
 "fields": {
  "campus": "SURRY",
  "comments": "",
  "config": "{}",
  "created_at": "2015-03-19T21:04:56.438",
  "created_by": "",
  "current_status": "ACTI",
  "end_semester": null,
  "english_fluency": "",
  "is_canadian": false,
  "modified_by": null,
  "mother_tongue": "",
  "passport_issued_by": "",
  "person": 17,
  "program": 4,
  "research_area": "Rgyhnpybology",
  "slug": "0ggg1-phd",
  "start_semester": 143,
  "updated_at": "2015-03-19T21:04:57.770"
 },
 "model": "grad.gradstudent",
 "pk": 3
},
{
 "fields": {
  "campus": "METRO",
  "comments": "",
  "config": "{}",
  "created_at": "2015-03-19T21:04:58.703",
  "created_by": "",
  "current_status": "ACTI",
  "end_semester": null,
  "english_fluency": "",
  "is_canadian": null,
  "modified_by": null,
  "mother_tongue": "",
  "passport_issued_by": "",
  "person": 19,
  "program": 2,
  "research_area": "Phwokkccology",
  "slug": "0ggg2-mscproj",
  "start_semester": 143,
  "updated_at": "2015-03-19T21:04:59.929"
 },
 "model": "grad.gradstudent",
 "pk": 4
},
{
 "fields": {
  "campus": "VANCR",
  "comments": "",
  "config": "{}",
  "created_at": "2015-03-19T21:05:00.653",
  "created_by": "",
  "current_status": "ACTI",
  "end_semester": null,
  "english_fluency": "",
  "is_canadian": null,
  "modified_by": null,
  "mother_tongue": "",
  "passport_issued_by": "",
  "person": 37,
  "program": 6,
  "research_area": "Bbigkszuology",
  "slug": "0ggg11-special",
  "start_semester": 149,
  "updated_at": "2015-03-19T21:05:01.894"
 },
 "model": "grad.gradstudent",
 "pk": 5
},
{
 "fields": {
  "campus": "SURRY",
  "comments": "",
  "config": "{}",
  "created_at": "2015-03-19T21:05:03.459",
  "created_by": "",
  "current_status": "ACTI",
  "end_semester": null,
  "english_fluency": "",
  "is_canadian": true,
  "modified_by": null,
  "mother_tongue": "",
  "passport_issued_by": "",
  "person": 25,
  "program": 5,
  "research_area": "Brbrmzkeology",
  "slug": "0ggg5-qualifying",
  "start_semester": 148,
  "updated_at": "2015-03-19T21:05:04.883"
 },
 "model": "grad.gradstudent",
 "pk": 6
},
{
 "fields": {
  "campus": "OFFST",
  "comments": "",
  "config": "{}",
  "created_at": "2015-03-19T21:05:06.096",
  "created_by": "",
  "current_status": "ACTI",
  "end_semester": null,
  "english_fluency": "",
  "is_canadian": true,
  "modified_by": null,
  "mother_tongue": "",
  "passport_issued_by": "",
  "person": 45,
  "program": 3,
  "research_area": "Dnnibkawology",
  "slug": "0ggg15-mscthesis",
  "start_semester": 143,
  "updated_at": "2015-03-19T21:05:07.295"
 },
 "model": "grad.gradstudent",
 "pk": 7
},
{
 "fields": {
  "campus": "VANCR",
  "comments": "",
  "config": "{}",
  "created_at": "2015-03-19T21:05:08.424",
  "created_by": "",
  "current_status": "ACTI",
  "end_semester": null,
  "english_fluency": "",
  "is_canadian": false,
  "modified_by": null,
  "mother_tongue": "",
  "passport_issued_by": "",
  "person": 49,
  "program": 1,
  "research_area": "Bjjpbuvyology",
  "slug": "0ggg17-msccourse",
  "start_semester": 146,
  "updated_at": "2015-03-19T21:05:09.896"
 },
 "model": "grad.gradstudent",
 "pk": 8
},
{
 "fields": {
  "campus": "GNWC",
  "comments": "",
  "config": "{}",
  "created_at": "2015-03-19T21:05:11.065",
  "created_by": "",
  "current_status": "ACTI",
  "end_semester": null,
  "english_fluency": "",
  "is_canadian": false,
  "modified_by": null,
  "mother_tongue": "",
  "passport_issued_by": "",
  "person": 31,
  "program": 2,
  "research_area": "Ursazlwgology",
  "slug": "0ggg8-mscproj",
  "start_semester": 147,
  "updated_at": "2015-03-19T21:05:12.464"
 },
 "model": "grad.gradstudent",
 "pk": 9
},
{
 "fields": {
  "campus": "OFFST",
  "comments": "",
  "config": "{}",
  "created_at": "2015-03-19T21:05:13.455",
  "created_by": "",
  "current_status": "ACTI",
  "end_semester": null,
  "english_fluency": "",
  "is_canadian": false,
  "modified_by": null,
  "mother_tongue": "",
  "passport_issued_by": "",
  "person": 41,
  "program": 6,
  "research_area": "Zjnkofjcology",
  "slug": "0ggg13-special",
  "start_semester": 147,
  "updated_at": "2015-03-19T21:05:14.754"
 },
 "model": "grad.gradstudent",
 "pk": 10
},
{
 "fields": {
  "campus": "SURRY",
  "comments": "",
  "config": "{}",
  "created_at": "2015-03-19T21:05:16.344",
  "created_by": "",
  "current_status": "ACTI",
  "end_semester": null,
  "english_fluency": "",
  "is_canadian": null,
  "modified_by": null,
  "mother_tongue": "",
  "passport_issued_by": "",
  "person": 27,
  "program": 1,
  "research_area": "Kywxbsolology",
  "slug": "0ggg6-msccourse",
  "start_semester": 146,
  "updated_at": "2015-03-19T21:05:17.651"
 },
 "model": "grad.gradstudent",
 "pk": 11
},
{
 "fields": {
  "campus": "VANCR",
  "comments": "",
  "config": "{}",
  "created_at": "2015-03-19T21:05:18.642",
  "created_by": "",
  "current_status": "ACTI",
  "end_semester": null,
  "english_fluency": "",
  "is_canadian": null,
  "modified_by": null,
  "mother_tongue": "",
  "passport_issued_by": "",
  "person": 51,
  "program": 5,
  "research_area": "Aoentjakology",
  "slug": "0ggg18-qualifying",
  "start_semester": 146,
  "updated_at": "2015-03-19T21:05:20.093"
 },
 "model": "grad.gradstudent",
 "pk": 12
},
{
 "fields": {
  "campus": "METRO",
  "comments": "",
  "config": "{}",
  "created_at": "2015-03-19T21:05:21.732",
  "created_by": "",
  "current_status": "ACTI",
  "end_semester": null,
  "english_fluency": "",
  "is_canadian": false,
  "modified_by": null,
  "mother_tongue": "",
  "passport_issued_by": "",
  "person": 35,
  "program": 3,
  "research_area": "Tbmotkprology",
  "slug": "0ggg10-mscthesis",
  "start_semester": 143,
  "updated_at": "2015-03-19T21:05:23.156"
 },
 "model": "grad.gradstudent",
 "pk": 13
},
{
 "fields": {
  "campus": "GNWC",
  "comments": "",
  "config": "{}",
  "created_at": "2015-03-19T21:05:23.873",
  "created_by": "",
  "current_status": "ACTI",
  "end_semester": null,
  "english_fluency": "",
  "is_canadian": true,
  "modified_by": null,
  "mother_tongue": "",
  "passport_issued_by": "",
  "person": 43,
  "program": 6,
  "research_area": "Ckzbycceology",
  "slug": "0ggg14-special",
  "start_semester": 143,
  "updated_at": "2015-03-19T21:05:25.107"
 },
 "model": "grad.gradstudent",
 "pk": 14
},
{
 "fields": {
  "campus": "OFFST",
  "comments": "",
  "config": "{}",
  "created_at": "2015-03-19T21:05:26.033",
  "created_by": "",
  "current_status": "ACTI",
  "end_semester": null,
  "english_fluency": "",
  "is_canadian": false,
  "modified_by": null,
  "mother_tongue": "",
  "passport_issued_by": "",
  "person": 15,
  "program": 4,
  "research_area": "Vsnnsckrology",
  "slug": "0ggg0-phd",
  "start_semester": 145,
  "updated_at": "2015-03-19T21:05:27.467"
 },
 "model": "grad.gradstudent",
 "pk": 15
},
{
 "fields": {
  "campus": "SURRY",
  "comments": "",
  "config": "{}",
  "created_at": "2015-03-19T21:05:28.301",
  "created_by": "",
  "current_status": "REJE",
  "end_semester": null,
  "english_fluency": "",
  "is_canadian": false,
  "modified_by": null,
  "mother_tongue": "",
  "passport_issued_by": "",
  "person": 39,
  "program": 3,
  "research_area": "Qvzfcuxzology",
  "slug": "0ggg12-mscthesis",
  "start_semester": 146,
  "updated_at": "2015-03-19T21:05:29.299"
 },
 "model": "grad.gradstudent",
 "pk": 16
},
{
 "fields": {
  "campus": "GNWC",
  "comments": "",
  "config": "{}",
  "created_at": "2015-03-19T21:05:29.993",
  "created_by": "",
  "current_status": "ACTI",
  "end_semester": null,
  "english_fluency": "",
  "is_canadian": null,
  "modified_by": null,
  "mother_tongue": "",
  "passport_issued_by": "",
  "person": 53,
  "program": 4,
  "research_area": "Amqcliqrology",
  "slug": "0ggg19-phd",
  "start_semester": 144,
  "updated_at": "2015-03-19T21:05:31.687"
 },
 "model": "grad.gradstudent",
 "pk": 17
},
{
 "fields": {
  "campus": "VANCR",
  "comments": "",
  "config": "{}",
  "created_at": "2015-03-19T21:05:33.141",
  "created_by": "",
  "current_status": "REJE",
  "end_semester": null,
  "english_fluency": "",
  "is_canadian": false,
  "modified_by": null,
  "mother_tongue": "",
  "passport_issued_by": "",
  "person": 21,
  "program": 3,
  "research_area": "Gwawizzcology",
  "slug": "0ggg3-mscthesis",
  "start_semester": 147,
  "updated_at": "2015-03-19T21:05:34.093"
 },
 "model": "grad.gradstudent",
 "pk": 18
},
{
 "fields": {
  "campus": "SURRY",
  "comments": "",
  "config": "{}",
  "created_at": "2015-03-19T21:05:34.959",
  "created_by": "",
  "current_status": "ACTI",
  "end_semester": null,
  "english_fluency": "",
  "is_canadian": true,
  "modified_by": null,
  "mother_tongue": "",
  "passport_issued_by": "",
  "person": 33,
  "program": 1,
  "research_area": "Xcvrdowyology",
  "slug": "0ggg9-msccourse",
  "start_semester": 149,
  "updated_at": "2015-03-19T21:05:36.350"
 },
 "model": "grad.gradstudent",
 "pk": 19
},
{
 "fields": {
  "campus": "SURRY",
  "comments": "",
  "config": "{}",
  "created_at": "2015-03-19T21:05:37.451",
  "created_by": "",
  "current_status": "ACTI",
  "end_semester": null,
  "english_fluency": "",
  "is_canadian": false,
  "modified_by": null,
  "mother_tongue": "",
  "passport_issued_by": "",
  "person": 23,
  "program": 2,
  "research_area": "Oetwhraxology",
  "slug": "0ggg4-mscproj",
  "start_semester": 148,
  "updated_at": "2015-03-19T21:05:38.772"
 },
 "model": "grad.gradstudent",
 "pk": 20
},
{
 "fields": {
  "campus": "OFFST",
  "comments": "",
  "config": "{}",
  "created_at": "2015-03-19T21:05:39.983",
  "created_by": "",
  "current_status": "ACTI",
  "end_semester": null,
  "english_fluency": "",
  "is_canadian": false,
  "modified_by": null,
  "mother_tongue": "",
  "passport_issued_by": "",
  "person": 45,
  "program": 5,
  "research_area": "Drfnjxifology",
  "slug": "0ggg15-qualifying",
  "start_semester": 145,
  "updated_at": "2015-03-19T21:05:41.724"
 },
 "model": "grad.gradstudent",
 "pk": 21
},
{
 "fields": {
  "campus": "OFFST",
  "comments": "",
  "config": "{}",
  "created_at": "2015-03-19T21:05:42.357",
  "created_by": "",
  "current_status": "ACTI",
  "end_semester": null,
  "english_fluency": "",
  "is_canadian": null,
  "modified_by": null,
  "mother_tongue": "",
  "passport_issued_by": "",
  "person": 47,
  "program": 4,
  "research_area": "Pmrgusnnology",
  "slug": "0ggg16-phd",
  "start_semester": 149,
  "updated_at": "2015-03-19T21:05:43.717"
 },
 "model": "grad.gradstudent",
 "pk": 22
},
{
 "fields": {
  "campus": "METRO",
  "comments": "",
  "config": "{}",
  "created_at": "2015-03-19T21:05:45.395",
  "created_by": "",
  "current_status": "ACTI",
  "end_semester": null,
  "english_fluency": "",
  "is_canadian": false,
  "modified_by": null,
  "mother_tongue": "",
  "passport_issued_by": "",
  "person": 39,
  "program": 1,
  "research_area": "Novjumipology",
  "slug": "0ggg12-msccourse",
  "start_semester": 148,
  "updated_at": "2015-03-19T21:05:46.836"
 },
 "model": "grad.gradstudent",
 "pk": 23
},
{
 "fields": {
  "campus": "GNWC",
  "comments": "",
  "config": "{}",
  "created_at": "2015-03-19T21:05:48.262",
  "created_by": "",
  "current_status": "ACTI",
  "end_semester": null,
  "english_fluency": "",
  "is_canadian": true,
  "modified_by": null,
  "mother_tongue": "",
  "passport_issued_by": "",
  "person": 33,
  "program": 3,
  "research_area": "Gpsspbbzology",
  "slug": "0ggg9-mscthesis",
  "start_semester": 142,
  "updated_at": "2015-03-19T21:05:49.620"
 },
 "model": "grad.gradstudent",
 "pk": 24
},
{
 "fields": {
  "campus": "OFFST",
  "comments": "",
  "config": "{}",
  "created_at": "2015-03-19T21:05:51.005",
  "created_by": "",
  "current_status": "ACTI",
  "end_semester": null,
  "english_fluency": "",
  "is_canadian": false,
  "modified_by": null,
  "mother_tongue": "",
  "passport_issued_by": "",
  "person": 29,
  "program": 3,
  "research_area": "Wabpspasology",
  "slug": "0ggg7-mscthesis",
  "start_semester": 149,
  "updated_at": "2015-03-19T21:05:52.376"
 },
 "model": "grad.gradstudent",
 "pk": 25
},
{
 "fields": {
  "program": 6,
  "start_semester": 148,
  "starting": "2015-03-19",
  "student": 1
 },
 "model": "grad.gradprogramhistory",
 "pk": 1
},
{
 "fields": {
  "program": 2,
  "start_semester": 151,
  "starting": "2015-03-19",
  "student": 1
 },
 "model": "grad.gradprogramhistory",
 "pk": 2
},
{
 "fields": {
  "program": 5,
  "start_semester": 147,
  "starting": "2015-03-19",
  "student": 2
 },
 "model": "grad.gradprogramhistory",
 "pk": 3
},
{
 "fields": {
  "program": 2,
  "start_semester": 150,
  "starting": "2015-03-19",
  "student": 2
 },
 "model": "grad.gradprogramhistory",
 "pk": 4
},
{
 "fields": {
  "program": 3,
  "start_semester": 143,
  "starting": "2015-03-19",
  "student": 3
 },
 "model": "grad.gradprogramhistory",
 "pk": 5
},
{
 "fields": {
  "program": 4,
  "start_semester": 144,
  "starting": "2015-03-19",
  "student": 3
 },
 "model": "grad.gradprogramhistory",
 "pk": 6
},
{
 "fields": {
  "program": 2,
  "start_semester": 143,
  "starting": "2015-03-19",
  "student": 4
 },
 "model": "grad.gradprogramhistory",
 "pk": 7
},
{
 "fields": {
  "program": 6,
  "start_semester": 149,
  "starting": "2015-03-19",
  "student": 5
 },
 "model": "grad.gradprogramhistory",
 "pk": 8
},
{
 "fields": {
  "program": 5,
  "start_semester": 148,
  "starting": "2015-03-19",
  "student": 6
 },
 "model": "grad.gradprogramhistory",
 "pk": 9
},
{
 "fields": {
  "program": 3,
  "start_semester": 143,
  "starting": "2015-03-19",
  "student": 7
 },
 "model": "grad.gradprogramhistory",
 "pk": 10
},
{
 "fields": {
  "program": 3,
  "start_semester": 146,
  "starting": "2015-03-19",
  "student": 8
 },
 "model": "grad.gradprogramhistory",
 "pk": 11
},
{
 "fields": {
  "program": 1,
  "start_semester": 148,
  "starting": "2015-03-19",
  "student": 8
 },
 "model": "grad.gradprogramhistory",
 "pk": 12
},
{
 "fields": {
  "program": 2,
  "start_semester": 147,
  "starting": "2015-03-19",
  "student": 9
 },
 "model": "grad.gradprogramhistory",
 "pk": 13
},
{
 "fields": {
  "program": 6,
  "start_semester": 147,
  "starting": "2015-03-19",
  "student": 10
 },
 "model": "grad.gradprogramhistory",
 "pk": 14
},
{
 "fields": {
  "program": 1,
  "start_semester": 146,
  "starting": "2015-03-19",
  "student": 11
 },
 "model": "grad.gradprogramhistory",
 "pk": 15
},
{
 "fields": {
  "program": 5,
  "start_semester": 146,
  "starting": "2015-03-19",
  "student": 12
 },
 "model": "grad.gradprogramhistory",
 "pk": 16
},
{
 "fields": {
  "program": 6,
  "start_semester": 143,
  "starting": "2015-03-19",
  "student": 13
 },
 "model": "grad.gradprogramhistory",
 "pk": 17
},
{
 "fields": {
  "program": 3,
  "start_semester": 147,
  "starting": "2015-03-19",
  "student": 13
 },
 "model": "grad.gradprogramhistory",
 "pk": 18
},
{
 "fields": {
  "program": 6,
  "start_semester": 143,
  "starting": "2015-03-19",
  "student": 14
 },
 "model": "grad.gradprogramhistory",
 "pk": 19
},
{
 "fields": {
  "program": 4,
  "start_semester": 145,
  "starting": "2015-03-19",
  "student": 15
 },
 "model": "grad.gradprogramhistory",
 "pk": 20
},
{
 "fields": {
  "program": 3,
  "start_semester": 146,
  "starting": "2015-03-19",
  "student": 16
 },
 "model": "grad.gradprogramhistory",
 "pk": 21
},
{
 "fields": {
  "program": 4,
  "start_semester": 144,
  "starting": "2015-03-19",
  "student": 17
 },
 "model": "grad.gradprogramhistory",
 "pk": 22
},
{
 "fields": {
  "program": 3,
  "start_semester": 147,
  "starting": "2015-03-19",
  "student": 18
 },
 "model": "grad.gradprogramhistory",
 "pk": 23
},
{
 "fields": {
  "program": 1,
  "start_semester": 149,
  "starting": "2015-03-19",
  "student": 19
 },
 "model": "grad.gradprogramhistory",
 "pk": 24
},
{
 "fields": {
  "program": 2,
  "start_semester": 148,
  "starting": "2015-03-19",
  "student": 20
 },
 "model": "grad.gradprogramhistory",
 "pk": 25
},
{
 "fields": {
  "program": 6,
  "start_semester": 145,
  "starting": "2015-03-19",
  "student": 21
 },
 "model": "grad.gradprogramhistory",
 "pk": 26
},
{
 "fields": {
  "program": 5,
  "start_semester": 149,
  "starting": "2015-03-19",
  "student": 21
 },
 "model": "grad.gradprogramhistory",
 "pk": 27
},
{
 "fields": {
  "program": 4,
  "start_semester": 149,
  "starting": "2015-03-19",
  "student": 22
 },
 "model": "grad.gradprogramhistory",
 "pk": 28
},
{
 "fields": {
  "program": 1,
  "start_semester": 148,
  "starting": "2015-03-19",
  "student": 23
 },
 "model": "grad.gradprogramhistory",
 "pk": 29
},
{
 "fields": {
  "program": 6,
  "start_semester": 151,
  "starting": "2015-03-19",
  "student": 23
 },
 "model": "grad.gradprogramhistory",
 "pk": 30
},
{
 "fields": {
  "program": 1,
  "start_semester": 142,
  "starting": "2015-03-19",
  "student": 24
 },
 "model": "grad.gradprogramhistory",
 "pk": 31
},
{
 "fields": {
  "program": 3,
  "start_semester": 146,
  "starting": "2015-03-19",
  "student": 24
 },
 "model": "grad.gradprogramhistory",
 "pk": 32
},
{
 "fields": {
  "program": 3,
  "start_semester": 149,
  "starting": "2015-03-19",
  "student": 25
 },
 "model": "grad.gradprogramhistory",
 "pk": 33
},
{
 "fields": {
  "created_at": "2015-03-19T21:04:50.604",
  "end": 148,
  "hidden": false,
  "notes": "",
  "start": 148,
  "start_date": "2014-05-25",
  "status": "COMP",
  "student": 1,
  "updated_at": "2015-03-19T21:04:51.001"
 },
 "model": "grad.gradstatus",
 "pk": 1
},
{
 "fields": {
  "created_at": "2015-03-19T21:04:50.863",
  "end": 148,
  "hidden": false,
  "notes": "",
  "start": 148,
  "start_date": "2014-06-14",
  "status": "OFFO",
  "student": 1,
  "updated_at": "2015-03-19T21:04:51.451"
 },
 "model": "grad.gradstatus",
 "pk": 2
},
{
 "fields": {
  "created_at": "2015-03-19T21:04:51.323",
  "end": 151,
  "hidden": false,
  "notes": "",
  "start": 148,
  "start_date": "2014-09-02",
  "status": "ACTI",
  "student": 1,
  "updated_at": "2015-03-19T21:04:51.870"
 },
 "model": "grad.gradstatus",
 "pk": 3
},
{
 "fields": {
  "created_at": "2015-03-19T21:04:51.725",
  "end": null,
  "hidden": false,
  "notes": "",
  "start": 151,
  "start_date": "2015-09-08",
  "status": "WIDR",
  "student": 1,
  "updated_at": "2015-03-19T21:04:51.725"
 },
 "model": "grad.gradstatus",
 "pk": 4
},
{
 "fields": {
  "created_at": "2015-03-19T21:04:53.787",
  "end": 147,
  "hidden": false,
  "notes": "",
  "start": 147,
  "start_date": "2014-01-25",
  "status": "COMP",
  "student": 2,
  "updated_at": "2015-03-19T21:04:54.173"
 },
 "model": "grad.gradstatus",
 "pk": 5
},
{
 "fields": {
  "created_at": "2015-03-19T21:04:54.044",
  "end": 147,
  "hidden": false,
  "notes": "",
  "start": 147,
  "start_date": "2014-02-14",
  "status": "OFFO",
  "student": 2,
  "updated_at": "2015-03-19T21:04:54.634"
 },
 "model": "grad.gradstatus",
 "pk": 6
},
{
 "fields": {
  "created_at": "2015-03-19T21:04:54.498",
  "end": 154,
  "hidden": false,
  "notes": "",
  "start": 147,
  "start_date": "2014-05-05",
  "status": "ACTI",
  "student": 2,
  "updated_at": "2015-03-19T21:04:55.278"
 },
 "model": "grad.gradstatus",
 "pk": 7
},
{
 "fields": {
  "created_at": "2015-03-19T21:04:54.907",
  "end": null,
  "hidden": false,
  "notes": "",
  "start": 154,
  "start_date": "2016-09-06",
  "status": "WIDR",
  "student": 2,
  "updated_at": "2015-03-19T21:04:54.907"
 },
 "model": "grad.gradstatus",
 "pk": 8
},
{
 "fields": {
  "created_at": "2015-03-19T21:04:56.804",
  "end": 143,
  "hidden": false,
  "notes": "",
  "start": 143,
  "start_date": "2012-09-29",
  "status": "COMP",
  "student": 3,
  "updated_at": "2015-03-19T21:04:57.216"
 },
 "model": "grad.gradstatus",
 "pk": 9
},
{
 "fields": {
  "created_at": "2015-03-19T21:04:57.088",
  "end": 143,
  "hidden": false,
  "notes": "",
  "start": 143,
  "start_date": "2012-10-19",
  "status": "OFFO",
  "student": 3,
  "updated_at": "2015-03-19T21:04:57.614"
 },
 "model": "grad.gradstatus",
 "pk": 10
},
{
 "fields": {
  "created_at": "2015-03-19T21:04:57.486",
  "end": null,
  "hidden": false,
  "notes": "",
  "start": 143,
  "start_date": "2013-01-07",
  "status": "ACTI",
  "student": 3,
  "updated_at": "2015-03-19T21:04:57.486"
 },
 "model": "grad.gradstatus",
 "pk": 11
},
{
 "fields": {
  "created_at": "2015-03-19T21:04:58.971",
  "end": 143,
  "hidden": false,
  "notes": "",
  "start": 143,
  "start_date": "2012-09-29",
  "status": "COMP",
  "student": 4,
  "updated_at": "2015-03-19T21:04:59.356"
 },
 "model": "grad.gradstatus",
 "pk": 12
},
{
 "fields": {
  "created_at": "2015-03-19T21:04:59.221",
  "end": 143,
  "hidden": false,
  "notes": "",
  "start": 143,
  "start_date": "2012-10-19",
  "status": "OFFO",
  "student": 4,
  "updated_at": "2015-03-19T21:04:59.775"
 },
 "model": "grad.gradstatus",
 "pk": 13
},
{
 "fields": {
  "created_at": "2015-03-19T21:04:59.647",
  "end": null,
  "hidden": false,
  "notes": "",
  "start": 143,
  "start_date": "2013-01-07",
  "status": "ACTI",
  "student": 4,
  "updated_at": "2015-03-19T21:04:59.647"
 },
 "model": "grad.gradstatus",
 "pk": 14
},
{
 "fields": {
  "created_at": "2015-03-19T21:05:00.886",
  "end": 149,
  "hidden": false,
  "notes": "",
  "start": 149,
  "start_date": "2014-09-28",
  "status": "COMP",
  "student": 5,
  "updated_at": "2015-03-19T21:05:01.324"
 },
 "model": "grad.gradstatus",
 "pk": 15
},
{
 "fields": {
  "created_at": "2015-03-19T21:05:01.169",
  "end": 149,
  "hidden": false,
  "notes": "",
  "start": 149,
  "start_date": "2014-10-18",
  "status": "OFFO",
  "student": 5,
  "updated_at": "2015-03-19T21:05:01.734"
 },
 "model": "grad.gradstatus",
 "pk": 16
},
{
 "fields": {
  "created_at": "2015-03-19T21:05:01.603",
  "end": 152,
  "hidden": false,
  "notes": "",
  "start": 149,
  "start_date": "2015-01-06",
  "status": "ACTI",
  "student": 5,
  "updated_at": "2015-03-19T21:05:02.145"
 },
 "model": "grad.gradstatus",
 "pk": 17
},
{
 "fields": {
  "created_at": "2015-03-19T21:05:02.017",
  "end": null,
  "hidden": false,
  "notes": "",
  "start": 152,
  "start_date": "2016-01-05",
  "status": "WIDR",
  "student": 5,
  "updated_at": "2015-03-19T21:05:02.017"
 },
 "model": "grad.gradstatus",
 "pk": 18
},
{
 "fields": {
  "created_at": "2015-03-19T21:05:03.716",
  "end": 148,
  "hidden": false,
  "notes": "",
  "start": 148,
  "start_date": "2014-05-25",
  "status": "COMP",
  "student": 6,
  "updated_at": "2015-03-19T21:05:04.138"
 },
 "model": "grad.gradstatus",
 "pk": 19
},
{
 "fields": {
  "created_at": "2015-03-19T21:05:03.993",
  "end": 148,
  "hidden": false,
  "notes": "",
  "start": 148,
  "start_date": "2014-06-14",
  "status": "OFFO",
  "student": 6,
  "updated_at": "2015-03-19T21:05:04.723"
 },
 "model": "grad.gradstatus",
 "pk": 20
},
{
 "fields": {
  "created_at": "2015-03-19T21:05:04.503",
  "end": null,
  "hidden": false,
  "notes": "",
  "start": 148,
  "start_date": "2014-09-02",
  "status": "ACTI",
  "student": 6,
  "updated_at": "2015-03-19T21:05:04.504"
 },
 "model": "grad.gradstatus",
 "pk": 21
},
{
 "fields": {
  "created_at": "2015-03-19T21:05:06.358",
  "end": 143,
  "hidden": false,
  "notes": "",
  "start": 143,
  "start_date": "2012-09-29",
  "status": "COMP",
  "student": 7,
  "updated_at": "2015-03-19T21:05:06.733"
 },
 "model": "grad.gradstatus",
 "pk": 22
},
{
 "fields": {
  "created_at": "2015-03-19T21:05:06.625",
  "end": 143,
  "hidden": false,
  "notes": "",
  "start": 143,
  "start_date": "2012-10-19",
  "status": "OFFO",
  "student": 7,
  "updated_at": "2015-03-19T21:05:07.138"
 },
 "model": "grad.gradstatus",
 "pk": 23
},
{
 "fields": {
  "created_at": "2015-03-19T21:05:06.998",
  "end": null,
  "hidden": false,
  "notes": "",
  "start": 143,
  "start_date": "2013-01-07",
  "status": "ACTI",
  "student": 7,
  "updated_at": "2015-03-19T21:05:06.998"
 },
 "model": "grad.gradstatus",
 "pk": 24
},
{
 "fields": {
  "created_at": "2015-03-19T21:05:08.799",
  "end": 146,
  "hidden": false,
  "notes": "",
  "start": 146,
  "start_date": "2013-09-28",
  "status": "COMP",
  "student": 8,
  "updated_at": "2015-03-19T21:05:09.304"
 },
 "model": "grad.gradstatus",
 "pk": 25
},
{
 "fields": {
  "created_at": "2015-03-19T21:05:09.158",
  "end": 146,
  "hidden": false,
  "notes": "",
  "start": 146,
  "start_date": "2013-10-18",
  "status": "OFFO",
  "student": 8,
  "updated_at": "2015-03-19T21:05:09.706"
 },
 "model": "grad.gradstatus",
 "pk": 26
},
{
 "fields": {
  "created_at": "2015-03-19T21:05:09.569",
  "end": null,
  "hidden": false,
  "notes": "",
  "start": 146,
  "start_date": "2014-01-06",
  "status": "ACTI",
  "student": 8,
  "updated_at": "2015-03-19T21:05:09.569"
 },
 "model": "grad.gradstatus",
 "pk": 27
},
{
 "fields": {
  "created_at": "2015-03-19T21:05:11.355",
  "end": 147,
  "hidden": false,
  "notes": "",
  "start": 147,
  "start_date": "2014-01-25",
  "status": "COMP",
  "student": 9,
  "updated_at": "2015-03-19T21:05:11.790"
 },
 "model": "grad.gradstatus",
 "pk": 28
},
{
 "fields": {
  "created_at": "2015-03-19T21:05:11.656",
  "end": 147,
  "hidden": false,
  "notes": "",
  "start": 147,
  "start_date": "2014-02-14",
  "status": "OFFO",
  "student": 9,
  "updated_at": "2015-03-19T21:05:12.301"
 },
 "model": "grad.gradstatus",
 "pk": 29
},
{
 "fields": {
  "created_at": "2015-03-19T21:05:12.097",
  "end": null,
  "hidden": false,
  "notes": "",
  "start": 147,
  "start_date": "2014-05-05",
  "status": "ACTI",
  "student": 9,
  "updated_at": "2015-03-19T21:05:12.097"
 },
 "model": "grad.gradstatus",
 "pk": 30
},
{
 "fields": {
  "created_at": "2015-03-19T21:05:13.736",
  "end": 147,
  "hidden": false,
  "notes": "",
  "start": 147,
  "start_date": "2014-01-25",
  "status": "COMP",
  "student": 10,
  "updated_at": "2015-03-19T21:05:14.182"
 },
 "model": "grad.gradstatus",
 "pk": 31
},
{
 "fields": {
  "created_at": "2015-03-19T21:05:14.045",
  "end": 147,
  "hidden": false,
  "notes": "",
  "start": 147,
  "start_date": "2014-02-14",
  "status": "OFFO",
  "student": 10,
  "updated_at": "2015-03-19T21:05:14.619"
 },
 "model": "grad.gradstatus",
 "pk": 32
},
{
 "fields": {
  "created_at": "2015-03-19T21:05:14.488",
  "end": 152,
  "hidden": false,
  "notes": "",
  "start": 147,
  "start_date": "2014-05-05",
  "status": "ACTI",
  "student": 10,
  "updated_at": "2015-03-19T21:05:15.079"
 },
 "model": "grad.gradstatus",
 "pk": 33
},
{
 "fields": {
  "created_at": "2015-03-19T21:05:14.931",
  "end": null,
  "hidden": false,
  "notes": "",
  "start": 152,
  "start_date": "2016-01-05",
  "status": "WIDR",
  "student": 10,
  "updated_at": "2015-03-19T21:05:14.931"
 },
 "model": "grad.gradstatus",
 "pk": 34
},
{
 "fields": {
  "created_at": "2015-03-19T21:05:16.618",
  "end": 146,
  "hidden": false,
  "notes": "",
  "start": 146,
  "start_date": "2013-09-28",
  "status": "COMP",
  "student": 11,
  "updated_at": "2015-03-19T21:05:17.080"
 },
 "model": "grad.gradstatus",
 "pk": 35
},
{
 "fields": {
  "created_at": "2015-03-19T21:05:16.942",
  "end": 146,
  "hidden": false,
  "notes": "",
  "start": 146,
  "start_date": "2013-10-18",
  "status": "OFFO",
  "student": 11,
  "updated_at": "2015-03-19T21:05:17.490"
 },
 "model": "grad.gradstatus",
 "pk": 36
},
{
 "fields": {
  "created_at": "2015-03-19T21:05:17.353",
  "end": null,
  "hidden": false,
  "notes": "",
  "start": 146,
  "start_date": "2014-01-06",
  "status": "ACTI",
  "student": 11,
  "updated_at": "2015-03-19T21:05:17.353"
 },
 "model": "grad.gradstatus",
 "pk": 37
},
{
 "fields": {
  "created_at": "2015-03-19T21:05:19.033",
  "end": 146,
  "hidden": false,
  "notes": "",
  "start": 146,
  "start_date": "2013-09-28",
  "status": "COMP",
  "student": 12,
  "updated_at": "2015-03-19T21:05:19.480"
 },
 "model": "grad.gradstatus",
 "pk": 38
},
{
 "fields": {
  "created_at": "2015-03-19T21:05:19.327",
  "end": 146,
  "hidden": false,
  "notes": "",
  "start": 146,
  "start_date": "2013-10-18",
  "status": "OFFO",
  "student": 12,
  "updated_at": "2015-03-19T21:05:19.940"
 },
 "model": "grad.gradstatus",
 "pk": 39
},
{
 "fields": {
  "created_at": "2015-03-19T21:05:19.787",
  "end": null,
  "hidden": false,
  "notes": "",
  "start": 146,
  "start_date": "2014-01-06",
  "status": "ACTI",
  "student": 12,
  "updated_at": "2015-03-19T21:05:19.787"
 },
 "model": "grad.gradstatus",
 "pk": 40
},
{
 "fields": {
  "created_at": "2015-03-19T21:05:22.091",
  "end": 143,
  "hidden": false,
  "notes": "",
  "start": 143,
  "start_date": "2012-09-29",
  "status": "COMP",
  "student": 13,
  "updated_at": "2015-03-19T21:05:22.526"
 },
 "model": "grad.gradstatus",
 "pk": 41
},
{
 "fields": {
  "created_at": "2015-03-19T21:05:22.381",
  "end": 143,
  "hidden": false,
  "notes": "",
  "start": 143,
  "start_date": "2012-10-19",
  "status": "OFFO",
  "student": 13,
  "updated_at": "2015-03-19T21:05:23.003"
 },
 "model": "grad.gradstatus",
 "pk": 42
},
{
 "fields": {
  "created_at": "2015-03-19T21:05:22.850",
  "end": null,
  "hidden": false,
  "notes": "",
  "start": 143,
  "start_date": "2013-01-07",
  "status": "ACTI",
  "student": 13,
  "updated_at": "2015-03-19T21:05:22.850"
 },
 "model": "grad.gradstatus",
 "pk": 43
},
{
 "fields": {
  "created_at": "2015-03-19T21:05:24.123",
  "end": 143,
  "hidden": false,
  "notes": "",
  "start": 143,
  "start_date": "2012-09-29",
  "status": "COMP",
  "student": 14,
  "updated_at": "2015-03-19T21:05:24.575"
 },
 "model": "grad.gradstatus",
 "pk": 44
},
{
 "fields": {
  "created_at": "2015-03-19T21:05:24.407",
  "end": 143,
  "hidden": false,
  "notes": "",
  "start": 143,
  "start_date": "2012-10-19",
  "status": "OFFO",
  "student": 14,
  "updated_at": "2015-03-19T21:05:24.968"
 },
 "model": "grad.gradstatus",
 "pk": 45
},
{
 "fields": {
  "created_at": "2015-03-19T21:05:24.826",
  "end": null,
  "hidden": false,
  "notes": "",
  "start": 143,
  "start_date": "2013-01-07",
  "status": "ACTI",
  "student": 14,
  "updated_at": "2015-03-19T21:05:24.826"
 },
 "model": "grad.gradstatus",
 "pk": 46
},
{
 "fields": {
  "created_at": "2015-03-19T21:05:26.366",
  "end": 145,
  "hidden": false,
  "notes": "",
  "start": 145,
  "start_date": "2013-05-26",
  "status": "COMP",
  "student": 15,
  "updated_at": "2015-03-19T21:05:26.771"
 },
 "model": "grad.gradstatus",
 "pk": 47
},
{
 "fields": {
  "created_at": "2015-03-19T21:05:26.642",
  "end": 145,
  "hidden": false,
  "notes": "",
  "start": 145,
  "start_date": "2013-06-15",
  "status": "OFFO",
  "student": 15,
  "updated_at": "2015-03-19T21:05:27.330"
 },
 "model": "grad.gradstatus",
 "pk": 48
},
{
 "fields": {
  "created_at": "2015-03-19T21:05:27.179",
  "end": null,
  "hidden": false,
  "notes": "",
  "start": 145,
  "start_date": "2013-09-03",
  "status": "ACTI",
  "student": 15,
  "updated_at": "2015-03-19T21:05:27.179"
 },
 "model": "grad.gradstatus",
 "pk": 49
},
{
 "fields": {
  "created_at": "2015-03-19T21:05:28.683",
  "end": 146,
  "hidden": false,
  "notes": "",
  "start": 146,
  "start_date": "2013-09-28",
  "status": "COMP",
  "student": 16,
  "updated_at": "2015-03-19T21:05:29.122"
 },
 "model": "grad.gradstatus",
 "pk": 50
},
{
 "fields": {
  "created_at": "2015-03-19T21:05:28.977",
  "end": null,
  "hidden": false,
  "notes": "",
  "start": 146,
  "start_date": "2013-10-18",
  "status": "REJE",
  "student": 16,
  "updated_at": "2015-03-19T21:05:28.977"
 },
 "model": "grad.gradstatus",
 "pk": 51
},
{
 "fields": {
  "created_at": "2015-03-19T21:05:30.463",
  "end": 144,
  "hidden": false,
  "notes": "",
  "start": 144,
  "start_date": "2013-01-26",
  "status": "COMP",
  "student": 17,
  "updated_at": "2015-03-19T21:05:31.008"
 },
 "model": "grad.gradstatus",
 "pk": 52
},
{
 "fields": {
  "created_at": "2015-03-19T21:05:30.805",
  "end": 144,
  "hidden": false,
  "notes": "",
  "start": 144,
  "start_date": "2013-02-15",
  "status": "OFFO",
  "student": 17,
  "updated_at": "2015-03-19T21:05:31.465"
 },
 "model": "grad.gradstatus",
 "pk": 53
},
{
 "fields": {
  "created_at": "2015-03-19T21:05:31.340",
  "end": 152,
  "hidden": false,
  "notes": "",
  "start": 144,
  "start_date": "2013-05-06",
  "status": "ACTI",
  "student": 17,
  "updated_at": "2015-03-19T21:05:32.010"
 },
 "model": "grad.gradstatus",
 "pk": 54
},
{
 "fields": {
  "created_at": "2015-03-19T21:05:31.873",
  "end": null,
  "hidden": false,
  "notes": "",
  "start": 152,
  "start_date": "2016-01-05",
  "status": "WIDR",
  "student": 17,
  "updated_at": "2015-03-19T21:05:31.873"
 },
 "model": "grad.gradstatus",
 "pk": 55
},
{
 "fields": {
  "created_at": "2015-03-19T21:05:33.429",
  "end": 147,
  "hidden": false,
  "notes": "",
  "start": 147,
  "start_date": "2014-01-25",
  "status": "COMP",
  "student": 18,
  "updated_at": "2015-03-19T21:05:33.884"
 },
 "model": "grad.gradstatus",
 "pk": 56
},
{
 "fields": {
  "created_at": "2015-03-19T21:05:33.747",
  "end": null,
  "hidden": false,
  "notes": "",
  "start": 147,
  "start_date": "2014-02-14",
  "status": "REJE",
  "student": 18,
  "updated_at": "2015-03-19T21:05:33.747"
 },
 "model": "grad.gradstatus",
 "pk": 57
},
{
 "fields": {
  "created_at": "2015-03-19T21:05:35.364",
  "end": 149,
  "hidden": false,
  "notes": "",
  "start": 149,
  "start_date": "2014-09-28",
  "status": "COMP",
  "student": 19,
  "updated_at": "2015-03-19T21:05:35.743"
 },
 "model": "grad.gradstatus",
 "pk": 58
},
{
 "fields": {
  "created_at": "2015-03-19T21:05:35.626",
  "end": 149,
  "hidden": false,
  "notes": "",
  "start": 149,
  "start_date": "2014-10-18",
  "status": "OFFO",
  "student": 19,
  "updated_at": "2015-03-19T21:05:36.206"
 },
 "model": "grad.gradstatus",
 "pk": 59
},
{
 "fields": {
  "created_at": "2015-03-19T21:05:36.068",
  "end": null,
  "hidden": false,
  "notes": "",
  "start": 149,
  "start_date": "2015-01-06",
  "status": "ACTI",
  "student": 19,
  "updated_at": "2015-03-19T21:05:36.068"
 },
 "model": "grad.gradstatus",
 "pk": 60
},
{
 "fields": {
  "created_at": "2015-03-19T21:05:37.709",
  "end": 148,
  "hidden": false,
  "notes": "",
  "start": 148,
  "start_date": "2014-05-25",
  "status": "COMP",
  "student": 20,
  "updated_at": "2015-03-19T21:05:38.194"
 },
 "model": "grad.gradstatus",
 "pk": 61
},
{
 "fields": {
  "created_at": "2015-03-19T21:05:38.042",
  "end": 148,
  "hidden": false,
  "notes": "",
  "start": 148,
  "start_date": "2014-06-14",
  "status": "OFFO",
  "student": 20,
  "updated_at": "2015-03-19T21:05:38.658"
 },
 "model": "grad.gradstatus",
 "pk": 62
},
{
 "fields": {
  "created_at": "2015-03-19T21:05:38.476",
  "end": null,
  "hidden": false,
  "notes": "",
  "start": 148,
  "start_date": "2014-09-02",
  "status": "ACTI",
  "student": 20,
  "updated_at": "2015-03-19T21:05:38.476"
 },
 "model": "grad.gradstatus",
 "pk": 63
},
{
 "fields": {
  "created_at": "2015-03-19T21:05:40.765",
  "end": 145,
  "hidden": false,
  "notes": "",
  "start": 145,
  "start_date": "2013-05-26",
  "status": "COMP",
  "student": 21,
  "updated_at": "2015-03-19T21:05:41.185"
 },
 "model": "grad.gradstatus",
 "pk": 64
},
{
 "fields": {
  "created_at": "2015-03-19T21:05:41.057",
  "end": 145,
  "hidden": false,
  "notes": "",
  "start": 145,
  "start_date": "2013-06-15",
  "status": "OFFO",
  "student": 21,
  "updated_at": "2015-03-19T21:05:41.586"
 },
 "model": "grad.gradstatus",
 "pk": 65
},
{
 "fields": {
  "created_at": "2015-03-19T21:05:41.450",
  "end": null,
  "hidden": false,
  "notes": "",
  "start": 145,
  "start_date": "2013-09-03",
  "status": "ACTI",
  "student": 21,
  "updated_at": "2015-03-19T21:05:41.450"
 },
 "model": "grad.gradstatus",
 "pk": 66
},
{
 "fields": {
  "created_at": "2015-03-19T21:05:42.637",
  "end": 149,
  "hidden": false,
  "notes": "",
  "start": 149,
  "start_date": "2014-09-28",
  "status": "COMP",
  "student": 22,
  "updated_at": "2015-03-19T21:05:43.069"
 },
 "model": "grad.gradstatus",
 "pk": 67
},
{
 "fields": {
  "created_at": "2015-03-19T21:05:42.933",
  "end": 149,
  "hidden": false,
  "notes": "",
  "start": 149,
  "start_date": "2014-10-18",
  "status": "OFFO",
  "student": 22,
  "updated_at": "2015-03-19T21:05:43.513"
 },
 "model": "grad.gradstatus",
 "pk": 68
},
{
 "fields": {
  "created_at": "2015-03-19T21:05:43.376",
  "end": 156,
  "hidden": false,
  "notes": "",
  "start": 149,
  "start_date": "2015-01-06",
  "status": "ACTI",
  "student": 22,
  "updated_at": "2015-03-19T21:05:44.094"
 },
 "model": "grad.gradstatus",
 "pk": 69
},
{
 "fields": {
  "created_at": "2015-03-19T21:05:43.853",
  "end": null,
  "hidden": false,
  "notes": "",
  "start": 156,
  "start_date": "2017-05-08",
  "status": "WIDR",
  "student": 22,
  "updated_at": "2015-03-19T21:05:43.853"
 },
 "model": "grad.gradstatus",
 "pk": 70
},
{
 "fields": {
  "created_at": "2015-03-19T21:05:45.821",
  "end": 148,
  "hidden": false,
  "notes": "",
  "start": 148,
  "start_date": "2014-05-25",
  "status": "COMP",
  "student": 23,
  "updated_at": "2015-03-19T21:05:46.292"
 },
 "model": "grad.gradstatus",
 "pk": 71
},
{
 "fields": {
  "created_at": "2015-03-19T21:05:46.116",
  "end": 148,
  "hidden": false,
  "notes": "",
  "start": 148,
  "start_date": "2014-06-14",
  "status": "OFFO",
  "student": 23,
  "updated_at": "2015-03-19T21:05:46.704"
 },
 "model": "grad.gradstatus",
 "pk": 72
},
{
 "fields": {
  "created_at": "2015-03-19T21:05:46.576",
  "end": null,
  "hidden": false,
  "notes": "",
  "start": 148,
  "start_date": "2014-09-02",
  "status": "ACTI",
  "student": 23,
  "updated_at": "2015-03-19T21:05:46.576"
 },
 "model": "grad.gradstatus",
 "pk": 73
},
{
 "fields": {
  "created_at": "2015-03-19T21:05:48.628",
  "end": 142,
  "hidden": false,
  "notes": "",
  "start": 142,
  "start_date": "2012-05-27",
  "status": "COMP",
  "student": 24,
  "updated_at": "2015-03-19T21:05:49.041"
 },
 "model": "grad.gradstatus",
 "pk": 74
},
{
 "fields": {
  "created_at": "2015-03-19T21:05:48.871",
  "end": 142,
  "hidden": false,
  "notes": "",
  "start": 142,
  "start_date": "2012-06-16",
  "status": "OFFO",
  "student": 24,
  "updated_at": "2015-03-19T21:05:49.443"
 },
 "model": "grad.gradstatus",
 "pk": 75
},
{
 "fields": {
  "created_at": "2015-03-19T21:05:49.306",
  "end": null,
  "hidden": false,
  "notes": "",
  "start": 142,
  "start_date": "2012-09-04",
  "status": "ACTI",
  "student": 24,
  "updated_at": "2015-03-19T21:05:49.306"
 },
 "model": "grad.gradstatus",
 "pk": 76
},
{
 "fields": {
  "created_at": "2015-03-19T21:05:51.378",
  "end": 149,
  "hidden": false,
  "notes": "",
  "start": 149,
  "start_date": "2014-09-28",
  "status": "COMP",
  "student": 25,
  "updated_at": "2015-03-19T21:05:51.837"
 },
 "model": "grad.gradstatus",
 "pk": 77
},
{
 "fields": {
  "created_at": "2015-03-19T21:05:51.696",
  "end": 149,
  "hidden": false,
  "notes": "",
  "start": 149,
  "start_date": "2014-10-18",
  "status": "OFFO",
  "student": 25,
  "updated_at": "2015-03-19T21:05:52.233"
 },
 "model": "grad.gradstatus",
 "pk": 78
},
{
 "fields": {
  "created_at": "2015-03-19T21:05:52.095",
  "end": 155,
  "hidden": false,
  "notes": "",
  "start": 149,
  "start_date": "2015-01-06",
  "status": "ACTI",
  "student": 25,
  "updated_at": "2015-03-19T21:05:52.859"
 },
 "model": "grad.gradstatus",
 "pk": 79
},
{
 "fields": {
  "created_at": "2015-03-19T21:05:52.565",
  "end": null,
  "hidden": false,
  "notes": "",
  "start": 155,
  "start_date": "2017-01-04",
  "status": "WIDR",
  "student": 25,
  "updated_at": "2015-03-19T21:05:52.565"
 },
 "model": "grad.gradstatus",
 "pk": 80
},
{
 "fields": {
  "amount": "2000",
  "comments": null,
  "end_semester": 150,
  "removed": false,
  "scholarship_type": 1,
  "start_semester": 148,
  "student": 1
 },
 "model": "grad.scholarship",
 "pk": 1
},
{
 "fields": {
  "amount": "2000",
  "comments": null,
  "end_semester": 149,
  "removed": false,
  "scholarship_type": 1,
  "start_semester": 147,
  "student": 2
 },
 "model": "grad.scholarship",
 "pk": 2
},
{
 "fields": {
  "amount": "2000",
  "comments": null,
  "end_semester": 145,
  "removed": false,
  "scholarship_type": 2,
  "start_semester": 143,
  "student": 3
 },
 "model": "grad.scholarship",
 "pk": 3
},
{
 "fields": {
  "amount": "2000",
  "comments": null,
  "end_semester": 145,
  "removed": false,
  "scholarship_type": 1,
  "start_semester": 143,
  "student": 4
 },
 "model": "grad.scholarship",
 "pk": 4
},
{
 "fields": {
  "amount": "2000",
  "comments": null,
  "end_semester": 151,
  "removed": false,
  "scholarship_type": 1,
  "start_semester": 149,
  "student": 5
 },
 "model": "grad.scholarship",
 "pk": 5
},
{
 "fields": {
  "amount": "2000",
  "comments": null,
  "end_semester": 150,
  "removed": false,
  "scholarship_type": 1,
  "start_semester": 148,
  "student": 6
 },
 "model": "grad.scholarship",
 "pk": 6
},
{
 "fields": {
  "amount": "2000",
  "comments": null,
  "end_semester": 145,
  "removed": false,
  "scholarship_type": 2,
  "start_semester": 143,
  "student": 7
 },
 "model": "grad.scholarship",
 "pk": 7
},
{
 "fields": {
  "amount": "2000",
  "comments": null,
  "end_semester": 148,
  "removed": false,
  "scholarship_type": 1,
  "start_semester": 146,
  "student": 8
 },
 "model": "grad.scholarship",
 "pk": 8
},
{
 "fields": {
  "amount": "2000",
  "comments": null,
  "end_semester": 149,
  "removed": false,
  "scholarship_type": 2,
  "start_semester": 147,
  "student": 9
 },
 "model": "grad.scholarship",
 "pk": 9
},
{
 "fields": {
  "amount": "2000",
  "comments": null,
  "end_semester": 149,
  "removed": false,
  "scholarship_type": 1,
  "start_semester": 147,
  "student": 10
 },
 "model": "grad.scholarship",
 "pk": 10
},
{
 "fields": {
  "amount": "2000",
  "comments": null,
  "end_semester": 148,
  "removed": false,
  "scholarship_type": 1,
  "start_semester": 146,
  "student": 11
 },
 "model": "grad.scholarship",
 "pk": 11
},
{
 "fields": {
  "amount": "2000",
  "comments": null,
  "end_semester": 148,
  "removed": false,
  "scholarship_type": 1,
  "start_semester": 146,
  "student": 12
 },
 "model": "grad.scholarship",
 "pk": 12
},
{
 "fields": {
  "amount": "2000",
  "comments": null,
  "end_semester": 145,
  "removed": false,
  "scholarship_type": 2,
  "start_semester": 143,
  "student": 13
 },
 "model": "grad.scholarship",
 "pk": 13
},
{
 "fields": {
  "amount": "2000",
  "comments": null,
  "end_semester": 145,
  "removed": false,
  "scholarship_type": 1,
  "start_semester": 143,
  "student": 14
 },
 "model": "grad.scholarship",
 "pk": 14
},
{
 "fields": {
  "amount": "2000",
  "comments": null,
  "end_semester": 147,
  "removed": false,
  "scholarship_type": 1,
  "start_semester": 145,
  "student": 15
 },
 "model": "grad.scholarship",
 "pk": 15
},
{
 "fields": {
  "amount": "2000",
  "comments": null,
  "end_semester": 148,
  "removed": false,
  "scholarship_type": 1,
  "start_semester": 146,
  "student": 16
 },
 "model": "grad.scholarship",
 "pk": 16
},
{
 "fields": {
  "amount": "2000",
  "comments": null,
  "end_semester": 146,
  "removed": false,
  "scholarship_type": 1,
  "start_semester": 144,
  "student": 17
 },
 "model": "grad.scholarship",
 "pk": 17
},
{
 "fields": {
  "amount": "2000",
  "comments": null,
  "end_semester": 149,
  "removed": false,
  "scholarship_type": 1,
  "start_semester": 147,
  "student": 18
 },
 "model": "grad.scholarship",
 "pk": 18
},
{
 "fields": {
  "amount": "2000",
  "comments": null,
  "end_semester": 151,
  "removed": false,
  "scholarship_type": 2,
  "start_semester": 149,
  "student": 19
 },
 "model": "grad.scholarship",
 "pk": 19
},
{
 "fields": {
  "amount": "2000",
  "comments": null,
  "end_semester": 150,
  "removed": false,
  "scholarship_type": 1,
  "start_semester": 148,
  "student": 20
 },
 "model": "grad.scholarship",
 "pk": 20
},
{
 "fields": {
  "amount": "2000",
  "comments": null,
  "end_semester": 147,
  "removed": false,
  "scholarship_type": 2,
  "start_semester": 145,
  "student": 21
 },
 "model": "grad.scholarship",
 "pk": 21
},
{
 "fields": {
  "amount": "2000",
  "comments": null,
  "end_semester": 151,
  "removed": false,
  "scholarship_type": 2,
  "start_semester": 149,
  "student": 22
 },
 "model": "grad.scholarship",
 "pk": 22
},
{
 "fields": {
  "amount": "2000",
  "comments": null,
  "end_semester": 150,
  "removed": false,
  "scholarship_type": 2,
  "start_semester": 148,
  "student": 23
 },
 "model": "grad.scholarship",
 "pk": 23
},
{
 "fields": {
  "amount": "2000",
  "comments": null,
  "end_semester": 144,
  "removed": false,
  "scholarship_type": 1,
  "start_semester": 142,
  "student": 24
 },
 "model": "grad.scholarship",
 "pk": 24
},
{
 "fields": {
  "amount": "2000",
  "comments": null,
  "end_semester": 151,
  "removed": false,
  "scholarship_type": 2,
  "start_semester": 149,
  "student": 25
 },
 "model": "grad.scholarship",
 "pk": 25
},
{
 "fields": {
  "amount": "1300",
  "comments": null,
  "description": "Money fell from the sky",
  "eligible": true,
  "removed": false,
  "semester": 151,
  "student": 1
 },
 "model": "grad.otherfunding",
 "pk": 1
},
{
 "fields": {
  "amount": "1300",
  "comments": null,
  "description": "Money fell from the sky",
  "eligible": true,
  "removed": false,
  "semester": 150,
  "student": 2
 },
 "model": "grad.otherfunding",
 "pk": 2
},
{
 "fields": {
  "amount": "1300",
  "comments": null,
  "description": "Money fell from the sky",
  "eligible": true,
  "removed": false,
  "semester": 146,
  "student": 3
 },
 "model": "grad.otherfunding",
 "pk": 3
},
{
 "fields": {
  "amount": "1300",
  "comments": null,
  "description": "Money fell from the sky",
  "eligible": true,
  "removed": false,
  "semester": 146,
  "student": 4
 },
 "model": "grad.otherfunding",
 "pk": 4
},
{
 "fields": {
  "amount": "1300",
  "comments": null,
  "description": "Money fell from the sky",
  "eligible": true,
  "removed": false,
  "semester": 152,
  "student": 5
 },
 "model": "grad.otherfunding",
 "pk": 5
},
{
 "fields": {
  "amount": "1300",
  "comments": null,
  "description": "Money fell from the sky",
  "eligible": true,
  "removed": false,
  "semester": 151,
  "student": 6
 },
 "model": "grad.otherfunding",
 "pk": 6
},
{
 "fields": {
  "amount": "1300",
  "comments": null,
  "description": "Money fell from the sky",
  "eligible": true,
  "removed": false,
  "semester": 146,
  "student": 7
 },
 "model": "grad.otherfunding",
 "pk": 7
},
{
 "fields": {
  "amount": "1300",
  "comments": null,
  "description": "Money fell from the sky",
  "eligible": true,
  "removed": false,
  "semester": 149,
  "student": 8
 },
 "model": "grad.otherfunding",
 "pk": 8
},
{
 "fields": {
  "amount": "1300",
  "comments": null,
  "description": "Money fell from the sky",
  "eligible": true,
  "removed": false,
  "semester": 150,
  "student": 9
 },
 "model": "grad.otherfunding",
 "pk": 9
},
{
 "fields": {
  "amount": "1300",
  "comments": null,
  "description": "Money fell from the sky",
  "eligible": true,
  "removed": false,
  "semester": 150,
  "student": 10
 },
 "model": "grad.otherfunding",
 "pk": 10
},
{
 "fields": {
  "amount": "1300",
  "comments": null,
  "description": "Money fell from the sky",
  "eligible": true,
  "removed": false,
  "semester": 149,
  "student": 11
 },
 "model": "grad.otherfunding",
 "pk": 11
},
{
 "fields": {
  "amount": "1300",
  "comments": null,
  "description": "Money fell from the sky",
  "eligible": true,
  "removed": false,
  "semester": 149,
  "student": 12
 },
 "model": "grad.otherfunding",
 "pk": 12
},
{
 "fields": {
  "amount": "1300",
  "comments": null,
  "description": "Money fell from the sky",
  "eligible": true,
  "removed": false,
  "semester": 146,
  "student": 13
 },
 "model": "grad.otherfunding",
 "pk": 13
},
{
 "fields": {
  "amount": "1300",
  "comments": null,
  "description": "Money fell from the sky",
  "eligible": true,
  "removed": false,
  "semester": 146,
  "student": 14
 },
 "model": "grad.otherfunding",
 "pk": 14
},
{
 "fields": {
  "amount": "1300",
  "comments": null,
  "description": "Money fell from the sky",
  "eligible": true,
  "removed": false,
  "semester": 148,
  "student": 15
 },
 "model": "grad.otherfunding",
 "pk": 15
},
{
 "fields": {
  "amount": "1300",
  "comments": null,
  "description": "Money fell from the sky",
  "eligible": true,
  "removed": false,
  "semester": 149,
  "student": 16
 },
 "model": "grad.otherfunding",
 "pk": 16
},
{
 "fields": {
  "amount": "1300",
  "comments": null,
  "description": "Money fell from the sky",
  "eligible": true,
  "removed": false,
  "semester": 147,
  "student": 17
 },
 "model": "grad.otherfunding",
 "pk": 17
},
{
 "fields": {
  "amount": "1300",
  "comments": null,
  "description": "Money fell from the sky",
  "eligible": true,
  "removed": false,
  "semester": 150,
  "student": 18
 },
 "model": "grad.otherfunding",
 "pk": 18
},
{
 "fields": {
  "amount": "1300",
  "comments": null,
  "description": "Money fell from the sky",
  "eligible": true,
  "removed": false,
  "semester": 152,
  "student": 19
 },
 "model": "grad.otherfunding",
 "pk": 19
},
{
 "fields": {
  "amount": "1300",
  "comments": null,
  "description": "Money fell from the sky",
  "eligible": true,
  "removed": false,
  "semester": 151,
  "student": 20
 },
 "model": "grad.otherfunding",
 "pk": 20
},
{
 "fields": {
  "amount": "1300",
  "comments": null,
  "description": "Money fell from the sky",
  "eligible": true,
  "removed": false,
  "semester": 148,
  "student": 21
 },
 "model": "grad.otherfunding",
 "pk": 21
},
{
 "fields": {
  "amount": "1300",
  "comments": null,
  "description": "Money fell from the sky",
  "eligible": true,
  "removed": false,
  "semester": 152,
  "student": 22
 },
 "model": "grad.otherfunding",
 "pk": 22
},
{
 "fields": {
  "amount": "1300",
  "comments": null,
  "description": "Money fell from the sky",
  "eligible": true,
  "removed": false,
  "semester": 151,
  "student": 23
 },
 "model": "grad.otherfunding",
 "pk": 23
},
{
 "fields": {
  "amount": "1300",
  "comments": null,
  "description": "Money fell from the sky",
  "eligible": true,
  "removed": false,
  "semester": 145,
  "student": 24
 },
 "model": "grad.otherfunding",
 "pk": 24
},
{
 "fields": {
  "amount": "1300",
  "comments": null,
  "description": "Money fell from the sky",
  "eligible": true,
  "removed": false,
  "semester": 152,
  "student": 25
 },
 "model": "grad.otherfunding",
 "pk": 25
},
{
 "fields": {
  "amount": "10000",
  "comments": null,
  "end_semester": 150,
  "removed": false,
  "start_semester": 148,
  "student": 1
 },
 "model": "grad.promise",
 "pk": 1
},
{
 "fields": {
  "amount": "10000",
  "comments": null,
  "end_semester": 153,
  "removed": false,
  "start_semester": 151,
  "student": 1
 },
 "model": "grad.promise",
 "pk": 2
},
{
 "fields": {
  "amount": "10000",
  "comments": null,
  "end_semester": 149,
  "removed": false,
  "start_semester": 147,
  "student": 2
 },
 "model": "grad.promise",
 "pk": 3
},
{
 "fields": {
  "amount": "10000",
  "comments": null,
  "end_semester": 152,
  "removed": false,
  "start_semester": 150,
  "student": 2
 },
 "model": "grad.promise",
 "pk": 4
},
{
 "fields": {
  "amount": "10000",
  "comments": null,
  "end_semester": 145,
  "removed": false,
  "start_semester": 143,
  "student": 3
 },
 "model": "grad.promise",
 "pk": 5
},
{
 "fields": {
  "amount": "10000",
  "comments": null,
  "end_semester": 148,
  "removed": false,
  "start_semester": 146,
  "student": 3
 },
 "model": "grad.promise",
 "pk": 6
},
{
 "fields": {
  "amount": "10000",
  "comments": null,
  "end_semester": 145,
  "removed": false,
  "start_semester": 143,
  "student": 4
 },
 "model": "grad.promise",
 "pk": 7
},
{
 "fields": {
  "amount": "10000",
  "comments": null,
  "end_semester": 148,
  "removed": false,
  "start_semester": 146,
  "student": 4
 },
 "model": "grad.promise",
 "pk": 8
},
{
 "fields": {
  "amount": "10000",
  "comments": null,
  "end_semester": 151,
  "removed": false,
  "start_semester": 149,
  "student": 5
 },
 "model": "grad.promise",
 "pk": 9
},
{
 "fields": {
  "amount": "10000",
  "comments": null,
  "end_semester": 154,
  "removed": false,
  "start_semester": 152,
  "student": 5
 },
 "model": "grad.promise",
 "pk": 10
},
{
 "fields": {
  "amount": "10000",
  "comments": null,
  "end_semester": 150,
  "removed": false,
  "start_semester": 148,
  "student": 6
 },
 "model": "grad.promise",
 "pk": 11
},
{
 "fields": {
  "amount": "10000",
  "comments": null,
  "end_semester": 153,
  "removed": false,
  "start_semester": 151,
  "student": 6
 },
 "model": "grad.promise",
 "pk": 12
},
{
 "fields": {
  "amount": "10000",
  "comments": null,
  "end_semester": 145,
  "removed": false,
  "start_semester": 143,
  "student": 7
 },
 "model": "grad.promise",
 "pk": 13
},
{
 "fields": {
  "amount": "10000",
  "comments": null,
  "end_semester": 148,
  "removed": false,
  "start_semester": 146,
  "student": 7
 },
 "model": "grad.promise",
 "pk": 14
},
{
 "fields": {
  "amount": "10000",
  "comments": null,
  "end_semester": 148,
  "removed": false,
  "start_semester": 146,
  "student": 8
 },
 "model": "grad.promise",
 "pk": 15
},
{
 "fields": {
  "amount": "10000",
  "comments": null,
  "end_semester": 151,
  "removed": false,
  "start_semester": 149,
  "student": 8
 },
 "model": "grad.promise",
 "pk": 16
},
{
 "fields": {
  "amount": "10000",
  "comments": null,
  "end_semester": 149,
  "removed": false,
  "start_semester": 147,
  "student": 9
 },
 "model": "grad.promise",
 "pk": 17
},
{
 "fields": {
  "amount": "10000",
  "comments": null,
  "end_semester": 152,
  "removed": false,
  "start_semester": 150,
  "student": 9
 },
 "model": "grad.promise",
 "pk": 18
},
{
 "fields": {
  "amount": "10000",
  "comments": null,
  "end_semester": 149,
  "removed": false,
  "start_semester": 147,
  "student": 10
 },
 "model": "grad.promise",
 "pk": 19
},
{
 "fields": {
  "amount": "10000",
  "comments": null,
  "end_semester": 152,
  "removed": false,
  "start_semester": 150,
  "student": 10
 },
 "model": "grad.promise",
 "pk": 20
},
{
 "fields": {
  "amount": "10000",
  "comments": null,
  "end_semester": 148,
  "removed": false,
  "start_semester": 146,
  "student": 11
 },
 "model": "grad.promise",
 "pk": 21
},
{
 "fields": {
  "amount": "10000",
  "comments": null,
  "end_semester": 151,
  "removed": false,
  "start_semester": 149,
  "student": 11
 },
 "model": "grad.promise",
 "pk": 22
},
{
 "fields": {
  "amount": "10000",
  "comments": null,
  "end_semester": 148,
  "removed": false,
  "start_semester": 146,
  "student": 12
 },
 "model": "grad.promise",
 "pk": 23
},
{
 "fields": {
  "amount": "10000",
  "comments": null,
  "end_semester": 151,
  "removed": false,
  "start_semester": 149,
  "student": 12
 },
 "model": "grad.promise",
 "pk": 24
},
{
 "fields": {
  "amount": "10000",
  "comments": null,
  "end_semester": 145,
  "removed": false,
  "start_semester": 143,
  "student": 13
 },
 "model": "grad.promise",
 "pk": 25
},
{
 "fields": {
  "amount": "10000",
  "comments": null,
  "end_semester": 148,
  "removed": false,
  "start_semester": 146,
  "student": 13
 },
 "model": "grad.promise",
 "pk": 26
},
{
 "fields": {
  "amount": "10000",
  "comments": null,
  "end_semester": 145,
  "removed": false,
  "start_semester": 143,
  "student": 14
 },
 "model": "grad.promise",
 "pk": 27
},
{
 "fields": {
  "amount": "10000",
  "comments": null,
  "end_semester": 148,
  "removed": false,
  "start_semester": 146,
  "student": 14
 },
 "model": "grad.promise",
 "pk": 28
},
{
 "fields": {
  "amount": "10000",
  "comments": null,
  "end_semester": 147,
  "removed": false,
  "start_semester": 145,
  "student": 15
 },
 "model": "grad.promise",
 "pk": 29
},
{
 "fields": {
  "amount": "10000",
  "comments": null,
  "end_semester": 150,
  "removed": false,
  "start_semester": 148,
  "student": 15
 },
 "model": "grad.promise",
 "pk": 30
},
{
 "fields": {
  "amount": "10000",
  "comments": null,
  "end_semester": 148,
  "removed": false,
  "start_semester": 146,
  "student": 16
 },
 "model": "grad.promise",
 "pk": 31
},
{
 "fields": {
  "amount": "10000",
  "comments": null,
  "end_semester": 151,
  "removed": false,
  "start_semester": 149,
  "student": 16
 },
 "model": "grad.promise",
 "pk": 32
},
{
 "fields": {
  "amount": "10000",
  "comments": null,
  "end_semester": 146,
  "removed": false,
  "start_semester": 144,
  "student": 17
 },
 "model": "grad.promise",
 "pk": 33
},
{
 "fields": {
  "amount": "10000",
  "comments": null,
  "end_semester": 149,
  "removed": false,
  "start_semester": 147,
  "student": 17
 },
 "model": "grad.promise",
 "pk": 34
},
{
 "fields": {
  "amount": "10000",
  "comments": null,
  "end_semester": 149,
  "removed": false,
  "start_semester": 147,
  "student": 18
 },
 "model": "grad.promise",
 "pk": 35
},
{
 "fields": {
  "amount": "10000",
  "comments": null,
  "end_semester": 152,
  "removed": false,
  "start_semester": 150,
  "student": 18
 },
 "model": "grad.promise",
 "pk": 36
},
{
 "fields": {
  "amount": "10000",
  "comments": null,
  "end_semester": 151,
  "removed": false,
  "start_semester": 149,
  "student": 19
 },
 "model": "grad.promise",
 "pk": 37
},
{
 "fields": {
  "amount": "10000",
  "comments": null,
  "end_semester": 154,
  "removed": false,
  "start_semester": 152,
  "student": 19
 },
 "model": "grad.promise",
 "pk": 38
},
{
 "fields": {
  "amount": "10000",
  "comments": null,
  "end_semester": 150,
  "removed": false,
  "start_semester": 148,
  "student": 20
 },
 "model": "grad.promise",
 "pk": 39
},
{
 "fields": {
  "amount": "10000",
  "comments": null,
  "end_semester": 153,
  "removed": false,
  "start_semester": 151,
  "student": 20
 },
 "model": "grad.promise",
 "pk": 40
},
{
 "fields": {
  "amount": "10000",
  "comments": null,
  "end_semester": 147,
  "removed": false,
  "start_semester": 145,
  "student": 21
 },
 "model": "grad.promise",
 "pk": 41
},
{
 "fields": {
  "amount": "10000",
  "comments": null,
  "end_semester": 150,
  "removed": false,
  "start_semester": 148,
  "student": 21
 },
 "model": "grad.promise",
 "pk": 42
},
{
 "fields": {
  "amount": "10000",
  "comments": null,
  "end_semester": 151,
  "removed": false,
  "start_semester": 149,
  "student": 22
 },
 "model": "grad.promise",
 "pk": 43
},
{
 "fields": {
  "amount": "10000",
  "comments": null,
  "end_semester": 154,
  "removed": false,
  "start_semester": 152,
  "student": 22
 },
 "model": "grad.promise",
 "pk": 44
},
{
 "fields": {
  "amount": "10000",
  "comments": null,
  "end_semester": 150,
  "removed": false,
  "start_semester": 148,
  "student": 23
 },
 "model": "grad.promise",
 "pk": 45
},
{
 "fields": {
  "amount": "10000",
  "comments": null,
  "end_semester": 153,
  "removed": false,
  "start_semester": 151,
  "student": 23
 },
 "model": "grad.promise",
 "pk": 46
},
{
 "fields": {
  "amount": "10000",
  "comments": null,
  "end_semester": 144,
  "removed": false,
  "start_semester": 142,
  "student": 24
 },
 "model": "grad.promise",
 "pk": 47
},
{
 "fields": {
  "amount": "10000",
  "comments": null,
  "end_semester": 147,
  "removed": false,
  "start_semester": 145,
  "student": 24
 },
 "model": "grad.promise",
 "pk": 48
},
{
 "fields": {
  "amount": "10000",
  "comments": null,
  "end_semester": 151,
  "removed": false,
  "start_semester": 149,
  "student": 25
 },
 "model": "grad.promise",
 "pk": 49
},
{
 "fields": {
  "amount": "10000",
  "comments": null,
  "end_semester": 154,
  "removed": false,
  "start_semester": 152,
  "student": 25
 },
 "model": "grad.promise",
 "pk": 50
},
{
 "fields": {
  "created_at": "2015-03-19T21:04:52.636",
  "date": null,
  "notes": null,
  "removed": false,
  "requirement": 7,
  "semester": 149,
  "student": 1,
  "updated_at": "2015-03-19T21:04:52.636"
 },
 "model": "grad.completedrequirement",
 "pk": 1
},
{
 "fields": {
  "created_at": "2015-03-19T21:04:58.443",
  "date": null,
  "notes": null,
  "removed": false,
  "requirement": 7,
  "semester": 144,
  "student": 3,
  "updated_at": "2015-03-19T21:04:58.443"
 },
 "model": "grad.completedrequirement",
 "pk": 2
},
{
 "fields": {
  "created_at": "2015-03-19T21:05:10.938",
  "date": null,
  "notes": null,
  "removed": false,
  "requirement": 7,
  "semester": 147,
  "student": 8,
  "updated_at": "2015-03-19T21:05:10.938"
 },
 "model": "grad.completedrequirement",
 "pk": 3
},
{
 "fields": {
  "created_at": "2015-03-19T21:05:13.294",
  "date": null,
  "notes": null,
  "removed": false,
  "requirement": 7,
  "semester": 148,
  "student": 9,
  "updated_at": "2015-03-19T21:05:13.294"
 },
 "model": "grad.completedrequirement",
 "pk": 4
},
{
 "fields": {
  "created_at": "2015-03-19T21:05:20.997",
  "date": null,
  "notes": null,
  "removed": false,
  "requirement": 7,
  "semester": 147,
  "student": 12,
  "updated_at": "2015-03-19T21:05:20.997"
 },
 "model": "grad.completedrequirement",
 "pk": 5
},
{
 "fields": {
  "created_at": "2015-03-19T21:05:28.174",
  "date": null,
  "notes": null,
  "removed": false,
  "requirement": 7,
  "semester": 146,
  "student": 15,
  "updated_at": "2015-03-19T21:05:28.174"
 },
 "model": "grad.completedrequirement",
 "pk": 6
},
{
 "fields": {
  "created_at": "2015-03-19T21:05:44.836",
  "date": null,
  "notes": null,
  "removed": false,
  "requirement": 7,
  "semester": 150,
  "student": 22,
  "updated_at": "2015-03-19T21:05:44.836"
 },
 "model": "grad.completedrequirement",
 "pk": 7
},
{
 "fields": {
  "created_at": "2015-03-19T21:05:50.452",
  "date": null,
  "notes": null,
  "removed": false,
  "requirement": 7,
  "semester": 143,
  "student": 24,
  "updated_at": "2015-03-19T21:05:50.452"
 },
 "model": "grad.completedrequirement",
 "pk": 8
},
{
 "fields": {
  "flag": 2,
  "student": 1,
  "value": true
 },
 "model": "grad.gradflagvalue",
 "pk": 1
},
{
 "fields": {
  "flag": 2,
  "student": 5,
  "value": true
 },
 "model": "grad.gradflagvalue",
 "pk": 2
},
{
 "fields": {
  "flag": 2,
  "student": 11,
  "value": true
 },
 "model": "grad.gradflagvalue",
 "pk": 3
},
{
 "fields": {
  "flag": 2,
  "student": 12,
  "value": true
 },
 "model": "grad.gradflagvalue",
 "pk": 4
},
{
 "fields": {
  "flag": 2,
  "student": 18,
  "value": true
 },
 "model": "grad.gradflagvalue",
 "pk": 5
},
{
 "fields": {
  "flag": 2,
  "student": 20,
  "value": true
 },
 "model": "grad.gradflagvalue",
 "pk": 6
},
{
 "fields": {
  "flag": 2,
  "student": 23,
  "value": true
 },
 "model": "grad.gradflagvalue",
 "pk": 7
},
{
 "fields": {
  "flag": 2,
  "student": 25,
  "value": true
 },
 "model": "grad.gradflagvalue",
 "pk": 8
},
{
 "fields": {
  "config": "{}",
  "created_at": "2015-03-19T21:04:52.936",
  "created_by": "",
  "external": null,
  "modified_by": null,
  "removed": false,
  "student": 1,
  "supervisor": 7,
  "supervisor_type": "POT",
  "updated_at": "2015-03-19T21:04:52.936"
 },
 "model": "grad.supervisor",
 "pk": 1
},
{
 "fields": {
  "config": "{}",
  "created_at": "2015-03-19T21:04:53.095",
  "created_by": "",
  "external": null,
  "modified_by": null,
  "removed": false,
  "student": 1,
  "supervisor": 7,
  "supervisor_type": "SEN",
  "updated_at": "2015-03-19T21:04:53.095"
 },
 "model": "grad.supervisor",
 "pk": 2
},
{
 "fields": {
  "config": "{}",
  "created_at": "2015-03-19T21:04:53.245",
  "created_by": "",
  "external": null,
  "modified_by": null,
  "removed": false,
  "student": 1,
  "supervisor": 4,
  "supervisor_type": "COM",
  "updated_at": "2015-03-19T21:04:53.245"
 },
 "model": "grad.supervisor",
 "pk": 3
},
{
 "fields": {
  "config": "{}",
  "created_at": "2015-03-19T21:04:55.919",
  "created_by": "",
  "external": null,
  "modified_by": null,
  "removed": false,
  "student": 2,
  "supervisor": 1,
  "supervisor_type": "POT",
  "updated_at": "2015-03-19T21:04:55.920"
 },
 "model": "grad.supervisor",
 "pk": 4
},
{
 "fields": {
  "config": "{}",
  "created_at": "2015-03-19T21:04:56.119",
  "created_by": "",
  "external": null,
  "modified_by": null,
  "removed": false,
  "student": 2,
  "supervisor": 1,
  "supervisor_type": "SEN",
  "updated_at": "2015-03-19T21:04:56.119"
 },
 "model": "grad.supervisor",
 "pk": 5
},
{
 "fields": {
  "config": "{}",
  "created_at": "2015-03-19T21:04:56.247",
  "created_by": "",
  "external": null,
  "modified_by": null,
  "removed": false,
  "student": 2,
  "supervisor": 12,
  "supervisor_type": "COM",
  "updated_at": "2015-03-19T21:04:56.247"
 },
 "model": "grad.supervisor",
 "pk": 6
},
{
 "fields": {
  "config": "{}",
  "created_at": "2015-03-19T21:04:58.567",
  "created_by": "",
  "external": null,
  "modified_by": null,
  "removed": false,
  "student": 3,
  "supervisor": 13,
  "supervisor_type": "POT",
  "updated_at": "2015-03-19T21:04:58.567"
 },
 "model": "grad.supervisor",
 "pk": 7
},
{
 "fields": {
  "config": "{}",
  "created_at": "2015-03-19T21:05:03.063",
  "created_by": "",
  "external": null,
  "modified_by": null,
  "removed": false,
  "student": 5,
  "supervisor": 12,
  "supervisor_type": "POT",
  "updated_at": "2015-03-19T21:05:03.063"
 },
 "model": "grad.supervisor",
 "pk": 8
},
{
 "fields": {
  "config": "{}",
  "created_at": "2015-03-19T21:05:03.206",
  "created_by": "",
  "external": null,
  "modified_by": null,
  "removed": false,
  "student": 5,
  "supervisor": 12,
  "supervisor_type": "SEN",
  "updated_at": "2015-03-19T21:05:03.206"
 },
 "model": "grad.supervisor",
 "pk": 9
},
{
 "fields": {
  "config": "{}",
  "created_at": "2015-03-19T21:05:03.323",
  "created_by": "",
  "external": null,
  "modified_by": null,
  "removed": false,
  "student": 5,
  "supervisor": 12,
  "supervisor_type": "COM",
  "updated_at": "2015-03-19T21:05:03.323"
 },
 "model": "grad.supervisor",
 "pk": 10
},
{
 "fields": {
  "config": "{}",
  "created_at": "2015-03-19T21:05:05.716",
  "created_by": "",
  "external": null,
  "modified_by": null,
  "removed": false,
  "student": 6,
  "supervisor": 13,
  "supervisor_type": "POT",
  "updated_at": "2015-03-19T21:05:05.716"
 },
 "model": "grad.supervisor",
 "pk": 11
},
{
 "fields": {
  "config": "{}",
  "created_at": "2015-03-19T21:05:05.842",
  "created_by": "",
  "external": null,
  "modified_by": null,
  "removed": false,
  "student": 6,
  "supervisor": 13,
  "supervisor_type": "SEN",
  "updated_at": "2015-03-19T21:05:05.842"
 },
 "model": "grad.supervisor",
 "pk": 12
},
{
 "fields": {
  "config": "{}",
  "created_at": "2015-03-19T21:05:05.968",
  "created_by": "",
  "external": null,
  "modified_by": null,
  "removed": false,
  "student": 6,
  "supervisor": 8,
  "supervisor_type": "COM",
  "updated_at": "2015-03-19T21:05:05.968"
 },
 "model": "grad.supervisor",
 "pk": 13
},
{
 "fields": {
  "config": "{}",
  "created_at": "2015-03-19T21:05:08.038",
  "created_by": "",
  "external": null,
  "modified_by": null,
  "removed": false,
  "student": 7,
  "supervisor": 10,
  "supervisor_type": "POT",
  "updated_at": "2015-03-19T21:05:08.038"
 },
 "model": "grad.supervisor",
 "pk": 14
},
{
 "fields": {
  "config": "{}",
  "created_at": "2015-03-19T21:05:08.162",
  "created_by": "",
  "external": null,
  "modified_by": null,
  "removed": false,
  "student": 7,
  "supervisor": 10,
  "supervisor_type": "SEN",
  "updated_at": "2015-03-19T21:05:08.162"
 },
 "model": "grad.supervisor",
 "pk": 15
},
{
 "fields": {
  "config": "{}",
  "created_at": "2015-03-19T21:05:08.264",
  "created_by": "",
  "external": null,
  "modified_by": null,
  "removed": false,
  "student": 7,
  "supervisor": 11,
  "supervisor_type": "COM",
  "updated_at": "2015-03-19T21:05:08.264"
 },
 "model": "grad.supervisor",
 "pk": 16
},
{
 "fields": {
  "config": "{}",
  "created_at": "2015-03-19T21:05:16.200",
  "created_by": "",
  "external": null,
  "modified_by": null,
  "removed": false,
  "student": 10,
  "supervisor": 4,
  "supervisor_type": "POT",
  "updated_at": "2015-03-19T21:05:16.200"
 },
 "model": "grad.supervisor",
 "pk": 17
},
{
 "fields": {
  "config": "{}",
  "created_at": "2015-03-19T21:05:21.271",
  "created_by": "",
  "external": null,
  "modified_by": null,
  "removed": false,
  "student": 12,
  "supervisor": 10,
  "supervisor_type": "POT",
  "updated_at": "2015-03-19T21:05:21.271"
 },
 "model": "grad.supervisor",
 "pk": 18
},
{
 "fields": {
  "config": "{}",
  "created_at": "2015-03-19T21:05:21.427",
  "created_by": "",
  "external": null,
  "modified_by": null,
  "removed": false,
  "student": 12,
  "supervisor": 10,
  "supervisor_type": "SEN",
  "updated_at": "2015-03-19T21:05:21.427"
 },
 "model": "grad.supervisor",
 "pk": 19
},
{
 "fields": {
  "config": "{}",
  "created_at": "2015-03-19T21:05:21.595",
  "created_by": "",
  "external": null,
  "modified_by": null,
  "removed": false,
  "student": 12,
  "supervisor": 12,
  "supervisor_type": "COM",
  "updated_at": "2015-03-19T21:05:21.595"
 },
 "model": "grad.supervisor",
 "pk": 20
},
{
 "fields": {
  "config": "{}",
  "created_at": "2015-03-19T21:05:32.727",
  "created_by": "",
  "external": null,
  "modified_by": null,
  "removed": false,
  "student": 17,
  "supervisor": 7,
  "supervisor_type": "POT",
  "updated_at": "2015-03-19T21:05:32.727"
 },
 "model": "grad.supervisor",
 "pk": 21
},
{
 "fields": {
  "config": "{}",
  "created_at": "2015-03-19T21:05:32.878",
  "created_by": "",
  "external": null,
  "modified_by": null,
  "removed": false,
  "student": 17,
  "supervisor": 7,
  "supervisor_type": "SEN",
  "updated_at": "2015-03-19T21:05:32.878"
 },
 "model": "grad.supervisor",
 "pk": 22
},
{
 "fields": {
  "config": "{}",
  "created_at": "2015-03-19T21:05:33.003",
  "created_by": "",
  "external": null,
  "modified_by": null,
  "removed": false,
  "student": 17,
  "supervisor": 10,
  "supervisor_type": "COM",
  "updated_at": "2015-03-19T21:05:33.003"
 },
 "model": "grad.supervisor",
 "pk": 23
},
{
 "fields": {
  "config": "{}",
  "created_at": "2015-03-19T21:05:37.039",
  "created_by": "",
  "external": null,
  "modified_by": null,
  "removed": false,
  "student": 19,
  "supervisor": 13,
  "supervisor_type": "POT",
  "updated_at": "2015-03-19T21:05:37.039"
 },
 "model": "grad.supervisor",
 "pk": 24
},
{
 "fields": {
  "config": "{}",
  "created_at": "2015-03-19T21:05:37.173",
  "created_by": "",
  "external": null,
  "modified_by": null,
  "removed": false,
  "student": 19,
  "supervisor": 13,
  "supervisor_type": "SEN",
  "updated_at": "2015-03-19T21:05:37.173"
 },
 "model": "grad.supervisor",
 "pk": 25
},
{
 "fields": {
  "config": "{}",
  "created_at": "2015-03-19T21:05:37.307",
  "created_by": "",
  "external": null,
  "modified_by": null,
  "removed": false,
  "student": 19,
  "supervisor": 10,
  "supervisor_type": "COM",
  "updated_at": "2015-03-19T21:05:37.307"
 },
 "model": "grad.supervisor",
 "pk": 26
},
{
 "fields": {
  "config": "{}",
  "created_at": "2015-03-19T21:05:39.542",
  "created_by": "",
  "external": null,
  "modified_by": null,
  "removed": false,
  "student": 20,
  "supervisor": 8,
  "supervisor_type": "POT",
  "updated_at": "2015-03-19T21:05:39.542"
 },
 "model": "grad.supervisor",
 "pk": 27
},
{
 "fields": {
  "config": "{}",
  "created_at": "2015-03-19T21:05:39.685",
  "created_by": "",
  "external": null,
  "modified_by": null,
  "removed": false,
  "student": 20,
  "supervisor": 8,
  "supervisor_type": "SEN",
  "updated_at": "2015-03-19T21:05:39.685"
 },
 "model": "grad.supervisor",
 "pk": 28
},
{
 "fields": {
  "config": "{}",
  "created_at": "2015-03-19T21:05:39.831",
  "created_by": "",
  "external": null,
  "modified_by": null,
  "removed": false,
  "student": 20,
  "supervisor": 11,
  "supervisor_type": "COM",
  "updated_at": "2015-03-19T21:05:39.831"
 },
 "model": "grad.supervisor",
 "pk": 29
},
{
 "fields": {
  "config": "{}",
  "created_at": "2015-03-19T21:05:45.002",
  "created_by": "",
  "external": null,
  "modified_by": null,
  "removed": false,
  "student": 22,
  "supervisor": 4,
  "supervisor_type": "POT",
  "updated_at": "2015-03-19T21:05:45.002"
 },
 "model": "grad.supervisor",
 "pk": 30
},
{
 "fields": {
  "config": "{}",
  "created_at": "2015-03-19T21:05:45.117",
  "created_by": "",
  "external": null,
  "modified_by": null,
  "removed": false,
  "student": 22,
  "supervisor": 4,
  "supervisor_type": "SEN",
  "updated_at": "2015-03-19T21:05:45.117"
 },
 "model": "grad.supervisor",
 "pk": 31
},
{
 "fields": {
  "config": "{}",
  "created_at": "2015-03-19T21:05:45.261",
  "created_by": "",
  "external": null,
  "modified_by": null,
  "removed": false,
  "student": 22,
  "supervisor": 13,
  "supervisor_type": "COM",
  "updated_at": "2015-03-19T21:05:45.261"
 },
 "model": "grad.supervisor",
 "pk": 32
},
{
 "fields": {
  "config": "{}",
  "created_at": "2015-03-19T21:05:47.714",
  "created_by": "",
  "external": null,
  "modified_by": null,
  "removed": false,
  "student": 23,
  "supervisor": 7,
  "supervisor_type": "POT",
  "updated_at": "2015-03-19T21:05:47.714"
 },
 "model": "grad.supervisor",
 "pk": 33
},
{
 "fields": {
  "config": "{}",
  "created_at": "2015-03-19T21:05:47.911",
  "created_by": "",
  "external": null,
  "modified_by": null,
  "removed": false,
  "student": 23,
  "supervisor": 7,
  "supervisor_type": "SEN",
  "updated_at": "2015-03-19T21:05:47.911"
 },
 "model": "grad.supervisor",
 "pk": 34
},
{
 "fields": {
  "config": "{}",
  "created_at": "2015-03-19T21:05:48.127",
  "created_by": "",
  "external": null,
  "modified_by": null,
  "removed": false,
  "student": 23,
  "supervisor": 10,
  "supervisor_type": "COM",
  "updated_at": "2015-03-19T21:05:48.127"
 },
 "model": "grad.supervisor",
 "pk": 35
},
{
 "fields": {
  "config": "{}",
  "created_at": "2015-03-19T21:05:50.601",
  "created_by": "",
  "external": null,
  "modified_by": null,
  "removed": false,
  "student": 24,
  "supervisor": 10,
  "supervisor_type": "POT",
  "updated_at": "2015-03-19T21:05:50.601"
 },
 "model": "grad.supervisor",
 "pk": 36
},
{
 "fields": {
  "config": "{}",
  "created_at": "2015-03-19T21:05:50.718",
  "created_by": "",
  "external": null,
  "modified_by": null,
  "removed": false,
  "student": 24,
  "supervisor": 10,
  "supervisor_type": "SEN",
  "updated_at": "2015-03-19T21:05:50.718"
 },
 "model": "grad.supervisor",
 "pk": 37
},
{
 "fields": {
  "config": "{}",
  "created_at": "2015-03-19T21:05:50.880",
  "created_by": "",
  "external": null,
  "modified_by": null,
  "removed": false,
  "student": 24,
  "supervisor": 10,
  "supervisor_type": "COM",
  "updated_at": "2015-03-19T21:05:50.880"
 },
 "model": "grad.supervisor",
 "pk": 38
},
{
 "fields": {
  "config": "{}",
  "created_at": "2015-03-19T21:05:53.796",
  "created_by": "",
  "external": null,
  "modified_by": null,
  "removed": false,
  "student": 25,
  "supervisor": 1,
  "supervisor_type": "POT",
  "updated_at": "2015-03-19T21:05:53.796"
 },
 "model": "grad.supervisor",
 "pk": 39
}
]
