[
{
 "fields": {
  "config": "{}",
  "person": 5,
  "role": "GRAD",
  "unit": 5
 },
 "model": "coredata.role",
 "pk": 7
},
{
 "fields": {
  "config": "{}",
  "person": 2,
  "role": "GRPD",
  "unit": 5
 },
 "model": "coredata.role",
 "pk": 8
},
{
 "fields": {
  "created_at": "2016-08-10T13:45:14.560",
  "created_by": "",
  "description": "MSc Course option",
  "hidden": false,
  "label": "MSc Course",
  "modified_by": null,
  "slug": "msccourse",
  "unit": 5,
  "updated_at": "2016-08-10T13:45:14.560"
 },
 "model": "grad.gradprogram",
 "pk": 1
},
{
 "fields": {
  "created_at": "2016-08-10T13:45:14.636",
  "created_by": "",
  "description": "MSc Project option",
  "hidden": false,
  "label": "MSc Proj",
  "modified_by": null,
  "slug": "mscproj",
  "unit": 5,
  "updated_at": "2016-08-10T13:45:14.636"
 },
 "model": "grad.gradprogram",
 "pk": 2
},
{
 "fields": {
  "created_at": "2016-08-10T13:45:14.720",
  "created_by": "",
  "description": "MSc Thesis option",
  "hidden": false,
  "label": "MSc Thesis",
  "modified_by": null,
  "slug": "mscthesis",
  "unit": 5,
  "updated_at": "2016-08-10T13:45:14.720"
 },
 "model": "grad.gradprogram",
 "pk": 3
},
{
 "fields": {
  "created_at": "2016-08-10T13:45:14.803",
  "created_by": "",
  "description": "Doctor of Philosophy",
  "hidden": false,
  "label": "PhD",
  "modified_by": null,
  "slug": "phd",
  "unit": 5,
  "updated_at": "2016-08-10T13:45:14.803"
 },
 "model": "grad.gradprogram",
 "pk": 4
},
{
 "fields": {
  "created_at": "2016-08-10T13:45:15.096",
  "created_by": "",
  "description": "Qualifying student",
  "hidden": false,
  "label": "Qualifying",
  "modified_by": null,
  "slug": "qualifying",
  "unit": 5,
  "updated_at": "2016-08-10T13:45:15.096"
 },
 "model": "grad.gradprogram",
 "pk": 5
},
{
 "fields": {
  "created_at": "2016-08-10T13:45:15.215",
  "created_by": "",
  "description": "Special Arrangements",
  "hidden": false,
  "label": "Special",
  "modified_by": null,
  "slug": "special",
  "unit": 5,
  "updated_at": "2016-08-10T13:45:15.215"
 },
 "model": "grad.gradprogram",
 "pk": 6
},
{
 "fields": {
  "comments": null,
  "eligible": false,
  "hidden": false,
  "name": "Scholarship-o-rama",
  "unit": 5
 },
 "model": "grad.scholarshiptype",
 "pk": 1
},
{
 "fields": {
  "comments": null,
  "eligible": true,
  "hidden": false,
  "name": "Generic Scholarship #8",
  "unit": 5
 },
 "model": "grad.scholarshiptype",
 "pk": 2
},
{
 "fields": {
  "created_at": "2016-08-10T13:45:15.303",
  "description": "Achieved Speciality",
  "hidden": false,
  "program": 6,
  "series": 1,
  "updated_at": "2016-08-10T13:45:15.303"
 },
 "model": "grad.gradrequirement",
 "pk": 1
},
{
 "fields": {
  "created_at": "2016-08-10T13:45:15.364",
  "description": "Found campus",
  "hidden": false,
  "program": 1,
  "series": 2,
  "updated_at": "2016-08-10T13:45:15.364"
 },
 "model": "grad.gradrequirement",
 "pk": 2
},
{
 "fields": {
  "created_at": "2016-08-10T13:45:15.438",
  "description": "Found campus",
  "hidden": false,
  "program": 2,
  "series": 2,
  "updated_at": "2016-08-10T13:45:15.438"
 },
 "model": "grad.gradrequirement",
 "pk": 3
},
{
 "fields": {
  "created_at": "2016-08-10T13:45:15.530",
  "description": "Found campus",
  "hidden": false,
  "program": 3,
  "series": 2,
  "updated_at": "2016-08-10T13:45:15.530"
 },
 "model": "grad.gradrequirement",
 "pk": 4
},
{
 "fields": {
  "created_at": "2016-08-10T13:45:15.622",
  "description": "Found campus",
  "hidden": false,
  "program": 4,
  "series": 2,
  "updated_at": "2016-08-10T13:45:15.622"
 },
 "model": "grad.gradrequirement",
 "pk": 5
},
{
 "fields": {
  "created_at": "2016-08-10T13:45:15.714",
  "description": "Found campus",
  "hidden": false,
  "program": 5,
  "series": 2,
  "updated_at": "2016-08-10T13:45:15.714"
 },
 "model": "grad.gradrequirement",
 "pk": 6
},
{
 "fields": {
  "created_at": "2016-08-10T13:45:15.805",
  "description": "Found campus",
  "hidden": false,
  "program": 6,
  "series": 2,
  "updated_at": "2016-08-10T13:45:15.805"
 },
 "model": "grad.gradrequirement",
 "pk": 7
},
{
 "fields": {
  "config": "{}",
  "content": "Congratulations, {{first_name}}, we would like to offer you admission to the {{program}} program in Computing Science at SFU.\r\n\r\nThis is g\u00f6\u00f6d news. Really.",
  "created_at": "2016-08-10T13:45:14.273",
  "created_by": "",
  "hidden": false,
  "label": "offer",
  "slug": "cmpt-offer",
  "unit": 5
 },
 "model": "grad.lettertemplate",
 "pk": 1
},
{
 "fields": {
  "config": "{}",
  "content": "This is to confirm that {{title}} {{first_name}} {{last_name}} is currently enrolled as a full time student in the {{program}} in the School of Computing Science at SFU.",
  "created_at": "2016-08-10T13:45:14.362",
  "created_by": "",
  "hidden": false,
  "label": "visa",
  "slug": "cmpt-visa",
  "unit": 5
 },
 "model": "grad.lettertemplate",
 "pk": 2
},
{
 "fields": {
  "config": "{}",
  "content": "This is to confirm that {{title}} {{first_name}} {{last_name}} is a student in the School of Computing Science's {{program}} program. {{He_She}} has been employed as follows:\r\n\r\n{% if tafunding %}Teaching assistant responsibilities include providing tutorials, office hours and marking assignments. {{title}} {{last_name}}'s assignments have been:\r\n\r\n{{ tafunding }}{% endif %}\r\n{% if rafunding %}Research assistants assist/provide research services to faculty. {{title}} {{last_name}}'s assignments have been:\r\n\r\n{{ rafunding }}{% endif %}\r\n{% if scholarships %}{{title}} {{last_name}} has received the following scholarships:\r\n\r\n{{ scholarships }}{% endif %}\r\n\r\n{{title}} {{last_name}} is making satisfactory progress.",
  "created_at": "2016-08-10T13:45:14.445",
  "created_by": "",
  "hidden": false,
  "label": "Funding",
  "slug": "cmpt-funding",
  "unit": 5
 },
 "model": "grad.lettertemplate",
 "pk": 3
},
{
 "fields": {
  "label": "Dual Degree Program",
  "unit": 5
 },
 "model": "grad.gradflag",
 "pk": 1
},
{
 "fields": {
  "label": "Co-op",
  "unit": 5
 },
 "model": "grad.gradflag",
 "pk": 2
},
{
 "fields": {
  "campus": "OFFST",
  "comments": "",
  "config": "{}",
  "created_at": "2016-08-10T13:45:16.175",
  "created_by": "",
  "current_status": "ACTI",
  "end_semester": null,
  "english_fluency": "",
  "is_canadian": false,
  "modified_by": null,
  "mother_tongue": "",
  "passport_issued_by": "",
  "person": 14,
  "program": 6,
  "research_area": "H\u00e0\u00eamycxgology",
  "slug": "0ggg0-special",
  "start_semester": 150,
  "updated_at": "2016-08-10T13:45:16.988"
 },
 "model": "grad.gradstudent",
 "pk": 1
},
{
 "fields": {
  "campus": "METRO",
  "comments": "",
  "config": "{}",
  "created_at": "2016-08-10T13:45:18.113",
  "created_by": "",
  "current_status": "REJE",
  "end_semester": null,
  "english_fluency": "",
  "is_canadian": null,
  "modified_by": null,
  "mother_tongue": "",
  "passport_issued_by": "",
  "person": 48,
  "program": 1,
  "research_area": "Nqmtimecology",
  "slug": "0ggg17-msccourse",
  "start_semester": 148,
  "updated_at": "2016-08-10T13:45:18.794"
 },
 "model": "grad.gradstudent",
 "pk": 2
},
{
 "fields": {
  "campus": "VANCR",
  "comments": "",
  "config": "{}",
  "created_at": "2016-08-10T13:45:19.483",
  "created_by": "",
  "current_status": "ACTI",
  "end_semester": null,
  "english_fluency": "",
  "is_canadian": false,
  "modified_by": null,
  "mother_tongue": "",
  "passport_issued_by": "",
  "person": 22,
  "program": 5,
  "research_area": "Kksn\u00f5\u00eahdology",
  "slug": "0ggg4-qualifying",
  "start_semester": 153,
  "updated_at": "2016-08-10T13:45:20.132"
 },
 "model": "grad.gradstudent",
 "pk": 3
},
{
 "fields": {
  "campus": "BRNBY",
  "comments": "",
  "config": "{}",
  "created_at": "2016-08-10T13:45:20.730",
  "created_by": "",
  "current_status": "WIDR",
  "end_semester": 153,
  "english_fluency": "",
  "is_canadian": true,
  "modified_by": null,
  "mother_tongue": "",
  "passport_issued_by": "",
  "person": 50,
  "program": 1,
  "research_area": "S\u00faq\u00efryvoology",
  "slug": "0ggg18-msccourse",
  "start_semester": 149,
  "updated_at": "2016-08-10T13:45:21.626"
 },
 "model": "grad.gradstudent",
 "pk": 4
},
{
 "fields": {
  "campus": "BRNBY",
  "comments": "",
  "config": "{}",
  "created_at": "2016-08-10T13:45:22.161",
  "created_by": "",
  "current_status": "WIDR",
  "end_semester": 153,
  "english_fluency": "",
  "is_canadian": null,
  "modified_by": null,
  "mother_tongue": "",
  "passport_issued_by": "",
  "person": 20,
  "program": 2,
  "research_area": "Pvbhhqg\u00e0ology",
  "slug": "0ggg3-mscproj",
  "start_semester": 150,
  "updated_at": "2016-08-10T13:45:23.582"
 },
 "model": "grad.gradstudent",
 "pk": 5
},
{
 "fields": {
  "campus": "VANCR",
  "comments": "",
  "config": "{}",
  "created_at": "2016-08-10T13:45:24.008",
  "created_by": "",
  "current_status": "REJE",
  "end_semester": null,
  "english_fluency": "",
  "is_canadian": false,
  "modified_by": null,
  "mother_tongue": "",
  "passport_issued_by": "",
  "person": 18,
  "program": 2,
  "research_area": "Bjhhsl\u00faaology",
  "slug": "0ggg2-mscproj",
  "start_semester": 147,
  "updated_at": "2016-08-10T13:45:24.521"
 },
 "model": "grad.gradstudent",
 "pk": 6
},
{
 "fields": {
  "campus": "VANCR",
  "comments": "",
  "config": "{}",
  "created_at": "2016-08-10T13:45:25.150",
  "created_by": "",
  "current_status": "ACTI",
  "end_semester": null,
  "english_fluency": "",
  "is_canadian": true,
  "modified_by": null,
  "mother_tongue": "",
  "passport_issued_by": "",
  "person": 34,
  "program": 6,
  "research_area": "Etonexjoology",
  "slug": "0ggg10-special",
  "start_semester": 146,
  "updated_at": "2016-08-10T13:45:26.474"
 },
 "model": "grad.gradstudent",
 "pk": 7
},
{
 "fields": {
  "campus": "METRO",
  "comments": "",
  "config": "{}",
  "created_at": "2016-08-10T13:45:27.284",
  "created_by": "",
  "current_status": "REJE",
  "end_semester": null,
  "english_fluency": "",
  "is_canadian": false,
  "modified_by": null,
  "mother_tongue": "",
  "passport_issued_by": "",
  "person": 30,
  "program": 4,
  "research_area": "Hguwlw\u00f5yology",
  "slug": "0ggg8-phd",
  "start_semester": 151,
  "updated_at": "2016-08-10T13:45:27.974"
 },
 "model": "grad.gradstudent",
 "pk": 8
},
{
 "fields": {
  "campus": "GNWC",
  "comments": "",
  "config": "{}",
  "created_at": "2016-08-10T13:45:28.665",
  "created_by": "",
  "current_status": "REJE",
  "end_semester": null,
  "english_fluency": "",
  "is_canadian": true,
  "modified_by": null,
  "mother_tongue": "",
  "passport_issued_by": "",
  "person": 46,
  "program": 5,
  "research_area": "E\u00fa\u00ea\u00efl\u00f5xkology",
  "slug": "0ggg16-qualifying",
  "start_semester": 146,
  "updated_at": "2016-08-10T13:45:29.366"
 },
 "model": "grad.gradstudent",
 "pk": 9
},
{
 "fields": {
  "campus": "BRNBY",
  "comments": "",
  "config": "{}",
  "created_at": "2016-08-10T13:45:29.814",
  "created_by": "",
  "current_status": "ACTI",
  "end_semester": null,
  "english_fluency": "",
  "is_canadian": true,
  "modified_by": null,
  "mother_tongue": "",
  "passport_issued_by": "",
  "person": 32,
  "program": 4,
  "research_area": "Pmv\u00fa\u00eatcrology",
  "slug": "0ggg9-phd",
  "start_semester": 150,
  "updated_at": "2016-08-10T13:45:30.798"
 },
 "model": "grad.gradstudent",
 "pk": 10
},
{
 "fields": {
  "campus": "METRO",
  "comments": "",
  "config": "{}",
  "created_at": "2016-08-10T13:45:31.188",
  "created_by": "",
  "current_status": "REJE",
  "end_semester": null,
  "english_fluency": "",
  "is_canadian": null,
  "modified_by": null,
  "mother_tongue": "",
  "passport_issued_by": "",
  "person": 38,
  "program": 6,
  "research_area": "Uo\u00eae\u00eaqy\u00eaology",
  "slug": "0ggg12-special",
  "start_semester": 151,
  "updated_at": "2016-08-10T13:45:31.657"
 },
 "model": "grad.gradstudent",
 "pk": 11
},
{
 "fields": {
  "campus": "SURRY",
  "comments": "",
  "config": "{}",
  "created_at": "2016-08-10T13:45:32.087",
  "created_by": "",
  "current_status": "ACTI",
  "end_semester": null,
  "english_fluency": "",
  "is_canadian": null,
  "modified_by": null,
  "mother_tongue": "",
  "passport_issued_by": "",
  "person": 42,
  "program": 2,
  "research_area": "Bajf\u00eabsqology",
  "slug": "0ggg14-mscproj",
  "start_semester": 147,
  "updated_at": "2016-08-10T13:45:32.838"
 },
 "model": "grad.gradstudent",
 "pk": 12
},
{
 "fields": {
  "campus": "SURRY",
  "comments": "",
  "config": "{}",
  "created_at": "2016-08-10T13:45:33.435",
  "created_by": "",
  "current_status": "ACTI",
  "end_semester": null,
  "english_fluency": "",
  "is_canadian": null,
  "modified_by": null,
  "mother_tongue": "",
  "passport_issued_by": "",
  "person": 28,
  "program": 4,
  "research_area": "A\u00e0\u00ef\u00efjnlzology",
  "slug": "0ggg7-phd",
  "start_semester": 148,
  "updated_at": "2016-08-10T13:45:34.069"
 },
 "model": "grad.gradstudent",
 "pk": 13
},
{
 "fields": {
  "campus": "OFFST",
  "comments": "",
  "config": "{}",
  "created_at": "2016-08-10T13:45:34.893",
  "created_by": "",
  "current_status": "REJE",
  "end_semester": null,
  "english_fluency": "",
  "is_canadian": true,
  "modified_by": null,
  "mother_tongue": "",
  "passport_issued_by": "",
  "person": 40,
  "program": 4,
  "research_area": "Zxbit\u00efyrology",
  "slug": "0ggg13-phd",
  "start_semester": 148,
  "updated_at": "2016-08-10T13:45:35.339"
 },
 "model": "grad.gradstudent",
 "pk": 14
},
{
 "fields": {
  "campus": "GNWC",
  "comments": "",
  "config": "{}",
  "created_at": "2016-08-10T13:45:35.926",
  "created_by": "",
  "current_status": "REJE",
  "end_semester": null,
  "english_fluency": "",
  "is_canadian": null,
  "modified_by": null,
  "mother_tongue": "",
  "passport_issued_by": "",
  "person": 24,
  "program": 1,
  "research_area": "P\u00e0\u00eamo\u00e0qsology",
  "slug": "0ggg5-msccourse",
  "start_semester": 152,
  "updated_at": "2016-08-10T13:45:36.587"
 },
 "model": "grad.gradstudent",
 "pk": 15
},
{
 "fields": {
  "campus": "BRNBY",
  "comments": "",
  "config": "{}",
  "created_at": "2016-08-10T13:45:36.961",
  "created_by": "",
  "current_status": "ACTI",
  "end_semester": null,
  "english_fluency": "",
  "is_canadian": false,
  "modified_by": null,
  "mother_tongue": "",
  "passport_issued_by": "",
  "person": 44,
  "program": 5,
  "research_area": "Bs\u00f5vrupeology",
  "slug": "0ggg15-qualifying",
  "start_semester": 153,
  "updated_at": "2016-08-10T13:45:37.700"
 },
 "model": "grad.gradstudent",
 "pk": 16
},
{
 "fields": {
  "campus": "VANCR",
  "comments": "",
  "config": "{}",
  "created_at": "2016-08-10T13:45:38.272",
  "created_by": "",
  "current_status": "ACTI",
  "end_semester": null,
  "english_fluency": "",
  "is_canadian": false,
  "modified_by": null,
  "mother_tongue": "",
  "passport_issued_by": "",
  "person": 52,
  "program": 4,
  "research_area": "I\u00eaka\u00efctmology",
  "slug": "0ggg19-phd",
  "start_semester": 150,
  "updated_at": "2016-08-10T13:45:38.898"
 },
 "model": "grad.gradstudent",
 "pk": 17
},
{
 "fields": {
  "campus": "SURRY",
  "comments": "",
  "config": "{}",
  "created_at": "2016-08-10T13:45:39.535",
  "created_by": "",
  "current_status": "ACTI",
  "end_semester": null,
  "english_fluency": "",
  "is_canadian": null,
  "modified_by": null,
  "mother_tongue": "",
  "passport_issued_by": "",
  "person": 26,
  "program": 6,
  "research_area": "Mfhew\u00efaiology",
  "slug": "0ggg6-special",
  "start_semester": 152,
  "updated_at": "2016-08-10T13:45:40.280"
 },
 "model": "grad.gradstudent",
 "pk": 18
},
{
 "fields": {
  "campus": "SURRY",
  "comments": "",
  "config": "{}",
  "created_at": "2016-08-10T13:45:41.049",
  "created_by": "",
  "current_status": "ACTI",
  "end_semester": null,
  "english_fluency": "",
  "is_canadian": null,
  "modified_by": null,
  "mother_tongue": "",
  "passport_issued_by": "",
  "person": 16,
  "program": 1,
  "research_area": "Lnuyymjiology",
  "slug": "0ggg1-msccourse",
  "start_semester": 151,
  "updated_at": "2016-08-10T13:45:41.686"
 },
 "model": "grad.gradstudent",
 "pk": 19
},
{
 "fields": {
  "campus": "BRNBY",
  "comments": "",
  "config": "{}",
  "created_at": "2016-08-10T13:45:41.998",
  "created_by": "",
  "current_status": "ACTI",
  "end_semester": null,
  "english_fluency": "",
  "is_canadian": true,
  "modified_by": null,
  "mother_tongue": "",
  "passport_issued_by": "",
  "person": 36,
  "program": 2,
  "research_area": "Csrson\u00f5sology",
  "slug": "0ggg11-mscproj",
  "start_semester": 152,
  "updated_at": "2016-08-10T13:45:43.011"
 },
 "model": "grad.gradstudent",
 "pk": 20
},
{
 "fields": {
  "campus": "GNWC",
  "comments": "",
  "config": "{}",
  "created_at": "2016-08-10T13:45:43.664",
  "created_by": "",
  "current_status": "WIDR",
  "end_semester": 151,
  "english_fluency": "",
  "is_canadian": false,
  "modified_by": null,
  "mother_tongue": "",
  "passport_issued_by": "",
  "person": 40,
  "program": 5,
  "research_area": "Xlbnius\u00eaology",
  "slug": "0ggg13-qualifying",
  "start_semester": 147,
  "updated_at": "2016-08-10T13:45:45.006"
 },
 "model": "grad.gradstudent",
 "pk": 21
},
{
 "fields": {
  "campus": "VANCR",
  "comments": "",
  "config": "{}",
  "created_at": "2016-08-10T13:45:45.572",
  "created_by": "",
  "current_status": "ACTI",
  "end_semester": null,
  "english_fluency": "",
  "is_canadian": true,
  "modified_by": null,
  "mother_tongue": "",
  "passport_issued_by": "",
  "person": 38,
  "program": 2,
  "research_area": "Ds\u00fahfcqlology",
  "slug": "0ggg12-mscproj",
  "start_semester": 149,
  "updated_at": "2016-08-10T13:45:46.237"
 },
 "model": "grad.gradstudent",
 "pk": 22
},
{
 "fields": {
  "campus": "VANCR",
  "comments": "",
  "config": "{}",
  "created_at": "2016-08-10T13:45:46.779",
  "created_by": "",
  "current_status": "ACTI",
  "end_semester": null,
  "english_fluency": "",
  "is_canadian": false,
  "modified_by": null,
  "mother_tongue": "",
  "passport_issued_by": "",
  "person": 28,
  "program": 2,
  "research_area": "Q\u00fadbm\u00eainology",
  "slug": "0ggg7-mscproj",
  "start_semester": 152,
  "updated_at": "2016-08-10T13:45:47.363"
 },
 "model": "grad.gradstudent",
 "pk": 23
},
{
 "fields": {
  "campus": "BRNBY",
  "comments": "",
  "config": "{}",
  "created_at": "2016-08-10T13:45:47.805",
  "created_by": "",
  "current_status": "ACTI",
  "end_semester": null,
  "english_fluency": "",
  "is_canadian": true,
  "modified_by": null,
  "mother_tongue": "",
  "passport_issued_by": "",
  "person": 34,
  "program": 1,
  "research_area": "Oy\u00e0xgvklology",
  "slug": "0ggg10-msccourse",
  "start_semester": 147,
  "updated_at": "2016-08-10T13:45:48.719"
 },
 "model": "grad.gradstudent",
 "pk": 24
},
{
 "fields": {
  "campus": "GNWC",
  "comments": "",
  "config": "{}",
  "created_at": "2016-08-10T13:45:49.452",
  "created_by": "",
  "current_status": "REJE",
  "end_semester": null,
  "english_fluency": "",
  "is_canadian": true,
  "modified_by": null,
  "mother_tongue": "",
  "passport_issued_by": "",
  "person": 50,
  "program": 5,
  "research_area": "Wgrvckfzology",
  "slug": "0ggg18-qualifying",
  "start_semester": 153,
  "updated_at": "2016-08-10T13:45:49.887"
 },
 "model": "grad.gradstudent",
 "pk": 25
},
{
 "fields": {
  "config": "{}",
  "program": 6,
  "start_semester": 150,
  "starting": "2016-08-10",
  "student": 1
 },
 "model": "grad.gradprogramhistory",
 "pk": 1
},
{
 "fields": {
  "config": "{}",
  "program": 4,
  "start_semester": 148,
  "starting": "2016-08-10",
  "student": 2
 },
 "model": "grad.gradprogramhistory",
 "pk": 2
},
{
 "fields": {
  "config": "{}",
  "program": 1,
  "start_semester": 150,
  "starting": "2016-08-10",
  "student": 2
 },
 "model": "grad.gradprogramhistory",
 "pk": 3
},
{
 "fields": {
  "config": "{}",
  "program": 5,
  "start_semester": 153,
  "starting": "2016-08-10",
  "student": 3
 },
 "model": "grad.gradprogramhistory",
 "pk": 4
},
{
 "fields": {
  "config": "{}",
  "program": 1,
  "start_semester": 149,
  "starting": "2016-08-10",
  "student": 4
 },
 "model": "grad.gradprogramhistory",
 "pk": 5
},
{
 "fields": {
  "config": "{}",
  "program": 4,
  "start_semester": 150,
  "starting": "2016-08-10",
  "student": 5
 },
 "model": "grad.gradprogramhistory",
 "pk": 6
},
{
 "fields": {
  "config": "{}",
  "program": 2,
  "start_semester": 153,
  "starting": "2016-08-10",
  "student": 5
 },
 "model": "grad.gradprogramhistory",
 "pk": 7
},
{
 "fields": {
  "config": "{}",
  "program": 4,
  "start_semester": 147,
  "starting": "2016-08-10",
  "student": 6
 },
 "model": "grad.gradprogramhistory",
 "pk": 8
},
{
 "fields": {
  "config": "{}",
  "program": 2,
  "start_semester": 151,
  "starting": "2016-08-10",
  "student": 6
 },
 "model": "grad.gradprogramhistory",
 "pk": 9
},
{
 "fields": {
  "config": "{}",
  "program": 6,
  "start_semester": 146,
  "starting": "2016-08-10",
  "student": 7
 },
 "model": "grad.gradprogramhistory",
 "pk": 10
},
{
 "fields": {
  "config": "{}",
  "program": 4,
  "start_semester": 151,
  "starting": "2016-08-10",
  "student": 8
 },
 "model": "grad.gradprogramhistory",
 "pk": 11
},
{
 "fields": {
  "config": "{}",
  "program": 5,
  "start_semester": 146,
  "starting": "2016-08-10",
  "student": 9
 },
 "model": "grad.gradprogramhistory",
 "pk": 12
},
{
 "fields": {
  "config": "{}",
  "program": 4,
  "start_semester": 150,
  "starting": "2016-08-10",
  "student": 10
 },
 "model": "grad.gradprogramhistory",
 "pk": 13
},
{
 "fields": {
  "config": "{}",
  "program": 6,
  "start_semester": 151,
  "starting": "2016-08-10",
  "student": 11
 },
 "model": "grad.gradprogramhistory",
 "pk": 14
},
{
 "fields": {
  "config": "{}",
  "program": 4,
  "start_semester": 147,
  "starting": "2016-08-10",
  "student": 12
 },
 "model": "grad.gradprogramhistory",
 "pk": 15
},
{
 "fields": {
  "config": "{}",
  "program": 2,
  "start_semester": 148,
  "starting": "2016-08-10",
  "student": 12
 },
 "model": "grad.gradprogramhistory",
 "pk": 16
},
{
 "fields": {
  "config": "{}",
  "program": 4,
  "start_semester": 148,
  "starting": "2016-08-10",
  "student": 13
 },
 "model": "grad.gradprogramhistory",
 "pk": 17
},
{
 "fields": {
  "config": "{}",
  "program": 4,
  "start_semester": 148,
  "starting": "2016-08-10",
  "student": 14
 },
 "model": "grad.gradprogramhistory",
 "pk": 18
},
{
 "fields": {
  "config": "{}",
  "program": 1,
  "start_semester": 152,
  "starting": "2016-08-10",
  "student": 15
 },
 "model": "grad.gradprogramhistory",
 "pk": 19
},
{
 "fields": {
  "config": "{}",
  "program": 5,
  "start_semester": 153,
  "starting": "2016-08-10",
  "student": 16
 },
 "model": "grad.gradprogramhistory",
 "pk": 20
},
{
 "fields": {
  "config": "{}",
  "program": 2,
  "start_semester": 155,
  "starting": "2016-08-10",
  "student": 16
 },
 "model": "grad.gradprogramhistory",
 "pk": 21
},
{
 "fields": {
  "config": "{}",
  "program": 4,
  "start_semester": 150,
  "starting": "2016-08-10",
  "student": 17
 },
 "model": "grad.gradprogramhistory",
 "pk": 22
},
{
 "fields": {
  "config": "{}",
  "program": 6,
  "start_semester": 152,
  "starting": "2016-08-10",
  "student": 18
 },
 "model": "grad.gradprogramhistory",
 "pk": 23
},
{
 "fields": {
  "config": "{}",
  "program": 1,
  "start_semester": 151,
  "starting": "2016-08-10",
  "student": 19
 },
 "model": "grad.gradprogramhistory",
 "pk": 24
},
{
 "fields": {
  "config": "{}",
  "program": 2,
  "start_semester": 152,
  "starting": "2016-08-10",
  "student": 20
 },
 "model": "grad.gradprogramhistory",
 "pk": 25
},
{
 "fields": {
  "config": "{}",
  "program": 5,
  "start_semester": 147,
  "starting": "2016-08-10",
  "student": 21
 },
 "model": "grad.gradprogramhistory",
 "pk": 26
},
{
 "fields": {
  "config": "{}",
  "program": 2,
  "start_semester": 149,
  "starting": "2016-08-10",
  "student": 22
 },
 "model": "grad.gradprogramhistory",
 "pk": 27
},
{
 "fields": {
  "config": "{}",
  "program": 2,
  "start_semester": 152,
  "starting": "2016-08-10",
  "student": 23
 },
 "model": "grad.gradprogramhistory",
 "pk": 28
},
{
 "fields": {
  "config": "{}",
  "program": 6,
  "start_semester": 147,
  "starting": "2016-08-10",
  "student": 24
 },
 "model": "grad.gradprogramhistory",
 "pk": 29
},
{
 "fields": {
  "config": "{}",
  "program": 1,
  "start_semester": 148,
  "starting": "2016-08-10",
  "student": 24
 },
 "model": "grad.gradprogramhistory",
 "pk": 30
},
{
 "fields": {
  "config": "{}",
  "program": 5,
  "start_semester": 153,
  "starting": "2016-08-10",
  "student": 25
 },
 "model": "grad.gradprogramhistory",
 "pk": 31
},
{
 "fields": {
  "config": "{}",
  "created_at": "2016-08-10T13:45:16.323",
  "end": 150,
  "hidden": false,
  "notes": "",
  "start": 150,
  "start_date": "2015-01-31",
  "status": "COMP",
  "student": 1,
  "updated_at": "2016-08-10T13:45:16.609"
 },
 "model": "grad.gradstatus",
 "pk": 1
},
{
 "fields": {
  "config": "{}",
  "created_at": "2016-08-10T13:45:16.518",
  "end": 150,
  "hidden": false,
  "notes": "",
  "start": 150,
  "start_date": "2015-02-20",
  "status": "OFFO",
  "student": 1,
  "updated_at": "2016-08-10T13:45:16.884"
 },
 "model": "grad.gradstatus",
 "pk": 2
},
{
 "fields": {
  "config": "{}",
  "created_at": "2016-08-10T13:45:16.797",
  "end": 155,
  "hidden": false,
  "notes": "",
  "start": 150,
  "start_date": "2015-05-11",
  "status": "ACTI",
  "student": 1,
  "updated_at": "2016-08-10T13:45:17.158"
 },
 "model": "grad.gradstatus",
 "pk": 3
},
{
 "fields": {
  "config": "{}",
  "created_at": "2016-08-10T13:45:17.072",
  "end": null,
  "hidden": false,
  "notes": "",
  "start": 155,
  "start_date": "2017-01-04",
  "status": "WIDR",
  "student": 1,
  "updated_at": "2016-08-10T13:45:17.072"
 },
 "model": "grad.gradstatus",
 "pk": 4
},
{
 "fields": {
  "config": "{}",
  "created_at": "2016-08-10T13:45:18.395",
  "end": 148,
  "hidden": false,
  "notes": "",
  "start": 148,
  "start_date": "2014-05-25",
  "status": "COMP",
  "student": 2,
  "updated_at": "2016-08-10T13:45:18.690"
 },
 "model": "grad.gradstatus",
 "pk": 5
},
{
 "fields": {
  "config": "{}",
  "created_at": "2016-08-10T13:45:18.595",
  "end": null,
  "hidden": false,
  "notes": "",
  "start": 148,
  "start_date": "2014-06-14",
  "status": "REJE",
  "student": 2,
  "updated_at": "2016-08-10T13:45:18.595"
 },
 "model": "grad.gradstatus",
 "pk": 6
},
{
 "fields": {
  "config": "{}",
  "created_at": "2016-08-10T13:45:19.627",
  "end": 153,
  "hidden": false,
  "notes": "",
  "start": 153,
  "start_date": "2016-01-30",
  "status": "COMP",
  "student": 3,
  "updated_at": "2016-08-10T13:45:19.830"
 },
 "model": "grad.gradstatus",
 "pk": 7
},
{
 "fields": {
  "config": "{}",
  "created_at": "2016-08-10T13:45:19.761",
  "end": 153,
  "hidden": false,
  "notes": "",
  "start": 153,
  "start_date": "2016-02-19",
  "status": "OFFO",
  "student": 3,
  "updated_at": "2016-08-10T13:45:20.055"
 },
 "model": "grad.gradstatus",
 "pk": 8
},
{
 "fields": {
  "config": "{}",
  "created_at": "2016-08-10T13:45:19.986",
  "end": null,
  "hidden": false,
  "notes": "",
  "start": 153,
  "start_date": "2016-05-09",
  "status": "ACTI",
  "student": 3,
  "updated_at": "2016-08-10T13:45:19.986"
 },
 "model": "grad.gradstatus",
 "pk": 9
},
{
 "fields": {
  "config": "{}",
  "created_at": "2016-08-10T13:45:20.862",
  "end": 149,
  "hidden": false,
  "notes": "",
  "start": 149,
  "start_date": "2014-09-28",
  "status": "COMP",
  "student": 4,
  "updated_at": "2016-08-10T13:45:21.096"
 },
 "model": "grad.gradstatus",
 "pk": 10
},
{
 "fields": {
  "config": "{}",
  "created_at": "2016-08-10T13:45:21.026",
  "end": 149,
  "hidden": false,
  "notes": "",
  "start": 149,
  "start_date": "2014-10-18",
  "status": "OFFO",
  "student": 4,
  "updated_at": "2016-08-10T13:45:21.328"
 },
 "model": "grad.gradstatus",
 "pk": 11
},
{
 "fields": {
  "config": "{}",
  "created_at": "2016-08-10T13:45:21.234",
  "end": 153,
  "hidden": false,
  "notes": "",
  "start": 149,
  "start_date": "2015-01-06",
  "status": "ACTI",
  "student": 4,
  "updated_at": "2016-08-10T13:45:21.528"
 },
 "model": "grad.gradstatus",
 "pk": 12
},
{
 "fields": {
  "config": "{}",
  "created_at": "2016-08-10T13:45:21.459",
  "end": null,
  "hidden": false,
  "notes": "",
  "start": 153,
  "start_date": "2016-05-09",
  "status": "WIDR",
  "student": 4,
  "updated_at": "2016-08-10T13:45:21.459"
 },
 "model": "grad.gradstatus",
 "pk": 13
},
{
 "fields": {
  "config": "{}",
  "created_at": "2016-08-10T13:45:22.475",
  "end": 150,
  "hidden": false,
  "notes": "",
  "start": 150,
  "start_date": "2015-01-31",
  "status": "COMP",
  "student": 5,
  "updated_at": "2016-08-10T13:45:22.926"
 },
 "model": "grad.gradstatus",
 "pk": 14
},
{
 "fields": {
  "config": "{}",
  "created_at": "2016-08-10T13:45:22.624",
  "end": 150,
  "hidden": false,
  "notes": "",
  "start": 150,
  "start_date": "2015-02-20",
  "status": "OFFO",
  "student": 5,
  "updated_at": "2016-08-10T13:45:23.194"
 },
 "model": "grad.gradstatus",
 "pk": 15
},
{
 "fields": {
  "config": "{}",
  "created_at": "2016-08-10T13:45:23.124",
  "end": 153,
  "hidden": false,
  "notes": "",
  "start": 150,
  "start_date": "2015-05-11",
  "status": "ACTI",
  "student": 5,
  "updated_at": "2016-08-10T13:45:23.468"
 },
 "model": "grad.gradstatus",
 "pk": 16
},
{
 "fields": {
  "config": "{}",
  "created_at": "2016-08-10T13:45:23.365",
  "end": null,
  "hidden": false,
  "notes": "",
  "start": 153,
  "start_date": "2016-05-09",
  "status": "WIDR",
  "student": 5,
  "updated_at": "2016-08-10T13:45:23.365"
 },
 "model": "grad.gradstatus",
 "pk": 17
},
{
 "fields": {
  "config": "{}",
  "created_at": "2016-08-10T13:45:24.181",
  "end": 147,
  "hidden": false,
  "notes": "",
  "start": 147,
  "start_date": "2014-01-25",
  "status": "COMP",
  "student": 6,
  "updated_at": "2016-08-10T13:45:24.417"
 },
 "model": "grad.gradstatus",
 "pk": 18
},
{
 "fields": {
  "config": "{}",
  "created_at": "2016-08-10T13:45:24.323",
  "end": null,
  "hidden": false,
  "notes": "",
  "start": 147,
  "start_date": "2014-02-14",
  "status": "REJE",
  "student": 6,
  "updated_at": "2016-08-10T13:45:24.323"
 },
 "model": "grad.gradstatus",
 "pk": 19
},
{
 "fields": {
  "config": "{}",
  "created_at": "2016-08-10T13:45:25.738",
  "end": 146,
  "hidden": false,
  "notes": "",
  "start": 146,
  "start_date": "2013-09-28",
  "status": "COMP",
  "student": 7,
  "updated_at": "2016-08-10T13:45:26.086"
 },
 "model": "grad.gradstatus",
 "pk": 20
},
{
 "fields": {
  "config": "{}",
  "created_at": "2016-08-10T13:45:25.992",
  "end": 146,
  "hidden": false,
  "notes": "",
  "start": 146,
  "start_date": "2013-10-18",
  "status": "OFFO",
  "student": 7,
  "updated_at": "2016-08-10T13:45:26.360"
 },
 "model": "grad.gradstatus",
 "pk": 21
},
{
 "fields": {
  "config": "{}",
  "created_at": "2016-08-10T13:45:26.262",
  "end": 154,
  "hidden": false,
  "notes": "",
  "start": 146,
  "start_date": "2014-01-06",
  "status": "ACTI",
  "student": 7,
  "updated_at": "2016-08-10T13:45:26.681"
 },
 "model": "grad.gradstatus",
 "pk": 22
},
{
 "fields": {
  "config": "{}",
  "created_at": "2016-08-10T13:45:26.558",
  "end": null,
  "hidden": false,
  "notes": "",
  "start": 154,
  "start_date": "2016-09-06",
  "status": "WIDR",
  "student": 7,
  "updated_at": "2016-08-10T13:45:26.558"
 },
 "model": "grad.gradstatus",
 "pk": 23
},
{
 "fields": {
  "config": "{}",
  "created_at": "2016-08-10T13:45:27.523",
  "end": 151,
  "hidden": false,
  "notes": "",
  "start": 151,
  "start_date": "2015-05-31",
  "status": "COMP",
  "student": 8,
  "updated_at": "2016-08-10T13:45:27.834"
 },
 "model": "grad.gradstatus",
 "pk": 24
},
{
 "fields": {
  "config": "{}",
  "created_at": "2016-08-10T13:45:27.731",
  "end": null,
  "hidden": false,
  "notes": "",
  "start": 151,
  "start_date": "2015-06-20",
  "status": "REJE",
  "student": 8,
  "updated_at": "2016-08-10T13:45:27.731"
 },
 "model": "grad.gradstatus",
 "pk": 25
},
{
 "fields": {
  "config": "{}",
  "created_at": "2016-08-10T13:45:28.830",
  "end": 146,
  "hidden": false,
  "notes": "",
  "start": 146,
  "start_date": "2013-09-28",
  "status": "COMP",
  "student": 9,
  "updated_at": "2016-08-10T13:45:29.278"
 },
 "model": "grad.gradstatus",
 "pk": 26
},
{
 "fields": {
  "config": "{}",
  "created_at": "2016-08-10T13:45:29.118",
  "end": null,
  "hidden": false,
  "notes": "",
  "start": 146,
  "start_date": "2013-10-18",
  "status": "REJE",
  "student": 9,
  "updated_at": "2016-08-10T13:45:29.118"
 },
 "model": "grad.gradstatus",
 "pk": 27
},
{
 "fields": {
  "config": "{}",
  "created_at": "2016-08-10T13:45:30.225",
  "end": 150,
  "hidden": false,
  "notes": "",
  "start": 150,
  "start_date": "2015-01-31",
  "status": "COMP",
  "student": 10,
  "updated_at": "2016-08-10T13:45:30.452"
 },
 "model": "grad.gradstatus",
 "pk": 28
},
{
 "fields": {
  "config": "{}",
  "created_at": "2016-08-10T13:45:30.383",
  "end": 150,
  "hidden": false,
  "notes": "",
  "start": 150,
  "start_date": "2015-02-20",
  "status": "OFFO",
  "student": 10,
  "updated_at": "2016-08-10T13:45:30.717"
 },
 "model": "grad.gradstatus",
 "pk": 29
},
{
 "fields": {
  "config": "{}",
  "created_at": "2016-08-10T13:45:30.653",
  "end": null,
  "hidden": false,
  "notes": "",
  "start": 150,
  "start_date": "2015-05-11",
  "status": "ACTI",
  "student": 10,
  "updated_at": "2016-08-10T13:45:30.653"
 },
 "model": "grad.gradstatus",
 "pk": 30
},
{
 "fields": {
  "config": "{}",
  "created_at": "2016-08-10T13:45:31.327",
  "end": 151,
  "hidden": false,
  "notes": "",
  "start": 151,
  "start_date": "2015-05-31",
  "status": "COMP",
  "student": 11,
  "updated_at": "2016-08-10T13:45:31.568"
 },
 "model": "grad.gradstatus",
 "pk": 31
},
{
 "fields": {
  "config": "{}",
  "created_at": "2016-08-10T13:45:31.490",
  "end": null,
  "hidden": false,
  "notes": "",
  "start": 151,
  "start_date": "2015-06-20",
  "status": "REJE",
  "student": 11,
  "updated_at": "2016-08-10T13:45:31.490"
 },
 "model": "grad.gradstatus",
 "pk": 32
},
{
 "fields": {
  "config": "{}",
  "created_at": "2016-08-10T13:45:32.277",
  "end": 147,
  "hidden": false,
  "notes": "",
  "start": 147,
  "start_date": "2014-01-25",
  "status": "COMP",
  "student": 12,
  "updated_at": "2016-08-10T13:45:32.571"
 },
 "model": "grad.gradstatus",
 "pk": 33
},
{
 "fields": {
  "config": "{}",
  "created_at": "2016-08-10T13:45:32.485",
  "end": 147,
  "hidden": false,
  "notes": "",
  "start": 147,
  "start_date": "2014-02-14",
  "status": "OFFO",
  "student": 12,
  "updated_at": "2016-08-10T13:45:32.759"
 },
 "model": "grad.gradstatus",
 "pk": 34
},
{
 "fields": {
  "config": "{}",
  "created_at": "2016-08-10T13:45:32.697",
  "end": null,
  "hidden": false,
  "notes": "",
  "start": 147,
  "start_date": "2014-05-05",
  "status": "ACTI",
  "student": 12,
  "updated_at": "2016-08-10T13:45:32.697"
 },
 "model": "grad.gradstatus",
 "pk": 35
},
{
 "fields": {
  "config": "{}",
  "created_at": "2016-08-10T13:45:33.567",
  "end": 148,
  "hidden": false,
  "notes": "",
  "start": 148,
  "start_date": "2014-05-25",
  "status": "COMP",
  "student": 13,
  "updated_at": "2016-08-10T13:45:33.774"
 },
 "model": "grad.gradstatus",
 "pk": 36
},
{
 "fields": {
  "config": "{}",
  "created_at": "2016-08-10T13:45:33.713",
  "end": 148,
  "hidden": false,
  "notes": "",
  "start": 148,
  "start_date": "2014-06-14",
  "status": "OFFO",
  "student": 13,
  "updated_at": "2016-08-10T13:45:33.991"
 },
 "model": "grad.gradstatus",
 "pk": 37
},
{
 "fields": {
  "config": "{}",
  "created_at": "2016-08-10T13:45:33.929",
  "end": null,
  "hidden": false,
  "notes": "",
  "start": 148,
  "start_date": "2014-09-02",
  "status": "ACTI",
  "student": 13,
  "updated_at": "2016-08-10T13:45:33.929"
 },
 "model": "grad.gradstatus",
 "pk": 38
},
{
 "fields": {
  "config": "{}",
  "created_at": "2016-08-10T13:45:35.016",
  "end": 148,
  "hidden": false,
  "notes": "",
  "start": 148,
  "start_date": "2014-05-25",
  "status": "COMP",
  "student": 14,
  "updated_at": "2016-08-10T13:45:35.252"
 },
 "model": "grad.gradstatus",
 "pk": 39
},
{
 "fields": {
  "config": "{}",
  "created_at": "2016-08-10T13:45:35.174",
  "end": null,
  "hidden": false,
  "notes": "",
  "start": 148,
  "start_date": "2014-06-14",
  "status": "REJE",
  "student": 14,
  "updated_at": "2016-08-10T13:45:35.174"
 },
 "model": "grad.gradstatus",
 "pk": 40
},
{
 "fields": {
  "config": "{}",
  "created_at": "2016-08-10T13:45:36.281",
  "end": 152,
  "hidden": false,
  "notes": "",
  "start": 152,
  "start_date": "2015-09-27",
  "status": "COMP",
  "student": 15,
  "updated_at": "2016-08-10T13:45:36.513"
 },
 "model": "grad.gradstatus",
 "pk": 41
},
{
 "fields": {
  "config": "{}",
  "created_at": "2016-08-10T13:45:36.435",
  "end": null,
  "hidden": false,
  "notes": "",
  "start": 152,
  "start_date": "2015-10-17",
  "status": "REJE",
  "student": 15,
  "updated_at": "2016-08-10T13:45:36.435"
 },
 "model": "grad.gradstatus",
 "pk": 42
},
{
 "fields": {
  "config": "{}",
  "created_at": "2016-08-10T13:45:37.130",
  "end": 153,
  "hidden": false,
  "notes": "",
  "start": 153,
  "start_date": "2016-01-30",
  "status": "COMP",
  "student": 16,
  "updated_at": "2016-08-10T13:45:37.366"
 },
 "model": "grad.gradstatus",
 "pk": 43
},
{
 "fields": {
  "config": "{}",
  "created_at": "2016-08-10T13:45:37.288",
  "end": 153,
  "hidden": false,
  "notes": "",
  "start": 153,
  "start_date": "2016-02-19",
  "status": "OFFO",
  "student": 16,
  "updated_at": "2016-08-10T13:45:37.625"
 },
 "model": "grad.gradstatus",
 "pk": 44
},
{
 "fields": {
  "config": "{}",
  "created_at": "2016-08-10T13:45:37.534",
  "end": null,
  "hidden": false,
  "notes": "",
  "start": 153,
  "start_date": "2016-05-09",
  "status": "ACTI",
  "student": 16,
  "updated_at": "2016-08-10T13:45:37.534"
 },
 "model": "grad.gradstatus",
 "pk": 45
},
{
 "fields": {
  "config": "{}",
  "created_at": "2016-08-10T13:45:38.429",
  "end": 150,
  "hidden": false,
  "notes": "",
  "start": 150,
  "start_date": "2015-01-31",
  "status": "COMP",
  "student": 17,
  "updated_at": "2016-08-10T13:45:38.636"
 },
 "model": "grad.gradstatus",
 "pk": 46
},
{
 "fields": {
  "config": "{}",
  "created_at": "2016-08-10T13:45:38.574",
  "end": 150,
  "hidden": false,
  "notes": "",
  "start": 150,
  "start_date": "2015-02-20",
  "status": "OFFO",
  "student": 17,
  "updated_at": "2016-08-10T13:45:38.827"
 },
 "model": "grad.gradstatus",
 "pk": 47
},
{
 "fields": {
  "config": "{}",
  "created_at": "2016-08-10T13:45:38.766",
  "end": null,
  "hidden": false,
  "notes": "",
  "start": 150,
  "start_date": "2015-05-11",
  "status": "ACTI",
  "student": 17,
  "updated_at": "2016-08-10T13:45:38.766"
 },
 "model": "grad.gradstatus",
 "pk": 48
},
{
 "fields": {
  "config": "{}",
  "created_at": "2016-08-10T13:45:39.665",
  "end": 152,
  "hidden": false,
  "notes": "",
  "start": 152,
  "start_date": "2015-09-27",
  "status": "COMP",
  "student": 18,
  "updated_at": "2016-08-10T13:45:39.885"
 },
 "model": "grad.gradstatus",
 "pk": 49
},
{
 "fields": {
  "config": "{}",
  "created_at": "2016-08-10T13:45:39.815",
  "end": 152,
  "hidden": false,
  "notes": "",
  "start": 152,
  "start_date": "2015-10-17",
  "status": "OFFO",
  "student": 18,
  "updated_at": "2016-08-10T13:45:40.201"
 },
 "model": "grad.gradstatus",
 "pk": 50
},
{
 "fields": {
  "config": "{}",
  "created_at": "2016-08-10T13:45:40.131",
  "end": 156,
  "hidden": false,
  "notes": "",
  "start": 152,
  "start_date": "2016-01-05",
  "status": "ACTI",
  "student": 18,
  "updated_at": "2016-08-10T13:45:40.417"
 },
 "model": "grad.gradstatus",
 "pk": 51
},
{
 "fields": {
  "config": "{}",
  "created_at": "2016-08-10T13:45:40.347",
  "end": null,
  "hidden": false,
  "notes": "",
  "start": 156,
  "start_date": "2017-05-08",
  "status": "WIDR",
  "student": 18,
  "updated_at": "2016-08-10T13:45:40.347"
 },
 "model": "grad.gradstatus",
 "pk": 52
},
{
 "fields": {
  "config": "{}",
  "created_at": "2016-08-10T13:45:41.180",
  "end": 151,
  "hidden": false,
  "notes": "",
  "start": 151,
  "start_date": "2015-05-31",
  "status": "COMP",
  "student": 19,
  "updated_at": "2016-08-10T13:45:41.391"
 },
 "model": "grad.gradstatus",
 "pk": 53
},
{
 "fields": {
  "config": "{}",
  "created_at": "2016-08-10T13:45:41.321",
  "end": 151,
  "hidden": false,
  "notes": "",
  "start": 151,
  "start_date": "2015-06-20",
  "status": "OFFO",
  "student": 19,
  "updated_at": "2016-08-10T13:45:41.606"
 },
 "model": "grad.gradstatus",
 "pk": 54
},
{
 "fields": {
  "config": "{}",
  "created_at": "2016-08-10T13:45:41.542",
  "end": null,
  "hidden": false,
  "notes": "",
  "start": 151,
  "start_date": "2015-09-08",
  "status": "ACTI",
  "student": 19,
  "updated_at": "2016-08-10T13:45:41.542"
 },
 "model": "grad.gradstatus",
 "pk": 55
},
{
 "fields": {
  "config": "{}",
  "created_at": "2016-08-10T13:45:42.250",
  "end": 152,
  "hidden": false,
  "notes": "",
  "start": 152,
  "start_date": "2015-09-27",
  "status": "COMP",
  "student": 20,
  "updated_at": "2016-08-10T13:45:42.715"
 },
 "model": "grad.gradstatus",
 "pk": 56
},
{
 "fields": {
  "config": "{}",
  "created_at": "2016-08-10T13:45:42.649",
  "end": 152,
  "hidden": false,
  "notes": "",
  "start": 152,
  "start_date": "2015-10-17",
  "status": "OFFO",
  "student": 20,
  "updated_at": "2016-08-10T13:45:42.923"
 },
 "model": "grad.gradstatus",
 "pk": 57
},
{
 "fields": {
  "config": "{}",
  "created_at": "2016-08-10T13:45:42.853",
  "end": 155,
  "hidden": false,
  "notes": "",
  "start": 152,
  "start_date": "2016-01-05",
  "status": "ACTI",
  "student": 20,
  "updated_at": "2016-08-10T13:45:43.147"
 },
 "model": "grad.gradstatus",
 "pk": 58
},
{
 "fields": {
  "config": "{}",
  "created_at": "2016-08-10T13:45:43.086",
  "end": null,
  "hidden": false,
  "notes": "",
  "start": 155,
  "start_date": "2017-01-04",
  "status": "WIDR",
  "student": 20,
  "updated_at": "2016-08-10T13:45:43.086"
 },
 "model": "grad.gradstatus",
 "pk": 59
},
{
 "fields": {
  "config": "{}",
  "created_at": "2016-08-10T13:45:43.781",
  "end": 147,
  "hidden": false,
  "notes": "",
  "start": 147,
  "start_date": "2014-01-25",
  "status": "COMP",
  "student": 21,
  "updated_at": "2016-08-10T13:45:44.114"
 },
 "model": "grad.gradstatus",
 "pk": 60
},
{
 "fields": {
  "config": "{}",
  "created_at": "2016-08-10T13:45:43.927",
  "end": 147,
  "hidden": false,
  "notes": "",
  "start": 147,
  "start_date": "2014-02-14",
  "status": "OFFO",
  "student": 21,
  "updated_at": "2016-08-10T13:45:44.451"
 },
 "model": "grad.gradstatus",
 "pk": 61
},
{
 "fields": {
  "config": "{}",
  "created_at": "2016-08-10T13:45:44.381",
  "end": 151,
  "hidden": false,
  "notes": "",
  "start": 147,
  "start_date": "2014-05-05",
  "status": "ACTI",
  "student": 21,
  "updated_at": "2016-08-10T13:45:44.892"
 },
 "model": "grad.gradstatus",
 "pk": 62
},
{
 "fields": {
  "config": "{}",
  "created_at": "2016-08-10T13:45:44.597",
  "end": null,
  "hidden": false,
  "notes": "",
  "start": 151,
  "start_date": "2015-09-08",
  "status": "WIDR",
  "student": 21,
  "updated_at": "2016-08-10T13:45:44.597"
 },
 "model": "grad.gradstatus",
 "pk": 63
},
{
 "fields": {
  "config": "{}",
  "created_at": "2016-08-10T13:45:45.717",
  "end": 149,
  "hidden": false,
  "notes": "",
  "start": 149,
  "start_date": "2014-09-28",
  "status": "COMP",
  "student": 22,
  "updated_at": "2016-08-10T13:45:45.941"
 },
 "model": "grad.gradstatus",
 "pk": 64
},
{
 "fields": {
  "config": "{}",
  "created_at": "2016-08-10T13:45:45.871",
  "end": 149,
  "hidden": false,
  "notes": "",
  "start": 149,
  "start_date": "2014-10-18",
  "status": "OFFO",
  "student": 22,
  "updated_at": "2016-08-10T13:45:46.157"
 },
 "model": "grad.gradstatus",
 "pk": 65
},
{
 "fields": {
  "config": "{}",
  "created_at": "2016-08-10T13:45:46.087",
  "end": 154,
  "hidden": false,
  "notes": "",
  "start": 149,
  "start_date": "2015-01-06",
  "status": "ACTI",
  "student": 22,
  "updated_at": "2016-08-10T13:45:46.393"
 },
 "model": "grad.gradstatus",
 "pk": 66
},
{
 "fields": {
  "config": "{}",
  "created_at": "2016-08-10T13:45:46.304",
  "end": null,
  "hidden": false,
  "notes": "",
  "start": 154,
  "start_date": "2016-09-06",
  "status": "WIDR",
  "student": 22,
  "updated_at": "2016-08-10T13:45:46.304"
 },
 "model": "grad.gradstatus",
 "pk": 67
},
{
 "fields": {
  "config": "{}",
  "created_at": "2016-08-10T13:45:46.895",
  "end": 152,
  "hidden": false,
  "notes": "",
  "start": 152,
  "start_date": "2015-09-27",
  "status": "COMP",
  "student": 23,
  "updated_at": "2016-08-10T13:45:47.094"
 },
 "model": "grad.gradstatus",
 "pk": 68
},
{
 "fields": {
  "config": "{}",
  "created_at": "2016-08-10T13:45:47.032",
  "end": 152,
  "hidden": false,
  "notes": "",
  "start": 152,
  "start_date": "2015-10-17",
  "status": "OFFO",
  "student": 23,
  "updated_at": "2016-08-10T13:45:47.287"
 },
 "model": "grad.gradstatus",
 "pk": 69
},
{
 "fields": {
  "config": "{}",
  "created_at": "2016-08-10T13:45:47.224",
  "end": null,
  "hidden": false,
  "notes": "",
  "start": 152,
  "start_date": "2016-01-05",
  "status": "ACTI",
  "student": 23,
  "updated_at": "2016-08-10T13:45:47.224"
 },
 "model": "grad.gradstatus",
 "pk": 70
},
{
 "fields": {
  "config": "{}",
  "created_at": "2016-08-10T13:45:47.994",
  "end": 147,
  "hidden": false,
  "notes": "",
  "start": 147,
  "start_date": "2014-01-25",
  "status": "COMP",
  "student": 24,
  "updated_at": "2016-08-10T13:45:48.201"
 },
 "model": "grad.gradstatus",
 "pk": 71
},
{
 "fields": {
  "config": "{}",
  "created_at": "2016-08-10T13:45:48.139",
  "end": 147,
  "hidden": false,
  "notes": "",
  "start": 147,
  "start_date": "2014-02-14",
  "status": "OFFO",
  "student": 24,
  "updated_at": "2016-08-10T13:45:48.650"
 },
 "model": "grad.gradstatus",
 "pk": 72
},
{
 "fields": {
  "config": "{}",
  "created_at": "2016-08-10T13:45:48.581",
  "end": 155,
  "hidden": false,
  "notes": "",
  "start": 147,
  "start_date": "2014-05-05",
  "status": "ACTI",
  "student": 24,
  "updated_at": "2016-08-10T13:45:49.053"
 },
 "model": "grad.gradstatus",
 "pk": 73
},
{
 "fields": {
  "config": "{}",
  "created_at": "2016-08-10T13:45:48.772",
  "end": null,
  "hidden": false,
  "notes": "",
  "start": 155,
  "start_date": "2017-01-04",
  "status": "WIDR",
  "student": 24,
  "updated_at": "2016-08-10T13:45:48.772"
 },
 "model": "grad.gradstatus",
 "pk": 74
},
{
 "fields": {
  "config": "{}",
  "created_at": "2016-08-10T13:45:49.592",
  "end": 153,
  "hidden": false,
  "notes": "",
  "start": 153,
  "start_date": "2016-01-30",
  "status": "COMP",
  "student": 25,
  "updated_at": "2016-08-10T13:45:49.807"
 },
 "model": "grad.gradstatus",
 "pk": 75
},
{
 "fields": {
  "config": "{}",
  "created_at": "2016-08-10T13:45:49.738",
  "end": null,
  "hidden": false,
  "notes": "",
  "start": 153,
  "start_date": "2016-02-19",
  "status": "REJE",
  "student": 25,
  "updated_at": "2016-08-10T13:45:49.738"
 },
 "model": "grad.gradstatus",
 "pk": 76
},
{
 "fields": {
  "amount": "2000.00",
  "comments": null,
  "end_semester": 152,
  "removed": false,
  "scholarship_type": 1,
  "start_semester": 150,
  "student": 1
 },
 "model": "grad.scholarship",
 "pk": 1
},
{
 "fields": {
  "amount": "2000.00",
  "comments": null,
  "end_semester": 150,
  "removed": false,
  "scholarship_type": 1,
  "start_semester": 148,
  "student": 2
 },
 "model": "grad.scholarship",
 "pk": 2
},
{
 "fields": {
  "amount": "2000.00",
  "comments": null,
  "end_semester": 155,
  "removed": false,
  "scholarship_type": 1,
  "start_semester": 153,
  "student": 3
 },
 "model": "grad.scholarship",
 "pk": 3
},
{
 "fields": {
  "amount": "2000.00",
  "comments": null,
  "end_semester": 151,
  "removed": false,
  "scholarship_type": 2,
  "start_semester": 149,
  "student": 4
 },
 "model": "grad.scholarship",
 "pk": 4
},
{
 "fields": {
  "amount": "2000.00",
  "comments": null,
  "end_semester": 152,
  "removed": false,
  "scholarship_type": 1,
  "start_semester": 150,
  "student": 5
 },
 "model": "grad.scholarship",
 "pk": 5
},
{
 "fields": {
  "amount": "2000.00",
  "comments": null,
  "end_semester": 149,
  "removed": false,
  "scholarship_type": 2,
  "start_semester": 147,
  "student": 6
 },
 "model": "grad.scholarship",
 "pk": 6
},
{
 "fields": {
  "amount": "2000.00",
  "comments": null,
  "end_semester": 148,
  "removed": false,
  "scholarship_type": 1,
  "start_semester": 146,
  "student": 7
 },
 "model": "grad.scholarship",
 "pk": 7
},
{
 "fields": {
  "amount": "2000.00",
  "comments": null,
  "end_semester": 153,
  "removed": false,
  "scholarship_type": 2,
  "start_semester": 151,
  "student": 8
 },
 "model": "grad.scholarship",
 "pk": 8
},
{
 "fields": {
  "amount": "2000.00",
  "comments": null,
  "end_semester": 148,
  "removed": false,
  "scholarship_type": 2,
  "start_semester": 146,
  "student": 9
 },
 "model": "grad.scholarship",
 "pk": 9
},
{
 "fields": {
  "amount": "2000.00",
  "comments": null,
  "end_semester": 152,
  "removed": false,
  "scholarship_type": 1,
  "start_semester": 150,
  "student": 10
 },
 "model": "grad.scholarship",
 "pk": 10
},
{
 "fields": {
  "amount": "2000.00",
  "comments": null,
  "end_semester": 153,
  "removed": false,
  "scholarship_type": 2,
  "start_semester": 151,
  "student": 11
 },
 "model": "grad.scholarship",
 "pk": 11
},
{
 "fields": {
  "amount": "2000.00",
  "comments": null,
  "end_semester": 149,
  "removed": false,
  "scholarship_type": 1,
  "start_semester": 147,
  "student": 12
 },
 "model": "grad.scholarship",
 "pk": 12
},
{
 "fields": {
  "amount": "2000.00",
  "comments": null,
  "end_semester": 150,
  "removed": false,
  "scholarship_type": 1,
  "start_semester": 148,
  "student": 13
 },
 "model": "grad.scholarship",
 "pk": 13
},
{
 "fields": {
  "amount": "2000.00",
  "comments": null,
  "end_semester": 150,
  "removed": false,
  "scholarship_type": 2,
  "start_semester": 148,
  "student": 14
 },
 "model": "grad.scholarship",
 "pk": 14
},
{
 "fields": {
  "amount": "2000.00",
  "comments": null,
  "end_semester": 154,
  "removed": false,
  "scholarship_type": 2,
  "start_semester": 152,
  "student": 15
 },
 "model": "grad.scholarship",
 "pk": 15
},
{
 "fields": {
  "amount": "2000.00",
  "comments": null,
  "end_semester": 155,
  "removed": false,
  "scholarship_type": 2,
  "start_semester": 153,
  "student": 16
 },
 "model": "grad.scholarship",
 "pk": 16
},
{
 "fields": {
  "amount": "2000.00",
  "comments": null,
  "end_semester": 152,
  "removed": false,
  "scholarship_type": 2,
  "start_semester": 150,
  "student": 17
 },
 "model": "grad.scholarship",
 "pk": 17
},
{
 "fields": {
  "amount": "2000.00",
  "comments": null,
  "end_semester": 154,
  "removed": false,
  "scholarship_type": 1,
  "start_semester": 152,
  "student": 18
 },
 "model": "grad.scholarship",
 "pk": 18
},
{
 "fields": {
  "amount": "2000.00",
  "comments": null,
  "end_semester": 153,
  "removed": false,
  "scholarship_type": 2,
  "start_semester": 151,
  "student": 19
 },
 "model": "grad.scholarship",
 "pk": 19
},
{
 "fields": {
  "amount": "2000.00",
  "comments": null,
  "end_semester": 154,
  "removed": false,
  "scholarship_type": 1,
  "start_semester": 152,
  "student": 20
 },
 "model": "grad.scholarship",
 "pk": 20
},
{
 "fields": {
  "amount": "2000.00",
  "comments": null,
  "end_semester": 149,
  "removed": false,
  "scholarship_type": 1,
  "start_semester": 147,
  "student": 21
 },
 "model": "grad.scholarship",
 "pk": 21
},
{
 "fields": {
  "amount": "2000.00",
  "comments": null,
  "end_semester": 151,
  "removed": false,
  "scholarship_type": 2,
  "start_semester": 149,
  "student": 22
 },
 "model": "grad.scholarship",
 "pk": 22
},
{
 "fields": {
  "amount": "2000.00",
  "comments": null,
  "end_semester": 154,
  "removed": false,
  "scholarship_type": 1,
  "start_semester": 152,
  "student": 23
 },
 "model": "grad.scholarship",
 "pk": 23
},
{
 "fields": {
  "amount": "2000.00",
  "comments": null,
  "end_semester": 149,
  "removed": false,
  "scholarship_type": 1,
  "start_semester": 147,
  "student": 24
 },
 "model": "grad.scholarship",
 "pk": 24
},
{
 "fields": {
  "amount": "2000.00",
  "comments": null,
  "end_semester": 155,
  "removed": false,
  "scholarship_type": 2,
  "start_semester": 153,
  "student": 25
 },
 "model": "grad.scholarship",
 "pk": 25
},
{
 "fields": {
  "amount": "1300.00",
  "comments": null,
  "description": "Money fell from the sky",
  "eligible": true,
  "removed": false,
  "semester": 153,
  "student": 1
 },
 "model": "grad.otherfunding",
 "pk": 1
},
{
 "fields": {
  "amount": "1300.00",
  "comments": null,
  "description": "Money fell from the sky",
  "eligible": true,
  "removed": false,
  "semester": 151,
  "student": 2
 },
 "model": "grad.otherfunding",
 "pk": 2
},
{
 "fields": {
  "amount": "1300.00",
  "comments": null,
  "description": "Money fell from the sky",
  "eligible": true,
  "removed": false,
  "semester": 156,
  "student": 3
 },
 "model": "grad.otherfunding",
 "pk": 3
},
{
 "fields": {
  "amount": "1300.00",
  "comments": null,
  "description": "Money fell from the sky",
  "eligible": true,
  "removed": false,
  "semester": 152,
  "student": 4
 },
 "model": "grad.otherfunding",
 "pk": 4
},
{
 "fields": {
  "amount": "1300.00",
  "comments": null,
  "description": "Money fell from the sky",
  "eligible": true,
  "removed": false,
  "semester": 153,
  "student": 5
 },
 "model": "grad.otherfunding",
 "pk": 5
},
{
 "fields": {
  "amount": "1300.00",
  "comments": null,
  "description": "Money fell from the sky",
  "eligible": true,
  "removed": false,
  "semester": 150,
  "student": 6
 },
 "model": "grad.otherfunding",
 "pk": 6
},
{
 "fields": {
  "amount": "1300.00",
  "comments": null,
  "description": "Money fell from the sky",
  "eligible": true,
  "removed": false,
  "semester": 149,
  "student": 7
 },
 "model": "grad.otherfunding",
 "pk": 7
},
{
 "fields": {
  "amount": "1300.00",
  "comments": null,
  "description": "Money fell from the sky",
  "eligible": true,
  "removed": false,
  "semester": 154,
  "student": 8
 },
 "model": "grad.otherfunding",
 "pk": 8
},
{
 "fields": {
  "amount": "1300.00",
  "comments": null,
  "description": "Money fell from the sky",
  "eligible": true,
  "removed": false,
  "semester": 149,
  "student": 9
 },
 "model": "grad.otherfunding",
 "pk": 9
},
{
 "fields": {
  "amount": "1300.00",
  "comments": null,
  "description": "Money fell from the sky",
  "eligible": true,
  "removed": false,
  "semester": 153,
  "student": 10
 },
 "model": "grad.otherfunding",
 "pk": 10
},
{
 "fields": {
  "amount": "1300.00",
  "comments": null,
  "description": "Money fell from the sky",
  "eligible": true,
  "removed": false,
  "semester": 154,
  "student": 11
 },
 "model": "grad.otherfunding",
 "pk": 11
},
{
 "fields": {
  "amount": "1300.00",
  "comments": null,
  "description": "Money fell from the sky",
  "eligible": true,
  "removed": false,
  "semester": 150,
  "student": 12
 },
 "model": "grad.otherfunding",
 "pk": 12
},
{
 "fields": {
  "amount": "1300.00",
  "comments": null,
  "description": "Money fell from the sky",
  "eligible": true,
  "removed": false,
  "semester": 151,
  "student": 13
 },
 "model": "grad.otherfunding",
 "pk": 13
},
{
 "fields": {
  "amount": "1300.00",
  "comments": null,
  "description": "Money fell from the sky",
  "eligible": true,
  "removed": false,
  "semester": 151,
  "student": 14
 },
 "model": "grad.otherfunding",
 "pk": 14
},
{
 "fields": {
  "amount": "1300.00",
  "comments": null,
  "description": "Money fell from the sky",
  "eligible": true,
  "removed": false,
  "semester": 155,
  "student": 15
 },
 "model": "grad.otherfunding",
 "pk": 15
},
{
 "fields": {
  "amount": "1300.00",
  "comments": null,
  "description": "Money fell from the sky",
  "eligible": true,
  "removed": false,
  "semester": 156,
  "student": 16
 },
 "model": "grad.otherfunding",
 "pk": 16
},
{
 "fields": {
  "amount": "1300.00",
  "comments": null,
  "description": "Money fell from the sky",
  "eligible": true,
  "removed": false,
  "semester": 153,
  "student": 17
 },
 "model": "grad.otherfunding",
 "pk": 17
},
{
 "fields": {
  "amount": "1300.00",
  "comments": null,
  "description": "Money fell from the sky",
  "eligible": true,
  "removed": false,
  "semester": 155,
  "student": 18
 },
 "model": "grad.otherfunding",
 "pk": 18
},
{
 "fields": {
  "amount": "1300.00",
  "comments": null,
  "description": "Money fell from the sky",
  "eligible": true,
  "removed": false,
  "semester": 154,
  "student": 19
 },
 "model": "grad.otherfunding",
 "pk": 19
},
{
 "fields": {
  "amount": "1300.00",
  "comments": null,
  "description": "Money fell from the sky",
  "eligible": true,
  "removed": false,
  "semester": 155,
  "student": 20
 },
 "model": "grad.otherfunding",
 "pk": 20
},
{
 "fields": {
  "amount": "1300.00",
  "comments": null,
  "description": "Money fell from the sky",
  "eligible": true,
  "removed": false,
  "semester": 150,
  "student": 21
 },
 "model": "grad.otherfunding",
 "pk": 21
},
{
 "fields": {
  "amount": "1300.00",
  "comments": null,
  "description": "Money fell from the sky",
  "eligible": true,
  "removed": false,
  "semester": 152,
  "student": 22
 },
 "model": "grad.otherfunding",
 "pk": 22
},
{
 "fields": {
  "amount": "1300.00",
  "comments": null,
  "description": "Money fell from the sky",
  "eligible": true,
  "removed": false,
  "semester": 155,
  "student": 23
 },
 "model": "grad.otherfunding",
 "pk": 23
},
{
 "fields": {
  "amount": "1300.00",
  "comments": null,
  "description": "Money fell from the sky",
  "eligible": true,
  "removed": false,
  "semester": 150,
  "student": 24
 },
 "model": "grad.otherfunding",
 "pk": 24
},
{
 "fields": {
  "amount": "1300.00",
  "comments": null,
  "description": "Money fell from the sky",
  "eligible": true,
  "removed": false,
  "semester": 156,
  "student": 25
 },
 "model": "grad.otherfunding",
 "pk": 25
},
{
 "fields": {
  "amount": "10000.00",
  "comments": null,
  "end_semester": 152,
  "removed": false,
  "start_semester": 150,
  "student": 1
 },
 "model": "grad.promise",
 "pk": 1
},
{
 "fields": {
  "amount": "10000.00",
  "comments": null,
  "end_semester": 155,
  "removed": false,
  "start_semester": 153,
  "student": 1
 },
 "model": "grad.promise",
 "pk": 2
},
{
 "fields": {
  "amount": "10000.00",
  "comments": null,
  "end_semester": 150,
  "removed": false,
  "start_semester": 148,
  "student": 2
 },
 "model": "grad.promise",
 "pk": 3
},
{
 "fields": {
  "amount": "10000.00",
  "comments": null,
  "end_semester": 153,
  "removed": false,
  "start_semester": 151,
  "student": 2
 },
 "model": "grad.promise",
 "pk": 4
},
{
 "fields": {
  "amount": "10000.00",
  "comments": null,
  "end_semester": 155,
  "removed": false,
  "start_semester": 153,
  "student": 3
 },
 "model": "grad.promise",
 "pk": 5
},
{
 "fields": {
  "amount": "10000.00",
  "comments": null,
  "end_semester": 158,
  "removed": false,
  "start_semester": 156,
  "student": 3
 },
 "model": "grad.promise",
 "pk": 6
},
{
 "fields": {
  "amount": "10000.00",
  "comments": null,
  "end_semester": 151,
  "removed": false,
  "start_semester": 149,
  "student": 4
 },
 "model": "grad.promise",
 "pk": 7
},
{
 "fields": {
  "amount": "10000.00",
  "comments": null,
  "end_semester": 154,
  "removed": false,
  "start_semester": 152,
  "student": 4
 },
 "model": "grad.promise",
 "pk": 8
},
{
 "fields": {
  "amount": "10000.00",
  "comments": null,
  "end_semester": 152,
  "removed": false,
  "start_semester": 150,
  "student": 5
 },
 "model": "grad.promise",
 "pk": 9
},
{
 "fields": {
  "amount": "10000.00",
  "comments": null,
  "end_semester": 155,
  "removed": false,
  "start_semester": 153,
  "student": 5
 },
 "model": "grad.promise",
 "pk": 10
},
{
 "fields": {
  "amount": "10000.00",
  "comments": null,
  "end_semester": 149,
  "removed": false,
  "start_semester": 147,
  "student": 6
 },
 "model": "grad.promise",
 "pk": 11
},
{
 "fields": {
  "amount": "10000.00",
  "comments": null,
  "end_semester": 152,
  "removed": false,
  "start_semester": 150,
  "student": 6
 },
 "model": "grad.promise",
 "pk": 12
},
{
 "fields": {
  "amount": "10000.00",
  "comments": null,
  "end_semester": 148,
  "removed": false,
  "start_semester": 146,
  "student": 7
 },
 "model": "grad.promise",
 "pk": 13
},
{
 "fields": {
  "amount": "10000.00",
  "comments": null,
  "end_semester": 151,
  "removed": false,
  "start_semester": 149,
  "student": 7
 },
 "model": "grad.promise",
 "pk": 14
},
{
 "fields": {
  "amount": "10000.00",
  "comments": null,
  "end_semester": 153,
  "removed": false,
  "start_semester": 151,
  "student": 8
 },
 "model": "grad.promise",
 "pk": 15
},
{
 "fields": {
  "amount": "10000.00",
  "comments": null,
  "end_semester": 156,
  "removed": false,
  "start_semester": 154,
  "student": 8
 },
 "model": "grad.promise",
 "pk": 16
},
{
 "fields": {
  "amount": "10000.00",
  "comments": null,
  "end_semester": 148,
  "removed": false,
  "start_semester": 146,
  "student": 9
 },
 "model": "grad.promise",
 "pk": 17
},
{
 "fields": {
  "amount": "10000.00",
  "comments": null,
  "end_semester": 151,
  "removed": false,
  "start_semester": 149,
  "student": 9
 },
 "model": "grad.promise",
 "pk": 18
},
{
 "fields": {
  "amount": "10000.00",
  "comments": null,
  "end_semester": 152,
  "removed": false,
  "start_semester": 150,
  "student": 10
 },
 "model": "grad.promise",
 "pk": 19
},
{
 "fields": {
  "amount": "10000.00",
  "comments": null,
  "end_semester": 155,
  "removed": false,
  "start_semester": 153,
  "student": 10
 },
 "model": "grad.promise",
 "pk": 20
},
{
 "fields": {
  "amount": "10000.00",
  "comments": null,
  "end_semester": 153,
  "removed": false,
  "start_semester": 151,
  "student": 11
 },
 "model": "grad.promise",
 "pk": 21
},
{
 "fields": {
  "amount": "10000.00",
  "comments": null,
  "end_semester": 156,
  "removed": false,
  "start_semester": 154,
  "student": 11
 },
 "model": "grad.promise",
 "pk": 22
},
{
 "fields": {
  "amount": "10000.00",
  "comments": null,
  "end_semester": 149,
  "removed": false,
  "start_semester": 147,
  "student": 12
 },
 "model": "grad.promise",
 "pk": 23
},
{
 "fields": {
  "amount": "10000.00",
  "comments": null,
  "end_semester": 152,
  "removed": false,
  "start_semester": 150,
  "student": 12
 },
 "model": "grad.promise",
 "pk": 24
},
{
 "fields": {
  "amount": "10000.00",
  "comments": null,
  "end_semester": 150,
  "removed": false,
  "start_semester": 148,
  "student": 13
 },
 "model": "grad.promise",
 "pk": 25
},
{
 "fields": {
  "amount": "10000.00",
  "comments": null,
  "end_semester": 153,
  "removed": false,
  "start_semester": 151,
  "student": 13
 },
 "model": "grad.promise",
 "pk": 26
},
{
 "fields": {
  "amount": "10000.00",
  "comments": null,
  "end_semester": 150,
  "removed": false,
  "start_semester": 148,
  "student": 14
 },
 "model": "grad.promise",
 "pk": 27
},
{
 "fields": {
  "amount": "10000.00",
  "comments": null,
  "end_semester": 153,
  "removed": false,
  "start_semester": 151,
  "student": 14
 },
 "model": "grad.promise",
 "pk": 28
},
{
 "fields": {
  "amount": "10000.00",
  "comments": null,
  "end_semester": 154,
  "removed": false,
  "start_semester": 152,
  "student": 15
 },
 "model": "grad.promise",
 "pk": 29
},
{
 "fields": {
  "amount": "10000.00",
  "comments": null,
  "end_semester": 157,
  "removed": false,
  "start_semester": 155,
  "student": 15
 },
 "model": "grad.promise",
 "pk": 30
},
{
 "fields": {
  "amount": "10000.00",
  "comments": null,
  "end_semester": 155,
  "removed": false,
  "start_semester": 153,
  "student": 16
 },
 "model": "grad.promise",
 "pk": 31
},
{
 "fields": {
  "amount": "10000.00",
  "comments": null,
  "end_semester": 158,
  "removed": false,
  "start_semester": 156,
  "student": 16
 },
 "model": "grad.promise",
 "pk": 32
},
{
 "fields": {
  "amount": "10000.00",
  "comments": null,
  "end_semester": 152,
  "removed": false,
  "start_semester": 150,
  "student": 17
 },
 "model": "grad.promise",
 "pk": 33
},
{
 "fields": {
  "amount": "10000.00",
  "comments": null,
  "end_semester": 155,
  "removed": false,
  "start_semester": 153,
  "student": 17
 },
 "model": "grad.promise",
 "pk": 34
},
{
 "fields": {
  "amount": "10000.00",
  "comments": null,
  "end_semester": 154,
  "removed": false,
  "start_semester": 152,
  "student": 18
 },
 "model": "grad.promise",
 "pk": 35
},
{
 "fields": {
  "amount": "10000.00",
  "comments": null,
  "end_semester": 157,
  "removed": false,
  "start_semester": 155,
  "student": 18
 },
 "model": "grad.promise",
 "pk": 36
},
{
 "fields": {
  "amount": "10000.00",
  "comments": null,
  "end_semester": 153,
  "removed": false,
  "start_semester": 151,
  "student": 19
 },
 "model": "grad.promise",
 "pk": 37
},
{
 "fields": {
  "amount": "10000.00",
  "comments": null,
  "end_semester": 156,
  "removed": false,
  "start_semester": 154,
  "student": 19
 },
 "model": "grad.promise",
 "pk": 38
},
{
 "fields": {
  "amount": "10000.00",
  "comments": null,
  "end_semester": 154,
  "removed": false,
  "start_semester": 152,
  "student": 20
 },
 "model": "grad.promise",
 "pk": 39
},
{
 "fields": {
  "amount": "10000.00",
  "comments": null,
  "end_semester": 157,
  "removed": false,
  "start_semester": 155,
  "student": 20
 },
 "model": "grad.promise",
 "pk": 40
},
{
 "fields": {
  "amount": "10000.00",
  "comments": null,
  "end_semester": 149,
  "removed": false,
  "start_semester": 147,
  "student": 21
 },
 "model": "grad.promise",
 "pk": 41
},
{
 "fields": {
  "amount": "10000.00",
  "comments": null,
  "end_semester": 152,
  "removed": false,
  "start_semester": 150,
  "student": 21
 },
 "model": "grad.promise",
 "pk": 42
},
{
 "fields": {
  "amount": "10000.00",
  "comments": null,
  "end_semester": 151,
  "removed": false,
  "start_semester": 149,
  "student": 22
 },
 "model": "grad.promise",
 "pk": 43
},
{
 "fields": {
  "amount": "10000.00",
  "comments": null,
  "end_semester": 154,
  "removed": false,
  "start_semester": 152,
  "student": 22
 },
 "model": "grad.promise",
 "pk": 44
},
{
 "fields": {
  "amount": "10000.00",
  "comments": null,
  "end_semester": 154,
  "removed": false,
  "start_semester": 152,
  "student": 23
 },
 "model": "grad.promise",
 "pk": 45
},
{
 "fields": {
  "amount": "10000.00",
  "comments": null,
  "end_semester": 157,
  "removed": false,
  "start_semester": 155,
  "student": 23
 },
 "model": "grad.promise",
 "pk": 46
},
{
 "fields": {
  "amount": "10000.00",
  "comments": null,
  "end_semester": 149,
  "removed": false,
  "start_semester": 147,
  "student": 24
 },
 "model": "grad.promise",
 "pk": 47
},
{
 "fields": {
  "amount": "10000.00",
  "comments": null,
  "end_semester": 152,
  "removed": false,
  "start_semester": 150,
  "student": 24
 },
 "model": "grad.promise",
 "pk": 48
},
{
 "fields": {
  "amount": "10000.00",
  "comments": null,
  "end_semester": 155,
  "removed": false,
  "start_semester": 153,
  "student": 25
 },
 "model": "grad.promise",
 "pk": 49
},
{
 "fields": {
  "amount": "10000.00",
  "comments": null,
  "end_semester": 158,
  "removed": false,
  "start_semester": 156,
  "student": 25
 },
 "model": "grad.promise",
 "pk": 50
},
{
 "fields": {
  "created_at": "2016-08-10T13:45:19.344",
  "date": null,
  "notes": null,
  "removed": false,
  "requirement": 7,
  "semester": 149,
  "student": 2,
  "updated_at": "2016-08-10T13:45:19.344"
 },
 "model": "grad.completedrequirement",
 "pk": 1
},
{
 "fields": {
  "created_at": "2016-08-10T13:45:38.108",
  "date": null,
  "notes": null,
  "removed": false,
  "requirement": 7,
  "semester": 154,
  "student": 16,
  "updated_at": "2016-08-10T13:45:38.108"
 },
 "model": "grad.completedrequirement",
 "pk": 2
},
{
 "fields": {
  "created_at": "2016-08-10T13:45:45.331",
  "date": null,
  "notes": null,
  "removed": false,
  "requirement": 7,
  "semester": 148,
  "student": 21,
  "updated_at": "2016-08-10T13:45:45.331"
 },
 "model": "grad.completedrequirement",
 "pk": 3
},
{
 "fields": {
  "created_at": "2016-08-10T13:45:47.670",
  "date": null,
  "notes": null,
  "removed": false,
  "requirement": 7,
  "semester": 153,
  "student": 23,
  "updated_at": "2016-08-10T13:45:47.670"
 },
 "model": "grad.completedrequirement",
 "pk": 4
},
{
 "fields": {
  "flag": 2,
  "student": 4,
  "value": true
 },
 "model": "grad.gradflagvalue",
 "pk": 1
},
{
 "fields": {
  "flag": 2,
  "student": 5,
  "value": true
 },
 "model": "grad.gradflagvalue",
 "pk": 2
},
{
 "fields": {
  "flag": 2,
  "student": 6,
  "value": true
 },
 "model": "grad.gradflagvalue",
 "pk": 3
},
{
 "fields": {
  "flag": 2,
  "student": 7,
  "value": true
 },
 "model": "grad.gradflagvalue",
 "pk": 4
},
{
 "fields": {
  "flag": 2,
  "student": 8,
  "value": true
 },
 "model": "grad.gradflagvalue",
 "pk": 5
},
{
 "fields": {
  "flag": 2,
  "student": 11,
  "value": true
 },
 "model": "grad.gradflagvalue",
 "pk": 6
},
{
 "fields": {
  "flag": 2,
  "student": 13,
  "value": true
 },
 "model": "grad.gradflagvalue",
 "pk": 7
},
{
 "fields": {
  "flag": 2,
  "student": 16,
  "value": true
 },
 "model": "grad.gradflagvalue",
 "pk": 8
},
{
 "fields": {
  "flag": 2,
  "student": 18,
  "value": true
 },
 "model": "grad.gradflagvalue",
 "pk": 9
},
{
 "fields": {
  "flag": 2,
  "student": 21,
  "value": true
 },
 "model": "grad.gradflagvalue",
 "pk": 10
},
{
 "fields": {
  "flag": 2,
  "student": 22,
  "value": true
 },
 "model": "grad.gradflagvalue",
 "pk": 11
},
{
 "fields": {
  "flag": 2,
  "student": 24,
  "value": true
 },
 "model": "grad.gradflagvalue",
 "pk": 12
},
{
 "fields": {
  "config": "{}",
  "created_at": "2016-08-10T13:45:19.422",
  "created_by": "",
  "external": null,
  "modified_by": null,
  "removed": false,
  "student": 2,
  "supervisor": 11,
  "supervisor_type": "POT",
  "updated_at": "2016-08-10T13:45:19.423"
 },
 "model": "grad.supervisor",
 "pk": 1
},
{
 "fields": {
  "config": "{}",
  "created_at": "2016-08-10T13:45:20.524",
  "created_by": "",
  "external": null,
  "modified_by": null,
  "removed": false,
  "student": 3,
  "supervisor": 8,
  "supervisor_type": "POT",
  "updated_at": "2016-08-10T13:45:20.525"
 },
 "model": "grad.supervisor",
 "pk": 2
},
{
 "fields": {
  "config": "{}",
  "created_at": "2016-08-10T13:45:20.593",
  "created_by": "",
  "external": null,
  "modified_by": null,
  "removed": false,
  "student": 3,
  "supervisor": 8,
  "supervisor_type": "SEN",
  "updated_at": "2016-08-10T13:45:20.593"
 },
 "model": "grad.supervisor",
 "pk": 3
},
{
 "fields": {
  "config": "{}",
  "created_at": "2016-08-10T13:45:20.659",
  "created_by": "",
  "external": null,
  "modified_by": null,
  "removed": false,
  "student": 3,
  "supervisor": 11,
  "supervisor_type": "COM",
  "updated_at": "2016-08-10T13:45:20.660"
 },
 "model": "grad.supervisor",
 "pk": 4
},
{
 "fields": {
  "config": "{}",
  "created_at": "2016-08-10T13:45:22.091",
  "created_by": "",
  "external": null,
  "modified_by": null,
  "removed": false,
  "student": 4,
  "supervisor": 4,
  "supervisor_type": "POT",
  "updated_at": "2016-08-10T13:45:22.091"
 },
 "model": "grad.supervisor",
 "pk": 5
},
{
 "fields": {
  "config": "{}",
  "created_at": "2016-08-10T13:45:25.055",
  "created_by": "",
  "external": null,
  "modified_by": null,
  "removed": false,
  "student": 6,
  "supervisor": 1,
  "supervisor_type": "POT",
  "updated_at": "2016-08-10T13:45:25.055"
 },
 "model": "grad.supervisor",
 "pk": 6
},
{
 "fields": {
  "config": "{}",
  "created_at": "2016-08-10T13:45:27.190",
  "created_by": "",
  "external": null,
  "modified_by": null,
  "removed": false,
  "student": 7,
  "supervisor": 9,
  "supervisor_type": "POT",
  "updated_at": "2016-08-10T13:45:27.190"
 },
 "model": "grad.supervisor",
 "pk": 7
},
{
 "fields": {
  "config": "{}",
  "created_at": "2016-08-10T13:45:28.409",
  "created_by": "",
  "external": null,
  "modified_by": null,
  "removed": false,
  "student": 8,
  "supervisor": 12,
  "supervisor_type": "POT",
  "updated_at": "2016-08-10T13:45:28.410"
 },
 "model": "grad.supervisor",
 "pk": 8
},
{
 "fields": {
  "config": "{}",
  "created_at": "2016-08-10T13:45:28.497",
  "created_by": "",
  "external": null,
  "modified_by": null,
  "removed": false,
  "student": 8,
  "supervisor": 12,
  "supervisor_type": "SEN",
  "updated_at": "2016-08-10T13:45:28.497"
 },
 "model": "grad.supervisor",
 "pk": 9
},
{
 "fields": {
  "config": "{}",
  "created_at": "2016-08-10T13:45:28.580",
  "created_by": "",
  "external": null,
  "modified_by": null,
  "removed": false,
  "student": 8,
  "supervisor": 12,
  "supervisor_type": "COM",
  "updated_at": "2016-08-10T13:45:28.581"
 },
 "model": "grad.supervisor",
 "pk": 10
},
{
 "fields": {
  "config": "{}",
  "created_at": "2016-08-10T13:45:31.122",
  "created_by": "",
  "external": null,
  "modified_by": null,
  "removed": false,
  "student": 10,
  "supervisor": 4,
  "supervisor_type": "POT",
  "updated_at": "2016-08-10T13:45:31.122"
 },
 "model": "grad.supervisor",
 "pk": 11
},
{
 "fields": {
  "config": "{}",
  "created_at": "2016-08-10T13:45:32.034",
  "created_by": "",
  "external": null,
  "modified_by": null,
  "removed": false,
  "student": 11,
  "supervisor": 11,
  "supervisor_type": "POT",
  "updated_at": "2016-08-10T13:45:32.035"
 },
 "model": "grad.supervisor",
 "pk": 12
},
{
 "fields": {
  "config": "{}",
  "created_at": "2016-08-10T13:45:33.184",
  "created_by": "",
  "external": null,
  "modified_by": null,
  "removed": false,
  "student": 12,
  "supervisor": 11,
  "supervisor_type": "POT",
  "updated_at": "2016-08-10T13:45:33.184"
 },
 "model": "grad.supervisor",
 "pk": 13
},
{
 "fields": {
  "config": "{}",
  "created_at": "2016-08-10T13:45:33.250",
  "created_by": "",
  "external": null,
  "modified_by": null,
  "removed": false,
  "student": 12,
  "supervisor": 11,
  "supervisor_type": "SEN",
  "updated_at": "2016-08-10T13:45:33.251"
 },
 "model": "grad.supervisor",
 "pk": 14
},
{
 "fields": {
  "config": "{}",
  "created_at": "2016-08-10T13:45:33.346",
  "created_by": "",
  "external": null,
  "modified_by": null,
  "removed": false,
  "student": 12,
  "supervisor": 8,
  "supervisor_type": "COM",
  "updated_at": "2016-08-10T13:45:33.346"
 },
 "model": "grad.supervisor",
 "pk": 15
},
{
 "fields": {
  "config": "{}",
  "created_at": "2016-08-10T13:45:34.665",
  "created_by": "",
  "external": null,
  "modified_by": null,
  "removed": false,
  "student": 13,
  "supervisor": 9,
  "supervisor_type": "POT",
  "updated_at": "2016-08-10T13:45:34.665"
 },
 "model": "grad.supervisor",
 "pk": 16
},
{
 "fields": {
  "config": "{}",
  "created_at": "2016-08-10T13:45:34.740",
  "created_by": "",
  "external": null,
  "modified_by": null,
  "removed": false,
  "student": 13,
  "supervisor": 9,
  "supervisor_type": "SEN",
  "updated_at": "2016-08-10T13:45:34.741"
 },
 "model": "grad.supervisor",
 "pk": 17
},
{
 "fields": {
  "config": "{}",
  "created_at": "2016-08-10T13:45:34.815",
  "created_by": "",
  "external": null,
  "modified_by": null,
  "removed": false,
  "student": 13,
  "supervisor": 10,
  "supervisor_type": "COM",
  "updated_at": "2016-08-10T13:45:34.816"
 },
 "model": "grad.supervisor",
 "pk": 18
},
{
 "fields": {
  "config": "{}",
  "created_at": "2016-08-10T13:45:36.896",
  "created_by": "",
  "external": null,
  "modified_by": null,
  "removed": false,
  "student": 15,
  "supervisor": 7,
  "supervisor_type": "POT",
  "updated_at": "2016-08-10T13:45:36.897"
 },
 "model": "grad.supervisor",
 "pk": 19
},
{
 "fields": {
  "config": "{}",
  "created_at": "2016-08-10T13:45:39.471",
  "created_by": "",
  "external": null,
  "modified_by": null,
  "removed": false,
  "student": 17,
  "supervisor": 10,
  "supervisor_type": "POT",
  "updated_at": "2016-08-10T13:45:39.472"
 },
 "model": "grad.supervisor",
 "pk": 20
},
{
 "fields": {
  "config": "{}",
  "created_at": "2016-08-10T13:45:40.830",
  "created_by": "",
  "external": null,
  "modified_by": null,
  "removed": false,
  "student": 18,
  "supervisor": 12,
  "supervisor_type": "POT",
  "updated_at": "2016-08-10T13:45:40.830"
 },
 "model": "grad.supervisor",
 "pk": 21
},
{
 "fields": {
  "config": "{}",
  "created_at": "2016-08-10T13:45:40.905",
  "created_by": "",
  "external": null,
  "modified_by": null,
  "removed": false,
  "student": 18,
  "supervisor": 12,
  "supervisor_type": "SEN",
  "updated_at": "2016-08-10T13:45:40.906"
 },
 "model": "grad.supervisor",
 "pk": 22
},
{
 "fields": {
  "config": "{}",
  "created_at": "2016-08-10T13:45:40.980",
  "created_by": "",
  "external": null,
  "modified_by": null,
  "removed": false,
  "student": 18,
  "supervisor": 11,
  "supervisor_type": "COM",
  "updated_at": "2016-08-10T13:45:40.980"
 },
 "model": "grad.supervisor",
 "pk": 23
},
{
 "fields": {
  "config": "{}",
  "created_at": "2016-08-10T13:45:43.485",
  "created_by": "",
  "external": null,
  "modified_by": null,
  "removed": false,
  "student": 20,
  "supervisor": 10,
  "supervisor_type": "POT",
  "updated_at": "2016-08-10T13:45:43.486"
 },
 "model": "grad.supervisor",
 "pk": 24
},
{
 "fields": {
  "config": "{}",
  "created_at": "2016-08-10T13:45:43.544",
  "created_by": "",
  "external": null,
  "modified_by": null,
  "removed": false,
  "student": 20,
  "supervisor": 10,
  "supervisor_type": "SEN",
  "updated_at": "2016-08-10T13:45:43.544"
 },
 "model": "grad.supervisor",
 "pk": 25
},
{
 "fields": {
  "config": "{}",
  "created_at": "2016-08-10T13:45:43.602",
  "created_by": "",
  "external": null,
  "modified_by": null,
  "removed": false,
  "student": 20,
  "supervisor": 7,
  "supervisor_type": "COM",
  "updated_at": "2016-08-10T13:45:43.603"
 },
 "model": "grad.supervisor",
 "pk": 26
},
{
 "fields": {
  "config": "{}",
  "created_at": "2016-08-10T13:45:45.479",
  "created_by": "",
  "external": null,
  "modified_by": null,
  "removed": false,
  "student": 21,
  "supervisor": 4,
  "supervisor_type": "POT",
  "updated_at": "2016-08-10T13:45:45.480"
 },
 "model": "grad.supervisor",
 "pk": 27
},
{
 "fields": {
  "config": "{}",
  "created_at": "2016-08-10T13:45:47.735",
  "created_by": "",
  "external": null,
  "modified_by": null,
  "removed": false,
  "student": 23,
  "supervisor": 10,
  "supervisor_type": "POT",
  "updated_at": "2016-08-10T13:45:47.736"
 },
 "model": "grad.supervisor",
 "pk": 28
},
{
 "fields": {
  "config": "{}",
  "created_at": "2016-08-10T13:45:50.252",
  "created_by": "",
  "external": null,
  "modified_by": null,
  "removed": false,
  "student": 25,
  "supervisor": 10,
  "supervisor_type": "POT",
  "updated_at": "2016-08-10T13:45:50.252"
 },
 "model": "grad.supervisor",
 "pk": 29
}
]
