[
{
 "fields": {
  "config": "{}",
  "expiry": "2033-11-18",
  "person": 43,
  "role": "GRAD",
  "unit": 5
 },
 "model": "coredata.role",
 "pk": 8
},
{
 "fields": {
  "config": "{}",
  "expiry": "2033-11-18",
  "person": 42,
  "role": "GRPD",
  "unit": 5
 },
 "model": "coredata.role",
 "pk": 9
},
{
 "fields": {
  "created_at": "2023-11-21T14:49:59.631",
  "created_by": "",
  "description": "MSc Course option",
  "hidden": false,
  "label": "MSc Course",
  "modified_by": null,
  "slug": "msccourse",
  "unit": 5,
  "updated_at": "2023-11-21T14:49:59.631"
 },
 "model": "grad.gradprogram",
 "pk": 1
},
{
 "fields": {
  "created_at": "2023-11-21T14:49:59.635",
  "created_by": "",
  "description": "MSc Project option",
  "hidden": false,
  "label": "MSc Proj",
  "modified_by": null,
  "slug": "mscproj",
  "unit": 5,
  "updated_at": "2023-11-21T14:49:59.635"
 },
 "model": "grad.gradprogram",
 "pk": 2
},
{
 "fields": {
  "created_at": "2023-11-21T14:49:59.640",
  "created_by": "",
  "description": "MSc Thesis option",
  "hidden": false,
  "label": "MSc Thesis",
  "modified_by": null,
  "slug": "mscthesis",
  "unit": 5,
  "updated_at": "2023-11-21T14:49:59.640"
 },
 "model": "grad.gradprogram",
 "pk": 3
},
{
 "fields": {
  "created_at": "2023-11-21T14:49:59.644",
  "created_by": "",
  "description": "Doctor of Philosophy",
  "hidden": false,
  "label": "PhD",
  "modified_by": null,
  "slug": "phd",
  "unit": 5,
  "updated_at": "2023-11-21T14:49:59.644"
 },
 "model": "grad.gradprogram",
 "pk": 4
},
{
 "fields": {
  "created_at": "2023-11-21T14:49:59.647",
  "created_by": "",
  "description": "Qualifying student",
  "hidden": false,
  "label": "Qualifying",
  "modified_by": null,
  "slug": "qualifying",
  "unit": 5,
  "updated_at": "2023-11-21T14:49:59.647"
 },
 "model": "grad.gradprogram",
 "pk": 5
},
{
 "fields": {
  "created_at": "2023-11-21T14:49:59.649",
  "created_by": "",
  "description": "Special Arrangements",
  "hidden": false,
  "label": "Special",
  "modified_by": null,
  "slug": "special",
  "unit": 5,
  "updated_at": "2023-11-21T14:49:59.649"
 },
 "model": "grad.gradprogram",
 "pk": 6
},
{
 "fields": {
  "comments": null,
  "eligible": false,
  "hidden": false,
  "name": "Scholarship-o-rama",
  "unit": 5
 },
 "model": "grad.scholarshiptype",
 "pk": 1
},
{
 "fields": {
  "comments": null,
  "eligible": true,
  "hidden": false,
  "name": "Generic Scholarship #8",
  "unit": 5
 },
 "model": "grad.scholarshiptype",
 "pk": 2
},
{
 "fields": {
  "created_at": "2023-11-21T14:49:59.655",
  "description": "Achieved Speciality",
  "hidden": false,
  "program": 6,
  "series": 1,
  "updated_at": "2023-11-21T14:49:59.656"
 },
 "model": "grad.gradrequirement",
 "pk": 1
},
{
 "fields": {
  "created_at": "2023-11-21T14:49:59.663",
  "description": "Found campus",
  "hidden": false,
  "program": 1,
  "series": 2,
  "updated_at": "2023-11-21T14:49:59.663"
 },
 "model": "grad.gradrequirement",
 "pk": 2
},
{
 "fields": {
  "created_at": "2023-11-21T14:49:59.666",
  "description": "Found campus",
  "hidden": false,
  "program": 2,
  "series": 2,
  "updated_at": "2023-11-21T14:49:59.666"
 },
 "model": "grad.gradrequirement",
 "pk": 3
},
{
 "fields": {
  "created_at": "2023-11-21T14:49:59.669",
  "description": "Found campus",
  "hidden": false,
  "program": 3,
  "series": 2,
  "updated_at": "2023-11-21T14:49:59.669"
 },
 "model": "grad.gradrequirement",
 "pk": 4
},
{
 "fields": {
  "created_at": "2023-11-21T14:49:59.672",
  "description": "Found campus",
  "hidden": false,
  "program": 4,
  "series": 2,
  "updated_at": "2023-11-21T14:49:59.672"
 },
 "model": "grad.gradrequirement",
 "pk": 5
},
{
 "fields": {
  "created_at": "2023-11-21T14:49:59.677",
  "description": "Found campus",
  "hidden": false,
  "program": 5,
  "series": 2,
  "updated_at": "2023-11-21T14:49:59.677"
 },
 "model": "grad.gradrequirement",
 "pk": 6
},
{
 "fields": {
  "created_at": "2023-11-21T14:49:59.681",
  "description": "Found campus",
  "hidden": false,
  "program": 6,
  "series": 2,
  "updated_at": "2023-11-21T14:49:59.681"
 },
 "model": "grad.gradrequirement",
 "pk": 7
},
{
 "fields": {
  "config": "{}",
  "content": "Congratulations, {{first_name}}, we would like to offer you admission to the {{program}} program in Computing Science at SFU.\r\n\r\nThis is gööd news. Really.",
  "created_at": "2023-11-21T14:49:59.623",
  "created_by": "",
  "hidden": false,
  "label": "offer",
  "slug": "cmpt-offer",
  "unit": 5
 },
 "model": "grad.lettertemplate",
 "pk": 1
},
{
 "fields": {
  "config": "{}",
  "content": "This is to confirm that {{title}} {{first_name}} {{last_name}} is currently enrolled as a full time student in the {{program}} in the School of Computing Science at SFU.",
  "created_at": "2023-11-21T14:49:59.625",
  "created_by": "",
  "hidden": false,
  "label": "visa",
  "slug": "cmpt-visa",
  "unit": 5
 },
 "model": "grad.lettertemplate",
 "pk": 2
},
{
 "fields": {
  "config": "{}",
  "content": "This is to confirm that {{title}} {{first_name}} {{last_name}} is a student in the School of Computing Science's {{program}} program. {{He_She}} has been employed as follows:\r\n\r\n{% if tafunding %}Teaching assistant responsibilities include providing tutorials, office hours and marking assignments. {{title}} {{last_name}}'s assignments have been:\r\n\r\n{{ tafunding }}{% endif %}\r\n{% if rafunding %}Research assistants assist/provide research services to faculty. {{title}} {{last_name}}'s assignments have been:\r\n\r\n{{ rafunding }}{% endif %}\r\n{% if scholarships %}{{title}} {{last_name}} has received the following scholarships:\r\n\r\n{{ scholarships }}{% endif %}\r\n\r\n{{title}} {{last_name}} is making satisfactory progress.",
  "created_at": "2023-11-21T14:49:59.627",
  "created_by": "",
  "hidden": false,
  "label": "Funding",
  "slug": "cmpt-funding",
  "unit": 5
 },
 "model": "grad.lettertemplate",
 "pk": 3
},
{
 "fields": {
  "label": "Dual Degree Program",
  "unit": 5
 },
 "model": "grad.gradflag",
 "pk": 1
},
{
 "fields": {
  "label": "Co-op",
  "unit": 5
 },
 "model": "grad.gradflag",
 "pk": 2
},
{
 "fields": {
  "campus": "GNWC",
  "comments": "",
  "config": "{}",
  "created_at": "2023-11-21T14:49:59.693",
  "created_by": "",
  "current_status": "ACTI",
  "end_semester": null,
  "english_fluency": "",
  "is_canadian": null,
  "modified_by": null,
  "mother_tongue": "",
  "passport_issued_by": "",
  "person": 25,
  "program": 6,
  "research_area": "Ytiyzvdeology",
  "slug": "0ggg11-special",
  "start_semester": 26,
  "updated_at": "2023-11-21T14:49:59.729"
 },
 "model": "grad.gradstudent",
 "pk": 1
},
{
 "fields": {
  "campus": "GNWC",
  "comments": "",
  "config": "{}",
  "created_at": "2023-11-21T14:49:59.751",
  "created_by": "",
  "current_status": "ACTI",
  "end_semester": null,
  "english_fluency": "",
  "is_canadian": null,
  "modified_by": null,
  "mother_tongue": "",
  "passport_issued_by": "",
  "person": 39,
  "program": 3,
  "research_area": "Qhgnvzdqology",
  "slug": "0ggg18-mscthesis",
  "start_semester": 32,
  "updated_at": "2023-11-21T14:49:59.786"
 },
 "model": "grad.gradstudent",
 "pk": 2
},
{
 "fields": {
  "campus": "VANCR",
  "comments": "",
  "config": "{}",
  "created_at": "2023-11-21T14:49:59.806",
  "created_by": "",
  "current_status": "REJE",
  "end_semester": null,
  "english_fluency": "",
  "is_canadian": false,
  "modified_by": null,
  "mother_tongue": "",
  "passport_issued_by": "",
  "person": 17,
  "program": 6,
  "research_area": "Enrïxvkjology",
  "slug": "0ggg7-special",
  "start_semester": 27,
  "updated_at": "2023-11-21T14:49:59.827"
 },
 "model": "grad.gradstudent",
 "pk": 3
},
{
 "fields": {
  "campus": "GNWC",
  "comments": "",
  "config": "{}",
  "created_at": "2023-11-21T14:49:59.847",
  "created_by": "",
  "current_status": "WIDR",
  "end_semester": 32,
  "english_fluency": "",
  "is_canadian": null,
  "modified_by": null,
  "mother_tongue": "",
  "passport_issued_by": "",
  "person": 11,
  "program": 4,
  "research_area": "Ycmyxaswology",
  "slug": "0ggg4-phd",
  "start_semester": 28,
  "updated_at": "2023-11-21T14:49:59.892"
 },
 "model": "grad.gradstudent",
 "pk": 4
},
{
 "fields": {
  "campus": "GNWC",
  "comments": "",
  "config": "{}",
  "created_at": "2023-11-21T14:49:59.909",
  "created_by": "",
  "current_status": "ACTI",
  "end_semester": null,
  "english_fluency": "",
  "is_canadian": true,
  "modified_by": null,
  "mother_tongue": "",
  "passport_issued_by": "",
  "person": 33,
  "program": 2,
  "research_area": "Gnàuonmjology",
  "slug": "0ggg15-mscproj",
  "start_semester": 28,
  "updated_at": "2023-11-21T14:49:59.942"
 },
 "model": "grad.gradstudent",
 "pk": 5
},
{
 "fields": {
  "campus": "VANCR",
  "comments": "",
  "config": "{}",
  "created_at": "2023-11-21T14:49:59.958",
  "created_by": "",
  "current_status": "ACTI",
  "end_semester": null,
  "english_fluency": "",
  "is_canadian": true,
  "modified_by": null,
  "mother_tongue": "",
  "passport_issued_by": "",
  "person": 37,
  "program": 1,
  "research_area": "Ovtõujbhology",
  "slug": "0ggg17-msccourse",
  "start_semester": 32,
  "updated_at": "2023-11-21T14:49:59.998"
 },
 "model": "grad.gradstudent",
 "pk": 6
},
{
 "fields": {
  "campus": "VANCR",
  "comments": "",
  "config": "{}",
  "created_at": "2023-11-21T14:50:00.031",
  "created_by": "",
  "current_status": "WIDR",
  "end_semester": 32,
  "english_fluency": "",
  "is_canadian": false,
  "modified_by": null,
  "mother_tongue": "",
  "passport_issued_by": "",
  "person": 31,
  "program": 3,
  "research_area": "Nàvúlqwtology",
  "slug": "0ggg14-mscthesis",
  "start_semester": 27,
  "updated_at": "2023-11-21T14:50:00.077"
 },
 "model": "grad.gradstudent",
 "pk": 7
},
{
 "fields": {
  "campus": "METRO",
  "comments": "",
  "config": "{}",
  "created_at": "2023-11-21T14:50:00.092",
  "created_by": "",
  "current_status": "ACTI",
  "end_semester": null,
  "english_fluency": "",
  "is_canadian": true,
  "modified_by": null,
  "mother_tongue": "",
  "passport_issued_by": "",
  "person": 15,
  "program": 6,
  "research_area": "Ncúyàêmwology",
  "slug": "0ggg6-special",
  "start_semester": 27,
  "updated_at": "2023-11-21T14:50:00.124"
 },
 "model": "grad.gradstudent",
 "pk": 8
},
{
 "fields": {
  "campus": "BRNBY",
  "comments": "",
  "config": "{}",
  "created_at": "2023-11-21T14:50:00.153",
  "created_by": "",
  "current_status": "ACTI",
  "end_semester": null,
  "english_fluency": "",
  "is_canadian": true,
  "modified_by": null,
  "mother_tongue": "",
  "passport_issued_by": "",
  "person": 27,
  "program": 1,
  "research_area": "Nhbgúovwology",
  "slug": "0ggg12-msccourse",
  "start_semester": 27,
  "updated_at": "2023-11-21T14:50:00.187"
 },
 "model": "grad.gradstudent",
 "pk": 9
},
{
 "fields": {
  "campus": "SURRY",
  "comments": "",
  "config": "{}",
  "created_at": "2023-11-21T14:50:00.211",
  "created_by": "",
  "current_status": "REJE",
  "end_semester": null,
  "english_fluency": "",
  "is_canadian": false,
  "modified_by": null,
  "mother_tongue": "",
  "passport_issued_by": "",
  "person": 5,
  "program": 4,
  "research_area": "Hwgieoïqology",
  "slug": "0ggg1-phd",
  "start_semester": 31,
  "updated_at": "2023-11-21T14:50:00.232"
 },
 "model": "grad.gradstudent",
 "pk": 10
},
{
 "fields": {
  "campus": "BRNBY",
  "comments": "",
  "config": "{}",
  "created_at": "2023-11-21T14:50:00.249",
  "created_by": "",
  "current_status": "ACTI",
  "end_semester": null,
  "english_fluency": "",
  "is_canadian": true,
  "modified_by": null,
  "mother_tongue": "",
  "passport_issued_by": "",
  "person": 35,
  "program": 5,
  "research_area": "Zbabwhnyology",
  "slug": "0ggg16-qualifying",
  "start_semester": 26,
  "updated_at": "2023-11-21T14:50:00.281"
 },
 "model": "grad.gradstudent",
 "pk": 11
},
{
 "fields": {
  "campus": "BRNBY",
  "comments": "",
  "config": "{}",
  "created_at": "2023-11-21T14:50:00.311",
  "created_by": "",
  "current_status": "ACTI",
  "end_semester": null,
  "english_fluency": "",
  "is_canadian": null,
  "modified_by": null,
  "mother_tongue": "",
  "passport_issued_by": "",
  "person": 19,
  "program": 3,
  "research_area": "Ioxjkmryology",
  "slug": "0ggg8-mscthesis",
  "start_semester": 30,
  "updated_at": "2023-11-21T14:50:00.348"
 },
 "model": "grad.gradstudent",
 "pk": 12
},
{
 "fields": {
  "campus": "OFFST",
  "comments": "",
  "config": "{}",
  "created_at": "2023-11-21T14:50:00.368",
  "created_by": "",
  "current_status": "ACTI",
  "end_semester": null,
  "english_fluency": "",
  "is_canadian": null,
  "modified_by": null,
  "mother_tongue": "",
  "passport_issued_by": "",
  "person": 29,
  "program": 1,
  "research_area": "Muêxlúuxology",
  "slug": "0ggg13-msccourse",
  "start_semester": 27,
  "updated_at": "2023-11-21T14:50:00.401"
 },
 "model": "grad.gradstudent",
 "pk": 13
},
{
 "fields": {
  "campus": "BRNBY",
  "comments": "",
  "config": "{}",
  "created_at": "2023-11-21T14:50:00.417",
  "created_by": "",
  "current_status": "ACTI",
  "end_semester": null,
  "english_fluency": "",
  "is_canadian": null,
  "modified_by": null,
  "mother_tongue": "",
  "passport_issued_by": "",
  "person": 13,
  "program": 4,
  "research_area": "Jcfasúncology",
  "slug": "0ggg5-phd",
  "start_semester": 32,
  "updated_at": "2023-11-21T14:50:00.449"
 },
 "model": "grad.gradstudent",
 "pk": 14
},
{
 "fields": {
  "campus": "VANCR",
  "comments": "",
  "config": "{}",
  "created_at": "2023-11-21T14:50:00.467",
  "created_by": "",
  "current_status": "REJE",
  "end_semester": null,
  "english_fluency": "",
  "is_canadian": false,
  "modified_by": null,
  "mother_tongue": "",
  "passport_issued_by": "",
  "person": 23,
  "program": 4,
  "research_area": "Qïfalxllology",
  "slug": "0ggg10-phd",
  "start_semester": 30,
  "updated_at": "2023-11-21T14:50:00.488"
 },
 "model": "grad.gradstudent",
 "pk": 15
},
{
 "fields": {
  "campus": "OFFST",
  "comments": "",
  "config": "{}",
  "created_at": "2023-11-21T14:50:00.507",
  "created_by": "",
  "current_status": "REJE",
  "end_semester": null,
  "english_fluency": "",
  "is_canadian": true,
  "modified_by": null,
  "mother_tongue": "",
  "passport_issued_by": "",
  "person": 41,
  "program": 2,
  "research_area": "Flnwvxàzology",
  "slug": "0ggg19-mscproj",
  "start_semester": 26,
  "updated_at": "2023-11-21T14:50:00.528"
 },
 "model": "grad.gradstudent",
 "pk": 16
},
{
 "fields": {
  "campus": "METRO",
  "comments": "",
  "config": "{}",
  "created_at": "2023-11-21T14:50:00.545",
  "created_by": "",
  "current_status": "ACTI",
  "end_semester": null,
  "english_fluency": "",
  "is_canadian": false,
  "modified_by": null,
  "mother_tongue": "",
  "passport_issued_by": "",
  "person": 9,
  "program": 6,
  "research_area": "Vzqútxêzology",
  "slug": "0ggg3-special",
  "start_semester": 30,
  "updated_at": "2023-11-21T14:50:00.578"
 },
 "model": "grad.gradstudent",
 "pk": 17
},
{
 "fields": {
  "campus": "VANCR",
  "comments": "",
  "config": "{}",
  "created_at": "2023-11-21T14:50:00.603",
  "created_by": "",
  "current_status": "ACTI",
  "end_semester": null,
  "english_fluency": "",
  "is_canadian": true,
  "modified_by": null,
  "mother_tongue": "",
  "passport_issued_by": "",
  "person": 7,
  "program": 2,
  "research_area": "Kfïiqgouology",
  "slug": "0ggg2-mscproj",
  "start_semester": 28,
  "updated_at": "2023-11-21T14:50:00.639"
 },
 "model": "grad.gradstudent",
 "pk": 18
},
{
 "fields": {
  "campus": "BRNBY",
  "comments": "",
  "config": "{}",
  "created_at": "2023-11-21T14:50:00.656",
  "created_by": "",
  "current_status": "REJE",
  "end_semester": null,
  "english_fluency": "",
  "is_canadian": false,
  "modified_by": null,
  "mother_tongue": "",
  "passport_issued_by": "",
  "person": 21,
  "program": 4,
  "research_area": "Tievbygeology",
  "slug": "0ggg9-phd",
  "start_semester": 32,
  "updated_at": "2023-11-21T14:50:00.677"
 },
 "model": "grad.gradstudent",
 "pk": 19
},
{
 "fields": {
  "campus": "GNWC",
  "comments": "",
  "config": "{}",
  "created_at": "2023-11-21T14:50:00.693",
  "created_by": "",
  "current_status": "REJE",
  "end_semester": null,
  "english_fluency": "",
  "is_canadian": false,
  "modified_by": null,
  "mother_tongue": "",
  "passport_issued_by": "",
  "person": 3,
  "program": 2,
  "research_area": "Wmïgwcõêology",
  "slug": "0ggg0-mscproj",
  "start_semester": 28,
  "updated_at": "2023-11-21T14:50:00.715"
 },
 "model": "grad.gradstudent",
 "pk": 20
},
{
 "fields": {
  "campus": "OFFST",
  "comments": "",
  "config": "{}",
  "created_at": "2023-11-21T14:50:00.734",
  "created_by": "",
  "current_status": "ACTI",
  "end_semester": null,
  "english_fluency": "",
  "is_canadian": false,
  "modified_by": null,
  "mother_tongue": "",
  "passport_issued_by": "",
  "person": 19,
  "program": 2,
  "research_area": "Ovftwdvvology",
  "slug": "0ggg8-mscproj",
  "start_semester": 31,
  "updated_at": "2023-11-21T14:50:00.769"
 },
 "model": "grad.gradstudent",
 "pk": 21
},
{
 "fields": {
  "campus": "OFFST",
  "comments": "",
  "config": "{}",
  "created_at": "2023-11-21T14:50:00.795",
  "created_by": "",
  "current_status": "REJE",
  "end_semester": null,
  "english_fluency": "",
  "is_canadian": null,
  "modified_by": null,
  "mother_tongue": "",
  "passport_issued_by": "",
  "person": 37,
  "program": 6,
  "research_area": "Stahrqlxology",
  "slug": "0ggg17-special",
  "start_semester": 31,
  "updated_at": "2023-11-21T14:50:00.818"
 },
 "model": "grad.gradstudent",
 "pk": 22
},
{
 "fields": {
  "campus": "METRO",
  "comments": "",
  "config": "{}",
  "created_at": "2023-11-21T14:50:00.840",
  "created_by": "",
  "current_status": "WIDR",
  "end_semester": 30,
  "english_fluency": "",
  "is_canadian": true,
  "modified_by": null,
  "mother_tongue": "",
  "passport_issued_by": "",
  "person": 17,
  "program": 6,
  "research_area": "Vêvtnúõêology",
  "slug": "0ggg7-special-2",
  "start_semester": 27,
  "updated_at": "2023-11-21T14:50:00.886"
 },
 "model": "grad.gradstudent",
 "pk": 23
},
{
 "fields": {
  "campus": "SURRY",
  "comments": "",
  "config": "{}",
  "created_at": "2023-11-21T14:50:00.903",
  "created_by": "",
  "current_status": "ACTI",
  "end_semester": null,
  "english_fluency": "",
  "is_canadian": true,
  "modified_by": null,
  "mother_tongue": "",
  "passport_issued_by": "",
  "person": 31,
  "program": 6,
  "research_area": "Rqleelïõology",
  "slug": "0ggg14-special",
  "start_semester": 28,
  "updated_at": "2023-11-21T14:50:00.935"
 },
 "model": "grad.gradstudent",
 "pk": 24
},
{
 "fields": {
  "campus": "GNWC",
  "comments": "",
  "config": "{}",
  "created_at": "2023-11-21T14:50:00.961",
  "created_by": "",
  "current_status": "ACTI",
  "end_semester": null,
  "english_fluency": "",
  "is_canadian": false,
  "modified_by": null,
  "mother_tongue": "",
  "passport_issued_by": "",
  "person": 27,
  "program": 4,
  "research_area": "Ljualfrtology",
  "slug": "0ggg12-phd",
  "start_semester": 30,
  "updated_at": "2023-11-21T14:50:01.000"
 },
 "model": "grad.gradstudent",
 "pk": 25
},
{
 "fields": {
  "config": "{}",
  "program": 6,
  "start_semester": 26,
  "starting": "2023-11-21",
  "student": 1
 },
 "model": "grad.gradprogramhistory",
 "pk": 1
},
{
 "fields": {
  "config": "{}",
  "program": 3,
  "start_semester": 32,
  "starting": "2023-11-21",
  "student": 2
 },
 "model": "grad.gradprogramhistory",
 "pk": 2
},
{
 "fields": {
  "config": "{}",
  "program": 6,
  "start_semester": 27,
  "starting": "2023-11-21",
  "student": 3
 },
 "model": "grad.gradprogramhistory",
 "pk": 3
},
{
 "fields": {
  "config": "{}",
  "program": 4,
  "start_semester": 28,
  "starting": "2023-11-21",
  "student": 4
 },
 "model": "grad.gradprogramhistory",
 "pk": 4
},
{
 "fields": {
  "config": "{}",
  "program": 2,
  "start_semester": 28,
  "starting": "2023-11-21",
  "student": 5
 },
 "model": "grad.gradprogramhistory",
 "pk": 5
},
{
 "fields": {
  "config": "{}",
  "program": 1,
  "start_semester": 32,
  "starting": "2023-11-21",
  "student": 6
 },
 "model": "grad.gradprogramhistory",
 "pk": 6
},
{
 "fields": {
  "config": "{}",
  "program": 3,
  "start_semester": 27,
  "starting": "2023-11-21",
  "student": 7
 },
 "model": "grad.gradprogramhistory",
 "pk": 7
},
{
 "fields": {
  "config": "{}",
  "program": 6,
  "start_semester": 27,
  "starting": "2023-11-21",
  "student": 8
 },
 "model": "grad.gradprogramhistory",
 "pk": 8
},
{
 "fields": {
  "config": "{}",
  "program": 1,
  "start_semester": 27,
  "starting": "2023-11-21",
  "student": 9
 },
 "model": "grad.gradprogramhistory",
 "pk": 9
},
{
 "fields": {
  "config": "{}",
  "program": 4,
  "start_semester": 31,
  "starting": "2023-11-21",
  "student": 10
 },
 "model": "grad.gradprogramhistory",
 "pk": 10
},
{
 "fields": {
  "config": "{}",
  "program": 5,
  "start_semester": 26,
  "starting": "2023-11-21",
  "student": 11
 },
 "model": "grad.gradprogramhistory",
 "pk": 11
},
{
 "fields": {
  "config": "{}",
  "program": 2,
  "start_semester": 30,
  "starting": "2023-11-21",
  "student": 12
 },
 "model": "grad.gradprogramhistory",
 "pk": 12
},
{
 "fields": {
  "config": "{}",
  "program": 3,
  "start_semester": 32,
  "starting": "2023-11-21",
  "student": 12
 },
 "model": "grad.gradprogramhistory",
 "pk": 13
},
{
 "fields": {
  "config": "{}",
  "program": 1,
  "start_semester": 27,
  "starting": "2023-11-21",
  "student": 13
 },
 "model": "grad.gradprogramhistory",
 "pk": 14
},
{
 "fields": {
  "config": "{}",
  "program": 4,
  "start_semester": 32,
  "starting": "2023-11-21",
  "student": 14
 },
 "model": "grad.gradprogramhistory",
 "pk": 15
},
{
 "fields": {
  "config": "{}",
  "program": 4,
  "start_semester": 30,
  "starting": "2023-11-21",
  "student": 15
 },
 "model": "grad.gradprogramhistory",
 "pk": 16
},
{
 "fields": {
  "config": "{}",
  "program": 2,
  "start_semester": 26,
  "starting": "2023-11-21",
  "student": 16
 },
 "model": "grad.gradprogramhistory",
 "pk": 17
},
{
 "fields": {
  "config": "{}",
  "program": 6,
  "start_semester": 30,
  "starting": "2023-11-21",
  "student": 17
 },
 "model": "grad.gradprogramhistory",
 "pk": 18
},
{
 "fields": {
  "config": "{}",
  "program": 6,
  "start_semester": 28,
  "starting": "2023-11-21",
  "student": 18
 },
 "model": "grad.gradprogramhistory",
 "pk": 19
},
{
 "fields": {
  "config": "{}",
  "program": 2,
  "start_semester": 30,
  "starting": "2023-11-21",
  "student": 18
 },
 "model": "grad.gradprogramhistory",
 "pk": 20
},
{
 "fields": {
  "config": "{}",
  "program": 4,
  "start_semester": 32,
  "starting": "2023-11-21",
  "student": 19
 },
 "model": "grad.gradprogramhistory",
 "pk": 21
},
{
 "fields": {
  "config": "{}",
  "program": 2,
  "start_semester": 28,
  "starting": "2023-11-21",
  "student": 20
 },
 "model": "grad.gradprogramhistory",
 "pk": 22
},
{
 "fields": {
  "config": "{}",
  "program": 3,
  "start_semester": 31,
  "starting": "2023-11-21",
  "student": 21
 },
 "model": "grad.gradprogramhistory",
 "pk": 23
},
{
 "fields": {
  "config": "{}",
  "program": 2,
  "start_semester": 33,
  "starting": "2023-11-21",
  "student": 21
 },
 "model": "grad.gradprogramhistory",
 "pk": 24
},
{
 "fields": {
  "config": "{}",
  "program": 2,
  "start_semester": 31,
  "starting": "2023-11-21",
  "student": 22
 },
 "model": "grad.gradprogramhistory",
 "pk": 25
},
{
 "fields": {
  "config": "{}",
  "program": 6,
  "start_semester": 32,
  "starting": "2023-11-21",
  "student": 22
 },
 "model": "grad.gradprogramhistory",
 "pk": 26
},
{
 "fields": {
  "config": "{}",
  "program": 6,
  "start_semester": 27,
  "starting": "2023-11-21",
  "student": 23
 },
 "model": "grad.gradprogramhistory",
 "pk": 27
},
{
 "fields": {
  "config": "{}",
  "program": 6,
  "start_semester": 28,
  "starting": "2023-11-21",
  "student": 24
 },
 "model": "grad.gradprogramhistory",
 "pk": 28
},
{
 "fields": {
  "config": "{}",
  "program": 2,
  "start_semester": 30,
  "starting": "2023-11-21",
  "student": 25
 },
 "model": "grad.gradprogramhistory",
 "pk": 29
},
{
 "fields": {
  "config": "{}",
  "program": 4,
  "start_semester": 31,
  "starting": "2023-11-21",
  "student": 25
 },
 "model": "grad.gradprogramhistory",
 "pk": 30
},
{
 "fields": {
  "config": "{}",
  "created_at": "2023-11-21T14:49:59.696",
  "end": 26,
  "hidden": false,
  "notes": "",
  "start": 26,
  "start_date": "2021-01-22",
  "status": "COMP",
  "student": 1,
  "updated_at": "2023-11-21T14:49:59.710"
 },
 "model": "grad.gradstatus",
 "pk": 1
},
{
 "fields": {
  "config": "{}",
  "created_at": "2023-11-21T14:49:59.707",
  "end": 26,
  "hidden": false,
  "notes": "",
  "start": 26,
  "start_date": "2021-02-11",
  "status": "OFFO",
  "student": 1,
  "updated_at": "2023-11-21T14:49:59.722"
 },
 "model": "grad.gradstatus",
 "pk": 2
},
{
 "fields": {
  "config": "{}",
  "created_at": "2023-11-21T14:49:59.719",
  "end": null,
  "hidden": false,
  "notes": "",
  "start": 26,
  "start_date": "2021-05-02",
  "status": "ACTI",
  "student": 1,
  "updated_at": "2023-11-21T14:49:59.719"
 },
 "model": "grad.gradstatus",
 "pk": 3
},
{
 "fields": {
  "config": "{}",
  "created_at": "2023-11-21T14:49:59.754",
  "end": 32,
  "hidden": false,
  "notes": "",
  "start": 32,
  "start_date": "2023-01-22",
  "status": "COMP",
  "student": 2,
  "updated_at": "2023-11-21T14:49:59.768"
 },
 "model": "grad.gradstatus",
 "pk": 4
},
{
 "fields": {
  "config": "{}",
  "created_at": "2023-11-21T14:49:59.765",
  "end": 32,
  "hidden": false,
  "notes": "",
  "start": 32,
  "start_date": "2023-02-11",
  "status": "OFFO",
  "student": 2,
  "updated_at": "2023-11-21T14:49:59.779"
 },
 "model": "grad.gradstatus",
 "pk": 5
},
{
 "fields": {
  "config": "{}",
  "created_at": "2023-11-21T14:49:59.777",
  "end": null,
  "hidden": false,
  "notes": "",
  "start": 32,
  "start_date": "2023-05-02",
  "status": "ACTI",
  "student": 2,
  "updated_at": "2023-11-21T14:49:59.777"
 },
 "model": "grad.gradstatus",
 "pk": 6
},
{
 "fields": {
  "config": "{}",
  "created_at": "2023-11-21T14:49:59.809",
  "end": 27,
  "hidden": false,
  "notes": "",
  "start": 27,
  "start_date": "2021-05-25",
  "status": "COMP",
  "student": 3,
  "updated_at": "2023-11-21T14:49:59.821"
 },
 "model": "grad.gradstatus",
 "pk": 7
},
{
 "fields": {
  "config": "{}",
  "created_at": "2023-11-21T14:49:59.817",
  "end": null,
  "hidden": false,
  "notes": "",
  "start": 27,
  "start_date": "2021-06-14",
  "status": "REJE",
  "student": 3,
  "updated_at": "2023-11-21T14:49:59.817"
 },
 "model": "grad.gradstatus",
 "pk": 8
},
{
 "fields": {
  "config": "{}",
  "created_at": "2023-11-21T14:49:59.851",
  "end": 28,
  "hidden": false,
  "notes": "",
  "start": 28,
  "start_date": "2021-09-24",
  "status": "COMP",
  "student": 4,
  "updated_at": "2023-11-21T14:49:59.862"
 },
 "model": "grad.gradstatus",
 "pk": 9
},
{
 "fields": {
  "config": "{}",
  "created_at": "2023-11-21T14:49:59.859",
  "end": 28,
  "hidden": false,
  "notes": "",
  "start": 28,
  "start_date": "2021-10-14",
  "status": "OFFO",
  "student": 4,
  "updated_at": "2023-11-21T14:49:59.873"
 },
 "model": "grad.gradstatus",
 "pk": 10
},
{
 "fields": {
  "config": "{}",
  "created_at": "2023-11-21T14:49:59.871",
  "end": 32,
  "hidden": false,
  "notes": "",
  "start": 28,
  "start_date": "2022-01-02",
  "status": "ACTI",
  "student": 4,
  "updated_at": "2023-11-21T14:49:59.885"
 },
 "model": "grad.gradstatus",
 "pk": 11
},
{
 "fields": {
  "config": "{}",
  "created_at": "2023-11-21T14:49:59.882",
  "end": null,
  "hidden": false,
  "notes": "",
  "start": 32,
  "start_date": "2023-05-02",
  "status": "WIDR",
  "student": 4,
  "updated_at": "2023-11-21T14:49:59.882"
 },
 "model": "grad.gradstatus",
 "pk": 12
},
{
 "fields": {
  "config": "{}",
  "created_at": "2023-11-21T14:49:59.912",
  "end": 28,
  "hidden": false,
  "notes": "",
  "start": 28,
  "start_date": "2021-09-24",
  "status": "COMP",
  "student": 5,
  "updated_at": "2023-11-21T14:49:59.924"
 },
 "model": "grad.gradstatus",
 "pk": 13
},
{
 "fields": {
  "config": "{}",
  "created_at": "2023-11-21T14:49:59.921",
  "end": 28,
  "hidden": false,
  "notes": "",
  "start": 28,
  "start_date": "2021-10-14",
  "status": "OFFO",
  "student": 5,
  "updated_at": "2023-11-21T14:49:59.935"
 },
 "model": "grad.gradstatus",
 "pk": 14
},
{
 "fields": {
  "config": "{}",
  "created_at": "2023-11-21T14:49:59.932",
  "end": null,
  "hidden": false,
  "notes": "",
  "start": 28,
  "start_date": "2022-01-02",
  "status": "ACTI",
  "student": 5,
  "updated_at": "2023-11-21T14:49:59.932"
 },
 "model": "grad.gradstatus",
 "pk": 15
},
{
 "fields": {
  "config": "{}",
  "created_at": "2023-11-21T14:49:59.962",
  "end": 32,
  "hidden": false,
  "notes": "",
  "start": 32,
  "start_date": "2023-01-22",
  "status": "COMP",
  "student": 6,
  "updated_at": "2023-11-21T14:49:59.973"
 },
 "model": "grad.gradstatus",
 "pk": 16
},
{
 "fields": {
  "config": "{}",
  "created_at": "2023-11-21T14:49:59.971",
  "end": 32,
  "hidden": false,
  "notes": "",
  "start": 32,
  "start_date": "2023-02-11",
  "status": "OFFO",
  "student": 6,
  "updated_at": "2023-11-21T14:49:59.991"
 },
 "model": "grad.gradstatus",
 "pk": 17
},
{
 "fields": {
  "config": "{}",
  "created_at": "2023-11-21T14:49:59.988",
  "end": 38,
  "hidden": false,
  "notes": "",
  "start": 32,
  "start_date": "2023-05-02",
  "status": "ACTI",
  "student": 6,
  "updated_at": "2023-11-21T14:50:00.002"
 },
 "model": "grad.gradstatus",
 "pk": 18
},
{
 "fields": {
  "config": "{}",
  "created_at": "2023-11-21T14:50:00.000",
  "end": null,
  "hidden": false,
  "notes": "",
  "start": 38,
  "start_date": "2025-05-02",
  "status": "WIDR",
  "student": 6,
  "updated_at": "2023-11-21T14:50:00.000"
 },
 "model": "grad.gradstatus",
 "pk": 19
},
{
 "fields": {
  "config": "{}",
  "created_at": "2023-11-21T14:50:00.035",
  "end": 27,
  "hidden": false,
  "notes": "",
  "start": 27,
  "start_date": "2021-05-25",
  "status": "COMP",
  "student": 7,
  "updated_at": "2023-11-21T14:50:00.047"
 },
 "model": "grad.gradstatus",
 "pk": 20
},
{
 "fields": {
  "config": "{}",
  "created_at": "2023-11-21T14:50:00.045",
  "end": 27,
  "hidden": false,
  "notes": "",
  "start": 27,
  "start_date": "2021-06-14",
  "status": "OFFO",
  "student": 7,
  "updated_at": "2023-11-21T14:50:00.058"
 },
 "model": "grad.gradstatus",
 "pk": 21
},
{
 "fields": {
  "config": "{}",
  "created_at": "2023-11-21T14:50:00.056",
  "end": 32,
  "hidden": false,
  "notes": "",
  "start": 27,
  "start_date": "2021-09-02",
  "status": "ACTI",
  "student": 7,
  "updated_at": "2023-11-21T14:50:00.069"
 },
 "model": "grad.gradstatus",
 "pk": 22
},
{
 "fields": {
  "config": "{}",
  "created_at": "2023-11-21T14:50:00.067",
  "end": null,
  "hidden": false,
  "notes": "",
  "start": 32,
  "start_date": "2023-05-02",
  "status": "WIDR",
  "student": 7,
  "updated_at": "2023-11-21T14:50:00.067"
 },
 "model": "grad.gradstatus",
 "pk": 23
},
{
 "fields": {
  "config": "{}",
  "created_at": "2023-11-21T14:50:00.095",
  "end": 27,
  "hidden": false,
  "notes": "",
  "start": 27,
  "start_date": "2021-05-25",
  "status": "COMP",
  "student": 8,
  "updated_at": "2023-11-21T14:50:00.107"
 },
 "model": "grad.gradstatus",
 "pk": 24
},
{
 "fields": {
  "config": "{}",
  "created_at": "2023-11-21T14:50:00.104",
  "end": 27,
  "hidden": false,
  "notes": "",
  "start": 27,
  "start_date": "2021-06-14",
  "status": "OFFO",
  "student": 8,
  "updated_at": "2023-11-21T14:50:00.118"
 },
 "model": "grad.gradstatus",
 "pk": 25
},
{
 "fields": {
  "config": "{}",
  "created_at": "2023-11-21T14:50:00.115",
  "end": 36,
  "hidden": false,
  "notes": "",
  "start": 27,
  "start_date": "2021-09-02",
  "status": "ACTI",
  "student": 8,
  "updated_at": "2023-11-21T14:50:00.129"
 },
 "model": "grad.gradstatus",
 "pk": 26
},
{
 "fields": {
  "config": "{}",
  "created_at": "2023-11-21T14:50:00.126",
  "end": null,
  "hidden": false,
  "notes": "",
  "start": 36,
  "start_date": "2024-09-02",
  "status": "WIDR",
  "student": 8,
  "updated_at": "2023-11-21T14:50:00.126"
 },
 "model": "grad.gradstatus",
 "pk": 27
},
{
 "fields": {
  "config": "{}",
  "created_at": "2023-11-21T14:50:00.158",
  "end": 27,
  "hidden": false,
  "notes": "",
  "start": 27,
  "start_date": "2021-05-25",
  "status": "COMP",
  "student": 9,
  "updated_at": "2023-11-21T14:50:00.170"
 },
 "model": "grad.gradstatus",
 "pk": 28
},
{
 "fields": {
  "config": "{}",
  "created_at": "2023-11-21T14:50:00.167",
  "end": 27,
  "hidden": false,
  "notes": "",
  "start": 27,
  "start_date": "2021-06-14",
  "status": "OFFO",
  "student": 9,
  "updated_at": "2023-11-21T14:50:00.181"
 },
 "model": "grad.gradstatus",
 "pk": 29
},
{
 "fields": {
  "config": "{}",
  "created_at": "2023-11-21T14:50:00.178",
  "end": 35,
  "hidden": false,
  "notes": "",
  "start": 27,
  "start_date": "2021-09-02",
  "status": "ACTI",
  "student": 9,
  "updated_at": "2023-11-21T14:50:00.192"
 },
 "model": "grad.gradstatus",
 "pk": 30
},
{
 "fields": {
  "config": "{}",
  "created_at": "2023-11-21T14:50:00.189",
  "end": null,
  "hidden": false,
  "notes": "",
  "start": 35,
  "start_date": "2024-05-02",
  "status": "WIDR",
  "student": 9,
  "updated_at": "2023-11-21T14:50:00.189"
 },
 "model": "grad.gradstatus",
 "pk": 31
},
{
 "fields": {
  "config": "{}",
  "created_at": "2023-11-21T14:50:00.214",
  "end": 31,
  "hidden": false,
  "notes": "",
  "start": 31,
  "start_date": "2022-09-24",
  "status": "COMP",
  "student": 10,
  "updated_at": "2023-11-21T14:50:00.226"
 },
 "model": "grad.gradstatus",
 "pk": 32
},
{
 "fields": {
  "config": "{}",
  "created_at": "2023-11-21T14:50:00.223",
  "end": null,
  "hidden": false,
  "notes": "",
  "start": 31,
  "start_date": "2022-10-14",
  "status": "REJE",
  "student": 10,
  "updated_at": "2023-11-21T14:50:00.223"
 },
 "model": "grad.gradstatus",
 "pk": 33
},
{
 "fields": {
  "config": "{}",
  "created_at": "2023-11-21T14:50:00.252",
  "end": 26,
  "hidden": false,
  "notes": "",
  "start": 26,
  "start_date": "2021-01-22",
  "status": "COMP",
  "student": 11,
  "updated_at": "2023-11-21T14:50:00.263"
 },
 "model": "grad.gradstatus",
 "pk": 34
},
{
 "fields": {
  "config": "{}",
  "created_at": "2023-11-21T14:50:00.261",
  "end": 26,
  "hidden": false,
  "notes": "",
  "start": 26,
  "start_date": "2021-02-11",
  "status": "OFFO",
  "student": 11,
  "updated_at": "2023-11-21T14:50:00.274"
 },
 "model": "grad.gradstatus",
 "pk": 35
},
{
 "fields": {
  "config": "{}",
  "created_at": "2023-11-21T14:50:00.272",
  "end": 35,
  "hidden": false,
  "notes": "",
  "start": 26,
  "start_date": "2021-05-02",
  "status": "ACTI",
  "student": 11,
  "updated_at": "2023-11-21T14:50:00.286"
 },
 "model": "grad.gradstatus",
 "pk": 36
},
{
 "fields": {
  "config": "{}",
  "created_at": "2023-11-21T14:50:00.283",
  "end": null,
  "hidden": false,
  "notes": "",
  "start": 35,
  "start_date": "2024-05-02",
  "status": "WIDR",
  "student": 11,
  "updated_at": "2023-11-21T14:50:00.283"
 },
 "model": "grad.gradstatus",
 "pk": 37
},
{
 "fields": {
  "config": "{}",
  "created_at": "2023-11-21T14:50:00.318",
  "end": 30,
  "hidden": false,
  "notes": "",
  "start": 30,
  "start_date": "2022-05-25",
  "status": "COMP",
  "student": 12,
  "updated_at": "2023-11-21T14:50:00.330"
 },
 "model": "grad.gradstatus",
 "pk": 38
},
{
 "fields": {
  "config": "{}",
  "created_at": "2023-11-21T14:50:00.327",
  "end": 30,
  "hidden": false,
  "notes": "",
  "start": 30,
  "start_date": "2022-06-14",
  "status": "OFFO",
  "student": 12,
  "updated_at": "2023-11-21T14:50:00.341"
 },
 "model": "grad.gradstatus",
 "pk": 39
},
{
 "fields": {
  "config": "{}",
  "created_at": "2023-11-21T14:50:00.338",
  "end": null,
  "hidden": false,
  "notes": "",
  "start": 30,
  "start_date": "2022-09-02",
  "status": "ACTI",
  "student": 12,
  "updated_at": "2023-11-21T14:50:00.338"
 },
 "model": "grad.gradstatus",
 "pk": 40
},
{
 "fields": {
  "config": "{}",
  "created_at": "2023-11-21T14:50:00.372",
  "end": 27,
  "hidden": false,
  "notes": "",
  "start": 27,
  "start_date": "2021-05-25",
  "status": "COMP",
  "student": 13,
  "updated_at": "2023-11-21T14:50:00.383"
 },
 "model": "grad.gradstatus",
 "pk": 41
},
{
 "fields": {
  "config": "{}",
  "created_at": "2023-11-21T14:50:00.381",
  "end": 27,
  "hidden": false,
  "notes": "",
  "start": 27,
  "start_date": "2021-06-14",
  "status": "OFFO",
  "student": 13,
  "updated_at": "2023-11-21T14:50:00.394"
 },
 "model": "grad.gradstatus",
 "pk": 42
},
{
 "fields": {
  "config": "{}",
  "created_at": "2023-11-21T14:50:00.392",
  "end": null,
  "hidden": false,
  "notes": "",
  "start": 27,
  "start_date": "2021-09-02",
  "status": "ACTI",
  "student": 13,
  "updated_at": "2023-11-21T14:50:00.392"
 },
 "model": "grad.gradstatus",
 "pk": 43
},
{
 "fields": {
  "config": "{}",
  "created_at": "2023-11-21T14:50:00.420",
  "end": 32,
  "hidden": false,
  "notes": "",
  "start": 32,
  "start_date": "2023-01-22",
  "status": "COMP",
  "student": 14,
  "updated_at": "2023-11-21T14:50:00.431"
 },
 "model": "grad.gradstatus",
 "pk": 44
},
{
 "fields": {
  "config": "{}",
  "created_at": "2023-11-21T14:50:00.429",
  "end": 32,
  "hidden": false,
  "notes": "",
  "start": 32,
  "start_date": "2023-02-11",
  "status": "OFFO",
  "student": 14,
  "updated_at": "2023-11-21T14:50:00.443"
 },
 "model": "grad.gradstatus",
 "pk": 45
},
{
 "fields": {
  "config": "{}",
  "created_at": "2023-11-21T14:50:00.440",
  "end": null,
  "hidden": false,
  "notes": "",
  "start": 32,
  "start_date": "2023-05-02",
  "status": "ACTI",
  "student": 14,
  "updated_at": "2023-11-21T14:50:00.440"
 },
 "model": "grad.gradstatus",
 "pk": 46
},
{
 "fields": {
  "config": "{}",
  "created_at": "2023-11-21T14:50:00.470",
  "end": 30,
  "hidden": false,
  "notes": "",
  "start": 30,
  "start_date": "2022-05-25",
  "status": "COMP",
  "student": 15,
  "updated_at": "2023-11-21T14:50:00.482"
 },
 "model": "grad.gradstatus",
 "pk": 47
},
{
 "fields": {
  "config": "{}",
  "created_at": "2023-11-21T14:50:00.479",
  "end": null,
  "hidden": false,
  "notes": "",
  "start": 30,
  "start_date": "2022-06-14",
  "status": "REJE",
  "student": 15,
  "updated_at": "2023-11-21T14:50:00.479"
 },
 "model": "grad.gradstatus",
 "pk": 48
},
{
 "fields": {
  "config": "{}",
  "created_at": "2023-11-21T14:50:00.510",
  "end": 26,
  "hidden": false,
  "notes": "",
  "start": 26,
  "start_date": "2021-01-22",
  "status": "COMP",
  "student": 16,
  "updated_at": "2023-11-21T14:50:00.521"
 },
 "model": "grad.gradstatus",
 "pk": 49
},
{
 "fields": {
  "config": "{}",
  "created_at": "2023-11-21T14:50:00.519",
  "end": null,
  "hidden": false,
  "notes": "",
  "start": 26,
  "start_date": "2021-02-11",
  "status": "REJE",
  "student": 16,
  "updated_at": "2023-11-21T14:50:00.519"
 },
 "model": "grad.gradstatus",
 "pk": 50
},
{
 "fields": {
  "config": "{}",
  "created_at": "2023-11-21T14:50:00.548",
  "end": 30,
  "hidden": false,
  "notes": "",
  "start": 30,
  "start_date": "2022-05-25",
  "status": "COMP",
  "student": 17,
  "updated_at": "2023-11-21T14:50:00.560"
 },
 "model": "grad.gradstatus",
 "pk": 51
},
{
 "fields": {
  "config": "{}",
  "created_at": "2023-11-21T14:50:00.557",
  "end": 30,
  "hidden": false,
  "notes": "",
  "start": 30,
  "start_date": "2022-06-14",
  "status": "OFFO",
  "student": 17,
  "updated_at": "2023-11-21T14:50:00.571"
 },
 "model": "grad.gradstatus",
 "pk": 52
},
{
 "fields": {
  "config": "{}",
  "created_at": "2023-11-21T14:50:00.568",
  "end": 35,
  "hidden": false,
  "notes": "",
  "start": 30,
  "start_date": "2022-09-02",
  "status": "ACTI",
  "student": 17,
  "updated_at": "2023-11-21T14:50:00.582"
 },
 "model": "grad.gradstatus",
 "pk": 53
},
{
 "fields": {
  "config": "{}",
  "created_at": "2023-11-21T14:50:00.580",
  "end": null,
  "hidden": false,
  "notes": "",
  "start": 35,
  "start_date": "2024-05-02",
  "status": "WIDR",
  "student": 17,
  "updated_at": "2023-11-21T14:50:00.580"
 },
 "model": "grad.gradstatus",
 "pk": 54
},
{
 "fields": {
  "config": "{}",
  "created_at": "2023-11-21T14:50:00.609",
  "end": 28,
  "hidden": false,
  "notes": "",
  "start": 28,
  "start_date": "2021-09-24",
  "status": "COMP",
  "student": 18,
  "updated_at": "2023-11-21T14:50:00.621"
 },
 "model": "grad.gradstatus",
 "pk": 55
},
{
 "fields": {
  "config": "{}",
  "created_at": "2023-11-21T14:50:00.618",
  "end": 28,
  "hidden": false,
  "notes": "",
  "start": 28,
  "start_date": "2021-10-14",
  "status": "OFFO",
  "student": 18,
  "updated_at": "2023-11-21T14:50:00.632"
 },
 "model": "grad.gradstatus",
 "pk": 56
},
{
 "fields": {
  "config": "{}",
  "created_at": "2023-11-21T14:50:00.630",
  "end": null,
  "hidden": false,
  "notes": "",
  "start": 28,
  "start_date": "2022-01-02",
  "status": "ACTI",
  "student": 18,
  "updated_at": "2023-11-21T14:50:00.630"
 },
 "model": "grad.gradstatus",
 "pk": 57
},
{
 "fields": {
  "config": "{}",
  "created_at": "2023-11-21T14:50:00.659",
  "end": 32,
  "hidden": false,
  "notes": "",
  "start": 32,
  "start_date": "2023-01-22",
  "status": "COMP",
  "student": 19,
  "updated_at": "2023-11-21T14:50:00.671"
 },
 "model": "grad.gradstatus",
 "pk": 58
},
{
 "fields": {
  "config": "{}",
  "created_at": "2023-11-21T14:50:00.668",
  "end": null,
  "hidden": false,
  "notes": "",
  "start": 32,
  "start_date": "2023-02-11",
  "status": "REJE",
  "student": 19,
  "updated_at": "2023-11-21T14:50:00.668"
 },
 "model": "grad.gradstatus",
 "pk": 59
},
{
 "fields": {
  "config": "{}",
  "created_at": "2023-11-21T14:50:00.697",
  "end": 28,
  "hidden": false,
  "notes": "",
  "start": 28,
  "start_date": "2021-09-24",
  "status": "COMP",
  "student": 20,
  "updated_at": "2023-11-21T14:50:00.708"
 },
 "model": "grad.gradstatus",
 "pk": 60
},
{
 "fields": {
  "config": "{}",
  "created_at": "2023-11-21T14:50:00.706",
  "end": null,
  "hidden": false,
  "notes": "",
  "start": 28,
  "start_date": "2021-10-14",
  "status": "REJE",
  "student": 20,
  "updated_at": "2023-11-21T14:50:00.706"
 },
 "model": "grad.gradstatus",
 "pk": 61
},
{
 "fields": {
  "config": "{}",
  "created_at": "2023-11-21T14:50:00.739",
  "end": 31,
  "hidden": false,
  "notes": "",
  "start": 31,
  "start_date": "2022-09-24",
  "status": "COMP",
  "student": 21,
  "updated_at": "2023-11-21T14:50:00.751"
 },
 "model": "grad.gradstatus",
 "pk": 62
},
{
 "fields": {
  "config": "{}",
  "created_at": "2023-11-21T14:50:00.748",
  "end": 31,
  "hidden": false,
  "notes": "",
  "start": 31,
  "start_date": "2022-10-14",
  "status": "OFFO",
  "student": 21,
  "updated_at": "2023-11-21T14:50:00.762"
 },
 "model": "grad.gradstatus",
 "pk": 63
},
{
 "fields": {
  "config": "{}",
  "created_at": "2023-11-21T14:50:00.759",
  "end": 34,
  "hidden": false,
  "notes": "",
  "start": 31,
  "start_date": "2023-01-02",
  "status": "ACTI",
  "student": 21,
  "updated_at": "2023-11-21T14:50:00.774"
 },
 "model": "grad.gradstatus",
 "pk": 64
},
{
 "fields": {
  "config": "{}",
  "created_at": "2023-11-21T14:50:00.771",
  "end": null,
  "hidden": false,
  "notes": "",
  "start": 34,
  "start_date": "2024-01-02",
  "status": "WIDR",
  "student": 21,
  "updated_at": "2023-11-21T14:50:00.771"
 },
 "model": "grad.gradstatus",
 "pk": 65
},
{
 "fields": {
  "config": "{}",
  "created_at": "2023-11-21T14:50:00.800",
  "end": 31,
  "hidden": false,
  "notes": "",
  "start": 31,
  "start_date": "2022-09-24",
  "status": "COMP",
  "student": 22,
  "updated_at": "2023-11-21T14:50:00.811"
 },
 "model": "grad.gradstatus",
 "pk": 66
},
{
 "fields": {
  "config": "{}",
  "created_at": "2023-11-21T14:50:00.809",
  "end": null,
  "hidden": false,
  "notes": "",
  "start": 31,
  "start_date": "2022-10-14",
  "status": "REJE",
  "student": 22,
  "updated_at": "2023-11-21T14:50:00.809"
 },
 "model": "grad.gradstatus",
 "pk": 67
},
{
 "fields": {
  "config": "{}",
  "created_at": "2023-11-21T14:50:00.843",
  "end": 27,
  "hidden": false,
  "notes": "",
  "start": 27,
  "start_date": "2021-05-25",
  "status": "COMP",
  "student": 23,
  "updated_at": "2023-11-21T14:50:00.856"
 },
 "model": "grad.gradstatus",
 "pk": 68
},
{
 "fields": {
  "config": "{}",
  "created_at": "2023-11-21T14:50:00.853",
  "end": 27,
  "hidden": false,
  "notes": "",
  "start": 27,
  "start_date": "2021-06-14",
  "status": "OFFO",
  "student": 23,
  "updated_at": "2023-11-21T14:50:00.867"
 },
 "model": "grad.gradstatus",
 "pk": 69
},
{
 "fields": {
  "config": "{}",
  "created_at": "2023-11-21T14:50:00.865",
  "end": 30,
  "hidden": false,
  "notes": "",
  "start": 27,
  "start_date": "2021-09-02",
  "status": "ACTI",
  "student": 23,
  "updated_at": "2023-11-21T14:50:00.879"
 },
 "model": "grad.gradstatus",
 "pk": 70
},
{
 "fields": {
  "config": "{}",
  "created_at": "2023-11-21T14:50:00.876",
  "end": null,
  "hidden": false,
  "notes": "",
  "start": 30,
  "start_date": "2022-09-02",
  "status": "WIDR",
  "student": 23,
  "updated_at": "2023-11-21T14:50:00.876"
 },
 "model": "grad.gradstatus",
 "pk": 71
},
{
 "fields": {
  "config": "{}",
  "created_at": "2023-11-21T14:50:00.906",
  "end": 28,
  "hidden": false,
  "notes": "",
  "start": 28,
  "start_date": "2021-09-24",
  "status": "COMP",
  "student": 24,
  "updated_at": "2023-11-21T14:50:00.918"
 },
 "model": "grad.gradstatus",
 "pk": 72
},
{
 "fields": {
  "config": "{}",
  "created_at": "2023-11-21T14:50:00.914",
  "end": 28,
  "hidden": false,
  "notes": "",
  "start": 28,
  "start_date": "2021-10-14",
  "status": "OFFO",
  "student": 24,
  "updated_at": "2023-11-21T14:50:00.928"
 },
 "model": "grad.gradstatus",
 "pk": 73
},
{
 "fields": {
  "config": "{}",
  "created_at": "2023-11-21T14:50:00.926",
  "end": 34,
  "hidden": false,
  "notes": "",
  "start": 28,
  "start_date": "2022-01-02",
  "status": "ACTI",
  "student": 24,
  "updated_at": "2023-11-21T14:50:00.939"
 },
 "model": "grad.gradstatus",
 "pk": 74
},
{
 "fields": {
  "config": "{}",
  "created_at": "2023-11-21T14:50:00.937",
  "end": null,
  "hidden": false,
  "notes": "",
  "start": 34,
  "start_date": "2024-01-02",
  "status": "WIDR",
  "student": 24,
  "updated_at": "2023-11-21T14:50:00.937"
 },
 "model": "grad.gradstatus",
 "pk": 75
},
{
 "fields": {
  "config": "{}",
  "created_at": "2023-11-21T14:50:00.967",
  "end": 30,
  "hidden": false,
  "notes": "",
  "start": 30,
  "start_date": "2022-05-25",
  "status": "COMP",
  "student": 25,
  "updated_at": "2023-11-21T14:50:00.979"
 },
 "model": "grad.gradstatus",
 "pk": 76
},
{
 "fields": {
  "config": "{}",
  "created_at": "2023-11-21T14:50:00.976",
  "end": 30,
  "hidden": false,
  "notes": "",
  "start": 30,
  "start_date": "2022-06-14",
  "status": "OFFO",
  "student": 25,
  "updated_at": "2023-11-21T14:50:00.993"
 },
 "model": "grad.gradstatus",
 "pk": 77
},
{
 "fields": {
  "config": "{}",
  "created_at": "2023-11-21T14:50:00.989",
  "end": null,
  "hidden": false,
  "notes": "",
  "start": 30,
  "start_date": "2022-09-02",
  "status": "ACTI",
  "student": 25,
  "updated_at": "2023-11-21T14:50:00.989"
 },
 "model": "grad.gradstatus",
 "pk": 78
},
{
 "fields": {
  "amount": "2000.00",
  "comments": null,
  "end_semester": 28,
  "entrydate": null,
  "removed": false,
  "scholarship_type": 1,
  "start_semester": 26,
  "student": 1
 },
 "model": "grad.scholarship",
 "pk": 1
},
{
 "fields": {
  "amount": "2000.00",
  "comments": null,
  "end_semester": 34,
  "entrydate": null,
  "removed": false,
  "scholarship_type": 1,
  "start_semester": 32,
  "student": 2
 },
 "model": "grad.scholarship",
 "pk": 2
},
{
 "fields": {
  "amount": "2000.00",
  "comments": null,
  "end_semester": 29,
  "entrydate": null,
  "removed": false,
  "scholarship_type": 2,
  "start_semester": 27,
  "student": 3
 },
 "model": "grad.scholarship",
 "pk": 3
},
{
 "fields": {
  "amount": "2000.00",
  "comments": null,
  "end_semester": 30,
  "entrydate": null,
  "removed": false,
  "scholarship_type": 2,
  "start_semester": 28,
  "student": 4
 },
 "model": "grad.scholarship",
 "pk": 4
},
{
 "fields": {
  "amount": "2000.00",
  "comments": null,
  "end_semester": 30,
  "entrydate": null,
  "removed": false,
  "scholarship_type": 1,
  "start_semester": 28,
  "student": 5
 },
 "model": "grad.scholarship",
 "pk": 5
},
{
 "fields": {
  "amount": "2000.00",
  "comments": null,
  "end_semester": 34,
  "entrydate": null,
  "removed": false,
  "scholarship_type": 2,
  "start_semester": 32,
  "student": 6
 },
 "model": "grad.scholarship",
 "pk": 6
},
{
 "fields": {
  "amount": "2000.00",
  "comments": null,
  "end_semester": 29,
  "entrydate": null,
  "removed": false,
  "scholarship_type": 2,
  "start_semester": 27,
  "student": 7
 },
 "model": "grad.scholarship",
 "pk": 7
},
{
 "fields": {
  "amount": "2000.00",
  "comments": null,
  "end_semester": 29,
  "entrydate": null,
  "removed": false,
  "scholarship_type": 2,
  "start_semester": 27,
  "student": 8
 },
 "model": "grad.scholarship",
 "pk": 8
},
{
 "fields": {
  "amount": "2000.00",
  "comments": null,
  "end_semester": 29,
  "entrydate": null,
  "removed": false,
  "scholarship_type": 2,
  "start_semester": 27,
  "student": 9
 },
 "model": "grad.scholarship",
 "pk": 9
},
{
 "fields": {
  "amount": "2000.00",
  "comments": null,
  "end_semester": 33,
  "entrydate": null,
  "removed": false,
  "scholarship_type": 2,
  "start_semester": 31,
  "student": 10
 },
 "model": "grad.scholarship",
 "pk": 10
},
{
 "fields": {
  "amount": "2000.00",
  "comments": null,
  "end_semester": 28,
  "entrydate": null,
  "removed": false,
  "scholarship_type": 1,
  "start_semester": 26,
  "student": 11
 },
 "model": "grad.scholarship",
 "pk": 11
},
{
 "fields": {
  "amount": "2000.00",
  "comments": null,
  "end_semester": 32,
  "entrydate": null,
  "removed": false,
  "scholarship_type": 2,
  "start_semester": 30,
  "student": 12
 },
 "model": "grad.scholarship",
 "pk": 12
},
{
 "fields": {
  "amount": "2000.00",
  "comments": null,
  "end_semester": 29,
  "entrydate": null,
  "removed": false,
  "scholarship_type": 1,
  "start_semester": 27,
  "student": 13
 },
 "model": "grad.scholarship",
 "pk": 13
},
{
 "fields": {
  "amount": "2000.00",
  "comments": null,
  "end_semester": 34,
  "entrydate": null,
  "removed": false,
  "scholarship_type": 1,
  "start_semester": 32,
  "student": 14
 },
 "model": "grad.scholarship",
 "pk": 14
},
{
 "fields": {
  "amount": "2000.00",
  "comments": null,
  "end_semester": 32,
  "entrydate": null,
  "removed": false,
  "scholarship_type": 2,
  "start_semester": 30,
  "student": 15
 },
 "model": "grad.scholarship",
 "pk": 15
},
{
 "fields": {
  "amount": "2000.00",
  "comments": null,
  "end_semester": 28,
  "entrydate": null,
  "removed": false,
  "scholarship_type": 1,
  "start_semester": 26,
  "student": 16
 },
 "model": "grad.scholarship",
 "pk": 16
},
{
 "fields": {
  "amount": "2000.00",
  "comments": null,
  "end_semester": 32,
  "entrydate": null,
  "removed": false,
  "scholarship_type": 1,
  "start_semester": 30,
  "student": 17
 },
 "model": "grad.scholarship",
 "pk": 17
},
{
 "fields": {
  "amount": "2000.00",
  "comments": null,
  "end_semester": 30,
  "entrydate": null,
  "removed": false,
  "scholarship_type": 1,
  "start_semester": 28,
  "student": 18
 },
 "model": "grad.scholarship",
 "pk": 18
},
{
 "fields": {
  "amount": "2000.00",
  "comments": null,
  "end_semester": 34,
  "entrydate": null,
  "removed": false,
  "scholarship_type": 2,
  "start_semester": 32,
  "student": 19
 },
 "model": "grad.scholarship",
 "pk": 19
},
{
 "fields": {
  "amount": "2000.00",
  "comments": null,
  "end_semester": 30,
  "entrydate": null,
  "removed": false,
  "scholarship_type": 1,
  "start_semester": 28,
  "student": 20
 },
 "model": "grad.scholarship",
 "pk": 20
},
{
 "fields": {
  "amount": "2000.00",
  "comments": null,
  "end_semester": 33,
  "entrydate": null,
  "removed": false,
  "scholarship_type": 2,
  "start_semester": 31,
  "student": 21
 },
 "model": "grad.scholarship",
 "pk": 21
},
{
 "fields": {
  "amount": "2000.00",
  "comments": null,
  "end_semester": 33,
  "entrydate": null,
  "removed": false,
  "scholarship_type": 1,
  "start_semester": 31,
  "student": 22
 },
 "model": "grad.scholarship",
 "pk": 22
},
{
 "fields": {
  "amount": "2000.00",
  "comments": null,
  "end_semester": 29,
  "entrydate": null,
  "removed": false,
  "scholarship_type": 1,
  "start_semester": 27,
  "student": 23
 },
 "model": "grad.scholarship",
 "pk": 23
},
{
 "fields": {
  "amount": "2000.00",
  "comments": null,
  "end_semester": 30,
  "entrydate": null,
  "removed": false,
  "scholarship_type": 2,
  "start_semester": 28,
  "student": 24
 },
 "model": "grad.scholarship",
 "pk": 24
},
{
 "fields": {
  "amount": "2000.00",
  "comments": null,
  "end_semester": 32,
  "entrydate": null,
  "removed": false,
  "scholarship_type": 1,
  "start_semester": 30,
  "student": 25
 },
 "model": "grad.scholarship",
 "pk": 25
},
{
 "fields": {
  "amount": "1300.00",
  "comments": null,
  "description": "Money fell from the sky",
  "eligible": true,
  "removed": false,
  "semester": 29,
  "student": 1
 },
 "model": "grad.otherfunding",
 "pk": 1
},
{
 "fields": {
  "amount": "1300.00",
  "comments": null,
  "description": "Money fell from the sky",
  "eligible": true,
  "removed": false,
  "semester": 35,
  "student": 2
 },
 "model": "grad.otherfunding",
 "pk": 2
},
{
 "fields": {
  "amount": "1300.00",
  "comments": null,
  "description": "Money fell from the sky",
  "eligible": true,
  "removed": false,
  "semester": 30,
  "student": 3
 },
 "model": "grad.otherfunding",
 "pk": 3
},
{
 "fields": {
  "amount": "1300.00",
  "comments": null,
  "description": "Money fell from the sky",
  "eligible": true,
  "removed": false,
  "semester": 31,
  "student": 4
 },
 "model": "grad.otherfunding",
 "pk": 4
},
{
 "fields": {
  "amount": "1300.00",
  "comments": null,
  "description": "Money fell from the sky",
  "eligible": true,
  "removed": false,
  "semester": 31,
  "student": 5
 },
 "model": "grad.otherfunding",
 "pk": 5
},
{
 "fields": {
  "amount": "1300.00",
  "comments": null,
  "description": "Money fell from the sky",
  "eligible": true,
  "removed": false,
  "semester": 35,
  "student": 6
 },
 "model": "grad.otherfunding",
 "pk": 6
},
{
 "fields": {
  "amount": "1300.00",
  "comments": null,
  "description": "Money fell from the sky",
  "eligible": true,
  "removed": false,
  "semester": 30,
  "student": 7
 },
 "model": "grad.otherfunding",
 "pk": 7
},
{
 "fields": {
  "amount": "1300.00",
  "comments": null,
  "description": "Money fell from the sky",
  "eligible": true,
  "removed": false,
  "semester": 30,
  "student": 8
 },
 "model": "grad.otherfunding",
 "pk": 8
},
{
 "fields": {
  "amount": "1300.00",
  "comments": null,
  "description": "Money fell from the sky",
  "eligible": true,
  "removed": false,
  "semester": 30,
  "student": 9
 },
 "model": "grad.otherfunding",
 "pk": 9
},
{
 "fields": {
  "amount": "1300.00",
  "comments": null,
  "description": "Money fell from the sky",
  "eligible": true,
  "removed": false,
  "semester": 34,
  "student": 10
 },
 "model": "grad.otherfunding",
 "pk": 10
},
{
 "fields": {
  "amount": "1300.00",
  "comments": null,
  "description": "Money fell from the sky",
  "eligible": true,
  "removed": false,
  "semester": 29,
  "student": 11
 },
 "model": "grad.otherfunding",
 "pk": 11
},
{
 "fields": {
  "amount": "1300.00",
  "comments": null,
  "description": "Money fell from the sky",
  "eligible": true,
  "removed": false,
  "semester": 33,
  "student": 12
 },
 "model": "grad.otherfunding",
 "pk": 12
},
{
 "fields": {
  "amount": "1300.00",
  "comments": null,
  "description": "Money fell from the sky",
  "eligible": true,
  "removed": false,
  "semester": 30,
  "student": 13
 },
 "model": "grad.otherfunding",
 "pk": 13
},
{
 "fields": {
  "amount": "1300.00",
  "comments": null,
  "description": "Money fell from the sky",
  "eligible": true,
  "removed": false,
  "semester": 35,
  "student": 14
 },
 "model": "grad.otherfunding",
 "pk": 14
},
{
 "fields": {
  "amount": "1300.00",
  "comments": null,
  "description": "Money fell from the sky",
  "eligible": true,
  "removed": false,
  "semester": 33,
  "student": 15
 },
 "model": "grad.otherfunding",
 "pk": 15
},
{
 "fields": {
  "amount": "1300.00",
  "comments": null,
  "description": "Money fell from the sky",
  "eligible": true,
  "removed": false,
  "semester": 29,
  "student": 16
 },
 "model": "grad.otherfunding",
 "pk": 16
},
{
 "fields": {
  "amount": "1300.00",
  "comments": null,
  "description": "Money fell from the sky",
  "eligible": true,
  "removed": false,
  "semester": 33,
  "student": 17
 },
 "model": "grad.otherfunding",
 "pk": 17
},
{
 "fields": {
  "amount": "1300.00",
  "comments": null,
  "description": "Money fell from the sky",
  "eligible": true,
  "removed": false,
  "semester": 31,
  "student": 18
 },
 "model": "grad.otherfunding",
 "pk": 18
},
{
 "fields": {
  "amount": "1300.00",
  "comments": null,
  "description": "Money fell from the sky",
  "eligible": true,
  "removed": false,
  "semester": 35,
  "student": 19
 },
 "model": "grad.otherfunding",
 "pk": 19
},
{
 "fields": {
  "amount": "1300.00",
  "comments": null,
  "description": "Money fell from the sky",
  "eligible": true,
  "removed": false,
  "semester": 31,
  "student": 20
 },
 "model": "grad.otherfunding",
 "pk": 20
},
{
 "fields": {
  "amount": "1300.00",
  "comments": null,
  "description": "Money fell from the sky",
  "eligible": true,
  "removed": false,
  "semester": 34,
  "student": 21
 },
 "model": "grad.otherfunding",
 "pk": 21
},
{
 "fields": {
  "amount": "1300.00",
  "comments": null,
  "description": "Money fell from the sky",
  "eligible": true,
  "removed": false,
  "semester": 34,
  "student": 22
 },
 "model": "grad.otherfunding",
 "pk": 22
},
{
 "fields": {
  "amount": "1300.00",
  "comments": null,
  "description": "Money fell from the sky",
  "eligible": true,
  "removed": false,
  "semester": 30,
  "student": 23
 },
 "model": "grad.otherfunding",
 "pk": 23
},
{
 "fields": {
  "amount": "1300.00",
  "comments": null,
  "description": "Money fell from the sky",
  "eligible": true,
  "removed": false,
  "semester": 31,
  "student": 24
 },
 "model": "grad.otherfunding",
 "pk": 24
},
{
 "fields": {
  "amount": "1300.00",
  "comments": null,
  "description": "Money fell from the sky",
  "eligible": true,
  "removed": false,
  "semester": 33,
  "student": 25
 },
 "model": "grad.otherfunding",
 "pk": 25
},
{
 "fields": {
  "amount": "10000.00",
  "comments": null,
  "end_semester": 27,
  "removed": false,
  "start_semester": 26,
  "student": 1
 },
 "model": "grad.promise",
 "pk": 1
},
{
 "fields": {
  "amount": "10000.00",
  "comments": null,
  "end_semester": 29,
  "removed": false,
  "start_semester": 28,
  "student": 1
 },
 "model": "grad.promise",
 "pk": 2
},
{
 "fields": {
  "amount": "10000.00",
  "comments": null,
  "end_semester": 33,
  "removed": false,
  "start_semester": 32,
  "student": 2
 },
 "model": "grad.promise",
 "pk": 3
},
{
 "fields": {
  "amount": "10000.00",
  "comments": null,
  "end_semester": 35,
  "removed": false,
  "start_semester": 34,
  "student": 2
 },
 "model": "grad.promise",
 "pk": 4
},
{
 "fields": {
  "amount": "10000.00",
  "comments": null,
  "end_semester": 28,
  "removed": false,
  "start_semester": 27,
  "student": 3
 },
 "model": "grad.promise",
 "pk": 5
},
{
 "fields": {
  "amount": "10000.00",
  "comments": null,
  "end_semester": 30,
  "removed": false,
  "start_semester": 29,
  "student": 3
 },
 "model": "grad.promise",
 "pk": 6
},
{
 "fields": {
  "amount": "10000.00",
  "comments": null,
  "end_semester": 29,
  "removed": false,
  "start_semester": 28,
  "student": 4
 },
 "model": "grad.promise",
 "pk": 7
},
{
 "fields": {
  "amount": "10000.00",
  "comments": null,
  "end_semester": 31,
  "removed": false,
  "start_semester": 30,
  "student": 4
 },
 "model": "grad.promise",
 "pk": 8
},
{
 "fields": {
  "amount": "10000.00",
  "comments": null,
  "end_semester": 29,
  "removed": false,
  "start_semester": 28,
  "student": 5
 },
 "model": "grad.promise",
 "pk": 9
},
{
 "fields": {
  "amount": "10000.00",
  "comments": null,
  "end_semester": 31,
  "removed": false,
  "start_semester": 30,
  "student": 5
 },
 "model": "grad.promise",
 "pk": 10
},
{
 "fields": {
  "amount": "10000.00",
  "comments": null,
  "end_semester": 33,
  "removed": false,
  "start_semester": 32,
  "student": 6
 },
 "model": "grad.promise",
 "pk": 11
},
{
 "fields": {
  "amount": "10000.00",
  "comments": null,
  "end_semester": 35,
  "removed": false,
  "start_semester": 34,
  "student": 6
 },
 "model": "grad.promise",
 "pk": 12
},
{
 "fields": {
  "amount": "10000.00",
  "comments": null,
  "end_semester": 28,
  "removed": false,
  "start_semester": 27,
  "student": 7
 },
 "model": "grad.promise",
 "pk": 13
},
{
 "fields": {
  "amount": "10000.00",
  "comments": null,
  "end_semester": 30,
  "removed": false,
  "start_semester": 29,
  "student": 7
 },
 "model": "grad.promise",
 "pk": 14
},
{
 "fields": {
  "amount": "10000.00",
  "comments": null,
  "end_semester": 28,
  "removed": false,
  "start_semester": 27,
  "student": 8
 },
 "model": "grad.promise",
 "pk": 15
},
{
 "fields": {
  "amount": "10000.00",
  "comments": null,
  "end_semester": 30,
  "removed": false,
  "start_semester": 29,
  "student": 8
 },
 "model": "grad.promise",
 "pk": 16
},
{
 "fields": {
  "amount": "10000.00",
  "comments": null,
  "end_semester": 28,
  "removed": false,
  "start_semester": 27,
  "student": 9
 },
 "model": "grad.promise",
 "pk": 17
},
{
 "fields": {
  "amount": "10000.00",
  "comments": null,
  "end_semester": 30,
  "removed": false,
  "start_semester": 29,
  "student": 9
 },
 "model": "grad.promise",
 "pk": 18
},
{
 "fields": {
  "amount": "10000.00",
  "comments": null,
  "end_semester": 32,
  "removed": false,
  "start_semester": 31,
  "student": 10
 },
 "model": "grad.promise",
 "pk": 19
},
{
 "fields": {
  "amount": "10000.00",
  "comments": null,
  "end_semester": 34,
  "removed": false,
  "start_semester": 33,
  "student": 10
 },
 "model": "grad.promise",
 "pk": 20
},
{
 "fields": {
  "amount": "10000.00",
  "comments": null,
  "end_semester": 27,
  "removed": false,
  "start_semester": 26,
  "student": 11
 },
 "model": "grad.promise",
 "pk": 21
},
{
 "fields": {
  "amount": "10000.00",
  "comments": null,
  "end_semester": 29,
  "removed": false,
  "start_semester": 28,
  "student": 11
 },
 "model": "grad.promise",
 "pk": 22
},
{
 "fields": {
  "amount": "10000.00",
  "comments": null,
  "end_semester": 31,
  "removed": false,
  "start_semester": 30,
  "student": 12
 },
 "model": "grad.promise",
 "pk": 23
},
{
 "fields": {
  "amount": "10000.00",
  "comments": null,
  "end_semester": 33,
  "removed": false,
  "start_semester": 32,
  "student": 12
 },
 "model": "grad.promise",
 "pk": 24
},
{
 "fields": {
  "amount": "10000.00",
  "comments": null,
  "end_semester": 28,
  "removed": false,
  "start_semester": 27,
  "student": 13
 },
 "model": "grad.promise",
 "pk": 25
},
{
 "fields": {
  "amount": "10000.00",
  "comments": null,
  "end_semester": 30,
  "removed": false,
  "start_semester": 29,
  "student": 13
 },
 "model": "grad.promise",
 "pk": 26
},
{
 "fields": {
  "amount": "10000.00",
  "comments": null,
  "end_semester": 33,
  "removed": false,
  "start_semester": 32,
  "student": 14
 },
 "model": "grad.promise",
 "pk": 27
},
{
 "fields": {
  "amount": "10000.00",
  "comments": null,
  "end_semester": 35,
  "removed": false,
  "start_semester": 34,
  "student": 14
 },
 "model": "grad.promise",
 "pk": 28
},
{
 "fields": {
  "amount": "10000.00",
  "comments": null,
  "end_semester": 31,
  "removed": false,
  "start_semester": 30,
  "student": 15
 },
 "model": "grad.promise",
 "pk": 29
},
{
 "fields": {
  "amount": "10000.00",
  "comments": null,
  "end_semester": 33,
  "removed": false,
  "start_semester": 32,
  "student": 15
 },
 "model": "grad.promise",
 "pk": 30
},
{
 "fields": {
  "amount": "10000.00",
  "comments": null,
  "end_semester": 27,
  "removed": false,
  "start_semester": 26,
  "student": 16
 },
 "model": "grad.promise",
 "pk": 31
},
{
 "fields": {
  "amount": "10000.00",
  "comments": null,
  "end_semester": 29,
  "removed": false,
  "start_semester": 28,
  "student": 16
 },
 "model": "grad.promise",
 "pk": 32
},
{
 "fields": {
  "amount": "10000.00",
  "comments": null,
  "end_semester": 31,
  "removed": false,
  "start_semester": 30,
  "student": 17
 },
 "model": "grad.promise",
 "pk": 33
},
{
 "fields": {
  "amount": "10000.00",
  "comments": null,
  "end_semester": 33,
  "removed": false,
  "start_semester": 32,
  "student": 17
 },
 "model": "grad.promise",
 "pk": 34
},
{
 "fields": {
  "amount": "10000.00",
  "comments": null,
  "end_semester": 29,
  "removed": false,
  "start_semester": 28,
  "student": 18
 },
 "model": "grad.promise",
 "pk": 35
},
{
 "fields": {
  "amount": "10000.00",
  "comments": null,
  "end_semester": 31,
  "removed": false,
  "start_semester": 30,
  "student": 18
 },
 "model": "grad.promise",
 "pk": 36
},
{
 "fields": {
  "amount": "10000.00",
  "comments": null,
  "end_semester": 33,
  "removed": false,
  "start_semester": 32,
  "student": 19
 },
 "model": "grad.promise",
 "pk": 37
},
{
 "fields": {
  "amount": "10000.00",
  "comments": null,
  "end_semester": 35,
  "removed": false,
  "start_semester": 34,
  "student": 19
 },
 "model": "grad.promise",
 "pk": 38
},
{
 "fields": {
  "amount": "10000.00",
  "comments": null,
  "end_semester": 29,
  "removed": false,
  "start_semester": 28,
  "student": 20
 },
 "model": "grad.promise",
 "pk": 39
},
{
 "fields": {
  "amount": "10000.00",
  "comments": null,
  "end_semester": 31,
  "removed": false,
  "start_semester": 30,
  "student": 20
 },
 "model": "grad.promise",
 "pk": 40
},
{
 "fields": {
  "amount": "10000.00",
  "comments": null,
  "end_semester": 32,
  "removed": false,
  "start_semester": 31,
  "student": 21
 },
 "model": "grad.promise",
 "pk": 41
},
{
 "fields": {
  "amount": "10000.00",
  "comments": null,
  "end_semester": 34,
  "removed": false,
  "start_semester": 33,
  "student": 21
 },
 "model": "grad.promise",
 "pk": 42
},
{
 "fields": {
  "amount": "10000.00",
  "comments": null,
  "end_semester": 32,
  "removed": false,
  "start_semester": 31,
  "student": 22
 },
 "model": "grad.promise",
 "pk": 43
},
{
 "fields": {
  "amount": "10000.00",
  "comments": null,
  "end_semester": 34,
  "removed": false,
  "start_semester": 33,
  "student": 22
 },
 "model": "grad.promise",
 "pk": 44
},
{
 "fields": {
  "amount": "10000.00",
  "comments": null,
  "end_semester": 28,
  "removed": false,
  "start_semester": 27,
  "student": 23
 },
 "model": "grad.promise",
 "pk": 45
},
{
 "fields": {
  "amount": "10000.00",
  "comments": null,
  "end_semester": 30,
  "removed": false,
  "start_semester": 29,
  "student": 23
 },
 "model": "grad.promise",
 "pk": 46
},
{
 "fields": {
  "amount": "10000.00",
  "comments": null,
  "end_semester": 29,
  "removed": false,
  "start_semester": 28,
  "student": 24
 },
 "model": "grad.promise",
 "pk": 47
},
{
 "fields": {
  "amount": "10000.00",
  "comments": null,
  "end_semester": 31,
  "removed": false,
  "start_semester": 30,
  "student": 24
 },
 "model": "grad.promise",
 "pk": 48
},
{
 "fields": {
  "amount": "10000.00",
  "comments": null,
  "end_semester": 31,
  "removed": false,
  "start_semester": 30,
  "student": 25
 },
 "model": "grad.promise",
 "pk": 49
},
{
 "fields": {
  "amount": "10000.00",
  "comments": null,
  "end_semester": 33,
  "removed": false,
  "start_semester": 32,
  "student": 25
 },
 "model": "grad.promise",
 "pk": 50
},
{
 "fields": {
  "created_at": "2023-11-21T14:49:59.801",
  "date": null,
  "notes": null,
  "removed": false,
  "requirement": 7,
  "semester": 33,
  "student": 2,
  "updated_at": "2023-11-21T14:49:59.801"
 },
 "model": "grad.completedrequirement",
 "pk": 1
},
{
 "fields": {
  "created_at": "2023-11-21T14:50:00.024",
  "date": null,
  "notes": null,
  "removed": false,
  "requirement": 7,
  "semester": 33,
  "student": 6,
  "updated_at": "2023-11-21T14:50:00.024"
 },
 "model": "grad.completedrequirement",
 "pk": 2
},
{
 "fields": {
  "created_at": "2023-11-21T14:50:00.305",
  "date": null,
  "notes": null,
  "removed": false,
  "requirement": 7,
  "semester": 27,
  "student": 11,
  "updated_at": "2023-11-21T14:50:00.305"
 },
 "model": "grad.completedrequirement",
 "pk": 3
},
{
 "fields": {
  "created_at": "2023-11-21T14:50:00.503",
  "date": null,
  "notes": null,
  "removed": false,
  "requirement": 7,
  "semester": 31,
  "student": 15,
  "updated_at": "2023-11-21T14:50:00.503"
 },
 "model": "grad.completedrequirement",
 "pk": 4
},
{
 "fields": {
  "created_at": "2023-11-21T14:50:00.542",
  "date": null,
  "notes": null,
  "removed": false,
  "requirement": 7,
  "semester": 27,
  "student": 16,
  "updated_at": "2023-11-21T14:50:00.542"
 },
 "model": "grad.completedrequirement",
 "pk": 5
},
{
 "fields": {
  "created_at": "2023-11-21T14:50:00.691",
  "date": null,
  "notes": null,
  "removed": false,
  "requirement": 7,
  "semester": 33,
  "student": 19,
  "updated_at": "2023-11-21T14:50:00.691"
 },
 "model": "grad.completedrequirement",
 "pk": 6
},
{
 "fields": {
  "created_at": "2023-11-21T14:50:00.730",
  "date": null,
  "notes": null,
  "removed": false,
  "requirement": 7,
  "semester": 29,
  "student": 20,
  "updated_at": "2023-11-21T14:50:00.730"
 },
 "model": "grad.completedrequirement",
 "pk": 7
},
{
 "fields": {
  "created_at": "2023-11-21T14:50:00.832",
  "date": null,
  "notes": null,
  "removed": false,
  "requirement": 7,
  "semester": 32,
  "student": 22,
  "updated_at": "2023-11-21T14:50:00.832"
 },
 "model": "grad.completedrequirement",
 "pk": 8
},
{
 "fields": {
  "flag": 2,
  "student": 2,
  "value": true
 },
 "model": "grad.gradflagvalue",
 "pk": 1
},
{
 "fields": {
  "flag": 2,
  "student": 3,
  "value": true
 },
 "model": "grad.gradflagvalue",
 "pk": 2
},
{
 "fields": {
  "flag": 2,
  "student": 4,
  "value": true
 },
 "model": "grad.gradflagvalue",
 "pk": 3
},
{
 "fields": {
  "flag": 2,
  "student": 14,
  "value": true
 },
 "model": "grad.gradflagvalue",
 "pk": 4
},
{
 "fields": {
  "flag": 2,
  "student": 17,
  "value": true
 },
 "model": "grad.gradflagvalue",
 "pk": 5
},
{
 "fields": {
  "flag": 2,
  "student": 20,
  "value": true
 },
 "model": "grad.gradflagvalue",
 "pk": 6
},
{
 "fields": {
  "flag": 2,
  "student": 23,
  "value": true
 },
 "model": "grad.gradflagvalue",
 "pk": 7
},
{
 "fields": {
  "config": "{}",
  "created_at": "2023-11-21T14:49:59.743",
  "created_by": "",
  "external": null,
  "modified_by": null,
  "removed": false,
  "student": 1,
  "supervisor": 1,
  "supervisor_type": "POT",
  "updated_at": "2023-11-21T14:49:59.743"
 },
 "model": "grad.supervisor",
 "pk": 1
},
{
 "fields": {
  "config": "{}",
  "created_at": "2023-11-21T14:49:59.745",
  "created_by": "",
  "external": null,
  "modified_by": null,
  "removed": false,
  "student": 1,
  "supervisor": 1,
  "supervisor_type": "SEN",
  "updated_at": "2023-11-21T14:49:59.745"
 },
 "model": "grad.supervisor",
 "pk": 2
},
{
 "fields": {
  "config": "{}",
  "created_at": "2023-11-21T14:49:59.747",
  "created_by": "",
  "external": null,
  "modified_by": null,
  "removed": false,
  "student": 1,
  "supervisor": 1,
  "supervisor_type": "COM",
  "updated_at": "2023-11-21T14:49:59.748"
 },
 "model": "grad.supervisor",
 "pk": 3
},
{
 "fields": {
  "config": "{}",
  "created_at": "2023-11-21T14:49:59.804",
  "created_by": "",
  "external": null,
  "modified_by": null,
  "removed": false,
  "student": 2,
  "supervisor": 1,
  "supervisor_type": "POT",
  "updated_at": "2023-11-21T14:49:59.804"
 },
 "model": "grad.supervisor",
 "pk": 4
},
{
 "fields": {
  "config": "{}",
  "created_at": "2023-11-21T14:49:59.842",
  "created_by": "",
  "external": null,
  "modified_by": null,
  "removed": false,
  "student": 3,
  "supervisor": 1,
  "supervisor_type": "POT",
  "updated_at": "2023-11-21T14:49:59.842"
 },
 "model": "grad.supervisor",
 "pk": 5
},
{
 "fields": {
  "config": "{}",
  "created_at": "2023-11-21T14:49:59.844",
  "created_by": "",
  "external": null,
  "modified_by": null,
  "removed": false,
  "student": 3,
  "supervisor": 1,
  "supervisor_type": "SEN",
  "updated_at": "2023-11-21T14:49:59.844"
 },
 "model": "grad.supervisor",
 "pk": 6
},
{
 "fields": {
  "config": "{}",
  "created_at": "2023-11-21T14:49:59.845",
  "created_by": "",
  "external": null,
  "modified_by": null,
  "removed": false,
  "student": 3,
  "supervisor": 1,
  "supervisor_type": "COM",
  "updated_at": "2023-11-21T14:49:59.845"
 },
 "model": "grad.supervisor",
 "pk": 7
},
{
 "fields": {
  "config": "{}",
  "created_at": "2023-11-21T14:49:59.956",
  "created_by": "",
  "external": null,
  "modified_by": null,
  "removed": false,
  "student": 5,
  "supervisor": 1,
  "supervisor_type": "POT",
  "updated_at": "2023-11-21T14:49:59.956"
 },
 "model": "grad.supervisor",
 "pk": 8
},
{
 "fields": {
  "config": "{}",
  "created_at": "2023-11-21T14:50:00.026",
  "created_by": "",
  "external": null,
  "modified_by": null,
  "removed": false,
  "student": 6,
  "supervisor": 1,
  "supervisor_type": "POT",
  "updated_at": "2023-11-21T14:50:00.026"
 },
 "model": "grad.supervisor",
 "pk": 9
},
{
 "fields": {
  "config": "{}",
  "created_at": "2023-11-21T14:50:00.027",
  "created_by": "",
  "external": null,
  "modified_by": null,
  "removed": false,
  "student": 6,
  "supervisor": 1,
  "supervisor_type": "SEN",
  "updated_at": "2023-11-21T14:50:00.027"
 },
 "model": "grad.supervisor",
 "pk": 10
},
{
 "fields": {
  "config": "{}",
  "created_at": "2023-11-21T14:50:00.029",
  "created_by": "",
  "external": null,
  "modified_by": null,
  "removed": false,
  "student": 6,
  "supervisor": 1,
  "supervisor_type": "COM",
  "updated_at": "2023-11-21T14:50:00.029"
 },
 "model": "grad.supervisor",
 "pk": 11
},
{
 "fields": {
  "config": "{}",
  "created_at": "2023-11-21T14:50:00.148",
  "created_by": "",
  "external": null,
  "modified_by": null,
  "removed": false,
  "student": 8,
  "supervisor": 1,
  "supervisor_type": "POT",
  "updated_at": "2023-11-21T14:50:00.148"
 },
 "model": "grad.supervisor",
 "pk": 12
},
{
 "fields": {
  "config": "{}",
  "created_at": "2023-11-21T14:50:00.149",
  "created_by": "",
  "external": null,
  "modified_by": null,
  "removed": false,
  "student": 8,
  "supervisor": 1,
  "supervisor_type": "SEN",
  "updated_at": "2023-11-21T14:50:00.150"
 },
 "model": "grad.supervisor",
 "pk": 13
},
{
 "fields": {
  "config": "{}",
  "created_at": "2023-11-21T14:50:00.151",
  "created_by": "",
  "external": null,
  "modified_by": null,
  "removed": false,
  "student": 8,
  "supervisor": 1,
  "supervisor_type": "COM",
  "updated_at": "2023-11-21T14:50:00.151"
 },
 "model": "grad.supervisor",
 "pk": 14
},
{
 "fields": {
  "config": "{}",
  "created_at": "2023-11-21T14:50:00.246",
  "created_by": "",
  "external": null,
  "modified_by": null,
  "removed": false,
  "student": 10,
  "supervisor": 1,
  "supervisor_type": "POT",
  "updated_at": "2023-11-21T14:50:00.246"
 },
 "model": "grad.supervisor",
 "pk": 15
},
{
 "fields": {
  "config": "{}",
  "created_at": "2023-11-21T14:50:00.306",
  "created_by": "",
  "external": null,
  "modified_by": null,
  "removed": false,
  "student": 11,
  "supervisor": 1,
  "supervisor_type": "POT",
  "updated_at": "2023-11-21T14:50:00.306"
 },
 "model": "grad.supervisor",
 "pk": 16
},
{
 "fields": {
  "config": "{}",
  "created_at": "2023-11-21T14:50:00.307",
  "created_by": "",
  "external": null,
  "modified_by": null,
  "removed": false,
  "student": 11,
  "supervisor": 1,
  "supervisor_type": "SEN",
  "updated_at": "2023-11-21T14:50:00.308"
 },
 "model": "grad.supervisor",
 "pk": 17
},
{
 "fields": {
  "config": "{}",
  "created_at": "2023-11-21T14:50:00.309",
  "created_by": "",
  "external": null,
  "modified_by": null,
  "removed": false,
  "student": 11,
  "supervisor": 1,
  "supervisor_type": "COM",
  "updated_at": "2023-11-21T14:50:00.309"
 },
 "model": "grad.supervisor",
 "pk": 18
},
{
 "fields": {
  "config": "{}",
  "created_at": "2023-11-21T14:50:00.363",
  "created_by": "",
  "external": null,
  "modified_by": null,
  "removed": false,
  "student": 12,
  "supervisor": 1,
  "supervisor_type": "POT",
  "updated_at": "2023-11-21T14:50:00.363"
 },
 "model": "grad.supervisor",
 "pk": 19
},
{
 "fields": {
  "config": "{}",
  "created_at": "2023-11-21T14:50:00.365",
  "created_by": "",
  "external": null,
  "modified_by": null,
  "removed": false,
  "student": 12,
  "supervisor": 1,
  "supervisor_type": "SEN",
  "updated_at": "2023-11-21T14:50:00.365"
 },
 "model": "grad.supervisor",
 "pk": 20
},
{
 "fields": {
  "config": "{}",
  "created_at": "2023-11-21T14:50:00.366",
  "created_by": "",
  "external": null,
  "modified_by": null,
  "removed": false,
  "student": 12,
  "supervisor": 1,
  "supervisor_type": "COM",
  "updated_at": "2023-11-21T14:50:00.366"
 },
 "model": "grad.supervisor",
 "pk": 21
},
{
 "fields": {
  "config": "{}",
  "created_at": "2023-11-21T14:50:00.415",
  "created_by": "",
  "external": null,
  "modified_by": null,
  "removed": false,
  "student": 13,
  "supervisor": 1,
  "supervisor_type": "POT",
  "updated_at": "2023-11-21T14:50:00.415"
 },
 "model": "grad.supervisor",
 "pk": 22
},
{
 "fields": {
  "config": "{}",
  "created_at": "2023-11-21T14:50:00.464",
  "created_by": "",
  "external": null,
  "modified_by": null,
  "removed": false,
  "student": 14,
  "supervisor": 1,
  "supervisor_type": "POT",
  "updated_at": "2023-11-21T14:50:00.465"
 },
 "model": "grad.supervisor",
 "pk": 23
},
{
 "fields": {
  "config": "{}",
  "created_at": "2023-11-21T14:50:00.504",
  "created_by": "",
  "external": null,
  "modified_by": null,
  "removed": false,
  "student": 15,
  "supervisor": 1,
  "supervisor_type": "POT",
  "updated_at": "2023-11-21T14:50:00.504"
 },
 "model": "grad.supervisor",
 "pk": 24
},
{
 "fields": {
  "config": "{}",
  "created_at": "2023-11-21T14:50:00.653",
  "created_by": "",
  "external": null,
  "modified_by": null,
  "removed": false,
  "student": 18,
  "supervisor": 1,
  "supervisor_type": "POT",
  "updated_at": "2023-11-21T14:50:00.653"
 },
 "model": "grad.supervisor",
 "pk": 25
},
{
 "fields": {
  "config": "{}",
  "created_at": "2023-11-21T14:50:00.792",
  "created_by": "",
  "external": null,
  "modified_by": null,
  "removed": false,
  "student": 21,
  "supervisor": 1,
  "supervisor_type": "POT",
  "updated_at": "2023-11-21T14:50:00.792"
 },
 "model": "grad.supervisor",
 "pk": 26
},
{
 "fields": {
  "config": "{}",
  "created_at": "2023-11-21T14:50:00.834",
  "created_by": "",
  "external": null,
  "modified_by": null,
  "removed": false,
  "student": 22,
  "supervisor": 1,
  "supervisor_type": "POT",
  "updated_at": "2023-11-21T14:50:00.834"
 },
 "model": "grad.supervisor",
 "pk": 27
},
{
 "fields": {
  "config": "{}",
  "created_at": "2023-11-21T14:50:00.835",
  "created_by": "",
  "external": null,
  "modified_by": null,
  "removed": false,
  "student": 22,
  "supervisor": 1,
  "supervisor_type": "SEN",
  "updated_at": "2023-11-21T14:50:00.835"
 },
 "model": "grad.supervisor",
 "pk": 28
},
{
 "fields": {
  "config": "{}",
  "created_at": "2023-11-21T14:50:00.837",
  "created_by": "",
  "external": null,
  "modified_by": null,
  "removed": false,
  "student": 22,
  "supervisor": 1,
  "supervisor_type": "COM",
  "updated_at": "2023-11-21T14:50:00.837"
 },
 "model": "grad.supervisor",
 "pk": 29
},
{
 "fields": {
  "config": "{}",
  "created_at": "2023-11-21T14:50:00.959",
  "created_by": "",
  "external": null,
  "modified_by": null,
  "removed": false,
  "student": 24,
  "supervisor": 1,
  "supervisor_type": "POT",
  "updated_at": "2023-11-21T14:50:00.959"
 },
 "model": "grad.supervisor",
 "pk": 30
},
{
 "fields": {
  "config": "{}",
  "created_at": "2023-11-21T14:50:01.015",
  "created_by": "",
  "external": null,
  "modified_by": null,
  "removed": false,
  "student": 25,
  "supervisor": 1,
  "supervisor_type": "POT",
  "updated_at": "2023-11-21T14:50:01.015"
 },
 "model": "grad.supervisor",
 "pk": 31
}
]
