[
{
 "fields": {
  "config": "{}",
  "expiry": "2019-12-22",
  "person": 5,
  "role": "GRAD",
  "unit": 5
 },
 "model": "coredata.role",
 "pk": 7
},
{
 "fields": {
  "config": "{}",
  "expiry": "2019-12-22",
  "person": 2,
  "role": "GRPD",
  "unit": 5
 },
 "model": "coredata.role",
 "pk": 8
},
{
 "fields": {
  "created_at": "2017-03-27T12:28:11.073",
  "created_by": "",
  "description": "MSc Course option",
  "hidden": false,
  "label": "MSc Course",
  "modified_by": null,
  "slug": "msccourse",
  "unit": 5,
  "updated_at": "2017-03-27T12:28:11.073"
 },
 "model": "grad.gradprogram",
 "pk": 1
},
{
 "fields": {
  "created_at": "2017-03-27T12:28:11.248",
  "created_by": "",
  "description": "MSc Project option",
  "hidden": false,
  "label": "MSc Proj",
  "modified_by": null,
  "slug": "mscproj",
  "unit": 5,
  "updated_at": "2017-03-27T12:28:11.248"
 },
 "model": "grad.gradprogram",
 "pk": 2
},
{
 "fields": {
  "created_at": "2017-03-27T12:28:11.381",
  "created_by": "",
  "description": "MSc Thesis option",
  "hidden": false,
  "label": "MSc Thesis",
  "modified_by": null,
  "slug": "mscthesis",
  "unit": 5,
  "updated_at": "2017-03-27T12:28:11.381"
 },
 "model": "grad.gradprogram",
 "pk": 3
},
{
 "fields": {
  "created_at": "2017-03-27T12:28:11.556",
  "created_by": "",
  "description": "Doctor of Philosophy",
  "hidden": false,
  "label": "PhD",
  "modified_by": null,
  "slug": "phd",
  "unit": 5,
  "updated_at": "2017-03-27T12:28:11.556"
 },
 "model": "grad.gradprogram",
 "pk": 4
},
{
 "fields": {
  "created_at": "2017-03-27T12:28:11.721",
  "created_by": "",
  "description": "Qualifying student",
  "hidden": false,
  "label": "Qualifying",
  "modified_by": null,
  "slug": "qualifying",
  "unit": 5,
  "updated_at": "2017-03-27T12:28:11.721"
 },
 "model": "grad.gradprogram",
 "pk": 5
},
{
 "fields": {
  "created_at": "2017-03-27T12:28:11.831",
  "created_by": "",
  "description": "Special Arrangements",
  "hidden": false,
  "label": "Special",
  "modified_by": null,
  "slug": "special",
  "unit": 5,
  "updated_at": "2017-03-27T12:28:11.831"
 },
 "model": "grad.gradprogram",
 "pk": 6
},
{
 "fields": {
  "comments": null,
  "eligible": false,
  "hidden": false,
  "name": "Scholarship-o-rama",
  "unit": 5
 },
 "model": "grad.scholarshiptype",
 "pk": 1
},
{
 "fields": {
  "comments": null,
  "eligible": true,
  "hidden": false,
  "name": "Generic Scholarship #8",
  "unit": 5
 },
 "model": "grad.scholarshiptype",
 "pk": 2
},
{
 "fields": {
  "created_at": "2017-03-27T12:28:11.959",
  "description": "Achieved Speciality",
  "hidden": false,
  "program": 6,
  "series": 1,
  "updated_at": "2017-03-27T12:28:11.959"
 },
 "model": "grad.gradrequirement",
 "pk": 1
},
{
 "fields": {
  "created_at": "2017-03-27T12:28:12.078",
  "description": "Found campus",
  "hidden": false,
  "program": 1,
  "series": 2,
  "updated_at": "2017-03-27T12:28:12.078"
 },
 "model": "grad.gradrequirement",
 "pk": 2
},
{
 "fields": {
  "created_at": "2017-03-27T12:28:12.218",
  "description": "Found campus",
  "hidden": false,
  "program": 2,
  "series": 2,
  "updated_at": "2017-03-27T12:28:12.218"
 },
 "model": "grad.gradrequirement",
 "pk": 3
},
{
 "fields": {
  "created_at": "2017-03-27T12:28:12.335",
  "description": "Found campus",
  "hidden": false,
  "program": 3,
  "series": 2,
  "updated_at": "2017-03-27T12:28:12.335"
 },
 "model": "grad.gradrequirement",
 "pk": 4
},
{
 "fields": {
  "created_at": "2017-03-27T12:28:12.451",
  "description": "Found campus",
  "hidden": false,
  "program": 4,
  "series": 2,
  "updated_at": "2017-03-27T12:28:12.451"
 },
 "model": "grad.gradrequirement",
 "pk": 5
},
{
 "fields": {
  "created_at": "2017-03-27T12:28:12.575",
  "description": "Found campus",
  "hidden": false,
  "program": 5,
  "series": 2,
  "updated_at": "2017-03-27T12:28:12.575"
 },
 "model": "grad.gradrequirement",
 "pk": 6
},
{
 "fields": {
  "created_at": "2017-03-27T12:28:12.683",
  "description": "Found campus",
  "hidden": false,
  "program": 6,
  "series": 2,
  "updated_at": "2017-03-27T12:28:12.683"
 },
 "model": "grad.gradrequirement",
 "pk": 7
},
{
 "fields": {
  "config": "{}",
  "content": "Congratulations, {{first_name}}, we would like to offer you admission to the {{program}} program in Computing Science at SFU.\r\n\r\nThis is g\u00f6\u00f6d news. Really.",
  "created_at": "2017-03-27T12:28:10.739",
  "created_by": "",
  "hidden": false,
  "label": "offer",
  "slug": "cmpt-offer",
  "unit": 5
 },
 "model": "grad.lettertemplate",
 "pk": 1
},
{
 "fields": {
  "config": "{}",
  "content": "This is to confirm that {{title}} {{first_name}} {{last_name}} is currently enrolled as a full time student in the {{program}} in the School of Computing Science at SFU.",
  "created_at": "2017-03-27T12:28:10.839",
  "created_by": "",
  "hidden": false,
  "label": "visa",
  "slug": "cmpt-visa",
  "unit": 5
 },
 "model": "grad.lettertemplate",
 "pk": 2
},
{
 "fields": {
  "config": "{}",
  "content": "This is to confirm that {{title}} {{first_name}} {{last_name}} is a student in the School of Computing Science's {{program}} program. {{He_She}} has been employed as follows:\r\n\r\n{% if tafunding %}Teaching assistant responsibilities include providing tutorials, office hours and marking assignments. {{title}} {{last_name}}'s assignments have been:\r\n\r\n{{ tafunding }}{% endif %}\r\n{% if rafunding %}Research assistants assist/provide research services to faculty. {{title}} {{last_name}}'s assignments have been:\r\n\r\n{{ rafunding }}{% endif %}\r\n{% if scholarships %}{{title}} {{last_name}} has received the following scholarships:\r\n\r\n{{ scholarships }}{% endif %}\r\n\r\n{{title}} {{last_name}} is making satisfactory progress.",
  "created_at": "2017-03-27T12:28:10.947",
  "created_by": "",
  "hidden": false,
  "label": "Funding",
  "slug": "cmpt-funding",
  "unit": 5
 },
 "model": "grad.lettertemplate",
 "pk": 3
},
{
 "fields": {
  "label": "Dual Degree Program",
  "unit": 5
 },
 "model": "grad.gradflag",
 "pk": 1
},
{
 "fields": {
  "label": "Co-op",
  "unit": 5
 },
 "model": "grad.gradflag",
 "pk": 2
},
{
 "fields": {
  "campus": "VANCR",
  "comments": "",
  "config": "{}",
  "created_at": "2017-03-27T12:28:13.099",
  "created_by": "",
  "current_status": "ACTI",
  "end_semester": null,
  "english_fluency": "",
  "is_canadian": true,
  "modified_by": null,
  "mother_tongue": "",
  "passport_issued_by": "",
  "person": 54,
  "program": 6,
  "research_area": "Nnt\u00eaqbkvology",
  "slug": "0ggg17-special",
  "start_semester": 154,
  "updated_at": "2017-03-27T12:28:14.874"
 },
 "model": "grad.gradstudent",
 "pk": 1
},
{
 "fields": {
  "campus": "GNWC",
  "comments": "",
  "config": "{}",
  "created_at": "2017-03-27T12:28:16.042",
  "created_by": "",
  "current_status": "ACTI",
  "end_semester": null,
  "english_fluency": "",
  "is_canadian": true,
  "modified_by": null,
  "mother_tongue": "",
  "passport_issued_by": "",
  "person": 24,
  "program": 5,
  "research_area": "R\u00efdgziifology",
  "slug": "0ggg2-qualifying",
  "start_semester": 153,
  "updated_at": "2017-03-27T12:28:17.339"
 },
 "model": "grad.gradstudent",
 "pk": 2
},
{
 "fields": {
  "campus": "GNWC",
  "comments": "",
  "config": "{}",
  "created_at": "2017-03-27T12:28:18.644",
  "created_by": "",
  "current_status": "ACTI",
  "end_semester": null,
  "english_fluency": "",
  "is_canadian": false,
  "modified_by": null,
  "mother_tongue": "",
  "passport_issued_by": "",
  "person": 52,
  "program": 3,
  "research_area": "Cfgu\u00f5\u00efgiology",
  "slug": "0ggg16-mscthesis",
  "start_semester": 148,
  "updated_at": "2017-03-27T12:28:20.023"
 },
 "model": "grad.gradstudent",
 "pk": 3
},
{
 "fields": {
  "campus": "VANCR",
  "comments": "",
  "config": "{}",
  "created_at": "2017-03-27T12:28:20.920",
  "created_by": "",
  "current_status": "ACTI",
  "end_semester": null,
  "english_fluency": "",
  "is_canadian": true,
  "modified_by": null,
  "mother_tongue": "",
  "passport_issued_by": "",
  "person": 44,
  "program": 5,
  "research_area": "Mlyms\u00f5szology",
  "slug": "0ggg12-qualifying",
  "start_semester": 155,
  "updated_at": "2017-03-27T12:28:21.979"
 },
 "model": "grad.gradstudent",
 "pk": 4
},
{
 "fields": {
  "campus": "GNWC",
  "comments": "",
  "config": "{}",
  "created_at": "2017-03-27T12:28:22.643",
  "created_by": "",
  "current_status": "ACTI",
  "end_semester": null,
  "english_fluency": "",
  "is_canadian": null,
  "modified_by": null,
  "mother_tongue": "",
  "passport_issued_by": "",
  "person": 40,
  "program": 2,
  "research_area": "G\u00e0lleeioology",
  "slug": "0ggg10-mscproj",
  "start_semester": 152,
  "updated_at": "2017-03-27T12:28:24.002"
 },
 "model": "grad.gradstudent",
 "pk": 5
},
{
 "fields": {
  "campus": "VANCR",
  "comments": "",
  "config": "{}",
  "created_at": "2017-03-27T12:28:25.401",
  "created_by": "",
  "current_status": "ACTI",
  "end_semester": null,
  "english_fluency": "",
  "is_canadian": false,
  "modified_by": null,
  "mother_tongue": "",
  "passport_issued_by": "",
  "person": 20,
  "program": 5,
  "research_area": "Dp\u00e0rnbuaology",
  "slug": "0ggg0-qualifying",
  "start_semester": 150,
  "updated_at": "2017-03-27T12:28:26.897"
 },
 "model": "grad.gradstudent",
 "pk": 6
},
{
 "fields": {
  "campus": "BRNBY",
  "comments": "",
  "config": "{}",
  "created_at": "2017-03-27T12:28:27.745",
  "created_by": "",
  "current_status": "ACTI",
  "end_semester": null,
  "english_fluency": "",
  "is_canadian": false,
  "modified_by": null,
  "mother_tongue": "",
  "passport_issued_by": "",
  "person": 32,
  "program": 5,
  "research_area": "Rsrgkficology",
  "slug": "0ggg6-qualifying",
  "start_semester": 150,
  "updated_at": "2017-03-27T12:28:30.044"
 },
 "model": "grad.gradstudent",
 "pk": 7
},
{
 "fields": {
  "campus": "GNWC",
  "comments": "",
  "config": "{}",
  "created_at": "2017-03-27T12:28:30.764",
  "created_by": "",
  "current_status": "WIDR",
  "end_semester": 155,
  "english_fluency": "",
  "is_canadian": true,
  "modified_by": null,
  "mother_tongue": "",
  "passport_issued_by": "",
  "person": 38,
  "program": 5,
  "research_area": "Jyjk\u00f5fivology",
  "slug": "0ggg9-qualifying",
  "start_semester": 151,
  "updated_at": "2017-03-27T12:28:32.494"
 },
 "model": "grad.gradstudent",
 "pk": 8
},
{
 "fields": {
  "campus": "METRO",
  "comments": "",
  "config": "{}",
  "created_at": "2017-03-27T12:28:33.423",
  "created_by": "",
  "current_status": "ACTI",
  "end_semester": null,
  "english_fluency": "",
  "is_canadian": false,
  "modified_by": null,
  "mother_tongue": "",
  "passport_issued_by": "",
  "person": 48,
  "program": 1,
  "research_area": "Iy\u00faqqic\u00f5ology",
  "slug": "0ggg14-msccourse",
  "start_semester": 150,
  "updated_at": "2017-03-27T12:28:34.771"
 },
 "model": "grad.gradstudent",
 "pk": 9
},
{
 "fields": {
  "campus": "METRO",
  "comments": "",
  "config": "{}",
  "created_at": "2017-03-27T12:28:35.922",
  "created_by": "",
  "current_status": "ACTI",
  "end_semester": null,
  "english_fluency": "",
  "is_canadian": true,
  "modified_by": null,
  "mother_tongue": "",
  "passport_issued_by": "",
  "person": 34,
  "program": 5,
  "research_area": "Cbddsq\u00e0lology",
  "slug": "0ggg7-qualifying",
  "start_semester": 150,
  "updated_at": "2017-03-27T12:28:37.153"
 },
 "model": "grad.gradstudent",
 "pk": 10
},
{
 "fields": {
  "campus": "OFFST",
  "comments": "",
  "config": "{}",
  "created_at": "2017-03-27T12:28:37.773",
  "created_by": "",
  "current_status": "WIDR",
  "end_semester": 155,
  "english_fluency": "",
  "is_canadian": null,
  "modified_by": null,
  "mother_tongue": "",
  "passport_issued_by": "",
  "person": 26,
  "program": 4,
  "research_area": "Fiaicjzsology",
  "slug": "0ggg3-phd",
  "start_semester": 152,
  "updated_at": "2017-03-27T12:28:39.547"
 },
 "model": "grad.gradstudent",
 "pk": 11
},
{
 "fields": {
  "campus": "VANCR",
  "comments": "",
  "config": "{}",
  "created_at": "2017-03-27T12:28:40.206",
  "created_by": "",
  "current_status": "ACTI",
  "end_semester": null,
  "english_fluency": "",
  "is_canadian": true,
  "modified_by": null,
  "mother_tongue": "",
  "passport_issued_by": "",
  "person": 28,
  "program": 3,
  "research_area": "Lpa\u00eahbq\u00efology",
  "slug": "0ggg4-mscthesis",
  "start_semester": 153,
  "updated_at": "2017-03-27T12:28:41.538"
 },
 "model": "grad.gradstudent",
 "pk": 12
},
{
 "fields": {
  "campus": "BRNBY",
  "comments": "",
  "config": "{}",
  "created_at": "2017-03-27T12:28:42.416",
  "created_by": "",
  "current_status": "ACTI",
  "end_semester": null,
  "english_fluency": "",
  "is_canadian": false,
  "modified_by": null,
  "mother_tongue": "",
  "passport_issued_by": "",
  "person": 42,
  "program": 3,
  "research_area": "Krduzonbology",
  "slug": "0ggg11-mscthesis",
  "start_semester": 150,
  "updated_at": "2017-03-27T12:28:43.496"
 },
 "model": "grad.gradstudent",
 "pk": 13
},
{
 "fields": {
  "campus": "BRNBY",
  "comments": "",
  "config": "{}",
  "created_at": "2017-03-27T12:28:44.465",
  "created_by": "",
  "current_status": "ACTI",
  "end_semester": null,
  "english_fluency": "",
  "is_canadian": null,
  "modified_by": null,
  "mother_tongue": "",
  "passport_issued_by": "",
  "person": 46,
  "program": 3,
  "research_area": "Sw\u00fads\u00e0gkology",
  "slug": "0ggg13-mscthesis",
  "start_semester": 154,
  "updated_at": "2017-03-27T12:28:46.622"
 },
 "model": "grad.gradstudent",
 "pk": 14
},
{
 "fields": {
  "campus": "METRO",
  "comments": "",
  "config": "{}",
  "created_at": "2017-03-27T12:28:48.044",
  "created_by": "",
  "current_status": "ACTI",
  "end_semester": null,
  "english_fluency": "",
  "is_canadian": false,
  "modified_by": null,
  "mother_tongue": "",
  "passport_issued_by": "",
  "person": 22,
  "program": 2,
  "research_area": "Rtj\u00fad\u00e0caology",
  "slug": "0ggg1-mscproj",
  "start_semester": 155,
  "updated_at": "2017-03-27T12:28:49.400"
 },
 "model": "grad.gradstudent",
 "pk": 15
},
{
 "fields": {
  "campus": "SURRY",
  "comments": "",
  "config": "{}",
  "created_at": "2017-03-27T12:28:50.849",
  "created_by": "",
  "current_status": "REJE",
  "end_semester": null,
  "english_fluency": "",
  "is_canadian": true,
  "modified_by": null,
  "mother_tongue": "",
  "passport_issued_by": "",
  "person": 58,
  "program": 1,
  "research_area": "Jgcgl\u00efvwology",
  "slug": "0ggg19-msccourse",
  "start_semester": 154,
  "updated_at": "2017-03-27T12:28:51.966"
 },
 "model": "grad.gradstudent",
 "pk": 16
},
{
 "fields": {
  "campus": "BRNBY",
  "comments": "",
  "config": "{}",
  "created_at": "2017-03-27T12:28:53.160",
  "created_by": "",
  "current_status": "WIDR",
  "end_semester": 152,
  "english_fluency": "",
  "is_canadian": false,
  "modified_by": null,
  "mother_tongue": "",
  "passport_issued_by": "",
  "person": 36,
  "program": 4,
  "research_area": "V\u00fadklm\u00ea\u00efology",
  "slug": "0ggg8-phd",
  "start_semester": 148,
  "updated_at": "2017-03-27T12:28:55.226"
 },
 "model": "grad.gradstudent",
 "pk": 17
},
{
 "fields": {
  "campus": "GNWC",
  "comments": "",
  "config": "{}",
  "created_at": "2017-03-27T12:28:55.875",
  "created_by": "",
  "current_status": "ACTI",
  "end_semester": null,
  "english_fluency": "",
  "is_canadian": true,
  "modified_by": null,
  "mother_tongue": "",
  "passport_issued_by": "",
  "person": 56,
  "program": 1,
  "research_area": "Poygf\u00e0weology",
  "slug": "0ggg18-msccourse",
  "start_semester": 151,
  "updated_at": "2017-03-27T12:28:56.956"
 },
 "model": "grad.gradstudent",
 "pk": 18
},
{
 "fields": {
  "campus": "BRNBY",
  "comments": "",
  "config": "{}",
  "created_at": "2017-03-27T12:28:58.095",
  "created_by": "",
  "current_status": "ACTI",
  "end_semester": null,
  "english_fluency": "",
  "is_canadian": false,
  "modified_by": null,
  "mother_tongue": "",
  "passport_issued_by": "",
  "person": 50,
  "program": 3,
  "research_area": "J\u00f5sfdpypology",
  "slug": "0ggg15-mscthesis",
  "start_semester": 150,
  "updated_at": "2017-03-27T12:28:59.581"
 },
 "model": "grad.gradstudent",
 "pk": 19
},
{
 "fields": {
  "campus": "GNWC",
  "comments": "",
  "config": "{}",
  "created_at": "2017-03-27T12:29:00.954",
  "created_by": "",
  "current_status": "WIDR",
  "end_semester": 154,
  "english_fluency": "",
  "is_canadian": false,
  "modified_by": null,
  "mother_tongue": "",
  "passport_issued_by": "",
  "person": 30,
  "program": 3,
  "research_area": "B\u00efbhnhjdology",
  "slug": "0ggg5-mscthesis",
  "start_semester": 148,
  "updated_at": "2017-03-27T12:29:02.628"
 },
 "model": "grad.gradstudent",
 "pk": 20
},
{
 "fields": {
  "campus": "METRO",
  "comments": "",
  "config": "{}",
  "created_at": "2017-03-27T12:29:03.476",
  "created_by": "",
  "current_status": "ACTI",
  "end_semester": null,
  "english_fluency": "",
  "is_canadian": null,
  "modified_by": null,
  "mother_tongue": "",
  "passport_issued_by": "",
  "person": 38,
  "program": 5,
  "research_area": "Yb\u00fa\u00fajplfology",
  "slug": "0ggg9-qualifying-2",
  "start_semester": 150,
  "updated_at": "2017-03-27T12:29:04.791"
 },
 "model": "grad.gradstudent",
 "pk": 21
},
{
 "fields": {
  "campus": "GNWC",
  "comments": "",
  "config": "{}",
  "created_at": "2017-03-27T12:29:05.837",
  "created_by": "",
  "current_status": "REJE",
  "end_semester": null,
  "english_fluency": "",
  "is_canadian": true,
  "modified_by": null,
  "mother_tongue": "",
  "passport_issued_by": "",
  "person": 50,
  "program": 6,
  "research_area": "Qdqboemiology",
  "slug": "0ggg15-special",
  "start_semester": 152,
  "updated_at": "2017-03-27T12:29:06.652"
 },
 "model": "grad.gradstudent",
 "pk": 22
},
{
 "fields": {
  "campus": "SURRY",
  "comments": "",
  "config": "{}",
  "created_at": "2017-03-27T12:29:07.470",
  "created_by": "",
  "current_status": "ACTI",
  "end_semester": null,
  "english_fluency": "",
  "is_canadian": false,
  "modified_by": null,
  "mother_tongue": "",
  "passport_issued_by": "",
  "person": 30,
  "program": 4,
  "research_area": "Plyaywomology",
  "slug": "0ggg5-phd",
  "start_semester": 153,
  "updated_at": "2017-03-27T12:29:08.752"
 },
 "model": "grad.gradstudent",
 "pk": 23
},
{
 "fields": {
  "campus": "VANCR",
  "comments": "",
  "config": "{}",
  "created_at": "2017-03-27T12:29:09.565",
  "created_by": "",
  "current_status": "ACTI",
  "end_semester": null,
  "english_fluency": "",
  "is_canadian": null,
  "modified_by": null,
  "mother_tongue": "",
  "passport_issued_by": "",
  "person": 48,
  "program": 2,
  "research_area": "W\u00eargglg\u00eaology",
  "slug": "0ggg14-mscproj",
  "start_semester": 151,
  "updated_at": "2017-03-27T12:29:10.935"
 },
 "model": "grad.gradstudent",
 "pk": 24
},
{
 "fields": {
  "campus": "BRNBY",
  "comments": "",
  "config": "{}",
  "created_at": "2017-03-27T12:29:11.996",
  "created_by": "",
  "current_status": "ACTI",
  "end_semester": null,
  "english_fluency": "",
  "is_canadian": true,
  "modified_by": null,
  "mother_tongue": "",
  "passport_issued_by": "",
  "person": 56,
  "program": 6,
  "research_area": "Hvhh\u00eanlmology",
  "slug": "0ggg18-special",
  "start_semester": 149,
  "updated_at": "2017-03-27T12:29:13.202"
 },
 "model": "grad.gradstudent",
 "pk": 25
},
{
 "fields": {
  "config": "{}",
  "program": 6,
  "start_semester": 154,
  "starting": "2017-03-27",
  "student": 1
 },
 "model": "grad.gradprogramhistory",
 "pk": 1
},
{
 "fields": {
  "config": "{}",
  "program": 3,
  "start_semester": 157,
  "starting": "2017-03-27",
  "student": 1
 },
 "model": "grad.gradprogramhistory",
 "pk": 2
},
{
 "fields": {
  "config": "{}",
  "program": 5,
  "start_semester": 153,
  "starting": "2017-03-27",
  "student": 2
 },
 "model": "grad.gradprogramhistory",
 "pk": 3
},
{
 "fields": {
  "config": "{}",
  "program": 3,
  "start_semester": 148,
  "starting": "2017-03-27",
  "student": 3
 },
 "model": "grad.gradprogramhistory",
 "pk": 4
},
{
 "fields": {
  "config": "{}",
  "program": 5,
  "start_semester": 155,
  "starting": "2017-03-27",
  "student": 4
 },
 "model": "grad.gradprogramhistory",
 "pk": 5
},
{
 "fields": {
  "config": "{}",
  "program": 2,
  "start_semester": 152,
  "starting": "2017-03-27",
  "student": 5
 },
 "model": "grad.gradprogramhistory",
 "pk": 6
},
{
 "fields": {
  "config": "{}",
  "program": 5,
  "start_semester": 150,
  "starting": "2017-03-27",
  "student": 6
 },
 "model": "grad.gradprogramhistory",
 "pk": 7
},
{
 "fields": {
  "config": "{}",
  "program": 3,
  "start_semester": 150,
  "starting": "2017-03-27",
  "student": 7
 },
 "model": "grad.gradprogramhistory",
 "pk": 8
},
{
 "fields": {
  "config": "{}",
  "program": 5,
  "start_semester": 153,
  "starting": "2017-03-27",
  "student": 7
 },
 "model": "grad.gradprogramhistory",
 "pk": 9
},
{
 "fields": {
  "config": "{}",
  "program": 5,
  "start_semester": 151,
  "starting": "2017-03-27",
  "student": 8
 },
 "model": "grad.gradprogramhistory",
 "pk": 10
},
{
 "fields": {
  "config": "{}",
  "program": 1,
  "start_semester": 150,
  "starting": "2017-03-27",
  "student": 9
 },
 "model": "grad.gradprogramhistory",
 "pk": 11
},
{
 "fields": {
  "config": "{}",
  "program": 5,
  "start_semester": 150,
  "starting": "2017-03-27",
  "student": 10
 },
 "model": "grad.gradprogramhistory",
 "pk": 12
},
{
 "fields": {
  "config": "{}",
  "program": 3,
  "start_semester": 152,
  "starting": "2017-03-27",
  "student": 11
 },
 "model": "grad.gradprogramhistory",
 "pk": 13
},
{
 "fields": {
  "config": "{}",
  "program": 4,
  "start_semester": 154,
  "starting": "2017-03-27",
  "student": 11
 },
 "model": "grad.gradprogramhistory",
 "pk": 14
},
{
 "fields": {
  "config": "{}",
  "program": 3,
  "start_semester": 153,
  "starting": "2017-03-27",
  "student": 12
 },
 "model": "grad.gradprogramhistory",
 "pk": 15
},
{
 "fields": {
  "config": "{}",
  "program": 3,
  "start_semester": 150,
  "starting": "2017-03-27",
  "student": 13
 },
 "model": "grad.gradprogramhistory",
 "pk": 16
},
{
 "fields": {
  "config": "{}",
  "program": 4,
  "start_semester": 154,
  "starting": "2017-03-27",
  "student": 14
 },
 "model": "grad.gradprogramhistory",
 "pk": 17
},
{
 "fields": {
  "config": "{}",
  "program": 3,
  "start_semester": 155,
  "starting": "2017-03-27",
  "student": 14
 },
 "model": "grad.gradprogramhistory",
 "pk": 18
},
{
 "fields": {
  "config": "{}",
  "program": 2,
  "start_semester": 155,
  "starting": "2017-03-27",
  "student": 15
 },
 "model": "grad.gradprogramhistory",
 "pk": 19
},
{
 "fields": {
  "config": "{}",
  "program": 4,
  "start_semester": 157,
  "starting": "2017-03-27",
  "student": 15
 },
 "model": "grad.gradprogramhistory",
 "pk": 20
},
{
 "fields": {
  "config": "{}",
  "program": 4,
  "start_semester": 154,
  "starting": "2017-03-27",
  "student": 16
 },
 "model": "grad.gradprogramhistory",
 "pk": 21
},
{
 "fields": {
  "config": "{}",
  "program": 1,
  "start_semester": 155,
  "starting": "2017-03-27",
  "student": 16
 },
 "model": "grad.gradprogramhistory",
 "pk": 22
},
{
 "fields": {
  "config": "{}",
  "program": 1,
  "start_semester": 148,
  "starting": "2017-03-27",
  "student": 17
 },
 "model": "grad.gradprogramhistory",
 "pk": 23
},
{
 "fields": {
  "config": "{}",
  "program": 4,
  "start_semester": 151,
  "starting": "2017-03-27",
  "student": 17
 },
 "model": "grad.gradprogramhistory",
 "pk": 24
},
{
 "fields": {
  "config": "{}",
  "program": 1,
  "start_semester": 151,
  "starting": "2017-03-27",
  "student": 18
 },
 "model": "grad.gradprogramhistory",
 "pk": 25
},
{
 "fields": {
  "config": "{}",
  "program": 4,
  "start_semester": 150,
  "starting": "2017-03-27",
  "student": 19
 },
 "model": "grad.gradprogramhistory",
 "pk": 26
},
{
 "fields": {
  "config": "{}",
  "program": 3,
  "start_semester": 151,
  "starting": "2017-03-27",
  "student": 19
 },
 "model": "grad.gradprogramhistory",
 "pk": 27
},
{
 "fields": {
  "config": "{}",
  "program": 3,
  "start_semester": 148,
  "starting": "2017-03-27",
  "student": 20
 },
 "model": "grad.gradprogramhistory",
 "pk": 28
},
{
 "fields": {
  "config": "{}",
  "program": 6,
  "start_semester": 150,
  "starting": "2017-03-27",
  "student": 21
 },
 "model": "grad.gradprogramhistory",
 "pk": 29
},
{
 "fields": {
  "config": "{}",
  "program": 5,
  "start_semester": 153,
  "starting": "2017-03-27",
  "student": 21
 },
 "model": "grad.gradprogramhistory",
 "pk": 30
},
{
 "fields": {
  "config": "{}",
  "program": 6,
  "start_semester": 152,
  "starting": "2017-03-27",
  "student": 22
 },
 "model": "grad.gradprogramhistory",
 "pk": 31
},
{
 "fields": {
  "config": "{}",
  "program": 4,
  "start_semester": 153,
  "starting": "2017-03-27",
  "student": 23
 },
 "model": "grad.gradprogramhistory",
 "pk": 32
},
{
 "fields": {
  "config": "{}",
  "program": 2,
  "start_semester": 151,
  "starting": "2017-03-27",
  "student": 24
 },
 "model": "grad.gradprogramhistory",
 "pk": 33
},
{
 "fields": {
  "config": "{}",
  "program": 6,
  "start_semester": 149,
  "starting": "2017-03-27",
  "student": 25
 },
 "model": "grad.gradprogramhistory",
 "pk": 34
},
{
 "fields": {
  "config": "{}",
  "created_at": "2017-03-27T12:28:13.516",
  "end": 154,
  "hidden": false,
  "notes": "",
  "start": 154,
  "start_date": "2016-05-29",
  "status": "COMP",
  "student": 1,
  "updated_at": "2017-03-27T12:28:13.868"
 },
 "model": "grad.gradstatus",
 "pk": 1
},
{
 "fields": {
  "config": "{}",
  "created_at": "2017-03-27T12:28:13.732",
  "end": 154,
  "hidden": false,
  "notes": "",
  "start": 154,
  "start_date": "2016-06-18",
  "status": "OFFO",
  "student": 1,
  "updated_at": "2017-03-27T12:28:14.295"
 },
 "model": "grad.gradstatus",
 "pk": 2
},
{
 "fields": {
  "config": "{}",
  "created_at": "2017-03-27T12:28:14.148",
  "end": 161,
  "hidden": false,
  "notes": "",
  "start": 154,
  "start_date": "2016-09-06",
  "status": "ACTI",
  "student": 1,
  "updated_at": "2017-03-27T12:28:15.086"
 },
 "model": "grad.gradstatus",
 "pk": 3
},
{
 "fields": {
  "config": "{}",
  "created_at": "2017-03-27T12:28:14.974",
  "end": null,
  "hidden": false,
  "notes": "",
  "start": 161,
  "start_date": "2019-01-03",
  "status": "WIDR",
  "student": 1,
  "updated_at": "2017-03-27T12:28:14.974"
 },
 "model": "grad.gradstatus",
 "pk": 4
},
{
 "fields": {
  "config": "{}",
  "created_at": "2017-03-27T12:28:16.257",
  "end": 153,
  "hidden": false,
  "notes": "",
  "start": 153,
  "start_date": "2016-01-30",
  "status": "COMP",
  "student": 2,
  "updated_at": "2017-03-27T12:28:16.576"
 },
 "model": "grad.gradstatus",
 "pk": 5
},
{
 "fields": {
  "config": "{}",
  "created_at": "2017-03-27T12:28:16.482",
  "end": 153,
  "hidden": false,
  "notes": "",
  "start": 153,
  "start_date": "2016-02-19",
  "status": "OFFO",
  "student": 2,
  "updated_at": "2017-03-27T12:28:17.159"
 },
 "model": "grad.gradstatus",
 "pk": 6
},
{
 "fields": {
  "config": "{}",
  "created_at": "2017-03-27T12:28:16.949",
  "end": null,
  "hidden": false,
  "notes": "",
  "start": 153,
  "start_date": "2016-05-09",
  "status": "ACTI",
  "student": 2,
  "updated_at": "2017-03-27T12:28:16.949"
 },
 "model": "grad.gradstatus",
 "pk": 7
},
{
 "fields": {
  "config": "{}",
  "created_at": "2017-03-27T12:28:18.983",
  "end": 148,
  "hidden": false,
  "notes": "",
  "start": 148,
  "start_date": "2014-05-25",
  "status": "COMP",
  "student": 3,
  "updated_at": "2017-03-27T12:28:19.486"
 },
 "model": "grad.gradstatus",
 "pk": 8
},
{
 "fields": {
  "config": "{}",
  "created_at": "2017-03-27T12:28:19.275",
  "end": 148,
  "hidden": false,
  "notes": "",
  "start": 148,
  "start_date": "2014-06-14",
  "status": "OFFO",
  "student": 3,
  "updated_at": "2017-03-27T12:28:19.893"
 },
 "model": "grad.gradstatus",
 "pk": 9
},
{
 "fields": {
  "config": "{}",
  "created_at": "2017-03-27T12:28:19.775",
  "end": null,
  "hidden": false,
  "notes": "",
  "start": 148,
  "start_date": "2014-09-02",
  "status": "ACTI",
  "student": 3,
  "updated_at": "2017-03-27T12:28:19.775"
 },
 "model": "grad.gradstatus",
 "pk": 10
},
{
 "fields": {
  "config": "{}",
  "created_at": "2017-03-27T12:28:21.174",
  "end": 155,
  "hidden": false,
  "notes": "",
  "start": 155,
  "start_date": "2016-09-26",
  "status": "COMP",
  "student": 4,
  "updated_at": "2017-03-27T12:28:21.504"
 },
 "model": "grad.gradstatus",
 "pk": 11
},
{
 "fields": {
  "config": "{}",
  "created_at": "2017-03-27T12:28:21.400",
  "end": 155,
  "hidden": false,
  "notes": "",
  "start": 155,
  "start_date": "2016-10-16",
  "status": "OFFO",
  "student": 4,
  "updated_at": "2017-03-27T12:28:21.861"
 },
 "model": "grad.gradstatus",
 "pk": 12
},
{
 "fields": {
  "config": "{}",
  "created_at": "2017-03-27T12:28:21.742",
  "end": null,
  "hidden": false,
  "notes": "",
  "start": 155,
  "start_date": "2017-01-04",
  "status": "ACTI",
  "student": 4,
  "updated_at": "2017-03-27T12:28:21.742"
 },
 "model": "grad.gradstatus",
 "pk": 13
},
{
 "fields": {
  "config": "{}",
  "created_at": "2017-03-27T12:28:22.917",
  "end": 152,
  "hidden": false,
  "notes": "",
  "start": 152,
  "start_date": "2015-09-27",
  "status": "COMP",
  "student": 5,
  "updated_at": "2017-03-27T12:28:23.444"
 },
 "model": "grad.gradstatus",
 "pk": 14
},
{
 "fields": {
  "config": "{}",
  "created_at": "2017-03-27T12:28:23.176",
  "end": 152,
  "hidden": false,
  "notes": "",
  "start": 152,
  "start_date": "2015-10-17",
  "status": "OFFO",
  "student": 5,
  "updated_at": "2017-03-27T12:28:23.836"
 },
 "model": "grad.gradstatus",
 "pk": 15
},
{
 "fields": {
  "config": "{}",
  "created_at": "2017-03-27T12:28:23.742",
  "end": 157,
  "hidden": false,
  "notes": "",
  "start": 152,
  "start_date": "2016-01-05",
  "status": "ACTI",
  "student": 5,
  "updated_at": "2017-03-27T12:28:24.202"
 },
 "model": "grad.gradstatus",
 "pk": 16
},
{
 "fields": {
  "config": "{}",
  "created_at": "2017-03-27T12:28:24.109",
  "end": null,
  "hidden": false,
  "notes": "",
  "start": 157,
  "start_date": "2017-09-05",
  "status": "WIDR",
  "student": 5,
  "updated_at": "2017-03-27T12:28:24.109"
 },
 "model": "grad.gradstatus",
 "pk": 17
},
{
 "fields": {
  "config": "{}",
  "created_at": "2017-03-27T12:28:25.676",
  "end": 150,
  "hidden": false,
  "notes": "",
  "start": 150,
  "start_date": "2015-01-31",
  "status": "COMP",
  "student": 6,
  "updated_at": "2017-03-27T12:28:26.355"
 },
 "model": "grad.gradstatus",
 "pk": 18
},
{
 "fields": {
  "config": "{}",
  "created_at": "2017-03-27T12:28:26.068",
  "end": 150,
  "hidden": false,
  "notes": "",
  "start": 150,
  "start_date": "2015-02-20",
  "status": "OFFO",
  "student": 6,
  "updated_at": "2017-03-27T12:28:26.770"
 },
 "model": "grad.gradstatus",
 "pk": 19
},
{
 "fields": {
  "config": "{}",
  "created_at": "2017-03-27T12:28:26.618",
  "end": null,
  "hidden": false,
  "notes": "",
  "start": 150,
  "start_date": "2015-05-11",
  "status": "ACTI",
  "student": 6,
  "updated_at": "2017-03-27T12:28:26.618"
 },
 "model": "grad.gradstatus",
 "pk": 20
},
{
 "fields": {
  "config": "{}",
  "created_at": "2017-03-27T12:28:28.401",
  "end": 150,
  "hidden": false,
  "notes": "",
  "start": 150,
  "start_date": "2015-01-31",
  "status": "COMP",
  "student": 7,
  "updated_at": "2017-03-27T12:28:28.964"
 },
 "model": "grad.gradstatus",
 "pk": 21
},
{
 "fields": {
  "config": "{}",
  "created_at": "2017-03-27T12:28:28.802",
  "end": 150,
  "hidden": false,
  "notes": "",
  "start": 150,
  "start_date": "2015-02-20",
  "status": "OFFO",
  "student": 7,
  "updated_at": "2017-03-27T12:28:29.539"
 },
 "model": "grad.gradstatus",
 "pk": 22
},
{
 "fields": {
  "config": "{}",
  "created_at": "2017-03-27T12:28:29.269",
  "end": null,
  "hidden": false,
  "notes": "",
  "start": 150,
  "start_date": "2015-05-11",
  "status": "ACTI",
  "student": 7,
  "updated_at": "2017-03-27T12:28:29.269"
 },
 "model": "grad.gradstatus",
 "pk": 23
},
{
 "fields": {
  "config": "{}",
  "created_at": "2017-03-27T12:28:31.116",
  "end": 151,
  "hidden": false,
  "notes": "",
  "start": 151,
  "start_date": "2015-05-31",
  "status": "COMP",
  "student": 8,
  "updated_at": "2017-03-27T12:28:31.562"
 },
 "model": "grad.gradstatus",
 "pk": 24
},
{
 "fields": {
  "config": "{}",
  "created_at": "2017-03-27T12:28:31.394",
  "end": 151,
  "hidden": false,
  "notes": "",
  "start": 151,
  "start_date": "2015-06-20",
  "status": "OFFO",
  "student": 8,
  "updated_at": "2017-03-27T12:28:31.946"
 },
 "model": "grad.gradstatus",
 "pk": 25
},
{
 "fields": {
  "config": "{}",
  "created_at": "2017-03-27T12:28:31.836",
  "end": 155,
  "hidden": false,
  "notes": "",
  "start": 151,
  "start_date": "2015-09-08",
  "status": "ACTI",
  "student": 8,
  "updated_at": "2017-03-27T12:28:32.388"
 },
 "model": "grad.gradstatus",
 "pk": 26
},
{
 "fields": {
  "config": "{}",
  "created_at": "2017-03-27T12:28:32.194",
  "end": null,
  "hidden": false,
  "notes": "",
  "start": 155,
  "start_date": "2017-01-04",
  "status": "WIDR",
  "student": 8,
  "updated_at": "2017-03-27T12:28:32.194"
 },
 "model": "grad.gradstatus",
 "pk": 27
},
{
 "fields": {
  "config": "{}",
  "created_at": "2017-03-27T12:28:33.736",
  "end": 150,
  "hidden": false,
  "notes": "",
  "start": 150,
  "start_date": "2015-01-31",
  "status": "COMP",
  "student": 9,
  "updated_at": "2017-03-27T12:28:34.206"
 },
 "model": "grad.gradstatus",
 "pk": 28
},
{
 "fields": {
  "config": "{}",
  "created_at": "2017-03-27T12:28:33.995",
  "end": 150,
  "hidden": false,
  "notes": "",
  "start": 150,
  "start_date": "2015-02-20",
  "status": "OFFO",
  "student": 9,
  "updated_at": "2017-03-27T12:28:34.604"
 },
 "model": "grad.gradstatus",
 "pk": 29
},
{
 "fields": {
  "config": "{}",
  "created_at": "2017-03-27T12:28:34.520",
  "end": null,
  "hidden": false,
  "notes": "",
  "start": 150,
  "start_date": "2015-05-11",
  "status": "ACTI",
  "student": 9,
  "updated_at": "2017-03-27T12:28:34.520"
 },
 "model": "grad.gradstatus",
 "pk": 30
},
{
 "fields": {
  "config": "{}",
  "created_at": "2017-03-27T12:28:36.262",
  "end": 150,
  "hidden": false,
  "notes": "",
  "start": 150,
  "start_date": "2015-01-31",
  "status": "COMP",
  "student": 10,
  "updated_at": "2017-03-27T12:28:36.672"
 },
 "model": "grad.gradstatus",
 "pk": 31
},
{
 "fields": {
  "config": "{}",
  "created_at": "2017-03-27T12:28:36.553",
  "end": 150,
  "hidden": false,
  "notes": "",
  "start": 150,
  "start_date": "2015-02-20",
  "status": "OFFO",
  "student": 10,
  "updated_at": "2017-03-27T12:28:37.047"
 },
 "model": "grad.gradstatus",
 "pk": 32
},
{
 "fields": {
  "config": "{}",
  "created_at": "2017-03-27T12:28:36.928",
  "end": null,
  "hidden": false,
  "notes": "",
  "start": 150,
  "start_date": "2015-05-11",
  "status": "ACTI",
  "student": 10,
  "updated_at": "2017-03-27T12:28:36.928"
 },
 "model": "grad.gradstatus",
 "pk": 33
},
{
 "fields": {
  "config": "{}",
  "created_at": "2017-03-27T12:28:38.179",
  "end": 152,
  "hidden": false,
  "notes": "",
  "start": 152,
  "start_date": "2015-09-27",
  "status": "COMP",
  "student": 11,
  "updated_at": "2017-03-27T12:28:38.557"
 },
 "model": "grad.gradstatus",
 "pk": 34
},
{
 "fields": {
  "config": "{}",
  "created_at": "2017-03-27T12:28:38.463",
  "end": 152,
  "hidden": false,
  "notes": "",
  "start": 152,
  "start_date": "2015-10-17",
  "status": "OFFO",
  "student": 11,
  "updated_at": "2017-03-27T12:28:39.032"
 },
 "model": "grad.gradstatus",
 "pk": 35
},
{
 "fields": {
  "config": "{}",
  "created_at": "2017-03-27T12:28:38.921",
  "end": 155,
  "hidden": false,
  "notes": "",
  "start": 152,
  "start_date": "2016-01-05",
  "status": "ACTI",
  "student": 11,
  "updated_at": "2017-03-27T12:28:39.433"
 },
 "model": "grad.gradstatus",
 "pk": 36
},
{
 "fields": {
  "config": "{}",
  "created_at": "2017-03-27T12:28:39.296",
  "end": null,
  "hidden": false,
  "notes": "",
  "start": 155,
  "start_date": "2017-01-04",
  "status": "WIDR",
  "student": 11,
  "updated_at": "2017-03-27T12:28:39.296"
 },
 "model": "grad.gradstatus",
 "pk": 37
},
{
 "fields": {
  "config": "{}",
  "created_at": "2017-03-27T12:28:40.504",
  "end": 153,
  "hidden": false,
  "notes": "",
  "start": 153,
  "start_date": "2016-01-30",
  "status": "COMP",
  "student": 12,
  "updated_at": "2017-03-27T12:28:40.908"
 },
 "model": "grad.gradstatus",
 "pk": 38
},
{
 "fields": {
  "config": "{}",
  "created_at": "2017-03-27T12:28:40.771",
  "end": 153,
  "hidden": false,
  "notes": "",
  "start": 153,
  "start_date": "2016-02-19",
  "status": "OFFO",
  "student": 12,
  "updated_at": "2017-03-27T12:28:41.375"
 },
 "model": "grad.gradstatus",
 "pk": 39
},
{
 "fields": {
  "config": "{}",
  "created_at": "2017-03-27T12:28:41.205",
  "end": null,
  "hidden": false,
  "notes": "",
  "start": 153,
  "start_date": "2016-05-09",
  "status": "ACTI",
  "student": 12,
  "updated_at": "2017-03-27T12:28:41.205"
 },
 "model": "grad.gradstatus",
 "pk": 40
},
{
 "fields": {
  "config": "{}",
  "created_at": "2017-03-27T12:28:42.655",
  "end": 150,
  "hidden": false,
  "notes": "",
  "start": 150,
  "start_date": "2015-01-31",
  "status": "COMP",
  "student": 13,
  "updated_at": "2017-03-27T12:28:43.041"
 },
 "model": "grad.gradstatus",
 "pk": 41
},
{
 "fields": {
  "config": "{}",
  "created_at": "2017-03-27T12:28:42.888",
  "end": 150,
  "hidden": false,
  "notes": "",
  "start": 150,
  "start_date": "2015-02-20",
  "status": "OFFO",
  "student": 13,
  "updated_at": "2017-03-27T12:28:43.383"
 },
 "model": "grad.gradstatus",
 "pk": 42
},
{
 "fields": {
  "config": "{}",
  "created_at": "2017-03-27T12:28:43.272",
  "end": 156,
  "hidden": false,
  "notes": "",
  "start": 150,
  "start_date": "2015-05-11",
  "status": "ACTI",
  "student": 13,
  "updated_at": "2017-03-27T12:28:43.765"
 },
 "model": "grad.gradstatus",
 "pk": 43
},
{
 "fields": {
  "config": "{}",
  "created_at": "2017-03-27T12:28:43.613",
  "end": null,
  "hidden": false,
  "notes": "",
  "start": 156,
  "start_date": "2017-05-08",
  "status": "WIDR",
  "student": 13,
  "updated_at": "2017-03-27T12:28:43.613"
 },
 "model": "grad.gradstatus",
 "pk": 44
},
{
 "fields": {
  "config": "{}",
  "created_at": "2017-03-27T12:28:44.914",
  "end": 154,
  "hidden": false,
  "notes": "",
  "start": 154,
  "start_date": "2016-05-29",
  "status": "COMP",
  "student": 14,
  "updated_at": "2017-03-27T12:28:46.123"
 },
 "model": "grad.gradstatus",
 "pk": 45
},
{
 "fields": {
  "config": "{}",
  "created_at": "2017-03-27T12:28:46.030",
  "end": 154,
  "hidden": false,
  "notes": "",
  "start": 154,
  "start_date": "2016-06-18",
  "status": "OFFO",
  "student": 14,
  "updated_at": "2017-03-27T12:28:46.488"
 },
 "model": "grad.gradstatus",
 "pk": 46
},
{
 "fields": {
  "config": "{}",
  "created_at": "2017-03-27T12:28:46.347",
  "end": 161,
  "hidden": false,
  "notes": "",
  "start": 154,
  "start_date": "2016-09-06",
  "status": "ACTI",
  "student": 14,
  "updated_at": "2017-03-27T12:28:46.842"
 },
 "model": "grad.gradstatus",
 "pk": 47
},
{
 "fields": {
  "config": "{}",
  "created_at": "2017-03-27T12:28:46.738",
  "end": null,
  "hidden": false,
  "notes": "",
  "start": 161,
  "start_date": "2019-01-03",
  "status": "WIDR",
  "student": 14,
  "updated_at": "2017-03-27T12:28:46.738"
 },
 "model": "grad.gradstatus",
 "pk": 48
},
{
 "fields": {
  "config": "{}",
  "created_at": "2017-03-27T12:28:48.447",
  "end": 155,
  "hidden": false,
  "notes": "",
  "start": 155,
  "start_date": "2016-09-26",
  "status": "COMP",
  "student": 15,
  "updated_at": "2017-03-27T12:28:48.834"
 },
 "model": "grad.gradstatus",
 "pk": 49
},
{
 "fields": {
  "config": "{}",
  "created_at": "2017-03-27T12:28:48.681",
  "end": 155,
  "hidden": false,
  "notes": "",
  "start": 155,
  "start_date": "2016-10-16",
  "status": "OFFO",
  "student": 15,
  "updated_at": "2017-03-27T12:28:49.233"
 },
 "model": "grad.gradstatus",
 "pk": 50
},
{
 "fields": {
  "config": "{}",
  "created_at": "2017-03-27T12:28:49.131",
  "end": null,
  "hidden": false,
  "notes": "",
  "start": 155,
  "start_date": "2017-01-04",
  "status": "ACTI",
  "student": 15,
  "updated_at": "2017-03-27T12:28:49.131"
 },
 "model": "grad.gradstatus",
 "pk": 51
},
{
 "fields": {
  "config": "{}",
  "created_at": "2017-03-27T12:28:51.315",
  "end": 154,
  "hidden": false,
  "notes": "",
  "start": 154,
  "start_date": "2016-05-29",
  "status": "COMP",
  "student": 16,
  "updated_at": "2017-03-27T12:28:51.808"
 },
 "model": "grad.gradstatus",
 "pk": 52
},
{
 "fields": {
  "config": "{}",
  "created_at": "2017-03-27T12:28:51.698",
  "end": null,
  "hidden": false,
  "notes": "",
  "start": 154,
  "start_date": "2016-06-18",
  "status": "REJE",
  "student": 16,
  "updated_at": "2017-03-27T12:28:51.698"
 },
 "model": "grad.gradstatus",
 "pk": 53
},
{
 "fields": {
  "config": "{}",
  "created_at": "2017-03-27T12:28:53.549",
  "end": 148,
  "hidden": false,
  "notes": "",
  "start": 148,
  "start_date": "2014-05-25",
  "status": "COMP",
  "student": 17,
  "updated_at": "2017-03-27T12:28:54.179"
 },
 "model": "grad.gradstatus",
 "pk": 54
},
{
 "fields": {
  "config": "{}",
  "created_at": "2017-03-27T12:28:53.882",
  "end": 148,
  "hidden": false,
  "notes": "",
  "start": 148,
  "start_date": "2014-06-14",
  "status": "OFFO",
  "student": 17,
  "updated_at": "2017-03-27T12:28:54.652"
 },
 "model": "grad.gradstatus",
 "pk": 55
},
{
 "fields": {
  "config": "{}",
  "created_at": "2017-03-27T12:28:54.449",
  "end": 152,
  "hidden": false,
  "notes": "",
  "start": 148,
  "start_date": "2014-09-02",
  "status": "ACTI",
  "student": 17,
  "updated_at": "2017-03-27T12:28:55.102"
 },
 "model": "grad.gradstatus",
 "pk": 56
},
{
 "fields": {
  "config": "{}",
  "created_at": "2017-03-27T12:28:54.941",
  "end": null,
  "hidden": false,
  "notes": "",
  "start": 152,
  "start_date": "2016-01-05",
  "status": "WIDR",
  "student": 17,
  "updated_at": "2017-03-27T12:28:54.941"
 },
 "model": "grad.gradstatus",
 "pk": 57
},
{
 "fields": {
  "config": "{}",
  "created_at": "2017-03-27T12:28:56.091",
  "end": 151,
  "hidden": false,
  "notes": "",
  "start": 151,
  "start_date": "2015-05-31",
  "status": "COMP",
  "student": 18,
  "updated_at": "2017-03-27T12:28:56.461"
 },
 "model": "grad.gradstatus",
 "pk": 58
},
{
 "fields": {
  "config": "{}",
  "created_at": "2017-03-27T12:28:56.307",
  "end": 151,
  "hidden": false,
  "notes": "",
  "start": 151,
  "start_date": "2015-06-20",
  "status": "OFFO",
  "student": 18,
  "updated_at": "2017-03-27T12:28:56.827"
 },
 "model": "grad.gradstatus",
 "pk": 59
},
{
 "fields": {
  "config": "{}",
  "created_at": "2017-03-27T12:28:56.699",
  "end": null,
  "hidden": false,
  "notes": "",
  "start": 151,
  "start_date": "2015-09-08",
  "status": "ACTI",
  "student": 18,
  "updated_at": "2017-03-27T12:28:56.699"
 },
 "model": "grad.gradstatus",
 "pk": 60
},
{
 "fields": {
  "config": "{}",
  "created_at": "2017-03-27T12:28:58.625",
  "end": 150,
  "hidden": false,
  "notes": "",
  "start": 150,
  "start_date": "2015-01-31",
  "status": "COMP",
  "student": 19,
  "updated_at": "2017-03-27T12:28:58.977"
 },
 "model": "grad.gradstatus",
 "pk": 61
},
{
 "fields": {
  "config": "{}",
  "created_at": "2017-03-27T12:28:58.866",
  "end": 150,
  "hidden": false,
  "notes": "",
  "start": 150,
  "start_date": "2015-02-20",
  "status": "OFFO",
  "student": 19,
  "updated_at": "2017-03-27T12:28:59.446"
 },
 "model": "grad.gradstatus",
 "pk": 62
},
{
 "fields": {
  "config": "{}",
  "created_at": "2017-03-27T12:28:59.275",
  "end": 157,
  "hidden": false,
  "notes": "",
  "start": 150,
  "start_date": "2015-05-11",
  "status": "ACTI",
  "student": 19,
  "updated_at": "2017-03-27T12:28:59.870"
 },
 "model": "grad.gradstatus",
 "pk": 63
},
{
 "fields": {
  "config": "{}",
  "created_at": "2017-03-27T12:28:59.717",
  "end": null,
  "hidden": false,
  "notes": "",
  "start": 157,
  "start_date": "2017-09-05",
  "status": "WIDR",
  "student": 19,
  "updated_at": "2017-03-27T12:28:59.717"
 },
 "model": "grad.gradstatus",
 "pk": 64
},
{
 "fields": {
  "config": "{}",
  "created_at": "2017-03-27T12:29:01.175",
  "end": 148,
  "hidden": false,
  "notes": "",
  "start": 148,
  "start_date": "2014-05-25",
  "status": "COMP",
  "student": 20,
  "updated_at": "2017-03-27T12:29:01.579"
 },
 "model": "grad.gradstatus",
 "pk": 65
},
{
 "fields": {
  "config": "{}",
  "created_at": "2017-03-27T12:29:01.434",
  "end": 148,
  "hidden": false,
  "notes": "",
  "start": 148,
  "start_date": "2014-06-14",
  "status": "OFFO",
  "student": 20,
  "updated_at": "2017-03-27T12:29:02.002"
 },
 "model": "grad.gradstatus",
 "pk": 66
},
{
 "fields": {
  "config": "{}",
  "created_at": "2017-03-27T12:29:01.850",
  "end": 154,
  "hidden": false,
  "notes": "",
  "start": 148,
  "start_date": "2014-09-02",
  "status": "ACTI",
  "student": 20,
  "updated_at": "2017-03-27T12:29:02.419"
 },
 "model": "grad.gradstatus",
 "pk": 67
},
{
 "fields": {
  "config": "{}",
  "created_at": "2017-03-27T12:29:02.292",
  "end": null,
  "hidden": false,
  "notes": "",
  "start": 154,
  "start_date": "2016-09-06",
  "status": "WIDR",
  "student": 20,
  "updated_at": "2017-03-27T12:29:02.292"
 },
 "model": "grad.gradstatus",
 "pk": 68
},
{
 "fields": {
  "config": "{}",
  "created_at": "2017-03-27T12:29:03.817",
  "end": 150,
  "hidden": false,
  "notes": "",
  "start": 150,
  "start_date": "2015-01-31",
  "status": "COMP",
  "student": 21,
  "updated_at": "2017-03-27T12:29:04.229"
 },
 "model": "grad.gradstatus",
 "pk": 69
},
{
 "fields": {
  "config": "{}",
  "created_at": "2017-03-27T12:29:04.067",
  "end": 150,
  "hidden": false,
  "notes": "",
  "start": 150,
  "start_date": "2015-02-20",
  "status": "OFFO",
  "student": 21,
  "updated_at": "2017-03-27T12:29:04.621"
 },
 "model": "grad.gradstatus",
 "pk": 70
},
{
 "fields": {
  "config": "{}",
  "created_at": "2017-03-27T12:29:04.509",
  "end": null,
  "hidden": false,
  "notes": "",
  "start": 150,
  "start_date": "2015-05-11",
  "status": "ACTI",
  "student": 21,
  "updated_at": "2017-03-27T12:29:04.509"
 },
 "model": "grad.gradstatus",
 "pk": 71
},
{
 "fields": {
  "config": "{}",
  "created_at": "2017-03-27T12:29:06.068",
  "end": 152,
  "hidden": false,
  "notes": "",
  "start": 152,
  "start_date": "2015-09-27",
  "status": "COMP",
  "student": 22,
  "updated_at": "2017-03-27T12:29:06.504"
 },
 "model": "grad.gradstatus",
 "pk": 72
},
{
 "fields": {
  "config": "{}",
  "created_at": "2017-03-27T12:29:06.396",
  "end": null,
  "hidden": false,
  "notes": "",
  "start": 152,
  "start_date": "2015-10-17",
  "status": "REJE",
  "student": 22,
  "updated_at": "2017-03-27T12:29:06.396"
 },
 "model": "grad.gradstatus",
 "pk": 73
},
{
 "fields": {
  "config": "{}",
  "created_at": "2017-03-27T12:29:07.835",
  "end": 153,
  "hidden": false,
  "notes": "",
  "start": 153,
  "start_date": "2016-01-30",
  "status": "COMP",
  "student": 23,
  "updated_at": "2017-03-27T12:29:08.238"
 },
 "model": "grad.gradstatus",
 "pk": 74
},
{
 "fields": {
  "config": "{}",
  "created_at": "2017-03-27T12:29:08.135",
  "end": 153,
  "hidden": false,
  "notes": "",
  "start": 153,
  "start_date": "2016-02-19",
  "status": "OFFO",
  "student": 23,
  "updated_at": "2017-03-27T12:29:08.630"
 },
 "model": "grad.gradstatus",
 "pk": 75
},
{
 "fields": {
  "config": "{}",
  "created_at": "2017-03-27T12:29:08.529",
  "end": null,
  "hidden": false,
  "notes": "",
  "start": 153,
  "start_date": "2016-05-09",
  "status": "ACTI",
  "student": 23,
  "updated_at": "2017-03-27T12:29:08.529"
 },
 "model": "grad.gradstatus",
 "pk": 76
},
{
 "fields": {
  "config": "{}",
  "created_at": "2017-03-27T12:29:09.794",
  "end": 151,
  "hidden": false,
  "notes": "",
  "start": 151,
  "start_date": "2015-05-31",
  "status": "COMP",
  "student": 24,
  "updated_at": "2017-03-27T12:29:10.174"
 },
 "model": "grad.gradstatus",
 "pk": 77
},
{
 "fields": {
  "config": "{}",
  "created_at": "2017-03-27T12:29:10.057",
  "end": 151,
  "hidden": false,
  "notes": "",
  "start": 151,
  "start_date": "2015-06-20",
  "status": "OFFO",
  "student": 24,
  "updated_at": "2017-03-27T12:29:10.774"
 },
 "model": "grad.gradstatus",
 "pk": 78
},
{
 "fields": {
  "config": "{}",
  "created_at": "2017-03-27T12:29:10.502",
  "end": 158,
  "hidden": false,
  "notes": "",
  "start": 151,
  "start_date": "2015-09-08",
  "status": "ACTI",
  "student": 24,
  "updated_at": "2017-03-27T12:29:11.181"
 },
 "model": "grad.gradstatus",
 "pk": 79
},
{
 "fields": {
  "config": "{}",
  "created_at": "2017-03-27T12:29:11.035",
  "end": null,
  "hidden": false,
  "notes": "",
  "start": 158,
  "start_date": "2018-01-03",
  "status": "WIDR",
  "student": 24,
  "updated_at": "2017-03-27T12:29:11.035"
 },
 "model": "grad.gradstatus",
 "pk": 80
},
{
 "fields": {
  "config": "{}",
  "created_at": "2017-03-27T12:29:12.269",
  "end": 149,
  "hidden": false,
  "notes": "",
  "start": 149,
  "start_date": "2014-09-28",
  "status": "COMP",
  "student": 25,
  "updated_at": "2017-03-27T12:29:12.630"
 },
 "model": "grad.gradstatus",
 "pk": 81
},
{
 "fields": {
  "config": "{}",
  "created_at": "2017-03-27T12:29:12.528",
  "end": 149,
  "hidden": false,
  "notes": "",
  "start": 149,
  "start_date": "2014-10-18",
  "status": "OFFO",
  "student": 25,
  "updated_at": "2017-03-27T12:29:13.081"
 },
 "model": "grad.gradstatus",
 "pk": 82
},
{
 "fields": {
  "config": "{}",
  "created_at": "2017-03-27T12:29:12.952",
  "end": null,
  "hidden": false,
  "notes": "",
  "start": 149,
  "start_date": "2015-01-06",
  "status": "ACTI",
  "student": 25,
  "updated_at": "2017-03-27T12:29:12.953"
 },
 "model": "grad.gradstatus",
 "pk": 83
},
{
 "fields": {
  "amount": "2000.00",
  "comments": null,
  "end_semester": 156,
  "removed": false,
  "scholarship_type": 2,
  "start_semester": 154,
  "student": 1
 },
 "model": "grad.scholarship",
 "pk": 1
},
{
 "fields": {
  "amount": "2000.00",
  "comments": null,
  "end_semester": 155,
  "removed": false,
  "scholarship_type": 2,
  "start_semester": 153,
  "student": 2
 },
 "model": "grad.scholarship",
 "pk": 2
},
{
 "fields": {
  "amount": "2000.00",
  "comments": null,
  "end_semester": 150,
  "removed": false,
  "scholarship_type": 1,
  "start_semester": 148,
  "student": 3
 },
 "model": "grad.scholarship",
 "pk": 3
},
{
 "fields": {
  "amount": "2000.00",
  "comments": null,
  "end_semester": 157,
  "removed": false,
  "scholarship_type": 2,
  "start_semester": 155,
  "student": 4
 },
 "model": "grad.scholarship",
 "pk": 4
},
{
 "fields": {
  "amount": "2000.00",
  "comments": null,
  "end_semester": 154,
  "removed": false,
  "scholarship_type": 2,
  "start_semester": 152,
  "student": 5
 },
 "model": "grad.scholarship",
 "pk": 5
},
{
 "fields": {
  "amount": "2000.00",
  "comments": null,
  "end_semester": 152,
  "removed": false,
  "scholarship_type": 2,
  "start_semester": 150,
  "student": 6
 },
 "model": "grad.scholarship",
 "pk": 6
},
{
 "fields": {
  "amount": "2000.00",
  "comments": null,
  "end_semester": 152,
  "removed": false,
  "scholarship_type": 2,
  "start_semester": 150,
  "student": 7
 },
 "model": "grad.scholarship",
 "pk": 7
},
{
 "fields": {
  "amount": "2000.00",
  "comments": null,
  "end_semester": 153,
  "removed": false,
  "scholarship_type": 1,
  "start_semester": 151,
  "student": 8
 },
 "model": "grad.scholarship",
 "pk": 8
},
{
 "fields": {
  "amount": "2000.00",
  "comments": null,
  "end_semester": 152,
  "removed": false,
  "scholarship_type": 2,
  "start_semester": 150,
  "student": 9
 },
 "model": "grad.scholarship",
 "pk": 9
},
{
 "fields": {
  "amount": "2000.00",
  "comments": null,
  "end_semester": 152,
  "removed": false,
  "scholarship_type": 2,
  "start_semester": 150,
  "student": 10
 },
 "model": "grad.scholarship",
 "pk": 10
},
{
 "fields": {
  "amount": "2000.00",
  "comments": null,
  "end_semester": 154,
  "removed": false,
  "scholarship_type": 2,
  "start_semester": 152,
  "student": 11
 },
 "model": "grad.scholarship",
 "pk": 11
},
{
 "fields": {
  "amount": "2000.00",
  "comments": null,
  "end_semester": 155,
  "removed": false,
  "scholarship_type": 2,
  "start_semester": 153,
  "student": 12
 },
 "model": "grad.scholarship",
 "pk": 12
},
{
 "fields": {
  "amount": "2000.00",
  "comments": null,
  "end_semester": 152,
  "removed": false,
  "scholarship_type": 1,
  "start_semester": 150,
  "student": 13
 },
 "model": "grad.scholarship",
 "pk": 13
},
{
 "fields": {
  "amount": "2000.00",
  "comments": null,
  "end_semester": 156,
  "removed": false,
  "scholarship_type": 2,
  "start_semester": 154,
  "student": 14
 },
 "model": "grad.scholarship",
 "pk": 14
},
{
 "fields": {
  "amount": "2000.00",
  "comments": null,
  "end_semester": 157,
  "removed": false,
  "scholarship_type": 1,
  "start_semester": 155,
  "student": 15
 },
 "model": "grad.scholarship",
 "pk": 15
},
{
 "fields": {
  "amount": "2000.00",
  "comments": null,
  "end_semester": 156,
  "removed": false,
  "scholarship_type": 2,
  "start_semester": 154,
  "student": 16
 },
 "model": "grad.scholarship",
 "pk": 16
},
{
 "fields": {
  "amount": "2000.00",
  "comments": null,
  "end_semester": 150,
  "removed": false,
  "scholarship_type": 1,
  "start_semester": 148,
  "student": 17
 },
 "model": "grad.scholarship",
 "pk": 17
},
{
 "fields": {
  "amount": "2000.00",
  "comments": null,
  "end_semester": 153,
  "removed": false,
  "scholarship_type": 1,
  "start_semester": 151,
  "student": 18
 },
 "model": "grad.scholarship",
 "pk": 18
},
{
 "fields": {
  "amount": "2000.00",
  "comments": null,
  "end_semester": 152,
  "removed": false,
  "scholarship_type": 2,
  "start_semester": 150,
  "student": 19
 },
 "model": "grad.scholarship",
 "pk": 19
},
{
 "fields": {
  "amount": "2000.00",
  "comments": null,
  "end_semester": 150,
  "removed": false,
  "scholarship_type": 1,
  "start_semester": 148,
  "student": 20
 },
 "model": "grad.scholarship",
 "pk": 20
},
{
 "fields": {
  "amount": "2000.00",
  "comments": null,
  "end_semester": 152,
  "removed": false,
  "scholarship_type": 1,
  "start_semester": 150,
  "student": 21
 },
 "model": "grad.scholarship",
 "pk": 21
},
{
 "fields": {
  "amount": "2000.00",
  "comments": null,
  "end_semester": 154,
  "removed": false,
  "scholarship_type": 2,
  "start_semester": 152,
  "student": 22
 },
 "model": "grad.scholarship",
 "pk": 22
},
{
 "fields": {
  "amount": "2000.00",
  "comments": null,
  "end_semester": 155,
  "removed": false,
  "scholarship_type": 1,
  "start_semester": 153,
  "student": 23
 },
 "model": "grad.scholarship",
 "pk": 23
},
{
 "fields": {
  "amount": "2000.00",
  "comments": null,
  "end_semester": 153,
  "removed": false,
  "scholarship_type": 1,
  "start_semester": 151,
  "student": 24
 },
 "model": "grad.scholarship",
 "pk": 24
},
{
 "fields": {
  "amount": "2000.00",
  "comments": null,
  "end_semester": 151,
  "removed": false,
  "scholarship_type": 2,
  "start_semester": 149,
  "student": 25
 },
 "model": "grad.scholarship",
 "pk": 25
},
{
 "fields": {
  "amount": "1300.00",
  "comments": null,
  "description": "Money fell from the sky",
  "eligible": true,
  "removed": false,
  "semester": 157,
  "student": 1
 },
 "model": "grad.otherfunding",
 "pk": 1
},
{
 "fields": {
  "amount": "1300.00",
  "comments": null,
  "description": "Money fell from the sky",
  "eligible": true,
  "removed": false,
  "semester": 156,
  "student": 2
 },
 "model": "grad.otherfunding",
 "pk": 2
},
{
 "fields": {
  "amount": "1300.00",
  "comments": null,
  "description": "Money fell from the sky",
  "eligible": true,
  "removed": false,
  "semester": 151,
  "student": 3
 },
 "model": "grad.otherfunding",
 "pk": 3
},
{
 "fields": {
  "amount": "1300.00",
  "comments": null,
  "description": "Money fell from the sky",
  "eligible": true,
  "removed": false,
  "semester": 158,
  "student": 4
 },
 "model": "grad.otherfunding",
 "pk": 4
},
{
 "fields": {
  "amount": "1300.00",
  "comments": null,
  "description": "Money fell from the sky",
  "eligible": true,
  "removed": false,
  "semester": 155,
  "student": 5
 },
 "model": "grad.otherfunding",
 "pk": 5
},
{
 "fields": {
  "amount": "1300.00",
  "comments": null,
  "description": "Money fell from the sky",
  "eligible": true,
  "removed": false,
  "semester": 153,
  "student": 6
 },
 "model": "grad.otherfunding",
 "pk": 6
},
{
 "fields": {
  "amount": "1300.00",
  "comments": null,
  "description": "Money fell from the sky",
  "eligible": true,
  "removed": false,
  "semester": 153,
  "student": 7
 },
 "model": "grad.otherfunding",
 "pk": 7
},
{
 "fields": {
  "amount": "1300.00",
  "comments": null,
  "description": "Money fell from the sky",
  "eligible": true,
  "removed": false,
  "semester": 154,
  "student": 8
 },
 "model": "grad.otherfunding",
 "pk": 8
},
{
 "fields": {
  "amount": "1300.00",
  "comments": null,
  "description": "Money fell from the sky",
  "eligible": true,
  "removed": false,
  "semester": 153,
  "student": 9
 },
 "model": "grad.otherfunding",
 "pk": 9
},
{
 "fields": {
  "amount": "1300.00",
  "comments": null,
  "description": "Money fell from the sky",
  "eligible": true,
  "removed": false,
  "semester": 153,
  "student": 10
 },
 "model": "grad.otherfunding",
 "pk": 10
},
{
 "fields": {
  "amount": "1300.00",
  "comments": null,
  "description": "Money fell from the sky",
  "eligible": true,
  "removed": false,
  "semester": 155,
  "student": 11
 },
 "model": "grad.otherfunding",
 "pk": 11
},
{
 "fields": {
  "amount": "1300.00",
  "comments": null,
  "description": "Money fell from the sky",
  "eligible": true,
  "removed": false,
  "semester": 156,
  "student": 12
 },
 "model": "grad.otherfunding",
 "pk": 12
},
{
 "fields": {
  "amount": "1300.00",
  "comments": null,
  "description": "Money fell from the sky",
  "eligible": true,
  "removed": false,
  "semester": 153,
  "student": 13
 },
 "model": "grad.otherfunding",
 "pk": 13
},
{
 "fields": {
  "amount": "1300.00",
  "comments": null,
  "description": "Money fell from the sky",
  "eligible": true,
  "removed": false,
  "semester": 157,
  "student": 14
 },
 "model": "grad.otherfunding",
 "pk": 14
},
{
 "fields": {
  "amount": "1300.00",
  "comments": null,
  "description": "Money fell from the sky",
  "eligible": true,
  "removed": false,
  "semester": 158,
  "student": 15
 },
 "model": "grad.otherfunding",
 "pk": 15
},
{
 "fields": {
  "amount": "1300.00",
  "comments": null,
  "description": "Money fell from the sky",
  "eligible": true,
  "removed": false,
  "semester": 157,
  "student": 16
 },
 "model": "grad.otherfunding",
 "pk": 16
},
{
 "fields": {
  "amount": "1300.00",
  "comments": null,
  "description": "Money fell from the sky",
  "eligible": true,
  "removed": false,
  "semester": 151,
  "student": 17
 },
 "model": "grad.otherfunding",
 "pk": 17
},
{
 "fields": {
  "amount": "1300.00",
  "comments": null,
  "description": "Money fell from the sky",
  "eligible": true,
  "removed": false,
  "semester": 154,
  "student": 18
 },
 "model": "grad.otherfunding",
 "pk": 18
},
{
 "fields": {
  "amount": "1300.00",
  "comments": null,
  "description": "Money fell from the sky",
  "eligible": true,
  "removed": false,
  "semester": 153,
  "student": 19
 },
 "model": "grad.otherfunding",
 "pk": 19
},
{
 "fields": {
  "amount": "1300.00",
  "comments": null,
  "description": "Money fell from the sky",
  "eligible": true,
  "removed": false,
  "semester": 151,
  "student": 20
 },
 "model": "grad.otherfunding",
 "pk": 20
},
{
 "fields": {
  "amount": "1300.00",
  "comments": null,
  "description": "Money fell from the sky",
  "eligible": true,
  "removed": false,
  "semester": 153,
  "student": 21
 },
 "model": "grad.otherfunding",
 "pk": 21
},
{
 "fields": {
  "amount": "1300.00",
  "comments": null,
  "description": "Money fell from the sky",
  "eligible": true,
  "removed": false,
  "semester": 155,
  "student": 22
 },
 "model": "grad.otherfunding",
 "pk": 22
},
{
 "fields": {
  "amount": "1300.00",
  "comments": null,
  "description": "Money fell from the sky",
  "eligible": true,
  "removed": false,
  "semester": 156,
  "student": 23
 },
 "model": "grad.otherfunding",
 "pk": 23
},
{
 "fields": {
  "amount": "1300.00",
  "comments": null,
  "description": "Money fell from the sky",
  "eligible": true,
  "removed": false,
  "semester": 154,
  "student": 24
 },
 "model": "grad.otherfunding",
 "pk": 24
},
{
 "fields": {
  "amount": "1300.00",
  "comments": null,
  "description": "Money fell from the sky",
  "eligible": true,
  "removed": false,
  "semester": 152,
  "student": 25
 },
 "model": "grad.otherfunding",
 "pk": 25
},
{
 "fields": {
  "amount": "10000.00",
  "comments": null,
  "end_semester": 156,
  "removed": false,
  "start_semester": 154,
  "student": 1
 },
 "model": "grad.promise",
 "pk": 1
},
{
 "fields": {
  "amount": "10000.00",
  "comments": null,
  "end_semester": 159,
  "removed": false,
  "start_semester": 157,
  "student": 1
 },
 "model": "grad.promise",
 "pk": 2
},
{
 "fields": {
  "amount": "10000.00",
  "comments": null,
  "end_semester": 155,
  "removed": false,
  "start_semester": 153,
  "student": 2
 },
 "model": "grad.promise",
 "pk": 3
},
{
 "fields": {
  "amount": "10000.00",
  "comments": null,
  "end_semester": 158,
  "removed": false,
  "start_semester": 156,
  "student": 2
 },
 "model": "grad.promise",
 "pk": 4
},
{
 "fields": {
  "amount": "10000.00",
  "comments": null,
  "end_semester": 150,
  "removed": false,
  "start_semester": 148,
  "student": 3
 },
 "model": "grad.promise",
 "pk": 5
},
{
 "fields": {
  "amount": "10000.00",
  "comments": null,
  "end_semester": 153,
  "removed": false,
  "start_semester": 151,
  "student": 3
 },
 "model": "grad.promise",
 "pk": 6
},
{
 "fields": {
  "amount": "10000.00",
  "comments": null,
  "end_semester": 157,
  "removed": false,
  "start_semester": 155,
  "student": 4
 },
 "model": "grad.promise",
 "pk": 7
},
{
 "fields": {
  "amount": "10000.00",
  "comments": null,
  "end_semester": 160,
  "removed": false,
  "start_semester": 158,
  "student": 4
 },
 "model": "grad.promise",
 "pk": 8
},
{
 "fields": {
  "amount": "10000.00",
  "comments": null,
  "end_semester": 154,
  "removed": false,
  "start_semester": 152,
  "student": 5
 },
 "model": "grad.promise",
 "pk": 9
},
{
 "fields": {
  "amount": "10000.00",
  "comments": null,
  "end_semester": 157,
  "removed": false,
  "start_semester": 155,
  "student": 5
 },
 "model": "grad.promise",
 "pk": 10
},
{
 "fields": {
  "amount": "10000.00",
  "comments": null,
  "end_semester": 152,
  "removed": false,
  "start_semester": 150,
  "student": 6
 },
 "model": "grad.promise",
 "pk": 11
},
{
 "fields": {
  "amount": "10000.00",
  "comments": null,
  "end_semester": 155,
  "removed": false,
  "start_semester": 153,
  "student": 6
 },
 "model": "grad.promise",
 "pk": 12
},
{
 "fields": {
  "amount": "10000.00",
  "comments": null,
  "end_semester": 152,
  "removed": false,
  "start_semester": 150,
  "student": 7
 },
 "model": "grad.promise",
 "pk": 13
},
{
 "fields": {
  "amount": "10000.00",
  "comments": null,
  "end_semester": 155,
  "removed": false,
  "start_semester": 153,
  "student": 7
 },
 "model": "grad.promise",
 "pk": 14
},
{
 "fields": {
  "amount": "10000.00",
  "comments": null,
  "end_semester": 153,
  "removed": false,
  "start_semester": 151,
  "student": 8
 },
 "model": "grad.promise",
 "pk": 15
},
{
 "fields": {
  "amount": "10000.00",
  "comments": null,
  "end_semester": 156,
  "removed": false,
  "start_semester": 154,
  "student": 8
 },
 "model": "grad.promise",
 "pk": 16
},
{
 "fields": {
  "amount": "10000.00",
  "comments": null,
  "end_semester": 152,
  "removed": false,
  "start_semester": 150,
  "student": 9
 },
 "model": "grad.promise",
 "pk": 17
},
{
 "fields": {
  "amount": "10000.00",
  "comments": null,
  "end_semester": 155,
  "removed": false,
  "start_semester": 153,
  "student": 9
 },
 "model": "grad.promise",
 "pk": 18
},
{
 "fields": {
  "amount": "10000.00",
  "comments": null,
  "end_semester": 152,
  "removed": false,
  "start_semester": 150,
  "student": 10
 },
 "model": "grad.promise",
 "pk": 19
},
{
 "fields": {
  "amount": "10000.00",
  "comments": null,
  "end_semester": 155,
  "removed": false,
  "start_semester": 153,
  "student": 10
 },
 "model": "grad.promise",
 "pk": 20
},
{
 "fields": {
  "amount": "10000.00",
  "comments": null,
  "end_semester": 154,
  "removed": false,
  "start_semester": 152,
  "student": 11
 },
 "model": "grad.promise",
 "pk": 21
},
{
 "fields": {
  "amount": "10000.00",
  "comments": null,
  "end_semester": 157,
  "removed": false,
  "start_semester": 155,
  "student": 11
 },
 "model": "grad.promise",
 "pk": 22
},
{
 "fields": {
  "amount": "10000.00",
  "comments": null,
  "end_semester": 155,
  "removed": false,
  "start_semester": 153,
  "student": 12
 },
 "model": "grad.promise",
 "pk": 23
},
{
 "fields": {
  "amount": "10000.00",
  "comments": null,
  "end_semester": 158,
  "removed": false,
  "start_semester": 156,
  "student": 12
 },
 "model": "grad.promise",
 "pk": 24
},
{
 "fields": {
  "amount": "10000.00",
  "comments": null,
  "end_semester": 152,
  "removed": false,
  "start_semester": 150,
  "student": 13
 },
 "model": "grad.promise",
 "pk": 25
},
{
 "fields": {
  "amount": "10000.00",
  "comments": null,
  "end_semester": 155,
  "removed": false,
  "start_semester": 153,
  "student": 13
 },
 "model": "grad.promise",
 "pk": 26
},
{
 "fields": {
  "amount": "10000.00",
  "comments": null,
  "end_semester": 156,
  "removed": false,
  "start_semester": 154,
  "student": 14
 },
 "model": "grad.promise",
 "pk": 27
},
{
 "fields": {
  "amount": "10000.00",
  "comments": null,
  "end_semester": 159,
  "removed": false,
  "start_semester": 157,
  "student": 14
 },
 "model": "grad.promise",
 "pk": 28
},
{
 "fields": {
  "amount": "10000.00",
  "comments": null,
  "end_semester": 157,
  "removed": false,
  "start_semester": 155,
  "student": 15
 },
 "model": "grad.promise",
 "pk": 29
},
{
 "fields": {
  "amount": "10000.00",
  "comments": null,
  "end_semester": 160,
  "removed": false,
  "start_semester": 158,
  "student": 15
 },
 "model": "grad.promise",
 "pk": 30
},
{
 "fields": {
  "amount": "10000.00",
  "comments": null,
  "end_semester": 156,
  "removed": false,
  "start_semester": 154,
  "student": 16
 },
 "model": "grad.promise",
 "pk": 31
},
{
 "fields": {
  "amount": "10000.00",
  "comments": null,
  "end_semester": 159,
  "removed": false,
  "start_semester": 157,
  "student": 16
 },
 "model": "grad.promise",
 "pk": 32
},
{
 "fields": {
  "amount": "10000.00",
  "comments": null,
  "end_semester": 150,
  "removed": false,
  "start_semester": 148,
  "student": 17
 },
 "model": "grad.promise",
 "pk": 33
},
{
 "fields": {
  "amount": "10000.00",
  "comments": null,
  "end_semester": 153,
  "removed": false,
  "start_semester": 151,
  "student": 17
 },
 "model": "grad.promise",
 "pk": 34
},
{
 "fields": {
  "amount": "10000.00",
  "comments": null,
  "end_semester": 153,
  "removed": false,
  "start_semester": 151,
  "student": 18
 },
 "model": "grad.promise",
 "pk": 35
},
{
 "fields": {
  "amount": "10000.00",
  "comments": null,
  "end_semester": 156,
  "removed": false,
  "start_semester": 154,
  "student": 18
 },
 "model": "grad.promise",
 "pk": 36
},
{
 "fields": {
  "amount": "10000.00",
  "comments": null,
  "end_semester": 152,
  "removed": false,
  "start_semester": 150,
  "student": 19
 },
 "model": "grad.promise",
 "pk": 37
},
{
 "fields": {
  "amount": "10000.00",
  "comments": null,
  "end_semester": 155,
  "removed": false,
  "start_semester": 153,
  "student": 19
 },
 "model": "grad.promise",
 "pk": 38
},
{
 "fields": {
  "amount": "10000.00",
  "comments": null,
  "end_semester": 150,
  "removed": false,
  "start_semester": 148,
  "student": 20
 },
 "model": "grad.promise",
 "pk": 39
},
{
 "fields": {
  "amount": "10000.00",
  "comments": null,
  "end_semester": 153,
  "removed": false,
  "start_semester": 151,
  "student": 20
 },
 "model": "grad.promise",
 "pk": 40
},
{
 "fields": {
  "amount": "10000.00",
  "comments": null,
  "end_semester": 152,
  "removed": false,
  "start_semester": 150,
  "student": 21
 },
 "model": "grad.promise",
 "pk": 41
},
{
 "fields": {
  "amount": "10000.00",
  "comments": null,
  "end_semester": 155,
  "removed": false,
  "start_semester": 153,
  "student": 21
 },
 "model": "grad.promise",
 "pk": 42
},
{
 "fields": {
  "amount": "10000.00",
  "comments": null,
  "end_semester": 154,
  "removed": false,
  "start_semester": 152,
  "student": 22
 },
 "model": "grad.promise",
 "pk": 43
},
{
 "fields": {
  "amount": "10000.00",
  "comments": null,
  "end_semester": 157,
  "removed": false,
  "start_semester": 155,
  "student": 22
 },
 "model": "grad.promise",
 "pk": 44
},
{
 "fields": {
  "amount": "10000.00",
  "comments": null,
  "end_semester": 155,
  "removed": false,
  "start_semester": 153,
  "student": 23
 },
 "model": "grad.promise",
 "pk": 45
},
{
 "fields": {
  "amount": "10000.00",
  "comments": null,
  "end_semester": 158,
  "removed": false,
  "start_semester": 156,
  "student": 23
 },
 "model": "grad.promise",
 "pk": 46
},
{
 "fields": {
  "amount": "10000.00",
  "comments": null,
  "end_semester": 153,
  "removed": false,
  "start_semester": 151,
  "student": 24
 },
 "model": "grad.promise",
 "pk": 47
},
{
 "fields": {
  "amount": "10000.00",
  "comments": null,
  "end_semester": 156,
  "removed": false,
  "start_semester": 154,
  "student": 24
 },
 "model": "grad.promise",
 "pk": 48
},
{
 "fields": {
  "amount": "10000.00",
  "comments": null,
  "end_semester": 151,
  "removed": false,
  "start_semester": 149,
  "student": 25
 },
 "model": "grad.promise",
 "pk": 49
},
{
 "fields": {
  "amount": "10000.00",
  "comments": null,
  "end_semester": 154,
  "removed": false,
  "start_semester": 152,
  "student": 25
 },
 "model": "grad.promise",
 "pk": 50
},
{
 "fields": {
  "created_at": "2017-03-27T12:28:15.916",
  "date": null,
  "notes": null,
  "removed": false,
  "requirement": 7,
  "semester": 155,
  "student": 1,
  "updated_at": "2017-03-27T12:28:15.916"
 },
 "model": "grad.completedrequirement",
 "pk": 1
},
{
 "fields": {
  "created_at": "2017-03-27T12:28:24.876",
  "date": null,
  "notes": null,
  "removed": false,
  "requirement": 7,
  "semester": 153,
  "student": 5,
  "updated_at": "2017-03-27T12:28:24.876"
 },
 "model": "grad.completedrequirement",
 "pk": 2
},
{
 "fields": {
  "created_at": "2017-03-27T12:28:50.273",
  "date": null,
  "notes": null,
  "removed": false,
  "requirement": 7,
  "semester": 156,
  "student": 15,
  "updated_at": "2017-03-27T12:28:50.273"
 },
 "model": "grad.completedrequirement",
 "pk": 3
},
{
 "fields": {
  "created_at": "2017-03-27T12:28:52.824",
  "date": null,
  "notes": null,
  "removed": false,
  "requirement": 7,
  "semester": 155,
  "student": 16,
  "updated_at": "2017-03-27T12:28:52.824"
 },
 "model": "grad.completedrequirement",
 "pk": 4
},
{
 "fields": {
  "created_at": "2017-03-27T12:28:57.508",
  "date": null,
  "notes": null,
  "removed": false,
  "requirement": 7,
  "semester": 152,
  "student": 18,
  "updated_at": "2017-03-27T12:28:57.508"
 },
 "model": "grad.completedrequirement",
 "pk": 5
},
{
 "fields": {
  "created_at": "2017-03-27T12:29:09.347",
  "date": null,
  "notes": null,
  "removed": false,
  "requirement": 7,
  "semester": 154,
  "student": 23,
  "updated_at": "2017-03-27T12:29:09.347"
 },
 "model": "grad.completedrequirement",
 "pk": 6
},
{
 "fields": {
  "flag": 2,
  "student": 2,
  "value": true
 },
 "model": "grad.gradflagvalue",
 "pk": 1
},
{
 "fields": {
  "flag": 2,
  "student": 12,
  "value": true
 },
 "model": "grad.gradflagvalue",
 "pk": 2
},
{
 "fields": {
  "flag": 2,
  "student": 13,
  "value": true
 },
 "model": "grad.gradflagvalue",
 "pk": 3
},
{
 "fields": {
  "flag": 2,
  "student": 15,
  "value": true
 },
 "model": "grad.gradflagvalue",
 "pk": 4
},
{
 "fields": {
  "flag": 2,
  "student": 20,
  "value": true
 },
 "model": "grad.gradflagvalue",
 "pk": 5
},
{
 "fields": {
  "flag": 2,
  "student": 22,
  "value": true
 },
 "model": "grad.gradflagvalue",
 "pk": 6
},
{
 "fields": {
  "flag": 2,
  "student": 23,
  "value": true
 },
 "model": "grad.gradflagvalue",
 "pk": 7
},
{
 "fields": {
  "config": "{}",
  "created_at": "2017-03-27T12:28:18.249",
  "created_by": "",
  "external": null,
  "modified_by": null,
  "removed": false,
  "student": 2,
  "supervisor": 16,
  "supervisor_type": "POT",
  "updated_at": "2017-03-27T12:28:18.250"
 },
 "model": "grad.supervisor",
 "pk": 1
},
{
 "fields": {
  "config": "{}",
  "created_at": "2017-03-27T12:28:18.356",
  "created_by": "",
  "external": null,
  "modified_by": null,
  "removed": false,
  "student": 2,
  "supervisor": 16,
  "supervisor_type": "SEN",
  "updated_at": "2017-03-27T12:28:18.357"
 },
 "model": "grad.supervisor",
 "pk": 2
},
{
 "fields": {
  "config": "{}",
  "created_at": "2017-03-27T12:28:18.466",
  "created_by": "",
  "external": null,
  "modified_by": null,
  "removed": false,
  "student": 2,
  "supervisor": 14,
  "supervisor_type": "COM",
  "updated_at": "2017-03-27T12:28:18.467"
 },
 "model": "grad.supervisor",
 "pk": 3
},
{
 "fields": {
  "config": "{}",
  "created_at": "2017-03-27T12:28:20.574",
  "created_by": "",
  "external": null,
  "modified_by": null,
  "removed": false,
  "student": 3,
  "supervisor": 9,
  "supervisor_type": "POT",
  "updated_at": "2017-03-27T12:28:20.575"
 },
 "model": "grad.supervisor",
 "pk": 4
},
{
 "fields": {
  "config": "{}",
  "created_at": "2017-03-27T12:28:20.674",
  "created_by": "",
  "external": null,
  "modified_by": null,
  "removed": false,
  "student": 3,
  "supervisor": 9,
  "supervisor_type": "SEN",
  "updated_at": "2017-03-27T12:28:20.675"
 },
 "model": "grad.supervisor",
 "pk": 5
},
{
 "fields": {
  "config": "{}",
  "created_at": "2017-03-27T12:28:20.775",
  "created_by": "",
  "external": null,
  "modified_by": null,
  "removed": false,
  "student": 3,
  "supervisor": 16,
  "supervisor_type": "COM",
  "updated_at": "2017-03-27T12:28:20.775"
 },
 "model": "grad.supervisor",
 "pk": 6
},
{
 "fields": {
  "config": "{}",
  "created_at": "2017-03-27T12:28:24.983",
  "created_by": "",
  "external": null,
  "modified_by": null,
  "removed": false,
  "student": 5,
  "supervisor": 11,
  "supervisor_type": "POT",
  "updated_at": "2017-03-27T12:28:24.984"
 },
 "model": "grad.supervisor",
 "pk": 7
},
{
 "fields": {
  "config": "{}",
  "created_at": "2017-03-27T12:28:25.125",
  "created_by": "",
  "external": null,
  "modified_by": null,
  "removed": false,
  "student": 5,
  "supervisor": 11,
  "supervisor_type": "SEN",
  "updated_at": "2017-03-27T12:28:25.126"
 },
 "model": "grad.supervisor",
 "pk": 8
},
{
 "fields": {
  "config": "{}",
  "created_at": "2017-03-27T12:28:25.267",
  "created_by": "",
  "external": null,
  "modified_by": null,
  "removed": false,
  "student": 5,
  "supervisor": 1,
  "supervisor_type": "COM",
  "updated_at": "2017-03-27T12:28:25.268"
 },
 "model": "grad.supervisor",
 "pk": 9
},
{
 "fields": {
  "config": "{}",
  "created_at": "2017-03-27T12:28:27.617",
  "created_by": "",
  "external": null,
  "modified_by": null,
  "removed": false,
  "student": 6,
  "supervisor": 8,
  "supervisor_type": "POT",
  "updated_at": "2017-03-27T12:28:27.618"
 },
 "model": "grad.supervisor",
 "pk": 10
},
{
 "fields": {
  "config": "{}",
  "created_at": "2017-03-27T12:28:33.068",
  "created_by": "",
  "external": null,
  "modified_by": null,
  "removed": false,
  "student": 8,
  "supervisor": 13,
  "supervisor_type": "POT",
  "updated_at": "2017-03-27T12:28:33.069"
 },
 "model": "grad.supervisor",
 "pk": 11
},
{
 "fields": {
  "config": "{}",
  "created_at": "2017-03-27T12:28:33.169",
  "created_by": "",
  "external": null,
  "modified_by": null,
  "removed": false,
  "student": 8,
  "supervisor": 13,
  "supervisor_type": "SEN",
  "updated_at": "2017-03-27T12:28:33.170"
 },
 "model": "grad.supervisor",
 "pk": 12
},
{
 "fields": {
  "config": "{}",
  "created_at": "2017-03-27T12:28:33.286",
  "created_by": "",
  "external": null,
  "modified_by": null,
  "removed": false,
  "student": 8,
  "supervisor": 8,
  "supervisor_type": "COM",
  "updated_at": "2017-03-27T12:28:33.286"
 },
 "model": "grad.supervisor",
 "pk": 13
},
{
 "fields": {
  "config": "{}",
  "created_at": "2017-03-27T12:28:35.452",
  "created_by": "",
  "external": null,
  "modified_by": null,
  "removed": false,
  "student": 9,
  "supervisor": 18,
  "supervisor_type": "POT",
  "updated_at": "2017-03-27T12:28:35.453"
 },
 "model": "grad.supervisor",
 "pk": 14
},
{
 "fields": {
  "config": "{}",
  "created_at": "2017-03-27T12:28:35.578",
  "created_by": "",
  "external": null,
  "modified_by": null,
  "removed": false,
  "student": 9,
  "supervisor": 18,
  "supervisor_type": "SEN",
  "updated_at": "2017-03-27T12:28:35.578"
 },
 "model": "grad.supervisor",
 "pk": 15
},
{
 "fields": {
  "config": "{}",
  "created_at": "2017-03-27T12:28:35.827",
  "created_by": "",
  "external": null,
  "modified_by": null,
  "removed": false,
  "student": 9,
  "supervisor": 15,
  "supervisor_type": "COM",
  "updated_at": "2017-03-27T12:28:35.828"
 },
 "model": "grad.supervisor",
 "pk": 16
},
{
 "fields": {
  "config": "{}",
  "created_at": "2017-03-27T12:28:47.430",
  "created_by": "",
  "external": null,
  "modified_by": null,
  "removed": false,
  "student": 14,
  "supervisor": 15,
  "supervisor_type": "POT",
  "updated_at": "2017-03-27T12:28:47.431"
 },
 "model": "grad.supervisor",
 "pk": 17
},
{
 "fields": {
  "config": "{}",
  "created_at": "2017-03-27T12:28:47.622",
  "created_by": "",
  "external": null,
  "modified_by": null,
  "removed": false,
  "student": 14,
  "supervisor": 15,
  "supervisor_type": "SEN",
  "updated_at": "2017-03-27T12:28:47.623"
 },
 "model": "grad.supervisor",
 "pk": 18
},
{
 "fields": {
  "config": "{}",
  "created_at": "2017-03-27T12:28:47.814",
  "created_by": "",
  "external": null,
  "modified_by": null,
  "removed": false,
  "student": 14,
  "supervisor": 15,
  "supervisor_type": "COM",
  "updated_at": "2017-03-27T12:28:47.814"
 },
 "model": "grad.supervisor",
 "pk": 19
},
{
 "fields": {
  "config": "{}",
  "created_at": "2017-03-27T12:28:50.505",
  "created_by": "",
  "external": null,
  "modified_by": null,
  "removed": false,
  "student": 15,
  "supervisor": 9,
  "supervisor_type": "POT",
  "updated_at": "2017-03-27T12:28:50.506"
 },
 "model": "grad.supervisor",
 "pk": 20
},
{
 "fields": {
  "config": "{}",
  "created_at": "2017-03-27T12:28:50.606",
  "created_by": "",
  "external": null,
  "modified_by": null,
  "removed": false,
  "student": 15,
  "supervisor": 9,
  "supervisor_type": "SEN",
  "updated_at": "2017-03-27T12:28:50.606"
 },
 "model": "grad.supervisor",
 "pk": 21
},
{
 "fields": {
  "config": "{}",
  "created_at": "2017-03-27T12:28:50.739",
  "created_by": "",
  "external": null,
  "modified_by": null,
  "removed": false,
  "student": 15,
  "supervisor": 12,
  "supervisor_type": "COM",
  "updated_at": "2017-03-27T12:28:50.740"
 },
 "model": "grad.supervisor",
 "pk": 22
},
{
 "fields": {
  "config": "{}",
  "created_at": "2017-03-27T12:28:53.006",
  "created_by": "",
  "external": null,
  "modified_by": null,
  "removed": false,
  "student": 16,
  "supervisor": 14,
  "supervisor_type": "POT",
  "updated_at": "2017-03-27T12:28:53.006"
 },
 "model": "grad.supervisor",
 "pk": 23
},
{
 "fields": {
  "config": "{}",
  "created_at": "2017-03-27T12:28:57.624",
  "created_by": "",
  "external": null,
  "modified_by": null,
  "removed": false,
  "student": 18,
  "supervisor": 14,
  "supervisor_type": "POT",
  "updated_at": "2017-03-27T12:28:57.624"
 },
 "model": "grad.supervisor",
 "pk": 24
},
{
 "fields": {
  "config": "{}",
  "created_at": "2017-03-27T12:28:57.766",
  "created_by": "",
  "external": null,
  "modified_by": null,
  "removed": false,
  "student": 18,
  "supervisor": 14,
  "supervisor_type": "SEN",
  "updated_at": "2017-03-27T12:28:57.766"
 },
 "model": "grad.supervisor",
 "pk": 25
},
{
 "fields": {
  "config": "{}",
  "created_at": "2017-03-27T12:28:57.955",
  "created_by": "",
  "external": null,
  "modified_by": null,
  "removed": false,
  "student": 18,
  "supervisor": 17,
  "supervisor_type": "COM",
  "updated_at": "2017-03-27T12:28:57.956"
 },
 "model": "grad.supervisor",
 "pk": 26
},
{
 "fields": {
  "config": "{}",
  "created_at": "2017-03-27T12:29:00.824",
  "created_by": "",
  "external": null,
  "modified_by": null,
  "removed": false,
  "student": 19,
  "supervisor": 7,
  "supervisor_type": "POT",
  "updated_at": "2017-03-27T12:29:00.825"
 },
 "model": "grad.supervisor",
 "pk": 27
},
{
 "fields": {
  "config": "{}",
  "created_at": "2017-03-27T12:29:05.617",
  "created_by": "",
  "external": null,
  "modified_by": null,
  "removed": false,
  "student": 21,
  "supervisor": 10,
  "supervisor_type": "POT",
  "updated_at": "2017-03-27T12:29:05.618"
 },
 "model": "grad.supervisor",
 "pk": 28
},
{
 "fields": {
  "config": "{}",
  "created_at": "2017-03-27T12:29:07.367",
  "created_by": "",
  "external": null,
  "modified_by": null,
  "removed": false,
  "student": 22,
  "supervisor": 13,
  "supervisor_type": "POT",
  "updated_at": "2017-03-27T12:29:07.368"
 },
 "model": "grad.supervisor",
 "pk": 29
},
{
 "fields": {
  "config": "{}",
  "created_at": "2017-03-27T12:29:11.868",
  "created_by": "",
  "external": null,
  "modified_by": null,
  "removed": false,
  "student": 24,
  "supervisor": 9,
  "supervisor_type": "POT",
  "updated_at": "2017-03-27T12:29:11.869"
 },
 "model": "grad.supervisor",
 "pk": 30
},
{
 "fields": {
  "config": "{}",
  "created_at": "2017-03-27T12:29:13.810",
  "created_by": "",
  "external": null,
  "modified_by": null,
  "removed": false,
  "student": 25,
  "supervisor": 18,
  "supervisor_type": "POT",
  "updated_at": "2017-03-27T12:29:13.811"
 },
 "model": "grad.supervisor",
 "pk": 31
}
]
