[
{
 "fields": {
  "config": "{}",
  "expiry": "2033-11-18",
  "person": 43,
  "role": "GRAD",
  "unit": 5
 },
 "model": "coredata.role",
 "pk": 8
},
{
 "fields": {
  "config": "{}",
  "expiry": "2033-11-18",
  "person": 42,
  "role": "GRPD",
  "unit": 5
 },
 "model": "coredata.role",
 "pk": 9
},
{
 "fields": {
  "created_at": "2023-11-21T14:17:59.822",
  "created_by": "",
  "description": "MSc Course option",
  "hidden": false,
  "label": "MSc Course",
  "modified_by": null,
  "slug": "msccourse",
  "unit": 5,
  "updated_at": "2023-11-21T14:17:59.822"
 },
 "model": "grad.gradprogram",
 "pk": 1
},
{
 "fields": {
  "created_at": "2023-11-21T14:17:59.825",
  "created_by": "",
  "description": "MSc Project option",
  "hidden": false,
  "label": "MSc Proj",
  "modified_by": null,
  "slug": "mscproj",
  "unit": 5,
  "updated_at": "2023-11-21T14:17:59.825"
 },
 "model": "grad.gradprogram",
 "pk": 2
},
{
 "fields": {
  "created_at": "2023-11-21T14:17:59.829",
  "created_by": "",
  "description": "MSc Thesis option",
  "hidden": false,
  "label": "MSc Thesis",
  "modified_by": null,
  "slug": "mscthesis",
  "unit": 5,
  "updated_at": "2023-11-21T14:17:59.829"
 },
 "model": "grad.gradprogram",
 "pk": 3
},
{
 "fields": {
  "created_at": "2023-11-21T14:17:59.833",
  "created_by": "",
  "description": "Doctor of Philosophy",
  "hidden": false,
  "label": "PhD",
  "modified_by": null,
  "slug": "phd",
  "unit": 5,
  "updated_at": "2023-11-21T14:17:59.833"
 },
 "model": "grad.gradprogram",
 "pk": 4
},
{
 "fields": {
  "created_at": "2023-11-21T14:17:59.836",
  "created_by": "",
  "description": "Qualifying student",
  "hidden": false,
  "label": "Qualifying",
  "modified_by": null,
  "slug": "qualifying",
  "unit": 5,
  "updated_at": "2023-11-21T14:17:59.836"
 },
 "model": "grad.gradprogram",
 "pk": 5
},
{
 "fields": {
  "created_at": "2023-11-21T14:17:59.838",
  "created_by": "",
  "description": "Special Arrangements",
  "hidden": false,
  "label": "Special",
  "modified_by": null,
  "slug": "special",
  "unit": 5,
  "updated_at": "2023-11-21T14:17:59.838"
 },
 "model": "grad.gradprogram",
 "pk": 6
},
{
 "fields": {
  "comments": null,
  "eligible": false,
  "hidden": false,
  "name": "Scholarship-o-rama",
  "unit": 5
 },
 "model": "grad.scholarshiptype",
 "pk": 1
},
{
 "fields": {
  "comments": null,
  "eligible": true,
  "hidden": false,
  "name": "Generic Scholarship #8",
  "unit": 5
 },
 "model": "grad.scholarshiptype",
 "pk": 2
},
{
 "fields": {
  "created_at": "2023-11-21T14:17:59.842",
  "description": "Achieved Speciality",
  "hidden": false,
  "program": 6,
  "series": 1,
  "updated_at": "2023-11-21T14:17:59.842"
 },
 "model": "grad.gradrequirement",
 "pk": 1
},
{
 "fields": {
  "created_at": "2023-11-21T14:17:59.853",
  "description": "Found campus",
  "hidden": false,
  "program": 1,
  "series": 2,
  "updated_at": "2023-11-21T14:17:59.853"
 },
 "model": "grad.gradrequirement",
 "pk": 2
},
{
 "fields": {
  "created_at": "2023-11-21T14:17:59.858",
  "description": "Found campus",
  "hidden": false,
  "program": 2,
  "series": 2,
  "updated_at": "2023-11-21T14:17:59.858"
 },
 "model": "grad.gradrequirement",
 "pk": 3
},
{
 "fields": {
  "created_at": "2023-11-21T14:17:59.863",
  "description": "Found campus",
  "hidden": false,
  "program": 3,
  "series": 2,
  "updated_at": "2023-11-21T14:17:59.863"
 },
 "model": "grad.gradrequirement",
 "pk": 4
},
{
 "fields": {
  "created_at": "2023-11-21T14:17:59.866",
  "description": "Found campus",
  "hidden": false,
  "program": 4,
  "series": 2,
  "updated_at": "2023-11-21T14:17:59.866"
 },
 "model": "grad.gradrequirement",
 "pk": 5
},
{
 "fields": {
  "created_at": "2023-11-21T14:17:59.871",
  "description": "Found campus",
  "hidden": false,
  "program": 5,
  "series": 2,
  "updated_at": "2023-11-21T14:17:59.871"
 },
 "model": "grad.gradrequirement",
 "pk": 6
},
{
 "fields": {
  "created_at": "2023-11-21T14:17:59.874",
  "description": "Found campus",
  "hidden": false,
  "program": 6,
  "series": 2,
  "updated_at": "2023-11-21T14:17:59.874"
 },
 "model": "grad.gradrequirement",
 "pk": 7
},
{
 "fields": {
  "config": "{}",
  "content": "Congratulations, {{first_name}}, we would like to offer you admission to the {{program}} program in Computing Science at SFU.\r\n\r\nThis is gööd news. Really.",
  "created_at": "2023-11-21T14:17:59.814",
  "created_by": "",
  "hidden": false,
  "label": "offer",
  "slug": "cmpt-offer",
  "unit": 5
 },
 "model": "grad.lettertemplate",
 "pk": 1
},
{
 "fields": {
  "config": "{}",
  "content": "This is to confirm that {{title}} {{first_name}} {{last_name}} is currently enrolled as a full time student in the {{program}} in the School of Computing Science at SFU.",
  "created_at": "2023-11-21T14:17:59.816",
  "created_by": "",
  "hidden": false,
  "label": "visa",
  "slug": "cmpt-visa",
  "unit": 5
 },
 "model": "grad.lettertemplate",
 "pk": 2
},
{
 "fields": {
  "config": "{}",
  "content": "This is to confirm that {{title}} {{first_name}} {{last_name}} is a student in the School of Computing Science's {{program}} program. {{He_She}} has been employed as follows:\r\n\r\n{% if tafunding %}Teaching assistant responsibilities include providing tutorials, office hours and marking assignments. {{title}} {{last_name}}'s assignments have been:\r\n\r\n{{ tafunding }}{% endif %}\r\n{% if rafunding %}Research assistants assist/provide research services to faculty. {{title}} {{last_name}}'s assignments have been:\r\n\r\n{{ rafunding }}{% endif %}\r\n{% if scholarships %}{{title}} {{last_name}} has received the following scholarships:\r\n\r\n{{ scholarships }}{% endif %}\r\n\r\n{{title}} {{last_name}} is making satisfactory progress.",
  "created_at": "2023-11-21T14:17:59.818",
  "created_by": "",
  "hidden": false,
  "label": "Funding",
  "slug": "cmpt-funding",
  "unit": 5
 },
 "model": "grad.lettertemplate",
 "pk": 3
},
{
 "fields": {
  "label": "Dual Degree Program",
  "unit": 5
 },
 "model": "grad.gradflag",
 "pk": 1
},
{
 "fields": {
  "label": "Co-op",
  "unit": 5
 },
 "model": "grad.gradflag",
 "pk": 2
},
{
 "fields": {
  "campus": "SURRY",
  "comments": "",
  "config": "{}",
  "created_at": "2023-11-21T14:17:59.884",
  "created_by": "",
  "current_status": "REJE",
  "end_semester": null,
  "english_fluency": "",
  "is_canadian": null,
  "modified_by": null,
  "mother_tongue": "",
  "passport_issued_by": "",
  "person": 41,
  "program": 6,
  "research_area": "Faqcvyoyology",
  "slug": "0ggg19-special",
  "start_semester": 29,
  "updated_at": "2023-11-21T14:17:59.912"
 },
 "model": "grad.gradstudent",
 "pk": 1
},
{
 "fields": {
  "campus": "METRO",
  "comments": "",
  "config": "{}",
  "created_at": "2023-11-21T14:17:59.936",
  "created_by": "",
  "current_status": "ACTI",
  "end_semester": null,
  "english_fluency": "",
  "is_canadian": null,
  "modified_by": null,
  "mother_tongue": "",
  "passport_issued_by": "",
  "person": 37,
  "program": 4,
  "research_area": "Wõjõqàzxology",
  "slug": "0ggg17-phd",
  "start_semester": 28,
  "updated_at": "2023-11-21T14:17:59.972"
 },
 "model": "grad.gradstudent",
 "pk": 2
},
{
 "fields": {
  "campus": "BRNBY",
  "comments": "",
  "config": "{}",
  "created_at": "2023-11-21T14:17:59.991",
  "created_by": "",
  "current_status": "ACTI",
  "end_semester": null,
  "english_fluency": "",
  "is_canadian": false,
  "modified_by": null,
  "mother_tongue": "",
  "passport_issued_by": "",
  "person": 33,
  "program": 4,
  "research_area": "Zyitaprïology",
  "slug": "0ggg15-phd",
  "start_semester": 27,
  "updated_at": "2023-11-21T14:18:00.029"
 },
 "model": "grad.gradstudent",
 "pk": 3
},
{
 "fields": {
  "campus": "GNWC",
  "comments": "",
  "config": "{}",
  "created_at": "2023-11-21T14:18:00.055",
  "created_by": "",
  "current_status": "ACTI",
  "end_semester": null,
  "english_fluency": "",
  "is_canadian": true,
  "modified_by": null,
  "mother_tongue": "",
  "passport_issued_by": "",
  "person": 25,
  "program": 6,
  "research_area": "Tpïeúqêyology",
  "slug": "0ggg11-special",
  "start_semester": 30,
  "updated_at": "2023-11-21T14:18:00.087"
 },
 "model": "grad.gradstudent",
 "pk": 4
},
{
 "fields": {
  "campus": "METRO",
  "comments": "",
  "config": "{}",
  "created_at": "2023-11-21T14:18:00.111",
  "created_by": "",
  "current_status": "ACTI",
  "end_semester": null,
  "english_fluency": "",
  "is_canadian": null,
  "modified_by": null,
  "mother_tongue": "",
  "passport_issued_by": "",
  "person": 31,
  "program": 6,
  "research_area": "Vcêiyyylology",
  "slug": "0ggg14-special",
  "start_semester": 26,
  "updated_at": "2023-11-21T14:18:00.145"
 },
 "model": "grad.gradstudent",
 "pk": 5
},
{
 "fields": {
  "campus": "VANCR",
  "comments": "",
  "config": "{}",
  "created_at": "2023-11-21T14:18:00.165",
  "created_by": "",
  "current_status": "ACTI",
  "end_semester": null,
  "english_fluency": "",
  "is_canadian": false,
  "modified_by": null,
  "mother_tongue": "",
  "passport_issued_by": "",
  "person": 7,
  "program": 3,
  "research_area": "Uvdzõzúiology",
  "slug": "0ggg2-mscthesis",
  "start_semester": 26,
  "updated_at": "2023-11-21T14:18:00.219"
 },
 "model": "grad.gradstudent",
 "pk": 6
},
{
 "fields": {
  "campus": "BRNBY",
  "comments": "",
  "config": "{}",
  "created_at": "2023-11-21T14:18:00.236",
  "created_by": "",
  "current_status": "ACTI",
  "end_semester": null,
  "english_fluency": "",
  "is_canadian": null,
  "modified_by": null,
  "mother_tongue": "",
  "passport_issued_by": "",
  "person": 19,
  "program": 1,
  "research_area": "Zkàvbwgxology",
  "slug": "0ggg8-msccourse",
  "start_semester": 29,
  "updated_at": "2023-11-21T14:18:00.268"
 },
 "model": "grad.gradstudent",
 "pk": 7
},
{
 "fields": {
  "campus": "OFFST",
  "comments": "",
  "config": "{}",
  "created_at": "2023-11-21T14:18:00.285",
  "created_by": "",
  "current_status": "REJE",
  "end_semester": null,
  "english_fluency": "",
  "is_canadian": null,
  "modified_by": null,
  "mother_tongue": "",
  "passport_issued_by": "",
  "person": 21,
  "program": 5,
  "research_area": "Ygrsõqikology",
  "slug": "0ggg9-qualifying",
  "start_semester": 33,
  "updated_at": "2023-11-21T14:18:00.306"
 },
 "model": "grad.gradstudent",
 "pk": 8
},
{
 "fields": {
  "campus": "GNWC",
  "comments": "",
  "config": "{}",
  "created_at": "2023-11-21T14:18:00.324",
  "created_by": "",
  "current_status": "ACTI",
  "end_semester": null,
  "english_fluency": "",
  "is_canadian": null,
  "modified_by": null,
  "mother_tongue": "",
  "passport_issued_by": "",
  "person": 27,
  "program": 5,
  "research_area": "Cnsumanmology",
  "slug": "0ggg12-qualifying",
  "start_semester": 27,
  "updated_at": "2023-11-21T14:18:00.358"
 },
 "model": "grad.gradstudent",
 "pk": 9
},
{
 "fields": {
  "campus": "GNWC",
  "comments": "",
  "config": "{}",
  "created_at": "2023-11-21T14:18:00.383",
  "created_by": "",
  "current_status": "REJE",
  "end_semester": null,
  "english_fluency": "",
  "is_canadian": false,
  "modified_by": null,
  "mother_tongue": "",
  "passport_issued_by": "",
  "person": 35,
  "program": 4,
  "research_area": "Vêmlyêoõology",
  "slug": "0ggg16-phd",
  "start_semester": 33,
  "updated_at": "2023-11-21T14:18:00.404"
 },
 "model": "grad.gradstudent",
 "pk": 10
},
{
 "fields": {
  "campus": "OFFST",
  "comments": "",
  "config": "{}",
  "created_at": "2023-11-21T14:18:00.424",
  "created_by": "",
  "current_status": "REJE",
  "end_semester": null,
  "english_fluency": "",
  "is_canadian": false,
  "modified_by": null,
  "mother_tongue": "",
  "passport_issued_by": "",
  "person": 3,
  "program": 4,
  "research_area": "Fgurdkomology",
  "slug": "0ggg0-phd",
  "start_semester": 30,
  "updated_at": "2023-11-21T14:18:00.445"
 },
 "model": "grad.gradstudent",
 "pk": 11
},
{
 "fields": {
  "campus": "SURRY",
  "comments": "",
  "config": "{}",
  "created_at": "2023-11-21T14:18:00.464",
  "created_by": "",
  "current_status": "ACTI",
  "end_semester": null,
  "english_fluency": "",
  "is_canadian": false,
  "modified_by": null,
  "mother_tongue": "",
  "passport_issued_by": "",
  "person": 9,
  "program": 2,
  "research_area": "Nmgsfsnoology",
  "slug": "0ggg3-mscproj",
  "start_semester": 32,
  "updated_at": "2023-11-21T14:18:00.496"
 },
 "model": "grad.gradstudent",
 "pk": 12
},
{
 "fields": {
  "campus": "SURRY",
  "comments": "",
  "config": "{}",
  "created_at": "2023-11-21T14:18:00.519",
  "created_by": "",
  "current_status": "REJE",
  "end_semester": null,
  "english_fluency": "",
  "is_canadian": false,
  "modified_by": null,
  "mother_tongue": "",
  "passport_issued_by": "",
  "person": 17,
  "program": 4,
  "research_area": "Tillwviwology",
  "slug": "0ggg7-phd",
  "start_semester": 30,
  "updated_at": "2023-11-21T14:18:00.544"
 },
 "model": "grad.gradstudent",
 "pk": 13
},
{
 "fields": {
  "campus": "OFFST",
  "comments": "",
  "config": "{}",
  "created_at": "2023-11-21T14:18:00.563",
  "created_by": "",
  "current_status": "ACTI",
  "end_semester": null,
  "english_fluency": "",
  "is_canadian": null,
  "modified_by": null,
  "mother_tongue": "",
  "passport_issued_by": "",
  "person": 39,
  "program": 5,
  "research_area": "Xúblwhbeology",
  "slug": "0ggg18-qualifying",
  "start_semester": 33,
  "updated_at": "2023-11-21T14:18:00.598"
 },
 "model": "grad.gradstudent",
 "pk": 14
},
{
 "fields": {
  "campus": "VANCR",
  "comments": "",
  "config": "{}",
  "created_at": "2023-11-21T14:18:00.629",
  "created_by": "",
  "current_status": "ACTI",
  "end_semester": null,
  "english_fluency": "",
  "is_canadian": null,
  "modified_by": null,
  "mother_tongue": "",
  "passport_issued_by": "",
  "person": 13,
  "program": 6,
  "research_area": "Xixiebunology",
  "slug": "0ggg5-special",
  "start_semester": 30,
  "updated_at": "2023-11-21T14:18:00.669"
 },
 "model": "grad.gradstudent",
 "pk": 15
},
{
 "fields": {
  "campus": "SURRY",
  "comments": "",
  "config": "{}",
  "created_at": "2023-11-21T14:18:00.701",
  "created_by": "",
  "current_status": "ACTI",
  "end_semester": null,
  "english_fluency": "",
  "is_canadian": null,
  "modified_by": null,
  "mother_tongue": "",
  "passport_issued_by": "",
  "person": 29,
  "program": 4,
  "research_area": "Mizujïàqology",
  "slug": "0ggg13-phd",
  "start_semester": 28,
  "updated_at": "2023-11-21T14:18:00.737"
 },
 "model": "grad.gradstudent",
 "pk": 16
},
{
 "fields": {
  "campus": "GNWC",
  "comments": "",
  "config": "{}",
  "created_at": "2023-11-21T14:18:00.759",
  "created_by": "",
  "current_status": "ACTI",
  "end_semester": null,
  "english_fluency": "",
  "is_canadian": null,
  "modified_by": null,
  "mother_tongue": "",
  "passport_issued_by": "",
  "person": 15,
  "program": 2,
  "research_area": "Càlhotqêology",
  "slug": "0ggg6-mscproj",
  "start_semester": 29,
  "updated_at": "2023-11-21T14:18:00.792"
 },
 "model": "grad.gradstudent",
 "pk": 17
},
{
 "fields": {
  "campus": "OFFST",
  "comments": "",
  "config": "{}",
  "created_at": "2023-11-21T14:18:00.818",
  "created_by": "",
  "current_status": "REJE",
  "end_semester": null,
  "english_fluency": "",
  "is_canadian": true,
  "modified_by": null,
  "mother_tongue": "",
  "passport_issued_by": "",
  "person": 23,
  "program": 5,
  "research_area": "Fxbtftvuology",
  "slug": "0ggg10-qualifying",
  "start_semester": 29,
  "updated_at": "2023-11-21T14:18:00.839"
 },
 "model": "grad.gradstudent",
 "pk": 18
},
{
 "fields": {
  "campus": "GNWC",
  "comments": "",
  "config": "{}",
  "created_at": "2023-11-21T14:18:00.858",
  "created_by": "",
  "current_status": "REJE",
  "end_semester": null,
  "english_fluency": "",
  "is_canadian": true,
  "modified_by": null,
  "mother_tongue": "",
  "passport_issued_by": "",
  "person": 11,
  "program": 4,
  "research_area": "Qbeizrúrology",
  "slug": "0ggg4-phd",
  "start_semester": 28,
  "updated_at": "2023-11-21T14:18:00.879"
 },
 "model": "grad.gradstudent",
 "pk": 19
},
{
 "fields": {
  "campus": "METRO",
  "comments": "",
  "config": "{}",
  "created_at": "2023-11-21T14:18:00.899",
  "created_by": "",
  "current_status": "ACTI",
  "end_semester": null,
  "english_fluency": "",
  "is_canadian": false,
  "modified_by": null,
  "mother_tongue": "",
  "passport_issued_by": "",
  "person": 5,
  "program": 6,
  "research_area": "Znqqvkúúology",
  "slug": "0ggg1-special",
  "start_semester": 28,
  "updated_at": "2023-11-21T14:18:00.934"
 },
 "model": "grad.gradstudent",
 "pk": 20
},
{
 "fields": {
  "campus": "METRO",
  "comments": "",
  "config": "{}",
  "created_at": "2023-11-21T14:18:00.952",
  "created_by": "",
  "current_status": "ACTI",
  "end_semester": null,
  "english_fluency": "",
  "is_canadian": null,
  "modified_by": null,
  "mother_tongue": "",
  "passport_issued_by": "",
  "person": 23,
  "program": 2,
  "research_area": "Ujêrsbõfology",
  "slug": "0ggg10-mscproj",
  "start_semester": 26,
  "updated_at": "2023-11-21T14:18:00.984"
 },
 "model": "grad.gradstudent",
 "pk": 21
},
{
 "fields": {
  "campus": "GNWC",
  "comments": "",
  "config": "{}",
  "created_at": "2023-11-21T14:18:01.010",
  "created_by": "",
  "current_status": "ACTI",
  "end_semester": null,
  "english_fluency": "",
  "is_canadian": false,
  "modified_by": null,
  "mother_tongue": "",
  "passport_issued_by": "",
  "person": 13,
  "program": 6,
  "research_area": "Fgêqïsnbology",
  "slug": "0ggg5-special-2",
  "start_semester": 30,
  "updated_at": "2023-11-21T14:18:01.048"
 },
 "model": "grad.gradstudent",
 "pk": 22
},
{
 "fields": {
  "campus": "VANCR",
  "comments": "",
  "config": "{}",
  "created_at": "2023-11-21T14:18:01.070",
  "created_by": "",
  "current_status": "ACTI",
  "end_semester": null,
  "english_fluency": "",
  "is_canadian": null,
  "modified_by": null,
  "mother_tongue": "",
  "passport_issued_by": "",
  "person": 7,
  "program": 5,
  "research_area": "Wyjizuavology",
  "slug": "0ggg2-qualifying",
  "start_semester": 32,
  "updated_at": "2023-11-21T14:18:01.106"
 },
 "model": "grad.gradstudent",
 "pk": 23
},
{
 "fields": {
  "campus": "OFFST",
  "comments": "",
  "config": "{}",
  "created_at": "2023-11-21T14:18:01.137",
  "created_by": "",
  "current_status": "ACTI",
  "end_semester": null,
  "english_fluency": "",
  "is_canadian": false,
  "modified_by": null,
  "mother_tongue": "",
  "passport_issued_by": "",
  "person": 21,
  "program": 3,
  "research_area": "Sgaõkwfêology",
  "slug": "0ggg9-mscthesis",
  "start_semester": 31,
  "updated_at": "2023-11-21T14:18:01.171"
 },
 "model": "grad.gradstudent",
 "pk": 24
},
{
 "fields": {
  "campus": "BRNBY",
  "comments": "",
  "config": "{}",
  "created_at": "2023-11-21T14:18:01.196",
  "created_by": "",
  "current_status": "WIDR",
  "end_semester": 31,
  "english_fluency": "",
  "is_canadian": false,
  "modified_by": null,
  "mother_tongue": "",
  "passport_issued_by": "",
  "person": 31,
  "program": 4,
  "research_area": "Asïsïyzrology",
  "slug": "0ggg14-phd",
  "start_semester": 26,
  "updated_at": "2023-11-21T14:18:01.239"
 },
 "model": "grad.gradstudent",
 "pk": 25
},
{
 "fields": {
  "config": "{}",
  "program": 3,
  "start_semester": 29,
  "starting": "2023-11-21",
  "student": 1
 },
 "model": "grad.gradprogramhistory",
 "pk": 1
},
{
 "fields": {
  "config": "{}",
  "program": 6,
  "start_semester": 31,
  "starting": "2023-11-21",
  "student": 1
 },
 "model": "grad.gradprogramhistory",
 "pk": 2
},
{
 "fields": {
  "config": "{}",
  "program": 3,
  "start_semester": 28,
  "starting": "2023-11-21",
  "student": 2
 },
 "model": "grad.gradprogramhistory",
 "pk": 3
},
{
 "fields": {
  "config": "{}",
  "program": 4,
  "start_semester": 29,
  "starting": "2023-11-21",
  "student": 2
 },
 "model": "grad.gradprogramhistory",
 "pk": 4
},
{
 "fields": {
  "config": "{}",
  "program": 4,
  "start_semester": 27,
  "starting": "2023-11-21",
  "student": 3
 },
 "model": "grad.gradprogramhistory",
 "pk": 5
},
{
 "fields": {
  "config": "{}",
  "program": 6,
  "start_semester": 30,
  "starting": "2023-11-21",
  "student": 4
 },
 "model": "grad.gradprogramhistory",
 "pk": 6
},
{
 "fields": {
  "config": "{}",
  "program": 2,
  "start_semester": 26,
  "starting": "2023-11-21",
  "student": 5
 },
 "model": "grad.gradprogramhistory",
 "pk": 7
},
{
 "fields": {
  "config": "{}",
  "program": 6,
  "start_semester": 30,
  "starting": "2023-11-21",
  "student": 5
 },
 "model": "grad.gradprogramhistory",
 "pk": 8
},
{
 "fields": {
  "config": "{}",
  "program": 3,
  "start_semester": 26,
  "starting": "2023-11-21",
  "student": 6
 },
 "model": "grad.gradprogramhistory",
 "pk": 9
},
{
 "fields": {
  "config": "{}",
  "program": 1,
  "start_semester": 29,
  "starting": "2023-11-21",
  "student": 7
 },
 "model": "grad.gradprogramhistory",
 "pk": 10
},
{
 "fields": {
  "config": "{}",
  "program": 5,
  "start_semester": 33,
  "starting": "2023-11-21",
  "student": 8
 },
 "model": "grad.gradprogramhistory",
 "pk": 11
},
{
 "fields": {
  "config": "{}",
  "program": 5,
  "start_semester": 27,
  "starting": "2023-11-21",
  "student": 9
 },
 "model": "grad.gradprogramhistory",
 "pk": 12
},
{
 "fields": {
  "config": "{}",
  "program": 4,
  "start_semester": 33,
  "starting": "2023-11-21",
  "student": 10
 },
 "model": "grad.gradprogramhistory",
 "pk": 13
},
{
 "fields": {
  "config": "{}",
  "program": 4,
  "start_semester": 30,
  "starting": "2023-11-21",
  "student": 11
 },
 "model": "grad.gradprogramhistory",
 "pk": 14
},
{
 "fields": {
  "config": "{}",
  "program": 2,
  "start_semester": 32,
  "starting": "2023-11-21",
  "student": 12
 },
 "model": "grad.gradprogramhistory",
 "pk": 15
},
{
 "fields": {
  "config": "{}",
  "program": 3,
  "start_semester": 30,
  "starting": "2023-11-21",
  "student": 13
 },
 "model": "grad.gradprogramhistory",
 "pk": 16
},
{
 "fields": {
  "config": "{}",
  "program": 4,
  "start_semester": 33,
  "starting": "2023-11-21",
  "student": 13
 },
 "model": "grad.gradprogramhistory",
 "pk": 17
},
{
 "fields": {
  "config": "{}",
  "program": 5,
  "start_semester": 33,
  "starting": "2023-11-21",
  "student": 14
 },
 "model": "grad.gradprogramhistory",
 "pk": 18
},
{
 "fields": {
  "config": "{}",
  "program": 2,
  "start_semester": 37,
  "starting": "2023-11-21",
  "student": 14
 },
 "model": "grad.gradprogramhistory",
 "pk": 19
},
{
 "fields": {
  "config": "{}",
  "program": 6,
  "start_semester": 30,
  "starting": "2023-11-21",
  "student": 15
 },
 "model": "grad.gradprogramhistory",
 "pk": 20
},
{
 "fields": {
  "config": "{}",
  "program": 4,
  "start_semester": 28,
  "starting": "2023-11-21",
  "student": 16
 },
 "model": "grad.gradprogramhistory",
 "pk": 21
},
{
 "fields": {
  "config": "{}",
  "program": 2,
  "start_semester": 29,
  "starting": "2023-11-21",
  "student": 17
 },
 "model": "grad.gradprogramhistory",
 "pk": 22
},
{
 "fields": {
  "config": "{}",
  "program": 5,
  "start_semester": 29,
  "starting": "2023-11-21",
  "student": 18
 },
 "model": "grad.gradprogramhistory",
 "pk": 23
},
{
 "fields": {
  "config": "{}",
  "program": 4,
  "start_semester": 28,
  "starting": "2023-11-21",
  "student": 19
 },
 "model": "grad.gradprogramhistory",
 "pk": 24
},
{
 "fields": {
  "config": "{}",
  "program": 1,
  "start_semester": 28,
  "starting": "2023-11-21",
  "student": 20
 },
 "model": "grad.gradprogramhistory",
 "pk": 25
},
{
 "fields": {
  "config": "{}",
  "program": 6,
  "start_semester": 30,
  "starting": "2023-11-21",
  "student": 20
 },
 "model": "grad.gradprogramhistory",
 "pk": 26
},
{
 "fields": {
  "config": "{}",
  "program": 2,
  "start_semester": 26,
  "starting": "2023-11-21",
  "student": 21
 },
 "model": "grad.gradprogramhistory",
 "pk": 27
},
{
 "fields": {
  "config": "{}",
  "program": 5,
  "start_semester": 30,
  "starting": "2023-11-21",
  "student": 22
 },
 "model": "grad.gradprogramhistory",
 "pk": 28
},
{
 "fields": {
  "config": "{}",
  "program": 6,
  "start_semester": 32,
  "starting": "2023-11-21",
  "student": 22
 },
 "model": "grad.gradprogramhistory",
 "pk": 29
},
{
 "fields": {
  "config": "{}",
  "program": 5,
  "start_semester": 32,
  "starting": "2023-11-21",
  "student": 23
 },
 "model": "grad.gradprogramhistory",
 "pk": 30
},
{
 "fields": {
  "config": "{}",
  "program": 3,
  "start_semester": 31,
  "starting": "2023-11-21",
  "student": 24
 },
 "model": "grad.gradprogramhistory",
 "pk": 31
},
{
 "fields": {
  "config": "{}",
  "program": 4,
  "start_semester": 26,
  "starting": "2023-11-21",
  "student": 25
 },
 "model": "grad.gradprogramhistory",
 "pk": 32
},
{
 "fields": {
  "config": "{}",
  "created_at": "2023-11-21T14:17:59.893",
  "end": 29,
  "hidden": false,
  "notes": "",
  "start": 29,
  "start_date": "2022-01-22",
  "status": "COMP",
  "student": 1,
  "updated_at": "2023-11-21T14:17:59.906"
 },
 "model": "grad.gradstatus",
 "pk": 1
},
{
 "fields": {
  "config": "{}",
  "created_at": "2023-11-21T14:17:59.903",
  "end": null,
  "hidden": false,
  "notes": "",
  "start": 29,
  "start_date": "2022-02-11",
  "status": "REJE",
  "student": 1,
  "updated_at": "2023-11-21T14:17:59.903"
 },
 "model": "grad.gradstatus",
 "pk": 2
},
{
 "fields": {
  "config": "{}",
  "created_at": "2023-11-21T14:17:59.942",
  "end": 28,
  "hidden": false,
  "notes": "",
  "start": 28,
  "start_date": "2021-09-24",
  "status": "COMP",
  "student": 2,
  "updated_at": "2023-11-21T14:17:59.954"
 },
 "model": "grad.gradstatus",
 "pk": 3
},
{
 "fields": {
  "config": "{}",
  "created_at": "2023-11-21T14:17:59.951",
  "end": 28,
  "hidden": false,
  "notes": "",
  "start": 28,
  "start_date": "2021-10-14",
  "status": "OFFO",
  "student": 2,
  "updated_at": "2023-11-21T14:17:59.965"
 },
 "model": "grad.gradstatus",
 "pk": 4
},
{
 "fields": {
  "config": "{}",
  "created_at": "2023-11-21T14:17:59.962",
  "end": null,
  "hidden": false,
  "notes": "",
  "start": 28,
  "start_date": "2022-01-02",
  "status": "ACTI",
  "student": 2,
  "updated_at": "2023-11-21T14:17:59.962"
 },
 "model": "grad.gradstatus",
 "pk": 5
},
{
 "fields": {
  "config": "{}",
  "created_at": "2023-11-21T14:17:59.995",
  "end": 27,
  "hidden": false,
  "notes": "",
  "start": 27,
  "start_date": "2021-05-25",
  "status": "COMP",
  "student": 3,
  "updated_at": "2023-11-21T14:18:00.008"
 },
 "model": "grad.gradstatus",
 "pk": 6
},
{
 "fields": {
  "config": "{}",
  "created_at": "2023-11-21T14:18:00.004",
  "end": 27,
  "hidden": false,
  "notes": "",
  "start": 27,
  "start_date": "2021-06-14",
  "status": "OFFO",
  "student": 3,
  "updated_at": "2023-11-21T14:18:00.022"
 },
 "model": "grad.gradstatus",
 "pk": 7
},
{
 "fields": {
  "config": "{}",
  "created_at": "2023-11-21T14:18:00.019",
  "end": 34,
  "hidden": false,
  "notes": "",
  "start": 27,
  "start_date": "2021-09-02",
  "status": "ACTI",
  "student": 3,
  "updated_at": "2023-11-21T14:18:00.034"
 },
 "model": "grad.gradstatus",
 "pk": 8
},
{
 "fields": {
  "config": "{}",
  "created_at": "2023-11-21T14:18:00.031",
  "end": null,
  "hidden": false,
  "notes": "",
  "start": 34,
  "start_date": "2024-01-02",
  "status": "WIDR",
  "student": 3,
  "updated_at": "2023-11-21T14:18:00.031"
 },
 "model": "grad.gradstatus",
 "pk": 9
},
{
 "fields": {
  "config": "{}",
  "created_at": "2023-11-21T14:18:00.058",
  "end": 30,
  "hidden": false,
  "notes": "",
  "start": 30,
  "start_date": "2022-05-25",
  "status": "COMP",
  "student": 4,
  "updated_at": "2023-11-21T14:18:00.069"
 },
 "model": "grad.gradstatus",
 "pk": 10
},
{
 "fields": {
  "config": "{}",
  "created_at": "2023-11-21T14:18:00.067",
  "end": 30,
  "hidden": false,
  "notes": "",
  "start": 30,
  "start_date": "2022-06-14",
  "status": "OFFO",
  "student": 4,
  "updated_at": "2023-11-21T14:18:00.080"
 },
 "model": "grad.gradstatus",
 "pk": 11
},
{
 "fields": {
  "config": "{}",
  "created_at": "2023-11-21T14:18:00.078",
  "end": 36,
  "hidden": false,
  "notes": "",
  "start": 30,
  "start_date": "2022-09-02",
  "status": "ACTI",
  "student": 4,
  "updated_at": "2023-11-21T14:18:00.091"
 },
 "model": "grad.gradstatus",
 "pk": 12
},
{
 "fields": {
  "config": "{}",
  "created_at": "2023-11-21T14:18:00.089",
  "end": null,
  "hidden": false,
  "notes": "",
  "start": 36,
  "start_date": "2024-09-02",
  "status": "WIDR",
  "student": 4,
  "updated_at": "2023-11-21T14:18:00.089"
 },
 "model": "grad.gradstatus",
 "pk": 13
},
{
 "fields": {
  "config": "{}",
  "created_at": "2023-11-21T14:18:00.116",
  "end": 26,
  "hidden": false,
  "notes": "",
  "start": 26,
  "start_date": "2021-01-22",
  "status": "COMP",
  "student": 5,
  "updated_at": "2023-11-21T14:18:00.128"
 },
 "model": "grad.gradstatus",
 "pk": 14
},
{
 "fields": {
  "config": "{}",
  "created_at": "2023-11-21T14:18:00.125",
  "end": 26,
  "hidden": false,
  "notes": "",
  "start": 26,
  "start_date": "2021-02-11",
  "status": "OFFO",
  "student": 5,
  "updated_at": "2023-11-21T14:18:00.139"
 },
 "model": "grad.gradstatus",
 "pk": 15
},
{
 "fields": {
  "config": "{}",
  "created_at": "2023-11-21T14:18:00.136",
  "end": null,
  "hidden": false,
  "notes": "",
  "start": 26,
  "start_date": "2021-05-02",
  "status": "ACTI",
  "student": 5,
  "updated_at": "2023-11-21T14:18:00.136"
 },
 "model": "grad.gradstatus",
 "pk": 16
},
{
 "fields": {
  "config": "{}",
  "created_at": "2023-11-21T14:18:00.168",
  "end": 26,
  "hidden": false,
  "notes": "",
  "start": 26,
  "start_date": "2021-01-22",
  "status": "COMP",
  "student": 6,
  "updated_at": "2023-11-21T14:18:00.186"
 },
 "model": "grad.gradstatus",
 "pk": 17
},
{
 "fields": {
  "config": "{}",
  "created_at": "2023-11-21T14:18:00.179",
  "end": 26,
  "hidden": false,
  "notes": "",
  "start": 26,
  "start_date": "2021-02-11",
  "status": "OFFO",
  "student": 6,
  "updated_at": "2023-11-21T14:18:00.209"
 },
 "model": "grad.gradstatus",
 "pk": 18
},
{
 "fields": {
  "config": "{}",
  "created_at": "2023-11-21T14:18:00.204",
  "end": null,
  "hidden": false,
  "notes": "",
  "start": 26,
  "start_date": "2021-05-02",
  "status": "ACTI",
  "student": 6,
  "updated_at": "2023-11-21T14:18:00.204"
 },
 "model": "grad.gradstatus",
 "pk": 19
},
{
 "fields": {
  "config": "{}",
  "created_at": "2023-11-21T14:18:00.240",
  "end": 29,
  "hidden": false,
  "notes": "",
  "start": 29,
  "start_date": "2022-01-22",
  "status": "COMP",
  "student": 7,
  "updated_at": "2023-11-21T14:18:00.251"
 },
 "model": "grad.gradstatus",
 "pk": 20
},
{
 "fields": {
  "config": "{}",
  "created_at": "2023-11-21T14:18:00.248",
  "end": 29,
  "hidden": false,
  "notes": "",
  "start": 29,
  "start_date": "2022-02-11",
  "status": "OFFO",
  "student": 7,
  "updated_at": "2023-11-21T14:18:00.262"
 },
 "model": "grad.gradstatus",
 "pk": 21
},
{
 "fields": {
  "config": "{}",
  "created_at": "2023-11-21T14:18:00.259",
  "end": null,
  "hidden": false,
  "notes": "",
  "start": 29,
  "start_date": "2022-05-02",
  "status": "ACTI",
  "student": 7,
  "updated_at": "2023-11-21T14:18:00.259"
 },
 "model": "grad.gradstatus",
 "pk": 22
},
{
 "fields": {
  "config": "{}",
  "created_at": "2023-11-21T14:18:00.289",
  "end": 33,
  "hidden": false,
  "notes": "",
  "start": 33,
  "start_date": "2023-05-25",
  "status": "COMP",
  "student": 8,
  "updated_at": "2023-11-21T14:18:00.300"
 },
 "model": "grad.gradstatus",
 "pk": 23
},
{
 "fields": {
  "config": "{}",
  "created_at": "2023-11-21T14:18:00.297",
  "end": null,
  "hidden": false,
  "notes": "",
  "start": 33,
  "start_date": "2023-06-14",
  "status": "REJE",
  "student": 8,
  "updated_at": "2023-11-21T14:18:00.297"
 },
 "model": "grad.gradstatus",
 "pk": 24
},
{
 "fields": {
  "config": "{}",
  "created_at": "2023-11-21T14:18:00.328",
  "end": 27,
  "hidden": false,
  "notes": "",
  "start": 27,
  "start_date": "2021-05-25",
  "status": "COMP",
  "student": 9,
  "updated_at": "2023-11-21T14:18:00.340"
 },
 "model": "grad.gradstatus",
 "pk": 25
},
{
 "fields": {
  "config": "{}",
  "created_at": "2023-11-21T14:18:00.337",
  "end": 27,
  "hidden": false,
  "notes": "",
  "start": 27,
  "start_date": "2021-06-14",
  "status": "OFFO",
  "student": 9,
  "updated_at": "2023-11-21T14:18:00.351"
 },
 "model": "grad.gradstatus",
 "pk": 26
},
{
 "fields": {
  "config": "{}",
  "created_at": "2023-11-21T14:18:00.349",
  "end": 36,
  "hidden": false,
  "notes": "",
  "start": 27,
  "start_date": "2021-09-02",
  "status": "ACTI",
  "student": 9,
  "updated_at": "2023-11-21T14:18:00.362"
 },
 "model": "grad.gradstatus",
 "pk": 27
},
{
 "fields": {
  "config": "{}",
  "created_at": "2023-11-21T14:18:00.360",
  "end": null,
  "hidden": false,
  "notes": "",
  "start": 36,
  "start_date": "2024-09-02",
  "status": "WIDR",
  "student": 9,
  "updated_at": "2023-11-21T14:18:00.360"
 },
 "model": "grad.gradstatus",
 "pk": 28
},
{
 "fields": {
  "config": "{}",
  "created_at": "2023-11-21T14:18:00.386",
  "end": 33,
  "hidden": false,
  "notes": "",
  "start": 33,
  "start_date": "2023-05-25",
  "status": "COMP",
  "student": 10,
  "updated_at": "2023-11-21T14:18:00.397"
 },
 "model": "grad.gradstatus",
 "pk": 29
},
{
 "fields": {
  "config": "{}",
  "created_at": "2023-11-21T14:18:00.395",
  "end": null,
  "hidden": false,
  "notes": "",
  "start": 33,
  "start_date": "2023-06-14",
  "status": "REJE",
  "student": 10,
  "updated_at": "2023-11-21T14:18:00.395"
 },
 "model": "grad.gradstatus",
 "pk": 30
},
{
 "fields": {
  "config": "{}",
  "created_at": "2023-11-21T14:18:00.427",
  "end": 30,
  "hidden": false,
  "notes": "",
  "start": 30,
  "start_date": "2022-05-25",
  "status": "COMP",
  "student": 11,
  "updated_at": "2023-11-21T14:18:00.439"
 },
 "model": "grad.gradstatus",
 "pk": 31
},
{
 "fields": {
  "config": "{}",
  "created_at": "2023-11-21T14:18:00.436",
  "end": null,
  "hidden": false,
  "notes": "",
  "start": 30,
  "start_date": "2022-06-14",
  "status": "REJE",
  "student": 11,
  "updated_at": "2023-11-21T14:18:00.436"
 },
 "model": "grad.gradstatus",
 "pk": 32
},
{
 "fields": {
  "config": "{}",
  "created_at": "2023-11-21T14:18:00.467",
  "end": 32,
  "hidden": false,
  "notes": "",
  "start": 32,
  "start_date": "2023-01-22",
  "status": "COMP",
  "student": 12,
  "updated_at": "2023-11-21T14:18:00.478"
 },
 "model": "grad.gradstatus",
 "pk": 33
},
{
 "fields": {
  "config": "{}",
  "created_at": "2023-11-21T14:18:00.476",
  "end": 32,
  "hidden": false,
  "notes": "",
  "start": 32,
  "start_date": "2023-02-11",
  "status": "OFFO",
  "student": 12,
  "updated_at": "2023-11-21T14:18:00.489"
 },
 "model": "grad.gradstatus",
 "pk": 34
},
{
 "fields": {
  "config": "{}",
  "created_at": "2023-11-21T14:18:00.486",
  "end": 36,
  "hidden": false,
  "notes": "",
  "start": 32,
  "start_date": "2023-05-02",
  "status": "ACTI",
  "student": 12,
  "updated_at": "2023-11-21T14:18:00.500"
 },
 "model": "grad.gradstatus",
 "pk": 35
},
{
 "fields": {
  "config": "{}",
  "created_at": "2023-11-21T14:18:00.497",
  "end": null,
  "hidden": false,
  "notes": "",
  "start": 36,
  "start_date": "2024-09-02",
  "status": "WIDR",
  "student": 12,
  "updated_at": "2023-11-21T14:18:00.497"
 },
 "model": "grad.gradstatus",
 "pk": 36
},
{
 "fields": {
  "config": "{}",
  "created_at": "2023-11-21T14:18:00.526",
  "end": 30,
  "hidden": false,
  "notes": "",
  "start": 30,
  "start_date": "2022-05-25",
  "status": "COMP",
  "student": 13,
  "updated_at": "2023-11-21T14:18:00.537"
 },
 "model": "grad.gradstatus",
 "pk": 37
},
{
 "fields": {
  "config": "{}",
  "created_at": "2023-11-21T14:18:00.535",
  "end": null,
  "hidden": false,
  "notes": "",
  "start": 30,
  "start_date": "2022-06-14",
  "status": "REJE",
  "student": 13,
  "updated_at": "2023-11-21T14:18:00.535"
 },
 "model": "grad.gradstatus",
 "pk": 38
},
{
 "fields": {
  "config": "{}",
  "created_at": "2023-11-21T14:18:00.569",
  "end": 33,
  "hidden": false,
  "notes": "",
  "start": 33,
  "start_date": "2023-05-25",
  "status": "COMP",
  "student": 14,
  "updated_at": "2023-11-21T14:18:00.580"
 },
 "model": "grad.gradstatus",
 "pk": 39
},
{
 "fields": {
  "config": "{}",
  "created_at": "2023-11-21T14:18:00.578",
  "end": 33,
  "hidden": false,
  "notes": "",
  "start": 33,
  "start_date": "2023-06-14",
  "status": "OFFO",
  "student": 14,
  "updated_at": "2023-11-21T14:18:00.591"
 },
 "model": "grad.gradstatus",
 "pk": 40
},
{
 "fields": {
  "config": "{}",
  "created_at": "2023-11-21T14:18:00.589",
  "end": 38,
  "hidden": false,
  "notes": "",
  "start": 33,
  "start_date": "2023-09-02",
  "status": "ACTI",
  "student": 14,
  "updated_at": "2023-11-21T14:18:00.602"
 },
 "model": "grad.gradstatus",
 "pk": 41
},
{
 "fields": {
  "config": "{}",
  "created_at": "2023-11-21T14:18:00.600",
  "end": null,
  "hidden": false,
  "notes": "",
  "start": 38,
  "start_date": "2025-05-02",
  "status": "WIDR",
  "student": 14,
  "updated_at": "2023-11-21T14:18:00.600"
 },
 "model": "grad.gradstatus",
 "pk": 42
},
{
 "fields": {
  "config": "{}",
  "created_at": "2023-11-21T14:18:00.634",
  "end": 30,
  "hidden": false,
  "notes": "",
  "start": 30,
  "start_date": "2022-05-25",
  "status": "COMP",
  "student": 15,
  "updated_at": "2023-11-21T14:18:00.649"
 },
 "model": "grad.gradstatus",
 "pk": 43
},
{
 "fields": {
  "config": "{}",
  "created_at": "2023-11-21T14:18:00.646",
  "end": 30,
  "hidden": false,
  "notes": "",
  "start": 30,
  "start_date": "2022-06-14",
  "status": "OFFO",
  "student": 15,
  "updated_at": "2023-11-21T14:18:00.662"
 },
 "model": "grad.gradstatus",
 "pk": 44
},
{
 "fields": {
  "config": "{}",
  "created_at": "2023-11-21T14:18:00.659",
  "end": 37,
  "hidden": false,
  "notes": "",
  "start": 30,
  "start_date": "2022-09-02",
  "status": "ACTI",
  "student": 15,
  "updated_at": "2023-11-21T14:18:00.675"
 },
 "model": "grad.gradstatus",
 "pk": 45
},
{
 "fields": {
  "config": "{}",
  "created_at": "2023-11-21T14:18:00.672",
  "end": null,
  "hidden": false,
  "notes": "",
  "start": 37,
  "start_date": "2025-01-02",
  "status": "WIDR",
  "student": 15,
  "updated_at": "2023-11-21T14:18:00.672"
 },
 "model": "grad.gradstatus",
 "pk": 46
},
{
 "fields": {
  "config": "{}",
  "created_at": "2023-11-21T14:18:00.704",
  "end": 28,
  "hidden": false,
  "notes": "",
  "start": 28,
  "start_date": "2021-09-24",
  "status": "COMP",
  "student": 16,
  "updated_at": "2023-11-21T14:18:00.715"
 },
 "model": "grad.gradstatus",
 "pk": 47
},
{
 "fields": {
  "config": "{}",
  "created_at": "2023-11-21T14:18:00.713",
  "end": 28,
  "hidden": false,
  "notes": "",
  "start": 28,
  "start_date": "2021-10-14",
  "status": "OFFO",
  "student": 16,
  "updated_at": "2023-11-21T14:18:00.727"
 },
 "model": "grad.gradstatus",
 "pk": 48
},
{
 "fields": {
  "config": "{}",
  "created_at": "2023-11-21T14:18:00.724",
  "end": null,
  "hidden": false,
  "notes": "",
  "start": 28,
  "start_date": "2022-01-02",
  "status": "ACTI",
  "student": 16,
  "updated_at": "2023-11-21T14:18:00.724"
 },
 "model": "grad.gradstatus",
 "pk": 49
},
{
 "fields": {
  "config": "{}",
  "created_at": "2023-11-21T14:18:00.762",
  "end": 29,
  "hidden": false,
  "notes": "",
  "start": 29,
  "start_date": "2022-01-22",
  "status": "COMP",
  "student": 17,
  "updated_at": "2023-11-21T14:18:00.774"
 },
 "model": "grad.gradstatus",
 "pk": 50
},
{
 "fields": {
  "config": "{}",
  "created_at": "2023-11-21T14:18:00.771",
  "end": 29,
  "hidden": false,
  "notes": "",
  "start": 29,
  "start_date": "2022-02-11",
  "status": "OFFO",
  "student": 17,
  "updated_at": "2023-11-21T14:18:00.785"
 },
 "model": "grad.gradstatus",
 "pk": 51
},
{
 "fields": {
  "config": "{}",
  "created_at": "2023-11-21T14:18:00.782",
  "end": 34,
  "hidden": false,
  "notes": "",
  "start": 29,
  "start_date": "2022-05-02",
  "status": "ACTI",
  "student": 17,
  "updated_at": "2023-11-21T14:18:00.796"
 },
 "model": "grad.gradstatus",
 "pk": 52
},
{
 "fields": {
  "config": "{}",
  "created_at": "2023-11-21T14:18:00.794",
  "end": null,
  "hidden": false,
  "notes": "",
  "start": 34,
  "start_date": "2024-01-02",
  "status": "WIDR",
  "student": 17,
  "updated_at": "2023-11-21T14:18:00.794"
 },
 "model": "grad.gradstatus",
 "pk": 53
},
{
 "fields": {
  "config": "{}",
  "created_at": "2023-11-21T14:18:00.822",
  "end": 29,
  "hidden": false,
  "notes": "",
  "start": 29,
  "start_date": "2022-01-22",
  "status": "COMP",
  "student": 18,
  "updated_at": "2023-11-21T14:18:00.833"
 },
 "model": "grad.gradstatus",
 "pk": 54
},
{
 "fields": {
  "config": "{}",
  "created_at": "2023-11-21T14:18:00.830",
  "end": null,
  "hidden": false,
  "notes": "",
  "start": 29,
  "start_date": "2022-02-11",
  "status": "REJE",
  "student": 18,
  "updated_at": "2023-11-21T14:18:00.830"
 },
 "model": "grad.gradstatus",
 "pk": 55
},
{
 "fields": {
  "config": "{}",
  "created_at": "2023-11-21T14:18:00.861",
  "end": 28,
  "hidden": false,
  "notes": "",
  "start": 28,
  "start_date": "2021-09-24",
  "status": "COMP",
  "student": 19,
  "updated_at": "2023-11-21T14:18:00.873"
 },
 "model": "grad.gradstatus",
 "pk": 56
},
{
 "fields": {
  "config": "{}",
  "created_at": "2023-11-21T14:18:00.870",
  "end": null,
  "hidden": false,
  "notes": "",
  "start": 28,
  "start_date": "2021-10-14",
  "status": "REJE",
  "student": 19,
  "updated_at": "2023-11-21T14:18:00.870"
 },
 "model": "grad.gradstatus",
 "pk": 57
},
{
 "fields": {
  "config": "{}",
  "created_at": "2023-11-21T14:18:00.904",
  "end": 28,
  "hidden": false,
  "notes": "",
  "start": 28,
  "start_date": "2021-09-24",
  "status": "COMP",
  "student": 20,
  "updated_at": "2023-11-21T14:18:00.916"
 },
 "model": "grad.gradstatus",
 "pk": 58
},
{
 "fields": {
  "config": "{}",
  "created_at": "2023-11-21T14:18:00.913",
  "end": 28,
  "hidden": false,
  "notes": "",
  "start": 28,
  "start_date": "2021-10-14",
  "status": "OFFO",
  "student": 20,
  "updated_at": "2023-11-21T14:18:00.927"
 },
 "model": "grad.gradstatus",
 "pk": 59
},
{
 "fields": {
  "config": "{}",
  "created_at": "2023-11-21T14:18:00.925",
  "end": null,
  "hidden": false,
  "notes": "",
  "start": 28,
  "start_date": "2022-01-02",
  "status": "ACTI",
  "student": 20,
  "updated_at": "2023-11-21T14:18:00.925"
 },
 "model": "grad.gradstatus",
 "pk": 60
},
{
 "fields": {
  "config": "{}",
  "created_at": "2023-11-21T14:18:00.955",
  "end": 26,
  "hidden": false,
  "notes": "",
  "start": 26,
  "start_date": "2021-01-22",
  "status": "COMP",
  "student": 21,
  "updated_at": "2023-11-21T14:18:00.967"
 },
 "model": "grad.gradstatus",
 "pk": 61
},
{
 "fields": {
  "config": "{}",
  "created_at": "2023-11-21T14:18:00.964",
  "end": 26,
  "hidden": false,
  "notes": "",
  "start": 26,
  "start_date": "2021-02-11",
  "status": "OFFO",
  "student": 21,
  "updated_at": "2023-11-21T14:18:00.978"
 },
 "model": "grad.gradstatus",
 "pk": 62
},
{
 "fields": {
  "config": "{}",
  "created_at": "2023-11-21T14:18:00.975",
  "end": 34,
  "hidden": false,
  "notes": "",
  "start": 26,
  "start_date": "2021-05-02",
  "status": "ACTI",
  "student": 21,
  "updated_at": "2023-11-21T14:18:00.989"
 },
 "model": "grad.gradstatus",
 "pk": 63
},
{
 "fields": {
  "config": "{}",
  "created_at": "2023-11-21T14:18:00.986",
  "end": null,
  "hidden": false,
  "notes": "",
  "start": 34,
  "start_date": "2024-01-02",
  "status": "WIDR",
  "student": 21,
  "updated_at": "2023-11-21T14:18:00.986"
 },
 "model": "grad.gradstatus",
 "pk": 64
},
{
 "fields": {
  "config": "{}",
  "created_at": "2023-11-21T14:18:01.015",
  "end": 30,
  "hidden": false,
  "notes": "",
  "start": 30,
  "start_date": "2022-05-25",
  "status": "COMP",
  "student": 22,
  "updated_at": "2023-11-21T14:18:01.027"
 },
 "model": "grad.gradstatus",
 "pk": 65
},
{
 "fields": {
  "config": "{}",
  "created_at": "2023-11-21T14:18:01.024",
  "end": 30,
  "hidden": false,
  "notes": "",
  "start": 30,
  "start_date": "2022-06-14",
  "status": "OFFO",
  "student": 22,
  "updated_at": "2023-11-21T14:18:01.041"
 },
 "model": "grad.gradstatus",
 "pk": 66
},
{
 "fields": {
  "config": "{}",
  "created_at": "2023-11-21T14:18:01.038",
  "end": null,
  "hidden": false,
  "notes": "",
  "start": 30,
  "start_date": "2022-09-02",
  "status": "ACTI",
  "student": 22,
  "updated_at": "2023-11-21T14:18:01.038"
 },
 "model": "grad.gradstatus",
 "pk": 67
},
{
 "fields": {
  "config": "{}",
  "created_at": "2023-11-21T14:18:01.073",
  "end": 32,
  "hidden": false,
  "notes": "",
  "start": 32,
  "start_date": "2023-01-22",
  "status": "COMP",
  "student": 23,
  "updated_at": "2023-11-21T14:18:01.086"
 },
 "model": "grad.gradstatus",
 "pk": 68
},
{
 "fields": {
  "config": "{}",
  "created_at": "2023-11-21T14:18:01.083",
  "end": 32,
  "hidden": false,
  "notes": "",
  "start": 32,
  "start_date": "2023-02-11",
  "status": "OFFO",
  "student": 23,
  "updated_at": "2023-11-21T14:18:01.098"
 },
 "model": "grad.gradstatus",
 "pk": 69
},
{
 "fields": {
  "config": "{}",
  "created_at": "2023-11-21T14:18:01.095",
  "end": 37,
  "hidden": false,
  "notes": "",
  "start": 32,
  "start_date": "2023-05-02",
  "status": "ACTI",
  "student": 23,
  "updated_at": "2023-11-21T14:18:01.111"
 },
 "model": "grad.gradstatus",
 "pk": 70
},
{
 "fields": {
  "config": "{}",
  "created_at": "2023-11-21T14:18:01.108",
  "end": null,
  "hidden": false,
  "notes": "",
  "start": 37,
  "start_date": "2025-01-02",
  "status": "WIDR",
  "student": 23,
  "updated_at": "2023-11-21T14:18:01.108"
 },
 "model": "grad.gradstatus",
 "pk": 71
},
{
 "fields": {
  "config": "{}",
  "created_at": "2023-11-21T14:18:01.141",
  "end": 31,
  "hidden": false,
  "notes": "",
  "start": 31,
  "start_date": "2022-09-24",
  "status": "COMP",
  "student": 24,
  "updated_at": "2023-11-21T14:18:01.153"
 },
 "model": "grad.gradstatus",
 "pk": 72
},
{
 "fields": {
  "config": "{}",
  "created_at": "2023-11-21T14:18:01.151",
  "end": 31,
  "hidden": false,
  "notes": "",
  "start": 31,
  "start_date": "2022-10-14",
  "status": "OFFO",
  "student": 24,
  "updated_at": "2023-11-21T14:18:01.164"
 },
 "model": "grad.gradstatus",
 "pk": 73
},
{
 "fields": {
  "config": "{}",
  "created_at": "2023-11-21T14:18:01.162",
  "end": 38,
  "hidden": false,
  "notes": "",
  "start": 31,
  "start_date": "2023-01-02",
  "status": "ACTI",
  "student": 24,
  "updated_at": "2023-11-21T14:18:01.176"
 },
 "model": "grad.gradstatus",
 "pk": 74
},
{
 "fields": {
  "config": "{}",
  "created_at": "2023-11-21T14:18:01.173",
  "end": null,
  "hidden": false,
  "notes": "",
  "start": 38,
  "start_date": "2025-05-02",
  "status": "WIDR",
  "student": 24,
  "updated_at": "2023-11-21T14:18:01.173"
 },
 "model": "grad.gradstatus",
 "pk": 75
},
{
 "fields": {
  "config": "{}",
  "created_at": "2023-11-21T14:18:01.199",
  "end": 26,
  "hidden": false,
  "notes": "",
  "start": 26,
  "start_date": "2021-01-22",
  "status": "COMP",
  "student": 25,
  "updated_at": "2023-11-21T14:18:01.210"
 },
 "model": "grad.gradstatus",
 "pk": 76
},
{
 "fields": {
  "config": "{}",
  "created_at": "2023-11-21T14:18:01.208",
  "end": 26,
  "hidden": false,
  "notes": "",
  "start": 26,
  "start_date": "2021-02-11",
  "status": "OFFO",
  "student": 25,
  "updated_at": "2023-11-21T14:18:01.221"
 },
 "model": "grad.gradstatus",
 "pk": 77
},
{
 "fields": {
  "config": "{}",
  "created_at": "2023-11-21T14:18:01.219",
  "end": 31,
  "hidden": false,
  "notes": "",
  "start": 26,
  "start_date": "2021-05-02",
  "status": "ACTI",
  "student": 25,
  "updated_at": "2023-11-21T14:18:01.232"
 },
 "model": "grad.gradstatus",
 "pk": 78
},
{
 "fields": {
  "config": "{}",
  "created_at": "2023-11-21T14:18:01.229",
  "end": null,
  "hidden": false,
  "notes": "",
  "start": 31,
  "start_date": "2023-01-02",
  "status": "WIDR",
  "student": 25,
  "updated_at": "2023-11-21T14:18:01.229"
 },
 "model": "grad.gradstatus",
 "pk": 79
},
{
 "fields": {
  "amount": "2000.00",
  "comments": null,
  "end_semester": 31,
  "entrydate": null,
  "removed": false,
  "scholarship_type": 2,
  "start_semester": 29,
  "student": 1
 },
 "model": "grad.scholarship",
 "pk": 1
},
{
 "fields": {
  "amount": "2000.00",
  "comments": null,
  "end_semester": 30,
  "entrydate": null,
  "removed": false,
  "scholarship_type": 1,
  "start_semester": 28,
  "student": 2
 },
 "model": "grad.scholarship",
 "pk": 2
},
{
 "fields": {
  "amount": "2000.00",
  "comments": null,
  "end_semester": 29,
  "entrydate": null,
  "removed": false,
  "scholarship_type": 2,
  "start_semester": 27,
  "student": 3
 },
 "model": "grad.scholarship",
 "pk": 3
},
{
 "fields": {
  "amount": "2000.00",
  "comments": null,
  "end_semester": 32,
  "entrydate": null,
  "removed": false,
  "scholarship_type": 1,
  "start_semester": 30,
  "student": 4
 },
 "model": "grad.scholarship",
 "pk": 4
},
{
 "fields": {
  "amount": "2000.00",
  "comments": null,
  "end_semester": 28,
  "entrydate": null,
  "removed": false,
  "scholarship_type": 1,
  "start_semester": 26,
  "student": 5
 },
 "model": "grad.scholarship",
 "pk": 5
},
{
 "fields": {
  "amount": "2000.00",
  "comments": null,
  "end_semester": 28,
  "entrydate": null,
  "removed": false,
  "scholarship_type": 2,
  "start_semester": 26,
  "student": 6
 },
 "model": "grad.scholarship",
 "pk": 6
},
{
 "fields": {
  "amount": "2000.00",
  "comments": null,
  "end_semester": 31,
  "entrydate": null,
  "removed": false,
  "scholarship_type": 2,
  "start_semester": 29,
  "student": 7
 },
 "model": "grad.scholarship",
 "pk": 7
},
{
 "fields": {
  "amount": "2000.00",
  "comments": null,
  "end_semester": 35,
  "entrydate": null,
  "removed": false,
  "scholarship_type": 2,
  "start_semester": 33,
  "student": 8
 },
 "model": "grad.scholarship",
 "pk": 8
},
{
 "fields": {
  "amount": "2000.00",
  "comments": null,
  "end_semester": 29,
  "entrydate": null,
  "removed": false,
  "scholarship_type": 1,
  "start_semester": 27,
  "student": 9
 },
 "model": "grad.scholarship",
 "pk": 9
},
{
 "fields": {
  "amount": "2000.00",
  "comments": null,
  "end_semester": 35,
  "entrydate": null,
  "removed": false,
  "scholarship_type": 1,
  "start_semester": 33,
  "student": 10
 },
 "model": "grad.scholarship",
 "pk": 10
},
{
 "fields": {
  "amount": "2000.00",
  "comments": null,
  "end_semester": 32,
  "entrydate": null,
  "removed": false,
  "scholarship_type": 2,
  "start_semester": 30,
  "student": 11
 },
 "model": "grad.scholarship",
 "pk": 11
},
{
 "fields": {
  "amount": "2000.00",
  "comments": null,
  "end_semester": 34,
  "entrydate": null,
  "removed": false,
  "scholarship_type": 2,
  "start_semester": 32,
  "student": 12
 },
 "model": "grad.scholarship",
 "pk": 12
},
{
 "fields": {
  "amount": "2000.00",
  "comments": null,
  "end_semester": 32,
  "entrydate": null,
  "removed": false,
  "scholarship_type": 1,
  "start_semester": 30,
  "student": 13
 },
 "model": "grad.scholarship",
 "pk": 13
},
{
 "fields": {
  "amount": "2000.00",
  "comments": null,
  "end_semester": 35,
  "entrydate": null,
  "removed": false,
  "scholarship_type": 1,
  "start_semester": 33,
  "student": 14
 },
 "model": "grad.scholarship",
 "pk": 14
},
{
 "fields": {
  "amount": "2000.00",
  "comments": null,
  "end_semester": 32,
  "entrydate": null,
  "removed": false,
  "scholarship_type": 2,
  "start_semester": 30,
  "student": 15
 },
 "model": "grad.scholarship",
 "pk": 15
},
{
 "fields": {
  "amount": "2000.00",
  "comments": null,
  "end_semester": 30,
  "entrydate": null,
  "removed": false,
  "scholarship_type": 2,
  "start_semester": 28,
  "student": 16
 },
 "model": "grad.scholarship",
 "pk": 16
},
{
 "fields": {
  "amount": "2000.00",
  "comments": null,
  "end_semester": 31,
  "entrydate": null,
  "removed": false,
  "scholarship_type": 1,
  "start_semester": 29,
  "student": 17
 },
 "model": "grad.scholarship",
 "pk": 17
},
{
 "fields": {
  "amount": "2000.00",
  "comments": null,
  "end_semester": 31,
  "entrydate": null,
  "removed": false,
  "scholarship_type": 1,
  "start_semester": 29,
  "student": 18
 },
 "model": "grad.scholarship",
 "pk": 18
},
{
 "fields": {
  "amount": "2000.00",
  "comments": null,
  "end_semester": 30,
  "entrydate": null,
  "removed": false,
  "scholarship_type": 2,
  "start_semester": 28,
  "student": 19
 },
 "model": "grad.scholarship",
 "pk": 19
},
{
 "fields": {
  "amount": "2000.00",
  "comments": null,
  "end_semester": 30,
  "entrydate": null,
  "removed": false,
  "scholarship_type": 2,
  "start_semester": 28,
  "student": 20
 },
 "model": "grad.scholarship",
 "pk": 20
},
{
 "fields": {
  "amount": "2000.00",
  "comments": null,
  "end_semester": 28,
  "entrydate": null,
  "removed": false,
  "scholarship_type": 2,
  "start_semester": 26,
  "student": 21
 },
 "model": "grad.scholarship",
 "pk": 21
},
{
 "fields": {
  "amount": "2000.00",
  "comments": null,
  "end_semester": 32,
  "entrydate": null,
  "removed": false,
  "scholarship_type": 2,
  "start_semester": 30,
  "student": 22
 },
 "model": "grad.scholarship",
 "pk": 22
},
{
 "fields": {
  "amount": "2000.00",
  "comments": null,
  "end_semester": 34,
  "entrydate": null,
  "removed": false,
  "scholarship_type": 2,
  "start_semester": 32,
  "student": 23
 },
 "model": "grad.scholarship",
 "pk": 23
},
{
 "fields": {
  "amount": "2000.00",
  "comments": null,
  "end_semester": 33,
  "entrydate": null,
  "removed": false,
  "scholarship_type": 1,
  "start_semester": 31,
  "student": 24
 },
 "model": "grad.scholarship",
 "pk": 24
},
{
 "fields": {
  "amount": "2000.00",
  "comments": null,
  "end_semester": 28,
  "entrydate": null,
  "removed": false,
  "scholarship_type": 1,
  "start_semester": 26,
  "student": 25
 },
 "model": "grad.scholarship",
 "pk": 25
},
{
 "fields": {
  "amount": "1300.00",
  "comments": null,
  "description": "Money fell from the sky",
  "eligible": true,
  "removed": false,
  "semester": 32,
  "student": 1
 },
 "model": "grad.otherfunding",
 "pk": 1
},
{
 "fields": {
  "amount": "1300.00",
  "comments": null,
  "description": "Money fell from the sky",
  "eligible": true,
  "removed": false,
  "semester": 31,
  "student": 2
 },
 "model": "grad.otherfunding",
 "pk": 2
},
{
 "fields": {
  "amount": "1300.00",
  "comments": null,
  "description": "Money fell from the sky",
  "eligible": true,
  "removed": false,
  "semester": 30,
  "student": 3
 },
 "model": "grad.otherfunding",
 "pk": 3
},
{
 "fields": {
  "amount": "1300.00",
  "comments": null,
  "description": "Money fell from the sky",
  "eligible": true,
  "removed": false,
  "semester": 33,
  "student": 4
 },
 "model": "grad.otherfunding",
 "pk": 4
},
{
 "fields": {
  "amount": "1300.00",
  "comments": null,
  "description": "Money fell from the sky",
  "eligible": true,
  "removed": false,
  "semester": 29,
  "student": 5
 },
 "model": "grad.otherfunding",
 "pk": 5
},
{
 "fields": {
  "amount": "1300.00",
  "comments": null,
  "description": "Money fell from the sky",
  "eligible": true,
  "removed": false,
  "semester": 29,
  "student": 6
 },
 "model": "grad.otherfunding",
 "pk": 6
},
{
 "fields": {
  "amount": "1300.00",
  "comments": null,
  "description": "Money fell from the sky",
  "eligible": true,
  "removed": false,
  "semester": 32,
  "student": 7
 },
 "model": "grad.otherfunding",
 "pk": 7
},
{
 "fields": {
  "amount": "1300.00",
  "comments": null,
  "description": "Money fell from the sky",
  "eligible": true,
  "removed": false,
  "semester": 36,
  "student": 8
 },
 "model": "grad.otherfunding",
 "pk": 8
},
{
 "fields": {
  "amount": "1300.00",
  "comments": null,
  "description": "Money fell from the sky",
  "eligible": true,
  "removed": false,
  "semester": 30,
  "student": 9
 },
 "model": "grad.otherfunding",
 "pk": 9
},
{
 "fields": {
  "amount": "1300.00",
  "comments": null,
  "description": "Money fell from the sky",
  "eligible": true,
  "removed": false,
  "semester": 36,
  "student": 10
 },
 "model": "grad.otherfunding",
 "pk": 10
},
{
 "fields": {
  "amount": "1300.00",
  "comments": null,
  "description": "Money fell from the sky",
  "eligible": true,
  "removed": false,
  "semester": 33,
  "student": 11
 },
 "model": "grad.otherfunding",
 "pk": 11
},
{
 "fields": {
  "amount": "1300.00",
  "comments": null,
  "description": "Money fell from the sky",
  "eligible": true,
  "removed": false,
  "semester": 35,
  "student": 12
 },
 "model": "grad.otherfunding",
 "pk": 12
},
{
 "fields": {
  "amount": "1300.00",
  "comments": null,
  "description": "Money fell from the sky",
  "eligible": true,
  "removed": false,
  "semester": 33,
  "student": 13
 },
 "model": "grad.otherfunding",
 "pk": 13
},
{
 "fields": {
  "amount": "1300.00",
  "comments": null,
  "description": "Money fell from the sky",
  "eligible": true,
  "removed": false,
  "semester": 36,
  "student": 14
 },
 "model": "grad.otherfunding",
 "pk": 14
},
{
 "fields": {
  "amount": "1300.00",
  "comments": null,
  "description": "Money fell from the sky",
  "eligible": true,
  "removed": false,
  "semester": 33,
  "student": 15
 },
 "model": "grad.otherfunding",
 "pk": 15
},
{
 "fields": {
  "amount": "1300.00",
  "comments": null,
  "description": "Money fell from the sky",
  "eligible": true,
  "removed": false,
  "semester": 31,
  "student": 16
 },
 "model": "grad.otherfunding",
 "pk": 16
},
{
 "fields": {
  "amount": "1300.00",
  "comments": null,
  "description": "Money fell from the sky",
  "eligible": true,
  "removed": false,
  "semester": 32,
  "student": 17
 },
 "model": "grad.otherfunding",
 "pk": 17
},
{
 "fields": {
  "amount": "1300.00",
  "comments": null,
  "description": "Money fell from the sky",
  "eligible": true,
  "removed": false,
  "semester": 32,
  "student": 18
 },
 "model": "grad.otherfunding",
 "pk": 18
},
{
 "fields": {
  "amount": "1300.00",
  "comments": null,
  "description": "Money fell from the sky",
  "eligible": true,
  "removed": false,
  "semester": 31,
  "student": 19
 },
 "model": "grad.otherfunding",
 "pk": 19
},
{
 "fields": {
  "amount": "1300.00",
  "comments": null,
  "description": "Money fell from the sky",
  "eligible": true,
  "removed": false,
  "semester": 31,
  "student": 20
 },
 "model": "grad.otherfunding",
 "pk": 20
},
{
 "fields": {
  "amount": "1300.00",
  "comments": null,
  "description": "Money fell from the sky",
  "eligible": true,
  "removed": false,
  "semester": 29,
  "student": 21
 },
 "model": "grad.otherfunding",
 "pk": 21
},
{
 "fields": {
  "amount": "1300.00",
  "comments": null,
  "description": "Money fell from the sky",
  "eligible": true,
  "removed": false,
  "semester": 33,
  "student": 22
 },
 "model": "grad.otherfunding",
 "pk": 22
},
{
 "fields": {
  "amount": "1300.00",
  "comments": null,
  "description": "Money fell from the sky",
  "eligible": true,
  "removed": false,
  "semester": 35,
  "student": 23
 },
 "model": "grad.otherfunding",
 "pk": 23
},
{
 "fields": {
  "amount": "1300.00",
  "comments": null,
  "description": "Money fell from the sky",
  "eligible": true,
  "removed": false,
  "semester": 34,
  "student": 24
 },
 "model": "grad.otherfunding",
 "pk": 24
},
{
 "fields": {
  "amount": "1300.00",
  "comments": null,
  "description": "Money fell from the sky",
  "eligible": true,
  "removed": false,
  "semester": 29,
  "student": 25
 },
 "model": "grad.otherfunding",
 "pk": 25
},
{
 "fields": {
  "amount": "10000.00",
  "comments": null,
  "end_semester": 30,
  "removed": false,
  "start_semester": 29,
  "student": 1
 },
 "model": "grad.promise",
 "pk": 1
},
{
 "fields": {
  "amount": "10000.00",
  "comments": null,
  "end_semester": 32,
  "removed": false,
  "start_semester": 31,
  "student": 1
 },
 "model": "grad.promise",
 "pk": 2
},
{
 "fields": {
  "amount": "10000.00",
  "comments": null,
  "end_semester": 29,
  "removed": false,
  "start_semester": 28,
  "student": 2
 },
 "model": "grad.promise",
 "pk": 3
},
{
 "fields": {
  "amount": "10000.00",
  "comments": null,
  "end_semester": 31,
  "removed": false,
  "start_semester": 30,
  "student": 2
 },
 "model": "grad.promise",
 "pk": 4
},
{
 "fields": {
  "amount": "10000.00",
  "comments": null,
  "end_semester": 28,
  "removed": false,
  "start_semester": 27,
  "student": 3
 },
 "model": "grad.promise",
 "pk": 5
},
{
 "fields": {
  "amount": "10000.00",
  "comments": null,
  "end_semester": 30,
  "removed": false,
  "start_semester": 29,
  "student": 3
 },
 "model": "grad.promise",
 "pk": 6
},
{
 "fields": {
  "amount": "10000.00",
  "comments": null,
  "end_semester": 31,
  "removed": false,
  "start_semester": 30,
  "student": 4
 },
 "model": "grad.promise",
 "pk": 7
},
{
 "fields": {
  "amount": "10000.00",
  "comments": null,
  "end_semester": 33,
  "removed": false,
  "start_semester": 32,
  "student": 4
 },
 "model": "grad.promise",
 "pk": 8
},
{
 "fields": {
  "amount": "10000.00",
  "comments": null,
  "end_semester": 27,
  "removed": false,
  "start_semester": 26,
  "student": 5
 },
 "model": "grad.promise",
 "pk": 9
},
{
 "fields": {
  "amount": "10000.00",
  "comments": null,
  "end_semester": 29,
  "removed": false,
  "start_semester": 28,
  "student": 5
 },
 "model": "grad.promise",
 "pk": 10
},
{
 "fields": {
  "amount": "10000.00",
  "comments": null,
  "end_semester": 27,
  "removed": false,
  "start_semester": 26,
  "student": 6
 },
 "model": "grad.promise",
 "pk": 11
},
{
 "fields": {
  "amount": "10000.00",
  "comments": null,
  "end_semester": 29,
  "removed": false,
  "start_semester": 28,
  "student": 6
 },
 "model": "grad.promise",
 "pk": 12
},
{
 "fields": {
  "amount": "10000.00",
  "comments": null,
  "end_semester": 30,
  "removed": false,
  "start_semester": 29,
  "student": 7
 },
 "model": "grad.promise",
 "pk": 13
},
{
 "fields": {
  "amount": "10000.00",
  "comments": null,
  "end_semester": 32,
  "removed": false,
  "start_semester": 31,
  "student": 7
 },
 "model": "grad.promise",
 "pk": 14
},
{
 "fields": {
  "amount": "10000.00",
  "comments": null,
  "end_semester": 34,
  "removed": false,
  "start_semester": 33,
  "student": 8
 },
 "model": "grad.promise",
 "pk": 15
},
{
 "fields": {
  "amount": "10000.00",
  "comments": null,
  "end_semester": 36,
  "removed": false,
  "start_semester": 35,
  "student": 8
 },
 "model": "grad.promise",
 "pk": 16
},
{
 "fields": {
  "amount": "10000.00",
  "comments": null,
  "end_semester": 28,
  "removed": false,
  "start_semester": 27,
  "student": 9
 },
 "model": "grad.promise",
 "pk": 17
},
{
 "fields": {
  "amount": "10000.00",
  "comments": null,
  "end_semester": 30,
  "removed": false,
  "start_semester": 29,
  "student": 9
 },
 "model": "grad.promise",
 "pk": 18
},
{
 "fields": {
  "amount": "10000.00",
  "comments": null,
  "end_semester": 34,
  "removed": false,
  "start_semester": 33,
  "student": 10
 },
 "model": "grad.promise",
 "pk": 19
},
{
 "fields": {
  "amount": "10000.00",
  "comments": null,
  "end_semester": 36,
  "removed": false,
  "start_semester": 35,
  "student": 10
 },
 "model": "grad.promise",
 "pk": 20
},
{
 "fields": {
  "amount": "10000.00",
  "comments": null,
  "end_semester": 31,
  "removed": false,
  "start_semester": 30,
  "student": 11
 },
 "model": "grad.promise",
 "pk": 21
},
{
 "fields": {
  "amount": "10000.00",
  "comments": null,
  "end_semester": 33,
  "removed": false,
  "start_semester": 32,
  "student": 11
 },
 "model": "grad.promise",
 "pk": 22
},
{
 "fields": {
  "amount": "10000.00",
  "comments": null,
  "end_semester": 33,
  "removed": false,
  "start_semester": 32,
  "student": 12
 },
 "model": "grad.promise",
 "pk": 23
},
{
 "fields": {
  "amount": "10000.00",
  "comments": null,
  "end_semester": 35,
  "removed": false,
  "start_semester": 34,
  "student": 12
 },
 "model": "grad.promise",
 "pk": 24
},
{
 "fields": {
  "amount": "10000.00",
  "comments": null,
  "end_semester": 31,
  "removed": false,
  "start_semester": 30,
  "student": 13
 },
 "model": "grad.promise",
 "pk": 25
},
{
 "fields": {
  "amount": "10000.00",
  "comments": null,
  "end_semester": 33,
  "removed": false,
  "start_semester": 32,
  "student": 13
 },
 "model": "grad.promise",
 "pk": 26
},
{
 "fields": {
  "amount": "10000.00",
  "comments": null,
  "end_semester": 34,
  "removed": false,
  "start_semester": 33,
  "student": 14
 },
 "model": "grad.promise",
 "pk": 27
},
{
 "fields": {
  "amount": "10000.00",
  "comments": null,
  "end_semester": 36,
  "removed": false,
  "start_semester": 35,
  "student": 14
 },
 "model": "grad.promise",
 "pk": 28
},
{
 "fields": {
  "amount": "10000.00",
  "comments": null,
  "end_semester": 31,
  "removed": false,
  "start_semester": 30,
  "student": 15
 },
 "model": "grad.promise",
 "pk": 29
},
{
 "fields": {
  "amount": "10000.00",
  "comments": null,
  "end_semester": 33,
  "removed": false,
  "start_semester": 32,
  "student": 15
 },
 "model": "grad.promise",
 "pk": 30
},
{
 "fields": {
  "amount": "10000.00",
  "comments": null,
  "end_semester": 29,
  "removed": false,
  "start_semester": 28,
  "student": 16
 },
 "model": "grad.promise",
 "pk": 31
},
{
 "fields": {
  "amount": "10000.00",
  "comments": null,
  "end_semester": 31,
  "removed": false,
  "start_semester": 30,
  "student": 16
 },
 "model": "grad.promise",
 "pk": 32
},
{
 "fields": {
  "amount": "10000.00",
  "comments": null,
  "end_semester": 30,
  "removed": false,
  "start_semester": 29,
  "student": 17
 },
 "model": "grad.promise",
 "pk": 33
},
{
 "fields": {
  "amount": "10000.00",
  "comments": null,
  "end_semester": 32,
  "removed": false,
  "start_semester": 31,
  "student": 17
 },
 "model": "grad.promise",
 "pk": 34
},
{
 "fields": {
  "amount": "10000.00",
  "comments": null,
  "end_semester": 30,
  "removed": false,
  "start_semester": 29,
  "student": 18
 },
 "model": "grad.promise",
 "pk": 35
},
{
 "fields": {
  "amount": "10000.00",
  "comments": null,
  "end_semester": 32,
  "removed": false,
  "start_semester": 31,
  "student": 18
 },
 "model": "grad.promise",
 "pk": 36
},
{
 "fields": {
  "amount": "10000.00",
  "comments": null,
  "end_semester": 29,
  "removed": false,
  "start_semester": 28,
  "student": 19
 },
 "model": "grad.promise",
 "pk": 37
},
{
 "fields": {
  "amount": "10000.00",
  "comments": null,
  "end_semester": 31,
  "removed": false,
  "start_semester": 30,
  "student": 19
 },
 "model": "grad.promise",
 "pk": 38
},
{
 "fields": {
  "amount": "10000.00",
  "comments": null,
  "end_semester": 29,
  "removed": false,
  "start_semester": 28,
  "student": 20
 },
 "model": "grad.promise",
 "pk": 39
},
{
 "fields": {
  "amount": "10000.00",
  "comments": null,
  "end_semester": 31,
  "removed": false,
  "start_semester": 30,
  "student": 20
 },
 "model": "grad.promise",
 "pk": 40
},
{
 "fields": {
  "amount": "10000.00",
  "comments": null,
  "end_semester": 27,
  "removed": false,
  "start_semester": 26,
  "student": 21
 },
 "model": "grad.promise",
 "pk": 41
},
{
 "fields": {
  "amount": "10000.00",
  "comments": null,
  "end_semester": 29,
  "removed": false,
  "start_semester": 28,
  "student": 21
 },
 "model": "grad.promise",
 "pk": 42
},
{
 "fields": {
  "amount": "10000.00",
  "comments": null,
  "end_semester": 31,
  "removed": false,
  "start_semester": 30,
  "student": 22
 },
 "model": "grad.promise",
 "pk": 43
},
{
 "fields": {
  "amount": "10000.00",
  "comments": null,
  "end_semester": 33,
  "removed": false,
  "start_semester": 32,
  "student": 22
 },
 "model": "grad.promise",
 "pk": 44
},
{
 "fields": {
  "amount": "10000.00",
  "comments": null,
  "end_semester": 33,
  "removed": false,
  "start_semester": 32,
  "student": 23
 },
 "model": "grad.promise",
 "pk": 45
},
{
 "fields": {
  "amount": "10000.00",
  "comments": null,
  "end_semester": 35,
  "removed": false,
  "start_semester": 34,
  "student": 23
 },
 "model": "grad.promise",
 "pk": 46
},
{
 "fields": {
  "amount": "10000.00",
  "comments": null,
  "end_semester": 32,
  "removed": false,
  "start_semester": 31,
  "student": 24
 },
 "model": "grad.promise",
 "pk": 47
},
{
 "fields": {
  "amount": "10000.00",
  "comments": null,
  "end_semester": 34,
  "removed": false,
  "start_semester": 33,
  "student": 24
 },
 "model": "grad.promise",
 "pk": 48
},
{
 "fields": {
  "amount": "10000.00",
  "comments": null,
  "end_semester": 27,
  "removed": false,
  "start_semester": 26,
  "student": 25
 },
 "model": "grad.promise",
 "pk": 49
},
{
 "fields": {
  "amount": "10000.00",
  "comments": null,
  "end_semester": 29,
  "removed": false,
  "start_semester": 28,
  "student": 25
 },
 "model": "grad.promise",
 "pk": 50
},
{
 "fields": {
  "created_at": "2023-11-21T14:17:59.930",
  "date": null,
  "notes": null,
  "removed": false,
  "requirement": 7,
  "semester": 30,
  "student": 1,
  "updated_at": "2023-11-21T14:17:59.930"
 },
 "model": "grad.completedrequirement",
 "pk": 1
},
{
 "fields": {
  "created_at": "2023-11-21T14:18:00.160",
  "date": null,
  "notes": null,
  "removed": false,
  "requirement": 7,
  "semester": 27,
  "student": 5,
  "updated_at": "2023-11-21T14:18:00.160"
 },
 "model": "grad.completedrequirement",
 "pk": 2
},
{
 "fields": {
  "created_at": "2023-11-21T14:18:00.320",
  "date": null,
  "notes": null,
  "removed": false,
  "requirement": 7,
  "semester": 34,
  "student": 8,
  "updated_at": "2023-11-21T14:18:00.320"
 },
 "model": "grad.completedrequirement",
 "pk": 3
},
{
 "fields": {
  "created_at": "2023-11-21T14:18:00.418",
  "date": null,
  "notes": null,
  "removed": false,
  "requirement": 7,
  "semester": 34,
  "student": 10,
  "updated_at": "2023-11-21T14:18:00.418"
 },
 "model": "grad.completedrequirement",
 "pk": 4
},
{
 "fields": {
  "created_at": "2023-11-21T14:18:00.622",
  "date": null,
  "notes": null,
  "removed": false,
  "requirement": 7,
  "semester": 34,
  "student": 14,
  "updated_at": "2023-11-21T14:18:00.622"
 },
 "model": "grad.completedrequirement",
 "pk": 5
},
{
 "fields": {
  "created_at": "2023-11-21T14:18:00.948",
  "date": null,
  "notes": null,
  "removed": false,
  "requirement": 7,
  "semester": 29,
  "student": 20,
  "updated_at": "2023-11-21T14:18:00.948"
 },
 "model": "grad.completedrequirement",
 "pk": 6
},
{
 "fields": {
  "created_at": "2023-11-21T14:18:01.008",
  "date": null,
  "notes": null,
  "removed": false,
  "requirement": 7,
  "semester": 27,
  "student": 21,
  "updated_at": "2023-11-21T14:18:01.008"
 },
 "model": "grad.completedrequirement",
 "pk": 7
},
{
 "fields": {
  "created_at": "2023-11-21T14:18:01.064",
  "date": null,
  "notes": null,
  "removed": false,
  "requirement": 7,
  "semester": 31,
  "student": 22,
  "updated_at": "2023-11-21T14:18:01.064"
 },
 "model": "grad.completedrequirement",
 "pk": 8
},
{
 "fields": {
  "created_at": "2023-11-21T14:18:01.133",
  "date": null,
  "notes": null,
  "removed": false,
  "requirement": 7,
  "semester": 33,
  "student": 23,
  "updated_at": "2023-11-21T14:18:01.133"
 },
 "model": "grad.completedrequirement",
 "pk": 9
},
{
 "fields": {
  "flag": 2,
  "student": 1,
  "value": true
 },
 "model": "grad.gradflagvalue",
 "pk": 1
},
{
 "fields": {
  "flag": 2,
  "student": 3,
  "value": true
 },
 "model": "grad.gradflagvalue",
 "pk": 2
},
{
 "fields": {
  "flag": 2,
  "student": 5,
  "value": true
 },
 "model": "grad.gradflagvalue",
 "pk": 3
},
{
 "fields": {
  "flag": 2,
  "student": 7,
  "value": true
 },
 "model": "grad.gradflagvalue",
 "pk": 4
},
{
 "fields": {
  "flag": 2,
  "student": 14,
  "value": true
 },
 "model": "grad.gradflagvalue",
 "pk": 5
},
{
 "fields": {
  "flag": 2,
  "student": 15,
  "value": true
 },
 "model": "grad.gradflagvalue",
 "pk": 6
},
{
 "fields": {
  "flag": 2,
  "student": 16,
  "value": true
 },
 "model": "grad.gradflagvalue",
 "pk": 7
},
{
 "fields": {
  "flag": 2,
  "student": 17,
  "value": true
 },
 "model": "grad.gradflagvalue",
 "pk": 8
},
{
 "fields": {
  "flag": 2,
  "student": 19,
  "value": true
 },
 "model": "grad.gradflagvalue",
 "pk": 9
},
{
 "fields": {
  "flag": 2,
  "student": 22,
  "value": true
 },
 "model": "grad.gradflagvalue",
 "pk": 10
},
{
 "fields": {
  "flag": 2,
  "student": 23,
  "value": true
 },
 "model": "grad.gradflagvalue",
 "pk": 11
},
{
 "fields": {
  "flag": 2,
  "student": 24,
  "value": true
 },
 "model": "grad.gradflagvalue",
 "pk": 12
},
{
 "fields": {
  "config": "{}",
  "created_at": "2023-11-21T14:17:59.933",
  "created_by": "",
  "external": null,
  "modified_by": null,
  "removed": false,
  "student": 1,
  "supervisor": 1,
  "supervisor_type": "POT",
  "updated_at": "2023-11-21T14:17:59.933"
 },
 "model": "grad.supervisor",
 "pk": 1
},
{
 "fields": {
  "config": "{}",
  "created_at": "2023-11-21T14:17:59.986",
  "created_by": "",
  "external": null,
  "modified_by": null,
  "removed": false,
  "student": 2,
  "supervisor": 1,
  "supervisor_type": "POT",
  "updated_at": "2023-11-21T14:17:59.986"
 },
 "model": "grad.supervisor",
 "pk": 2
},
{
 "fields": {
  "config": "{}",
  "created_at": "2023-11-21T14:17:59.987",
  "created_by": "",
  "external": null,
  "modified_by": null,
  "removed": false,
  "student": 2,
  "supervisor": 1,
  "supervisor_type": "SEN",
  "updated_at": "2023-11-21T14:17:59.988"
 },
 "model": "grad.supervisor",
 "pk": 3
},
{
 "fields": {
  "config": "{}",
  "created_at": "2023-11-21T14:17:59.989",
  "created_by": "",
  "external": null,
  "modified_by": null,
  "removed": false,
  "student": 2,
  "supervisor": 1,
  "supervisor_type": "COM",
  "updated_at": "2023-11-21T14:17:59.989"
 },
 "model": "grad.supervisor",
 "pk": 4
},
{
 "fields": {
  "config": "{}",
  "created_at": "2023-11-21T14:18:00.109",
  "created_by": "",
  "external": null,
  "modified_by": null,
  "removed": false,
  "student": 4,
  "supervisor": 1,
  "supervisor_type": "POT",
  "updated_at": "2023-11-21T14:18:00.109"
 },
 "model": "grad.supervisor",
 "pk": 5
},
{
 "fields": {
  "config": "{}",
  "created_at": "2023-11-21T14:18:00.163",
  "created_by": "",
  "external": null,
  "modified_by": null,
  "removed": false,
  "student": 5,
  "supervisor": 1,
  "supervisor_type": "POT",
  "updated_at": "2023-11-21T14:18:00.163"
 },
 "model": "grad.supervisor",
 "pk": 6
},
{
 "fields": {
  "config": "{}",
  "created_at": "2023-11-21T14:18:00.283",
  "created_by": "",
  "external": null,
  "modified_by": null,
  "removed": false,
  "student": 7,
  "supervisor": 1,
  "supervisor_type": "POT",
  "updated_at": "2023-11-21T14:18:00.283"
 },
 "model": "grad.supervisor",
 "pk": 7
},
{
 "fields": {
  "config": "{}",
  "created_at": "2023-11-21T14:18:00.321",
  "created_by": "",
  "external": null,
  "modified_by": null,
  "removed": false,
  "student": 8,
  "supervisor": 1,
  "supervisor_type": "POT",
  "updated_at": "2023-11-21T14:18:00.322"
 },
 "model": "grad.supervisor",
 "pk": 8
},
{
 "fields": {
  "config": "{}",
  "created_at": "2023-11-21T14:18:00.380",
  "created_by": "",
  "external": null,
  "modified_by": null,
  "removed": false,
  "student": 9,
  "supervisor": 1,
  "supervisor_type": "POT",
  "updated_at": "2023-11-21T14:18:00.381"
 },
 "model": "grad.supervisor",
 "pk": 9
},
{
 "fields": {
  "config": "{}",
  "created_at": "2023-11-21T14:18:00.419",
  "created_by": "",
  "external": null,
  "modified_by": null,
  "removed": false,
  "student": 10,
  "supervisor": 1,
  "supervisor_type": "POT",
  "updated_at": "2023-11-21T14:18:00.419"
 },
 "model": "grad.supervisor",
 "pk": 10
},
{
 "fields": {
  "config": "{}",
  "created_at": "2023-11-21T14:18:00.421",
  "created_by": "",
  "external": null,
  "modified_by": null,
  "removed": false,
  "student": 10,
  "supervisor": 1,
  "supervisor_type": "SEN",
  "updated_at": "2023-11-21T14:18:00.421"
 },
 "model": "grad.supervisor",
 "pk": 11
},
{
 "fields": {
  "config": "{}",
  "created_at": "2023-11-21T14:18:00.422",
  "created_by": "",
  "external": null,
  "modified_by": null,
  "removed": false,
  "student": 10,
  "supervisor": 1,
  "supervisor_type": "COM",
  "updated_at": "2023-11-21T14:18:00.422"
 },
 "model": "grad.supervisor",
 "pk": 12
},
{
 "fields": {
  "config": "{}",
  "created_at": "2023-11-21T14:18:00.458",
  "created_by": "",
  "external": null,
  "modified_by": null,
  "removed": false,
  "student": 11,
  "supervisor": 1,
  "supervisor_type": "POT",
  "updated_at": "2023-11-21T14:18:00.459"
 },
 "model": "grad.supervisor",
 "pk": 13
},
{
 "fields": {
  "config": "{}",
  "created_at": "2023-11-21T14:18:00.460",
  "created_by": "",
  "external": null,
  "modified_by": null,
  "removed": false,
  "student": 11,
  "supervisor": 1,
  "supervisor_type": "SEN",
  "updated_at": "2023-11-21T14:18:00.460"
 },
 "model": "grad.supervisor",
 "pk": 14
},
{
 "fields": {
  "config": "{}",
  "created_at": "2023-11-21T14:18:00.461",
  "created_by": "",
  "external": null,
  "modified_by": null,
  "removed": false,
  "student": 11,
  "supervisor": 1,
  "supervisor_type": "COM",
  "updated_at": "2023-11-21T14:18:00.461"
 },
 "model": "grad.supervisor",
 "pk": 15
},
{
 "fields": {
  "config": "{}",
  "created_at": "2023-11-21T14:18:00.558",
  "created_by": "",
  "external": null,
  "modified_by": null,
  "removed": false,
  "student": 13,
  "supervisor": 1,
  "supervisor_type": "POT",
  "updated_at": "2023-11-21T14:18:00.558"
 },
 "model": "grad.supervisor",
 "pk": 16
},
{
 "fields": {
  "config": "{}",
  "created_at": "2023-11-21T14:18:00.559",
  "created_by": "",
  "external": null,
  "modified_by": null,
  "removed": false,
  "student": 13,
  "supervisor": 1,
  "supervisor_type": "SEN",
  "updated_at": "2023-11-21T14:18:00.560"
 },
 "model": "grad.supervisor",
 "pk": 17
},
{
 "fields": {
  "config": "{}",
  "created_at": "2023-11-21T14:18:00.561",
  "created_by": "",
  "external": null,
  "modified_by": null,
  "removed": false,
  "student": 13,
  "supervisor": 1,
  "supervisor_type": "COM",
  "updated_at": "2023-11-21T14:18:00.561"
 },
 "model": "grad.supervisor",
 "pk": 18
},
{
 "fields": {
  "config": "{}",
  "created_at": "2023-11-21T14:18:00.696",
  "created_by": "",
  "external": null,
  "modified_by": null,
  "removed": false,
  "student": 15,
  "supervisor": 1,
  "supervisor_type": "POT",
  "updated_at": "2023-11-21T14:18:00.696"
 },
 "model": "grad.supervisor",
 "pk": 19
},
{
 "fields": {
  "config": "{}",
  "created_at": "2023-11-21T14:18:00.697",
  "created_by": "",
  "external": null,
  "modified_by": null,
  "removed": false,
  "student": 15,
  "supervisor": 1,
  "supervisor_type": "SEN",
  "updated_at": "2023-11-21T14:18:00.697"
 },
 "model": "grad.supervisor",
 "pk": 20
},
{
 "fields": {
  "config": "{}",
  "created_at": "2023-11-21T14:18:00.699",
  "created_by": "",
  "external": null,
  "modified_by": null,
  "removed": false,
  "student": 15,
  "supervisor": 1,
  "supervisor_type": "COM",
  "updated_at": "2023-11-21T14:18:00.699"
 },
 "model": "grad.supervisor",
 "pk": 21
},
{
 "fields": {
  "config": "{}",
  "created_at": "2023-11-21T14:18:00.753",
  "created_by": "",
  "external": null,
  "modified_by": null,
  "removed": false,
  "student": 16,
  "supervisor": 1,
  "supervisor_type": "POT",
  "updated_at": "2023-11-21T14:18:00.753"
 },
 "model": "grad.supervisor",
 "pk": 22
},
{
 "fields": {
  "config": "{}",
  "created_at": "2023-11-21T14:18:00.755",
  "created_by": "",
  "external": null,
  "modified_by": null,
  "removed": false,
  "student": 16,
  "supervisor": 1,
  "supervisor_type": "SEN",
  "updated_at": "2023-11-21T14:18:00.755"
 },
 "model": "grad.supervisor",
 "pk": 23
},
{
 "fields": {
  "config": "{}",
  "created_at": "2023-11-21T14:18:00.756",
  "created_by": "",
  "external": null,
  "modified_by": null,
  "removed": false,
  "student": 16,
  "supervisor": 1,
  "supervisor_type": "COM",
  "updated_at": "2023-11-21T14:18:00.756"
 },
 "model": "grad.supervisor",
 "pk": 24
},
{
 "fields": {
  "config": "{}",
  "created_at": "2023-11-21T14:18:00.816",
  "created_by": "",
  "external": null,
  "modified_by": null,
  "removed": false,
  "student": 17,
  "supervisor": 1,
  "supervisor_type": "POT",
  "updated_at": "2023-11-21T14:18:00.816"
 },
 "model": "grad.supervisor",
 "pk": 25
},
{
 "fields": {
  "config": "{}",
  "created_at": "2023-11-21T14:18:00.853",
  "created_by": "",
  "external": null,
  "modified_by": null,
  "removed": false,
  "student": 18,
  "supervisor": 1,
  "supervisor_type": "POT",
  "updated_at": "2023-11-21T14:18:00.853"
 },
 "model": "grad.supervisor",
 "pk": 26
},
{
 "fields": {
  "config": "{}",
  "created_at": "2023-11-21T14:18:00.854",
  "created_by": "",
  "external": null,
  "modified_by": null,
  "removed": false,
  "student": 18,
  "supervisor": 1,
  "supervisor_type": "SEN",
  "updated_at": "2023-11-21T14:18:00.855"
 },
 "model": "grad.supervisor",
 "pk": 27
},
{
 "fields": {
  "config": "{}",
  "created_at": "2023-11-21T14:18:00.856",
  "created_by": "",
  "external": null,
  "modified_by": null,
  "removed": false,
  "student": 18,
  "supervisor": 1,
  "supervisor_type": "COM",
  "updated_at": "2023-11-21T14:18:00.856"
 },
 "model": "grad.supervisor",
 "pk": 28
},
{
 "fields": {
  "config": "{}",
  "created_at": "2023-11-21T14:18:00.894",
  "created_by": "",
  "external": null,
  "modified_by": null,
  "removed": false,
  "student": 19,
  "supervisor": 1,
  "supervisor_type": "POT",
  "updated_at": "2023-11-21T14:18:00.894"
 },
 "model": "grad.supervisor",
 "pk": 29
},
{
 "fields": {
  "config": "{}",
  "created_at": "2023-11-21T14:18:00.895",
  "created_by": "",
  "external": null,
  "modified_by": null,
  "removed": false,
  "student": 19,
  "supervisor": 1,
  "supervisor_type": "SEN",
  "updated_at": "2023-11-21T14:18:00.896"
 },
 "model": "grad.supervisor",
 "pk": 30
},
{
 "fields": {
  "config": "{}",
  "created_at": "2023-11-21T14:18:00.897",
  "created_by": "",
  "external": null,
  "modified_by": null,
  "removed": false,
  "student": 19,
  "supervisor": 1,
  "supervisor_type": "COM",
  "updated_at": "2023-11-21T14:18:00.897"
 },
 "model": "grad.supervisor",
 "pk": 31
},
{
 "fields": {
  "config": "{}",
  "created_at": "2023-11-21T14:18:00.949",
  "created_by": "",
  "external": null,
  "modified_by": null,
  "removed": false,
  "student": 20,
  "supervisor": 1,
  "supervisor_type": "POT",
  "updated_at": "2023-11-21T14:18:00.950"
 },
 "model": "grad.supervisor",
 "pk": 32
},
{
 "fields": {
  "config": "{}",
  "created_at": "2023-11-21T14:18:01.067",
  "created_by": "",
  "external": null,
  "modified_by": null,
  "removed": false,
  "student": 22,
  "supervisor": 1,
  "supervisor_type": "POT",
  "updated_at": "2023-11-21T14:18:01.067"
 },
 "model": "grad.supervisor",
 "pk": 33
},
{
 "fields": {
  "config": "{}",
  "created_at": "2023-11-21T14:18:01.254",
  "created_by": "",
  "external": null,
  "modified_by": null,
  "removed": false,
  "student": 25,
  "supervisor": 1,
  "supervisor_type": "POT",
  "updated_at": "2023-11-21T14:18:01.254"
 },
 "model": "grad.supervisor",
 "pk": 34
}
]
