[
{
 "fields": {
  "config": "{}",
  "expiry": "2033-11-18",
  "person": 43,
  "role": "TAAD",
  "unit": 5
 },
 "model": "coredata.role",
 "pk": 10
},
{
 "fields": {
  "config": "{}",
  "expiry": "2033-11-18",
  "person": 43,
  "role": "FUND",
  "unit": 5
 },
 "model": "coredata.role",
 "pk": 11
},
{
 "fields": {
  "account_number": 12345,
  "hidden": false,
  "position_number": 12345,
  "slug": "cmpt-12345-msc-ta",
  "title": "MSc TA",
  "unit": 5
 },
 "model": "ra.account",
 "pk": 1
},
{
 "fields": {
  "account_number": 12346,
  "hidden": false,
  "position_number": 12346,
  "slug": "cmpt-12346-phd-ta",
  "title": "PhD TA",
  "unit": 5
 },
 "model": "ra.account",
 "pk": 2
},
{
 "fields": {
  "account_number": 12347,
  "hidden": false,
  "position_number": 12347,
  "slug": "cmpt-12347-external-ta",
  "title": "External TA",
  "unit": 5
 },
 "model": "ra.account",
 "pk": 3
},
{
 "fields": {
  "account_number": 12348,
  "hidden": false,
  "position_number": 12348,
  "slug": "cmpt-12348-undergrad-ta",
  "title": "Undergrad TA",
  "unit": 5
 },
 "model": "ra.account",
 "pk": 4
},
{
 "fields": {
  "account_number": 12349,
  "hidden": false,
  "position_number": 12349,
  "slug": "cmpt-12349-nserc-ra",
  "title": "NSERC RA",
  "unit": 5
 },
 "model": "ra.account",
 "pk": 5
},
{
 "fields": {
  "department_code": 0,
  "fund_number": 13,
  "hidden": false,
  "project_number": 876543,
  "project_prefix": null,
  "slug": "cmpt-876543",
  "unit": 5
 },
 "model": "ra.project",
 "pk": 2
},
{
 "fields": {
  "department_code": 0,
  "fund_number": 31,
  "hidden": false,
  "project_number": 987654,
  "project_prefix": null,
  "slug": "cmpt-987654",
  "unit": 5
 },
 "model": "ra.project",
 "pk": 1
},
{
 "fields": {
  "account": 5,
  "biweekly_pay": "1250.00",
  "comments": "",
  "config": "{\n    \"use_hourly\": true\n}",
  "created_at": "2023-11-21T14:50:01.529",
  "deleted": false,
  "dental_benefits": false,
  "end_date": "2023-12-15",
  "hiring_category": "RA2",
  "hiring_faculty": 1,
  "hourly_pay": "31.00",
  "hours": "40.00",
  "lump_sum_hours": null,
  "lump_sum_pay": "10000.00",
  "medical_benefits": false,
  "notes": "",
  "offer_letter_text": null,
  "pay_frequency": "B",
  "pay_periods": "8.0",
  "person": 25,
  "program": null,
  "project": 2,
  "reappointment": false,
  "scholarship": null,
  "sin": 123456789,
  "slug": "cmpt-2023-0ggg11",
  "start_date": "2023-09-02",
  "unit": 5,
  "visa_verified": false
 },
 "model": "ra.raappointment",
 "pk": 18
},
{
 "fields": {
  "account": 5,
  "biweekly_pay": "1250.00",
  "comments": "",
  "config": "{\n    \"use_hourly\": false\n}",
  "created_at": "2023-11-21T14:50:01.532",
  "deleted": false,
  "dental_benefits": false,
  "end_date": "2023-12-15",
  "hiring_category": "GRA",
  "hiring_faculty": 1,
  "hourly_pay": "31.00",
  "hours": "40.00",
  "lump_sum_hours": null,
  "lump_sum_pay": "10000.00",
  "medical_benefits": false,
  "notes": "",
  "offer_letter_text": null,
  "pay_frequency": "B",
  "pay_periods": "8.0",
  "person": 25,
  "program": null,
  "project": 1,
  "reappointment": false,
  "scholarship": null,
  "sin": 123456789,
  "slug": "cmpt-2023-0ggg11-2",
  "start_date": "2023-09-02",
  "unit": 5,
  "visa_verified": false
 },
 "model": "ra.raappointment",
 "pk": 19
},
{
 "fields": {
  "account": 5,
  "biweekly_pay": "1250.00",
  "comments": "",
  "config": "{\n    \"use_hourly\": true\n}",
  "created_at": "2023-11-21T14:50:01.469",
  "deleted": false,
  "dental_benefits": false,
  "end_date": "2023-12-15",
  "hiring_category": "NS",
  "hiring_faculty": 1,
  "hourly_pay": "31.00",
  "hours": "40.00",
  "lump_sum_hours": null,
  "lump_sum_pay": "10000.00",
  "medical_benefits": false,
  "notes": "",
  "offer_letter_text": null,
  "pay_frequency": "B",
  "pay_periods": "8.0",
  "person": 11,
  "program": null,
  "project": 1,
  "reappointment": false,
  "scholarship": null,
  "sin": 123456789,
  "slug": "cmpt-2023-0ggg4",
  "start_date": "2023-09-02",
  "unit": 5,
  "visa_verified": false
 },
 "model": "ra.raappointment",
 "pk": 3
},
{
 "fields": {
  "account": 5,
  "biweekly_pay": "0.00",
  "comments": "",
  "config": "{\n    \"use_hourly\": true\n}",
  "created_at": "2023-11-21T14:50:01.520",
  "deleted": false,
  "dental_benefits": false,
  "end_date": "2023-12-15",
  "hiring_category": "PDF",
  "hiring_faculty": 1,
  "hourly_pay": "0.00",
  "hours": "0.00",
  "lump_sum_hours": null,
  "lump_sum_pay": "4000.00",
  "medical_benefits": false,
  "notes": "",
  "offer_letter_text": null,
  "pay_frequency": "L",
  "pay_periods": "8.0",
  "person": 37,
  "program": null,
  "project": 2,
  "reappointment": false,
  "scholarship": null,
  "sin": 123456789,
  "slug": "cmpt-2023-0ggg17",
  "start_date": "2023-09-02",
  "unit": 5,
  "visa_verified": false
 },
 "model": "ra.raappointment",
 "pk": 16
},
{
 "fields": {
  "account": 5,
  "biweekly_pay": "1250.00",
  "comments": "",
  "config": "{\n    \"use_hourly\": true\n}",
  "created_at": "2023-11-21T14:50:01.547",
  "deleted": false,
  "dental_benefits": false,
  "end_date": "2023-12-15",
  "hiring_category": "RA2",
  "hiring_faculty": 1,
  "hourly_pay": "31.00",
  "hours": "40.00",
  "lump_sum_hours": null,
  "lump_sum_pay": "10000.00",
  "medical_benefits": false,
  "notes": "",
  "offer_letter_text": null,
  "pay_frequency": "B",
  "pay_periods": "8.0",
  "person": 37,
  "program": null,
  "project": 1,
  "reappointment": false,
  "scholarship": null,
  "sin": 123456789,
  "slug": "cmpt-2023-0ggg17-2",
  "start_date": "2023-09-02",
  "unit": 5,
  "visa_verified": false
 },
 "model": "ra.raappointment",
 "pk": 23
},
{
 "fields": {
  "account": 5,
  "biweekly_pay": "1250.00",
  "comments": "",
  "config": "{\n    \"use_hourly\": false\n}",
  "created_at": "2023-11-21T14:50:01.574",
  "deleted": false,
  "dental_benefits": false,
  "end_date": "2023-12-15",
  "hiring_category": "RAR",
  "hiring_faculty": 1,
  "hourly_pay": "31.00",
  "hours": "40.00",
  "lump_sum_hours": null,
  "lump_sum_pay": "10000.00",
  "medical_benefits": false,
  "notes": "",
  "offer_letter_text": null,
  "pay_frequency": "B",
  "pay_periods": "8.0",
  "person": 37,
  "program": null,
  "project": 1,
  "reappointment": false,
  "scholarship": null,
  "sin": 123456789,
  "slug": "cmpt-2023-0ggg17-3",
  "start_date": "2023-09-02",
  "unit": 5,
  "visa_verified": false
 },
 "model": "ra.raappointment",
 "pk": 29
},
{
 "fields": {
  "account": 5,
  "biweekly_pay": "1250.00",
  "comments": "",
  "config": "{\n    \"use_hourly\": true\n}",
  "created_at": "2023-11-21T14:50:01.482",
  "deleted": false,
  "dental_benefits": false,
  "end_date": "2023-12-15",
  "hiring_category": "RA2",
  "hiring_faculty": 1,
  "hourly_pay": "31.00",
  "hours": "40.00",
  "lump_sum_hours": null,
  "lump_sum_pay": "10000.00",
  "medical_benefits": false,
  "notes": "",
  "offer_letter_text": null,
  "pay_frequency": "B",
  "pay_periods": "8.0",
  "person": 31,
  "program": null,
  "project": 1,
  "reappointment": false,
  "scholarship": null,
  "sin": 123456789,
  "slug": "cmpt-2023-0ggg14",
  "start_date": "2023-09-02",
  "unit": 5,
  "visa_verified": false
 },
 "model": "ra.raappointment",
 "pk": 6
},
{
 "fields": {
  "account": 5,
  "biweekly_pay": "1250.00",
  "comments": "",
  "config": "{\n    \"use_hourly\": false\n}",
  "created_at": "2023-11-21T14:50:01.556",
  "deleted": false,
  "dental_benefits": false,
  "end_date": "2023-12-15",
  "hiring_category": "NS",
  "hiring_faculty": 1,
  "hourly_pay": "31.00",
  "hours": "40.00",
  "lump_sum_hours": null,
  "lump_sum_pay": "10000.00",
  "medical_benefits": false,
  "notes": "",
  "offer_letter_text": null,
  "pay_frequency": "B",
  "pay_periods": "8.0",
  "person": 15,
  "program": null,
  "project": 1,
  "reappointment": false,
  "scholarship": null,
  "sin": 123456789,
  "slug": "cmpt-2023-0ggg6",
  "start_date": "2023-09-02",
  "unit": 5,
  "visa_verified": false
 },
 "model": "ra.raappointment",
 "pk": 25
},
{
 "fields": {
  "account": 5,
  "biweekly_pay": "0.00",
  "comments": "",
  "config": "{\n    \"use_hourly\": false\n}",
  "created_at": "2023-11-21T14:50:01.562",
  "deleted": false,
  "dental_benefits": false,
  "end_date": "2023-12-15",
  "hiring_category": "RA",
  "hiring_faculty": 1,
  "hourly_pay": "0.00",
  "hours": "0.00",
  "lump_sum_hours": null,
  "lump_sum_pay": "4000.00",
  "medical_benefits": false,
  "notes": "",
  "offer_letter_text": null,
  "pay_frequency": "L",
  "pay_periods": "8.0",
  "person": 27,
  "program": null,
  "project": 1,
  "reappointment": false,
  "scholarship": null,
  "sin": 123456789,
  "slug": "cmpt-2023-0ggg12",
  "start_date": "2023-09-02",
  "unit": 5,
  "visa_verified": false
 },
 "model": "ra.raappointment",
 "pk": 26
},
{
 "fields": {
  "account": 5,
  "biweekly_pay": "0.00",
  "comments": "",
  "config": "{\n    \"use_hourly\": false\n}",
  "created_at": "2023-11-21T14:50:01.491",
  "deleted": false,
  "dental_benefits": false,
  "end_date": "2023-12-15",
  "hiring_category": "RA2",
  "hiring_faculty": 1,
  "hourly_pay": "0.00",
  "hours": "0.00",
  "lump_sum_hours": null,
  "lump_sum_pay": "4000.00",
  "medical_benefits": false,
  "notes": "",
  "offer_letter_text": null,
  "pay_frequency": "L",
  "pay_periods": "8.0",
  "person": 5,
  "program": null,
  "project": 1,
  "reappointment": false,
  "scholarship": null,
  "sin": 123456789,
  "slug": "cmpt-2023-0ggg1",
  "start_date": "2023-09-02",
  "unit": 5,
  "visa_verified": false
 },
 "model": "ra.raappointment",
 "pk": 8
},
{
 "fields": {
  "account": 5,
  "biweekly_pay": "1250.00",
  "comments": "",
  "config": "{\n    \"use_hourly\": true\n}",
  "created_at": "2023-11-21T14:50:01.578",
  "deleted": false,
  "dental_benefits": false,
  "end_date": "2023-12-15",
  "hiring_category": "RSS",
  "hiring_faculty": 1,
  "hourly_pay": "31.00",
  "hours": "40.00",
  "lump_sum_hours": null,
  "lump_sum_pay": "10000.00",
  "medical_benefits": false,
  "notes": "",
  "offer_letter_text": null,
  "pay_frequency": "B",
  "pay_periods": "8.0",
  "person": 5,
  "program": null,
  "project": 2,
  "reappointment": false,
  "scholarship": null,
  "sin": 123456789,
  "slug": "cmpt-2023-0ggg1-2",
  "start_date": "2023-09-02",
  "unit": 5,
  "visa_verified": false
 },
 "model": "ra.raappointment",
 "pk": 30
},
{
 "fields": {
  "account": 5,
  "biweekly_pay": "1250.00",
  "comments": "",
  "config": "{\n    \"use_hourly\": true\n}",
  "created_at": "2023-11-21T14:50:01.478",
  "deleted": false,
  "dental_benefits": false,
  "end_date": "2023-12-15",
  "hiring_category": "RAR",
  "hiring_faculty": 1,
  "hourly_pay": "31.00",
  "hours": "40.00",
  "lump_sum_hours": null,
  "lump_sum_pay": "10000.00",
  "medical_benefits": false,
  "notes": "",
  "offer_letter_text": null,
  "pay_frequency": "B",
  "pay_periods": "8.0",
  "person": 35,
  "program": null,
  "project": 2,
  "reappointment": false,
  "scholarship": null,
  "sin": 123456789,
  "slug": "cmpt-2023-0ggg16",
  "start_date": "2023-09-02",
  "unit": 5,
  "visa_verified": false
 },
 "model": "ra.raappointment",
 "pk": 5
},
{
 "fields": {
  "account": 5,
  "biweekly_pay": "1250.00",
  "comments": "",
  "config": "{\n    \"use_hourly\": true\n}",
  "created_at": "2023-11-21T14:50:01.516",
  "deleted": false,
  "dental_benefits": false,
  "end_date": "2023-12-15",
  "hiring_category": "RAR",
  "hiring_faculty": 1,
  "hourly_pay": "31.00",
  "hours": "40.00",
  "lump_sum_hours": null,
  "lump_sum_pay": "10000.00",
  "medical_benefits": false,
  "notes": "",
  "offer_letter_text": null,
  "pay_frequency": "B",
  "pay_periods": "8.0",
  "person": 35,
  "program": null,
  "project": 2,
  "reappointment": false,
  "scholarship": null,
  "sin": 123456789,
  "slug": "cmpt-2023-0ggg16-2",
  "start_date": "2023-09-02",
  "unit": 5,
  "visa_verified": false
 },
 "model": "ra.raappointment",
 "pk": 15
},
{
 "fields": {
  "account": 5,
  "biweekly_pay": "0.00",
  "comments": "",
  "config": "{\n    \"use_hourly\": true\n}",
  "created_at": "2023-11-21T14:50:01.525",
  "deleted": false,
  "dental_benefits": false,
  "end_date": "2023-12-15",
  "hiring_category": "PDF",
  "hiring_faculty": 1,
  "hourly_pay": "0.00",
  "hours": "0.00",
  "lump_sum_hours": null,
  "lump_sum_pay": "4000.00",
  "medical_benefits": false,
  "notes": "",
  "offer_letter_text": null,
  "pay_frequency": "L",
  "pay_periods": "8.0",
  "person": 35,
  "program": null,
  "project": 2,
  "reappointment": false,
  "scholarship": null,
  "sin": 123456789,
  "slug": "cmpt-2023-0ggg16-3",
  "start_date": "2023-09-02",
  "unit": 5,
  "visa_verified": false
 },
 "model": "ra.raappointment",
 "pk": 17
},
{
 "fields": {
  "account": 5,
  "biweekly_pay": "1250.00",
  "comments": "",
  "config": "{\n    \"use_hourly\": true\n}",
  "created_at": "2023-11-21T14:50:01.498",
  "deleted": false,
  "dental_benefits": false,
  "end_date": "2023-12-15",
  "hiring_category": "PDF",
  "hiring_faculty": 1,
  "hourly_pay": "31.00",
  "hours": "40.00",
  "lump_sum_hours": null,
  "lump_sum_pay": "10000.00",
  "medical_benefits": false,
  "notes": "",
  "offer_letter_text": null,
  "pay_frequency": "B",
  "pay_periods": "8.0",
  "person": 29,
  "program": null,
  "project": 1,
  "reappointment": false,
  "scholarship": null,
  "sin": 123456789,
  "slug": "cmpt-2023-0ggg13",
  "start_date": "2023-09-02",
  "unit": 5,
  "visa_verified": false
 },
 "model": "ra.raappointment",
 "pk": 10
},
{
 "fields": {
  "account": 5,
  "biweekly_pay": "1250.00",
  "comments": "",
  "config": "{\n    \"use_hourly\": true\n}",
  "created_at": "2023-11-21T14:50:01.536",
  "deleted": false,
  "dental_benefits": false,
  "end_date": "2023-12-15",
  "hiring_category": "NS",
  "hiring_faculty": 1,
  "hourly_pay": "31.00",
  "hours": "40.00",
  "lump_sum_hours": null,
  "lump_sum_pay": "10000.00",
  "medical_benefits": false,
  "notes": "",
  "offer_letter_text": null,
  "pay_frequency": "B",
  "pay_periods": "8.0",
  "person": 29,
  "program": null,
  "project": 2,
  "reappointment": false,
  "scholarship": null,
  "sin": 123456789,
  "slug": "cmpt-2023-0ggg13-2",
  "start_date": "2023-09-02",
  "unit": 5,
  "visa_verified": false
 },
 "model": "ra.raappointment",
 "pk": 20
},
{
 "fields": {
  "account": 5,
  "biweekly_pay": "0.00",
  "comments": "",
  "config": "{\n    \"use_hourly\": false\n}",
  "created_at": "2023-11-21T14:50:01.487",
  "deleted": false,
  "dental_benefits": false,
  "end_date": "2023-12-15",
  "hiring_category": "ONC",
  "hiring_faculty": 1,
  "hourly_pay": "0.00",
  "hours": "0.00",
  "lump_sum_hours": null,
  "lump_sum_pay": "4000.00",
  "medical_benefits": false,
  "notes": "",
  "offer_letter_text": null,
  "pay_frequency": "L",
  "pay_periods": "8.0",
  "person": 41,
  "program": null,
  "project": 1,
  "reappointment": false,
  "scholarship": null,
  "sin": 123456789,
  "slug": "cmpt-2023-0ggg19",
  "start_date": "2023-09-02",
  "unit": 5,
  "visa_verified": false
 },
 "model": "ra.raappointment",
 "pk": 7
},
{
 "fields": {
  "account": 5,
  "biweekly_pay": "0.00",
  "comments": "",
  "config": "{\n    \"use_hourly\": true\n}",
  "created_at": "2023-11-21T14:50:01.502",
  "deleted": false,
  "dental_benefits": false,
  "end_date": "2023-12-15",
  "hiring_category": "RAR",
  "hiring_faculty": 1,
  "hourly_pay": "0.00",
  "hours": "0.00",
  "lump_sum_hours": null,
  "lump_sum_pay": "4000.00",
  "medical_benefits": false,
  "notes": "",
  "offer_letter_text": null,
  "pay_frequency": "L",
  "pay_periods": "8.0",
  "person": 41,
  "program": null,
  "project": 1,
  "reappointment": false,
  "scholarship": null,
  "sin": 123456789,
  "slug": "cmpt-2023-0ggg19-2",
  "start_date": "2023-09-02",
  "unit": 5,
  "visa_verified": false
 },
 "model": "ra.raappointment",
 "pk": 11
},
{
 "fields": {
  "account": 5,
  "biweekly_pay": "1250.00",
  "comments": "",
  "config": "{\n    \"use_hourly\": true\n}",
  "created_at": "2023-11-21T14:50:01.509",
  "deleted": false,
  "dental_benefits": false,
  "end_date": "2023-12-15",
  "hiring_category": "RSS",
  "hiring_faculty": 1,
  "hourly_pay": "31.00",
  "hours": "40.00",
  "lump_sum_hours": null,
  "lump_sum_pay": "10000.00",
  "medical_benefits": false,
  "notes": "",
  "offer_letter_text": null,
  "pay_frequency": "B",
  "pay_periods": "8.0",
  "person": 41,
  "program": null,
  "project": 1,
  "reappointment": false,
  "scholarship": null,
  "sin": 123456789,
  "slug": "cmpt-2023-0ggg19-3",
  "start_date": "2023-09-02",
  "unit": 5,
  "visa_verified": false
 },
 "model": "ra.raappointment",
 "pk": 13
},
{
 "fields": {
  "account": 5,
  "biweekly_pay": "0.00",
  "comments": "",
  "config": "{\n    \"use_hourly\": false\n}",
  "created_at": "2023-11-21T14:50:01.513",
  "deleted": false,
  "dental_benefits": false,
  "end_date": "2023-12-15",
  "hiring_category": "RAR",
  "hiring_faculty": 1,
  "hourly_pay": "0.00",
  "hours": "0.00",
  "lump_sum_hours": null,
  "lump_sum_pay": "4000.00",
  "medical_benefits": false,
  "notes": "",
  "offer_letter_text": null,
  "pay_frequency": "L",
  "pay_periods": "8.0",
  "person": 9,
  "program": null,
  "project": 1,
  "reappointment": false,
  "scholarship": null,
  "sin": 123456789,
  "slug": "cmpt-2023-0ggg3",
  "start_date": "2023-09-02",
  "unit": 5,
  "visa_verified": false
 },
 "model": "ra.raappointment",
 "pk": 14
},
{
 "fields": {
  "account": 5,
  "biweekly_pay": "0.00",
  "comments": "",
  "config": "{\n    \"use_hourly\": true\n}",
  "created_at": "2023-11-21T14:50:01.551",
  "deleted": false,
  "dental_benefits": false,
  "end_date": "2023-12-15",
  "hiring_category": "RA2",
  "hiring_faculty": 1,
  "hourly_pay": "0.00",
  "hours": "0.00",
  "lump_sum_hours": null,
  "lump_sum_pay": "4000.00",
  "medical_benefits": false,
  "notes": "",
  "offer_letter_text": null,
  "pay_frequency": "L",
  "pay_periods": "8.0",
  "person": 21,
  "program": null,
  "project": 2,
  "reappointment": false,
  "scholarship": null,
  "sin": 123456789,
  "slug": "cmpt-2023-0ggg9",
  "start_date": "2023-09-02",
  "unit": 5,
  "visa_verified": false
 },
 "model": "ra.raappointment",
 "pk": 24
},
{
 "fields": {
  "account": 5,
  "biweekly_pay": "1250.00",
  "comments": "",
  "config": "{\n    \"use_hourly\": true\n}",
  "created_at": "2023-11-21T14:50:01.566",
  "deleted": false,
  "dental_benefits": false,
  "end_date": "2023-12-15",
  "hiring_category": "NS",
  "hiring_faculty": 1,
  "hourly_pay": "31.00",
  "hours": "40.00",
  "lump_sum_hours": null,
  "lump_sum_pay": "10000.00",
  "medical_benefits": false,
  "notes": "",
  "offer_letter_text": null,
  "pay_frequency": "B",
  "pay_periods": "8.0",
  "person": 21,
  "program": null,
  "project": 1,
  "reappointment": false,
  "scholarship": null,
  "sin": 123456789,
  "slug": "cmpt-2023-0ggg9-2",
  "start_date": "2023-09-02",
  "unit": 5,
  "visa_verified": false
 },
 "model": "ra.raappointment",
 "pk": 27
},
{
 "fields": {
  "account": 5,
  "biweekly_pay": "0.00",
  "comments": "",
  "config": "{\n    \"use_hourly\": false\n}",
  "created_at": "2023-11-21T14:50:01.570",
  "deleted": false,
  "dental_benefits": false,
  "end_date": "2023-12-15",
  "hiring_category": "RAR",
  "hiring_faculty": 1,
  "hourly_pay": "0.00",
  "hours": "0.00",
  "lump_sum_hours": null,
  "lump_sum_pay": "4000.00",
  "medical_benefits": false,
  "notes": "",
  "offer_letter_text": null,
  "pay_frequency": "L",
  "pay_periods": "8.0",
  "person": 38,
  "program": null,
  "project": 2,
  "reappointment": false,
  "scholarship": null,
  "sin": 123456789,
  "slug": "cmpt-2023-0aaa18",
  "start_date": "2023-09-02",
  "unit": 5,
  "visa_verified": false
 },
 "model": "ra.raappointment",
 "pk": 28
},
{
 "fields": {
  "account": 5,
  "biweekly_pay": "0.00",
  "comments": "",
  "config": "{\n    \"use_hourly\": true\n}",
  "created_at": "2023-11-21T14:50:01.473",
  "deleted": false,
  "dental_benefits": false,
  "end_date": "2023-12-15",
  "hiring_category": "NS",
  "hiring_faculty": 1,
  "hourly_pay": "0.00",
  "hours": "0.00",
  "lump_sum_hours": null,
  "lump_sum_pay": "4000.00",
  "medical_benefits": false,
  "notes": "",
  "offer_letter_text": null,
  "pay_frequency": "L",
  "pay_periods": "8.0",
  "person": 20,
  "program": null,
  "project": 2,
  "reappointment": false,
  "scholarship": null,
  "sin": 123456789,
  "slug": "cmpt-2023-0aaa9",
  "start_date": "2023-09-02",
  "unit": 5,
  "visa_verified": false
 },
 "model": "ra.raappointment",
 "pk": 4
},
{
 "fields": {
  "account": 5,
  "biweekly_pay": "1250.00",
  "comments": "",
  "config": "{\n    \"use_hourly\": false\n}",
  "created_at": "2023-11-21T14:50:01.544",
  "deleted": false,
  "dental_benefits": false,
  "end_date": "2023-12-15",
  "hiring_category": "RAR",
  "hiring_faculty": 1,
  "hourly_pay": "31.00",
  "hours": "40.00",
  "lump_sum_hours": null,
  "lump_sum_pay": "10000.00",
  "medical_benefits": false,
  "notes": "",
  "offer_letter_text": null,
  "pay_frequency": "B",
  "pay_periods": "8.0",
  "person": 32,
  "program": null,
  "project": 2,
  "reappointment": false,
  "scholarship": null,
  "sin": 123456789,
  "slug": "cmpt-2023-0aaa15",
  "start_date": "2023-09-02",
  "unit": 5,
  "visa_verified": false
 },
 "model": "ra.raappointment",
 "pk": 22
},
{
 "fields": {
  "account": 5,
  "biweekly_pay": "1250.00",
  "comments": "",
  "config": "{\n    \"use_hourly\": true\n}",
  "created_at": "2023-11-21T14:50:01.462",
  "deleted": false,
  "dental_benefits": false,
  "end_date": "2023-12-15",
  "hiring_category": "RA",
  "hiring_faculty": 1,
  "hourly_pay": "31.00",
  "hours": "40.00",
  "lump_sum_hours": null,
  "lump_sum_pay": "10000.00",
  "medical_benefits": false,
  "notes": "",
  "offer_letter_text": null,
  "pay_frequency": "B",
  "pay_periods": "8.0",
  "person": 12,
  "program": null,
  "project": 2,
  "reappointment": false,
  "scholarship": null,
  "sin": 123456789,
  "slug": "cmpt-2023-0aaa5",
  "start_date": "2023-09-02",
  "unit": 5,
  "visa_verified": false
 },
 "model": "ra.raappointment",
 "pk": 1
},
{
 "fields": {
  "account": 5,
  "biweekly_pay": "0.00",
  "comments": "",
  "config": "{\n    \"use_hourly\": false\n}",
  "created_at": "2023-11-21T14:50:01.506",
  "deleted": false,
  "dental_benefits": false,
  "end_date": "2023-12-15",
  "hiring_category": "NS",
  "hiring_faculty": 1,
  "hourly_pay": "0.00",
  "hours": "0.00",
  "lump_sum_hours": null,
  "lump_sum_pay": "4000.00",
  "medical_benefits": false,
  "notes": "",
  "offer_letter_text": null,
  "pay_frequency": "L",
  "pay_periods": "8.0",
  "person": 8,
  "program": null,
  "project": 2,
  "reappointment": false,
  "scholarship": null,
  "sin": 123456789,
  "slug": "cmpt-2023-0aaa3",
  "start_date": "2023-09-02",
  "unit": 5,
  "visa_verified": false
 },
 "model": "ra.raappointment",
 "pk": 12
},
{
 "fields": {
  "account": 5,
  "biweekly_pay": "0.00",
  "comments": "",
  "config": "{\n    \"use_hourly\": false\n}",
  "created_at": "2023-11-21T14:50:01.494",
  "deleted": false,
  "dental_benefits": false,
  "end_date": "2023-12-15",
  "hiring_category": "PDF",
  "hiring_faculty": 1,
  "hourly_pay": "0.00",
  "hours": "0.00",
  "lump_sum_hours": null,
  "lump_sum_pay": "4000.00",
  "medical_benefits": false,
  "notes": "",
  "offer_letter_text": null,
  "pay_frequency": "L",
  "pay_periods": "8.0",
  "person": 18,
  "program": null,
  "project": 2,
  "reappointment": false,
  "scholarship": null,
  "sin": 123456789,
  "slug": "cmpt-2023-0aaa8",
  "start_date": "2023-09-02",
  "unit": 5,
  "visa_verified": false
 },
 "model": "ra.raappointment",
 "pk": 9
},
{
 "fields": {
  "account": 5,
  "biweekly_pay": "0.00",
  "comments": "",
  "config": "{\n    \"use_hourly\": true\n}",
  "created_at": "2023-11-21T14:50:01.539",
  "deleted": false,
  "dental_benefits": false,
  "end_date": "2023-12-15",
  "hiring_category": "RAR",
  "hiring_faculty": 1,
  "hourly_pay": "0.00",
  "hours": "0.00",
  "lump_sum_hours": null,
  "lump_sum_pay": "4000.00",
  "medical_benefits": false,
  "notes": "",
  "offer_letter_text": null,
  "pay_frequency": "L",
  "pay_periods": "8.0",
  "person": 18,
  "program": null,
  "project": 1,
  "reappointment": false,
  "scholarship": null,
  "sin": 123456789,
  "slug": "cmpt-2023-0aaa8-2",
  "start_date": "2023-09-02",
  "unit": 5,
  "visa_verified": false
 },
 "model": "ra.raappointment",
 "pk": 21
},
{
 "fields": {
  "account": 5,
  "biweekly_pay": "0.00",
  "comments": "",
  "config": "{\n    \"use_hourly\": true\n}",
  "created_at": "2023-11-21T14:50:01.466",
  "deleted": false,
  "dental_benefits": false,
  "end_date": "2023-12-15",
  "hiring_category": "RSS",
  "hiring_faculty": 1,
  "hourly_pay": "0.00",
  "hours": "0.00",
  "lump_sum_hours": null,
  "lump_sum_pay": "4000.00",
  "medical_benefits": false,
  "notes": "",
  "offer_letter_text": null,
  "pay_frequency": "L",
  "pay_periods": "8.0",
  "person": 14,
  "program": null,
  "project": 2,
  "reappointment": false,
  "scholarship": null,
  "sin": 123456789,
  "slug": "cmpt-2023-0aaa6",
  "start_date": "2023-09-02",
  "unit": 5,
  "visa_verified": false
 },
 "model": "ra.raappointment",
 "pk": 2
},
{
 "fields": {
  "closes": "2023-08-13",
  "config": "{\n    \"salary\": [\n        972,\n        972,\n        972,\n        972\n    ],\n    \"scholarship\": [\n        135,\n        340,\n        0,\n        0\n    ],\n    \"accounts\": [\n        1,\n        2,\n        3,\n        4\n    ],\n    \"start\": \"2023-09-02\",\n    \"end\": \"2023-12-15\",\n    \"deadline\": \"2023-08-23\",\n    \"payperiods\": 7.5,\n    \"contact\": 42,\n    \"offer_text\": \"This is **your** TA öffer.\\n\\nThere are various conditions that are töö numerous to list here.\"\n}",
  "opens": "2023-05-25",
  "semester": 33,
  "slug": "2023fa-cmpt",
  "unit": 5
 },
 "model": "ta.taposting",
 "pk": 1
},
{
 "fields": {
  "config": "{}",
  "description": "Office/Marking",
  "hidden": false,
  "labtut": false,
  "unit": 5
 },
 "model": "ta.coursedescription",
 "pk": 1
},
{
 "fields": {
  "config": "{}",
  "description": "Office/Marking/Lab",
  "hidden": false,
  "labtut": true,
  "unit": 5
 },
 "model": "ta.coursedescription",
 "pk": 2
},
{
 "fields": {
  "admin_created": false,
  "base_units": "3.00",
  "category": "GTA2",
  "comments": null,
  "config": "{}",
  "course_load": "",
  "current_program": "CMPT",
  "experience": null,
  "late": false,
  "new_workers_training": false,
  "other_support": null,
  "person": 25,
  "posting": 1,
  "preference_comment": null,
  "program_comment": null,
  "rank": 0,
  "resume": "",
  "resume_mediatype": null,
  "sin": "123456789",
  "supervisor": null,
  "transcript": "",
  "transcript_mediatype": null,
  "validsin": ""
 },
 "model": "ta.taapplication",
 "pk": 1
},
{
 "fields": {
  "admin_created": false,
  "base_units": "5.00",
  "category": "GTA2",
  "comments": null,
  "config": "{}",
  "course_load": "",
  "current_program": "CMPT",
  "experience": null,
  "late": false,
  "new_workers_training": false,
  "other_support": null,
  "person": 39,
  "posting": 1,
  "preference_comment": null,
  "program_comment": null,
  "rank": 0,
  "resume": "",
  "resume_mediatype": null,
  "sin": "123456789",
  "supervisor": null,
  "transcript": "",
  "transcript_mediatype": null,
  "validsin": ""
 },
 "model": "ta.taapplication",
 "pk": 2
},
{
 "fields": {
  "admin_created": false,
  "base_units": "3.00",
  "category": "GTA2",
  "comments": null,
  "config": "{}",
  "course_load": "",
  "current_program": "CMPT",
  "experience": null,
  "late": false,
  "new_workers_training": false,
  "other_support": null,
  "person": 17,
  "posting": 1,
  "preference_comment": null,
  "program_comment": null,
  "rank": 0,
  "resume": "",
  "resume_mediatype": null,
  "sin": "123456789",
  "supervisor": null,
  "transcript": "",
  "transcript_mediatype": null,
  "validsin": ""
 },
 "model": "ta.taapplication",
 "pk": 3
},
{
 "fields": {
  "admin_created": false,
  "base_units": "3.00",
  "category": "GTA2",
  "comments": null,
  "config": "{}",
  "course_load": "",
  "current_program": "CMPT",
  "experience": null,
  "late": false,
  "new_workers_training": false,
  "other_support": null,
  "person": 11,
  "posting": 1,
  "preference_comment": null,
  "program_comment": null,
  "rank": 0,
  "resume": "",
  "resume_mediatype": null,
  "sin": "123456789",
  "supervisor": null,
  "transcript": "",
  "transcript_mediatype": null,
  "validsin": ""
 },
 "model": "ta.taapplication",
 "pk": 4
},
{
 "fields": {
  "admin_created": false,
  "base_units": "3.00",
  "category": "GTA1",
  "comments": null,
  "config": "{}",
  "course_load": "",
  "current_program": "CMPT",
  "experience": null,
  "late": false,
  "new_workers_training": false,
  "other_support": null,
  "person": 33,
  "posting": 1,
  "preference_comment": null,
  "program_comment": null,
  "rank": 0,
  "resume": "",
  "resume_mediatype": null,
  "sin": "123456789",
  "supervisor": null,
  "transcript": "",
  "transcript_mediatype": null,
  "validsin": ""
 },
 "model": "ta.taapplication",
 "pk": 5
},
{
 "fields": {
  "admin_created": false,
  "base_units": "3.00",
  "category": "GTA2",
  "comments": null,
  "config": "{}",
  "course_load": "",
  "current_program": "CMPT",
  "experience": null,
  "late": false,
  "new_workers_training": false,
  "other_support": null,
  "person": 37,
  "posting": 1,
  "preference_comment": null,
  "program_comment": null,
  "rank": 0,
  "resume": "",
  "resume_mediatype": null,
  "sin": "123456789",
  "supervisor": null,
  "transcript": "",
  "transcript_mediatype": null,
  "validsin": ""
 },
 "model": "ta.taapplication",
 "pk": 6
},
{
 "fields": {
  "admin_created": false,
  "base_units": "5.00",
  "category": "GTA2",
  "comments": null,
  "config": "{}",
  "course_load": "",
  "current_program": "CMPT",
  "experience": null,
  "late": false,
  "new_workers_training": false,
  "other_support": null,
  "person": 31,
  "posting": 1,
  "preference_comment": null,
  "program_comment": null,
  "rank": 0,
  "resume": "",
  "resume_mediatype": null,
  "sin": "123456789",
  "supervisor": null,
  "transcript": "",
  "transcript_mediatype": null,
  "validsin": ""
 },
 "model": "ta.taapplication",
 "pk": 7
},
{
 "fields": {
  "admin_created": false,
  "base_units": "5.00",
  "category": "GTA1",
  "comments": null,
  "config": "{}",
  "course_load": "",
  "current_program": "CMPT",
  "experience": null,
  "late": false,
  "new_workers_training": false,
  "other_support": null,
  "person": 15,
  "posting": 1,
  "preference_comment": null,
  "program_comment": null,
  "rank": 0,
  "resume": "",
  "resume_mediatype": null,
  "sin": "123456789",
  "supervisor": null,
  "transcript": "",
  "transcript_mediatype": null,
  "validsin": ""
 },
 "model": "ta.taapplication",
 "pk": 8
},
{
 "fields": {
  "admin_created": false,
  "base_units": "5.00",
  "category": "GTA2",
  "comments": null,
  "config": "{}",
  "course_load": "",
  "current_program": "CMPT",
  "experience": null,
  "late": false,
  "new_workers_training": false,
  "other_support": null,
  "person": 27,
  "posting": 1,
  "preference_comment": null,
  "program_comment": null,
  "rank": 0,
  "resume": "",
  "resume_mediatype": null,
  "sin": "123456789",
  "supervisor": null,
  "transcript": "",
  "transcript_mediatype": null,
  "validsin": ""
 },
 "model": "ta.taapplication",
 "pk": 9
},
{
 "fields": {
  "admin_created": false,
  "base_units": "3.00",
  "category": "GTA1",
  "comments": null,
  "config": "{}",
  "course_load": "",
  "current_program": "CMPT",
  "experience": null,
  "late": false,
  "new_workers_training": false,
  "other_support": null,
  "person": 5,
  "posting": 1,
  "preference_comment": null,
  "program_comment": null,
  "rank": 0,
  "resume": "",
  "resume_mediatype": null,
  "sin": "123456789",
  "supervisor": null,
  "transcript": "",
  "transcript_mediatype": null,
  "validsin": ""
 },
 "model": "ta.taapplication",
 "pk": 10
},
{
 "fields": {
  "admin_created": false,
  "base_units": "4.00",
  "category": "GTA1",
  "comments": null,
  "config": "{}",
  "course_load": "",
  "current_program": "CMPT",
  "experience": null,
  "late": false,
  "new_workers_training": false,
  "other_support": null,
  "person": 35,
  "posting": 1,
  "preference_comment": null,
  "program_comment": null,
  "rank": 0,
  "resume": "",
  "resume_mediatype": null,
  "sin": "123456789",
  "supervisor": null,
  "transcript": "",
  "transcript_mediatype": null,
  "validsin": ""
 },
 "model": "ta.taapplication",
 "pk": 11
},
{
 "fields": {
  "admin_created": false,
  "base_units": "4.00",
  "category": "GTA2",
  "comments": null,
  "config": "{}",
  "course_load": "",
  "current_program": "CMPT",
  "experience": null,
  "late": false,
  "new_workers_training": false,
  "other_support": null,
  "person": 19,
  "posting": 1,
  "preference_comment": null,
  "program_comment": null,
  "rank": 0,
  "resume": "",
  "resume_mediatype": null,
  "sin": "123456789",
  "supervisor": null,
  "transcript": "",
  "transcript_mediatype": null,
  "validsin": ""
 },
 "model": "ta.taapplication",
 "pk": 12
},
{
 "fields": {
  "admin_created": false,
  "base_units": "4.00",
  "category": "GTA1",
  "comments": null,
  "config": "{}",
  "course_load": "",
  "current_program": "CMPT",
  "experience": null,
  "late": false,
  "new_workers_training": false,
  "other_support": null,
  "person": 29,
  "posting": 1,
  "preference_comment": null,
  "program_comment": null,
  "rank": 0,
  "resume": "",
  "resume_mediatype": null,
  "sin": "123456789",
  "supervisor": null,
  "transcript": "",
  "transcript_mediatype": null,
  "validsin": ""
 },
 "model": "ta.taapplication",
 "pk": 13
},
{
 "fields": {
  "admin_created": false,
  "base_units": "5.00",
  "category": "GTA1",
  "comments": null,
  "config": "{}",
  "course_load": "",
  "current_program": "CMPT",
  "experience": null,
  "late": false,
  "new_workers_training": false,
  "other_support": null,
  "person": 13,
  "posting": 1,
  "preference_comment": null,
  "program_comment": null,
  "rank": 0,
  "resume": "",
  "resume_mediatype": null,
  "sin": "123456789",
  "supervisor": null,
  "transcript": "",
  "transcript_mediatype": null,
  "validsin": ""
 },
 "model": "ta.taapplication",
 "pk": 14
},
{
 "fields": {
  "admin_created": false,
  "base_units": "4.00",
  "category": "GTA1",
  "comments": null,
  "config": "{}",
  "course_load": "",
  "current_program": "CMPT",
  "experience": null,
  "late": false,
  "new_workers_training": false,
  "other_support": null,
  "person": 23,
  "posting": 1,
  "preference_comment": null,
  "program_comment": null,
  "rank": 0,
  "resume": "",
  "resume_mediatype": null,
  "sin": "123456789",
  "supervisor": null,
  "transcript": "",
  "transcript_mediatype": null,
  "validsin": ""
 },
 "model": "ta.taapplication",
 "pk": 15
},
{
 "fields": {
  "admin_created": false,
  "base_units": "4.00",
  "category": "GTA1",
  "comments": null,
  "config": "{}",
  "course_load": "",
  "current_program": "CMPT",
  "experience": null,
  "late": false,
  "new_workers_training": false,
  "other_support": null,
  "person": 41,
  "posting": 1,
  "preference_comment": null,
  "program_comment": null,
  "rank": 0,
  "resume": "",
  "resume_mediatype": null,
  "sin": "123456789",
  "supervisor": null,
  "transcript": "",
  "transcript_mediatype": null,
  "validsin": ""
 },
 "model": "ta.taapplication",
 "pk": 16
},
{
 "fields": {
  "admin_created": false,
  "base_units": "3.00",
  "category": "GTA1",
  "comments": null,
  "config": "{}",
  "course_load": "",
  "current_program": "CMPT",
  "experience": null,
  "late": false,
  "new_workers_training": false,
  "other_support": null,
  "person": 9,
  "posting": 1,
  "preference_comment": null,
  "program_comment": null,
  "rank": 0,
  "resume": "",
  "resume_mediatype": null,
  "sin": "123456789",
  "supervisor": null,
  "transcript": "",
  "transcript_mediatype": null,
  "validsin": ""
 },
 "model": "ta.taapplication",
 "pk": 17
},
{
 "fields": {
  "admin_created": false,
  "base_units": "4.00",
  "category": "GTA1",
  "comments": null,
  "config": "{}",
  "course_load": "",
  "current_program": "CMPT",
  "experience": null,
  "late": false,
  "new_workers_training": false,
  "other_support": null,
  "person": 7,
  "posting": 1,
  "preference_comment": null,
  "program_comment": null,
  "rank": 0,
  "resume": "",
  "resume_mediatype": null,
  "sin": "123456789",
  "supervisor": null,
  "transcript": "",
  "transcript_mediatype": null,
  "validsin": ""
 },
 "model": "ta.taapplication",
 "pk": 18
},
{
 "fields": {
  "admin_created": false,
  "base_units": "5.00",
  "category": "GTA1",
  "comments": null,
  "config": "{}",
  "course_load": "",
  "current_program": "CMPT",
  "experience": null,
  "late": false,
  "new_workers_training": false,
  "other_support": null,
  "person": 21,
  "posting": 1,
  "preference_comment": null,
  "program_comment": null,
  "rank": 0,
  "resume": "",
  "resume_mediatype": null,
  "sin": "123456789",
  "supervisor": null,
  "transcript": "",
  "transcript_mediatype": null,
  "validsin": ""
 },
 "model": "ta.taapplication",
 "pk": 19
},
{
 "fields": {
  "admin_created": false,
  "base_units": "4.00",
  "category": "GTA1",
  "comments": null,
  "config": "{}",
  "course_load": "",
  "current_program": "CMPT",
  "experience": null,
  "late": false,
  "new_workers_training": false,
  "other_support": null,
  "person": 3,
  "posting": 1,
  "preference_comment": null,
  "program_comment": null,
  "rank": 0,
  "resume": "",
  "resume_mediatype": null,
  "sin": "123456789",
  "supervisor": null,
  "transcript": "",
  "transcript_mediatype": null,
  "validsin": ""
 },
 "model": "ta.taapplication",
 "pk": 20
},
{
 "fields": {
  "app": 1,
  "course": 5,
  "exper": "FAM",
  "rank": 1,
  "taken": "KNO"
 },
 "model": "ta.coursepreference",
 "pk": 1
},
{
 "fields": {
  "app": 1,
  "course": 10,
  "exper": "SOM",
  "rank": 2,
  "taken": "NO"
 },
 "model": "ta.coursepreference",
 "pk": 2
},
{
 "fields": {
  "app": 1,
  "course": 6,
  "exper": "FAM",
  "rank": 3,
  "taken": "YES"
 },
 "model": "ta.coursepreference",
 "pk": 3
},
{
 "fields": {
  "app": 1,
  "course": 7,
  "exper": "FAM",
  "rank": 4,
  "taken": "NO"
 },
 "model": "ta.coursepreference",
 "pk": 4
},
{
 "fields": {
  "app": 1,
  "course": 3,
  "exper": "SOM",
  "rank": 5,
  "taken": "KNO"
 },
 "model": "ta.coursepreference",
 "pk": 5
},
{
 "fields": {
  "app": 2,
  "course": 11,
  "exper": "NOT",
  "rank": 1,
  "taken": "NO"
 },
 "model": "ta.coursepreference",
 "pk": 6
},
{
 "fields": {
  "app": 2,
  "course": 7,
  "exper": "FAM",
  "rank": 2,
  "taken": "NO"
 },
 "model": "ta.coursepreference",
 "pk": 7
},
{
 "fields": {
  "app": 2,
  "course": 9,
  "exper": "SOM",
  "rank": 3,
  "taken": "NO"
 },
 "model": "ta.coursepreference",
 "pk": 8
},
{
 "fields": {
  "app": 2,
  "course": 10,
  "exper": "NOT",
  "rank": 4,
  "taken": "SIM"
 },
 "model": "ta.coursepreference",
 "pk": 9
},
{
 "fields": {
  "app": 2,
  "course": 3,
  "exper": "FAM",
  "rank": 5,
  "taken": "YES"
 },
 "model": "ta.coursepreference",
 "pk": 10
},
{
 "fields": {
  "app": 3,
  "course": 5,
  "exper": "SOM",
  "rank": 1,
  "taken": "KNO"
 },
 "model": "ta.coursepreference",
 "pk": 11
},
{
 "fields": {
  "app": 3,
  "course": 9,
  "exper": "NOT",
  "rank": 2,
  "taken": "NO"
 },
 "model": "ta.coursepreference",
 "pk": 12
},
{
 "fields": {
  "app": 3,
  "course": 6,
  "exper": "NOT",
  "rank": 3,
  "taken": "NO"
 },
 "model": "ta.coursepreference",
 "pk": 13
},
{
 "fields": {
  "app": 3,
  "course": 1,
  "exper": "NOT",
  "rank": 4,
  "taken": "NO"
 },
 "model": "ta.coursepreference",
 "pk": 14
},
{
 "fields": {
  "app": 3,
  "course": 10,
  "exper": "FAM",
  "rank": 5,
  "taken": "YES"
 },
 "model": "ta.coursepreference",
 "pk": 15
},
{
 "fields": {
  "app": 4,
  "course": 11,
  "exper": "NOT",
  "rank": 1,
  "taken": "NO"
 },
 "model": "ta.coursepreference",
 "pk": 16
},
{
 "fields": {
  "app": 4,
  "course": 6,
  "exper": "FAM",
  "rank": 2,
  "taken": "NO"
 },
 "model": "ta.coursepreference",
 "pk": 17
},
{
 "fields": {
  "app": 4,
  "course": 7,
  "exper": "FAM",
  "rank": 3,
  "taken": "KNO"
 },
 "model": "ta.coursepreference",
 "pk": 18
},
{
 "fields": {
  "app": 4,
  "course": 2,
  "exper": "NOT",
  "rank": 4,
  "taken": "YES"
 },
 "model": "ta.coursepreference",
 "pk": 19
},
{
 "fields": {
  "app": 4,
  "course": 10,
  "exper": "SOM",
  "rank": 5,
  "taken": "KNO"
 },
 "model": "ta.coursepreference",
 "pk": 20
},
{
 "fields": {
  "app": 5,
  "course": 4,
  "exper": "FAM",
  "rank": 1,
  "taken": "KNO"
 },
 "model": "ta.coursepreference",
 "pk": 21
},
{
 "fields": {
  "app": 5,
  "course": 7,
  "exper": "SOM",
  "rank": 2,
  "taken": "NO"
 },
 "model": "ta.coursepreference",
 "pk": 22
},
{
 "fields": {
  "app": 5,
  "course": 2,
  "exper": "FAM",
  "rank": 3,
  "taken": "KNO"
 },
 "model": "ta.coursepreference",
 "pk": 23
},
{
 "fields": {
  "app": 5,
  "course": 11,
  "exper": "FAM",
  "rank": 4,
  "taken": "NO"
 },
 "model": "ta.coursepreference",
 "pk": 24
},
{
 "fields": {
  "app": 5,
  "course": 5,
  "exper": "SOM",
  "rank": 5,
  "taken": "YES"
 },
 "model": "ta.coursepreference",
 "pk": 25
},
{
 "fields": {
  "app": 6,
  "course": 7,
  "exper": "NOT",
  "rank": 1,
  "taken": "YES"
 },
 "model": "ta.coursepreference",
 "pk": 26
},
{
 "fields": {
  "app": 6,
  "course": 1,
  "exper": "SOM",
  "rank": 2,
  "taken": "KNO"
 },
 "model": "ta.coursepreference",
 "pk": 27
},
{
 "fields": {
  "app": 6,
  "course": 11,
  "exper": "FAM",
  "rank": 3,
  "taken": "NO"
 },
 "model": "ta.coursepreference",
 "pk": 28
},
{
 "fields": {
  "app": 6,
  "course": 4,
  "exper": "NOT",
  "rank": 4,
  "taken": "YES"
 },
 "model": "ta.coursepreference",
 "pk": 29
},
{
 "fields": {
  "app": 6,
  "course": 6,
  "exper": "SOM",
  "rank": 5,
  "taken": "KNO"
 },
 "model": "ta.coursepreference",
 "pk": 30
},
{
 "fields": {
  "app": 7,
  "course": 4,
  "exper": "FAM",
  "rank": 1,
  "taken": "KNO"
 },
 "model": "ta.coursepreference",
 "pk": 31
},
{
 "fields": {
  "app": 7,
  "course": 3,
  "exper": "FAM",
  "rank": 2,
  "taken": "NO"
 },
 "model": "ta.coursepreference",
 "pk": 32
},
{
 "fields": {
  "app": 7,
  "course": 2,
  "exper": "FAM",
  "rank": 3,
  "taken": "NO"
 },
 "model": "ta.coursepreference",
 "pk": 33
},
{
 "fields": {
  "app": 7,
  "course": 7,
  "exper": "NOT",
  "rank": 4,
  "taken": "YES"
 },
 "model": "ta.coursepreference",
 "pk": 34
},
{
 "fields": {
  "app": 7,
  "course": 6,
  "exper": "FAM",
  "rank": 5,
  "taken": "NO"
 },
 "model": "ta.coursepreference",
 "pk": 35
},
{
 "fields": {
  "app": 8,
  "course": 10,
  "exper": "SOM",
  "rank": 1,
  "taken": "YES"
 },
 "model": "ta.coursepreference",
 "pk": 36
},
{
 "fields": {
  "app": 8,
  "course": 2,
  "exper": "FAM",
  "rank": 2,
  "taken": "YES"
 },
 "model": "ta.coursepreference",
 "pk": 37
},
{
 "fields": {
  "app": 8,
  "course": 6,
  "exper": "SOM",
  "rank": 3,
  "taken": "NO"
 },
 "model": "ta.coursepreference",
 "pk": 38
},
{
 "fields": {
  "app": 8,
  "course": 9,
  "exper": "FAM",
  "rank": 4,
  "taken": "YES"
 },
 "model": "ta.coursepreference",
 "pk": 39
},
{
 "fields": {
  "app": 8,
  "course": 5,
  "exper": "SOM",
  "rank": 5,
  "taken": "YES"
 },
 "model": "ta.coursepreference",
 "pk": 40
},
{
 "fields": {
  "app": 9,
  "course": 10,
  "exper": "SOM",
  "rank": 1,
  "taken": "NO"
 },
 "model": "ta.coursepreference",
 "pk": 41
},
{
 "fields": {
  "app": 9,
  "course": 11,
  "exper": "NOT",
  "rank": 2,
  "taken": "SIM"
 },
 "model": "ta.coursepreference",
 "pk": 42
},
{
 "fields": {
  "app": 9,
  "course": 1,
  "exper": "NOT",
  "rank": 3,
  "taken": "SIM"
 },
 "model": "ta.coursepreference",
 "pk": 43
},
{
 "fields": {
  "app": 9,
  "course": 6,
  "exper": "SOM",
  "rank": 4,
  "taken": "YES"
 },
 "model": "ta.coursepreference",
 "pk": 44
},
{
 "fields": {
  "app": 9,
  "course": 2,
  "exper": "FAM",
  "rank": 5,
  "taken": "KNO"
 },
 "model": "ta.coursepreference",
 "pk": 45
},
{
 "fields": {
  "app": 10,
  "course": 6,
  "exper": "SOM",
  "rank": 1,
  "taken": "YES"
 },
 "model": "ta.coursepreference",
 "pk": 46
},
{
 "fields": {
  "app": 10,
  "course": 5,
  "exper": "SOM",
  "rank": 2,
  "taken": "SIM"
 },
 "model": "ta.coursepreference",
 "pk": 47
},
{
 "fields": {
  "app": 10,
  "course": 10,
  "exper": "NOT",
  "rank": 3,
  "taken": "KNO"
 },
 "model": "ta.coursepreference",
 "pk": 48
},
{
 "fields": {
  "app": 10,
  "course": 4,
  "exper": "FAM",
  "rank": 4,
  "taken": "SIM"
 },
 "model": "ta.coursepreference",
 "pk": 49
},
{
 "fields": {
  "app": 10,
  "course": 2,
  "exper": "SOM",
  "rank": 5,
  "taken": "NO"
 },
 "model": "ta.coursepreference",
 "pk": 50
},
{
 "fields": {
  "app": 11,
  "course": 9,
  "exper": "NOT",
  "rank": 1,
  "taken": "KNO"
 },
 "model": "ta.coursepreference",
 "pk": 51
},
{
 "fields": {
  "app": 11,
  "course": 7,
  "exper": "NOT",
  "rank": 2,
  "taken": "KNO"
 },
 "model": "ta.coursepreference",
 "pk": 52
},
{
 "fields": {
  "app": 11,
  "course": 11,
  "exper": "FAM",
  "rank": 3,
  "taken": "NO"
 },
 "model": "ta.coursepreference",
 "pk": 53
},
{
 "fields": {
  "app": 11,
  "course": 8,
  "exper": "NOT",
  "rank": 4,
  "taken": "YES"
 },
 "model": "ta.coursepreference",
 "pk": 54
},
{
 "fields": {
  "app": 11,
  "course": 10,
  "exper": "SOM",
  "rank": 5,
  "taken": "NO"
 },
 "model": "ta.coursepreference",
 "pk": 55
},
{
 "fields": {
  "app": 12,
  "course": 9,
  "exper": "NOT",
  "rank": 1,
  "taken": "NO"
 },
 "model": "ta.coursepreference",
 "pk": 56
},
{
 "fields": {
  "app": 12,
  "course": 11,
  "exper": "NOT",
  "rank": 2,
  "taken": "KNO"
 },
 "model": "ta.coursepreference",
 "pk": 57
},
{
 "fields": {
  "app": 12,
  "course": 2,
  "exper": "SOM",
  "rank": 3,
  "taken": "KNO"
 },
 "model": "ta.coursepreference",
 "pk": 58
},
{
 "fields": {
  "app": 12,
  "course": 8,
  "exper": "SOM",
  "rank": 4,
  "taken": "KNO"
 },
 "model": "ta.coursepreference",
 "pk": 59
},
{
 "fields": {
  "app": 12,
  "course": 5,
  "exper": "NOT",
  "rank": 5,
  "taken": "YES"
 },
 "model": "ta.coursepreference",
 "pk": 60
},
{
 "fields": {
  "app": 13,
  "course": 11,
  "exper": "SOM",
  "rank": 1,
  "taken": "KNO"
 },
 "model": "ta.coursepreference",
 "pk": 61
},
{
 "fields": {
  "app": 13,
  "course": 2,
  "exper": "SOM",
  "rank": 2,
  "taken": "SIM"
 },
 "model": "ta.coursepreference",
 "pk": 62
},
{
 "fields": {
  "app": 13,
  "course": 7,
  "exper": "SOM",
  "rank": 3,
  "taken": "KNO"
 },
 "model": "ta.coursepreference",
 "pk": 63
},
{
 "fields": {
  "app": 13,
  "course": 6,
  "exper": "NOT",
  "rank": 4,
  "taken": "SIM"
 },
 "model": "ta.coursepreference",
 "pk": 64
},
{
 "fields": {
  "app": 13,
  "course": 10,
  "exper": "SOM",
  "rank": 5,
  "taken": "NO"
 },
 "model": "ta.coursepreference",
 "pk": 65
},
{
 "fields": {
  "app": 14,
  "course": 9,
  "exper": "SOM",
  "rank": 1,
  "taken": "YES"
 },
 "model": "ta.coursepreference",
 "pk": 66
},
{
 "fields": {
  "app": 14,
  "course": 1,
  "exper": "FAM",
  "rank": 2,
  "taken": "KNO"
 },
 "model": "ta.coursepreference",
 "pk": 67
},
{
 "fields": {
  "app": 14,
  "course": 5,
  "exper": "NOT",
  "rank": 3,
  "taken": "YES"
 },
 "model": "ta.coursepreference",
 "pk": 68
},
{
 "fields": {
  "app": 14,
  "course": 6,
  "exper": "NOT",
  "rank": 4,
  "taken": "KNO"
 },
 "model": "ta.coursepreference",
 "pk": 69
},
{
 "fields": {
  "app": 14,
  "course": 7,
  "exper": "NOT",
  "rank": 5,
  "taken": "SIM"
 },
 "model": "ta.coursepreference",
 "pk": 70
},
{
 "fields": {
  "app": 15,
  "course": 10,
  "exper": "FAM",
  "rank": 1,
  "taken": "SIM"
 },
 "model": "ta.coursepreference",
 "pk": 71
},
{
 "fields": {
  "app": 15,
  "course": 7,
  "exper": "FAM",
  "rank": 2,
  "taken": "NO"
 },
 "model": "ta.coursepreference",
 "pk": 72
},
{
 "fields": {
  "app": 15,
  "course": 11,
  "exper": "NOT",
  "rank": 3,
  "taken": "NO"
 },
 "model": "ta.coursepreference",
 "pk": 73
},
{
 "fields": {
  "app": 15,
  "course": 2,
  "exper": "FAM",
  "rank": 4,
  "taken": "KNO"
 },
 "model": "ta.coursepreference",
 "pk": 74
},
{
 "fields": {
  "app": 15,
  "course": 9,
  "exper": "FAM",
  "rank": 5,
  "taken": "YES"
 },
 "model": "ta.coursepreference",
 "pk": 75
},
{
 "fields": {
  "app": 16,
  "course": 9,
  "exper": "SOM",
  "rank": 1,
  "taken": "YES"
 },
 "model": "ta.coursepreference",
 "pk": 76
},
{
 "fields": {
  "app": 16,
  "course": 11,
  "exper": "NOT",
  "rank": 2,
  "taken": "KNO"
 },
 "model": "ta.coursepreference",
 "pk": 77
},
{
 "fields": {
  "app": 16,
  "course": 2,
  "exper": "NOT",
  "rank": 3,
  "taken": "YES"
 },
 "model": "ta.coursepreference",
 "pk": 78
},
{
 "fields": {
  "app": 16,
  "course": 10,
  "exper": "FAM",
  "rank": 4,
  "taken": "YES"
 },
 "model": "ta.coursepreference",
 "pk": 79
},
{
 "fields": {
  "app": 16,
  "course": 4,
  "exper": "NOT",
  "rank": 5,
  "taken": "NO"
 },
 "model": "ta.coursepreference",
 "pk": 80
},
{
 "fields": {
  "app": 17,
  "course": 1,
  "exper": "SOM",
  "rank": 1,
  "taken": "SIM"
 },
 "model": "ta.coursepreference",
 "pk": 81
},
{
 "fields": {
  "app": 17,
  "course": 10,
  "exper": "NOT",
  "rank": 2,
  "taken": "KNO"
 },
 "model": "ta.coursepreference",
 "pk": 82
},
{
 "fields": {
  "app": 17,
  "course": 6,
  "exper": "NOT",
  "rank": 3,
  "taken": "SIM"
 },
 "model": "ta.coursepreference",
 "pk": 83
},
{
 "fields": {
  "app": 17,
  "course": 8,
  "exper": "FAM",
  "rank": 4,
  "taken": "KNO"
 },
 "model": "ta.coursepreference",
 "pk": 84
},
{
 "fields": {
  "app": 17,
  "course": 2,
  "exper": "SOM",
  "rank": 5,
  "taken": "SIM"
 },
 "model": "ta.coursepreference",
 "pk": 85
},
{
 "fields": {
  "app": 18,
  "course": 9,
  "exper": "FAM",
  "rank": 1,
  "taken": "NO"
 },
 "model": "ta.coursepreference",
 "pk": 86
},
{
 "fields": {
  "app": 18,
  "course": 5,
  "exper": "SOM",
  "rank": 2,
  "taken": "YES"
 },
 "model": "ta.coursepreference",
 "pk": 87
},
{
 "fields": {
  "app": 18,
  "course": 8,
  "exper": "NOT",
  "rank": 3,
  "taken": "NO"
 },
 "model": "ta.coursepreference",
 "pk": 88
},
{
 "fields": {
  "app": 18,
  "course": 6,
  "exper": "NOT",
  "rank": 4,
  "taken": "KNO"
 },
 "model": "ta.coursepreference",
 "pk": 89
},
{
 "fields": {
  "app": 18,
  "course": 3,
  "exper": "SOM",
  "rank": 5,
  "taken": "NO"
 },
 "model": "ta.coursepreference",
 "pk": 90
},
{
 "fields": {
  "app": 19,
  "course": 9,
  "exper": "NOT",
  "rank": 1,
  "taken": "SIM"
 },
 "model": "ta.coursepreference",
 "pk": 91
},
{
 "fields": {
  "app": 19,
  "course": 11,
  "exper": "NOT",
  "rank": 2,
  "taken": "YES"
 },
 "model": "ta.coursepreference",
 "pk": 92
},
{
 "fields": {
  "app": 19,
  "course": 6,
  "exper": "FAM",
  "rank": 3,
  "taken": "KNO"
 },
 "model": "ta.coursepreference",
 "pk": 93
},
{
 "fields": {
  "app": 19,
  "course": 10,
  "exper": "FAM",
  "rank": 4,
  "taken": "KNO"
 },
 "model": "ta.coursepreference",
 "pk": 94
},
{
 "fields": {
  "app": 19,
  "course": 7,
  "exper": "NOT",
  "rank": 5,
  "taken": "NO"
 },
 "model": "ta.coursepreference",
 "pk": 95
},
{
 "fields": {
  "app": 20,
  "course": 2,
  "exper": "NOT",
  "rank": 1,
  "taken": "KNO"
 },
 "model": "ta.coursepreference",
 "pk": 96
},
{
 "fields": {
  "app": 20,
  "course": 11,
  "exper": "NOT",
  "rank": 2,
  "taken": "KNO"
 },
 "model": "ta.coursepreference",
 "pk": 97
},
{
 "fields": {
  "app": 20,
  "course": 7,
  "exper": "FAM",
  "rank": 3,
  "taken": "KNO"
 },
 "model": "ta.coursepreference",
 "pk": 98
},
{
 "fields": {
  "app": 20,
  "course": 10,
  "exper": "FAM",
  "rank": 4,
  "taken": "NO"
 },
 "model": "ta.coursepreference",
 "pk": 99
},
{
 "fields": {
  "app": 20,
  "course": 4,
  "exper": "SOM",
  "rank": 5,
  "taken": "YES"
 },
 "model": "ta.coursepreference",
 "pk": 100
},
{
 "fields": {
  "application": 3,
  "appointment_end": "2023-12-15",
  "appointment_start": "2023-09-02",
  "appt": "INIT",
  "appt_category": "GTA2",
  "appt_cond": false,
  "appt_tssu": true,
  "config": "{}",
  "created_at": "2023-11-21T14:50:01.130",
  "created_by": "",
  "deadline": "2023-08-23",
  "pay_end": "2023-12-15",
  "pay_per_bu": "972.00",
  "pay_start": "2023-09-02",
  "position_number": 2,
  "posting": 1,
  "remarks": "",
  "scholarship_per_bu": "340.00",
  "sin": "123456789",
  "status": "ACC",
  "updated_at": "2023-11-21T14:50:01.130"
 },
 "model": "ta.tacontract",
 "pk": 1
},
{
 "fields": {
  "application": 4,
  "appointment_end": "2023-12-15",
  "appointment_start": "2023-09-02",
  "appt": "INIT",
  "appt_category": "GTA2",
  "appt_cond": false,
  "appt_tssu": true,
  "config": "{}",
  "created_at": "2023-11-21T14:50:01.154",
  "created_by": "",
  "deadline": "2023-08-23",
  "pay_end": "2023-12-15",
  "pay_per_bu": "972.00",
  "pay_start": "2023-09-02",
  "position_number": 2,
  "posting": 1,
  "remarks": "",
  "scholarship_per_bu": "340.00",
  "sin": "123456789",
  "status": "OPN",
  "updated_at": "2023-11-21T14:50:01.154"
 },
 "model": "ta.tacontract",
 "pk": 2
},
{
 "fields": {
  "application": 5,
  "appointment_end": "2023-12-15",
  "appointment_start": "2023-09-02",
  "appt": "INIT",
  "appt_category": "GTA1",
  "appt_cond": false,
  "appt_tssu": true,
  "config": "{}",
  "created_at": "2023-11-21T14:50:01.183",
  "created_by": "",
  "deadline": "2023-08-23",
  "pay_end": "2023-12-15",
  "pay_per_bu": "972.00",
  "pay_start": "2023-09-02",
  "position_number": 1,
  "posting": 1,
  "remarks": "",
  "scholarship_per_bu": "135.00",
  "sin": "123456789",
  "status": "ACC",
  "updated_at": "2023-11-21T14:50:01.183"
 },
 "model": "ta.tacontract",
 "pk": 3
},
{
 "fields": {
  "application": 6,
  "appointment_end": "2023-12-15",
  "appointment_start": "2023-09-02",
  "appt": "INIT",
  "appt_category": "GTA2",
  "appt_cond": false,
  "appt_tssu": true,
  "config": "{}",
  "created_at": "2023-11-21T14:50:01.210",
  "created_by": "",
  "deadline": "2023-08-23",
  "pay_end": "2023-12-15",
  "pay_per_bu": "972.00",
  "pay_start": "2023-09-02",
  "position_number": 2,
  "posting": 1,
  "remarks": "",
  "scholarship_per_bu": "340.00",
  "sin": "123456789",
  "status": "NEW",
  "updated_at": "2023-11-21T14:50:01.210"
 },
 "model": "ta.tacontract",
 "pk": 4
},
{
 "fields": {
  "application": 8,
  "appointment_end": "2023-12-15",
  "appointment_start": "2023-09-02",
  "appt": "INIT",
  "appt_category": "GTA1",
  "appt_cond": false,
  "appt_tssu": true,
  "config": "{}",
  "created_at": "2023-11-21T14:50:01.251",
  "created_by": "",
  "deadline": "2023-08-23",
  "pay_end": "2023-12-15",
  "pay_per_bu": "972.00",
  "pay_start": "2023-09-02",
  "position_number": 1,
  "posting": 1,
  "remarks": "",
  "scholarship_per_bu": "135.00",
  "sin": "123456789",
  "status": "NEW",
  "updated_at": "2023-11-21T14:50:01.251"
 },
 "model": "ta.tacontract",
 "pk": 5
},
{
 "fields": {
  "application": 12,
  "appointment_end": "2023-12-15",
  "appointment_start": "2023-09-02",
  "appt": "INIT",
  "appt_category": "GTA2",
  "appt_cond": false,
  "appt_tssu": true,
  "config": "{}",
  "created_at": "2023-11-21T14:50:01.303",
  "created_by": "",
  "deadline": "2023-08-23",
  "pay_end": "2023-12-15",
  "pay_per_bu": "972.00",
  "pay_start": "2023-09-02",
  "position_number": 2,
  "posting": 1,
  "remarks": "",
  "scholarship_per_bu": "340.00",
  "sin": "123456789",
  "status": "NEW",
  "updated_at": "2023-11-21T14:50:01.303"
 },
 "model": "ta.tacontract",
 "pk": 6
},
{
 "fields": {
  "application": 13,
  "appointment_end": "2023-12-15",
  "appointment_start": "2023-09-02",
  "appt": "INIT",
  "appt_category": "GTA1",
  "appt_cond": false,
  "appt_tssu": true,
  "config": "{}",
  "created_at": "2023-11-21T14:50:01.327",
  "created_by": "",
  "deadline": "2023-08-23",
  "pay_end": "2023-12-15",
  "pay_per_bu": "972.00",
  "pay_start": "2023-09-02",
  "position_number": 1,
  "posting": 1,
  "remarks": "",
  "scholarship_per_bu": "135.00",
  "sin": "123456789",
  "status": "OPN",
  "updated_at": "2023-11-21T14:50:01.327"
 },
 "model": "ta.tacontract",
 "pk": 7
},
{
 "fields": {
  "application": 14,
  "appointment_end": "2023-12-15",
  "appointment_start": "2023-09-02",
  "appt": "INIT",
  "appt_category": "GTA1",
  "appt_cond": false,
  "appt_tssu": true,
  "config": "{}",
  "created_at": "2023-11-21T14:50:01.351",
  "created_by": "",
  "deadline": "2023-08-23",
  "pay_end": "2023-12-15",
  "pay_per_bu": "972.00",
  "pay_start": "2023-09-02",
  "position_number": 1,
  "posting": 1,
  "remarks": "",
  "scholarship_per_bu": "135.00",
  "sin": "123456789",
  "status": "OPN",
  "updated_at": "2023-11-21T14:50:01.351"
 },
 "model": "ta.tacontract",
 "pk": 8
},
{
 "fields": {
  "application": 16,
  "appointment_end": "2023-12-15",
  "appointment_start": "2023-09-02",
  "appt": "INIT",
  "appt_category": "GTA1",
  "appt_cond": false,
  "appt_tssu": true,
  "config": "{}",
  "created_at": "2023-11-21T14:50:01.387",
  "created_by": "",
  "deadline": "2023-08-23",
  "pay_end": "2023-12-15",
  "pay_per_bu": "972.00",
  "pay_start": "2023-09-02",
  "position_number": 1,
  "posting": 1,
  "remarks": "",
  "scholarship_per_bu": "135.00",
  "sin": "123456789",
  "status": "OPN",
  "updated_at": "2023-11-21T14:50:01.387"
 },
 "model": "ta.tacontract",
 "pk": 9
},
{
 "fields": {
  "application": 20,
  "appointment_end": "2023-12-15",
  "appointment_start": "2023-09-02",
  "appt": "INIT",
  "appt_category": "GTA1",
  "appt_cond": false,
  "appt_tssu": true,
  "config": "{}",
  "created_at": "2023-11-21T14:50:01.436",
  "created_by": "",
  "deadline": "2023-08-23",
  "pay_end": "2023-12-15",
  "pay_per_bu": "972.00",
  "pay_start": "2023-09-02",
  "position_number": 1,
  "posting": 1,
  "remarks": "",
  "scholarship_per_bu": "135.00",
  "sin": "123456789",
  "status": "NEW",
  "updated_at": "2023-11-21T14:50:01.436"
 },
 "model": "ta.tacontract",
 "pk": 10
},
{
 "fields": {
  "bu": "3.00",
  "contract": 1,
  "course": 6,
  "description": 1
 },
 "model": "ta.tacourse",
 "pk": 1
},
{
 "fields": {
  "bu": "3.00",
  "contract": 2,
  "course": 2,
  "description": 1
 },
 "model": "ta.tacourse",
 "pk": 2
},
{
 "fields": {
  "bu": "3.00",
  "contract": 3,
  "course": 7,
  "description": 1
 },
 "model": "ta.tacourse",
 "pk": 3
},
{
 "fields": {
  "bu": "3.00",
  "contract": 3,
  "course": 2,
  "description": 1
 },
 "model": "ta.tacourse",
 "pk": 4
},
{
 "fields": {
  "bu": "3.00",
  "contract": 4,
  "course": 1,
  "description": 2
 },
 "model": "ta.tacourse",
 "pk": 5
},
{
 "fields": {
  "bu": "5.00",
  "contract": 5,
  "course": 10,
  "description": 1
 },
 "model": "ta.tacourse",
 "pk": 6
},
{
 "fields": {
  "bu": "5.00",
  "contract": 5,
  "course": 2,
  "description": 1
 },
 "model": "ta.tacourse",
 "pk": 7
},
{
 "fields": {
  "bu": "5.00",
  "contract": 5,
  "course": 6,
  "description": 1
 },
 "model": "ta.tacourse",
 "pk": 8
},
{
 "fields": {
  "bu": "4.00",
  "contract": 6,
  "course": 8,
  "description": 1
 },
 "model": "ta.tacourse",
 "pk": 9
},
{
 "fields": {
  "bu": "4.00",
  "contract": 7,
  "course": 6,
  "description": 1
 },
 "model": "ta.tacourse",
 "pk": 10
},
{
 "fields": {
  "bu": "5.00",
  "contract": 8,
  "course": 6,
  "description": 1
 },
 "model": "ta.tacourse",
 "pk": 11
},
{
 "fields": {
  "bu": "5.00",
  "contract": 8,
  "course": 7,
  "description": 1
 },
 "model": "ta.tacourse",
 "pk": 12
},
{
 "fields": {
  "bu": "4.00",
  "contract": 9,
  "course": 9,
  "description": 1
 },
 "model": "ta.tacourse",
 "pk": 13
},
{
 "fields": {
  "bu": "4.00",
  "contract": 9,
  "course": 4,
  "description": 1
 },
 "model": "ta.tacourse",
 "pk": 14
},
{
 "fields": {
  "bu": "4.00",
  "contract": 10,
  "course": 4,
  "description": 1
 },
 "model": "ta.tacourse",
 "pk": 15
}
]
