[
{
 "fields": {
  "config": "{}",
  "expiry": "2022-02-06",
  "person": 5,
  "role": "TAAD",
  "unit": 5
 },
 "model": "coredata.role",
 "pk": 10
},
{
 "fields": {
  "config": "{}",
  "expiry": "2022-02-06",
  "person": 5,
  "role": "FUND",
  "unit": 5
 },
 "model": "coredata.role",
 "pk": 11
},
{
 "fields": {
  "account_number": 12345,
  "hidden": false,
  "position_number": 12345,
  "slug": "cmpt-12345-msc-ta",
  "title": "MSc TA",
  "unit": 5
 },
 "model": "ra.account",
 "pk": 1
},
{
 "fields": {
  "account_number": 12346,
  "hidden": false,
  "position_number": 12346,
  "slug": "cmpt-12346-phd-ta",
  "title": "PhD TA",
  "unit": 5
 },
 "model": "ra.account",
 "pk": 2
},
{
 "fields": {
  "account_number": 12347,
  "hidden": false,
  "position_number": 12347,
  "slug": "cmpt-12347-external-ta",
  "title": "External TA",
  "unit": 5
 },
 "model": "ra.account",
 "pk": 3
},
{
 "fields": {
  "account_number": 12348,
  "hidden": false,
  "position_number": 12348,
  "slug": "cmpt-12348-undergrad-ta",
  "title": "Undergrad TA",
  "unit": 5
 },
 "model": "ra.account",
 "pk": 4
},
{
 "fields": {
  "account_number": 12349,
  "hidden": false,
  "position_number": 12349,
  "slug": "cmpt-12349-nserc-ra",
  "title": "NSERC RA",
  "unit": 5
 },
 "model": "ra.account",
 "pk": 5
},
{
 "fields": {
  "department_code": 0,
  "fund_number": 13,
  "hidden": false,
  "project_number": 876543,
  "project_prefix": null,
  "slug": "cmpt-876543",
  "unit": 5
 },
 "model": "ra.project",
 "pk": 2
},
{
 "fields": {
  "department_code": 0,
  "fund_number": 31,
  "hidden": false,
  "project_number": 987654,
  "project_prefix": null,
  "slug": "cmpt-987654",
  "unit": 5
 },
 "model": "ra.project",
 "pk": 1
},
{
 "fields": {
  "account": 5,
  "biweekly_pay": "1250.00",
  "comments": "",
  "config": "{\"use_hourly\":false}",
  "created_at": "2019-05-13T15:28:00.737",
  "deleted": false,
  "dental_benefits": false,
  "end_date": "2019-08-02",
  "hiring_category": "RA2",
  "hiring_faculty": 10,
  "hourly_pay": "31.00",
  "hours": "40.00",
  "lump_sum_hours": null,
  "lump_sum_pay": "10000.00",
  "medical_benefits": false,
  "notes": "",
  "offer_letter_text": null,
  "pay_frequency": "B",
  "pay_periods": "8.0",
  "person": 34,
  "program": null,
  "project": 1,
  "reappointment": false,
  "scholarship": null,
  "sin": 123456789,
  "slug": "cmpt-2019-0ggg9",
  "start_date": "2019-05-06",
  "unit": 5,
  "visa_verified": false
 },
 "model": "ra.raappointment",
 "pk": 19
},
{
 "fields": {
  "account": 5,
  "biweekly_pay": "0.00",
  "comments": "",
  "config": "{\"use_hourly\":false}",
  "created_at": "2019-05-13T15:28:00.546",
  "deleted": false,
  "dental_benefits": false,
  "end_date": "2019-08-02",
  "hiring_category": "ONC",
  "hiring_faculty": 10,
  "hourly_pay": "0.00",
  "hours": "0.00",
  "lump_sum_hours": null,
  "lump_sum_pay": "4000.00",
  "medical_benefits": false,
  "notes": "",
  "offer_letter_text": null,
  "pay_frequency": "L",
  "pay_periods": "8.0",
  "person": 50,
  "program": null,
  "project": 1,
  "reappointment": false,
  "scholarship": null,
  "sin": 123456789,
  "slug": "cmpt-2019-0ggg17",
  "start_date": "2019-05-06",
  "unit": 5,
  "visa_verified": false
 },
 "model": "ra.raappointment",
 "pk": 11
},
{
 "fields": {
  "account": 5,
  "biweekly_pay": "1250.00",
  "comments": "",
  "config": "{\"use_hourly\":false}",
  "created_at": "2019-05-13T15:28:00.975",
  "deleted": false,
  "dental_benefits": false,
  "end_date": "2019-08-02",
  "hiring_category": "RA2",
  "hiring_faculty": 4,
  "hourly_pay": "31.00",
  "hours": "40.00",
  "lump_sum_hours": null,
  "lump_sum_pay": "10000.00",
  "medical_benefits": false,
  "notes": "",
  "offer_letter_text": null,
  "pay_frequency": "B",
  "pay_periods": "8.0",
  "person": 24,
  "program": null,
  "project": 1,
  "reappointment": false,
  "scholarship": null,
  "sin": 123456789,
  "slug": "cmpt-2019-0ggg4",
  "start_date": "2019-05-06",
  "unit": 5,
  "visa_verified": false
 },
 "model": "ra.raappointment",
 "pk": 29
},
{
 "fields": {
  "account": 5,
  "biweekly_pay": "0.00",
  "comments": "",
  "config": "{\"use_hourly\":false}",
  "created_at": "2019-05-13T15:28:00.338",
  "deleted": false,
  "dental_benefits": false,
  "end_date": "2019-08-02",
  "hiring_category": "RA",
  "hiring_faculty": 10,
  "hourly_pay": "0.00",
  "hours": "0.00",
  "lump_sum_hours": null,
  "lump_sum_pay": "4000.00",
  "medical_benefits": false,
  "notes": "",
  "offer_letter_text": null,
  "pay_frequency": "L",
  "pay_periods": "8.0",
  "person": 32,
  "program": null,
  "project": 2,
  "reappointment": false,
  "scholarship": null,
  "sin": 123456789,
  "slug": "cmpt-2019-0ggg8",
  "start_date": "2019-05-06",
  "unit": 5,
  "visa_verified": false
 },
 "model": "ra.raappointment",
 "pk": 2
},
{
 "fields": {
  "account": 5,
  "biweekly_pay": "1250.00",
  "comments": "",
  "config": "{\"use_hourly\":true}",
  "created_at": "2019-05-13T15:28:00.461",
  "deleted": false,
  "dental_benefits": false,
  "end_date": "2019-08-02",
  "hiring_category": "RA",
  "hiring_faculty": 4,
  "hourly_pay": "31.00",
  "hours": "40.00",
  "lump_sum_hours": null,
  "lump_sum_pay": "10000.00",
  "medical_benefits": false,
  "notes": "",
  "offer_letter_text": null,
  "pay_frequency": "B",
  "pay_periods": "8.0",
  "person": 32,
  "program": null,
  "project": 1,
  "reappointment": false,
  "scholarship": null,
  "sin": 123456789,
  "slug": "cmpt-2019-0ggg8-2",
  "start_date": "2019-05-06",
  "unit": 5,
  "visa_verified": false
 },
 "model": "ra.raappointment",
 "pk": 7
},
{
 "fields": {
  "account": 5,
  "biweekly_pay": "1250.00",
  "comments": "",
  "config": "{\"use_hourly\":true}",
  "created_at": "2019-05-13T15:28:00.447",
  "deleted": false,
  "dental_benefits": false,
  "end_date": "2019-08-02",
  "hiring_category": "ONC",
  "hiring_faculty": 12,
  "hourly_pay": "31.00",
  "hours": "40.00",
  "lump_sum_hours": null,
  "lump_sum_pay": "10000.00",
  "medical_benefits": false,
  "notes": "",
  "offer_letter_text": null,
  "pay_frequency": "B",
  "pay_periods": "8.0",
  "person": 30,
  "program": null,
  "project": 2,
  "reappointment": false,
  "scholarship": null,
  "sin": 123456789,
  "slug": "cmpt-2019-0ggg7",
  "start_date": "2019-05-06",
  "unit": 5,
  "visa_verified": false
 },
 "model": "ra.raappointment",
 "pk": 6
},
{
 "fields": {
  "account": 5,
  "biweekly_pay": "0.00",
  "comments": "",
  "config": "{\"use_hourly\":false}",
  "created_at": "2019-05-13T15:28:00.585",
  "deleted": false,
  "dental_benefits": false,
  "end_date": "2019-08-02",
  "hiring_category": "RA2",
  "hiring_faculty": 4,
  "hourly_pay": "0.00",
  "hours": "0.00",
  "lump_sum_hours": null,
  "lump_sum_pay": "4000.00",
  "medical_benefits": false,
  "notes": "",
  "offer_letter_text": null,
  "pay_frequency": "L",
  "pay_periods": "8.0",
  "person": 36,
  "program": null,
  "project": 1,
  "reappointment": false,
  "scholarship": null,
  "sin": 123456789,
  "slug": "cmpt-2019-0ggg10",
  "start_date": "2019-05-06",
  "unit": 5,
  "visa_verified": false
 },
 "model": "ra.raappointment",
 "pk": 13
},
{
 "fields": {
  "account": 5,
  "biweekly_pay": "1250.00",
  "comments": "",
  "config": "{\"use_hourly\":false}",
  "created_at": "2019-05-13T15:28:00.705",
  "deleted": false,
  "dental_benefits": false,
  "end_date": "2019-08-02",
  "hiring_category": "RSS",
  "hiring_faculty": 10,
  "hourly_pay": "31.00",
  "hours": "40.00",
  "lump_sum_hours": null,
  "lump_sum_pay": "10000.00",
  "medical_benefits": false,
  "notes": "",
  "offer_letter_text": null,
  "pay_frequency": "B",
  "pay_periods": "8.0",
  "person": 36,
  "program": null,
  "project": 1,
  "reappointment": false,
  "scholarship": null,
  "sin": 123456789,
  "slug": "cmpt-2019-0ggg10-2",
  "start_date": "2019-05-06",
  "unit": 5,
  "visa_verified": false
 },
 "model": "ra.raappointment",
 "pk": 18
},
{
 "fields": {
  "account": 5,
  "biweekly_pay": "1250.00",
  "comments": "",
  "config": "{\"use_hourly\":false}",
  "created_at": "2019-05-13T15:28:00.790",
  "deleted": false,
  "dental_benefits": false,
  "end_date": "2019-08-02",
  "hiring_category": "NS",
  "hiring_faculty": 11,
  "hourly_pay": "31.00",
  "hours": "40.00",
  "lump_sum_hours": null,
  "lump_sum_pay": "10000.00",
  "medical_benefits": false,
  "notes": "",
  "offer_letter_text": null,
  "pay_frequency": "B",
  "pay_periods": "8.0",
  "person": 36,
  "program": null,
  "project": 2,
  "reappointment": false,
  "scholarship": null,
  "sin": 123456789,
  "slug": "cmpt-2019-0ggg10-3",
  "start_date": "2019-05-06",
  "unit": 5,
  "visa_verified": false
 },
 "model": "ra.raappointment",
 "pk": 21
},
{
 "fields": {
  "account": 5,
  "biweekly_pay": "1250.00",
  "comments": "",
  "config": "{\"use_hourly\":true}",
  "created_at": "2019-05-13T15:28:00.485",
  "deleted": false,
  "dental_benefits": false,
  "end_date": "2019-08-02",
  "hiring_category": "NS",
  "hiring_faculty": 10,
  "hourly_pay": "31.00",
  "hours": "40.00",
  "lump_sum_hours": null,
  "lump_sum_pay": "10000.00",
  "medical_benefits": false,
  "notes": "",
  "offer_letter_text": null,
  "pay_frequency": "B",
  "pay_periods": "8.0",
  "person": 26,
  "program": null,
  "project": 1,
  "reappointment": false,
  "scholarship": null,
  "sin": 123456789,
  "slug": "cmpt-2019-0ggg5",
  "start_date": "2019-05-06",
  "unit": 5,
  "visa_verified": false
 },
 "model": "ra.raappointment",
 "pk": 8
},
{
 "fields": {
  "account": 5,
  "biweekly_pay": "1250.00",
  "comments": "",
  "config": "{\"use_hourly\":false}",
  "created_at": "2019-05-13T15:28:00.829",
  "deleted": false,
  "dental_benefits": false,
  "end_date": "2019-08-02",
  "hiring_category": "RA2",
  "hiring_faculty": 10,
  "hourly_pay": "31.00",
  "hours": "40.00",
  "lump_sum_hours": null,
  "lump_sum_pay": "10000.00",
  "medical_benefits": false,
  "notes": "",
  "offer_letter_text": null,
  "pay_frequency": "B",
  "pay_periods": "8.0",
  "person": 54,
  "program": null,
  "project": 1,
  "reappointment": false,
  "scholarship": null,
  "sin": 123456789,
  "slug": "cmpt-2019-0ggg19",
  "start_date": "2019-05-06",
  "unit": 5,
  "visa_verified": false
 },
 "model": "ra.raappointment",
 "pk": 23
},
{
 "fields": {
  "account": 5,
  "biweekly_pay": "1250.00",
  "comments": "",
  "config": "{\"use_hourly\":true}",
  "created_at": "2019-05-13T15:28:00.950",
  "deleted": false,
  "dental_benefits": false,
  "end_date": "2019-08-02",
  "hiring_category": "RAR",
  "hiring_faculty": 10,
  "hourly_pay": "31.00",
  "hours": "40.00",
  "lump_sum_hours": null,
  "lump_sum_pay": "10000.00",
  "medical_benefits": false,
  "notes": "",
  "offer_letter_text": null,
  "pay_frequency": "B",
  "pay_periods": "8.0",
  "person": 54,
  "program": null,
  "project": 1,
  "reappointment": false,
  "scholarship": null,
  "sin": 123456789,
  "slug": "cmpt-2019-0ggg19-2",
  "start_date": "2019-05-06",
  "unit": 5,
  "visa_verified": false
 },
 "model": "ra.raappointment",
 "pk": 28
},
{
 "fields": {
  "account": 5,
  "biweekly_pay": "0.00",
  "comments": "",
  "config": "{\"use_hourly\":true}",
  "created_at": "2019-05-13T15:28:00.648",
  "deleted": false,
  "dental_benefits": false,
  "end_date": "2019-08-02",
  "hiring_category": "RAR",
  "hiring_faculty": 8,
  "hourly_pay": "0.00",
  "hours": "0.00",
  "lump_sum_hours": null,
  "lump_sum_pay": "4000.00",
  "medical_benefits": false,
  "notes": "",
  "offer_letter_text": null,
  "pay_frequency": "L",
  "pay_periods": "8.0",
  "person": 20,
  "program": null,
  "project": 1,
  "reappointment": false,
  "scholarship": null,
  "sin": 123456789,
  "slug": "cmpt-2019-0ggg2",
  "start_date": "2019-05-06",
  "unit": 5,
  "visa_verified": false
 },
 "model": "ra.raappointment",
 "pk": 16
},
{
 "fields": {
  "account": 5,
  "biweekly_pay": "0.00",
  "comments": "",
  "config": "{\"use_hourly\":false}",
  "created_at": "2019-05-13T15:28:00.387",
  "deleted": false,
  "dental_benefits": false,
  "end_date": "2019-08-02",
  "hiring_category": "PDF",
  "hiring_faculty": 10,
  "hourly_pay": "0.00",
  "hours": "0.00",
  "lump_sum_hours": null,
  "lump_sum_pay": "4000.00",
  "medical_benefits": false,
  "notes": "",
  "offer_letter_text": null,
  "pay_frequency": "L",
  "pay_periods": "8.0",
  "person": 52,
  "program": null,
  "project": 2,
  "reappointment": false,
  "scholarship": null,
  "sin": 123456789,
  "slug": "cmpt-2019-0ggg18",
  "start_date": "2019-05-06",
  "unit": 5,
  "visa_verified": false
 },
 "model": "ra.raappointment",
 "pk": 4
},
{
 "fields": {
  "account": 5,
  "biweekly_pay": "0.00",
  "comments": "",
  "config": "{\"use_hourly\":false}",
  "created_at": "2019-05-13T15:28:00.499",
  "deleted": false,
  "dental_benefits": false,
  "end_date": "2019-08-02",
  "hiring_category": "RSS",
  "hiring_faculty": 10,
  "hourly_pay": "0.00",
  "hours": "0.00",
  "lump_sum_hours": null,
  "lump_sum_pay": "4000.00",
  "medical_benefits": false,
  "notes": "",
  "offer_letter_text": null,
  "pay_frequency": "L",
  "pay_periods": "8.0",
  "person": 52,
  "program": null,
  "project": 1,
  "reappointment": false,
  "scholarship": null,
  "sin": 123456789,
  "slug": "cmpt-2019-0ggg18-2",
  "start_date": "2019-05-06",
  "unit": 5,
  "visa_verified": false
 },
 "model": "ra.raappointment",
 "pk": 9
},
{
 "fields": {
  "account": 5,
  "biweekly_pay": "0.00",
  "comments": "",
  "config": "{\"use_hourly\":true}",
  "created_at": "2019-05-13T15:28:00.918",
  "deleted": false,
  "dental_benefits": false,
  "end_date": "2019-08-02",
  "hiring_category": "RA2",
  "hiring_faculty": 10,
  "hourly_pay": "0.00",
  "hours": "0.00",
  "lump_sum_hours": null,
  "lump_sum_pay": "4000.00",
  "medical_benefits": false,
  "notes": "",
  "offer_letter_text": null,
  "pay_frequency": "L",
  "pay_periods": "8.0",
  "person": 52,
  "program": null,
  "project": 2,
  "reappointment": false,
  "scholarship": null,
  "sin": 123456789,
  "slug": "cmpt-2019-0ggg18-3",
  "start_date": "2019-05-06",
  "unit": 5,
  "visa_verified": false
 },
 "model": "ra.raappointment",
 "pk": 26
},
{
 "fields": {
  "account": 5,
  "biweekly_pay": "1250.00",
  "comments": "",
  "config": "{\"use_hourly\":false}",
  "created_at": "2019-05-13T15:28:00.421",
  "deleted": false,
  "dental_benefits": false,
  "end_date": "2019-08-02",
  "hiring_category": "ONC",
  "hiring_faculty": 9,
  "hourly_pay": "31.00",
  "hours": "40.00",
  "lump_sum_hours": null,
  "lump_sum_pay": "10000.00",
  "medical_benefits": false,
  "notes": "",
  "offer_letter_text": null,
  "pay_frequency": "B",
  "pay_periods": "8.0",
  "person": 28,
  "program": null,
  "project": 1,
  "reappointment": false,
  "scholarship": null,
  "sin": 123456789,
  "slug": "cmpt-2019-0ggg6",
  "start_date": "2019-05-06",
  "unit": 5,
  "visa_verified": false
 },
 "model": "ra.raappointment",
 "pk": 5
},
{
 "fields": {
  "account": 5,
  "biweekly_pay": "1250.00",
  "comments": "",
  "config": "{\"use_hourly\":false}",
  "created_at": "2019-05-13T15:28:00.599",
  "deleted": false,
  "dental_benefits": false,
  "end_date": "2019-08-02",
  "hiring_category": "GRA",
  "hiring_faculty": 10,
  "hourly_pay": "31.00",
  "hours": "40.00",
  "lump_sum_hours": null,
  "lump_sum_pay": "10000.00",
  "medical_benefits": false,
  "notes": "",
  "offer_letter_text": null,
  "pay_frequency": "B",
  "pay_periods": "8.0",
  "person": 28,
  "program": null,
  "project": 1,
  "reappointment": false,
  "scholarship": null,
  "sin": 123456789,
  "slug": "cmpt-2019-0ggg6-2",
  "start_date": "2019-05-06",
  "unit": 5,
  "visa_verified": false
 },
 "model": "ra.raappointment",
 "pk": 14
},
{
 "fields": {
  "account": 5,
  "biweekly_pay": "1250.00",
  "comments": "",
  "config": "{\"use_hourly\":true}",
  "created_at": "2019-05-13T15:28:00.805",
  "deleted": false,
  "dental_benefits": false,
  "end_date": "2019-08-02",
  "hiring_category": "RA",
  "hiring_faculty": 10,
  "hourly_pay": "31.00",
  "hours": "40.00",
  "lump_sum_hours": null,
  "lump_sum_pay": "10000.00",
  "medical_benefits": false,
  "notes": "",
  "offer_letter_text": null,
  "pay_frequency": "B",
  "pay_periods": "8.0",
  "person": 28,
  "program": null,
  "project": 1,
  "reappointment": false,
  "scholarship": null,
  "sin": 123456789,
  "slug": "cmpt-2019-0ggg6-3",
  "start_date": "2019-05-06",
  "unit": 5,
  "visa_verified": false
 },
 "model": "ra.raappointment",
 "pk": 22
},
{
 "fields": {
  "account": 5,
  "biweekly_pay": "0.00",
  "comments": "",
  "config": "{\"use_hourly\":true}",
  "created_at": "2019-05-13T15:28:00.363",
  "deleted": false,
  "dental_benefits": false,
  "end_date": "2019-08-02",
  "hiring_category": "RA2",
  "hiring_faculty": 12,
  "hourly_pay": "0.00",
  "hours": "0.00",
  "lump_sum_hours": null,
  "lump_sum_pay": "4000.00",
  "medical_benefits": false,
  "notes": "",
  "offer_letter_text": null,
  "pay_frequency": "L",
  "pay_periods": "8.0",
  "person": 48,
  "program": null,
  "project": 2,
  "reappointment": false,
  "scholarship": null,
  "sin": 123456789,
  "slug": "cmpt-2019-0ggg16",
  "start_date": "2019-05-06",
  "unit": 5,
  "visa_verified": false
 },
 "model": "ra.raappointment",
 "pk": 3
},
{
 "fields": {
  "account": 5,
  "biweekly_pay": "1250.00",
  "comments": "",
  "config": "{\"use_hourly\":false}",
  "created_at": "2019-05-13T15:28:00.676",
  "deleted": false,
  "dental_benefits": false,
  "end_date": "2019-08-02",
  "hiring_category": "GRA",
  "hiring_faculty": 10,
  "hourly_pay": "31.00",
  "hours": "40.00",
  "lump_sum_hours": null,
  "lump_sum_pay": "10000.00",
  "medical_benefits": false,
  "notes": "",
  "offer_letter_text": null,
  "pay_frequency": "B",
  "pay_periods": "8.0",
  "person": 48,
  "program": null,
  "project": 2,
  "reappointment": false,
  "scholarship": null,
  "sin": 123456789,
  "slug": "cmpt-2019-0ggg16-2",
  "start_date": "2019-05-06",
  "unit": 5,
  "visa_verified": false
 },
 "model": "ra.raappointment",
 "pk": 17
},
{
 "fields": {
  "account": 5,
  "biweekly_pay": "1250.00",
  "comments": "",
  "config": "{\"use_hourly\":false}",
  "created_at": "2019-05-13T15:28:00.861",
  "deleted": false,
  "dental_benefits": false,
  "end_date": "2019-08-02",
  "hiring_category": "ONC",
  "hiring_faculty": 10,
  "hourly_pay": "31.00",
  "hours": "40.00",
  "lump_sum_hours": null,
  "lump_sum_pay": "10000.00",
  "medical_benefits": false,
  "notes": "",
  "offer_letter_text": null,
  "pay_frequency": "B",
  "pay_periods": "8.0",
  "person": 40,
  "program": null,
  "project": 2,
  "reappointment": false,
  "scholarship": null,
  "sin": 123456789,
  "slug": "cmpt-2019-0ggg12",
  "start_date": "2019-05-06",
  "unit": 5,
  "visa_verified": false
 },
 "model": "ra.raappointment",
 "pk": 24
},
{
 "fields": {
  "account": 5,
  "biweekly_pay": "1250.00",
  "comments": "",
  "config": "{\"use_hourly\":false}",
  "created_at": "2019-05-13T15:28:00.990",
  "deleted": false,
  "dental_benefits": false,
  "end_date": "2019-08-02",
  "hiring_category": "GRA",
  "hiring_faculty": 10,
  "hourly_pay": "31.00",
  "hours": "40.00",
  "lump_sum_hours": null,
  "lump_sum_pay": "10000.00",
  "medical_benefits": false,
  "notes": "",
  "offer_letter_text": null,
  "pay_frequency": "B",
  "pay_periods": "8.0",
  "person": 40,
  "program": null,
  "project": 2,
  "reappointment": false,
  "scholarship": null,
  "sin": 123456789,
  "slug": "cmpt-2019-0ggg12-2",
  "start_date": "2019-05-06",
  "unit": 5,
  "visa_verified": false
 },
 "model": "ra.raappointment",
 "pk": 30
},
{
 "fields": {
  "account": 5,
  "biweekly_pay": "0.00",
  "comments": "",
  "config": "{\"use_hourly\":true}",
  "created_at": "2019-05-13T15:28:00.623",
  "deleted": false,
  "dental_benefits": false,
  "end_date": "2019-08-02",
  "hiring_category": "GRA",
  "hiring_faculty": 10,
  "hourly_pay": "0.00",
  "hours": "0.00",
  "lump_sum_hours": null,
  "lump_sum_pay": "4000.00",
  "medical_benefits": false,
  "notes": "",
  "offer_letter_text": null,
  "pay_frequency": "L",
  "pay_periods": "8.0",
  "person": 51,
  "program": null,
  "project": 1,
  "reappointment": false,
  "scholarship": null,
  "sin": 123456789,
  "slug": "cmpt-2019-0aaa18",
  "start_date": "2019-05-06",
  "unit": 5,
  "visa_verified": false
 },
 "model": "ra.raappointment",
 "pk": 15
},
{
 "fields": {
  "account": 5,
  "biweekly_pay": "1250.00",
  "comments": "",
  "config": "{\"use_hourly\":false}",
  "created_at": "2019-05-13T15:28:00.523",
  "deleted": false,
  "dental_benefits": false,
  "end_date": "2019-08-02",
  "hiring_category": "RA2",
  "hiring_faculty": 10,
  "hourly_pay": "31.00",
  "hours": "40.00",
  "lump_sum_hours": null,
  "lump_sum_pay": "10000.00",
  "medical_benefits": false,
  "notes": "",
  "offer_letter_text": null,
  "pay_frequency": "B",
  "pay_periods": "8.0",
  "person": 39,
  "program": null,
  "project": 2,
  "reappointment": false,
  "scholarship": null,
  "sin": 123456789,
  "slug": "cmpt-2019-0aaa12",
  "start_date": "2019-05-06",
  "unit": 5,
  "visa_verified": false
 },
 "model": "ra.raappointment",
 "pk": 10
},
{
 "fields": {
  "account": 5,
  "biweekly_pay": "1250.00",
  "comments": "",
  "config": "{\"use_hourly\":true}",
  "created_at": "2019-05-13T15:28:00.935",
  "deleted": false,
  "dental_benefits": false,
  "end_date": "2019-08-02",
  "hiring_category": "RSS",
  "hiring_faculty": 7,
  "hourly_pay": "31.00",
  "hours": "40.00",
  "lump_sum_hours": null,
  "lump_sum_pay": "10000.00",
  "medical_benefits": false,
  "notes": "",
  "offer_letter_text": null,
  "pay_frequency": "B",
  "pay_periods": "8.0",
  "person": 39,
  "program": null,
  "project": 1,
  "reappointment": false,
  "scholarship": null,
  "sin": 123456789,
  "slug": "cmpt-2019-0aaa12-2",
  "start_date": "2019-05-06",
  "unit": 5,
  "visa_verified": false
 },
 "model": "ra.raappointment",
 "pk": 27
},
{
 "fields": {
  "account": 5,
  "biweekly_pay": "1250.00",
  "comments": "",
  "config": "{\"use_hourly\":false}",
  "created_at": "2019-05-13T15:28:00.314",
  "deleted": false,
  "dental_benefits": false,
  "end_date": "2019-08-02",
  "hiring_category": "PDF",
  "hiring_faculty": 8,
  "hourly_pay": "31.00",
  "hours": "40.00",
  "lump_sum_hours": null,
  "lump_sum_pay": "10000.00",
  "medical_benefits": false,
  "notes": "",
  "offer_letter_text": null,
  "pay_frequency": "B",
  "pay_periods": "8.0",
  "person": 31,
  "program": null,
  "project": 2,
  "reappointment": false,
  "scholarship": null,
  "sin": 123456789,
  "slug": "cmpt-2019-0aaa8",
  "start_date": "2019-05-06",
  "unit": 5,
  "visa_verified": false
 },
 "model": "ra.raappointment",
 "pk": 1
},
{
 "fields": {
  "account": 5,
  "biweekly_pay": "0.00",
  "comments": "",
  "config": "{\"use_hourly\":true}",
  "created_at": "2019-05-13T15:28:00.561",
  "deleted": false,
  "dental_benefits": false,
  "end_date": "2019-08-02",
  "hiring_category": "PDF",
  "hiring_faculty": 14,
  "hourly_pay": "0.00",
  "hours": "0.00",
  "lump_sum_hours": null,
  "lump_sum_pay": "4000.00",
  "medical_benefits": false,
  "notes": "",
  "offer_letter_text": null,
  "pay_frequency": "L",
  "pay_periods": "8.0",
  "person": 31,
  "program": null,
  "project": 2,
  "reappointment": false,
  "scholarship": null,
  "sin": 123456789,
  "slug": "cmpt-2019-0aaa8-2",
  "start_date": "2019-05-06",
  "unit": 5,
  "visa_verified": false
 },
 "model": "ra.raappointment",
 "pk": 12
},
{
 "fields": {
  "account": 5,
  "biweekly_pay": "1250.00",
  "comments": "",
  "config": "{\"use_hourly\":true}",
  "created_at": "2019-05-13T15:28:00.769",
  "deleted": false,
  "dental_benefits": false,
  "end_date": "2019-08-02",
  "hiring_category": "ONC",
  "hiring_faculty": 10,
  "hourly_pay": "31.00",
  "hours": "40.00",
  "lump_sum_hours": null,
  "lump_sum_pay": "10000.00",
  "medical_benefits": false,
  "notes": "",
  "offer_letter_text": null,
  "pay_frequency": "B",
  "pay_periods": "8.0",
  "person": 47,
  "program": null,
  "project": 2,
  "reappointment": false,
  "scholarship": null,
  "sin": 123456789,
  "slug": "cmpt-2019-0aaa16",
  "start_date": "2019-05-06",
  "unit": 5,
  "visa_verified": false
 },
 "model": "ra.raappointment",
 "pk": 20
},
{
 "fields": {
  "account": 5,
  "biweekly_pay": "1250.00",
  "comments": "",
  "config": "{\"use_hourly\":true}",
  "created_at": "2019-05-13T15:28:00.888",
  "deleted": false,
  "dental_benefits": false,
  "end_date": "2019-08-02",
  "hiring_category": "NS",
  "hiring_faculty": 10,
  "hourly_pay": "31.00",
  "hours": "40.00",
  "lump_sum_hours": null,
  "lump_sum_pay": "10000.00",
  "medical_benefits": false,
  "notes": "",
  "offer_letter_text": null,
  "pay_frequency": "B",
  "pay_periods": "8.0",
  "person": 43,
  "program": null,
  "project": 1,
  "reappointment": false,
  "scholarship": null,
  "sin": 123456789,
  "slug": "cmpt-2019-0aaa14",
  "start_date": "2019-05-06",
  "unit": 5,
  "visa_verified": false
 },
 "model": "ra.raappointment",
 "pk": 25
},
{
 "fields": {
  "closes": "2019-08-14",
  "config": "{\"salary\":[972,972,972,972],\"scholarship\":[135,340,0,0],\"accounts\":[1,2,3,4],\"start\":\"2019-09-03\",\"end\":\"2019-12-02\",\"deadline\":\"2019-08-24\",\"payperiods\":7.5,\"contact\":3,\"offer_text\":\"This is **your** TA \\u00f6ffer.\\n\\nThere are various conditions that are t\\u00f6\\u00f6 numerous to list here.\"}",
  "opens": "2019-05-26",
  "semester": 163,
  "slug": "2019fa-cmpt",
  "unit": 5
 },
 "model": "ta.taposting",
 "pk": 1
},
{
 "fields": {
  "config": "{}",
  "description": "Office/Marking",
  "hidden": false,
  "labtut": false,
  "unit": 5
 },
 "model": "ta.coursedescription",
 "pk": 1
},
{
 "fields": {
  "config": "{}",
  "description": "Office/Marking/Lab",
  "hidden": false,
  "labtut": true,
  "unit": 5
 },
 "model": "ta.coursedescription",
 "pk": 2
},
{
 "fields": {
  "admin_created": false,
  "base_units": "4.00",
  "category": "GTA1",
  "comments": null,
  "config": "{}",
  "course_load": "",
  "current_program": "CMPT",
  "experience": null,
  "late": false,
  "new_workers_training": false,
  "other_support": null,
  "person": 22,
  "posting": 1,
  "preference_comment": null,
  "rank": 0,
  "resume": "",
  "resume_mediatype": null,
  "sin": "123456789",
  "transcript": "",
  "transcript_mediatype": null
 },
 "model": "ta.taapplication",
 "pk": 1
},
{
 "fields": {
  "admin_created": false,
  "base_units": "4.00",
  "category": "GTA2",
  "comments": null,
  "config": "{}",
  "course_load": "",
  "current_program": "CMPT",
  "experience": null,
  "late": false,
  "new_workers_training": false,
  "other_support": null,
  "person": 34,
  "posting": 1,
  "preference_comment": null,
  "rank": 0,
  "resume": "",
  "resume_mediatype": null,
  "sin": "123456789",
  "transcript": "",
  "transcript_mediatype": null
 },
 "model": "ta.taapplication",
 "pk": 2
},
{
 "fields": {
  "admin_created": false,
  "base_units": "4.00",
  "category": "GTA1",
  "comments": null,
  "config": "{}",
  "course_load": "",
  "current_program": "CMPT",
  "experience": null,
  "late": false,
  "new_workers_training": false,
  "other_support": null,
  "person": 50,
  "posting": 1,
  "preference_comment": null,
  "rank": 0,
  "resume": "",
  "resume_mediatype": null,
  "sin": "123456789",
  "transcript": "",
  "transcript_mediatype": null
 },
 "model": "ta.taapplication",
 "pk": 3
},
{
 "fields": {
  "admin_created": false,
  "base_units": "3.00",
  "category": "GTA2",
  "comments": null,
  "config": "{}",
  "course_load": "",
  "current_program": "CMPT",
  "experience": null,
  "late": false,
  "new_workers_training": false,
  "other_support": null,
  "person": 24,
  "posting": 1,
  "preference_comment": null,
  "rank": 0,
  "resume": "",
  "resume_mediatype": null,
  "sin": "123456789",
  "transcript": "",
  "transcript_mediatype": null
 },
 "model": "ta.taapplication",
 "pk": 4
},
{
 "fields": {
  "admin_created": false,
  "base_units": "5.00",
  "category": "GTA1",
  "comments": null,
  "config": "{}",
  "course_load": "",
  "current_program": "CMPT",
  "experience": null,
  "late": false,
  "new_workers_training": false,
  "other_support": null,
  "person": 32,
  "posting": 1,
  "preference_comment": null,
  "rank": 0,
  "resume": "",
  "resume_mediatype": null,
  "sin": "123456789",
  "transcript": "",
  "transcript_mediatype": null
 },
 "model": "ta.taapplication",
 "pk": 5
},
{
 "fields": {
  "admin_created": false,
  "base_units": "5.00",
  "category": "GTA1",
  "comments": null,
  "config": "{}",
  "course_load": "",
  "current_program": "CMPT",
  "experience": null,
  "late": false,
  "new_workers_training": false,
  "other_support": null,
  "person": 30,
  "posting": 1,
  "preference_comment": null,
  "rank": 0,
  "resume": "",
  "resume_mediatype": null,
  "sin": "123456789",
  "transcript": "",
  "transcript_mediatype": null
 },
 "model": "ta.taapplication",
 "pk": 6
},
{
 "fields": {
  "admin_created": false,
  "base_units": "4.00",
  "category": "GTA1",
  "comments": null,
  "config": "{}",
  "course_load": "",
  "current_program": "CMPT",
  "experience": null,
  "late": false,
  "new_workers_training": false,
  "other_support": null,
  "person": 36,
  "posting": 1,
  "preference_comment": null,
  "rank": 0,
  "resume": "",
  "resume_mediatype": null,
  "sin": "123456789",
  "transcript": "",
  "transcript_mediatype": null
 },
 "model": "ta.taapplication",
 "pk": 7
},
{
 "fields": {
  "admin_created": false,
  "base_units": "5.00",
  "category": "GTA2",
  "comments": null,
  "config": "{}",
  "course_load": "",
  "current_program": "CMPT",
  "experience": null,
  "late": false,
  "new_workers_training": false,
  "other_support": null,
  "person": 26,
  "posting": 1,
  "preference_comment": null,
  "rank": 0,
  "resume": "",
  "resume_mediatype": null,
  "sin": "123456789",
  "transcript": "",
  "transcript_mediatype": null
 },
 "model": "ta.taapplication",
 "pk": 8
},
{
 "fields": {
  "admin_created": false,
  "base_units": "3.00",
  "category": "GTA1",
  "comments": null,
  "config": "{}",
  "course_load": "",
  "current_program": "CMPT",
  "experience": null,
  "late": false,
  "new_workers_training": false,
  "other_support": null,
  "person": 18,
  "posting": 1,
  "preference_comment": null,
  "rank": 0,
  "resume": "",
  "resume_mediatype": null,
  "sin": "123456789",
  "transcript": "",
  "transcript_mediatype": null
 },
 "model": "ta.taapplication",
 "pk": 9
},
{
 "fields": {
  "admin_created": false,
  "base_units": "4.00",
  "category": "GTA2",
  "comments": null,
  "config": "{}",
  "course_load": "",
  "current_program": "CMPT",
  "experience": null,
  "late": false,
  "new_workers_training": false,
  "other_support": null,
  "person": 38,
  "posting": 1,
  "preference_comment": null,
  "rank": 0,
  "resume": "",
  "resume_mediatype": null,
  "sin": "123456789",
  "transcript": "",
  "transcript_mediatype": null
 },
 "model": "ta.taapplication",
 "pk": 10
},
{
 "fields": {
  "admin_created": false,
  "base_units": "5.00",
  "category": "GTA1",
  "comments": null,
  "config": "{}",
  "course_load": "",
  "current_program": "CMPT",
  "experience": null,
  "late": false,
  "new_workers_training": false,
  "other_support": null,
  "person": 54,
  "posting": 1,
  "preference_comment": null,
  "rank": 0,
  "resume": "",
  "resume_mediatype": null,
  "sin": "123456789",
  "transcript": "",
  "transcript_mediatype": null
 },
 "model": "ta.taapplication",
 "pk": 11
},
{
 "fields": {
  "admin_created": false,
  "base_units": "4.00",
  "category": "GTA2",
  "comments": null,
  "config": "{}",
  "course_load": "",
  "current_program": "CMPT",
  "experience": null,
  "late": false,
  "new_workers_training": false,
  "other_support": null,
  "person": 44,
  "posting": 1,
  "preference_comment": null,
  "rank": 0,
  "resume": "",
  "resume_mediatype": null,
  "sin": "123456789",
  "transcript": "",
  "transcript_mediatype": null
 },
 "model": "ta.taapplication",
 "pk": 12
},
{
 "fields": {
  "admin_created": false,
  "base_units": "5.00",
  "category": "GTA1",
  "comments": null,
  "config": "{}",
  "course_load": "",
  "current_program": "CMPT",
  "experience": null,
  "late": false,
  "new_workers_training": false,
  "other_support": null,
  "person": 20,
  "posting": 1,
  "preference_comment": null,
  "rank": 0,
  "resume": "",
  "resume_mediatype": null,
  "sin": "123456789",
  "transcript": "",
  "transcript_mediatype": null
 },
 "model": "ta.taapplication",
 "pk": 13
},
{
 "fields": {
  "admin_created": false,
  "base_units": "5.00",
  "category": "GTA2",
  "comments": null,
  "config": "{}",
  "course_load": "",
  "current_program": "CMPT",
  "experience": null,
  "late": false,
  "new_workers_training": false,
  "other_support": null,
  "person": 42,
  "posting": 1,
  "preference_comment": null,
  "rank": 0,
  "resume": "",
  "resume_mediatype": null,
  "sin": "123456789",
  "transcript": "",
  "transcript_mediatype": null
 },
 "model": "ta.taapplication",
 "pk": 14
},
{
 "fields": {
  "admin_created": false,
  "base_units": "4.00",
  "category": "GTA1",
  "comments": null,
  "config": "{}",
  "course_load": "",
  "current_program": "CMPT",
  "experience": null,
  "late": false,
  "new_workers_training": false,
  "other_support": null,
  "person": 16,
  "posting": 1,
  "preference_comment": null,
  "rank": 0,
  "resume": "",
  "resume_mediatype": null,
  "sin": "123456789",
  "transcript": "",
  "transcript_mediatype": null
 },
 "model": "ta.taapplication",
 "pk": 15
},
{
 "fields": {
  "admin_created": false,
  "base_units": "3.00",
  "category": "GTA2",
  "comments": null,
  "config": "{}",
  "course_load": "",
  "current_program": "CMPT",
  "experience": null,
  "late": false,
  "new_workers_training": false,
  "other_support": null,
  "person": 52,
  "posting": 1,
  "preference_comment": null,
  "rank": 0,
  "resume": "",
  "resume_mediatype": null,
  "sin": "123456789",
  "transcript": "",
  "transcript_mediatype": null
 },
 "model": "ta.taapplication",
 "pk": 16
},
{
 "fields": {
  "admin_created": false,
  "base_units": "3.00",
  "category": "GTA2",
  "comments": null,
  "config": "{}",
  "course_load": "",
  "current_program": "CMPT",
  "experience": null,
  "late": false,
  "new_workers_training": false,
  "other_support": null,
  "person": 46,
  "posting": 1,
  "preference_comment": null,
  "rank": 0,
  "resume": "",
  "resume_mediatype": null,
  "sin": "123456789",
  "transcript": "",
  "transcript_mediatype": null
 },
 "model": "ta.taapplication",
 "pk": 17
},
{
 "fields": {
  "admin_created": false,
  "base_units": "4.00",
  "category": "GTA2",
  "comments": null,
  "config": "{}",
  "course_load": "",
  "current_program": "CMPT",
  "experience": null,
  "late": false,
  "new_workers_training": false,
  "other_support": null,
  "person": 28,
  "posting": 1,
  "preference_comment": null,
  "rank": 0,
  "resume": "",
  "resume_mediatype": null,
  "sin": "123456789",
  "transcript": "",
  "transcript_mediatype": null
 },
 "model": "ta.taapplication",
 "pk": 18
},
{
 "fields": {
  "admin_created": false,
  "base_units": "4.00",
  "category": "GTA2",
  "comments": null,
  "config": "{}",
  "course_load": "",
  "current_program": "CMPT",
  "experience": null,
  "late": false,
  "new_workers_training": false,
  "other_support": null,
  "person": 48,
  "posting": 1,
  "preference_comment": null,
  "rank": 0,
  "resume": "",
  "resume_mediatype": null,
  "sin": "123456789",
  "transcript": "",
  "transcript_mediatype": null
 },
 "model": "ta.taapplication",
 "pk": 19
},
{
 "fields": {
  "admin_created": false,
  "base_units": "5.00",
  "category": "GTA2",
  "comments": null,
  "config": "{}",
  "course_load": "",
  "current_program": "CMPT",
  "experience": null,
  "late": false,
  "new_workers_training": false,
  "other_support": null,
  "person": 40,
  "posting": 1,
  "preference_comment": null,
  "rank": 0,
  "resume": "",
  "resume_mediatype": null,
  "sin": "123456789",
  "transcript": "",
  "transcript_mediatype": null
 },
 "model": "ta.taapplication",
 "pk": 20
},
{
 "fields": {
  "app": 1,
  "course": 3,
  "exper": "SOM",
  "rank": 1,
  "taken": "NO"
 },
 "model": "ta.coursepreference",
 "pk": 1
},
{
 "fields": {
  "app": 1,
  "course": 2,
  "exper": "NOT",
  "rank": 2,
  "taken": "KNO"
 },
 "model": "ta.coursepreference",
 "pk": 2
},
{
 "fields": {
  "app": 1,
  "course": 3,
  "exper": "SOM",
  "rank": 3,
  "taken": "KNO"
 },
 "model": "ta.coursepreference",
 "pk": 3
},
{
 "fields": {
  "app": 1,
  "course": 3,
  "exper": "NOT",
  "rank": 4,
  "taken": "NO"
 },
 "model": "ta.coursepreference",
 "pk": 4
},
{
 "fields": {
  "app": 1,
  "course": 2,
  "exper": "FAM",
  "rank": 5,
  "taken": "KNO"
 },
 "model": "ta.coursepreference",
 "pk": 5
},
{
 "fields": {
  "app": 2,
  "course": 7,
  "exper": "FAM",
  "rank": 1,
  "taken": "SIM"
 },
 "model": "ta.coursepreference",
 "pk": 6
},
{
 "fields": {
  "app": 2,
  "course": 1,
  "exper": "NOT",
  "rank": 2,
  "taken": "KNO"
 },
 "model": "ta.coursepreference",
 "pk": 7
},
{
 "fields": {
  "app": 2,
  "course": 3,
  "exper": "SOM",
  "rank": 3,
  "taken": "YES"
 },
 "model": "ta.coursepreference",
 "pk": 8
},
{
 "fields": {
  "app": 2,
  "course": 4,
  "exper": "NOT",
  "rank": 4,
  "taken": "SIM"
 },
 "model": "ta.coursepreference",
 "pk": 9
},
{
 "fields": {
  "app": 2,
  "course": 3,
  "exper": "FAM",
  "rank": 5,
  "taken": "YES"
 },
 "model": "ta.coursepreference",
 "pk": 10
},
{
 "fields": {
  "app": 3,
  "course": 4,
  "exper": "FAM",
  "rank": 1,
  "taken": "YES"
 },
 "model": "ta.coursepreference",
 "pk": 11
},
{
 "fields": {
  "app": 3,
  "course": 2,
  "exper": "FAM",
  "rank": 2,
  "taken": "NO"
 },
 "model": "ta.coursepreference",
 "pk": 12
},
{
 "fields": {
  "app": 3,
  "course": 2,
  "exper": "FAM",
  "rank": 3,
  "taken": "NO"
 },
 "model": "ta.coursepreference",
 "pk": 13
},
{
 "fields": {
  "app": 3,
  "course": 1,
  "exper": "NOT",
  "rank": 4,
  "taken": "NO"
 },
 "model": "ta.coursepreference",
 "pk": 14
},
{
 "fields": {
  "app": 3,
  "course": 3,
  "exper": "SOM",
  "rank": 5,
  "taken": "SIM"
 },
 "model": "ta.coursepreference",
 "pk": 15
},
{
 "fields": {
  "app": 4,
  "course": 4,
  "exper": "NOT",
  "rank": 1,
  "taken": "SIM"
 },
 "model": "ta.coursepreference",
 "pk": 16
},
{
 "fields": {
  "app": 4,
  "course": 2,
  "exper": "SOM",
  "rank": 2,
  "taken": "SIM"
 },
 "model": "ta.coursepreference",
 "pk": 17
},
{
 "fields": {
  "app": 4,
  "course": 3,
  "exper": "SOM",
  "rank": 3,
  "taken": "YES"
 },
 "model": "ta.coursepreference",
 "pk": 18
},
{
 "fields": {
  "app": 4,
  "course": 3,
  "exper": "FAM",
  "rank": 4,
  "taken": "YES"
 },
 "model": "ta.coursepreference",
 "pk": 19
},
{
 "fields": {
  "app": 4,
  "course": 1,
  "exper": "SOM",
  "rank": 5,
  "taken": "KNO"
 },
 "model": "ta.coursepreference",
 "pk": 20
},
{
 "fields": {
  "app": 5,
  "course": 3,
  "exper": "SOM",
  "rank": 1,
  "taken": "YES"
 },
 "model": "ta.coursepreference",
 "pk": 21
},
{
 "fields": {
  "app": 5,
  "course": 2,
  "exper": "FAM",
  "rank": 2,
  "taken": "KNO"
 },
 "model": "ta.coursepreference",
 "pk": 22
},
{
 "fields": {
  "app": 5,
  "course": 3,
  "exper": "NOT",
  "rank": 3,
  "taken": "KNO"
 },
 "model": "ta.coursepreference",
 "pk": 23
},
{
 "fields": {
  "app": 5,
  "course": 4,
  "exper": "NOT",
  "rank": 4,
  "taken": "NO"
 },
 "model": "ta.coursepreference",
 "pk": 24
},
{
 "fields": {
  "app": 5,
  "course": 2,
  "exper": "NOT",
  "rank": 5,
  "taken": "NO"
 },
 "model": "ta.coursepreference",
 "pk": 25
},
{
 "fields": {
  "app": 6,
  "course": 1,
  "exper": "SOM",
  "rank": 1,
  "taken": "KNO"
 },
 "model": "ta.coursepreference",
 "pk": 26
},
{
 "fields": {
  "app": 6,
  "course": 2,
  "exper": "FAM",
  "rank": 2,
  "taken": "KNO"
 },
 "model": "ta.coursepreference",
 "pk": 27
},
{
 "fields": {
  "app": 6,
  "course": 4,
  "exper": "SOM",
  "rank": 3,
  "taken": "KNO"
 },
 "model": "ta.coursepreference",
 "pk": 28
},
{
 "fields": {
  "app": 6,
  "course": 3,
  "exper": "SOM",
  "rank": 4,
  "taken": "KNO"
 },
 "model": "ta.coursepreference",
 "pk": 29
},
{
 "fields": {
  "app": 6,
  "course": 7,
  "exper": "NOT",
  "rank": 5,
  "taken": "SIM"
 },
 "model": "ta.coursepreference",
 "pk": 30
},
{
 "fields": {
  "app": 7,
  "course": 2,
  "exper": "FAM",
  "rank": 1,
  "taken": "SIM"
 },
 "model": "ta.coursepreference",
 "pk": 31
},
{
 "fields": {
  "app": 7,
  "course": 3,
  "exper": "FAM",
  "rank": 2,
  "taken": "KNO"
 },
 "model": "ta.coursepreference",
 "pk": 32
},
{
 "fields": {
  "app": 7,
  "course": 3,
  "exper": "FAM",
  "rank": 3,
  "taken": "YES"
 },
 "model": "ta.coursepreference",
 "pk": 33
},
{
 "fields": {
  "app": 7,
  "course": 7,
  "exper": "NOT",
  "rank": 4,
  "taken": "KNO"
 },
 "model": "ta.coursepreference",
 "pk": 34
},
{
 "fields": {
  "app": 7,
  "course": 2,
  "exper": "NOT",
  "rank": 5,
  "taken": "YES"
 },
 "model": "ta.coursepreference",
 "pk": 35
},
{
 "fields": {
  "app": 8,
  "course": 1,
  "exper": "SOM",
  "rank": 1,
  "taken": "NO"
 },
 "model": "ta.coursepreference",
 "pk": 36
},
{
 "fields": {
  "app": 8,
  "course": 2,
  "exper": "FAM",
  "rank": 2,
  "taken": "YES"
 },
 "model": "ta.coursepreference",
 "pk": 37
},
{
 "fields": {
  "app": 8,
  "course": 3,
  "exper": "FAM",
  "rank": 3,
  "taken": "YES"
 },
 "model": "ta.coursepreference",
 "pk": 38
},
{
 "fields": {
  "app": 8,
  "course": 3,
  "exper": "FAM",
  "rank": 4,
  "taken": "SIM"
 },
 "model": "ta.coursepreference",
 "pk": 39
},
{
 "fields": {
  "app": 8,
  "course": 3,
  "exper": "SOM",
  "rank": 5,
  "taken": "KNO"
 },
 "model": "ta.coursepreference",
 "pk": 40
},
{
 "fields": {
  "app": 9,
  "course": 3,
  "exper": "FAM",
  "rank": 1,
  "taken": "YES"
 },
 "model": "ta.coursepreference",
 "pk": 41
},
{
 "fields": {
  "app": 9,
  "course": 2,
  "exper": "NOT",
  "rank": 2,
  "taken": "NO"
 },
 "model": "ta.coursepreference",
 "pk": 42
},
{
 "fields": {
  "app": 9,
  "course": 2,
  "exper": "SOM",
  "rank": 3,
  "taken": "YES"
 },
 "model": "ta.coursepreference",
 "pk": 43
},
{
 "fields": {
  "app": 9,
  "course": 2,
  "exper": "FAM",
  "rank": 4,
  "taken": "KNO"
 },
 "model": "ta.coursepreference",
 "pk": 44
},
{
 "fields": {
  "app": 9,
  "course": 3,
  "exper": "SOM",
  "rank": 5,
  "taken": "SIM"
 },
 "model": "ta.coursepreference",
 "pk": 45
},
{
 "fields": {
  "app": 10,
  "course": 3,
  "exper": "FAM",
  "rank": 1,
  "taken": "SIM"
 },
 "model": "ta.coursepreference",
 "pk": 46
},
{
 "fields": {
  "app": 10,
  "course": 3,
  "exper": "FAM",
  "rank": 2,
  "taken": "SIM"
 },
 "model": "ta.coursepreference",
 "pk": 47
},
{
 "fields": {
  "app": 10,
  "course": 2,
  "exper": "FAM",
  "rank": 3,
  "taken": "SIM"
 },
 "model": "ta.coursepreference",
 "pk": 48
},
{
 "fields": {
  "app": 10,
  "course": 7,
  "exper": "SOM",
  "rank": 4,
  "taken": "NO"
 },
 "model": "ta.coursepreference",
 "pk": 49
},
{
 "fields": {
  "app": 10,
  "course": 3,
  "exper": "FAM",
  "rank": 5,
  "taken": "KNO"
 },
 "model": "ta.coursepreference",
 "pk": 50
},
{
 "fields": {
  "app": 11,
  "course": 1,
  "exper": "NOT",
  "rank": 1,
  "taken": "YES"
 },
 "model": "ta.coursepreference",
 "pk": 51
},
{
 "fields": {
  "app": 11,
  "course": 3,
  "exper": "SOM",
  "rank": 2,
  "taken": "KNO"
 },
 "model": "ta.coursepreference",
 "pk": 52
},
{
 "fields": {
  "app": 11,
  "course": 7,
  "exper": "SOM",
  "rank": 3,
  "taken": "NO"
 },
 "model": "ta.coursepreference",
 "pk": 53
},
{
 "fields": {
  "app": 11,
  "course": 2,
  "exper": "FAM",
  "rank": 4,
  "taken": "NO"
 },
 "model": "ta.coursepreference",
 "pk": 54
},
{
 "fields": {
  "app": 11,
  "course": 2,
  "exper": "SOM",
  "rank": 5,
  "taken": "SIM"
 },
 "model": "ta.coursepreference",
 "pk": 55
},
{
 "fields": {
  "app": 12,
  "course": 2,
  "exper": "FAM",
  "rank": 1,
  "taken": "NO"
 },
 "model": "ta.coursepreference",
 "pk": 56
},
{
 "fields": {
  "app": 12,
  "course": 3,
  "exper": "NOT",
  "rank": 2,
  "taken": "YES"
 },
 "model": "ta.coursepreference",
 "pk": 57
},
{
 "fields": {
  "app": 12,
  "course": 3,
  "exper": "FAM",
  "rank": 3,
  "taken": "SIM"
 },
 "model": "ta.coursepreference",
 "pk": 58
},
{
 "fields": {
  "app": 12,
  "course": 2,
  "exper": "NOT",
  "rank": 4,
  "taken": "NO"
 },
 "model": "ta.coursepreference",
 "pk": 59
},
{
 "fields": {
  "app": 12,
  "course": 7,
  "exper": "SOM",
  "rank": 5,
  "taken": "SIM"
 },
 "model": "ta.coursepreference",
 "pk": 60
},
{
 "fields": {
  "app": 13,
  "course": 3,
  "exper": "SOM",
  "rank": 1,
  "taken": "YES"
 },
 "model": "ta.coursepreference",
 "pk": 61
},
{
 "fields": {
  "app": 13,
  "course": 7,
  "exper": "NOT",
  "rank": 2,
  "taken": "SIM"
 },
 "model": "ta.coursepreference",
 "pk": 62
},
{
 "fields": {
  "app": 13,
  "course": 4,
  "exper": "NOT",
  "rank": 3,
  "taken": "SIM"
 },
 "model": "ta.coursepreference",
 "pk": 63
},
{
 "fields": {
  "app": 13,
  "course": 2,
  "exper": "FAM",
  "rank": 4,
  "taken": "SIM"
 },
 "model": "ta.coursepreference",
 "pk": 64
},
{
 "fields": {
  "app": 13,
  "course": 1,
  "exper": "SOM",
  "rank": 5,
  "taken": "YES"
 },
 "model": "ta.coursepreference",
 "pk": 65
},
{
 "fields": {
  "app": 14,
  "course": 4,
  "exper": "NOT",
  "rank": 1,
  "taken": "YES"
 },
 "model": "ta.coursepreference",
 "pk": 66
},
{
 "fields": {
  "app": 14,
  "course": 3,
  "exper": "FAM",
  "rank": 2,
  "taken": "NO"
 },
 "model": "ta.coursepreference",
 "pk": 67
},
{
 "fields": {
  "app": 14,
  "course": 2,
  "exper": "SOM",
  "rank": 3,
  "taken": "KNO"
 },
 "model": "ta.coursepreference",
 "pk": 68
},
{
 "fields": {
  "app": 14,
  "course": 3,
  "exper": "SOM",
  "rank": 4,
  "taken": "SIM"
 },
 "model": "ta.coursepreference",
 "pk": 69
},
{
 "fields": {
  "app": 14,
  "course": 3,
  "exper": "FAM",
  "rank": 5,
  "taken": "SIM"
 },
 "model": "ta.coursepreference",
 "pk": 70
},
{
 "fields": {
  "app": 15,
  "course": 2,
  "exper": "SOM",
  "rank": 1,
  "taken": "YES"
 },
 "model": "ta.coursepreference",
 "pk": 71
},
{
 "fields": {
  "app": 15,
  "course": 7,
  "exper": "FAM",
  "rank": 2,
  "taken": "YES"
 },
 "model": "ta.coursepreference",
 "pk": 72
},
{
 "fields": {
  "app": 15,
  "course": 3,
  "exper": "NOT",
  "rank": 3,
  "taken": "KNO"
 },
 "model": "ta.coursepreference",
 "pk": 73
},
{
 "fields": {
  "app": 15,
  "course": 1,
  "exper": "NOT",
  "rank": 4,
  "taken": "YES"
 },
 "model": "ta.coursepreference",
 "pk": 74
},
{
 "fields": {
  "app": 15,
  "course": 2,
  "exper": "NOT",
  "rank": 5,
  "taken": "KNO"
 },
 "model": "ta.coursepreference",
 "pk": 75
},
{
 "fields": {
  "app": 16,
  "course": 2,
  "exper": "FAM",
  "rank": 1,
  "taken": "NO"
 },
 "model": "ta.coursepreference",
 "pk": 76
},
{
 "fields": {
  "app": 16,
  "course": 2,
  "exper": "NOT",
  "rank": 2,
  "taken": "SIM"
 },
 "model": "ta.coursepreference",
 "pk": 77
},
{
 "fields": {
  "app": 16,
  "course": 1,
  "exper": "NOT",
  "rank": 3,
  "taken": "SIM"
 },
 "model": "ta.coursepreference",
 "pk": 78
},
{
 "fields": {
  "app": 16,
  "course": 3,
  "exper": "NOT",
  "rank": 4,
  "taken": "NO"
 },
 "model": "ta.coursepreference",
 "pk": 79
},
{
 "fields": {
  "app": 16,
  "course": 7,
  "exper": "SOM",
  "rank": 5,
  "taken": "NO"
 },
 "model": "ta.coursepreference",
 "pk": 80
},
{
 "fields": {
  "app": 17,
  "course": 3,
  "exper": "SOM",
  "rank": 1,
  "taken": "NO"
 },
 "model": "ta.coursepreference",
 "pk": 81
},
{
 "fields": {
  "app": 17,
  "course": 2,
  "exper": "NOT",
  "rank": 2,
  "taken": "KNO"
 },
 "model": "ta.coursepreference",
 "pk": 82
},
{
 "fields": {
  "app": 17,
  "course": 2,
  "exper": "SOM",
  "rank": 3,
  "taken": "YES"
 },
 "model": "ta.coursepreference",
 "pk": 83
},
{
 "fields": {
  "app": 17,
  "course": 3,
  "exper": "SOM",
  "rank": 4,
  "taken": "NO"
 },
 "model": "ta.coursepreference",
 "pk": 84
},
{
 "fields": {
  "app": 17,
  "course": 1,
  "exper": "SOM",
  "rank": 5,
  "taken": "SIM"
 },
 "model": "ta.coursepreference",
 "pk": 85
},
{
 "fields": {
  "app": 18,
  "course": 3,
  "exper": "SOM",
  "rank": 1,
  "taken": "YES"
 },
 "model": "ta.coursepreference",
 "pk": 86
},
{
 "fields": {
  "app": 18,
  "course": 2,
  "exper": "FAM",
  "rank": 2,
  "taken": "SIM"
 },
 "model": "ta.coursepreference",
 "pk": 87
},
{
 "fields": {
  "app": 18,
  "course": 3,
  "exper": "NOT",
  "rank": 3,
  "taken": "KNO"
 },
 "model": "ta.coursepreference",
 "pk": 88
},
{
 "fields": {
  "app": 18,
  "course": 2,
  "exper": "FAM",
  "rank": 4,
  "taken": "KNO"
 },
 "model": "ta.coursepreference",
 "pk": 89
},
{
 "fields": {
  "app": 18,
  "course": 4,
  "exper": "FAM",
  "rank": 5,
  "taken": "NO"
 },
 "model": "ta.coursepreference",
 "pk": 90
},
{
 "fields": {
  "app": 19,
  "course": 1,
  "exper": "FAM",
  "rank": 1,
  "taken": "NO"
 },
 "model": "ta.coursepreference",
 "pk": 91
},
{
 "fields": {
  "app": 19,
  "course": 7,
  "exper": "FAM",
  "rank": 2,
  "taken": "SIM"
 },
 "model": "ta.coursepreference",
 "pk": 92
},
{
 "fields": {
  "app": 19,
  "course": 3,
  "exper": "FAM",
  "rank": 3,
  "taken": "KNO"
 },
 "model": "ta.coursepreference",
 "pk": 93
},
{
 "fields": {
  "app": 19,
  "course": 2,
  "exper": "SOM",
  "rank": 4,
  "taken": "KNO"
 },
 "model": "ta.coursepreference",
 "pk": 94
},
{
 "fields": {
  "app": 19,
  "course": 2,
  "exper": "FAM",
  "rank": 5,
  "taken": "KNO"
 },
 "model": "ta.coursepreference",
 "pk": 95
},
{
 "fields": {
  "app": 20,
  "course": 3,
  "exper": "NOT",
  "rank": 1,
  "taken": "YES"
 },
 "model": "ta.coursepreference",
 "pk": 96
},
{
 "fields": {
  "app": 20,
  "course": 2,
  "exper": "SOM",
  "rank": 2,
  "taken": "NO"
 },
 "model": "ta.coursepreference",
 "pk": 97
},
{
 "fields": {
  "app": 20,
  "course": 1,
  "exper": "NOT",
  "rank": 3,
  "taken": "YES"
 },
 "model": "ta.coursepreference",
 "pk": 98
},
{
 "fields": {
  "app": 20,
  "course": 3,
  "exper": "NOT",
  "rank": 4,
  "taken": "NO"
 },
 "model": "ta.coursepreference",
 "pk": 99
},
{
 "fields": {
  "app": 20,
  "course": 4,
  "exper": "SOM",
  "rank": 5,
  "taken": "NO"
 },
 "model": "ta.coursepreference",
 "pk": 100
},
{
 "fields": {
  "application": 2,
  "appointment_end": "2019-12-02",
  "appointment_start": "2019-09-03",
  "appt": "INIT",
  "appt_category": "GTA2",
  "appt_cond": false,
  "appt_tssu": true,
  "created_at": "2019-05-13T15:27:58.250",
  "created_by": "",
  "deadline": "2019-08-24",
  "pay_end": "2019-12-02",
  "pay_per_bu": "972.00",
  "pay_start": "2019-09-03",
  "position_number": 2,
  "posting": 1,
  "remarks": "",
  "scholarship_per_bu": "340.00",
  "sin": "123456789",
  "status": "OPN",
  "updated_at": "2019-05-13T15:27:58.250"
 },
 "model": "ta.tacontract",
 "pk": 1
},
{
 "fields": {
  "application": 4,
  "appointment_end": "2019-12-02",
  "appointment_start": "2019-09-03",
  "appt": "INIT",
  "appt_category": "GTA2",
  "appt_cond": false,
  "appt_tssu": true,
  "created_at": "2019-05-13T15:27:58.467",
  "created_by": "",
  "deadline": "2019-08-24",
  "pay_end": "2019-12-02",
  "pay_per_bu": "972.00",
  "pay_start": "2019-09-03",
  "position_number": 2,
  "posting": 1,
  "remarks": "",
  "scholarship_per_bu": "340.00",
  "sin": "123456789",
  "status": "NEW",
  "updated_at": "2019-05-13T15:27:58.467"
 },
 "model": "ta.tacontract",
 "pk": 2
},
{
 "fields": {
  "application": 5,
  "appointment_end": "2019-12-02",
  "appointment_start": "2019-09-03",
  "appt": "INIT",
  "appt_category": "GTA1",
  "appt_cond": false,
  "appt_tssu": true,
  "created_at": "2019-05-13T15:27:58.588",
  "created_by": "",
  "deadline": "2019-08-24",
  "pay_end": "2019-12-02",
  "pay_per_bu": "972.00",
  "pay_start": "2019-09-03",
  "position_number": 1,
  "posting": 1,
  "remarks": "",
  "scholarship_per_bu": "135.00",
  "sin": "123456789",
  "status": "OPN",
  "updated_at": "2019-05-13T15:27:58.588"
 },
 "model": "ta.tacontract",
 "pk": 3
},
{
 "fields": {
  "application": 6,
  "appointment_end": "2019-12-02",
  "appointment_start": "2019-09-03",
  "appt": "INIT",
  "appt_category": "GTA1",
  "appt_cond": false,
  "appt_tssu": true,
  "created_at": "2019-05-13T15:27:58.699",
  "created_by": "",
  "deadline": "2019-08-24",
  "pay_end": "2019-12-02",
  "pay_per_bu": "972.00",
  "pay_start": "2019-09-03",
  "position_number": 1,
  "posting": 1,
  "remarks": "",
  "scholarship_per_bu": "135.00",
  "sin": "123456789",
  "status": "ACC",
  "updated_at": "2019-05-13T15:27:58.699"
 },
 "model": "ta.tacontract",
 "pk": 4
},
{
 "fields": {
  "application": 7,
  "appointment_end": "2019-12-02",
  "appointment_start": "2019-09-03",
  "appt": "INIT",
  "appt_category": "GTA1",
  "appt_cond": false,
  "appt_tssu": true,
  "created_at": "2019-05-13T15:27:58.806",
  "created_by": "",
  "deadline": "2019-08-24",
  "pay_end": "2019-12-02",
  "pay_per_bu": "972.00",
  "pay_start": "2019-09-03",
  "position_number": 1,
  "posting": 1,
  "remarks": "",
  "scholarship_per_bu": "135.00",
  "sin": "123456789",
  "status": "ACC",
  "updated_at": "2019-05-13T15:27:58.806"
 },
 "model": "ta.tacontract",
 "pk": 5
},
{
 "fields": {
  "application": 8,
  "appointment_end": "2019-12-02",
  "appointment_start": "2019-09-03",
  "appt": "INIT",
  "appt_category": "GTA2",
  "appt_cond": false,
  "appt_tssu": true,
  "created_at": "2019-05-13T15:27:58.954",
  "created_by": "",
  "deadline": "2019-08-24",
  "pay_end": "2019-12-02",
  "pay_per_bu": "972.00",
  "pay_start": "2019-09-03",
  "position_number": 2,
  "posting": 1,
  "remarks": "",
  "scholarship_per_bu": "340.00",
  "sin": "123456789",
  "status": "OPN",
  "updated_at": "2019-05-13T15:27:58.954"
 },
 "model": "ta.tacontract",
 "pk": 6
},
{
 "fields": {
  "application": 9,
  "appointment_end": "2019-12-02",
  "appointment_start": "2019-09-03",
  "appt": "INIT",
  "appt_category": "GTA1",
  "appt_cond": false,
  "appt_tssu": true,
  "created_at": "2019-05-13T15:27:59.089",
  "created_by": "",
  "deadline": "2019-08-24",
  "pay_end": "2019-12-02",
  "pay_per_bu": "972.00",
  "pay_start": "2019-09-03",
  "position_number": 1,
  "posting": 1,
  "remarks": "",
  "scholarship_per_bu": "135.00",
  "sin": "123456789",
  "status": "OPN",
  "updated_at": "2019-05-13T15:27:59.089"
 },
 "model": "ta.tacontract",
 "pk": 7
},
{
 "fields": {
  "application": 10,
  "appointment_end": "2019-12-02",
  "appointment_start": "2019-09-03",
  "appt": "INIT",
  "appt_category": "GTA2",
  "appt_cond": false,
  "appt_tssu": true,
  "created_at": "2019-05-13T15:27:59.242",
  "created_by": "",
  "deadline": "2019-08-24",
  "pay_end": "2019-12-02",
  "pay_per_bu": "972.00",
  "pay_start": "2019-09-03",
  "position_number": 2,
  "posting": 1,
  "remarks": "",
  "scholarship_per_bu": "340.00",
  "sin": "123456789",
  "status": "NEW",
  "updated_at": "2019-05-13T15:27:59.242"
 },
 "model": "ta.tacontract",
 "pk": 8
},
{
 "fields": {
  "application": 11,
  "appointment_end": "2019-12-02",
  "appointment_start": "2019-09-03",
  "appt": "INIT",
  "appt_category": "GTA1",
  "appt_cond": false,
  "appt_tssu": true,
  "created_at": "2019-05-13T15:27:59.354",
  "created_by": "",
  "deadline": "2019-08-24",
  "pay_end": "2019-12-02",
  "pay_per_bu": "972.00",
  "pay_start": "2019-09-03",
  "position_number": 1,
  "posting": 1,
  "remarks": "",
  "scholarship_per_bu": "135.00",
  "sin": "123456789",
  "status": "NEW",
  "updated_at": "2019-05-13T15:27:59.354"
 },
 "model": "ta.tacontract",
 "pk": 9
},
{
 "fields": {
  "application": 15,
  "appointment_end": "2019-12-02",
  "appointment_start": "2019-09-03",
  "appt": "INIT",
  "appt_category": "GTA1",
  "appt_cond": false,
  "appt_tssu": true,
  "created_at": "2019-05-13T15:27:59.689",
  "created_by": "",
  "deadline": "2019-08-24",
  "pay_end": "2019-12-02",
  "pay_per_bu": "972.00",
  "pay_start": "2019-09-03",
  "position_number": 1,
  "posting": 1,
  "remarks": "",
  "scholarship_per_bu": "135.00",
  "sin": "123456789",
  "status": "NEW",
  "updated_at": "2019-05-13T15:27:59.689"
 },
 "model": "ta.tacontract",
 "pk": 10
},
{
 "fields": {
  "application": 16,
  "appointment_end": "2019-12-02",
  "appointment_start": "2019-09-03",
  "appt": "INIT",
  "appt_category": "GTA2",
  "appt_cond": false,
  "appt_tssu": true,
  "created_at": "2019-05-13T15:27:59.794",
  "created_by": "",
  "deadline": "2019-08-24",
  "pay_end": "2019-12-02",
  "pay_per_bu": "972.00",
  "pay_start": "2019-09-03",
  "position_number": 2,
  "posting": 1,
  "remarks": "",
  "scholarship_per_bu": "340.00",
  "sin": "123456789",
  "status": "ACC",
  "updated_at": "2019-05-13T15:27:59.794"
 },
 "model": "ta.tacontract",
 "pk": 11
},
{
 "fields": {
  "application": 17,
  "appointment_end": "2019-12-02",
  "appointment_start": "2019-09-03",
  "appt": "INIT",
  "appt_category": "GTA2",
  "appt_cond": false,
  "appt_tssu": true,
  "created_at": "2019-05-13T15:27:59.900",
  "created_by": "",
  "deadline": "2019-08-24",
  "pay_end": "2019-12-02",
  "pay_per_bu": "972.00",
  "pay_start": "2019-09-03",
  "position_number": 2,
  "posting": 1,
  "remarks": "",
  "scholarship_per_bu": "340.00",
  "sin": "123456789",
  "status": "OPN",
  "updated_at": "2019-05-13T15:27:59.900"
 },
 "model": "ta.tacontract",
 "pk": 12
},
{
 "fields": {
  "application": 18,
  "appointment_end": "2019-12-02",
  "appointment_start": "2019-09-03",
  "appt": "INIT",
  "appt_category": "GTA2",
  "appt_cond": false,
  "appt_tssu": true,
  "created_at": "2019-05-13T15:28:00.058",
  "created_by": "",
  "deadline": "2019-08-24",
  "pay_end": "2019-12-02",
  "pay_per_bu": "972.00",
  "pay_start": "2019-09-03",
  "position_number": 2,
  "posting": 1,
  "remarks": "",
  "scholarship_per_bu": "340.00",
  "sin": "123456789",
  "status": "OPN",
  "updated_at": "2019-05-13T15:28:00.058"
 },
 "model": "ta.tacontract",
 "pk": 13
},
{
 "fields": {
  "bu": "4.00",
  "contract": 1,
  "course": 9,
  "description": 1
 },
 "model": "ta.tacourse",
 "pk": 1
},
{
 "fields": {
  "bu": "4.00",
  "contract": 1,
  "course": 14,
  "description": 1
 },
 "model": "ta.tacourse",
 "pk": 2
},
{
 "fields": {
  "bu": "3.00",
  "contract": 2,
  "course": 14,
  "description": 1
 },
 "model": "ta.tacourse",
 "pk": 3
},
{
 "fields": {
  "bu": "5.00",
  "contract": 3,
  "course": 10,
  "description": 1
 },
 "model": "ta.tacourse",
 "pk": 4
},
{
 "fields": {
  "bu": "5.00",
  "contract": 4,
  "course": 9,
  "description": 1
 },
 "model": "ta.tacourse",
 "pk": 5
},
{
 "fields": {
  "bu": "4.00",
  "contract": 5,
  "course": 17,
  "description": 1
 },
 "model": "ta.tacourse",
 "pk": 6
},
{
 "fields": {
  "bu": "4.00",
  "contract": 5,
  "course": 10,
  "description": 1
 },
 "model": "ta.tacourse",
 "pk": 7
},
{
 "fields": {
  "bu": "5.00",
  "contract": 6,
  "course": 16,
  "description": 1
 },
 "model": "ta.tacourse",
 "pk": 8
},
{
 "fields": {
  "bu": "5.00",
  "contract": 6,
  "course": 11,
  "description": 1
 },
 "model": "ta.tacourse",
 "pk": 9
},
{
 "fields": {
  "bu": "3.00",
  "contract": 7,
  "course": 16,
  "description": 1
 },
 "model": "ta.tacourse",
 "pk": 10
},
{
 "fields": {
  "bu": "4.00",
  "contract": 8,
  "course": 13,
  "description": 1
 },
 "model": "ta.tacourse",
 "pk": 11
},
{
 "fields": {
  "bu": "5.00",
  "contract": 9,
  "course": 11,
  "description": 1
 },
 "model": "ta.tacourse",
 "pk": 12
},
{
 "fields": {
  "bu": "4.00",
  "contract": 10,
  "course": 17,
  "description": 1
 },
 "model": "ta.tacourse",
 "pk": 13
},
{
 "fields": {
  "bu": "3.00",
  "contract": 11,
  "course": 12,
  "description": 1
 },
 "model": "ta.tacourse",
 "pk": 14
},
{
 "fields": {
  "bu": "3.00",
  "contract": 12,
  "course": 10,
  "description": 1
 },
 "model": "ta.tacourse",
 "pk": 15
},
{
 "fields": {
  "bu": "4.00",
  "contract": 13,
  "course": 17,
  "description": 1
 },
 "model": "ta.tacourse",
 "pk": 16
},
{
 "fields": {
  "bu": "4.00",
  "contract": 13,
  "course": 12,
  "description": 1
 },
 "model": "ta.tacourse",
 "pk": 17
}
]
